customer_id,churn_probability,churn_risk,ltv,customer_segment,retention_priority_score,retention_priority
1751-NCDLI,0.86,High Risk,4547.099999999999,High Value At Risk,72.87,High
5440-VHLUL,0.45,Medium Risk,7258.8,VIP Customer,60.96,High
6173-GOLSU,0.51,Medium Risk,6341.55,VIP Customer,60.27,High
2439-LYPMQ,0.7,High Risk,3898.8,High Value At Risk,60.24,High
8375-DKEBR,0.975,High Risk,69.6,Churn Risk,58.83,High
8161-QYMTT,0.925,High Risk,658.6999999999999,Churn Risk,58.58,High
5542-TBBWB,0.97,High Risk,69.9,Churn Risk,58.53,High
9804-ICWBG,0.97,High Risk,69.9,Churn Risk,58.53,High
2452-KDRRH,0.435,Medium Risk,6793.8,VIP Customer,57.88,High
7278-CKDNC,0.81,High Risk,1932.0,Churn Risk,57.64,High
8739-WWKDU,0.78,High Risk,2237.5,Churn Risk,57.27,High
7056-IMHCC,0.53,Medium Risk,5400.700000000001,High Value Customer,57.07,High
1820-TQVEV,0.945,High Risk,69.55,Churn Risk,57.03,High
3320-VEOYC,0.84,High Risk,1338.4,Churn Risk,56.66,High
6861-XWTWQ,0.885,High Risk,694.75,Churn Risk,56.35,High
2545-EBUPK,0.925,High Risk,168.1,Churn Risk,56.29,High
2665-NPTGL,0.735,High Risk,2550.6,Churn Risk,56.03,High
0655-RBDUG,0.88,High Risk,686.35,Churn Risk,56.01,High
6543-XRMYR,0.7,High Risk,2991.0,Churn Risk,55.99,High
1069-XAIEM,0.925,High Risk,85.05,Churn Risk,55.9,High
9248-OJYKK,0.925,High Risk,76.45,Churn Risk,55.86,High
3716-BDVDB,0.925,High Risk,69.1,Churn Risk,55.82,High
0295-PPHDO,0.92,High Risk,95.45,Churn Risk,55.65,High
8884-ADFVN,0.87,High Risk,713.65,Churn Risk,55.54,High
1143-NMNQJ,0.905,High Risk,171.4,Churn Risk,55.1,High
6377-WHAOX,0.42,Medium Risk,6369.0,VIP Customer,55.0,High
2514-GINMM,0.91,High Risk,79.5,Churn Risk,54.97,High
8258-GSTJK,0.895,High Risk,231.0,Churn Risk,54.78,High
8245-UMPYT,0.79,High Risk,1542.4,Churn Risk,54.62,High
2737-YNGYW,0.89,High Risk,161.1,Churn Risk,54.15,High
2800-QQUSO,0.57,Medium Risk,4212.599999999999,High Value Customer,53.91,High
9057-SIHCH,0.875,High Risk,289.79999999999995,Churn Risk,53.86,High
6651-AZVTJ,0.515,Medium Risk,4890.2,High Value Customer,53.78,High
2867-UIMSS,0.89,High Risk,80.5,Churn Risk,53.78,High
8709-KRDVL,0.635,Medium Risk,3300.0,High Value Customer,53.54,High
6328-ZPBGN,0.81,High Risk,1046.65,Churn Risk,53.5,High
7249-WBIYX,0.825,High Risk,856.0,Churn Risk,53.5,High
4415-IJZTP,0.885,High Risk,74.5,Churn Risk,53.45,High
8380-PEFPE,0.885,High Risk,71.65,Churn Risk,53.44,High
4735-ASGMA,0.69,Medium Risk,2557.1,Monitor,53.36,High
4817-VYYWS,0.65,Medium Risk,3006.0,High Value Customer,53.06,High
6899-PPEEA,0.605,Medium Risk,3572.35,High Value Customer,53.01,High
0841-NULXI,0.88,High Risk,35.55,Churn Risk,52.97,High
9221-OTIVJ,0.765,High Risk,1467.9,Churn Risk,52.77,High
5331-RGMTT,0.46,Medium Risk,5348.7,High Value Customer,52.62,High
1833-TCXKK,0.495,Medium Risk,4848.75,High Value Customer,52.38,High
4090-KPJIP,0.855,High Risk,224.85,Churn Risk,52.35,High
5178-LMXOP,0.865,High Risk,95.1,Churn Risk,52.34,High
2609-IAICY,0.865,High Risk,77.15,Churn Risk,52.26,High
6023-YEBUP,0.845,High Risk,302.85,Churn Risk,52.12,High
4750-ZRXIU,0.84,High Risk,338.4,Churn Risk,51.98,High
8593-WHYHV,0.84,High Risk,255.9,Churn Risk,51.6,High
6979-ZNSFF,0.805,High Risk,696.4,Churn Risk,51.56,High
7134-MJPDY,0.33,Low Risk,6788.099999999999,VIP Customer,51.56,High
4713-LZDRV,0.845,High Risk,159.2,Churn Risk,51.44,High
5196-SGOAK,0.85,High Risk,75.7,Churn Risk,51.35,High
4587-VVTOX,0.805,High Risk,631.8,Churn Risk,51.26,High
2034-GDRCN,0.84,High Risk,180.8,Churn Risk,51.25,High
1240-KNSEZ,0.8525,High Risk,20.1,Churn Risk,51.24,High
6821-BUXUX,0.755,High Risk,1256.45,Churn Risk,51.18,High
7180-PISOG,0.845,High Risk,74.5,Churn Risk,51.05,High
2865-TCHJW,0.82,High Risk,356.8,Churn Risk,50.87,High
5380-WJKOV,0.565,Medium Risk,3615.9,High Value Customer,50.82,High
8397-MVTAZ,0.58,Medium Risk,3401.7,High Value Customer,50.71,High
2959-MJHIC,0.82,High Risk,321.4,Churn Risk,50.7,High
8752-STIVR,0.82,High Risk,316.0,Churn Risk,50.68,High
3672-YITQD,0.605,Medium Risk,3027.6,High Value Customer,50.46,High
1768-ZAIFU,0.835,High Risk,25.2,Churn Risk,50.22,High
2254-DLXRI,0.825,High Risk,79.15,Churn Risk,49.87,Medium
1853-UDXBW,0.825,High Risk,70.0,Churn Risk,49.83,Medium
2985-FMWYF,0.66,Medium Risk,2150.5,Monitor,49.66,Medium
6856-RAURS,0.8142,High Risk,149.8,Churn Risk,49.55,Medium
6857-VWJDT,0.8170999999999999,High Risk,95.65,Churn Risk,49.47,Medium
3707-GNWHM,0.8175,High Risk,74.25,Churn Risk,49.4,Medium
5382-SOYZL,0.66,Medium Risk,2092.2,Monitor,49.39,Medium
6661-HBGWL,0.48,Medium Risk,4399.5,High Value Customer,49.38,Medium
5628-FCGYG,0.685,Medium Risk,1766.1,Monitor,49.36,Medium
6969-MVBAI,0.755,High Risk,810.9,Churn Risk,49.09,Medium
8622-ZLFKO,0.775,High Risk,544.5,Churn Risk,49.05,Medium
7130-VTEWQ,0.77,High Risk,606.0,Churn Risk,49.04,Medium
8785-CJSHH,0.35,Low Risk,5988.0,High Value Customer,49.01,Medium
4342-HENTK,0.805,High Risk,141.3,Churn Risk,48.96,Medium
1035-IPQPU,0.305,Low Risk,6520.5,VIP Customer,48.81,Medium
2277-DJJDL,0.35,Low Risk,5940.0,High Value Customer,48.79,Medium
8739-XNIKG,0.78,High Risk,420.0,Churn Risk,48.76,Medium
1320-HTRDR,0.795,High Risk,226.5,Churn Risk,48.76,Medium
1587-FKLZB,0.3,Low Risk,6567.0,VIP Customer,48.72,Medium
6230-BSUXY,0.805,High Risk,85.0,Churn Risk,48.7,Medium
6372-RFVNS,0.805,High Risk,78.8,Churn Risk,48.67,Medium
6630-UJZMY,0.785,High Risk,333.0,Churn Risk,48.66,Medium
3422-LYEPQ,0.805,High Risk,71.0,Churn Risk,48.63,Medium
3585-ISXZP,0.75,High Risk,765.2,Churn Risk,48.58,Medium
4301-VVZKA,0.715,High Risk,1206.4,Churn Risk,48.54,Medium
7273-TEFQD,0.795,High Risk,123.45,Churn Risk,48.28,Medium
4445-ZJNMU,0.735,High Risk,893.6999999999999,Churn Risk,48.28,Medium
4927-WWOOZ,0.79,High Risk,182.9,Churn Risk,48.26,Medium
8443-ZRDBZ,0.78,High Risk,304.2,Churn Risk,48.22,Medium
6710-HSJRD,0.26,Low Risk,6960.099999999999,VIP Customer,48.16,Medium
0376-YMCJC,0.64,Medium Risk,2083.8,Monitor,48.15,Medium
1628-BIZYP,0.795,High Risk,85.0,Churn Risk,48.1,Medium
0576-WNXXC,0.6,Medium Risk,2579.85,Monitor,48.07,Medium
3006-XIMLN,0.785,High Risk,188.4,Churn Risk,47.98,Medium
5167-ZFFMM,0.79,High Risk,90.85,Churn Risk,47.83,Medium
2202-CUYXZ,0.79,High Risk,84.85,Churn Risk,47.8,Medium
9611-CTWIH,0.775,High Risk,268.35,Churn Risk,47.76,Medium
7952-OBOYL,0.775,High Risk,269.54999999999995,Churn Risk,47.76,Medium
3756-VNWDH,0.285,Low Risk,6548.75,VIP Customer,47.74,Medium
2845-HSJCY,0.7,High Risk,1221.5,Churn Risk,47.71,Medium
4229-CZMLL,0.76,High Risk,449.4,Churn Risk,47.7,Medium
2307-FYNNL,0.24,Low Risk,7088.25,VIP Customer,47.56,Medium
7198-GLXTC,0.78,High Risk,158.0,Churn Risk,47.54,Medium
0471-ARVMX,0.285,Low Risk,6500.7,VIP Customer,47.51,Medium
9334-GWGOW,0.75,High Risk,523.9499999999999,Churn Risk,47.45,Medium
8058-DMYRU,0.41,Medium Risk,4862.7,High Value Customer,47.35,Medium
7817-BOQPW,0.775,High Risk,151.1,Churn Risk,47.21,Medium
5698-BQJOH,0.72,High Risk,849.6,Churn Risk,47.17,Medium
2027-FECZV,0.685,Medium Risk,1280.4,Monitor,47.09,Medium
3729-OWRVL,0.225,Low Risk,7172.75,VIP Customer,47.06,Medium
8083-YTZES,0.76,High Risk,297.4,Churn Risk,46.99,Medium
4873-ILOLJ,0.61,Medium Risk,2168.4,Monitor,46.74,Medium
0531-ZZJWQ,0.46,Medium Risk,4070.0,High Value Customer,46.64,Medium
1444-VVSGW,0.145,Low Risk,8095.5,VIP Customer,46.57,Medium
9507-EXLTT,0.77,High Risk,79.35,Churn Risk,46.57,Medium
8696-JKZNU,0.555,Medium Risk,2821.25,Monitor,46.5,Medium
1400-MMYXY,0.75,High Risk,317.70000000000005,Churn Risk,46.49,Medium
7036-TYDEC,0.215,Low Risk,7176.0,VIP Customer,46.47,Medium
3722-WPXTK,0.765,High Risk,88.35,Churn Risk,46.31,Medium
2077-MPJQO,0.73,High Risk,527.8000000000001,Churn Risk,46.27,Medium
3339-EAQNV,0.225,Low Risk,7002.0,VIP Customer,46.26,Medium
0390-DCFDQ,0.765,High Risk,70.45,Churn Risk,46.23,Medium
5186-SAMNZ,0.765,High Risk,69.5,Churn Risk,46.23,Medium
1867-BDVFH,0.705,High Risk,817.8499999999999,Churn Risk,46.13,Medium
3976-NLDEZ,0.7670999999999999,High Risk,20.6,Churn Risk,46.12,Medium
8873-GLDMH,0.7342,High Risk,443.1,Churn Risk,46.12,Medium
1357-BIJKI,0.385,Low Risk,4912.5,High Value Customer,46.08,Medium
5144-TVGLP,0.485,Medium Risk,3600.5,High Value Customer,45.94,Medium
7572-KPVKK,0.26,Low Risk,6451.099999999999,VIP Customer,45.78,Medium
3519-ZKXGG,0.745,High Risk,227.55,Churn Risk,45.76,Medium
2386-OWURY,0.33,Low Risk,5527.4,High Value Customer,45.66,Medium
7363-QTBIW,0.705,High Risk,717.75,Churn Risk,45.66,Medium
0679-IDSTG,0.755,High Risk,69.25,Churn Risk,45.62,Medium
6892-XPFPU,0.565,Medium Risk,2502.0,Monitor,45.61,Medium
2798-NYLMZ,0.155,Low Risk,7707.05,VIP Customer,45.36,Medium
8775-ERLNB,0.75,High Risk,74.3,Churn Risk,45.35,Medium
5889-JTMUL,0.385,Low Risk,4752.5,High Value Customer,45.33,Medium
9844-FELAJ,0.165,Low Risk,7553.0,VIP Customer,45.24,Medium
6815-ABQFQ,0.285,Low Risk,6006.0,VIP Customer,45.2,Medium
9878-TNQGW,0.74,High Risk,161.9,Churn Risk,45.16,Medium
0970-ETWGE,0.745,High Risk,89.55,Churn Risk,45.12,Medium
0310-MVLET,0.28,Low Risk,6048.150000000001,VIP Customer,45.1,Medium
6646-QVXLR,0.25,Low Risk,6432.5,VIP Customer,45.09,Medium
5376-DEQCP,0.745,High Risk,70.6,Churn Risk,45.03,Medium
0979-PHULV,0.215,Low Risk,6862.05,VIP Customer,45.0,Medium
5442-BHQNG,0.7367,High Risk,140.7,Churn Risk,44.86,Medium
1980-KXVPM,0.73,High Risk,225.15,Churn Risk,44.85,Medium
7748-UMTRK,0.51,Medium Risk,3039.0,High Value Customer,44.82,Medium
9685-WKZGT,0.665,Medium Risk,1049.3,Monitor,44.81,Medium
3312-UUMZW,0.5,Medium Risk,3163.2,High Value Customer,44.8,Medium
9279-CJEOJ,0.59,Medium Risk,2003.4,Monitor,44.77,Medium
9508-ILZDG,0.49,Medium Risk,3275.9,High Value Customer,44.73,Medium
3677-IYRBF,0.74,High Risk,60.8,Churn Risk,44.68,Medium
5804-HYIEZ,0.165,Low Risk,7423.5,VIP Customer,44.63,Medium
6166-ILMNY,0.7321,High Risk,139.5,Churn Risk,44.58,Medium
2754-SDJRD,0.68,Medium Risk,801.2,Monitor,44.55,Medium
7460-ITWWP,0.44,Medium Risk,3874.5,High Value Customer,44.53,Medium
5360-LJCNJ,0.16,Low Risk,7465.650000000001,VIP Customer,44.53,Medium
0235-KGSLC,0.735,High Risk,85.55,Churn Risk,44.5,Medium
4846-WHAFZ,0.52,Medium Risk,2830.5,Monitor,44.44,Medium
3338-CVVEH,0.65,Medium Risk,1134.6,Monitor,44.31,Medium
8089-UZWLX,0.16,Low Risk,7387.55,VIP Customer,44.16,Medium
8699-ASUFO,0.695,Medium Risk,520.8000000000001,Monitor,44.14,Medium
4937-QPZPO,0.26,Low Risk,6093.900000000001,VIP Customer,44.11,Medium
8938-UMKPI,0.345,Low Risk,5000.8,High Value Customer,44.1,Medium
9351-HXDMR,0.11,Low Risk,7984.8,VIP Customer,43.96,Medium
2659-VXMWZ,0.15,Low Risk,7457.099999999999,VIP Customer,43.89,Medium
5650-YLIBA,0.535,Medium Risk,2515.65,Monitor,43.87,Medium
2025-JKFWI,0.63,Medium Risk,1287.0,Monitor,43.82,Medium
7209-JCUDS,0.655,Medium Risk,949.0,Monitor,43.74,Medium
0871-URUWO,0.625,Medium Risk,1329.25,Monitor,43.72,Medium
4753-PADAS,0.175,Low Risk,7081.900000000001,VIP Customer,43.63,Medium
5159-YFPKQ,0.715,High Risk,151.6,Churn Risk,43.61,Medium
2761-OCIAX,0.715,High Risk,149.4,Churn Risk,43.6,Medium
2252-JHJGE,0.23,Low Risk,6344.0,VIP Customer,43.48,Medium
0422-UXFAP,0.33,Low Risk,5041.349999999999,High Value Customer,43.39,Medium
0665-XHDJU,0.165,Low Risk,7156.8,VIP Customer,43.38,Medium
0616-ATFGB,0.72,High Risk,25.05,Churn Risk,43.32,Medium
0486-HECZI,0.305,Low Risk,5321.25,High Value Customer,43.19,Medium
1936-UAFEH,0.135,Low Risk,7497.0,VIP Customer,43.17,Medium
7067-KSAZT,0.18,Low Risk,6906.25,VIP Customer,43.11,Medium
8033-VCZGH,0.31,Low Risk,5197.5,High Value Customer,42.92,Medium
3324-OIRTO,0.135,Low Risk,7430.150000000001,VIP Customer,42.86,Medium
2495-INZWQ,0.7,High Risk,178.2,Churn Risk,42.83,Medium
4283-FUTGF,0.595,Medium Risk,1517.15,Monitor,42.8,Medium
3030-YDNRM,0.665,Medium Risk,598.8,Monitor,42.7,Medium
7571-YXDAD,0.7,High Risk,149.8,Churn Risk,42.7,Medium
7409-KIUTL,0.705,High Risk,71.0,Churn Risk,42.63,Medium
6559-RAKOZ,0.335,Low Risk,4799.55,High Value Customer,42.55,Medium
4115-NZRKS,0.66,Medium Risk,624.0500000000001,Monitor,42.52,Medium
6080-TCMYC,0.455,Medium Risk,3248.0,High Value Customer,42.5,Medium
7029-RPUAV,0.575,Medium Risk,1707.65,Monitor,42.49,Medium
9747-DDZOS,0.7021999999999999,High Risk,73.5,Churn Risk,42.48,Medium
0899-LIIBW,0.44,Medium Risk,3428.9,High Value Customer,42.44,Medium
2522-AHJXR,0.195,Low Risk,6567.0,VIP Customer,42.42,Medium
5966-EMAZU,0.165,Low Risk,6944.0,VIP Customer,42.39,Medium
4512-ZUIYL,0.6954,Medium Risk,140.0,Monitor,42.38,Medium
3721-CNEYS,0.695,Medium Risk,141.9,Monitor,42.36,Medium
0164-APGRB,0.06,Low Risk,8272.800000000001,VIP Customer,42.3,Medium
5281-BUZGT,0.45,Medium Risk,3270.6,High Value Customer,42.3,Medium
7005-CCBKV,0.665,Medium Risk,506.4,Monitor,42.27,Medium
9715-WZCLW,0.165,Low Risk,6901.2,VIP Customer,42.19,Medium
3524-WQDSG,0.37,Low Risk,4269.9,High Value Customer,42.18,Medium
7181-BQYBV,0.695,Medium Risk,102.45,Monitor,42.18,Medium
9278-VZKCD,0.26,Low Risk,5673.2,High Value Customer,42.14,Medium
1360-JYXKQ,0.285,Low Risk,5351.4,High Value Customer,42.14,Medium
3923-CSIHK,0.425,Medium Risk,3552.5,High Value Customer,42.12,Medium
3199-XGZCY,0.65,Medium Risk,602.0,Monitor,41.82,Medium
8433-WPJTV,0.17,Low Risk,6753.5,VIP Customer,41.8,Medium
0685-MLYYM,0.685,Medium Risk,141.5,Monitor,41.76,Medium
4419-UJMUS,0.16,Low Risk,6855.15,VIP Customer,41.67,Medium
5373-SFODM,0.455,Medium Risk,3069.0,High Value Customer,41.66,Medium
5501-TVMGM,0.69,Medium Risk,55.25,Monitor,41.66,Medium
0524-IAVZO,0.495,Medium Risk,2550.0,Monitor,41.63,Medium
7861-UVUFT,0.595,Medium Risk,1264.5,Monitor,41.62,Medium
4627-MIHJH,0.1,Low Risk,7607.25,VIP Customer,41.59,Medium
5236-PERKL,0.19,Low Risk,6438.150000000001,VIP Customer,41.52,Medium
7279-BUYWN,0.33,Low Risk,4641.2,High Value Customer,41.51,Medium
6000-APYLU,0.635,Medium Risk,727.1999999999999,Monitor,41.5,Medium
8541-QVFKM,0.645,Medium Risk,588.0,Monitor,41.45,Medium
9128-CPXKI,0.25,Low Risk,5652.2,High Value Customer,41.44,Medium
0963-ZBDRN,0.45,Medium Risk,3078.4,High Value Customer,41.4,Medium
2924-KHUVI,0.25,Low Risk,5630.8,High Value Customer,41.34,Medium
2019-HDCZY,0.185,Low Risk,6463.799999999999,VIP Customer,41.34,Medium
2101-RANCD,0.375,Low Risk,4020.5,High Value Customer,41.31,Medium
4706-AXVKM,0.615,Medium Risk,932.8,Monitor,41.26,Medium
6845-RGTYS,0.325,Low Risk,4641.25,High Value Customer,41.21,Medium
2485-ITVKB,0.68,Medium Risk,70.2,Monitor,41.13,Medium
2368-GAKKQ,0.065,Low Risk,7955.5,VIP Customer,41.12,Medium
0536-ACXIP,0.07,Low Risk,7887.599999999999,VIP Customer,41.1,Medium
2750-BJLSB,0.305,Low Risk,4873.900000000001,High Value Customer,41.1,Medium
1731-TVIUK,0.655,Medium Risk,374.0,Monitor,41.05,Medium
1077-HUUJM,0.645,Medium Risk,497.35,Monitor,41.03,Medium
9079-YEXQJ,0.215,Low Risk,5999.4,High Value Customer,40.97,Medium
7534-BFESC,0.54,Medium Risk,1826.4,Monitor,40.94,Medium
4840-ORQXB,0.225,Low Risk,5866.0,High Value Customer,40.94,Medium
1024-GUALD,0.68,Medium Risk,24.8,Monitor,40.92,Medium
2369-FEVNO,0.6799,Medium Risk,19.9,Monitor,40.89,Medium
5419-CONWX,0.65,Medium Risk,399.2,Monitor,40.87,Medium
9822-WMWVG,0.34,Low Risk,4366.5,High Value Customer,40.83,Medium
9692-TUSXH,0.545,Medium Risk,1728.9,Monitor,40.79,Medium
8818-DOPVL,0.305,Low Risk,4804.7,High Value Customer,40.78,Medium
7251-XFOIL,0.255,Low Risk,5441.2,High Value Customer,40.76,Medium
0106-UGRDO,0.055,Low Risk,8004.0,VIP Customer,40.75,Medium
6608-QQLVK,0.675,Medium Risk,50.5,Monitor,40.74,Medium
5226-NOZFC,0.505,Medium Risk,2229.5,Monitor,40.73,Medium
3766-EJLFL,0.1,Low Risk,7415.4,VIP Customer,40.69,Medium
9054-FOWNV,0.525,Medium Risk,1952.5,Monitor,40.63,Medium
2272-WUSPA,0.055,Low Risk,7974.0,VIP Customer,40.61,Medium
5136-GFPMB,0.3,Low Risk,4827.6,High Value Customer,40.59,Medium
5461-QKNTN,0.36,Low Risk,4054.9,High Value Customer,40.57,Medium
5480-HPRRX,0.67,Medium Risk,75.9,Monitor,40.56,Medium
5052-PNLOS,0.65,Medium Risk,316.04999999999995,Monitor,40.48,Medium
6664-FPDAC,0.185,Low Risk,6269.2,VIP Customer,40.43,Medium
3396-DKDEL,0.045,Low Risk,8060.5,VIP Customer,40.41,Medium
9070-BCKQP,0.055,Low Risk,7930.8,VIP Customer,40.4,Medium
8728-SKJLR,0.435,Medium Risk,3044.25,High Value Customer,40.34,Medium
2480-EJWYP,0.23,Low Risk,5672.4,High Value Customer,40.34,Medium
9907-SWKKF,0.67,Medium Risk,25.05,Monitor,40.32,Medium
9866-OCCKE,0.055,Low Risk,7902.0,VIP Customer,40.27,Medium
1112-CUNAO,0.565,Medium Risk,1347.75,Monitor,40.21,Medium
8015-IHCGW,0.02,Low Risk,8316.0,VIP Customer,40.11,Medium
1016-DJTSV,0.625,Medium Risk,557.6,Monitor,40.11,Medium
8361-LTMKD,0.645,Medium Risk,297.6,Monitor,40.09,Medium
1360-XFJMR,0.095,Low Risk,7349.900000000001,VIP Customer,40.09,Medium
9576-SYUHJ,0.405,Medium Risk,3372.55,High Value Customer,40.08,Medium
6777-TGHTM,0.225,Low Risk,5668.35,High Value Customer,40.02,Medium
4724-WXVWF,0.31,Low Risk,4579.200000000001,High Value Customer,40.02,Medium
7569-NMZYQ,0.0,Low Risk,8550.0,VIP Customer,40.0,Medium
1379-FRVEB,0.56,Medium Risk,1365.0,Monitor,39.99,Medium
8821-XNHVZ,0.66,Medium Risk,80.05,Monitor,39.97,Medium
1448-PWKYE,0.66,Medium Risk,80.0,Monitor,39.97,Medium
3292-PBZEJ,0.57,Medium Risk,1225.4,Monitor,39.93,Medium
6919-ELBGL,0.02,Low Risk,8276.4,VIP Customer,39.92,Medium
3858-VOBET,0.53,Medium Risk,1723.85,Monitor,39.86,Medium
7529-ZDFXI,0.265,Low Risk,5121.45,High Value Customer,39.86,Medium
6734-FQAJX,0.115,Low Risk,7038.349999999999,VIP Customer,39.83,Medium
9924-JPRMC,0.0,Low Risk,8510.4,VIP Customer,39.81,Medium
9298-WGMRW,0.015,Low Risk,8316.0,VIP Customer,39.81,Medium
6270-OMFIW,0.22,Low Risk,5664.0,High Value Customer,39.7,Medium
2889-FPWRM,0.0,Low Risk,8481.6,VIP Customer,39.68,Medium
4983-CLMLV,0.245,Low Risk,5340.400000000001,High Value Customer,39.68,Medium
7410-YTJIK,0.62,Medium Risk,528.15,Monitor,39.67,Medium
6680-WKXRZ,0.6433,Medium Risk,223.2,Monitor,39.64,Medium
3810-DVDQQ,0.0,Low Risk,8467.199999999999,VIP Customer,39.61,Medium
6583-SZVGP,0.255,Low Risk,5188.799999999999,High Value Customer,39.58,Medium
9739-JLPQJ,0.0,Low Risk,8460.0,VIP Customer,39.58,Medium
6376-GAHQE,0.635,Medium Risk,311.4,Monitor,39.56,Medium
4304-TSPVK,0.05,Low Risk,7813.200000000001,VIP Customer,39.55,Medium
4678-DVQEO,0.655,Medium Risk,52.2,Monitor,39.54,Medium
6904-JLBGY,0.0,Low Risk,8449.199999999999,VIP Customer,39.53,Medium
1236-WFCDV,0.56,Medium Risk,1266.3,Monitor,39.52,Medium
9819-FBNSV,0.45,Medium Risk,2673.25,Monitor,39.51,Medium
2293-IJWPS,0.21,Low Risk,5742.75,High Value Customer,39.47,Medium
6650-BWFRT,0.0,Low Risk,8434.800000000001,VIP Customer,39.46,Medium
7359-WWYJV,0.015,Low Risk,8240.4,VIP Customer,39.45,Medium
6507-ZJSUR,0.495,Medium Risk,2080.35,Monitor,39.43,Medium
1110-KYLGQ,0.125,Low Risk,6819.75,VIP Customer,39.41,Medium
8984-HPEMB,0.0,Low Risk,8424.15,VIP Customer,39.41,Medium
5574-NXZIU,0.12,Low Risk,6879.6,VIP Customer,39.39,Medium
9788-HNGUT,0.0,Low Risk,8420.4,VIP Customer,39.39,Medium
1488-PBLJN,0.0,Low Risk,8413.199999999999,VIP Customer,39.36,Medium
0017-IUDMW,0.0,Low Risk,8409.6,VIP Customer,39.34,Medium
3680-CTHUH,0.11,Low Risk,6996.0,VIP Customer,39.33,Medium
9637-CDTKZ,0.015,Low Risk,8215.199999999999,VIP Customer,39.33,Medium
8628-MFKAX,0.0,Low Risk,8406.0,VIP Customer,39.33,Medium
4806-KEXQR,0.63,Medium Risk,319.6,Monitor,39.3,Medium
3567-PQTSO,0.22,Low Risk,5578.25,High Value Customer,39.3,Medium
2388-LAESQ,0.01,Low Risk,8269.199999999999,VIP Customer,39.29,Medium
3258-ZKPAI,0.0,Low Risk,8395.199999999999,VIP Customer,39.28,Medium
6374-NTQLP,0.07,Low Risk,7495.2,VIP Customer,39.27,Medium
1319-YLZJG,0.575,Medium Risk,1015.2,Monitor,39.25,Medium
8650-RHRKE,0.645,Medium Risk,118.6,Monitor,39.25,Medium
3963-RYFNS,0.0,Low Risk,8384.4,VIP Customer,39.23,Medium
2860-RANUS,0.52,Medium Risk,1716.0,Monitor,39.23,Medium
0675-NCDYU,0.0,Low Risk,8380.800000000001,VIP Customer,39.21,Medium
9866-QEVEE,0.525,Medium Risk,1634.0,Monitor,39.14,Medium
6047-YHPVI,0.625,Medium Risk,348.5,Monitor,39.13,Medium
1480-BKXGA,0.0,Low Risk,8355.6,VIP Customer,39.09,Medium
3365-SAIGS,0.54,Medium Risk,1420.35,Monitor,39.04,Medium
6319-IEJWJ,0.51,Medium Risk,1804.0,Monitor,39.04,Medium
4376-KFVRS,0.01,Low Risk,8211.6,VIP Customer,39.02,Medium
1302-UHBDD,0.51,Medium Risk,1799.0,Monitor,39.02,Medium
5914-XRFQB,0.0,Low Risk,8337.6,VIP Customer,39.01,Medium
6007-TCTST,0.0,Low Risk,8337.6,VIP Customer,39.01,Medium
8513-OLYGY,0.0,Low Risk,8337.6,VIP Customer,39.01,Medium
0432-CAJZV,0.6288,Medium Risk,272.1,Monitor,39.0,Medium
5451-YHYPW,0.0,Low Risk,8334.0,VIP Customer,38.99,Medium
8606-CIQUL,0.0,Low Risk,8334.0,VIP Customer,38.99,Medium
1352-HNSAW,0.0,Low Risk,8323.199999999999,VIP Customer,38.94,Medium
8263-QMNTJ,0.0,Low Risk,8319.6,VIP Customer,38.92,Medium
9643-AVVWI,0.63,Medium Risk,240.0,Monitor,38.92,Medium
8676-TRMJS,0.6312,Medium Risk,225.0,Monitor,38.92,Medium
2121-JAFOM,0.0,Low Risk,8319.6,VIP Customer,38.92,Medium
6297-NOOPG,0.045,Low Risk,7735.0,VIP Customer,38.89,Medium
6519-ZHPXP,0.04,Low Risk,7797.599999999999,VIP Customer,38.88,Medium
0256-LTHVJ,0.47,Medium Risk,2269.4,Monitor,38.82,Medium
3865-ZYKAD,0.19,Low Risk,5858.1,High Value Customer,38.81,Medium
2380-DAMQP,0.0,Low Risk,8290.800000000001,VIP Customer,38.79,Medium
0906-QVPMS,0.0,Low Risk,8290.800000000001,VIP Customer,38.79,Medium
6797-LNAQX,0.11,Low Risk,6881.0,VIP Customer,38.79,Medium
8454-AATJP,0.0,Low Risk,8283.6,VIP Customer,38.75,Medium
7495-OOKFY,0.595,Medium Risk,645.2,Monitor,38.72,Medium
2323-ARSVR,0.065,Low Risk,7440.349999999999,VIP Customer,38.71,Medium
9927-DSWDF,0.465,Medium Risk,2301.2,Monitor,38.67,Medium
1989-PRJHP,0.485,Medium Risk,2038.5,Monitor,38.64,Medium
8280-MQRQN,0.64,Medium Risk,50.45,Monitor,38.64,Medium
0186-CAERR,0.0,Low Risk,8257.3,VIP Customer,38.63,Medium
9402-ROUMJ,0.12,Low Risk,6716.75,VIP Customer,38.62,Medium
1779-PWPMG,0.0,Low Risk,8254.800000000001,VIP Customer,38.62,Medium
8879-XUAHX,0.0,Low Risk,8253.75,VIP Customer,38.61,Medium
8207-DMRVL,0.0,Low Risk,8247.6,VIP Customer,38.59,Medium
1894-IGFSG,0.49,Medium Risk,1963.5,Monitor,38.59,Medium
9710-ZUSHQ,0.335,Low Risk,3949.75,High Value Customer,38.58,Medium
5135-GRQJV,0.0,Low Risk,8244.0,VIP Customer,38.57,Medium
8975-SKGRX,0.0,Low Risk,8243.1,VIP Customer,38.56,Medium
2040-XBAVJ,0.0,Low Risk,8240.4,VIP Customer,38.55,Medium
2223-GDSHL,0.0,Low Risk,8239.55,VIP Customer,38.55,Medium
6128-AQBMT,0.47,Medium Risk,2211.9500000000003,Monitor,38.55,Medium
2587-EKXTS,0.26,Low Risk,4906.0,High Value Customer,38.55,Medium
0266-GMEAO,0.0,Low Risk,8229.6,VIP Customer,38.5,Medium
3892-NXAZG,0.0,Low Risk,8211.6,VIP Customer,38.42,Medium
2277-VWCNI,0.625,Medium Risk,195.0,Monitor,38.41,Medium
9127-FHJBZ,0.0,Low Risk,8208.0,VIP Customer,38.4,Medium
3063-QFSZL,0.635,Medium Risk,55.4,Monitor,38.36,Medium
0327-WFZSY,0.335,Low Risk,3900.0,High Value Customer,38.35,Medium
3258-SYSWS,0.0,Low Risk,8193.6,VIP Customer,38.33,Medium
2919-HBCJO,0.615,Medium Risk,306.6,Monitor,38.33,Medium
6445-TNRXS,0.03,Low Risk,7799.6,VIP Customer,38.29,Medium
5038-ETMLM,0.0,Low Risk,8182.8,VIP Customer,38.28,Medium
9239-GZHZE,0.0,Low Risk,8182.8,VIP Customer,38.28,Medium
0004-TLHLJ,0.615,Medium Risk,295.6,Monitor,38.28,Medium
3669-WHAFY,0.0,Low Risk,8175.650000000001,VIP Customer,38.25,Medium
8029-XYPWT,0.0,Low Risk,8168.55,VIP Customer,38.22,Medium
8670-ERCJH,0.0,Low Risk,8164.8,VIP Customer,38.2,Medium
7235-NXZCP,0.625,Medium Risk,149.7,Monitor,38.2,Medium
3795-CAWEX,0.0,Low Risk,8158.5,VIP Customer,38.17,Medium
0749-IRGQE,0.59,Medium Risk,588.9,Monitor,38.16,Medium
5129-JLPIS,0.43,Medium Risk,2637.5,Monitor,38.14,Medium
0023-XUOPT,0.54,Medium Risk,1223.3,Monitor,38.12,Medium
6712-OAWRH,0.45,Medium Risk,2372.5,Monitor,38.1,Medium
6859-QNXIQ,0.0,Low Risk,8143.2,VIP Customer,38.1,Medium
2001-EWBQU,0.145,Low Risk,6282.0,VIP Customer,38.09,Medium
2001-MCUUW,0.245,Low Risk,4997.900000000001,High Value Customer,38.08,Medium
5322-TEUJK,0.0,Low Risk,8136.599999999999,VIP Customer,38.07,Medium
9576-ANLXO,0.6183,Medium Risk,208.65,Monitor,38.07,Medium
4412-YLTKF,0.47,Medium Risk,2107.35,Monitor,38.06,Medium
9481-IEBZY,0.0,Low Risk,8128.8,VIP Customer,38.03,Medium
7471-MQPOS,0.23,Low Risk,5175.900000000001,High Value Customer,38.01,Medium
7663-CUXZB,0.11,Low Risk,6711.25,VIP Customer,38.0,Medium
6175-IRFIT,0.6025,Medium Risk,393.75,Monitor,37.99,Medium
0082-OQIQY,0.42,Medium Risk,2731.8,Monitor,37.98,Medium
8024-XNAFQ,0.03,Low Risk,7732.8,VIP Customer,37.98,Medium
5183-KLYEM,0.0,Low Risk,8118.0,VIP Customer,37.98,Medium
8778-LMWTJ,0.58,Medium Risk,673.65,Monitor,37.95,Medium
1074-AMIOH,0.185,Low Risk,5737.25,High Value Customer,37.94,Medium
1090-ESELR,0.04,Low Risk,7596.0,VIP Customer,37.94,Medium
3520-FJGCV,0.0,Low Risk,8107.2,VIP Customer,37.93,Medium
3726-TBHQT,0.0,Low Risk,8094.0,VIP Customer,37.87,Medium
4829-ZLJTK,0.0,Low Risk,8092.8,VIP Customer,37.86,Medium
7912-SYRQT,0.59,Medium Risk,525.6999999999999,Monitor,37.86,Medium
0730-KOAVE,0.41,Medium Risk,2829.0,Monitor,37.84,Medium
0201-OAMXR,0.0,Low Risk,8088.5,VIP Customer,37.84,Medium
7255-SSFBC,0.0,Low Risk,8082.0,VIP Customer,37.81,Medium
5271-YNWVR,0.03,Low Risk,7694.200000000001,VIP Customer,37.8,Medium
7218-HKQFK,0.615,Medium Risk,188.4,Monitor,37.78,Medium
8915-NNTRC,0.025,Low Risk,7754.400000000001,VIP Customer,37.78,Medium
0378-CJKPV,0.0,Low Risk,8071.2,VIP Customer,37.76,Medium
9258-CNWAC,0.0,Low Risk,8069.150000000001,VIP Customer,37.75,Medium
0958-YHXGP,0.5908,Medium Risk,489.30000000000007,Monitor,37.74,Medium
4983-CCWMC,0.6125,Medium Risk,208.8,Monitor,37.73,Medium
5989-AXPUC,0.0,Low Risk,8064.799999999999,VIP Customer,37.73,Medium
9944-AEXBM,0.415,Medium Risk,2740.8,Monitor,37.72,Medium
2193-SFWQW,0.0,Low Risk,8060.400000000001,VIP Customer,37.71,Medium
0619-OLYUR,0.0,Low Risk,8056.8,VIP Customer,37.69,Medium
1150-WFARN,0.06,Low Risk,7286.25,VIP Customer,37.69,Medium
8266-VBFQL,0.6,Medium Risk,361.6,Monitor,37.69,Medium
5445-PZWGX,0.135,Low Risk,6324.0,VIP Customer,37.69,Medium
0181-RITDD,0.105,Low Risk,6705.3,VIP Customer,37.67,Medium
9840-DVNDC,0.59,Medium Risk,483.0,Monitor,37.66,Medium
7176-WRTNX,0.0,Low Risk,8046.5,VIP Customer,37.64,Medium
0430-IHCDJ,0.57,Medium Risk,735.0,Monitor,37.64,Medium
5304-EFJLP,0.0,Low Risk,8038.8,VIP Customer,37.61,Medium
2469-DTSGX,0.0,Low Risk,8038.8,VIP Customer,37.61,Medium
8853-TZDGH,0.0,Low Risk,8035.2,VIP Customer,37.59,Medium
9475-NNDGC,0.0,Low Risk,8033.650000000001,VIP Customer,37.58,Medium
4393-GEADV,0.0,Low Risk,8032.5,VIP Customer,37.58,Medium
1043-UXOVO,0.0,Low Risk,8033.650000000001,VIP Customer,37.58,Medium
8059-UDZFY,0.355,Low Risk,3476.55,High Value Customer,37.56,Medium
6022-UGGSO,0.44,Medium Risk,2380.8,Monitor,37.54,Medium
0530-IJVDB,0.0,Low Risk,8022.0,VIP Customer,37.53,Medium
5357-TZHPP,0.565,Medium Risk,759.6,Monitor,37.45,Medium
7929-SKFGK,0.0,Low Risk,8001.0,VIP Customer,37.43,Medium
5696-CEIQJ,0.085,Low Risk,6911.05,VIP Customer,37.43,Medium
0019-EFAEP,0.055,Low Risk,7293.599999999999,VIP Customer,37.42,Medium
4686-UXDML,0.46,Medium Risk,2096.85,Monitor,37.41,Medium
1555-DJEQW,0.0,Low Risk,7994.0,VIP Customer,37.4,Medium
6284-KMNUF,0.195,Low Risk,5488.0,High Value Customer,37.37,Medium
7030-FZTFM,0.0,Low Risk,7984.8,VIP Customer,37.36,Medium
2499-AJYUA,0.0,Low Risk,7977.599999999999,VIP Customer,37.32,Medium
0322-CHQRU,0.615,Medium Risk,90.7,Monitor,37.32,Medium
4282-MSACW,0.0,Low Risk,7969.6,VIP Customer,37.28,Medium
8823-RLPWL,0.0,Low Risk,7966.8,VIP Customer,37.27,Medium
9940-RHLFB,0.615,Medium Risk,75.3,Monitor,37.25,Medium
1291-CUOCY,0.0,Low Risk,7963.2,VIP Customer,37.25,Medium
4806-DXQCE,0.0,Low Risk,7955.5,VIP Customer,37.22,Medium
8309-PPCED,0.0,Low Risk,7952.400000000001,VIP Customer,37.2,Medium
7602-MVRMB,0.0,Low Risk,7952.400000000001,VIP Customer,37.2,Medium
6769-DYBQN,0.315,Low Risk,3910.0,High Value Customer,37.19,Medium
3831-YCPUO,0.005,Low Risk,7884.0,VIP Customer,37.18,Medium
3580-HYCSP,0.0,Low Risk,7941.599999999999,VIP Customer,37.15,Medium
0868-VJRDR,0.1,Low Risk,6659.2,VIP Customer,37.15,Medium
3313-QKNKB,0.225,Low Risk,5047.45,High Value Customer,37.11,Medium
8199-ZLLSA,0.0,Low Risk,7929.45,VIP Customer,37.1,Medium
7566-DSRLQ,0.0,Low Risk,7930.8,VIP Customer,37.1,Medium
3244-CQPHU,0.0,Low Risk,7927.2,VIP Customer,37.09,Medium
1452-KIOVK,0.465,Medium Risk,1960.2,Monitor,37.07,Medium
7928-VJYAB,0.54,Medium Risk,996.6,Monitor,37.06,Medium
1841-YSJGV,0.0,Low Risk,7916.400000000001,VIP Customer,37.04,Medium
0254-FNMCI,0.0,Low Risk,7912.8,VIP Customer,37.02,Medium
3870-SPZSI,0.0,Low Risk,7913.5,VIP Customer,37.02,Medium
0907-HQNTS,0.0,Low Risk,7910.0,VIP Customer,37.01,Medium
7881-EVUAD,0.61,Medium Risk,85.2,Monitor,37.0,Medium
1162-ECVII,0.0,Low Risk,7902.0,VIP Customer,36.97,Medium
3508-CFVZL,0.0,Low Risk,7902.3,VIP Customer,36.97,Medium
4670-TABXH,0.0,Low Risk,7902.0,VIP Customer,36.97,Medium
3540-RZJYU,0.515,Medium Risk,1293.0,Monitor,36.95,Medium
4909-JOUPP,0.0,Low Risk,7898.400000000001,VIP Customer,36.95,Medium
9680-NIAUV,0.0,Low Risk,7898.400000000001,VIP Customer,36.95,Medium
0835-JKADZ,0.0,Low Risk,7898.75,VIP Customer,36.95,Medium
6295-OSINB,0.0,Low Risk,7894.8,VIP Customer,36.93,Medium
5375-XLDOF,0.0,Low Risk,7890.15,VIP Customer,36.91,Medium
3518-FSTWG,0.0,Low Risk,7887.599999999999,VIP Customer,36.9,Medium
9802-CAQUT,0.0,Low Risk,7887.599999999999,VIP Customer,36.9,Medium
9167-APMXZ,0.47,Medium Risk,1851.3,Monitor,36.86,Medium
7375-WMVMT,0.085,Low Risk,6780.5,VIP Customer,36.82,Medium
3886-CERTZ,0.0,Low Risk,7866.0,VIP Customer,36.8,Medium
1545-JFUML,0.065,Low Risk,7029.0,VIP Customer,36.78,Medium
6614-FHDBO,0.0,Low Risk,7862.400000000001,VIP Customer,36.78,Medium
8901-UPRHR,0.0,Low Risk,7862.400000000001,VIP Customer,36.78,Medium
2266-SJNAT,0.0,Low Risk,7858.8,VIP Customer,36.77,Medium
5027-YOCXN,0.175,Low Risk,5612.55,High Value Customer,36.76,Medium
9112-WSNPU,0.42,Medium Risk,2469.25,Monitor,36.75,Medium
9465-RWMXL,0.415,Medium Risk,2524.8,Monitor,36.71,Medium
5172-RKOCB,0.0,Low Risk,7844.400000000001,VIP Customer,36.7,Medium
7055-JCGNI,0.0,Low Risk,7836.5,VIP Customer,36.66,Medium
6910-HADCM,0.605,Medium Risk,76.35,Monitor,36.66,Medium
2748-MYRVK,0.12,Low Risk,6293.700000000001,VIP Customer,36.64,Medium
8714-EUHJO,0.39,Low Risk,2825.65,Low Priority,36.62,Medium
7587-RZNME,0.6,Medium Risk,129.89999999999998,Monitor,36.61,Medium
8132-YPVBX,0.57,Medium Risk,515.7,Monitor,36.61,Medium
1053-MXTTK,0.0,Low Risk,7822.8,VIP Customer,36.6,Medium
3655-SNQYZ,0.0,Low Risk,7814.25,VIP Customer,36.56,Medium
5168-MQQCA,0.0,Low Risk,7812.0,VIP Customer,36.55,Medium
2419-FSORS,0.0,Low Risk,7804.8,VIP Customer,36.51,Medium
1320-GVNHT,0.0,Low Risk,7804.8,VIP Customer,36.51,Medium
4378-MYPGO,0.05,Low Risk,7157.0,VIP Customer,36.48,Medium
9031-ZVQPT,0.0,Low Risk,7790.400000000001,VIP Customer,36.45,Medium
0013-SMEOE,0.0,Low Risk,7788.7,VIP Customer,36.44,Medium
9053-JZFKV,0.0,Low Risk,7785.400000000001,VIP Customer,36.42,Medium
5760-FXFVO,0.57,Medium Risk,473.7000000000001,Monitor,36.42,Medium
7134-HBPBS,0.0,Low Risk,7783.2,VIP Customer,36.41,Medium
5945-AZYHT,0.0,Low Risk,7781.599999999999,VIP Customer,36.41,Medium
9861-PDSZP,0.0,Low Risk,7779.599999999999,VIP Customer,36.4,Medium
8071-SBTRN,0.0,Low Risk,7780.5,VIP Customer,36.4,Medium
7124-UGSUR,0.11,Low Risk,6368.400000000001,VIP Customer,36.39,Medium
7923-IYJWY,0.0,Low Risk,7778.7,VIP Customer,36.39,Medium
9741-YLNTD,0.565,Medium Risk,527.7,Monitor,36.37,Medium
9586-JGQKH,0.08,Low Risk,6745.6,VIP Customer,36.36,Medium
6993-YGFJV,0.0,Low Risk,7765.95,VIP Customer,36.33,Medium
2599-CIPQE,0.0,Low Risk,7760.3,VIP Customer,36.31,Medium
6308-CQRBU,0.0,Low Risk,7756.75,VIP Customer,36.29,Medium
8621-MNIHH,0.355,Low Risk,3204.5,High Value Customer,36.29,Medium
8378-LKJAF,0.305,Low Risk,3843.7,High Value Customer,36.28,Medium
2754-XBHTB,0.55,Medium Risk,698.85,Monitor,36.27,Medium
9107-UKCKY,0.225,Low Risk,4867.8,High Value Customer,36.27,Medium
3312-ZWLGF,0.425,Medium Risk,2299.7,Monitor,36.26,Medium
4184-VODJZ,0.155,Low Risk,5755.049999999999,High Value Customer,36.22,Medium
5954-BDFSG,0.0,Low Risk,7740.0,VIP Customer,36.21,Medium
3407-JMJQQ,0.0,Low Risk,7739.0,VIP Customer,36.21,Medium
4056-QHXHZ,0.0,Low Risk,7736.400000000001,VIP Customer,36.19,Medium
8265-HKSOW,0.0,Low Risk,7736.400000000001,VIP Customer,36.19,Medium
1470-PSXNM,0.245,Low Risk,4588.85,High Value Customer,36.17,Medium
0410-IPFTY,0.4,Medium Risk,2599.35,Monitor,36.16,Medium
2325-NBPZG,0.585,Medium Risk,223.65,Monitor,36.15,Medium
7957-RYHQD,0.355,Low Risk,3168.0,High Value Customer,36.12,Medium
2057-ZBLPD,0.46,Medium Risk,1816.5,Monitor,36.1,Medium
8707-HOEDG,0.0,Low Risk,7714.0,VIP Customer,36.09,Medium
7317-GGVPB,0.0,Low Risk,7710.599999999999,VIP Customer,36.07,Medium
9420-LOJKX,0.485,Medium Risk,1486.5,Monitor,36.05,Medium
2972-YDYUW,0.18,Low Risk,5397.900000000001,High Value Customer,36.05,Medium
3966-HRMZA,0.5832999999999999,Medium Risk,225.15,Monitor,36.05,Medium
3717-OEAUQ,0.5896,Medium Risk,141.4,Monitor,36.04,Medium
9283-LZQOH,0.525,Medium Risk,967.2,Monitor,36.02,Medium
3786-WOVKF,0.0,Low Risk,7693.2,VIP Customer,35.99,Medium
8809-XKHMD,0.035,Low Risk,7239.599999999999,VIP Customer,35.97,Medium
6198-PNNSZ,0.12,Low Risk,6148.8,VIP Customer,35.97,Medium
4029-HPFVY,0.5825,Medium Risk,210.9,Monitor,35.94,Medium
8849-GYOKR,0.15,Low Risk,5753.7,High Value Customer,35.92,Medium
9330-VOFSZ,0.08,Low Risk,6648.0,VIP Customer,35.9,Medium
3207-OYBWH,0.175,Low Risk,5429.25,High Value Customer,35.9,Medium
2834-JRTUA,0.0,Low Risk,7671.55,VIP Customer,35.89,Medium
4868-AADLV,0.0,Low Risk,7672.5,VIP Customer,35.89,Medium
1984-FCOWB,0.0,Low Risk,7665.0,VIP Customer,35.86,Medium
7879-CGSFV,0.165,Low Risk,5549.5,High Value Customer,35.86,Medium
0748-RDGGM,0.0,Low Risk,7665.0,VIP Customer,35.86,Medium
8107-RZLNV,0.0,Low Risk,7653.599999999999,VIP Customer,35.81,Medium
7159-NOKYQ,0.11,Low Risk,6241.05,VIP Customer,35.8,Medium
0388-EOPEX,0.585,Medium Risk,148.8,Monitor,35.8,Medium
9405-GPBBG,0.045,Low Risk,7072.0,VIP Customer,35.79,Medium
4067-HLYQI,0.415,Medium Risk,2323.2000000000003,Monitor,35.77,Medium
0052-DCKON,0.0,Low Risk,7642.8,VIP Customer,35.76,Medium
3865-YIOTT,0.0,Low Risk,7639.2,VIP Customer,35.74,Medium
5668-MEISB,0.0,Low Risk,7639.2,VIP Customer,35.74,Medium
1452-UZOSF,0.0,Low Risk,7639.2,VIP Customer,35.74,Medium
2615-YVMYX,0.0,Low Risk,7632.5,VIP Customer,35.71,Medium
4476-OSWTN,0.0,Low Risk,7627.95,VIP Customer,35.69,Medium
0923-PNFUB,0.575,Medium Risk,251.25,Monitor,35.68,Medium
7733-UDMTP,0.35,Low Risk,3135.0,High Value Customer,35.67,Medium
7519-JTWQH,0.0,Low Risk,7624.5,VIP Customer,35.67,Medium
5469-CTCWN,0.09,Low Risk,6466.0,VIP Customer,35.65,Medium
6137-NICCO,0.55,Medium Risk,564.3,Monitor,35.64,Medium
8999-XXGNS,0.0,Low Risk,7614.0,VIP Customer,35.62,Medium
4818-QIUFN,0.47,Medium Risk,1583.0,Monitor,35.61,Medium
0853-TWRVK,0.0,Low Risk,7603.2,VIP Customer,35.57,Medium
4223-WOZCM,0.585,Medium Risk,99.9,Monitor,35.57,Medium
0401-WDBXM,0.0,Low Risk,7599.599999999999,VIP Customer,35.55,Medium
2632-IVXVF,0.0,Low Risk,7599.0,VIP Customer,35.55,Medium
3466-RITXD,0.405,Medium Risk,2402.4,Monitor,35.54,Medium
4389-UEFCZ,0.0,Low Risk,7596.0,VIP Customer,35.54,Medium
2988-QRAJY,0.0,Low Risk,7593.45,VIP Customer,35.52,Medium
8393-DLHGA,0.405,Medium Risk,2397.5,Monitor,35.52,Medium
0136-IFMYD,0.0,Low Risk,7586.55,VIP Customer,35.49,Medium
4119-ZYPZY,0.0,Low Risk,7582.8,VIP Customer,35.48,Medium
9558-IHEZX,0.0,Low Risk,7579.25,VIP Customer,35.46,Medium
9717-QEBGU,0.58,Medium Risk,140.6,Monitor,35.46,Medium
5965-GGPRW,0.0,Low Risk,7578.0,VIP Customer,35.45,Medium
9959-WOFKT,0.0,Low Risk,7575.7,VIP Customer,35.44,Medium
1679-JRFBR,0.0,Low Risk,7570.5,VIP Customer,35.42,Medium
6726-NNFWD,0.095,Low Risk,6350.95,VIP Customer,35.41,Medium
5985-BEHZK,0.0,Low Risk,7560.0,VIP Customer,35.37,Medium
0392-BZIUW,0.0,Low Risk,7560.0,VIP Customer,35.37,Medium
7203-OYKCT,0.0,Low Risk,7556.400000000001,VIP Customer,35.35,Medium
4947-DSMXK,0.33,Low Risk,3321.8,High Value Customer,35.34,Medium
4815-YOSUK,0.0,Low Risk,7552.8,VIP Customer,35.33,Medium
2664-XJZNO,0.0,Low Risk,7552.8,VIP Customer,35.33,Medium
2984-TBYKU,0.0,Low Risk,7552.8,VIP Customer,35.33,Medium
5286-YHCVC,0.0,Low Risk,7545.599999999999,VIP Customer,35.3,Medium
8819-ZBYNA,0.095,Low Risk,6327.799999999999,VIP Customer,35.3,Medium
5339-PXDVH,0.56,Medium Risk,362.6,Monitor,35.3,Medium
7354-OIJLX,0.535,Medium Risk,682.65,Monitor,35.29,Medium
9896-UYMIE,0.0,Low Risk,7543.8,VIP Customer,35.29,Medium
5795-KTGUD,0.0,Low Risk,7534.4,VIP Customer,35.25,Medium
2955-BJZHG,0.48,Medium Risk,1374.4499999999998,Monitor,35.23,Medium
8561-NMTBD,0.0,Low Risk,7527.45,VIP Customer,35.22,Medium
3259-FDWOY,0.0,Low Risk,7526.0,VIP Customer,35.21,Medium
1092-GANHU,0.485,Medium Risk,1303.0500000000002,Monitor,35.2,Medium
5376-PCKNB,0.0,Low Risk,7520.400000000001,VIP Customer,35.18,Medium
2172-EJXVF,0.0,Low Risk,7518.900000000001,VIP Customer,35.18,Medium
0308-GIQJT,0.0,Low Risk,7508.25,VIP Customer,35.13,Medium
5569-IDSEY,0.0,Low Risk,7504.7,VIP Customer,35.11,Medium
8213-TAZPM,0.0,Low Risk,7503.75,VIP Customer,35.11,Medium
6728-DKUCO,0.0,Low Risk,7498.8,VIP Customer,35.08,Medium
0917-EZOLA,0.0,Low Risk,7498.8,VIP Customer,35.08,Medium
0952-KMEEH,0.485,Medium Risk,1275.95,Monitor,35.07,Medium
3363-DTIVD,0.0,Low Risk,7494.05,VIP Customer,35.06,Medium
5153-LXKDT,0.0,Low Risk,7493.6,VIP Customer,35.06,Medium
0823-HSCDJ,0.385,Low Risk,2555.8,Low Priority,35.06,Medium
6834-NXDCA,0.56,Medium Risk,310.7,Monitor,35.05,Medium
7251-LJBQN,0.26,Low Risk,4150.0,High Value Customer,35.02,Medium
7663-YJHSN,0.0,Low Risk,7484.400000000001,VIP Customer,35.01,Medium
9958-MEKUC,0.0,Low Risk,7484.400000000001,VIP Customer,35.01,Medium
1131-SUEKT,0.115,Low Risk,6005.45,VIP Customer,35.0,Medium
1902-XBTFB,0.43,Medium Risk,1966.8,Monitor,35.0,Medium
5440-FLBQG,0.0,Low Risk,7479.6,VIP Customer,34.99,Medium
3192-NQECA,0.0,Low Risk,7480.0,VIP Customer,34.99,Medium
4043-MKDTV,0.0,Low Risk,7472.75,VIP Customer,34.96,Medium
4822-LPTYJ,0.0,Low Risk,7470.0,VIP Customer,34.95,Medium
5140-FOMCQ,0.08,Low Risk,6439.85,VIP Customer,34.93,Medium
7691-XVTZH,0.105,Low Risk,6116.6,VIP Customer,34.92,Medium
6749-UTDVX,0.0,Low Risk,7462.8,VIP Customer,34.91,Medium
5287-QWLKY,0.0,Low Risk,7462.099999999999,VIP Customer,34.91,Medium
0913-XWSCN,0.215,Low Risk,4702.5,High Value Customer,34.9,Medium
8914-RBTSB,0.355,Low Risk,2907.8,Low Priority,34.9,Medium
2773-OVBPK,0.0,Low Risk,7457.099999999999,VIP Customer,34.89,Medium
6050-IJRHS,0.0,Low Risk,7455.0,VIP Customer,34.88,Medium
3199-NPKCN,0.0,Low Risk,7453.75,VIP Customer,34.87,Medium
9777-IQHWP,0.115,Low Risk,5977.6,High Value Customer,34.87,Medium
3022-BEXHZ,0.0,Low Risk,7450.400000000001,VIP Customer,34.86,Medium
5301-GAUUY,0.38,Low Risk,2571.2,Low Priority,34.83,Medium
8809-RIHDD,0.0,Low Risk,7444.8,VIP Customer,34.83,Medium
3197-ARFOY,0.425,Medium Risk,1995.0,Monitor,34.83,Medium
0727-BNRLG,0.055,Low Risk,6737.85,VIP Customer,34.82,Medium
8849-AYPTR,0.345,Low Risk,3011.25,High Value Customer,34.79,Medium
9544-PYPSJ,0.115,Low Risk,5958.2,High Value Customer,34.77,Medium
6994-FGRHH,0.0,Low Risk,7430.5,VIP Customer,34.76,Medium
2234-XADUH,0.0,Low Risk,7430.400000000001,VIP Customer,34.76,Medium
7250-EQKIY,0.575,Medium Risk,50.45,Monitor,34.74,Medium
2478-EEWWM,0.375,Low Risk,2613.7,Low Priority,34.73,Medium
8565-HBFNN,0.0,Low Risk,7396.8,VIP Customer,34.6,Medium
6257-DTAYD,0.0,Low Risk,7394.650000000001,VIP Customer,34.59,Medium
2878-RMWXY,0.0,Low Risk,7390.8,VIP Customer,34.58,Medium
5678-VFNEQ,0.0,Low Risk,7391.099999999999,VIP Customer,34.58,Medium
4323-OHFOW,0.0,Low Risk,7388.5,VIP Customer,34.57,Medium
1475-VWVDO,0.535,Medium Risk,524.3000000000001,Monitor,34.55,Medium
1576-PFZIW,0.0,Low Risk,7374.5,VIP Customer,34.5,Medium
3627-FHKBK,0.5692,Medium Risk,75.3,Monitor,34.5,Medium
4250-ZBWLV,0.0,Low Risk,7374.6,VIP Customer,34.5,Medium
8869-LIHMK,0.0,Low Risk,7366.4,VIP Customer,34.46,Medium
0795-GMVQO,0.0,Low Risk,7363.3,VIP Customer,34.45,Medium
1229-RCALF,0.0,Low Risk,7360.0,VIP Customer,34.43,Medium
7426-WEIJX,0.195,Low Risk,4857.0,High Value Customer,34.42,Medium
5748-RNCJT,0.0,Low Risk,7348.5,VIP Customer,34.38,Medium
7718-UPSKJ,0.0,Low Risk,7341.6,VIP Customer,34.35,Medium
5161-UBZXI,0.0,Low Risk,7338.15,VIP Customer,34.33,Medium
9450-TRJUU,0.345,Low Risk,2910.25,Low Priority,34.32,Medium
0100-DUVFC,0.0,Low Risk,7336.0,VIP Customer,34.32,Medium
8849-PRIQJ,0.0,Low Risk,7329.8,VIP Customer,34.29,Medium
7821-DPRQE,0.0,Low Risk,7323.6,VIP Customer,34.26,Medium
7632-MNYOY,0.0,Low Risk,7319.400000000001,VIP Customer,34.24,Medium
9835-ZIITK,0.0,Low Risk,7316.099999999999,VIP Customer,34.23,Medium
2604-IJPDU,0.42,Medium Risk,1931.0,Monitor,34.23,Medium
3597-YASZG,0.0,Low Risk,7311.5,VIP Customer,34.21,Medium
7208-PSIHR,0.0,Low Risk,7301.0,VIP Customer,34.16,Medium
7971-HLVXI,0.095,Low Risk,6084.0,VIP Customer,34.16,Medium
4827-LTQRJ,0.0,Low Risk,7299.599999999999,VIP Customer,34.15,Medium
1335-HQMKX,0.0,Low Risk,7297.2,VIP Customer,34.14,Medium
5022-JNQEQ,0.515,Medium Risk,682.65,Monitor,34.09,Medium
1297-VQDRP,0.0,Low Risk,7286.200000000001,VIP Customer,34.09,Medium
1346-PJWTK,0.12,Low Risk,5743.150000000001,High Value Customer,34.07,Medium
5198-EFNBM,0.165,Low Risk,5167.05,High Value Customer,34.07,Medium
4853-RULSV,0.0,Low Risk,7280.0,VIP Customer,34.06,Medium
7503-QQRVF,0.475,Medium Risk,1188.8,Monitor,34.06,Medium
2533-QVMSK,0.12,Low Risk,5740.099999999999,High Value Customer,34.05,Medium
9779-DPNEJ,0.43,Medium Risk,1763.3000000000002,Monitor,34.05,Medium
6048-UWKAL,0.0,Low Risk,7272.6,VIP Customer,34.02,Medium
6050-FFXES,0.0,Low Risk,7269.15,VIP Customer,34.01,Medium
9848-JQJTX,0.0,Low Risk,7264.8,VIP Customer,33.99,Medium
0864-FVJNJ,0.0,Low Risk,7254.4,VIP Customer,33.94,Medium
4547-LYTDD,0.475,Medium Risk,1162.4,Monitor,33.94,Medium
1090-PYKCI,0.0,Low Risk,7251.9,VIP Customer,33.93,Medium
4154-AQUGT,0.475,Medium Risk,1157.65,Monitor,33.92,Medium
0058-EVZWM,0.18,Low Risk,4939.0,High Value Customer,33.91,Medium
5781-BKHOP,0.0,Low Risk,7246.8,VIP Customer,33.9,Medium
7181-OQCUT,0.395,Low Risk,2180.85,Low Priority,33.9,Medium
2187-PKZAY,0.49,Medium Risk,959.4,Monitor,33.89,Medium
6837-HAEVO,0.0,Low Risk,7245.0,VIP Customer,33.89,Medium
2995-UPRYS,0.255,Low Risk,3968.0,High Value Customer,33.86,Medium
5734-EJKXG,0.0,Low Risk,7234.599999999999,VIP Customer,33.85,Medium
1522-VVDMG,0.515,Medium Risk,628.25,Monitor,33.84,Medium
5133-POWUA,0.56,Medium Risk,45.8,Monitor,33.81,Medium
0876-WDUUZ,0.53,Medium Risk,427.0,Monitor,33.8,Medium
8634-CILSZ,0.0,Low Risk,7224.3,VIP Customer,33.8,Medium
6067-NGCEU,0.0,Low Risk,7218.25,VIP Customer,33.77,Medium
3442-ZHHCC,0.155,Low Risk,5229.200000000001,High Value Customer,33.76,Medium
3617-XLSGQ,0.0,Low Risk,7210.5,VIP Customer,33.73,Medium
9286-DOJGF,0.34,Low Risk,2848.1,Low Priority,33.72,Medium
4075-JFPGR,0.19,Low Risk,4768.5,High Value Customer,33.71,Medium
4550-VBOFE,0.0,Low Risk,7206.5,VIP Customer,33.71,Medium
4616-ULAOA,0.0,Low Risk,7202.0,VIP Customer,33.69,Medium
9480-BQJEI,0.115,Low Risk,5722.599999999999,High Value Customer,33.67,Medium
6234-RAAPL,0.0,Low Risk,7192.8,VIP Customer,33.65,Medium
2056-EVGZL,0.0,Low Risk,7191.0,VIP Customer,33.64,Medium
6305-YLBMM,0.0,Low Risk,7179.45,VIP Customer,33.59,Medium
3658-KIBGF,0.555,Medium Risk,54.9,Monitor,33.56,Medium
5502-RLUYV,0.0,Low Risk,7172.55,VIP Customer,33.56,Medium
5481-NTDOH,0.0,Low Risk,7172.349999999999,VIP Customer,33.55,Medium
0959-WHOKV,0.235,Low Risk,4158.0,High Value Customer,33.55,Medium
3096-WPXBT,0.08,Low Risk,6142.7,VIP Customer,33.54,Medium
9752-ZNQUT,0.555,Medium Risk,48.6,Monitor,33.53,Medium
8480-PPONV,0.0,Low Risk,7164.099999999999,VIP Customer,33.52,Medium
9090-SGQXL,0.0,Low Risk,7160.4,VIP Customer,33.5,Medium
5067-XJQFU,0.0,Low Risk,7157.7,VIP Customer,33.49,Medium
5055-BRMNE,0.0,Low Risk,7148.900000000001,VIP Customer,33.45,Medium
6333-YDVLT,0.0,Low Risk,7150.0,VIP Customer,33.45,Medium
6993-YCOBK,0.04,Low Risk,6636.0,VIP Customer,33.45,Medium
5228-EXCET,0.475,Medium Risk,1051.05,Monitor,33.42,Medium
1891-QRQSA,0.0,Low Risk,7142.4,VIP Customer,33.41,Medium
6465-GSRCL,0.0,Low Risk,7142.2,VIP Customer,33.41,Medium
0742-LAFQK,0.0,Low Risk,7138.8,VIP Customer,33.4,Medium
0218-QNVAS,0.0,Low Risk,7139.05,VIP Customer,33.4,Medium
0581-MDMPW,0.39,Low Risk,2134.8,Low Priority,33.39,Medium
6723-WSNTY,0.0,Low Risk,7134.599999999999,VIP Customer,33.38,Medium
6463-HHXJR,0.0,Low Risk,7135.5,VIP Customer,33.38,Medium
0786-IVLAW,0.0,Low Risk,7134.599999999999,VIP Customer,33.38,Medium
1135-HIORI,0.0,Low Risk,7132.8,VIP Customer,33.37,Medium
8894-JVDCV,0.0,Low Risk,7133.099999999999,VIP Customer,33.37,Medium
8659-IOOPU,0.0,Low Risk,7131.95,VIP Customer,33.37,Medium
1741-WTPON,0.05,Low Risk,6487.599999999999,VIP Customer,33.35,Medium
6766-HFKLA,0.105,Low Risk,5779.2,High Value Customer,33.34,Medium
3750-CKVKH,0.545,Medium Risk,135.5,Monitor,33.33,Medium
2623-DRYAM,0.0,Low Risk,7122.5,VIP Customer,33.32,Medium
8212-DJRCH,0.52,Medium Risk,451.75,Monitor,33.31,Medium
9028-LIHRP,0.0,Low Risk,7114.2,VIP Customer,33.28,Medium
2067-QYTCF,0.0,Low Risk,7113.6,VIP Customer,33.28,Medium
9052-VKDUW,0.0,Low Risk,7111.0,VIP Customer,33.27,Medium
4829-AUOAX,0.21,Low Risk,4418.3,High Value Customer,33.27,Medium
1163-VIPRI,0.0,Low Risk,7104.5,VIP Customer,33.24,Medium
7730-CLDSV,0.0,Low Risk,7102.8,VIP Customer,33.23,Medium
5419-KLXBN,0.38,Low Risk,2228.75,Low Priority,33.23,Medium
4402-FTBXC,0.175,Low Risk,4849.2,High Value Customer,33.19,Medium
3571-RFHAR,0.0,Low Risk,7094.75,VIP Customer,33.19,Medium
5671-RQRLP,0.14,Low Risk,5295.5,High Value Customer,33.17,Medium
3569-EDBPQ,0.395,Low Risk,2024.4,Low Priority,33.17,Medium
1335-NTIUC,0.535,Medium Risk,224.55,Monitor,33.15,Medium
9659-ZTWSM,0.0,Low Risk,7085.099999999999,VIP Customer,33.15,Medium
5663-QBGIS,0.0,Low Risk,7081.2,VIP Customer,33.13,Medium
1217-VASWC,0.215,Low Risk,4323.65,High Value Customer,33.13,Medium
0266-CLZKZ,0.0,Low Risk,7078.55,VIP Customer,33.12,Medium
5453-YBTWV,0.0,Low Risk,7077.0,VIP Customer,33.11,Medium
8065-QBYTO,0.0,Low Risk,7075.150000000001,VIP Customer,33.1,Medium
5897-ZYEKH,0.0,Low Risk,7075.2,VIP Customer,33.1,Medium
2674-MLXMN,0.0,Low Risk,7075.150000000001,VIP Customer,33.1,Medium
3761-FLYZI,0.0,Low Risk,7072.0,VIP Customer,33.09,Medium
1937-OTUKY,0.0,Low Risk,7070.400000000001,VIP Customer,33.08,Medium
2521-NPUZR,0.0,Low Risk,7070.0,VIP Customer,33.08,Medium
7504-UWHNB,0.415,Medium Risk,1743.75,Monitor,33.06,Medium
8085-MSNLK,0.0,Low Risk,7064.900000000001,VIP Customer,33.05,Medium
6990-YNRIO,0.0,Low Risk,7062.25,VIP Customer,33.04,Medium
1060-ENTOF,0.0,Low Risk,7061.8,VIP Customer,33.04,Medium
5174-ITUMV,0.0,Low Risk,7061.8,VIP Customer,33.04,Medium
4570-QHXHL,0.52,Medium Risk,393.75,Monitor,33.04,Medium
2789-CZANW,0.0,Low Risk,7059.2,VIP Customer,33.03,Medium
7005-CYUIL,0.0,Low Risk,7057.400000000001,VIP Customer,33.02,Medium
0440-UEDAI,0.16,Low Risk,5005.85,High Value Customer,33.02,Medium
0862-PRCBS,0.0,Low Risk,7055.0,VIP Customer,33.01,Medium
6176-YJWAS,0.0,Low Risk,7052.400000000001,VIP Customer,32.99,Medium
1304-SEGFY,0.0,Low Risk,7045.2,VIP Customer,32.96,Medium
2277-BKJKN,0.0,Low Risk,7043.2,VIP Customer,32.95,Medium
8445-DNBAE,0.545,Medium Risk,50.05,Monitor,32.93,Medium
3133-PZNSR,0.0,Low Risk,7038.0,VIP Customer,32.93,Medium
8903-XEBGX,0.54,Medium Risk,110.6,Monitor,32.92,Medium
8152-VETUR,0.0,Low Risk,7034.400000000001,VIP Customer,32.91,Medium
3230-JCNZS,0.0,Low Risk,7029.0,VIP Customer,32.88,Medium
2692-AQCPF,0.0,Low Risk,7023.25,VIP Customer,32.86,Medium
3642-GKTCT,0.0,Low Risk,7021.099999999999,VIP Customer,32.85,Medium
7017-VFHAY,0.0,Low Risk,7021.099999999999,VIP Customer,32.85,Medium
9625-QNLUX,0.0,Low Risk,7021.0,VIP Customer,32.85,Medium
7322-OCWHC,0.025,Low Risk,6699.599999999999,VIP Customer,32.84,Medium
8466-PZBLH,0.0,Low Risk,7008.2,VIP Customer,32.79,Medium
8591-TKMZH,0.035,Low Risk,6554.9,VIP Customer,32.77,Medium
9571-EDEBV,0.0,Low Risk,7004.150000000001,VIP Customer,32.77,Medium
1063-DHQJF,0.05,Low Risk,6358.35,VIP Customer,32.75,Medium
7762-URZQH,0.0,Low Risk,6999.3,VIP Customer,32.75,Medium
3096-YXENJ,0.0,Low Risk,6997.25,VIP Customer,32.74,Medium
4760-THGOT,0.23,Low Risk,4046.3,High Value Customer,32.73,Medium
6425-YQLLO,0.0,Low Risk,6992.7,VIP Customer,32.71,Medium
3612-YUNGG,0.0,Low Risk,6988.8,VIP Customer,32.7,Medium
5336-UFNZP,0.0,Low Risk,6984.25,VIP Customer,32.67,Medium
6719-FGEDO,0.0,Low Risk,6984.0,VIP Customer,32.67,Medium
4317-VTEOA,0.54,Medium Risk,50.75,Monitor,32.64,Medium
7694-VLBWQ,0.0,Low Risk,6974.7,VIP Customer,32.63,Medium
0599-XNYDO,0.435,Medium Risk,1396.0,Monitor,32.63,Medium
8495-LJDFO,0.0,Low Risk,6972.8,VIP Customer,32.62,Medium
3186-AJIEK,0.0,Low Risk,6972.900000000001,VIP Customer,32.62,Medium
4129-LYCOI,0.0,Low Risk,6968.0,VIP Customer,32.6,Medium
4248-QPAVC,0.43,Medium Risk,1450.9499999999998,Monitor,32.59,Medium
8261-GWDBQ,0.0,Low Risk,6963.0,VIP Customer,32.58,Medium
1370-GGAWX,0.205,Low Risk,4330.900000000001,High Value Customer,32.56,Medium
2057-BOYKM,0.0,Low Risk,6955.2,VIP Customer,32.54,Medium
1325-USMEC,0.0,Low Risk,6954.5,VIP Customer,32.54,Medium
6383-ZTSIW,0.24,Low Risk,3864.9,High Value Customer,32.48,Medium
1469-LBJQJ,0.0,Low Risk,6943.2,VIP Customer,32.48,Medium
6999-CHVCF,0.0,Low Risk,6942.799999999999,VIP Customer,32.48,Medium
3331-HQDTW,0.25,Low Risk,3733.2,High Value Customer,32.47,Medium
5606-AMZBO,0.48,Medium Risk,781.5,Monitor,32.46,Medium
4778-IZARL,0.0,Low Risk,6936.299999999999,VIP Customer,32.45,Medium
0670-ANMUU,0.0,Low Risk,6933.150000000001,VIP Customer,32.44,Medium
3838-OZURD,0.0,Low Risk,6930.0,VIP Customer,32.42,Medium
9402-CXWPL,0.0,Low Risk,6923.0,VIP Customer,32.39,Medium
5553-AOINX,0.0,Low Risk,6923.400000000001,VIP Customer,32.39,Medium
4647-MUZON,0.405,Medium Risk,1727.1,Monitor,32.38,Medium
1656-DRSMG,0.0,Low Risk,6920.549999999999,VIP Customer,32.38,Medium
2250-IVBWA,0.135,Low Risk,5187.2,High Value Customer,32.37,Medium
3908-BLSYF,0.5,Medium Risk,503.4,Monitor,32.36,Medium
6338-AVWCY,0.53,Medium Risk,120.45,Monitor,32.36,Medium
3882-IYOIJ,0.0,Low Risk,6915.0,VIP Customer,32.35,Medium
8580-QVLOC,0.02,Low Risk,6656.400000000001,VIP Customer,32.34,Medium
9139-WQQDY,0.155,Low Risk,4922.05,High Value Customer,32.33,Medium
4686-GEFRM,0.0,Low Risk,6909.0,VIP Customer,32.32,Medium
9972-VAFJJ,0.15,Low Risk,4982.0,High Value Customer,32.31,Medium
8080-DDEMJ,0.535,Medium Risk,45.1,Monitor,32.31,Medium
9512-UIBFX,0.405,Medium Risk,1712.7,Monitor,32.31,Medium
6797-UCJHZ,0.0,Low Risk,6903.599999999999,VIP Customer,32.3,Medium
8639-NHQEI,0.0,Low Risk,6904.8,VIP Customer,32.3,Medium
6408-OTUBZ,0.0,Low Risk,6900.3,VIP Customer,32.28,Medium
7789-CRUVC,0.09,Low Risk,5746.2,High Value Customer,32.28,Medium
0639-TSIQW,0.0,Low Risk,6897.650000000001,VIP Customer,32.27,Medium
9992-UJOEL,0.53,Medium Risk,100.6,Monitor,32.27,Medium
4199-QHJNM,0.0,Low Risk,6894.3,VIP Customer,32.25,Medium
6733-LRIZX,0.24,Low Risk,3813.25,High Value Customer,32.24,Medium
7537-CBQUZ,0.0,Low Risk,6892.200000000001,VIP Customer,32.24,Medium
6500-JVEGC,0.0,Low Risk,6891.799999999999,VIP Customer,32.24,Medium
6034-YMTOB,0.5075,Medium Risk,378.25,Monitor,32.22,Medium
9488-FYQAU,0.0,Low Risk,6882.75,VIP Customer,32.2,Medium
8777-MBMTS,0.0,Low Risk,6880.25,VIP Customer,32.19,Medium
9821-BESNZ,0.0,Low Risk,6880.5,VIP Customer,32.19,Medium
2898-MRKPI,0.0,Low Risk,6871.4,VIP Customer,32.15,Medium
9851-KIELU,0.45,Medium Risk,1101.0,Monitor,32.15,Medium
2272-JKMSI,0.0,Low Risk,6869.599999999999,VIP Customer,32.14,Medium
3763-GCZHZ,0.0,Low Risk,6867.3,VIP Customer,32.13,Medium
8920-NAVAY,0.0,Low Risk,6866.5,VIP Customer,32.12,Medium
6227-FBDXH,0.0,Low Risk,6865.5,VIP Customer,32.12,Medium
5575-TPIZQ,0.215,Low Risk,4100.900000000001,High Value Customer,32.09,Medium
0363-QJVFX,0.265,Low Risk,3460.8,High Value Customer,32.09,Medium
8601-QACRS,0.515,Medium Risk,253.0,Monitor,32.08,Medium
7207-RMRDB,0.0,Low Risk,6857.5,VIP Customer,32.08,Medium
5828-AVIPD,0.385,Low Risk,1918.05,Low Priority,32.07,Medium
2694-CIUMO,0.46,Medium Risk,954.6,Monitor,32.07,Medium
7018-WBJNK,0.455,Medium Risk,1017.9,Monitor,32.06,Medium
2027-WKXMW,0.0,Low Risk,6851.25,VIP Customer,32.05,Medium
7765-LWVVH,0.0,Low Risk,6847.2,VIP Customer,32.03,Medium
3419-SNJJD,0.0,Low Risk,6841.25,VIP Customer,32.01,Medium
1895-QTKDO,0.53,Medium Risk,43.95,Monitor,32.01,Medium
3705-RHRFR,0.0,Low Risk,6841.35,VIP Customer,32.01,Medium
3841-NFECX,0.0,Low Risk,6840.849999999999,VIP Customer,32.0,Medium
8041-TMEID,0.0,Low Risk,6835.5,VIP Customer,31.98,Medium
0326-VDYXE,0.0,Low Risk,6835.5,VIP Customer,31.98,Medium
2279-AXJJK,0.145,Low Risk,4973.8,High Value Customer,31.97,Medium
4631-OACRM,0.44,Medium Risk,1191.0,Monitor,31.97,Medium
3197-NNYNB,0.0,Low Risk,6831.5,VIP Customer,31.96,Medium
5740-YHGTW,0.0,Low Risk,6828.5,VIP Customer,31.95,Medium
2560-PPCHE,0.0,Low Risk,6828.25,VIP Customer,31.95,Medium
5055-MGMGF,0.0,Low Risk,6828.25,VIP Customer,31.95,Medium
6557-BZXLQ,0.445,Medium Risk,1114.4,Monitor,31.91,Medium
8375-KVTHK,0.0,Low Risk,6820.4,VIP Customer,31.91,Medium
0129-KPTWJ,0.0,Low Risk,6814.8,VIP Customer,31.88,Medium
0324-BRPCJ,0.0,Low Risk,6813.6,VIP Customer,31.88,Medium
3090-HAWSU,0.0,Low Risk,6807.599999999999,VIP Customer,31.85,Medium
1442-OKRJE,0.0,Low Risk,6807.900000000001,VIP Customer,31.85,Medium
3086-RUCRN,0.0,Low Risk,6804.599999999999,VIP Customer,31.83,Medium
2190-PHBHR,0.0,Low Risk,6800.400000000001,VIP Customer,31.81,Medium
0020-INWCK,0.0,Low Risk,6798.25,VIP Customer,31.8,Medium
0516-UXRMT,0.085,Low Risk,5707.099999999999,High Value Customer,31.8,Medium
1696-HXOWK,0.0,Low Risk,6791.150000000001,VIP Customer,31.77,Medium
4024-CSNBY,0.0,Low Risk,6786.0,VIP Customer,31.75,Medium
2378-VTKDH,0.0,Low Risk,6782.75,VIP Customer,31.73,Medium
5207-PLSTK,0.525,Medium Risk,48.75,Monitor,31.73,Medium
1536-HBSWP,0.525,Medium Risk,49.9,Monitor,31.73,Medium
6616-AALSR,0.0,Low Risk,6779.5,VIP Customer,31.72,Medium
4751-ERMAN,0.105,Low Risk,5428.8,High Value Customer,31.7,Medium
2360-RDGRO,0.0,Low Risk,6776.25,VIP Customer,31.7,Medium
2778-OCLGR,0.455,Medium Risk,938.4,Monitor,31.69,Medium
4919-IKATY,0.495,Medium Risk,422.5,Monitor,31.68,Medium
5473-KHBPS,0.14,Low Risk,4976.400000000001,High Value Customer,31.68,Medium
2886-KEFUM,0.0,Low Risk,6772.5,VIP Customer,31.68,Medium
9938-TKDGL,0.0,Low Risk,6769.4,VIP Customer,31.67,Medium
0960-HUWBM,0.0,Low Risk,6766.5,VIP Customer,31.66,Medium
9369-XFEHK,0.32,Low Risk,2659.8,Low Priority,31.64,Medium
2722-VOJQL,0.0,Low Risk,6761.6,VIP Customer,31.63,Medium
6097-EQISJ,0.0,Low Risk,6761.7,VIP Customer,31.63,Medium
8402-EIVQS,0.0,Low Risk,6760.3,VIP Customer,31.63,Medium
0201-MIBOL,0.0,Low Risk,6758.400000000001,VIP Customer,31.62,Medium
5149-QYTTU,0.0,Low Risk,6755.650000000001,VIP Customer,31.61,Medium
8646-JCOMS,0.06,Low Risk,5976.3,High Value Customer,31.56,Medium
8984-EYLLL,0.0,Low Risk,6736.0,VIP Customer,31.51,Medium
9638-JIQYA,0.52,Medium Risk,49.8,Monitor,31.43,Medium
8197-BFWVU,0.0,Low Risk,6714.0,VIP Customer,31.41,Medium
3967-KXAPS,0.005,Low Risk,6645.599999999999,VIP Customer,31.39,Medium
4832-VRBMR,0.0,Low Risk,6704.75,VIP Customer,31.37,Medium
3649-JPUGY,0.025,Low Risk,6379.2,VIP Customer,31.34,Medium
6705-LXORM,0.495,Medium Risk,350.25,Monitor,31.34,Medium
5074-FBGHB,0.0,Low Risk,6697.6,VIP Customer,31.33,Medium
4208-UFFGW,0.515,Medium Risk,89.9,Monitor,31.32,Medium
2990-IAJSV,0.005,Low Risk,6624.0,VIP Customer,31.29,Medium
9812-GHVRI,0.26,Low Risk,3354.0,High Value Customer,31.29,Medium
2324-EFHVG,0.0,Low Risk,6681.6,VIP Customer,31.26,Medium
7940-UQQUG,0.0,Low Risk,6681.6,VIP Customer,31.26,Medium
6711-VTNRE,0.275,Low Risk,3151.8,High Value Customer,31.25,Medium
0244-LGNFY,0.0,Low Risk,6670.8,VIP Customer,31.21,Medium
4683-WYDOU,0.0,Low Risk,6671.2,VIP Customer,31.21,Medium
5329-KRDTM,0.085,Low Risk,5569.2,High Value Customer,31.15,Medium
2167-FQSTQ,0.0,Low Risk,6652.8,VIP Customer,31.12,Medium
2530-ENDWQ,0.0,Low Risk,6652.7,VIP Customer,31.12,Medium
1013-QCWAM,0.0,Low Risk,6652.8,VIP Customer,31.12,Medium
7080-TNUWP,0.0,Low Risk,6650.0,VIP Customer,31.11,Medium
2955-PSXOE,0.5167,Medium Risk,20.2,Monitor,31.1,Medium
4191-XOVOM,0.0,Low Risk,6640.200000000001,VIP Customer,31.07,Medium
8174-TBVCF,0.0,Low Risk,6636.0,VIP Customer,31.05,Medium
6481-ESCNL,0.29,Low Risk,2915.95,Low Priority,31.04,Medium
9778-OGKQZ,0.0,Low Risk,6624.0,VIP Customer,30.99,Medium
7426-GSWPO,0.0,Low Risk,6624.0,VIP Customer,30.99,Medium
3084-DOWLE,0.0,Low Risk,6624.0,VIP Customer,30.99,Medium
2988-PLAHS,0.5,Medium Risk,209.85,Monitor,30.98,Medium
4718-WXBGI,0.0,Low Risk,6620.400000000001,VIP Customer,30.97,Medium
3144-KMTWZ,0.0,Low Risk,6620.75,VIP Customer,30.97,Medium
2190-BCXEC,0.27,Low Risk,3154.0,High Value Customer,30.96,Medium
3779-OSWCF,0.0,Low Risk,6617.2,VIP Customer,30.96,Medium
6265-SXWBU,0.0,Low Risk,6606.75,VIP Customer,30.91,Medium
6284-AHOOQ,0.36,Low Risk,1991.0,Low Priority,30.91,Medium
2632-UCGVD,0.0,Low Risk,6603.3,VIP Customer,30.89,Medium
3552-CTCYF,0.0,Low Risk,6602.4,VIP Customer,30.89,Medium
4690-LLKUA,0.455,Medium Risk,765.8499999999999,Monitor,30.88,Medium
8905-IAZPF,0.0,Low Risk,6599.85,VIP Customer,30.88,Medium
1658-TJVOA,0.48,Medium Risk,444.6,Monitor,30.88,Medium
7868-TMWMZ,0.0,Low Risk,6600.0,VIP Customer,30.88,Medium
5193-QLVZB,0.0,Low Risk,6599.25,VIP Customer,30.87,Medium
6242-SGYTS,0.055,Low Risk,5886.900000000001,High Value Customer,30.84,Medium
0565-JUPYD,0.0,Low Risk,6583.5,VIP Customer,30.8,Medium
8755-IWJHN,0.0,Low Risk,6579.15,VIP Customer,30.78,Medium
9297-EONCV,0.0,Low Risk,6577.2,VIP Customer,30.77,Medium
1017-FBQMM,0.0,Low Risk,6575.099999999999,VIP Customer,30.76,Medium
1698-XFZCI,0.0,Low Risk,6572.75,VIP Customer,30.75,Medium
2225-ZRGSG,0.0,Low Risk,6573.0,VIP Customer,30.75,Medium
6168-YBYNP,0.0,Low Risk,6569.65,VIP Customer,30.74,Medium
6244-BESBM,0.0,Low Risk,6568.8,VIP Customer,30.73,Medium
1265-XTECC,0.0,Low Risk,6565.4,VIP Customer,30.72,Medium
2003-CKLOR,0.0,Low Risk,6567.0,VIP Customer,30.72,Medium
1227-UDMZR,0.0,Low Risk,6562.8,VIP Customer,30.7,Medium
1347-KTTTA,0.0,Low Risk,6556.8,VIP Customer,30.68,Medium
0682-USIXD,0.37,Low Risk,1807.05,Low Priority,30.65,Medium
1971-DTCZB,0.0,Low Risk,6548.400000000001,VIP Customer,30.64,Medium
3569-JFODW,0.0,Low Risk,6548.400000000001,VIP Customer,30.64,Medium
5339-TJFEK,0.0,Low Risk,6541.0,VIP Customer,30.6,Medium
5727-MYATE,0.0,Low Risk,6537.599999999999,VIP Customer,30.59,Medium
5214-NLTIT,0.0,Low Risk,6537.599999999999,VIP Customer,30.59,Medium
8979-CAMGB,0.0,Low Risk,6534.4,VIP Customer,30.57,Medium
9076-AXYIK,0.0,Low Risk,6534.4,VIP Customer,30.57,Medium
8752-GHJFU,0.0,Low Risk,6532.0,VIP Customer,30.56,Medium
3334-CTHOL,0.505,Medium Risk,49.95,Monitor,30.53,Medium
1951-IEYXM,0.0,Low Risk,6523.2,VIP Customer,30.52,Medium
4989-LIXVT,0.0,Low Risk,6521.200000000001,VIP Customer,30.51,Medium
3301-VKTGC,0.055,Low Risk,5814.0,High Value Customer,30.5,Medium
1343-EHPYB,0.0,Low Risk,6514.200000000001,VIP Customer,30.48,Medium
9548-ZMVTX,0.0,Low Risk,6512.400000000001,VIP Customer,30.47,Medium
4837-QUSFT,0.0,Low Risk,6509.75,VIP Customer,30.45,Medium
5684-FJVYR,0.0,Low Risk,6505.2,VIP Customer,30.43,Medium
3587-PMCOY,0.43,Medium Risk,989.0,Monitor,30.43,Medium
6804-GDMOI,0.0,Low Risk,6502.599999999999,VIP Customer,30.42,Medium
1956-YIFGE,0.335,Low Risk,2201.1,Low Priority,30.4,Medium
5248-YGIJN,0.0,Low Risk,6498.0,VIP Customer,30.4,Medium
2408-TZMJL,0.0,Low Risk,6498.85,VIP Customer,30.4,Medium
8535-SFUTN,0.0,Low Risk,6493.45,VIP Customer,30.38,Medium
5248-RPYWW,0.0,Low Risk,6490.8,VIP Customer,30.37,Medium
4220-TINQT,0.0,Low Risk,6487.349999999999,VIP Customer,30.35,Medium
2294-DMMUS,0.165,Low Risk,4367.900000000001,High Value Customer,30.33,Medium
7579-KKLOE,0.0,Low Risk,6478.75,VIP Customer,30.31,Medium
1548-FEHVL,0.0,Low Risk,6478.2,VIP Customer,30.31,Medium
1775-KWJKQ,0.0,Low Risk,6469.2,VIP Customer,30.27,Medium
7503-MIOGA,0.0,Low Risk,6469.2,VIP Customer,30.27,Medium
7408-OFWXJ,0.0,Low Risk,6465.599999999999,VIP Customer,30.25,Medium
1930-QPBVZ,0.0,Low Risk,6466.799999999999,VIP Customer,30.25,Medium
5240-CAOYT,0.115,Low Risk,4990.349999999999,High Value Customer,30.25,Medium
6341-AEVKX,0.0,Low Risk,6466.599999999999,VIP Customer,30.25,Medium
5377-NDTOU,0.0,Low Risk,6464.55,VIP Customer,30.24,Medium
7997-EASSD,0.105,Low Risk,5115.6,High Value Customer,30.23,Medium
9489-JMTTN,0.0,Low Risk,6462.0,VIP Customer,30.23,Medium
0238-WHBIQ,0.0,Low Risk,6458.400000000001,VIP Customer,30.21,Medium
5968-XQIVE,0.0,Low Risk,6458.400000000001,VIP Customer,30.21,Medium
6196-HBOBZ,0.0,Low Risk,6457.75,VIP Customer,30.21,Medium
4658-HCOHW,0.335,Low Risk,2158.8,Low Priority,30.2,Medium
2000-DHJUY,0.0,Low Risk,6454.0,VIP Customer,30.19,Medium
7233-DRTRF,0.0,Low Risk,6451.200000000001,VIP Customer,30.18,Medium
3398-GCPMU,0.0,Low Risk,6447.599999999999,VIP Customer,30.16,Medium
2885-HIJDH,0.035,Low Risk,5996.1,High Value Customer,30.15,Medium
8065-BVEPF,0.0,Low Risk,6441.5,VIP Customer,30.14,Medium
2165-VOEGB,0.125,Low Risk,4839.2,High Value Customer,30.14,Medium
0330-IVZHA,0.475,Medium Risk,349.75,Monitor,30.14,Medium
4446-BZKHU,0.0,Low Risk,6438.55,VIP Customer,30.12,Medium
7710-JSYOA,0.0,Low Risk,6437.7,VIP Customer,30.12,Medium
5716-EZXZN,0.0,Low Risk,6438.25,VIP Customer,30.12,Medium
6408-WHTEF,0.0,Low Risk,6436.8,VIP Customer,30.11,Medium
1568-BEKZM,0.01,Low Risk,6303.5,VIP Customer,30.09,Medium
3508-VLHCZ,0.0,Low Risk,6429.05,VIP Customer,30.08,Medium
7398-HPYZQ,0.0,Low Risk,6429.05,VIP Customer,30.08,Medium
9926-PJHDQ,0.07,Low Risk,5529.599999999999,High Value Customer,30.07,Medium
6729-GDNGC,0.375,Low Risk,1614.0,Low Priority,30.05,Medium
2960-NKRSO,0.34,Low Risk,2062.8,Low Priority,30.05,Medium
3374-LXDEV,0.41,Medium Risk,1162.2,Monitor,30.04,Medium
0795-LAFGP,0.0,Low Risk,6418.400000000001,VIP Customer,30.03,Medium
5223-UZAVK,0.0,Low Risk,6419.2,VIP Customer,30.03,Medium
0409-WTMPL,0.0,Low Risk,6417.700000000001,VIP Customer,30.02,Medium
5248-KWLAR,0.0,Low Risk,6414.849999999999,VIP Customer,30.01,Medium
3219-JQRSL,0.0,Low Risk,6415.2,VIP Customer,30.01,Medium
5997-OPVFA,0.0,Low Risk,6411.599999999999,VIP Customer,30.0,Medium
9701-CDXHR,0.225,Low Risk,3526.65,High Value Customer,30.0,Medium
5651-YLPRD,0.285,Low Risk,2755.2,Low Priority,29.99,Medium
0730-BGQGF,0.0,Low Risk,6411.3,VIP Customer,29.99,Medium
6286-SUUWT,0.4982,Medium Risk,19.95,Monitor,29.99,Medium
8016-NCFVO,0.0,Low Risk,6407.5,VIP Customer,29.98,Medium
2482-CZGBB,0.445,Medium Risk,700.0,Monitor,29.97,Medium
9518-RWHZL,0.0,Low Risk,6403.2,VIP Customer,29.96,Medium
2400-XIWIO,0.0,Low Risk,6397.099999999999,VIP Customer,29.93,Medium
6048-QBXKL,0.49,Medium Risk,113.1,Monitor,29.93,Medium
4329-YPDDQ,0.33,Low Risk,2164.0,Low Priority,29.92,Medium
0365-TRTPY,0.235,Low Risk,3374.4,High Value Customer,29.89,Medium
6701-YVNQG,0.0,Low Risk,6386.400000000001,VIP Customer,29.88,Medium
2925-VDZHY,0.0,Low Risk,6386.400000000001,VIP Customer,29.88,Medium
5117-ZSMHQ,0.0,Low Risk,6382.900000000001,VIP Customer,29.86,Medium
4674-HGNUA,0.0,Low Risk,6382.900000000001,VIP Customer,29.86,Medium
9589-ABEPT,0.0,Low Risk,6379.05,VIP Customer,29.84,Medium
2176-LVPNX,0.0,Low Risk,6379.349999999999,VIP Customer,29.84,Medium
7873-CVMAW,0.0,Low Risk,6375.599999999999,VIP Customer,29.83,Medium
6242-FEGFD,0.0,Low Risk,6375.599999999999,VIP Customer,29.83,Medium
1575-KRZZE,0.48,Medium Risk,220.8,Monitor,29.83,Medium
6874-SGLHU,0.27,Low Risk,2910.0,Low Priority,29.81,Medium
8651-ENBZX,0.0,Low Risk,6360.0,VIP Customer,29.75,Medium
2988-GBIVW,0.0,Low Risk,6359.5,VIP Customer,29.75,Medium
7752-XUSCI,0.0,Low Risk,6354.0,VIP Customer,29.73,Medium
5647-FXOTP,0.0,Low Risk,6354.0,VIP Customer,29.73,Medium
9570-KYEUA,0.0,Low Risk,6352.0,VIP Customer,29.72,Medium
5089-IFSDP,0.0,Low Risk,6348.1,VIP Customer,29.7,Medium
9974-JFBHQ,0.0,Low Risk,6345.6,VIP Customer,29.69,Medium
3858-XHYJO,0.165,Low Risk,4230.0,High Value Customer,29.69,Medium
4488-KQFDT,0.0,Low Risk,6340.95,VIP Customer,29.67,Medium
2194-IIQOF,0.0,Low Risk,6340.3,VIP Customer,29.66,Medium
5879-HMFFH,0.0,Low Risk,6339.599999999999,VIP Customer,29.66,Medium
3146-MSEGF,0.0,Low Risk,6339.599999999999,VIP Customer,29.66,Medium
2830-LEWOA,0.0,Low Risk,6337.900000000001,VIP Customer,29.65,Medium
2386-LAHRK,0.49,Medium Risk,53.5,Monitor,29.65,Medium
4049-ZPALD,0.0,Low Risk,6336.0,VIP Customer,29.64,Medium
7549-MYGPK,0.0,Low Risk,6334.65,VIP Customer,29.64,Medium
4706-DGAHW,0.49,Medium Risk,45.2,Monitor,29.61,Medium
6365-HITVU,0.01,Low Risk,6194.75,VIP Customer,29.58,Medium
3351-NQLDI,0.0,Low Risk,6321.45,VIP Customer,29.57,Medium
5504-WSIUR,0.0,Low Risk,6317.5,VIP Customer,29.56,Medium
1174-FGIFN,0.295,Low Risk,2532.6,Low Priority,29.55,Medium
2227-JRSJX,0.33,Low Risk,2082.15,Low Priority,29.54,Medium
3424-NMNBO,0.0,Low Risk,6313.299999999999,VIP Customer,29.54,Medium
9919-FZDED,0.02,Low Risk,6055.2,VIP Customer,29.53,Medium
3758-CKOQL,0.0,Low Risk,6313.0,VIP Customer,29.53,Medium
6122-LJADA,0.0,Low Risk,6310.5,VIP Customer,29.52,Medium
5702-KVQRD,0.035,Low Risk,5861.05,High Value Customer,29.52,Medium
5921-NGYRH,0.125,Low Risk,4707.2,High Value Customer,29.52,Medium
3392-EHMNK,0.0,Low Risk,6304.7,VIP Customer,29.5,Medium
4077-HWUYD,0.0,Low Risk,6303.599999999999,VIP Customer,29.49,Medium
8715-KKTFG,0.0,Low Risk,6301.3,VIP Customer,29.48,Medium
9572-MTILT,0.0,Low Risk,6298.25,VIP Customer,29.47,Medium
3170-GWYKC,0.0,Low Risk,6297.0,VIP Customer,29.46,Medium
9494-BDNNC,0.0,Low Risk,6289.8,VIP Customer,29.43,Medium
4553-DVPZG,0.0,Low Risk,6283.7,VIP Customer,29.4,Medium
4701-LKOZD,0.0,Low Risk,6282.5,VIP Customer,29.39,Medium
6211-WWLTF,0.0,Low Risk,6281.1,VIP Customer,29.39,Medium
8769-KKTPH,0.0,Low Risk,6277.950000000001,VIP Customer,29.37,Medium
5980-BDHPY,0.0,Low Risk,6271.2,VIP Customer,29.34,Medium
7182-OVLBJ,0.0,Low Risk,6271.3,VIP Customer,29.34,Medium
1568-LJSZU,0.0,Low Risk,6269.6,VIP Customer,29.33,Medium
9912-OMZDS,0.0,Low Risk,6262.85,VIP Customer,29.3,Medium
3571-DPYUH,0.06,Low Risk,5492.6,High Value Customer,29.3,Medium
2519-LBNQL,0.0,Low Risk,6261.0,VIP Customer,29.29,Medium
8413-YNHNV,0.0,Low Risk,6254.85,VIP Customer,29.26,Medium
6900-RBKER,0.125,Low Risk,4651.400000000001,High Value Customer,29.26,Medium
1707-HABPF,0.16,Low Risk,4199.8,High Value Customer,29.25,Medium
9339-FIIJL,0.005,Low Risk,6188.400000000001,VIP Customer,29.25,Medium
2088-IEBAU,0.02,Low Risk,5994.200000000001,High Value Customer,29.24,Medium
2000-MPKCA,0.0,Low Risk,6249.5,VIP Customer,29.24,Medium
7740-BTPUX,0.0,Low Risk,6248.0,VIP Customer,29.23,Medium
6461-SZMCV,0.0,Low Risk,6244.45,VIP Customer,29.21,Medium
3733-UOCWF,0.08,Low Risk,5218.55,High Value Customer,29.21,Medium
0442-ZXKVS,0.0,Low Risk,6242.4,VIP Customer,29.2,Medium
0744-BIKKF,0.0,Low Risk,6238.8,VIP Customer,29.19,Medium
4723-BEGSG,0.0,Low Risk,6238.8,VIP Customer,29.19,Medium
0103-CSITQ,0.0,Low Risk,6235.8,VIP Customer,29.17,Medium
7301-ABVAD,0.0,Low Risk,6235.2,VIP Customer,29.17,Medium
1642-HMARX,0.0,Low Risk,6235.6,VIP Customer,29.17,Medium
9415-ZNBSX,0.0,Low Risk,6230.0,VIP Customer,29.15,Medium
3413-DHLPB,0.0,Low Risk,6225.0,VIP Customer,29.12,Medium
1550-LOAHA,0.275,Low Risk,2692.8,Low Priority,29.1,Medium
8218-FFJDS,0.0,Low Risk,6220.8,VIP Customer,29.1,Medium
2382-BCKQJ,0.0,Low Risk,6209.3,VIP Customer,29.05,Medium
0596-BQCEQ,0.0,Low Risk,6209.3,VIP Customer,29.05,Medium
4654-DLAMQ,0.0,Low Risk,6208.0,VIP Customer,29.04,Medium
7188-CBBBA,0.0,Low Risk,6207.5,VIP Customer,29.04,Medium
1891-FZYSA,0.0,Low Risk,6206.55,VIP Customer,29.04,Medium
9776-OJUZI,0.0,Low Risk,6204.25,VIP Customer,29.03,Medium
4759-PXTAN,0.115,Low Risk,4725.9,High Value Customer,29.01,Medium
3327-YBAKM,0.0,Low Risk,6201.6,VIP Customer,29.01,Medium
6963-EZQEE,0.0,Low Risk,6198.5,VIP Customer,29.0,Medium
8374-UULRV,0.0,Low Risk,6195.599999999999,VIP Customer,28.99,Medium
0248-PGHBZ,0.0,Low Risk,6194.150000000001,VIP Customer,28.98,Medium
0206-TBWLC,0.0,Low Risk,6191.1,VIP Customer,28.96,Medium
2673-CXQEU,0.0,Low Risk,6188.0,VIP Customer,28.95,Medium
2226-ICFDO,0.0,Low Risk,6184.8,VIP Customer,28.93,Medium
6258-PVZWJ,0.0,Low Risk,6174.4,VIP Customer,28.89,Medium
1502-XFCVR,0.0,Low Risk,6174.1,VIP Customer,28.88,Medium
3134-DSHVC,0.0,Low Risk,6174.0,VIP Customer,28.88,Medium
6077-BDPXA,0.465,Medium Risk,210.45,Monitor,28.88,Medium
4455-BFSPD,0.0,Low Risk,6170.150000000001,VIP Customer,28.87,Medium
0363-SVHYR,0.0,Low Risk,6166.349999999999,VIP Customer,28.85,Medium
1095-WGNGG,0.0,Low Risk,6164.05,VIP Customer,28.84,Medium
4178-EGMON,0.0,Low Risk,6160.0,VIP Customer,28.82,Medium
7472-EQOAV,0.0,Low Risk,6155.7,VIP Customer,28.8,Medium
1400-WIVLL,0.0,Low Risk,6153.150000000001,VIP Customer,28.79,Medium
4581-LNWUM,0.43,Medium Risk,638.9499999999999,Monitor,28.79,Medium
3877-JRJIP,0.475,Medium Risk,59.85,Monitor,28.78,Medium
6631-HMANX,0.0,Low Risk,6152.400000000001,VIP Customer,28.78,Medium
0330-BGYZE,0.0,Low Risk,6150.0,VIP Customer,28.77,Medium
0506-LVNGN,0.45,Medium Risk,377.75,Monitor,28.77,Medium
1492-QGCLU,0.125,Low Risk,4542.1,High Value Customer,28.75,Medium
1830-GGFNM,0.0,Low Risk,6145.75,VIP Customer,28.75,Medium
9385-NXKDA,0.015,Low Risk,5950.8,High Value Customer,28.74,Medium
9530-GRMJG,0.02,Low Risk,5887.0,High Value Customer,28.74,Medium
6479-VDGRK,0.0,Low Risk,6141.599999999999,VIP Customer,28.73,Medium
9225-BZLNZ,0.0,Low Risk,6138.0,VIP Customer,28.72,Medium
4159-NAAIX,0.0,Low Risk,6139.35,VIP Customer,28.72,Medium
9058-HRZSV,0.0,Low Risk,6136.0,VIP Customer,28.71,Medium
1061-PNTHC,0.0,Low Risk,6137.599999999999,VIP Customer,28.71,Medium
6339-TBELP,0.0,Low Risk,6134.400000000001,VIP Customer,28.7,Medium
8871-JLMHM,0.0,Low Risk,6133.6,VIP Customer,28.7,Medium
0078-XZMHT,0.0,Low Risk,6130.8,VIP Customer,28.68,Medium
9453-PATOS,0.0,Low Risk,6127.2,VIP Customer,28.67,Medium
0193-ESZXP,0.0,Low Risk,6119.0,VIP Customer,28.63,Medium
1261-FWTTE,0.415,Medium Risk,796.9499999999999,Monitor,28.63,Medium
8125-QPFJD,0.0,Low Risk,6112.8,VIP Customer,28.6,Medium
9435-JMLSX,0.0,Low Risk,6113.099999999999,VIP Customer,28.6,Medium
8565-WUXZU,0.0,Low Risk,6105.599999999999,VIP Customer,28.56,Medium
1448-CYWKC,0.0,Low Risk,6101.6,VIP Customer,28.55,Medium
7641-TQFHN,0.17,Low Risk,3921.45,High Value Customer,28.55,Medium
4905-JEFDW,0.44,Medium Risk,457.6,Monitor,28.54,Medium
3262-EIDHV,0.0,Low Risk,6098.400000000001,VIP Customer,28.53,Medium
8398-TBIYD,0.0,Low Risk,6098.400000000001,VIP Customer,28.53,Medium
6654-QGBZZ,0.4736999999999999,Medium Risk,19.9,Monitor,28.52,Medium
7544-ZVIKX,0.0,Low Risk,6092.9,VIP Customer,28.5,Medium
6818-WOBHJ,0.0,Low Risk,6092.799999999999,VIP Customer,28.5,Medium
6885-PKOAM,0.0,Low Risk,6088.25,VIP Customer,28.48,Medium
5298-GSTLM,0.0,Low Risk,6084.0,VIP Customer,28.46,Medium
5766-FTRTS,0.0,Low Risk,6080.400000000001,VIP Customer,28.45,Medium
3108-PCCGG,0.0,Low Risk,6080.400000000001,VIP Customer,28.45,Medium
9644-KVCNC,0.0,Low Risk,6081.900000000001,VIP Customer,28.45,Medium
0623-EJQEG,0.0,Low Risk,6080.75,VIP Customer,28.45,Medium
6704-UTUKK,0.37,Low Risk,1331.1,Low Priority,28.43,Medium
8661-BOYNW,0.0,Low Risk,6076.8,VIP Customer,28.43,Medium
5268-DSMNQ,0.0,Low Risk,6072.900000000001,VIP Customer,28.41,Medium
6481-OGDOO,0.0,Low Risk,6070.2,VIP Customer,28.4,Medium
3938-YFPXD,0.0,Low Risk,6069.599999999999,VIP Customer,28.4,Medium
3685-YLCMQ,0.0,Low Risk,6069.700000000001,VIP Customer,28.4,Medium
3716-LRGXK,0.0,Low Risk,6069.0,VIP Customer,28.39,Medium
6997-UVGOX,0.0,Low Risk,6066.95,VIP Customer,28.38,Medium
6161-ERDGD,0.0,Low Risk,6066.95,VIP Customer,28.38,Medium
2790-XUYMV,0.0,Low Risk,6066.95,VIP Customer,28.38,Medium
0487-RPVUM,0.0,Low Risk,6063.400000000001,VIP Customer,28.37,Medium
2725-TTRIQ,0.0,Low Risk,6062.400000000001,VIP Customer,28.36,Medium
4016-BJKTZ,0.26,Low Risk,2722.5,Low Priority,28.34,Medium
0707-HOVVN,0.06,Low Risk,5285.0,High Value Customer,28.33,Medium
6437-UDQJM,0.0,Low Risk,6055.2,VIP Customer,28.33,Medium
6369-MCAKO,0.0,Low Risk,6055.4,VIP Customer,28.33,Medium
4227-OJHAL,0.085,Low Risk,4964.0,High Value Customer,28.32,Medium
2434-EEVDB,0.0,Low Risk,6054.4,VIP Customer,28.32,Medium
3071-MVJCD,0.01,Low Risk,5925.599999999999,High Value Customer,28.32,Medium
2904-GGUAZ,0.0,Low Risk,6051.599999999999,VIP Customer,28.31,Medium
7975-JMZNT,0.0,Low Risk,6052.2,VIP Customer,28.31,Medium
6695-AMZUF,0.0,Low Risk,6051.5,VIP Customer,28.31,Medium
6728-VOIFY,0.0,Low Risk,6048.0,VIP Customer,28.29,Medium
1493-AMTIE,0.47,Medium Risk,20.2,Monitor,28.29,Medium
8034-RYTVV,0.11,Low Risk,4633.75,High Value Customer,28.28,Medium
8100-PNJMH,0.0,Low Risk,6041.799999999999,VIP Customer,28.27,Medium
9767-FFLEM,0.265,Low Risk,2641.0,Low Priority,28.26,Medium
4993-JCRGJ,0.3,Low Risk,2191.8,Low Priority,28.25,Medium
9705-IOVQQ,0.0,Low Risk,6039.0,VIP Customer,28.25,Medium
1265-HVPZB,0.165,Low Risk,3917.6,High Value Customer,28.23,Medium
1728-CXQBE,0.0,Low Risk,6032.0,VIP Customer,28.22,Medium
0512-FLFDW,0.0,Low Risk,6030.0,VIP Customer,28.21,Medium
2041-JIJCI,0.445,Medium Risk,320.0,Monitor,28.2,Medium
7101-HRBLJ,0.0,Low Risk,6026.400000000001,VIP Customer,28.19,Medium
6435-VWCCY,0.0,Low Risk,6025.5,VIP Customer,28.19,Medium
3891-PUQOD,0.465,Medium Risk,59.2,Monitor,28.18,Medium
8707-RMEZH,0.0,Low Risk,6023.7,VIP Customer,28.18,Medium
0310-SUCIN,0.0,Low Risk,6020.8,VIP Customer,28.17,Medium
1298-PHBTI,0.0,Low Risk,6020.8,VIP Customer,28.17,Medium
3544-FBCAS,0.0,Low Risk,6019.2,VIP Customer,28.16,Medium
6732-VAILE,0.0,Low Risk,6016.5,VIP Customer,28.15,Medium
6656-GULJQ,0.0,Low Risk,6015.599999999999,VIP Customer,28.14,Medium
0048-LUMLS,0.205,Low Risk,3374.4,High Value Customer,28.09,Medium
7973-DZRKH,0.0,Low Risk,6002.7,VIP Customer,28.08,Medium
9350-VLHMB,0.0,Low Risk,5999.849999999999,High Value Customer,28.07,Medium
9742-XOKTS,0.0,Low Risk,5999.849999999999,High Value Customer,28.07,Medium
3009-JWMPU,0.0,Low Risk,5998.5,High Value Customer,28.06,Medium
0839-JTCUD,0.005,Low Risk,5933.400000000001,High Value Customer,28.06,Medium
4827-DPADN,0.0,Low Risk,5997.599999999999,High Value Customer,28.06,Medium
1543-LLLFT,0.0,Low Risk,5996.3,High Value Customer,28.05,Medium
2987-BJXIK,0.005,Low Risk,5929.0,High Value Customer,28.04,Medium
4973-MGTON,0.0,Low Risk,5992.400000000001,High Value Customer,28.03,Medium
9572-WUKSB,0.46,Medium Risk,89.69999999999999,Monitor,28.02,Medium
2239-JALAW,0.0,Low Risk,5988.5,High Value Customer,28.02,Medium
8690-ZVLCL,0.0,Low Risk,5984.0,High Value Customer,28.0,Medium
3893-JRNFS,0.255,Low Risk,2713.2,Low Priority,27.99,Medium
5035-PGZXH,0.0,Low Risk,5980.8,High Value Customer,27.98,Medium
3070-BDOQC,0.0,Low Risk,5979.0,High Value Customer,27.97,Medium
2883-ILGWO,0.0,Low Risk,5979.3,High Value Customer,27.97,Medium
5003-XZWWO,0.0,Low Risk,5978.2,High Value Customer,27.97,Medium
4010-YLMVT,0.0,Low Risk,5969.599999999999,High Value Customer,27.93,Medium
9614-RMGHA,0.0,Low Risk,5970.25,High Value Customer,27.93,Medium
6825-UYPFK,0.33,Low Risk,1738.8,Low Priority,27.93,Medium
4523-WXCEF,0.0,Low Risk,5964.9,High Value Customer,27.91,Medium
1409-PHXTF,0.0,Low Risk,5964.3,High Value Customer,27.9,Medium
2971-SGAFL,0.385,Low Risk,1023.75,Low Priority,27.89,Medium
9114-DPSIA,0.01,Low Risk,5832.0,High Value Customer,27.88,Medium
3870-MQAMG,0.0,Low Risk,5958.9,High Value Customer,27.88,Medium
9114-VEPUF,0.0,Low Risk,5958.2,High Value Customer,27.87,Medium
6771-XWBDM,0.0,Low Risk,5956.5,High Value Customer,27.87,Medium
6234-PFPXL,0.3,Low Risk,2109.8,Low Priority,27.87,Medium
3227-WLKLI,0.0,Low Risk,5950.75,High Value Customer,27.84,Medium
6352-GIGGQ,0.0,Low Risk,5949.599999999999,High Value Customer,27.83,Medium
5312-IRCFR,0.0,Low Risk,5942.4,High Value Customer,27.8,Medium
2977-CEBSX,0.0,Low Risk,5943.3,High Value Customer,27.8,Medium
3429-IFLEM,0.035,Low Risk,5491.849999999999,High Value Customer,27.79,Medium
3932-CMDTD,0.43,Medium Risk,422.6,Monitor,27.78,Medium
2126-GSEGL,0.0,Low Risk,5936.0,High Value Customer,27.77,Medium
0581-BXBUB,0.44,Medium Risk,291.0,Monitor,27.76,Medium
1725-IQNIY,0.0,Low Risk,5926.5,High Value Customer,27.73,Medium
7409-JURKQ,0.0,Low Risk,5925.4,High Value Customer,27.72,Medium
4291-TPNFG,0.0,Low Risk,5925.599999999999,High Value Customer,27.72,Medium
7964-ZRKKG,0.0,Low Risk,5922.8,High Value Customer,27.71,Medium
1414-YADCW,0.0,Low Risk,5922.0,High Value Customer,27.71,Medium
4619-EVPHY,0.32,Low Risk,1820.0,Low Priority,27.71,Medium
0348-SDKOL,0.0,Low Risk,5921.799999999999,High Value Customer,27.7,Medium
0015-UOCOJ,0.435,Medium Risk,337.40000000000003,Monitor,27.68,Medium
4176-FXYBO,0.0,Low Risk,5915.7,High Value Customer,27.68,Medium
5016-IBERQ,0.31,Low Risk,1937.75,Low Priority,27.67,Medium
5197-LQXXH,0.0,Low Risk,5914.3,High Value Customer,27.67,Medium
9906-NHHVC,0.19,Low Risk,3477.5,High Value Customer,27.67,Medium
5285-MVEHD,0.0,Low Risk,5913.599999999999,High Value Customer,27.67,Medium
2302-OUZXB,0.0,Low Risk,5914.8,High Value Customer,27.67,Medium
8988-ECPJR,0.25,Low Risk,2706.4,Low Priority,27.66,Medium
8200-LGKSR,0.0,Low Risk,5907.2,High Value Customer,27.64,Medium
8677-HDZEE,0.0,Low Risk,5905.2,High Value Customer,27.63,Medium
5090-EMGTC,0.0,Low Risk,5902.95,High Value Customer,27.62,Medium
0130-SXOUN,0.0,Low Risk,5900.400000000001,High Value Customer,27.6,Medium
0899-WZRSD,0.0,Low Risk,5899.599999999999,High Value Customer,27.6,Medium
6908-VVYHM,0.0,Low Risk,5892.25,High Value Customer,27.57,Medium
7690-KPNCU,0.095,Low Risk,4675.2,High Value Customer,27.57,Medium
1170-SASML,0.0,Low Risk,5892.6,High Value Customer,27.57,Medium
0516-OOHAR,0.24,Low Risk,2809.8,Low Priority,27.55,Medium
0383-CLDDA,0.0,Low Risk,5889.15,High Value Customer,27.55,Medium
7603-USHJS,0.39,Low Risk,885.0,Low Priority,27.54,Medium
0898-XCGTF,0.0,Low Risk,5886.5,High Value Customer,27.54,Medium
5457-COLHT,0.025,Low Risk,5564.85,High Value Customer,27.53,Medium
3638-VBZTA,0.0,Low Risk,5882.0,High Value Customer,27.52,Medium
0016-QLJIS,0.0,Low Risk,5879.25,High Value Customer,27.51,Medium
4660-IRIBM,0.335,Low Risk,1582.2,Low Priority,27.5,Medium
1334-PDUKM,0.0,Low Risk,5878.6,High Value Customer,27.5,Medium
0595-ITUDF,0.0,Low Risk,5875.2,High Value Customer,27.49,Medium
0575-CUQOV,0.0,Low Risk,5877.0,High Value Customer,27.49,Medium
3224-DFQNQ,0.0,Low Risk,5874.0,High Value Customer,27.48,Medium
4188-FRABG,0.0,Low Risk,5873.849999999999,High Value Customer,27.48,Medium
4782-OSFXZ,0.0,Low Risk,5871.7,High Value Customer,27.47,Medium
4791-QRGMF,0.0,Low Risk,5870.5,High Value Customer,27.46,Medium
6103-LIANB,0.0,Low Risk,5870.5,High Value Customer,27.46,Medium
3349-ANQNH,0.0,Low Risk,5870.5,High Value Customer,27.46,Medium
4274-DRSQT,0.0,Low Risk,5867.400000000001,High Value Customer,27.45,Medium
6627-CFOSN,0.0,Low Risk,5867.55,High Value Customer,27.45,Medium
4612-THJBS,0.0,Low Risk,5866.0,High Value Customer,27.44,Medium
8008-ESFLK,0.0,Low Risk,5856.5,High Value Customer,27.4,Medium
0431-APWVY,0.26,Low Risk,2522.8,Low Priority,27.4,Medium
3092-IGHWF,0.0,Low Risk,5855.8,High Value Customer,27.4,Medium
4913-EHYUI,0.0,Low Risk,5854.8,High Value Customer,27.39,Medium
7998-WNZEM,0.01,Low Risk,5722.599999999999,High Value Customer,27.37,Medium
7398-LXGYX,0.165,Low Risk,3731.2,High Value Customer,27.36,Medium
9135-MGVPY,0.0,Low Risk,5844.3,High Value Customer,27.34,Medium
6283-GITPX,0.03,Low Risk,5459.900000000001,High Value Customer,27.34,Medium
6266-QHOJZ,0.0,Low Risk,5840.25,High Value Customer,27.32,Medium
2501-XWWTZ,0.395,Low Risk,772.2,Low Priority,27.31,Medium
8079-XRJRS,0.0,Low Risk,5833.75,High Value Customer,27.29,Medium
7666-WKRON,0.21,Low Risk,3137.55,High Value Customer,27.28,Medium
8782-NUUOL,0.085,Low Risk,4740.0,High Value Customer,27.28,Medium
9933-QRGTX,0.0,Low Risk,5832.0,High Value Customer,27.28,Medium
2651-ZCBXV,0.0,Low Risk,5832.0,High Value Customer,27.28,Medium
3487-EARAT,0.05,Low Risk,5187.0,High Value Customer,27.27,Medium
9391-YZEJW,0.0,Low Risk,5828.0,High Value Customer,27.27,Medium
0197-PNKNK,0.0,Low Risk,5827.05,High Value Customer,27.26,Medium
5494-WOZRZ,0.0,Low Risk,5822.0,High Value Customer,27.24,Medium
6847-KJLTS,0.0,Low Risk,5823.200000000001,High Value Customer,27.24,Medium
9823-EALYC,0.0,Low Risk,5821.2,High Value Customer,27.23,Medium
0988-AADSA,0.0,Low Risk,5821.2,High Value Customer,27.23,Medium
8091-TTVAX,0.0,Low Risk,5820.299999999999,High Value Customer,27.23,Medium
9675-ICXCT,0.0,Low Risk,5817.599999999999,High Value Customer,27.22,Medium
0562-FGDCR,0.035,Low Risk,5367.599999999999,High Value Customer,27.21,Medium
8146-QQKZH,0.0,Low Risk,5811.349999999999,High Value Customer,27.19,Medium
2211-RMNHO,0.0,Low Risk,5800.4,High Value Customer,27.14,Medium
1897-OKVMW,0.0,Low Risk,5798.4,High Value Customer,27.13,Medium
5014-WUQMG,0.1,Low Risk,4516.7,High Value Customer,27.13,Medium
1027-LKKQQ,0.0,Low Risk,5792.400000000001,High Value Customer,27.1,Medium
1813-JYWTO,0.0,Low Risk,5792.400000000001,High Value Customer,27.1,Medium
4377-VDHYI,0.225,Low Risk,2905.6,Low Priority,27.09,Medium
9979-RGMZT,0.4,Medium Risk,658.35,Monitor,27.08,Medium
9249-FXSCK,0.0,Low Risk,5785.0,High Value Customer,27.06,Medium
2530-FMFXO,0.0,Low Risk,5779.2,High Value Customer,27.04,Medium
2378-YIZKA,0.0,Low Risk,5780.0,High Value Customer,27.04,Medium
4423-JWZJN,0.0,Low Risk,5776.0,High Value Customer,27.02,Medium
4350-ZTLPI,0.0,Low Risk,5774.35,High Value Customer,27.01,Medium
4884-TVUQF,0.0,Low Risk,5774.099999999999,High Value Customer,27.01,Medium
4900-MSOMT,0.0,Low Risk,5774.400000000001,High Value Customer,27.01,Medium
2990-OGYTD,0.0,Low Risk,5772.05,High Value Customer,27.0,Medium
0379-DJQHR,0.025,Low Risk,5450.45,High Value Customer,27.0,Medium
8840-DQLGN,0.175,Low Risk,3517.5,High Value Customer,26.96,Medium
7570-WELNY,0.0,Low Risk,5759.6,High Value Customer,26.95,Medium
1320-REHCS,0.0,Low Risk,5759.0,High Value Customer,26.94,Medium
4098-NAUKP,0.0,Low Risk,5756.200000000001,High Value Customer,26.93,Medium
5998-DZLYR,0.0,Low Risk,5755.349999999999,High Value Customer,26.93,Medium
5578-NKCXI,0.0,Low Risk,5756.5,High Value Customer,26.93,Medium
5297-MDOIR,0.05,Low Risk,5112.450000000001,High Value Customer,26.92,Medium
4237-RLAQD,0.445,Medium Risk,45.85,Monitor,26.91,Medium
2371-KFUOG,0.0,Low Risk,5750.700000000001,High Value Customer,26.9,Medium
0407-BDJKB,0.0,Low Risk,5745.0,High Value Customer,26.88,Medium
7277-OZCGZ,0.295,Low Risk,1959.1,Low Priority,26.87,Medium
8883-ANODQ,0.0,Low Risk,5739.200000000001,High Value Customer,26.85,Medium
2675-DHUTR,0.0,Low Risk,5736.200000000001,High Value Customer,26.84,Medium
8384-FZBJK,0.0,Low Risk,5734.2,High Value Customer,26.83,Medium
3768-NLUBH,0.0,Low Risk,5734.2,High Value Customer,26.83,Medium
4513-CXYIX,0.0,Low Risk,5729.7,High Value Customer,26.81,Medium
9479-HYNYL,0.0,Low Risk,5729.7,High Value Customer,26.81,Medium
2251-PYLPB,0.0,Low Risk,5727.599999999999,High Value Customer,26.8,Medium
4088-YLDSU,0.0,Low Risk,5728.25,High Value Customer,26.8,Medium
6304-IJFSQ,0.435,Medium Risk,149.7,Monitor,26.8,Medium
6331-LWDTQ,0.39,Low Risk,721.5,Low Priority,26.78,Medium
9488-FVZCC,0.0,Low Risk,5724.0,High Value Customer,26.78,Medium
0946-CLJTI,0.0,Low Risk,5724.6,High Value Customer,26.78,Medium
4742-DRORA,0.0,Low Risk,5724.0,High Value Customer,26.78,Medium
8226-BXGES,0.0,Low Risk,5724.8,High Value Customer,26.78,Medium
6655-LHBYW,0.0,Low Risk,5717.5,High Value Customer,26.75,Medium
0265-PSUAE,0.32,Low Risk,1611.2,Low Priority,26.74,Medium
4525-VZCZG,0.0,Low Risk,5715.9,High Value Customer,26.74,Medium
3214-IYUUQ,0.0,Low Risk,5715.7,High Value Customer,26.74,Medium
2234-EOFPT,0.0,Low Risk,5713.2,High Value Customer,26.73,Medium
0436-TWFFZ,0.0,Low Risk,5711.75,High Value Customer,26.72,Medium
1265-BCFEO,0.0,Low Risk,5711.95,High Value Customer,26.72,Medium
7898-PDWQE,0.0,Low Risk,5708.400000000001,High Value Customer,26.71,Medium
0036-IHMOT,0.0,Low Risk,5703.5,High Value Customer,26.68,Medium
4194-WHFCB,0.0,Low Risk,5702.35,High Value Customer,26.68,Medium
2235-EZAIK,0.0,Low Risk,5702.400000000001,High Value Customer,26.68,Medium
7560-QJAVJ,0.01,Low Risk,5572.0,High Value Customer,26.67,Medium
3005-TYFRD,0.0,Low Risk,5700.75,High Value Customer,26.67,Medium
7820-ZYGNY,0.0,Low Risk,5698.35,High Value Customer,26.66,Medium
9732-KPKBW,0.44,Medium Risk,53.95,Monitor,26.65,Medium
7055-VKGDA,0.0,Low Risk,5691.6,High Value Customer,26.63,Medium
7564-GHCVB,0.0,Low Risk,5691.599999999999,High Value Customer,26.63,Medium
3584-WKTTW,0.0,Low Risk,5689.05,High Value Customer,26.62,Medium
9110-HSGTV,0.0,Low Risk,5689.05,High Value Customer,26.62,Medium
6946-LMSQS,0.27,Low Risk,2226.25,Low Priority,26.62,Medium
7649-SIJJF,0.0,Low Risk,5687.099999999999,High Value Customer,26.61,Medium
7851-FLGGQ,0.44,Medium Risk,44.65,Monitor,26.61,Medium
2868-LLSKM,0.0,Low Risk,5688.200000000001,High Value Customer,26.61,Medium
7245-JMTTQ,0.0,Low Risk,5686.5,High Value Customer,26.6,Medium
1428-IEDPR,0.0,Low Risk,5683.599999999999,High Value Customer,26.59,Medium
2091-GPPIQ,0.0,Low Risk,5684.400000000001,High Value Customer,26.59,Medium
7722-CVFXN,0.0,Low Risk,5680.8,High Value Customer,26.58,Medium
6736-DHUQI,0.0,Low Risk,5681.599999999999,High Value Customer,26.58,Medium
8468-EHYJA,0.0,Low Risk,5680.05,High Value Customer,26.57,Medium
9065-ZCPQX,0.0,Low Risk,5677.2,High Value Customer,26.56,Medium
9412-ARGBX,0.085,Low Risk,4584.0,High Value Customer,26.55,Medium
8405-IGQFX,0.0,Low Risk,5673.15,High Value Customer,26.54,Medium
5485-ITNPC,0.0,Low Risk,5669.400000000001,High Value Customer,26.52,Medium
3679-XASPY,0.44,Medium Risk,19.45,Monitor,26.49,Medium
7901-TBKJX,0.0,Low Risk,5658.8,High Value Customer,26.47,Medium
2824-DXNKN,0.04,Low Risk,5144.400000000001,High Value Customer,26.47,Medium
8645-KOMJQ,0.0,Low Risk,5654.55,High Value Customer,26.45,Medium
7173-TETGO,0.0,Low Risk,5652.0,High Value Customer,26.44,Medium
1150-FTQGN,0.0,Low Risk,5649.0,High Value Customer,26.43,Medium
8336-TAVKX,0.0,Low Risk,5648.400000000001,High Value Customer,26.43,Medium
6439-PKTRR,0.0,Low Risk,5649.0,High Value Customer,26.43,Medium
5514-YQENT,0.085,Low Risk,4557.150000000001,High Value Customer,26.42,Medium
0929-PECLO,0.0,Low Risk,5644.799999999999,High Value Customer,26.41,Medium
5334-JLAXU,0.0,Low Risk,5646.0,High Value Customer,26.41,Medium
6248-TKCQV,0.0,Low Risk,5642.0,High Value Customer,26.4,Medium
1625-JAIIY,0.0,Low Risk,5644.0,High Value Customer,26.4,Medium
3791-LGQCY,0.0,Low Risk,5636.400000000001,High Value Customer,26.37,Medium
2302-ANTDP,0.0,Low Risk,5637.6,High Value Customer,26.37,Medium
3889-VWBID,0.0,Low Risk,5633.799999999999,High Value Customer,26.36,Medium
0895-DQHEW,0.0,Low Risk,5632.2,High Value Customer,26.35,Medium
1187-WILMM,0.0,Low Risk,5632.200000000001,High Value Customer,26.35,Medium
3094-JOJAI,0.335,Low Risk,1334.7,Low Priority,26.34,Medium
5816-JMLGY,0.0,Low Risk,5628.0,High Value Customer,26.33,Medium
0455-ENTCR,0.0,Low Risk,5626.5,High Value Customer,26.32,Medium
9651-GTSAQ,0.0,Low Risk,5623.299999999999,High Value Customer,26.31,Medium
6794-HKIAJ,0.0,Low Risk,5623.400000000001,High Value Customer,26.31,Medium
5930-GBIWP,0.0,Low Risk,5623.5,High Value Customer,26.31,Medium
3657-COGMW,0.0,Low Risk,5621.2,High Value Customer,26.3,Medium
6353-BRMMA,0.0,Low Risk,5621.4,High Value Customer,26.3,Medium
7581-EBBOU,0.11,Low Risk,4209.0,High Value Customer,26.29,Medium
4833-QTJNO,0.0,Low Risk,5617.95,High Value Customer,26.28,Medium
4710-FDUIZ,0.0,Low Risk,5616.8,High Value Customer,26.28,Medium
9359-UGBTK,0.06,Low Risk,4847.45,High Value Customer,26.28,Medium
8766-PAFNE,0.0,Low Risk,5616.099999999999,High Value Customer,26.27,Medium
4501-UYKBC,0.19,Low Risk,3178.6,High Value Customer,26.27,Medium
7579-OOPEC,0.43,Medium Risk,100.3,Monitor,26.27,Medium
0877-SDMBN,0.0,Low Risk,5613.3,High Value Customer,26.26,Medium
8231-BSWXX,0.0,Low Risk,5612.55,High Value Customer,26.26,Medium
9477-LGWQI,0.0,Low Risk,5610.5,High Value Customer,26.25,Medium
4526-ZJJTM,0.265,Low Risk,2210.0,Low Priority,26.24,Medium
5680-LQOGP,0.0,Low Risk,5606.6,High Value Customer,26.23,Medium
6158-HDPXZ,0.435,Medium Risk,25.35,Monitor,26.22,Medium
4250-WAROZ,0.0,Low Risk,5595.0,High Value Customer,26.18,Medium
0678-RLHVP,0.0,Low Risk,5594.15,High Value Customer,26.17,Medium
0356-OBMAC,0.0,Low Risk,5594.400000000001,High Value Customer,26.17,Medium
0060-FUALY,0.0,Low Risk,5590.25,High Value Customer,26.15,Medium
1091-SOZGA,0.0,Low Risk,5588.8,High Value Customer,26.15,Medium
1310-QRITU,0.365,Low Risk,905.4,Low Priority,26.14,Medium
2805-EDJPQ,0.0,Low Risk,5586.0,High Value Customer,26.13,Medium
0254-KCJGT,0.105,Low Risk,4232.8,High Value Customer,26.1,Medium
3486-HOOGQ,0.0,Low Risk,5579.0,High Value Customer,26.1,Medium
2669-QVCRG,0.175,Low Risk,3333.3,High Value Customer,26.09,Medium
3982-DQLUS,0.0,Low Risk,5573.75,High Value Customer,26.08,Medium
4137-JOPHL,0.085,Low Risk,4485.0,High Value Customer,26.08,Medium
4462-CYWMH,0.0,Low Risk,5567.599999999999,High Value Customer,26.05,Medium
8623-ULFNQ,0.3,Low Risk,1717.3,Low Priority,26.03,Medium
1573-LGXBA,0.0,Low Risk,5560.349999999999,High Value Customer,26.01,Medium
4654-ULTTN,0.025,Low Risk,5236.0,High Value Customer,26.0,Medium
8469-SNFFH,0.0,Low Risk,5558.0,High Value Customer,26.0,Medium
0744-GKNGE,0.0,Low Risk,5555.2,High Value Customer,25.99,Medium
3780-YVMFA,0.39,Low Risk,548.4,Low Priority,25.97,Medium
2696-ECXKC,0.0,Low Risk,5549.5,High Value Customer,25.96,Medium
2931-VUVJN,0.0,Low Risk,5548.95,High Value Customer,25.96,Medium
7639-OPLNG,0.0,Low Risk,5547.5,High Value Customer,25.95,Medium
7233-PAHHL,0.0,Low Risk,5544.0,High Value Customer,25.94,Medium
6332-FBZRI,0.07,Low Risk,4646.45,High Value Customer,25.94,Medium
9050-QLROH,0.305,Low Risk,1632.6,Low Priority,25.94,Medium
7520-HQWJU,0.085,Low Risk,4451.7,High Value Customer,25.93,Medium
5915-ANOEI,0.0,Low Risk,5540.5,High Value Customer,25.92,Medium
3692-JHONH,0.0,Low Risk,5538.0,High Value Customer,25.91,Medium
8060-HIWJJ,0.0,Low Risk,5539.2,High Value Customer,25.91,Medium
0397-GZBBC,0.0,Low Risk,5537.15,High Value Customer,25.9,Medium
7508-DQAKK,0.0,Low Risk,5529.6,High Value Customer,25.87,Medium
9073-ZZIAY,0.015,Low Risk,5338.2,High Value Customer,25.87,Medium
1427-VERSM,0.0,Low Risk,5527.2,High Value Customer,25.86,Medium
2649-HWLYB,0.045,Low Risk,4949.75,High Value Customer,25.86,Medium
3374-TTZTK,0.0,Low Risk,5527.599999999999,High Value Customer,25.86,Medium
8166-ORCHU,0.19,Low Risk,3087.15,High Value Customer,25.84,Medium
1832-PEUTS,0.0,Low Risk,5524.2,High Value Customer,25.84,Medium
5828-DWPIL,0.0,Low Risk,5524.2,High Value Customer,25.84,Medium
2208-UGTGR,0.0,Low Risk,5521.599999999999,High Value Customer,25.83,Medium
2391-SOORI,0.415,Medium Risk,197.4,Monitor,25.82,Medium
5446-DKWYW,0.12,Low Risk,3977.2,High Value Customer,25.81,Medium
9289-LBQVU,0.08,Low Risk,4489.6,High Value Customer,25.8,Medium
2927-CVULT,0.0,Low Risk,5514.65,High Value Customer,25.8,Medium
6916-HIJSE,0.0,Low Risk,5515.25,High Value Customer,25.8,Medium
1036-GUDCL,0.06,Low Risk,4743.0,High Value Customer,25.79,Medium
6300-BWMJX,0.0,Low Risk,5507.65,High Value Customer,25.77,Medium
3162-KKZXO,0.0,Low Risk,5508.25,High Value Customer,25.77,Medium
8722-PRFDV,0.0,Low Risk,5506.05,High Value Customer,25.76,Medium
6646-VRFOL,0.0,Low Risk,5504.049999999999,High Value Customer,25.75,Medium
2929-QNSRW,0.0,Low Risk,5502.0,High Value Customer,25.74,Medium
2203-GHNWN,0.28,Low Risk,1911.6,Low Priority,25.74,Medium
0727-BMPLR,0.0,Low Risk,5500.0,High Value Customer,25.73,Medium
8338-QIUNR,0.055,Low Risk,4788.0,High Value Customer,25.7,Medium
1492-KGETH,0.0,Low Risk,5484.5,High Value Customer,25.66,Medium
2200-DSAAL,0.0,Low Risk,5484.200000000001,High Value Customer,25.66,Medium
5013-SBUIH,0.0,Low Risk,5482.5,High Value Customer,25.65,Medium
0237-YFUTL,0.0,Low Risk,5482.5,High Value Customer,25.65,Medium
5736-YEJAX,0.0,Low Risk,5482.05,High Value Customer,25.65,Medium
0406-BPDVR,0.0,Low Risk,5481.0,High Value Customer,25.64,Medium
9036-CSKBW,0.0,Low Risk,5479.95,High Value Customer,25.64,Medium
2040-LDIWQ,0.0,Low Risk,5473.0,High Value Customer,25.6,Medium
5887-IKKYO,0.0,Low Risk,5472.299999999999,High Value Customer,25.6,Medium
5443-SCMKX,0.0,Low Risk,5469.4,High Value Customer,25.59,Medium
2863-IMQDR,0.0,Low Risk,5468.650000000001,High Value Customer,25.58,Medium
6670-MFRPK,0.0,Low Risk,5464.8,High Value Customer,25.57,Medium
2806-MLNTI,0.0,Low Risk,5465.2,High Value Customer,25.57,Medium
4360-PNRQB,0.32,Low Risk,1360.8,Low Priority,25.57,Medium
4484-GLZOU,0.0,Low Risk,5462.599999999999,High Value Customer,25.56,Medium
6952-OMNWB,0.0,Low Risk,5463.799999999999,High Value Customer,25.56,Medium
9541-ZPSEA,0.0,Low Risk,5463.799999999999,High Value Customer,25.56,Medium
4006-HKYHO,0.0,Low Risk,5462.1,High Value Customer,25.55,Medium
9220-ZNKJI,0.045,Low Risk,4884.0,High Value Customer,25.55,Medium
6769-DCQLI,0.0,Low Risk,5460.0,High Value Customer,25.54,Medium
3104-OWCGK,0.0,Low Risk,5457.0,High Value Customer,25.53,Medium
6848-YLDFR,0.085,Low Risk,4361.6,High Value Customer,25.51,Medium
1784-EZDKJ,0.0,Low Risk,5446.8,High Value Customer,25.48,Medium
9795-NREXC,0.0,Low Risk,5440.0,High Value Customer,25.45,Medium
2144-BFDSO,0.0,Low Risk,5437.5,High Value Customer,25.44,Medium
6568-POCUI,0.09,Low Risk,4284.0,High Value Customer,25.44,Medium
3005-NFMTA,0.0,Low Risk,5434.0,High Value Customer,25.42,Medium
7404-JLKQG,0.41,Medium Risk,172.64999999999998,Monitor,25.41,Medium
8421-WZOOW,0.0,Low Risk,5432.099999999999,High Value Customer,25.41,Medium
5732-IKGQH,0.0,Low Risk,5431.400000000001,High Value Customer,25.41,Medium
5827-MWCZK,0.0,Low Risk,5429.2,High Value Customer,25.4,Medium
1447-PJGGA,0.0,Low Risk,5429.25,High Value Customer,25.4,Medium
9101-BWFSS,0.0,Low Risk,5427.5,High Value Customer,25.39,Medium
4007-NHVHI,0.0,Low Risk,5423.599999999999,High Value Customer,25.37,Medium
0565-IYCGT,0.0,Low Risk,5423.4,High Value Customer,25.37,Medium
5385-SUIRI,0.0,Low Risk,5418.400000000001,High Value Customer,25.35,Medium
5708-EVONK,0.0,Low Risk,5417.200000000001,High Value Customer,25.34,Medium
8961-QDZZJ,0.0,Low Risk,5415.0,High Value Customer,25.33,Medium
9140-CZQZZ,0.0,Low Risk,5412.799999999999,High Value Customer,25.32,Medium
7550-WIQVA,0.0,Low Risk,5412.5,High Value Customer,25.32,Medium
6869-FGJJC,0.0,Low Risk,5412.799999999999,High Value Customer,25.32,Medium
8205-VSLRB,0.0,Low Risk,5411.0,High Value Customer,25.31,Medium
3654-ARMGP,0.0,Low Risk,5407.650000000001,High Value Customer,25.3,Medium
1676-MQAOA,0.0,Low Risk,5407.2,High Value Customer,25.3,Medium
5515-AKOAJ,0.0,Low Risk,5405.4,High Value Customer,25.29,Medium
0931-MHTEM,0.0,Low Risk,5402.7,High Value Customer,25.28,Medium
6556-DBKZF,0.0,Low Risk,5399.55,High Value Customer,25.26,Medium
9700-ISPUP,0.37,Low Risk,655.0,Low Priority,25.26,Medium
7803-XOCCZ,0.08,Low Risk,4370.599999999999,High Value Customer,25.25,Medium
2636-SJDOU,0.0,Low Risk,5395.2,High Value Customer,25.24,Medium
1215-FIGMP,0.0,Low Risk,5394.0,High Value Customer,25.24,Medium
6586-MYGKD,0.0,Low Risk,5386.5,High Value Customer,25.2,Medium
1930-WNXSB,0.0,Low Risk,5385.299999999999,High Value Customer,25.19,Medium
8619-IJNDK,0.065,Low Risk,4547.55,High Value Customer,25.18,Medium
8590-YFFQO,0.065,Low Risk,4546.5,High Value Customer,25.17,Medium
4468-YDOVK,0.4,Medium Risk,243.25,Monitor,25.14,Medium
0123-CRBRT,0.0,Low Risk,5374.099999999999,High Value Customer,25.14,Medium
3428-MMGUB,0.0,Low Risk,5373.0,High Value Customer,25.14,Medium
8099-MZPUJ,0.0,Low Risk,5366.4,High Value Customer,25.11,Medium
0924-BJCRC,0.0,Low Risk,5367.0,High Value Customer,25.11,Medium
9227-YBAXE,0.0,Low Risk,5362.5,High Value Customer,25.09,Medium
4062-HBMOS,0.0,Low Risk,5358.599999999999,High Value Customer,25.07,Medium
2267-WTPYD,0.0,Low Risk,5358.0,High Value Customer,25.07,Medium
0336-PIKEI,0.0,Low Risk,5356.8,High Value Customer,25.06,Medium
7629-WFGLW,0.0,Low Risk,5356.400000000001,High Value Customer,25.06,Medium
8468-FZTOE,0.0,Low Risk,5353.2,High Value Customer,25.04,Medium
7130-YXBRO,0.0,Low Risk,5349.6,High Value Customer,25.03,Medium
0961-ZWLVI,0.0,Low Risk,5350.8,High Value Customer,25.03,Medium
4737-HOBAX,0.025,Low Risk,5027.4,High Value Customer,25.02,Medium
2070-FNEXE,0.375,Low Risk,535.15,Low Priority,25.0,Medium
0716-BQNDX,0.0,Low Risk,5343.75,High Value Customer,25.0,Medium
8160-HOWOX,0.38,Low Risk,467.94999999999993,Low Priority,24.99,Low
8152-UOBNY,0.0,Low Risk,5340.0,High Value Customer,24.98,Low
4355-HBJHH,0.0,Low Risk,5339.900000000001,High Value Customer,24.98,Low
1032-MAELW,0.0,Low Risk,5334.6,High Value Customer,24.96,Low
9746-MDMBK,0.0,Low Risk,5332.150000000001,High Value Customer,24.95,Low
0014-BMAQU,0.0,Low Risk,5332.950000000001,High Value Customer,24.95,Low
9348-ROUAI,0.0,Low Risk,5327.7,High Value Customer,24.92,Low
6013-BHCAW,0.03,Low Risk,4941.0,High Value Customer,24.92,Low
6870-ZWMNX,0.0,Low Risk,5327.0,High Value Customer,24.92,Low
1264-BYWMS,0.0,Low Risk,5324.0,High Value Customer,24.91,Low
5447-WZAFP,0.0,Low Risk,5315.9,High Value Customer,24.87,Low
8166-ZZTFS,0.0,Low Risk,5316.3,High Value Customer,24.87,Low
5402-HTOTQ,0.345,Low Risk,884.8,Low Priority,24.84,Low
8444-WRIDW,0.0,Low Risk,5309.7,High Value Customer,24.84,Low
1004-NOZNR,0.0,Low Risk,5308.8,High Value Customer,24.84,Low
4001-TSBTV,0.0,Low Risk,5309.9,High Value Customer,24.84,Low
5213-TWWJU,0.215,Low Risk,2548.0,Low Priority,24.82,Low
8390-FESFV,0.005,Low Risk,5239.0,High Value Customer,24.81,Low
1228-FZFRV,0.0,Low Risk,5297.5,High Value Customer,24.78,Low
6917-YACBP,0.0,Low Risk,5295.25,High Value Customer,24.77,Low
2055-BFOCC,0.0,Low Risk,5292.0,High Value Customer,24.76,Low
6386-SZZKH,0.0,Low Risk,5289.55,High Value Customer,24.75,Low
5327-XOKKY,0.0,Low Risk,5288.400000000001,High Value Customer,24.74,Low
3143-ILDAL,0.0,Low Risk,5289.2,High Value Customer,24.74,Low
9481-WHGWY,0.0,Low Risk,5274.5,High Value Customer,24.68,Low
3166-PNEOF,0.0,Low Risk,5273.45,High Value Customer,24.67,Low
0320-DWVTU,0.0,Low Risk,5273.5,High Value Customer,24.67,Low
5321-NTRKC,0.0,Low Risk,5270.099999999999,High Value Customer,24.66,Low
1100-DDVRV,0.345,Low Risk,846.5999999999999,Low Priority,24.66,Low
6691-CCIHA,0.0,Low Risk,5266.900000000001,High Value Customer,24.64,Low
0661-KBKPA,0.085,Low Risk,4173.75,High Value Customer,24.63,Low
5811-IWXYM,0.0,Low Risk,5265.0,High Value Customer,24.63,Low
2954-PIBKO,0.065,Low Risk,4426.35,High Value Customer,24.61,Low
0459-SPZHJ,0.0,Low Risk,5260.5,High Value Customer,24.61,Low
6384-VMJHP,0.0,Low Risk,5256.0,High Value Customer,24.59,Low
7401-JIXNM,0.025,Low Risk,4930.2,High Value Customer,24.57,Low
7516-GMHUV,0.0,Low Risk,5252.5,High Value Customer,24.57,Low
6035-RIIOM,0.0,Low Risk,5248.8,High Value Customer,24.56,Low
2786-GCDPI,0.0,Low Risk,5247.5,High Value Customer,24.55,Low
8414-OOEEL,0.0,Low Risk,5247.0,High Value Customer,24.55,Low
8631-NBHFZ,0.0,Low Risk,5240.400000000001,High Value Customer,24.52,Low
2139-FQHLM,0.275,Low Risk,1709.05,Low Priority,24.5,Low
1658-XUHBX,0.0,Low Risk,5236.25,High Value Customer,24.5,Low
2957-JIRMN,0.0,Low Risk,5235.900000000001,High Value Customer,24.5,Low
6685-GBWJZ,0.06,Low Risk,4460.4,High Value Customer,24.47,Low
6194-HBGQN,0.085,Low Risk,4138.650000000001,High Value Customer,24.46,Low
6121-TNHBO,0.0,Low Risk,5229.0,High Value Customer,24.46,Low
0988-JRWWP,0.395,Low Risk,162.60000000000002,Low Priority,24.46,Low
2882-WDTBA,0.0,Low Risk,5226.75,High Value Customer,24.45,Low
9770-KXGQU,0.0,Low Risk,5225.799999999999,High Value Customer,24.45,Low
1169-SAOCL,0.0,Low Risk,5225.85,High Value Customer,24.45,Low
5855-EIBDE,0.0,Low Risk,5225.85,High Value Customer,24.45,Low
6402-EJMWF,0.39,Low Risk,221.2,Low Priority,24.43,Low
5802-ADBRC,0.0,Low Risk,5220.0,High Value Customer,24.42,Low
8932-CZHRQ,0.0,Low Risk,5219.0,High Value Customer,24.42,Low
5781-RFZRP,0.0,Low Risk,5218.5,High Value Customer,24.41,Low
1323-OOEPC,0.0,Low Risk,5215.200000000001,High Value Customer,24.4,Low
3470-OBUET,0.02,Low Risk,4958.0,High Value Customer,24.4,Low
8268-YDIXR,0.0,Low Risk,5216.400000000001,High Value Customer,24.4,Low
3253-HKOKL,0.0,Low Risk,5215.599999999999,High Value Customer,24.4,Low
2205-LPVGL,0.0,Low Risk,5211.299999999999,High Value Customer,24.38,Low
3807-BPOMJ,0.0,Low Risk,5211.25,High Value Customer,24.38,Low
4789-KWMXN,0.0,Low Risk,5209.95,High Value Customer,24.37,Low
5676-CFLYY,0.0,Low Risk,5207.849999999999,High Value Customer,24.36,Low
6421-SZVEM,0.225,Low Risk,2319.8,Low Priority,24.35,Low
9659-QEQSY,0.0,Low Risk,5204.25,High Value Customer,24.35,Low
1265-ZFOSD,0.0,Low Risk,5203.2,High Value Customer,24.34,Low
0083-PIVIK,0.0,Low Risk,5200.0,High Value Customer,24.33,Low
3200-MNQTF,0.035,Low Risk,4750.3,High Value Customer,24.32,Low
7271-AJDTL,0.0,Low Risk,5194.75,High Value Customer,24.3,Low
4737-AQCPU,0.0,Low Risk,5191.2,High Value Customer,24.29,Low
3804-RVTGV,0.0,Low Risk,5192.5,High Value Customer,24.29,Low
1842-EZJMK,0.0,Low Risk,5185.0,High Value Customer,24.26,Low
5294-IMHHT,0.0,Low Risk,5180.75,High Value Customer,24.24,Low
7711-YIJWC,0.0,Low Risk,5178.900000000001,High Value Customer,24.23,Low
6953-PBDIN,0.005,Low Risk,5106.5,High Value Customer,24.19,Low
4816-OKWNX,0.0,Low Risk,5170.0,High Value Customer,24.19,Low
4293-ETKAP,0.0,Low Risk,5161.0,High Value Customer,24.15,Low
7855-DIWPO,0.29,Low Risk,1441.65,Low Priority,24.14,Low
5414-OFQCB,0.0,Low Risk,5155.650000000001,High Value Customer,24.12,Low
6394-MFYNG,0.0,Low Risk,5155.200000000001,High Value Customer,24.12,Low
2931-XIQBR,0.0,Low Risk,5152.5,High Value Customer,24.11,Low
4322-RCYMT,0.0,Low Risk,5154.4,High Value Customer,24.11,Low
6599-RCLCJ,0.0,Low Risk,5148.849999999999,High Value Customer,24.09,Low
1346-UFHAX,0.32,Low Risk,1040.0,Low Priority,24.07,Low
9048-JVYVF,0.385,Low Risk,208.05,Low Priority,24.07,Low
8348-JLBUG,0.0,Low Risk,5139.2,High Value Customer,24.04,Low
0621-HJWXJ,0.0,Low Risk,5137.65,High Value Customer,24.04,Low
6838-YAUVY,0.0,Low Risk,5135.4,High Value Customer,24.03,Low
3913-FCUUW,0.005,Low Risk,5072.400000000001,High Value Customer,24.03,Low
9013-AQORL,0.23,Low Risk,2186.4,Low Priority,24.03,Low
5195-KPUNQ,0.0,Low Risk,5127.75,High Value Customer,23.99,Low
1498-NHTLT,0.0,Low Risk,5118.25,High Value Customer,23.95,Low
1732-FEKLD,0.0,Low Risk,5116.5,High Value Customer,23.94,Low
1471-GIQKQ,0.395,Low Risk,49.95,Low Priority,23.93,Low
0013-MHZWF,0.35,Low Risk,624.6,Low Priority,23.92,Low
7524-VRLPL,0.0,Low Risk,5112.9,High Value Customer,23.92,Low
2758-RNWXS,0.155,Low Risk,3122.0,High Value Customer,23.91,Low
7164-BPTUT,0.0,Low Risk,5104.349999999999,High Value Customer,23.88,Low
4472-VESGY,0.0,Low Risk,5103.8,High Value Customer,23.88,Low
1950-KSVVJ,0.0,Low Risk,5098.5,High Value Customer,23.85,Low
7654-YWJUF,0.115,Low Risk,3622.75,High Value Customer,23.85,Low
6901-GOGZG,0.0,Low Risk,5097.0,High Value Customer,23.85,Low
4676-MQUEA,0.0,Low Risk,5095.0,High Value Customer,23.84,Low
1899-VXWXM,0.0,Low Risk,5092.799999999999,High Value Customer,23.83,Low
9822-BIIGN,0.1,Low Risk,3808.05,High Value Customer,23.82,Low
0973-KYVNF,0.0,Low Risk,5086.8,High Value Customer,23.8,Low
9391-LMANN,0.0,Low Risk,5085.35,High Value Customer,23.79,Low
7103-ZGVNT,0.0,Low Risk,5085.3,High Value Customer,23.79,Low
2858-EIMXH,0.0,Low Risk,5080.049999999999,High Value Customer,23.77,Low
0956-ACVZC,0.0,Low Risk,5081.4,High Value Customer,23.77,Low
0280-XJGEX,0.0,Low Risk,5081.3,High Value Customer,23.77,Low
5803-NQJZO,0.015,Low Risk,4881.599999999999,High Value Customer,23.74,Low
9943-VSZUV,0.0,Low Risk,5071.900000000001,High Value Customer,23.73,Low
1020-JPQOW,0.0,Low Risk,5070.8,High Value Customer,23.72,Low
7576-JMYWV,0.0,Low Risk,5069.2,High Value Customer,23.72,Low
8311-UEUAB,0.0,Low Risk,5058.5,High Value Customer,23.67,Low
0691-IFBQW,0.0,Low Risk,5060.0,High Value Customer,23.67,Low
2796-UUZZO,0.0,Low Risk,5058.9,High Value Customer,23.67,Low
6741-QRLUP,0.0,Low Risk,5058.9,High Value Customer,23.67,Low
0909-SELIE,0.01,Low Risk,4928.8,High Value Customer,23.66,Low
6891-JPYFF,0.0,Low Risk,5052.0,High Value Customer,23.64,Low
1599-MMYRQ,0.0,Low Risk,5049.900000000001,High Value Customer,23.63,Low
6253-GNHWH,0.0,Low Risk,5048.099999999999,High Value Customer,23.62,Low
6480-YAGIY,0.0,Low Risk,5049.0,High Value Customer,23.62,Low
5649-RXQTV,0.0,Low Risk,5049.0,High Value Customer,23.62,Low
8133-ANHHJ,0.0,Low Risk,5047.0,High Value Customer,23.61,Low
5103-MHMHY,0.39,Low Risk,45.95,Low Priority,23.61,Low
5118-MUEYH,0.0,Low Risk,5044.799999999999,High Value Customer,23.6,Low
4566-GOLUK,0.0,Low Risk,5045.45,High Value Customer,23.6,Low
2911-WDXMV,0.28,Low Risk,1449.9,Low Priority,23.58,Low
9470-YFUYI,0.0,Low Risk,5041.0,High Value Customer,23.58,Low
1088-CNNKB,0.0,Low Risk,5040.0,High Value Customer,23.58,Low
3055-VTCGS,0.105,Low Risk,3688.65,High Value Customer,23.56,Low
9389-ACWBI,0.365,Low Risk,349.75,Low Priority,23.54,Low
9251-WNSOD,0.0,Low Risk,5031.7,High Value Customer,23.54,Low
5671-UUNXD,0.0,Low Risk,5032.5,High Value Customer,23.54,Low
5846-NEQVZ,0.0,Low Risk,5030.349999999999,High Value Customer,23.53,Low
0270-THENM,0.0,Low Risk,5029.2,High Value Customer,23.53,Low
4671-VJLCL,0.0,Low Risk,5030.549999999999,High Value Customer,23.53,Low
8992-CEUEN,0.3904999999999999,Low Risk,18.85,Low Priority,23.52,Low
0691-JVSYA,0.0,Low Risk,5027.049999999999,High Value Customer,23.52,Low
1935-IMVBB,0.0,Low Risk,5023.2,High Value Customer,23.5,Low
6418-PIQSP,0.0,Low Risk,5022.0,High Value Customer,23.49,Low
2325-ZUSFD,0.08,Low Risk,3995.7,High Value Customer,23.49,Low
9199-PWQVC,0.0,Low Risk,5021.1,High Value Customer,23.49,Low
3795-GWTRD,0.02,Low Risk,4759.65,High Value Customer,23.47,Low
8552-OBVRU,0.0,Low Risk,5016.0,High Value Customer,23.47,Low
0229-LFJAF,0.0,Low Risk,5014.8,High Value Customer,23.46,Low
4366-CTOUZ,0.0,Low Risk,5010.0,High Value Customer,23.44,Low
0345-XMMUG,0.0,Low Risk,5009.400000000001,High Value Customer,23.44,Low
4238-HFHSN,0.0,Low Risk,5011.150000000001,High Value Customer,23.44,Low
1527-SXDPN,0.0,Low Risk,5005.0,High Value Customer,23.42,Low
5934-TSSAU,0.255,Low Risk,1731.9,Low Priority,23.4,Low
5630-IXDXV,0.0,Low Risk,4998.45,High Value Customer,23.38,Low
3927-NLNRY,0.0,Low Risk,4995.25,High Value Customer,23.37,Low
2178-PMGCJ,0.27,Low Risk,1533.4,Low Priority,23.37,Low
7470-MCQTK,0.34,Low Risk,633.75,Low Priority,23.36,Low
9909-DFRJA,0.195,Low Risk,2492.1,Low Priority,23.36,Low
3259-QMXUN,0.0,Low Risk,4993.799999999999,High Value Customer,23.36,Low
5498-IBWPI,0.135,Low Risk,3260.4,High Value Customer,23.35,Low
8276-MQBYC,0.0,Low Risk,4987.8,High Value Customer,23.33,Low
2038-LLMLM,0.0,Low Risk,4984.799999999999,High Value Customer,23.32,Low
2363-BJLSL,0.0,Low Risk,4984.8,High Value Customer,23.32,Low
4355-CVPVS,0.0,Low Risk,4978.400000000001,High Value Customer,23.29,Low
5628-RKIFK,0.0,Low Risk,4975.95,High Value Customer,23.28,Low
4307-KTUMW,0.0,Low Risk,4976.700000000001,High Value Customer,23.28,Low
4918-FYJNT,0.0,Low Risk,4974.75,High Value Customer,23.27,Low
7449-HVPIV,0.0,Low Risk,4972.0,High Value Customer,23.26,Low
7103-IPXPJ,0.0,Low Risk,4970.0,High Value Customer,23.25,Low
5893-PYOLZ,0.03,Low Risk,4580.8,High Value Customer,23.23,Low
2256-YLYLP,0.0,Low Risk,4960.6,High Value Customer,23.21,Low
9691-HKOVS,0.0,Low Risk,4958.25,High Value Customer,23.2,Low
3569-VLDHH,0.0,Low Risk,4956.599999999999,High Value Customer,23.19,Low
6120-RJKLU,0.0,Low Risk,4956.900000000001,High Value Customer,23.19,Low
4800-CZMPC,0.0,Low Risk,4956.0,High Value Customer,23.19,Low
0887-WBJVH,0.0,Low Risk,4952.85,High Value Customer,23.17,Low
4685-ERGHK,0.0,Low Risk,4953.3,High Value Customer,23.17,Low
8039-ACLPL,0.0,Low Risk,4950.0,High Value Customer,23.16,Low
8993-PHFWD,0.38,Low Risk,75.75,Low Priority,23.15,Low
1557-EMYVT,0.0,Low Risk,4947.15,High Value Customer,23.14,Low
9548-LIGTA,0.0,Low Risk,4944.05,High Value Customer,23.13,Low
2040-VZIKE,0.0,Low Risk,4941.65,High Value Customer,23.12,Low
7446-KQISO,0.0,Low Risk,4938.75,High Value Customer,23.11,Low
6754-LZUKA,0.0,Low Risk,4934.900000000001,High Value Customer,23.09,Low
1541-ETJZO,0.38,Low Risk,62.05,Low Priority,23.09,Low
4785-QRJHC,0.17,Low Risk,2755.4,Low Priority,23.09,Low
5278-PNYOX,0.0,Low Risk,4931.85,High Value Customer,23.07,Low
3190-XFANI,0.0,Low Risk,4929.4,High Value Customer,23.06,Low
7169-YWAMK,0.0,Low Risk,4924.8,High Value Customer,23.04,Low
0771-CHWSK,0.0,Low Risk,4923.599999999999,High Value Customer,23.03,Low
9432-RUVSL,0.0,Low Risk,4920.0,High Value Customer,23.02,Low
5609-IMCGG,0.285,Low Risk,1265.25,Low Priority,23.02,Low
4070-OKWVH,0.0,Low Risk,4919.2,High Value Customer,23.01,Low
1810-BOHSY,0.0,Low Risk,4916.400000000001,High Value Customer,23.0,Low
8760-ZRHKE,0.0,Low Risk,4913.2,High Value Customer,22.99,Low
7346-MEDWM,0.0,Low Risk,4911.75,High Value Customer,22.98,Low
6087-YPWHO,0.0,Low Risk,4906.8,High Value Customer,22.96,Low
3162-ZJZFU,0.0,Low Risk,4905.15,High Value Customer,22.95,Low
1096-ADRUX,0.0,Low Risk,4900.5,High Value Customer,22.93,Low
5161-XEUVX,0.11,Low Risk,3489.1,High Value Customer,22.92,Low
9227-LUNBG,0.38,Low Risk,24.6,Low Priority,22.92,Low
5136-RGMZO,0.21,Low Risk,2202.55,Low Priority,22.9,Low
8406-LNMHF,0.0,Low Risk,4894.05,High Value Customer,22.9,Low
3384-CTMSF,0.0,Low Risk,4892.7,High Value Customer,22.89,Low
5641-DMBFJ,0.0,Low Risk,4889.4,High Value Customer,22.87,Low
0258-NOKBL,0.36,Low Risk,271.20000000000005,Low Priority,22.87,Low
4560-WQAQW,0.065,Low Risk,4053.3,High Value Customer,22.86,Low
4892-VLANZ,0.3792999999999999,Low Risk,19.8,Low Priority,22.85,Low
1023-BQXZE,0.05,Low Risk,4237.95,High Value Customer,22.83,Low
3244-DCJWY,0.375,Low Risk,70.25,Low Priority,22.83,Low
1216-BGTSP,0.0,Low Risk,4880.25,High Value Customer,22.83,Low
9732-EQMWY,0.0,Low Risk,4870.6,High Value Customer,22.79,Low
2612-PHGOX,0.0,Low Risk,4870.4,High Value Customer,22.79,Low
2284-VFLKH,0.0,Low Risk,4863.25,High Value Customer,22.75,Low
5458-CQJTA,0.0,Low Risk,4862.0,High Value Customer,22.75,Low
5536-RTPWK,0.0,Low Risk,4853.45,High Value Customer,22.71,Low
4531-AUZNK,0.0,Low Risk,4852.650000000001,High Value Customer,22.7,Low
1485-YDHMM,0.0,Low Risk,4849.0,High Value Customer,22.69,Low
7975-TZMLR,0.0,Low Risk,4845.7,High Value Customer,22.67,Low
9500-IWPXQ,0.0,Low Risk,4843.400000000001,High Value Customer,22.66,Low
9489-DEDVP,0.0,Low Risk,4844.0,High Value Customer,22.66,Low
0880-FVFWF,0.0,Low Risk,4838.400000000001,High Value Customer,22.64,Low
5115-GZDEL,0.0,Low Risk,4838.400000000001,High Value Customer,22.64,Low
8495-PRWFH,0.195,Low Risk,2337.3,Low Priority,22.63,Low
6988-CJEYV,0.0,Low Risk,4836.3,High Value Customer,22.63,Low
8945-MUQUF,0.0,Low Risk,4834.8,High Value Customer,22.62,Low
5394-MEITZ,0.0,Low Risk,4836.0,High Value Customer,22.62,Low
2054-PJOCK,0.0,Low Risk,4833.0,High Value Customer,22.61,Low
7402-PWYJJ,0.0,Low Risk,4830.950000000001,High Value Customer,22.6,Low
6689-VRRTK,0.0,Low Risk,4831.2,High Value Customer,22.6,Low
3325-FUYCG,0.145,Low Risk,2970.8,Low Priority,22.6,Low
5364-XYIRR,0.0,Low Risk,4827.150000000001,High Value Customer,22.58,Low
4915-BFSXL,0.0,Low Risk,4826.5,High Value Customer,22.58,Low
1965-DDBWU,0.265,Low Risk,1424.8,Low Priority,22.57,Low
3533-UVMOM,0.0,Low Risk,4824.6,High Value Customer,22.57,Low
2077-DDHJK,0.0,Low Risk,4821.200000000001,High Value Customer,22.56,Low
2753-JMMCV,0.0,Low Risk,4823.0,High Value Customer,22.56,Low
3545-CNWRG,0.0,Low Risk,4819.15,High Value Customer,22.55,Low
9297-FVVDH,0.0,Low Risk,4816.5,High Value Customer,22.53,Low
1266-NZYUI,0.0,Low Risk,4813.2,High Value Customer,22.52,Low
9378-FXTIZ,0.08,Low Risk,3788.1,High Value Customer,22.52,Low
3500-NSDOA,0.0,Low Risk,4814.4,High Value Customer,22.52,Low
8189-HBVRW,0.0,Low Risk,4812.4,High Value Customer,22.51,Low
0365-GXEZS,0.265,Low Risk,1407.6,Low Priority,22.49,Low
9711-FJTBX,0.0,Low Risk,4807.599999999999,High Value Customer,22.49,Low
7399-QHBJS,0.0,Low Risk,4806.0,High Value Customer,22.48,Low
2669-OIDSD,0.0,Low Risk,4802.4,High Value Customer,22.47,Low
6603-QWSPR,0.0,Low Risk,4802.400000000001,High Value Customer,22.47,Low
7622-FWGEW,0.0,Low Risk,4796.400000000001,High Value Customer,22.44,Low
0769-MURVM,0.005,Low Risk,4730.400000000001,High Value Customer,22.43,Low
7921-LMDFQ,0.0,Low Risk,4794.0,High Value Customer,22.43,Low
5018-GWURO,0.0,Low Risk,4793.599999999999,High Value Customer,22.43,Low
3115-JPJDD,0.0,Low Risk,4793.75,High Value Customer,22.43,Low
9565-JSNFM,0.165,Low Risk,2677.1,Low Priority,22.42,Low
1122-YJBCS,0.085,Low Risk,3701.85,High Value Customer,22.42,Low
7480-QNVZJ,0.0,Low Risk,4785.0,High Value Customer,22.39,Low
6212-ATMLK,0.0,Low Risk,4785.0,High Value Customer,22.39,Low
1545-ACTAS,0.0,Low Risk,4785.6,High Value Customer,22.39,Low
4057-FKCZK,0.0,Low Risk,4785.0,High Value Customer,22.39,Low
0301-FIDRB,0.015,Low Risk,4593.599999999999,High Value Customer,22.39,Low
3062-ICYZQ,0.0,Low Risk,4783.8,High Value Customer,22.38,Low
8749-JMNKX,0.0,Low Risk,4783.8,High Value Customer,22.38,Low
1136-XGEQU,0.045,Low Risk,4207.5,High Value Customer,22.38,Low
9968-FFVVH,0.035,Low Risk,4334.4,High Value Customer,22.38,Low
2720-FVBQP,0.35,Low Risk,293.70000000000005,Low Priority,22.37,Low
8659-HDIYE,0.0,Low Risk,4777.6,High Value Customer,22.35,Low
1816-FLZDK,0.37,Low Risk,29.15,Low Priority,22.34,Low
1591-MQJTP,0.0,Low Risk,4776.150000000001,High Value Customer,22.34,Low
3902-MIVLE,0.0,Low Risk,4769.1,High Value Customer,22.31,Low
5099-BAILX,0.0,Low Risk,4762.25,High Value Customer,22.28,Low
1455-HFBXA,0.0,Low Risk,4763.2,High Value Customer,22.28,Low
5148-ORICT,0.0,Low Risk,4758.4,High Value Customer,22.26,Low
5208-FVQKB,0.0,Low Risk,4756.5,High Value Customer,22.25,Low
2782-LFZVW,0.32,Low Risk,648.45,Low Priority,22.23,Low
0233-FTHAV,0.0,Low Risk,4752.0,High Value Customer,22.23,Low
7064-FRRSW,0.0,Low Risk,4752.0,High Value Customer,22.23,Low
4079-VTGLK,0.195,Low Risk,2245.5,Low Priority,22.21,Low
9803-FTJCG,0.0,Low Risk,4746.349999999999,High Value Customer,22.21,Low
7047-FWEYA,0.0,Low Risk,4744.900000000001,High Value Customer,22.2,Low
0750-EBAIU,0.0,Low Risk,4745.0,High Value Customer,22.2,Low
1866-DIOQZ,0.0,Low Risk,4742.8,High Value Customer,22.19,Low
9079-LWTFD,0.0,Low Risk,4735.25,High Value Customer,22.15,Low
3896-RCYYE,0.09,Low Risk,3577.8,High Value Customer,22.14,Low
9408-HRXRK,0.0,Low Risk,4731.75,High Value Customer,22.14,Low
2480-SQIOB,0.355,Low Risk,179.2,Low Priority,22.14,Low
5360-XGYAZ,0.0,Low Risk,4726.8,High Value Customer,22.11,Low
2672-OJQZP,0.365,Low Risk,44.75,Low Priority,22.11,Low
8908-NMQTX,0.0,Low Risk,4723.2,High Value Customer,22.1,Low
0434-CSFON,0.0,Low Risk,4723.5,High Value Customer,22.1,Low
2267-FPIMA,0.0,Low Risk,4720.0,High Value Customer,22.08,Low
4079-WWQQQ,0.0,Low Risk,4719.599999999999,High Value Customer,22.08,Low
6115-ZTBFQ,0.0,Low Risk,4716.0,High Value Customer,22.06,Low
5655-JSMZM,0.0,Low Risk,4713.8,High Value Customer,22.05,Low
3780-DDGSE,0.16,Low Risk,2661.75,Low Priority,22.05,Low
9360-AHGNL,0.0,Low Risk,4710.65,High Value Customer,22.04,Low
2890-WFBHU,0.0,Low Risk,4711.15,High Value Customer,22.04,Low
0687-ZVTHB,0.0,Low Risk,4709.25,High Value Customer,22.03,Low
7609-YBPXG,0.0,Low Risk,4703.4,High Value Customer,22.0,Low
8634-MPHTR,0.0,Low Risk,4702.349999999999,High Value Customer,22.0,Low
0533-BNWKF,0.0,Low Risk,4699.75,High Value Customer,21.99,Low
3850-OKINF,0.0,Low Risk,4700.2,High Value Customer,21.99,Low
9443-JUBUO,0.0,Low Risk,4698.0,High Value Customer,21.98,Low
7860-UXCRM,0.0,Low Risk,4693.5,High Value Customer,21.96,Low
7781-HVGMK,0.0,Low Risk,4694.400000000001,High Value Customer,21.96,Low
4361-BKAXE,0.0,Low Risk,4694.5,High Value Customer,21.96,Low
9242-TKFSV,0.0,Low Risk,4687.2,High Value Customer,21.93,Low
4648-YPBTM,0.06,Low Risk,3916.7,High Value Customer,21.92,Low
8610-WFCJF,0.0,Low Risk,4684.4,High Value Customer,21.92,Low
4128-ETESU,0.0,Low Risk,4685.900000000001,High Value Customer,21.92,Low
5996-EBTKM,0.0,Low Risk,4683.3,High Value Customer,21.91,Low
2404-JIBFC,0.0,Low Risk,4680.5,High Value Customer,21.9,Low
3541-ZNUHK,0.0,Low Risk,4680.5,High Value Customer,21.9,Low
7824-PANSQ,0.0,Low Risk,4677.700000000001,High Value Customer,21.88,Low
4334-HOWRP,0.0,Low Risk,4676.400000000001,High Value Customer,21.88,Low
8016-ZMGMO,0.0,Low Risk,4676.099999999999,High Value Customer,21.88,Low
3316-UWXUY,0.0,Low Risk,4675.0,High Value Customer,21.87,Low
0701-RFGFI,0.0,Low Risk,4674.6,High Value Customer,21.87,Low
9845-PEEKO,0.0,Low Risk,4672.8,High Value Customer,21.86,Low
9115-YQHGA,0.205,Low Risk,2044.0,Low Priority,21.86,Low
6467-CHFZW,0.0,Low Risk,4669.45,High Value Customer,21.85,Low
3948-KXDUF,0.01,Low Risk,4537.5,High Value Customer,21.83,Low
5275-PMFUT,0.0,Low Risk,4665.599999999999,High Value Customer,21.83,Low
8204-YJCLA,0.0,Low Risk,4665.599999999999,High Value Customer,21.83,Low
4393-RYCRE,0.0,Low Risk,4666.2,High Value Customer,21.83,Low
5820-PTRYM,0.065,Low Risk,3833.2,High Value Customer,21.83,Low
3932-IJWDZ,0.0,Low Risk,4664.25,High Value Customer,21.82,Low
9499-XPZXM,0.0,Low Risk,4662.0,High Value Customer,21.81,Low
9158-VCTQB,0.0,Low Risk,4657.599999999999,High Value Customer,21.79,Low
6166-YIPFO,0.0,Low Risk,4658.400000000001,High Value Customer,21.79,Low
3594-KADLU,0.355,Low Risk,105.3,Low Priority,21.79,Low
6821-JPCDC,0.0,Low Risk,4658.4,High Value Customer,21.79,Low
0292-WEGCH,0.0,Low Risk,4654.8,High Value Customer,21.78,Low
8626-PTQGE,0.04,Low Risk,4143.45,High Value Customer,21.78,Low
2014-MKGMH,0.0,Low Risk,4650.599999999999,High Value Customer,21.76,Low
6179-GJPSO,0.0,Low Risk,4650.45,High Value Customer,21.76,Low
5327-CNLUQ,0.0,Low Risk,4651.200000000001,High Value Customer,21.76,Low
4433-JCGCG,0.0,Low Risk,4646.0,High Value Customer,21.74,Low
5524-KHNJP,0.17,Low Risk,2466.75,Low Priority,21.74,Low
6322-PJJDJ,0.0,Low Risk,4645.2,High Value Customer,21.73,Low
5456-ITGIC,0.0,Low Risk,4640.400000000001,High Value Customer,21.71,Low
7860-KSUGX,0.0,Low Risk,4640.400000000001,High Value Customer,21.71,Low
7109-CQYUZ,0.0,Low Risk,4641.0,High Value Customer,21.71,Low
4139-DETXS,0.0,Low Risk,4640.400000000001,High Value Customer,21.71,Low
7197-VOJMM,0.0,Low Risk,4636.400000000001,High Value Customer,21.69,Low
7191-ADRGF,0.175,Low Risk,2389.2,Low Priority,21.68,Low
7641-EUYET,0.0,Low Risk,4632.2,High Value Customer,21.67,Low
1867-TJHTS,0.0,Low Risk,4628.4,High Value Customer,21.65,Low
8327-LZKAS,0.0,Low Risk,4624.65,High Value Customer,21.64,Low
4695-VADHF,0.28,Low Risk,1034.1,Low Priority,21.64,Low
2176-OSJUV,0.0,Low Risk,4625.650000000001,High Value Customer,21.64,Low
0420-TXVSG,0.02,Low Risk,4362.599999999999,High Value Customer,21.61,Low
9769-TSBZE,0.0,Low Risk,4620.0,High Value Customer,21.61,Low
8990-YOZLV,0.0,Low Risk,4616.1,High Value Customer,21.6,Low
2661-GKBTK,0.0,Low Risk,4617.0,High Value Customer,21.6,Low
4877-TSOFF,0.035,Low Risk,4166.25,High Value Customer,21.59,Low
2296-DKZFP,0.0,Low Risk,4615.0,High Value Customer,21.59,Low
5397-TUPSH,0.0,Low Risk,4611.75,High Value Customer,21.58,Low
6199-IWKGC,0.0,Low Risk,4611.5,High Value Customer,21.57,Low
1710-RCXUS,0.0,Low Risk,4607.849999999999,High Value Customer,21.56,Low
9610-WCESF,0.13,Low Risk,2941.3,Low Priority,21.56,Low
8190-ZTQFB,0.195,Low Risk,2105.35,Low Priority,21.55,Low
3658-QQJYD,0.0,Low Risk,4606.599999999999,High Value Customer,21.55,Low
9537-VHDTA,0.355,Low Risk,51.2,Low Priority,21.54,Low
7054-LGEQW,0.355,Low Risk,45.95,Low Priority,21.51,Low
9419-IPPBE,0.0,Low Risk,4597.650000000001,High Value Customer,21.51,Low
5002-GCQFH,0.0,Low Risk,4598.65,High Value Customer,21.51,Low
0481-SUMCB,0.0,Low Risk,4596.75,High Value Customer,21.51,Low
9068-VPWQQ,0.0,Low Risk,4596.349999999999,High Value Customer,21.5,Low
5204-HMGYF,0.025,Low Risk,4272.8,High Value Customer,21.49,Low
8631-WUXGY,0.0,Low Risk,4590.8,High Value Customer,21.48,Low
2403-BCASL,0.0,Low Risk,4589.95,High Value Customer,21.47,Low
4967-WPNCF,0.0,Low Risk,4586.400000000001,High Value Customer,21.46,Low
0572-ZJKLT,0.0,Low Risk,4583.900000000001,High Value Customer,21.45,Low
9168-INPSZ,0.0,Low Risk,4582.6,High Value Customer,21.44,Low
3563-SVYLG,0.025,Low Risk,4260.2,High Value Customer,21.43,Low
3512-IZIKN,0.0,Low Risk,4571.0,High Value Customer,21.38,Low
3957-HHLMR,0.0,Low Risk,4564.0,High Value Customer,21.35,Low
9254-RBFON,0.225,Low Risk,1676.1999999999998,Low Priority,21.34,Low
5056-FIMPT,0.0,Low Risk,4558.0,High Value Customer,21.32,Low
6250-CGGUN,0.0,Low Risk,4557.6,High Value Customer,21.32,Low
3050-RLLXC,0.0,Low Risk,4550.0,High Value Customer,21.29,Low
6362-QHAFM,0.0,Low Risk,4548.599999999999,High Value Customer,21.28,Low
9993-LHIEB,0.0,Low Risk,4545.95,High Value Customer,21.27,Low
8597-CTXVJ,0.0,Low Risk,4546.5,High Value Customer,21.27,Low
3259-KNMRR,0.0,Low Risk,4545.75,High Value Customer,21.27,Low
2274-XUATA,0.0,Low Risk,4543.2,High Value Customer,21.25,Low
9661-MHUMO,0.35,Low Risk,49.25,Low Priority,21.23,Low
7881-INRLC,0.0,Low Risk,4538.25,High Value Customer,21.23,Low
8671-KKKOS,0.19,Low Risk,2095.3,Low Priority,21.2,Low
0674-GCDXG,0.0,Low Risk,4529.700000000001,High Value Customer,21.19,Low
4869-EPIUS,0.0,Low Risk,4530.400000000001,High Value Customer,21.19,Low
0843-WTBXE,0.0,Low Risk,4528.85,High Value Customer,21.19,Low
8097-OMULG,0.0,Low Risk,4528.25,High Value Customer,21.18,Low
9565-FLVCG,0.0,Low Risk,4520.75,High Value Customer,21.15,Low
2535-PBCGC,0.0,Low Risk,4518.5,High Value Customer,21.14,Low
0853-NWIFK,0.0,Low Risk,4513.5,High Value Customer,21.12,Low
5351-QESIO,0.35,Low Risk,24.2,Low Priority,21.11,Low
8295-KMENE,0.0,Low Risk,4510.55,High Value Customer,21.1,Low
2828-SLQPF,0.285,Low Risk,855.0,Low Priority,21.1,Low
7838-LAZFO,0.075,Low Risk,3546.0,High Value Customer,21.09,Low
9233-PSYHO,0.0,Low Risk,4506.75,High Value Customer,21.08,Low
6893-ODYYE,0.0,Low Risk,4505.0,High Value Customer,21.08,Low
4890-VMUAV,0.0,Low Risk,4504.5,High Value Customer,21.07,Low
7501-IWUNG,0.0,Low Risk,4501.8,High Value Customer,21.06,Low
6542-LWGXJ,0.345,Low Risk,75.0,Low Priority,21.05,Low
1525-LNLOJ,0.025,Low Risk,4177.8,High Value Customer,21.05,Low
1206-EHBDD,0.0,Low Risk,4496.8,High Value Customer,21.04,Low
6680-NENYN,0.0,Low Risk,4497.8,High Value Customer,21.04,Low
7359-SSBJK,0.0,Low Risk,4492.8,High Value Customer,21.02,Low
4667-QONEA,0.0,Low Risk,4491.0,High Value Customer,21.01,Low
4713-ZBURT,0.0,Low Risk,4486.5,High Value Customer,20.99,Low
9677-AVKED,0.0,Low Risk,4483.799999999999,High Value Customer,20.98,Low
9154-QDGTH,0.0,Low Risk,4484.9,High Value Customer,20.98,Low
6968-GMKPR,0.0,Low Risk,4485.25,High Value Customer,20.98,Low
0604-THJFP,0.0,Low Risk,4481.05,High Value Customer,20.96,Low
3946-JEWRQ,0.0,Low Risk,4474.400000000001,High Value Customer,20.93,Low
4567-AKPIA,0.0,Low Risk,4473.099999999999,High Value Customer,20.93,Low
6968-MHOMU,0.145,Low Risk,2610.0,Low Priority,20.91,Low
1095-JUDTC,0.0,Low Risk,4467.349999999999,High Value Customer,20.9,Low
1142-IHLOO,0.0,Low Risk,4465.05,High Value Customer,20.89,Low
5130-YPIRV,0.0,Low Risk,4464.0,High Value Customer,20.88,Low
6732-FZUGP,0.0,Low Risk,4460.3,High Value Customer,20.87,Low
0689-DSXGL,0.0,Low Risk,4461.599999999999,High Value Customer,20.87,Low
4450-MDZFX,0.0,Low Risk,4461.0,High Value Customer,20.87,Low
7599-FKVXZ,0.0,Low Risk,4458.3,High Value Customer,20.86,Low
2558-BUOZZ,0.0,Low Risk,4455.599999999999,High Value Customer,20.84,Low
5973-EJGDP,0.0,Low Risk,4454.849999999999,High Value Customer,20.84,Low
5020-ZSTTY,0.0,Low Risk,4452.3,High Value Customer,20.83,Low
7481-ATQQS,0.0,Low Risk,4451.65,High Value Customer,20.83,Low
4640-UHDOS,0.29,Low Risk,727.35,Low Priority,20.8,Low
7856-GANIL,0.0,Low Risk,4441.5,High Value Customer,20.78,Low
1088-AUUZZ,0.015,Low Risk,4247.599999999999,High Value Customer,20.77,Low
4143-HHPMK,0.0,Low Risk,4438.2,High Value Customer,20.76,Low
9091-WTUUY,0.0,Low Risk,4432.0,High Value Customer,20.73,Low
7142-HVGBG,0.0,Low Risk,4429.0,High Value Customer,20.72,Low
4717-GHADL,0.035,Low Risk,3980.0,High Value Customer,20.72,Low
5131-PONJI,0.0,Low Risk,4429.6,High Value Customer,20.72,Low
8184-WMOFI,0.0,Low Risk,4426.8,High Value Customer,20.71,Low
2252-NKNSI,0.0,Low Risk,4427.8,High Value Customer,20.71,Low
8761-NSOBC,0.0,Low Risk,4424.2,High Value Customer,20.7,Low
9661-ACXBS,0.0,Low Risk,4418.400000000001,High Value Customer,20.67,Low
7789-HKSBS,0.0,Low Risk,4418.400000000001,High Value Customer,20.67,Low
5176-OLSKT,0.0,Low Risk,4415.400000000001,High Value Customer,20.66,Low
4554-YGZIH,0.0,Low Risk,4412.45,High Value Customer,20.64,Low
8757-TFHHJ,0.34,Low Risk,49.8,Low Priority,20.63,Low
0336-KXKFK,0.0,Low Risk,4406.400000000001,High Value Customer,20.61,Low
2578-JQPHZ,0.0,Low Risk,4404.4,High Value Customer,20.61,Low
2931-SVLTV,0.0,Low Risk,4404.0,High Value Customer,20.6,Low
4908-XAXAY,0.0,Low Risk,4402.65,High Value Customer,20.6,Low
6583-QGCSI,0.0,Low Risk,4402.5,High Value Customer,20.6,Low
9134-WYRVP,0.0,Low Risk,4403.849999999999,High Value Customer,20.6,Low
4102-HLENU,0.0,Low Risk,4398.55,High Value Customer,20.58,Low
8910-ICHIU,0.0,Low Risk,4399.900000000001,High Value Customer,20.58,Low
4672-FOTSD,0.28,Low Risk,807.0,Low Priority,20.58,Low
5320-BRKGK,0.0,Low Risk,4396.4,High Value Customer,20.57,Low
8805-JNRAZ,0.335,Low Risk,98.4,Low Priority,20.56,Low
6625-IUTTT,0.0,Low Risk,4391.849999999999,High Value Customer,20.55,Low
7722-VJRQD,0.0,Low Risk,4388.400000000001,High Value Customer,20.53,Low
4013-GUXND,0.3404999999999999,Low Risk,20.8,Low Priority,20.53,Low
0654-PQKDW,0.0,Low Risk,4386.5,High Value Customer,20.52,Low
0484-FFVBJ,0.18,Low Risk,2075.2,Low Priority,20.51,Low
4187-CINZD,0.0,Low Risk,4381.5,High Value Customer,20.5,Low
0361-HJRDX,0.0,Low Risk,4375.799999999999,High Value Customer,20.47,Low
6418-HNFED,0.01,Low Risk,4245.75,High Value Customer,20.46,Low
2834-SPCJV,0.0,Low Risk,4373.2,High Value Customer,20.46,Low
2432-TFSMK,0.215,Low Risk,1612.8,Low Priority,20.45,Low
2845-KDHVX,0.0,Low Risk,4371.2,High Value Customer,20.45,Low
2573-GYRUU,0.0,Low Risk,4370.4,High Value Customer,20.45,Low
6227-HWPWX,0.26,Low Risk,1035.0,Low Priority,20.44,Low
7148-XZPHA,0.0,Low Risk,4367.0,High Value Customer,20.43,Low
3898-GUYTS,0.0,Low Risk,4367.25,High Value Customer,20.43,Low
2379-GYFLQ,0.0,Low Risk,4365.400000000001,High Value Customer,20.42,Low
1530-ZTDOZ,0.185,Low Risk,1991.85,Low Priority,20.42,Low
3930-ZGWVE,0.3387,Low Risk,19.75,Low Priority,20.41,Low
7239-HZZCX,0.3387,Low Risk,19.75,Low Priority,20.41,Low
9600-NAXZN,0.0,Low Risk,4360.2,High Value Customer,20.4,Low
1084-MNSMJ,0.0,Low Risk,4360.5,High Value Customer,20.4,Low
9138-EFSMO,0.18,Low Risk,2052.7000000000003,Low Priority,20.4,Low
9919-YLNNG,0.0,Low Risk,4359.599999999999,High Value Customer,20.4,Low
9253-VIFJQ,0.0,Low Risk,4358.25,High Value Customer,20.39,Low
0337-CNPZE,0.0,Low Risk,4358.3,High Value Customer,20.39,Low
9281-CEDRU,0.0,Low Risk,4358.799999999999,High Value Customer,20.39,Low
8705-DWKTI,0.0,Low Risk,4357.599999999999,High Value Customer,20.39,Low
3911-RSNHI,0.0,Low Risk,4359.4,High Value Customer,20.39,Low
4973-RLZVI,0.165,Low Risk,2239.5,Low Priority,20.38,Low
0824-VWDPO,0.0,Low Risk,4353.75,High Value Customer,20.37,Low
2770-NSVDG,0.285,Low Risk,698.4000000000001,Low Priority,20.37,Low
2927-QRRQV,0.0,Low Risk,4353.900000000001,High Value Customer,20.37,Low
8144-DGHXP,0.0,Low Risk,4352.4,High Value Customer,20.36,Low
7113-HIPFI,0.0,Low Risk,4346.099999999999,High Value Customer,20.33,Low
8374-XGEJJ,0.0,Low Risk,4343.0,High Value Customer,20.32,Low
0531-XBKMM,0.0,Low Risk,4336.2,High Value Customer,20.29,Low
2040-OBMLJ,0.14,Low Risk,2532.7000000000003,Low Priority,20.25,Low
2451-YMUXS,0.0,Low Risk,4324.849999999999,High Value Customer,20.23,Low
9681-KYGYB,0.0,Low Risk,4321.8,High Value Customer,20.22,Low
0440-QEXBZ,0.165,Low Risk,2206.6,Low Priority,20.22,Low
9880-TDQAC,0.0,Low Risk,4320.0,High Value Customer,20.21,Low
0134-XWXCE,0.08,Low Risk,3293.4,High Value Customer,20.21,Low
6950-TWMYB,0.0,Low Risk,4317.3,High Value Customer,20.2,Low
9495-SKLKD,0.0,Low Risk,4317.75,High Value Customer,20.2,Low
3466-WAESX,0.25,Low Risk,1105.6,Low Priority,20.17,Low
5243-SAOTC,0.0,Low Risk,4311.9,High Value Customer,20.17,Low
8178-EYZUO,0.0,Low Risk,4310.2,High Value Customer,20.16,Low
9381-NDKME,0.26,Low Risk,975.6,Low Priority,20.16,Low
3915-ODIYG,0.0,Low Risk,4305.0,High Value Customer,20.14,Low
0885-HMGPY,0.0,Low Risk,4302.8,High Value Customer,20.13,Low
8023-QHAIO,0.0,Low Risk,4303.599999999999,High Value Customer,20.13,Low
7921-BEPCI,0.0,Low Risk,4302.0,High Value Customer,20.13,Low
7486-KSRVI,0.0,Low Risk,4300.0,High Value Customer,20.12,Low
8623-TMRBY,0.0,Low Risk,4294.2,High Value Customer,20.09,Low
2330-PQGDQ,0.0,Low Risk,4294.2,High Value Customer,20.09,Low
6987-XQSJT,0.0,Low Risk,4293.0,High Value Customer,20.08,Low
9851-QXEEQ,0.0,Low Risk,4292.7,High Value Customer,20.08,Low
2080-CAZNM,0.0,Low Risk,4280.400000000001,High Value Customer,20.03,Low
8952-WCVCD,0.0,Low Risk,4282.45,High Value Customer,20.03,Low
0813-TAXXS,0.0,Low Risk,4279.0,High Value Customer,20.02,Low
3720-DBRWL,0.0,Low Risk,4276.349999999999,High Value Customer,20.01,Low
5536-SLHPM,0.0,Low Risk,4276.25,High Value Customer,20.01,Low
3537-HPKQT,0.0,Low Risk,4276.25,High Value Customer,20.01,Low
7607-QKKTJ,0.0,Low Risk,4275.0,High Value Customer,20.0,Low
5206-XZZQI,0.0,Low Risk,4271.799999999999,High Value Customer,19.99,Low
1723-HKXJQ,0.0,Low Risk,4273.5,High Value Customer,19.99,Low
0916-KNFAJ,0.0,Low Risk,4263.900000000001,High Value Customer,19.95,Low
4332-MUOEZ,0.185,Low Risk,1886.0,Low Priority,19.92,Low
3069-SSVSN,0.33,Low Risk,25.85,Low Priority,19.92,Low
5076-YVXCM,0.0,Low Risk,4253.400000000001,High Value Customer,19.9,Low
2123-VSCOT,0.0,Low Risk,4253.9,High Value Customer,19.9,Low
9224-VTYID,0.0,Low Risk,4253.5,High Value Customer,19.9,Low
3585-YNADK,0.0,Low Risk,4252.2,High Value Customer,19.89,Low
4369-NYSCF,0.0,Low Risk,4242.0,High Value Customer,19.85,Low
6023-GSSXW,0.0,Low Risk,4240.05,High Value Customer,19.84,Low
8564-LDKFL,0.0,Low Risk,4240.0,High Value Customer,19.84,Low
0774-RMNUW,0.0,Low Risk,4238.7,High Value Customer,19.83,Low
9640-ZSLDC,0.08,Low Risk,3211.8,High Value Customer,19.83,Low
0691-NIKRI,0.0,Low Risk,4238.0,High Value Customer,19.83,Low
9220-CXRSC,0.0,Low Risk,4236.599999999999,High Value Customer,19.82,Low
3796-ENZGF,0.0,Low Risk,4236.75,High Value Customer,19.82,Low
8647-SDTWQ,0.0,Low Risk,4235.099999999999,High Value Customer,19.81,Low
6169-PGNCD,0.0,Low Risk,4235.099999999999,High Value Customer,19.81,Low
4942-VZZOM,0.0,Low Risk,4233.6,High Value Customer,19.81,Low
3154-CFSZG,0.0,Low Risk,4232.349999999999,High Value Customer,19.8,Low
1459-QNFQT,0.005,Low Risk,4165.0,High Value Customer,19.79,Low
5980-NOPLP,0.0,Low Risk,4228.4,High Value Customer,19.78,Low
1608-GMEWB,0.0,Low Risk,4225.5,High Value Customer,19.77,Low
7781-EWARA,0.0,Low Risk,4224.5,High Value Customer,19.76,Low
3194-ORPIK,0.0,Low Risk,4220.0,High Value Customer,19.74,Low
4701-AHWMW,0.095,Low Risk,3000.25,High Value Customer,19.74,Low
8216-AZUUZ,0.0,Low Risk,4216.8,High Value Customer,19.73,Low
5387-ASZNZ,0.0,Low Risk,4214.1,High Value Customer,19.72,Low
8548-AWOFC,0.0,Low Risk,4214.1,High Value Customer,19.72,Low
9055-MOJJJ,0.0,Low Risk,4211.2,High Value Customer,19.7,Low
9541-PWTWO,0.0,Low Risk,4209.400000000001,High Value Customer,19.69,Low
9356-AXGMP,0.0,Low Risk,4206.6,High Value Customer,19.68,Low
3161-ONRWK,0.02,Low Risk,3951.0,High Value Customer,19.68,Low
7055-HNEOJ,0.315,Low Risk,167.39999999999998,Low Priority,19.68,Low
3058-HJCUY,0.0,Low Risk,4206.599999999999,High Value Customer,19.68,Low
1309-XGFSN,0.0,Low Risk,4204.2,High Value Customer,19.67,Low
9842-EFSYY,0.31,Low Risk,228.8,Low Priority,19.67,Low
9308-ANMVE,0.125,Low Risk,2599.1,Low Priority,19.66,Low
9955-QOPOY,0.0,Low Risk,4195.2,High Value Customer,19.63,Low
4135-FRWKJ,0.0,Low Risk,4193.75,High Value Customer,19.62,Low
9412-GHEEC,0.0,Low Risk,4192.0,High Value Customer,19.61,Low
0725-CXOTM,0.075,Low Risk,3227.4,High Value Customer,19.6,Low
2270-CHBFN,0.0,Low Risk,4184.4,High Value Customer,19.58,Low
7432-FFVAR,0.0,Low Risk,4183.7,High Value Customer,19.57,Low
0093-XWZFY,0.0,Low Risk,4180.0,High Value Customer,19.56,Low
0419-YAAPX,0.0,Low Risk,4179.7,High Value Customer,19.55,Low
8985-OOPOS,0.32,Low Risk,74.1,Low Priority,19.55,Low
8019-ENHXU,0.0,Low Risk,4176.900000000001,High Value Customer,19.54,Low
5343-SGUBI,0.0,Low Risk,4170.400000000001,High Value Customer,19.51,Low
5371-VYLSX,0.0,Low Risk,4170.0,High Value Customer,19.51,Low
0580-PIQHM,0.0,Low Risk,4165.599999999999,High Value Customer,19.49,Low
4981-FLTMF,0.035,Low Risk,3716.4,High Value Customer,19.49,Low
6614-YOLAC,0.0,Low Risk,4164.15,High Value Customer,19.48,Low
8181-YHCMF,0.005,Low Risk,4100.4,High Value Customer,19.48,Low
3982-XWFZQ,0.16,Low Risk,2110.5,Low Priority,19.47,Low
0815-MFZGM,0.0,Low Risk,4158.0,High Value Customer,19.45,Low
8039-EQPIM,0.0,Low Risk,4157.25,High Value Customer,19.45,Low
3410-MHHUM,0.0,Low Risk,4153.6,High Value Customer,19.43,Low
7162-WPHPM,0.0,Low Risk,4152.799999999999,High Value Customer,19.43,Low
2541-YGPKE,0.115,Low Risk,2675.4,Low Priority,19.42,Low
6897-RWMUB,0.0,Low Risk,4151.05,High Value Customer,19.42,Low
7048-GXDAY,0.0,Low Risk,4149.6,High Value Customer,19.41,Low
7639-LIAYI,0.0,Low Risk,4147.0,High Value Customer,19.4,Low
9825-YCXWZ,0.0,Low Risk,4145.099999999999,High Value Customer,19.39,Low
3714-NTNFO,0.0,Low Risk,4140.5,High Value Customer,19.37,Low
6172-FECYY,0.0,Low Risk,4140.5,High Value Customer,19.37,Low
3787-TRIAL,0.28,Low Risk,547.0500000000001,Low Priority,19.36,Low
0114-IGABW,0.0,Low Risk,4135.75,High Value Customer,19.35,Low
1450-SKCVI,0.0,Low Risk,4135.599999999999,High Value Customer,19.35,Low
1205-WNWPJ,0.29,Low Risk,416.5,Low Priority,19.35,Low
0112-QWPNC,0.0,Low Risk,4133.15,High Value Customer,19.34,Low
2408-PSJVE,0.11,Low Risk,2723.6,Low Priority,19.34,Low
4138-NAXED,0.0,Low Risk,4131.0,High Value Customer,19.33,Low
8404-VIOMB,0.0,Low Risk,4125.0,High Value Customer,19.3,Low
3696-XRIEN,0.0,Low Risk,4125.0,High Value Customer,19.3,Low
5906-DVAPM,0.0,Low Risk,4125.0,High Value Customer,19.3,Low
6075-QMNRR,0.12,Low Risk,2587.0,Low Priority,19.3,Low
0993-OSGPT,0.0,Low Risk,4124.2,High Value Customer,19.29,Low
7306-YDSOI,0.0,Low Risk,4122.75,High Value Customer,19.29,Low
8331-ZXFOE,0.0,Low Risk,4123.799999999999,High Value Customer,19.29,Low
2309-OSFEU,0.295,Low Risk,339.0,Low Priority,19.29,Low
8111-SLLHI,0.0,Low Risk,4120.35,High Value Customer,19.28,Low
1960-UOTYM,0.0,Low Risk,4118.400000000001,High Value Customer,19.27,Low
3404-JNXAX,0.0,Low Risk,4118.25,High Value Customer,19.27,Low
5951-AOFIH,0.15,Low Risk,2191.2000000000003,Low Priority,19.25,Low
6898-MDLZW,0.27,Low Risk,645.0,Low Priority,19.22,Low
3352-ALMCK,0.0,Low Risk,4106.0,High Value Customer,19.21,Low
4849-PYRLQ,0.0,Low Risk,4102.0,High Value Customer,19.19,Low
7247-XOZPB,0.0,Low Risk,4102.200000000001,High Value Customer,19.19,Low
1936-CZAKF,0.13,Low Risk,2432.85,Low Priority,19.18,Low
0178-SZBHO,0.0,Low Risk,4098.400000000001,High Value Customer,19.17,Low
9357-UJRUN,0.21,Low Risk,1400.4,Low Priority,19.15,Low
2845-AFFTX,0.0,Low Risk,4091.8,High Value Customer,19.14,Low
8821-KVZKQ,0.0,Low Risk,4088.0,High Value Customer,19.13,Low
0943-ZQPXH,0.0,Low Risk,4089.8,High Value Customer,19.13,Low
8400-WZICQ,0.08,Low Risk,3063.5,High Value Customer,19.13,Low
0840-DCNZE,0.0,Low Risk,4086.65,High Value Customer,19.12,Low
6164-HAQTX,0.02,Low Risk,3830.45,High Value Customer,19.12,Low
5693-PIPCS,0.0,Low Risk,4085.65,High Value Customer,19.11,Low
1837-YQUCE,0.0,Low Risk,4084.5,High Value Customer,19.11,Low
2359-QWQUL,0.0,Low Risk,4083.3,High Value Customer,19.1,Low
3740-RLMVT,0.0,Low Risk,4083.65,High Value Customer,19.1,Low
0743-HRVFF,0.095,Low Risk,2863.65,Low Priority,19.1,Low
5600-PDUJF,0.295,Low Risk,297.0,Low Priority,19.09,Low
1591-NFNLQ,0.0,Low Risk,4080.0,High Value Customer,19.09,Low
9833-TGFHX,0.0,Low Risk,4078.2,High Value Customer,19.08,Low
5795-BKOYE,0.0,Low Risk,4077.9,High Value Customer,19.08,Low
0872-CASZJ,0.0,Low Risk,4076.9,High Value Customer,19.07,Low
2474-BRUCM,0.0,Low Risk,4074.0,High Value Customer,19.06,Low
8401-EMUWF,0.09,Low Risk,2914.8,Low Priority,19.04,Low
4295-YURET,0.0,Low Risk,4065.6,High Value Customer,19.02,Low
0556-FJEGU,0.0,Low Risk,4065.8,High Value Customer,19.02,Low
9699-UBQFS,0.0,Low Risk,4063.5,High Value Customer,19.01,Low
0549-CYCQN,0.0,Low Risk,4059.6,High Value Customer,18.99,Low
8597-CWYHH,0.0,Low Risk,4057.05,High Value Customer,18.98,Low
6872-HXFNF,0.025,Low Risk,3734.4,High Value Customer,18.97,Low
2969-VAPYH,0.0,Low Risk,4053.5,High Value Customer,18.96,Low
0533-UCAAU,0.0,Low Risk,4052.7,High Value Customer,18.96,Low
4289-DTDKW,0.0,Low Risk,4052.0,High Value Customer,18.96,Low
5229-DTFYB,0.0,Low Risk,4050.8,High Value Customer,18.95,Low
5317-FLPJF,0.0,Low Risk,4049.1,High Value Customer,18.94,Low
6695-FRVEC,0.0,Low Risk,4046.8,High Value Customer,18.93,Low
0214-JHPFW,0.0,Low Risk,4046.0,High Value Customer,18.93,Low
3452-ABWRL,0.0,Low Risk,4044.35,High Value Customer,18.92,Low
4039-PIMHX,0.125,Low Risk,2440.2,Low Priority,18.92,Low
1221-GHZEP,0.0,Low Risk,4036.2,High Value Customer,18.88,Low
9801-GDWGV,0.0,Low Risk,4034.55,High Value Customer,18.88,Low
3128-YOVTD,0.0,Low Risk,4036.65,High Value Customer,18.88,Low
5993-JSUWV,0.0,Low Risk,4035.9,High Value Customer,18.88,Low
1866-RZZQS,0.0,Low Risk,4034.4,High Value Customer,18.87,Low
6288-CHQJB,0.02,Low Risk,3777.3,High Value Customer,18.87,Low
3594-UVONA,0.08,Low Risk,3008.25,High Value Customer,18.87,Low
9209-NWPGU,0.09,Low Risk,2877.6000000000004,Low Priority,18.86,Low
0536-ESJEP,0.0,Low Risk,4025.7,High Value Customer,18.83,Low
5196-WPYOW,0.0,Low Risk,4023.35,High Value Customer,18.82,Low
5312-UXESG,0.0,Low Risk,4020.05,High Value Customer,18.81,Low
2869-ADAWR,0.0,Low Risk,4018.5,High Value Customer,18.8,Low
6686-YPGHK,0.0,Low Risk,4018.5,High Value Customer,18.8,Low
6233-HXJMX,0.0,Low Risk,4018.5,High Value Customer,18.8,Low
2195-VVRJF,0.23,Low Risk,1063.8,Low Priority,18.78,Low
4626-OZDTJ,0.0,Low Risk,4011.15,High Value Customer,18.77,Low
4690-PKDQG,0.0,Low Risk,4013.1,High Value Customer,18.77,Low
4702-HDRKD,0.055,Low Risk,3306.4500000000003,High Value Customer,18.77,Low
0945-TSONX,0.0,Low Risk,4009.1,High Value Customer,18.76,Low
4188-PCPIG,0.0,Low Risk,4009.95,High Value Customer,18.76,Low
2195-ZRVAX,0.0,Low Risk,4009.1,High Value Customer,18.76,Low
2639-UGMAZ,0.0,Low Risk,4007.95,High Value Customer,18.75,Low
2314-TNDJQ,0.0,Low Risk,4006.8,High Value Customer,18.75,Low
8822-KNBHV,0.0,Low Risk,4005.6,High Value Customer,18.74,Low
7248-VZQLC,0.0,Low Risk,4004.4,High Value Customer,18.73,Low
5073-RZGBK,0.0,Low Risk,4002.5,High Value Customer,18.73,Low
9786-YWNHU,0.0,Low Risk,4003.65,High Value Customer,18.73,Low
7547-EKNFS,0.0,Low Risk,4000.5,High Value Customer,18.72,Low
9374-YOLBJ,0.31,Low Risk,19.25,Low Priority,18.69,Low
5188-HGMLP,0.0,Low Risk,3996.0,High Value Customer,18.69,Low
9978-HYCIN,0.0,Low Risk,3992.65,High Value Customer,18.68,Low
3179-GBRWV,0.205,Low Risk,1363.95,Low Priority,18.68,Low
6348-SNFUS,0.0,Low Risk,3992.4,High Value Customer,18.68,Low
3951-NJCVI,0.0,Low Risk,3992.1,High Value Customer,18.68,Low
4111-BNXIF,0.0,Low Risk,3989.85,High Value Customer,18.67,Low
6518-LGAOV,0.0,Low Risk,3990.0,High Value Customer,18.67,Low
2580-ATZSQ,0.0,Low Risk,3987.75,High Value Customer,18.66,Low
8679-LZBMD,0.0,Low Risk,3988.6,High Value Customer,18.66,Low
8050-DVOJX,0.0,Low Risk,3986.15,High Value Customer,18.65,Low
6807-SIWJI,0.0,Low Risk,3984.3,High Value Customer,18.64,Low
6463-MVYRY,0.0,Low Risk,3981.45,High Value Customer,18.63,Low
4524-QCSSM,0.22,Low Risk,1160.9,Low Priority,18.63,Low
4992-LTJNE,0.0,Low Risk,3981.6,High Value Customer,18.63,Low
8158-WPEZG,0.28,Low Risk,392.15,Low Priority,18.63,Low
5977-CKHON,0.0,Low Risk,3979.65,High Value Customer,18.62,Low
8782-LKFPK,0.0,Low Risk,3977.6,High Value Customer,18.61,Low
0602-DDUML,0.0,Low Risk,3975.75,High Value Customer,18.6,Low
0263-FJTQO,0.035,Low Risk,3525.0,High Value Customer,18.59,Low
6061-GWWAV,0.085,Low Risk,2878.2000000000003,Low Priority,18.57,Low
1474-JUWSM,0.0,Low Risk,3967.2,High Value Customer,18.56,Low
5197-PYEPU,0.0,Low Risk,3966.9,High Value Customer,18.56,Low
2347-WKKAE,0.0,Low Risk,3964.8,High Value Customer,18.55,Low
9786-IJYDL,0.0,Low Risk,3962.0,High Value Customer,18.54,Low
6152-ONASV,0.0,Low Risk,3961.0,High Value Customer,18.53,Low
8708-XPXHZ,0.0,Low Risk,3956.4,High Value Customer,18.51,Low
9776-CLUJA,0.0,Low Risk,3952.5,High Value Customer,18.49,Low
4374-YMUSQ,0.0,Low Risk,3952.5,High Value Customer,18.49,Low
9695-IDRZR,0.0,Low Risk,3949.1,High Value Customer,18.48,Low
3413-CSSTH,0.13,Low Risk,2283.7000000000003,Low Priority,18.48,Low
0147-ESWWR,0.0,Low Risk,3948.75,High Value Customer,18.47,Low
8232-CTLKO,0.0,Low Risk,3943.5,High Value Customer,18.45,Low
5712-AHQNN,0.0,Low Risk,3940.95,High Value Customer,18.44,Low
2832-KJCRD,0.0,Low Risk,3938.7,High Value Customer,18.43,Low
7716-YTYHG,0.0,Low Risk,3938.4,High Value Customer,18.43,Low
0297-RBCSG,0.21,Low Risk,1241.65,Low Priority,18.41,Low
0668-OGMHD,0.26,Low Risk,598.5,Low Priority,18.4,Low
6388-TABGU,0.035,Low Risk,3481.3,High Value Customer,18.39,Low
7619-PLRLP,0.0,Low Risk,3927.3,High Value Customer,18.37,Low
5996-NRVXR,0.0,Low Risk,3926.0,High Value Customer,18.37,Low
6439-GTPCA,0.0,Low Risk,3926.25,High Value Customer,18.37,Low
5857-TYBCJ,0.0,Low Risk,3924.8,High Value Customer,18.36,Low
5681-LLOEI,0.0,Low Risk,3923.75,High Value Customer,18.36,Low
9391-DXGGG,0.0,Low Risk,3922.6,High Value Customer,18.35,Low
2108-YKQTY,0.29,Low Risk,202.8,Low Priority,18.35,Low
2546-KZAAT,0.0,Low Risk,3920.8,High Value Customer,18.34,Low
6173-ITPWD,0.0,Low Risk,3917.45,High Value Customer,18.33,Low
1116-DXXDF,0.0,Low Risk,3917.55,High Value Customer,18.33,Low
5533-RJFTJ,0.19,Low Risk,1479.8,Low Priority,18.32,Low
5318-YKDPV,0.04,Low Risk,3403.4500000000003,High Value Customer,18.32,Low
3055-OYMSE,0.0,Low Risk,3911.4,High Value Customer,18.3,Low
2746-DIJLO,0.125,Low Risk,2308.3,Low Priority,18.3,Low
9633-DENPU,0.09,Low Risk,2754.2000000000003,Low Priority,18.29,Low
5756-OZRIO,0.0,Low Risk,3907.05,High Value Customer,18.28,Low
2606-RMDHZ,0.29,Low Risk,183.0,Low Priority,18.26,Low
6034-ZRYCV,0.0,Low Risk,3902.4,High Value Customer,18.26,Low
8169-SAEJD,0.0,Low Risk,3901.95,High Value Customer,18.25,Low
3572-UOLYZ,0.0,Low Risk,3900.8,High Value Customer,18.25,Low
9386-LDCZR,0.0,Low Risk,3897.95,High Value Customer,18.24,Low
0089-IIQKO,0.0,Low Risk,3898.05,High Value Customer,18.24,Low
7833-PKIHD,0.0,Low Risk,3896.4,High Value Customer,18.23,Low
8316-BBQAY,0.0,Low Risk,3896.75,High Value Customer,18.23,Low
0096-BXERS,0.28,Low Risk,302.1,Low Priority,18.21,Low
2453-SAFNS,0.0,Low Risk,3893.4,High Value Customer,18.21,Low
0420-HLGXF,0.0,Low Risk,3890.25,High Value Customer,18.2,Low
2359-KLTEK,0.0,Low Risk,3890.9,High Value Customer,18.2,Low
6345-ULYRW,0.0,Low Risk,3889.6,High Value Customer,18.2,Low
1972-XMUWV,0.0,Low Risk,3887.0,High Value Customer,18.18,Low
6898-RBTLU,0.0,Low Risk,3885.7,High Value Customer,18.18,Low
7945-HLKEA,0.0,Low Risk,3885.0,High Value Customer,18.18,Low
5981-ITEMU,0.0,Low Risk,3884.0,High Value Customer,18.17,Low
8012-SOUDQ,0.0,Low Risk,3880.75,High Value Customer,18.16,Low
9688-YGXVR,0.0,Low Risk,3878.6,High Value Customer,18.15,Low
5439-WIKXB,0.0,Low Risk,3876.55,High Value Customer,18.14,Low
4118-CEVPF,0.0,Low Risk,3878.0,High Value Customer,18.14,Low
1697-BCSHV,0.0,Low Risk,3874.4,High Value Customer,18.13,Low
0239-OXEXL,0.0,Low Risk,3875.5,High Value Customer,18.13,Low
7876-BEUTG,0.245,Low Risk,732.0,Low Priority,18.12,Low
7596-ZYWBB,0.0,Low Risk,3874.0,High Value Customer,18.12,Low
0739-UUAJR,0.0,Low Risk,3873.6,High Value Customer,18.12,Low
4879-GZLFH,0.0,Low Risk,3870.3,High Value Customer,18.11,Low
7688-AWMDX,0.0,Low Risk,3869.5,High Value Customer,18.1,Low
5274-XHAKY,0.0,Low Risk,3866.3,High Value Customer,18.09,Low
5370-IIVVL,0.0,Low Risk,3866.5,High Value Customer,18.09,Low
2581-VKIRT,0.0,Low Risk,3864.5,High Value Customer,18.08,Low
3704-IEAXF,0.0,Low Risk,3862.8,High Value Customer,18.07,Low
7129-ACFOG,0.28,Low Risk,269.0,Low Priority,18.06,Low
6563-VNPMN,0.0,Low Risk,3856.5,High Value Customer,18.04,Low
5751-USDBL,0.01,Low Risk,3726.0,High Value Customer,18.03,Low
4657-FWVFY,0.0,Low Risk,3854.0,High Value Customer,18.03,Low
5791-KAJFD,0.0,Low Risk,3850.0,High Value Customer,18.01,Low
2856-NNASM,0.0,Low Risk,3850.65,High Value Customer,18.01,Low
4114-QMKVN,0.0,Low Risk,3850.0,High Value Customer,18.01,Low
0810-DHDBD,0.0,Low Risk,3848.0,High Value Customer,18.0,Low
3174-RKMOW,0.0,Low Risk,3848.25,High Value Customer,18.0,Low
4256-ZWTZI,0.28,Low Risk,255.0,Low Priority,17.99,Low
9888-ZCUMM,0.0,Low Risk,3843.2,High Value Customer,17.98,Low
3167-SNQPL,0.0,Low Risk,3843.7,High Value Customer,17.98,Low
9795-SHUHB,0.0,Low Risk,3841.2,High Value Customer,17.97,Low
9962-BFPDU,0.298,Low Risk,20.05,Low Priority,17.97,Low
8630-QSGXK,0.0,Low Risk,3835.2,High Value Customer,17.94,Low
1209-VFFOC,0.0,Low Risk,3835.2,High Value Customer,17.94,Low
8450-JOVAH,0.29,Low Risk,113.4,Low Priority,17.93,Low
9359-JANWS,0.0,Low Risk,3828.5,High Value Customer,17.91,Low
0253-ZTEOB,0.0,Low Risk,3823.2,High Value Customer,17.89,Low
7696-AMHOD,0.0,Low Risk,3822.0,High Value Customer,17.88,Low
4906-ZHGPK,0.0,Low Risk,3817.8,High Value Customer,17.86,Low
1621-YNCJH,0.0,Low Risk,3817.8,High Value Customer,17.86,Low
3863-QSTYI,0.0,Low Risk,3814.35,High Value Customer,17.84,Low
6317-YPKDH,0.295,Low Risk,29.95,Low Priority,17.84,Low
4012-YCFAI,0.01,Low Risk,3681.0,High Value Customer,17.82,Low
9758-MFWGD,0.185,Low Risk,1435.1999999999998,Low Priority,17.81,Low
6770-XUAGN,0.295,Low Risk,21.0,Low Priority,17.8,Low
8868-GAGIO,0.0,Low Risk,3804.75,High Value Customer,17.8,Low
3067-SVMTC,0.0,Low Risk,3801.2,High Value Customer,17.78,Low
1303-SRDOK,0.0,Low Risk,3797.75,High Value Customer,17.77,Low
8999-YPYBV,0.0,Low Risk,3795.75,High Value Customer,17.76,Low
7693-QPEFS,0.0,Low Risk,3793.4,High Value Customer,17.75,Low
8741-LQOBK,0.17,Low Risk,1612.3,Low Priority,17.74,Low
5981-ZVXOT,0.0,Low Risk,3792.25,High Value Customer,17.74,Low
6522-OIQSX,0.0,Low Risk,3791.55,High Value Customer,17.74,Low
1194-BHJYC,0.0,Low Risk,3791.15,High Value Customer,17.74,Low
8777-PVYGU,0.035,Low Risk,3343.6,High Value Customer,17.74,Low
9917-KWRBE,0.045,Low Risk,3212.35,High Value Customer,17.73,Low
6339-RZCBJ,0.0,Low Risk,3787.2,High Value Customer,17.72,Low
5120-ZBLAI,0.0,Low Risk,3785.0,High Value Customer,17.71,Low
3969-JQABI,0.0,Low Risk,3784.5,High Value Customer,17.71,Low
1264-FUHCX,0.08,Low Risk,2758.7,Low Priority,17.71,Low
4803-AXVYP,0.0,Low Risk,3782.9,High Value Customer,17.7,Low
9372-TXXPS,0.015,Low Risk,3591.0,High Value Customer,17.7,Low
9898-KZQDZ,0.0,Low Risk,3782.0,High Value Customer,17.69,Low
4091-TVOCN,0.0,Low Risk,3780.0,High Value Customer,17.68,Low
3308-JSGML,0.0,Low Risk,3778.95,High Value Customer,17.68,Low
0643-OKLRP,0.0,Low Risk,3776.45,High Value Customer,17.67,Low
8097-VBQTZ,0.0,Low Risk,3774.6,High Value Customer,17.66,Low
0679-TDGAK,0.0,Low Risk,3775.0,High Value Customer,17.66,Low
4480-MBMLB,0.0,Low Risk,3772.8,High Value Customer,17.65,Low
3523-QRQLL,0.175,Low Risk,1529.0,Low Priority,17.65,Low
0402-CQAJN,0.0,Low Risk,3770.3,High Value Customer,17.64,Low
2519-FAKOD,0.0,Low Risk,3771.5,High Value Customer,17.64,Low
7623-TRNQN,0.29,Low Risk,49.9,Low Priority,17.63,Low
5614-DNZCE,0.0,Low Risk,3764.2,High Value Customer,17.61,Low
8123-QBNAZ,0.0,Low Risk,3762.0,High Value Customer,17.6,Low
5759-RCVCB,0.285,Low Risk,105.6,Low Priority,17.59,Low
4304-XUMGI,0.0,Low Risk,3757.500000000001,High Value Customer,17.58,Low
0723-FDLAY,0.0,Low Risk,3751.0,High Value Customer,17.55,Low
9755-JHNMN,0.035,Low Risk,3302.6000000000004,High Value Customer,17.55,Low
4891-NLUBA,0.0,Low Risk,3748.45,High Value Customer,17.54,Low
3237-AJGEH,0.285,Low Risk,93.0,Low Priority,17.54,Low
1394-SUIUH,0.0,Low Risk,3746.6,High Value Customer,17.53,Low
8165-CBKXO,0.0,Low Risk,3745.5,High Value Customer,17.52,Low
9137-UIYPG,0.0,Low Risk,3741.5,High Value Customer,17.5,Low
6029-WTIPC,0.0,Low Risk,3740.7,High Value Customer,17.5,Low
1685-BQULA,0.0,Low Risk,3736.0,High Value Customer,17.48,Low
0230-WEQUW,0.0,Low Risk,3735.6,High Value Customer,17.48,Low
4720-VSTSI,0.0,Low Risk,3731.2,High Value Customer,17.46,Low
6543-CPZMK,0.27,Low Risk,269.55,Low Priority,17.46,Low
0870-VEMYL,0.27,Low Risk,269.25,Low Priority,17.46,Low
5825-XJOCM,0.05,Low Risk,3091.2000000000003,High Value Customer,17.46,Low
7395-XWZOY,0.205,Low Risk,1100.0,Low Priority,17.45,Low
0440-EKDCF,0.0,Low Risk,3729.3,High Value Customer,17.45,Low
3269-ATYWD,0.0,Low Risk,3730.35,High Value Customer,17.45,Low
2237-ZFSMY,0.0,Low Risk,3726.45,High Value Customer,17.43,Low
9103-TCIHJ,0.225,Low Risk,835.5,Low Priority,17.41,Low
5129-HHMZC,0.0,Low Risk,3717.35,High Value Customer,17.39,Low
9995-HOTOH,0.0,Low Risk,3717.0,High Value Customer,17.39,Low
3528-HFRIQ,0.0,Low Risk,3713.3,High Value Customer,17.37,Low
7636-PEPNS,0.09,Low Risk,2557.8,Low Priority,17.37,Low
5816-QVHRX,0.0,Low Risk,3711.1,High Value Customer,17.36,Low
8627-ZYGSZ,0.0,Low Risk,3708.3,High Value Customer,17.35,Low
2511-MORQY,0.075,Low Risk,2745.0,Low Priority,17.34,Low
5482-NUPNA,0.27,Low Risk,241.6,Low Priority,17.33,Low
9971-ZWPBF,0.0,Low Risk,3702.6,High Value Customer,17.32,Low
1666-JXLKU,0.0,Low Risk,3701.85,High Value Customer,17.32,Low
6094-ZIVKX,0.0,Low Risk,3702.6,High Value Customer,17.32,Low
2716-GFZOR,0.0,Low Risk,3702.3,High Value Customer,17.32,Low
9577-WJVCQ,0.0,Low Risk,3702.6,High Value Customer,17.32,Low
1099-BTKWT,0.0,Low Risk,3699.2,High Value Customer,17.31,Low
8930-XOTDP,0.21,Low Risk,1007.1,Low Priority,17.31,Low
6961-VCPMC,0.0,Low Risk,3698.4,High Value Customer,17.3,Low
5949-HGVJL,0.14,Low Risk,1899.3,Low Priority,17.29,Low
5707-ZMDJP,0.0,Low Risk,3694.1,High Value Customer,17.28,Low
1172-VIYBP,0.0,Low Risk,3694.1,High Value Customer,17.28,Low
0617-FHSGK,0.0,Low Risk,3684.8,High Value Customer,17.24,Low
1699-UOTXU,0.0,Low Risk,3684.0,High Value Customer,17.24,Low
1139-WUOAH,0.05,Low Risk,3040.9500000000003,High Value Customer,17.23,Low
4489-SNOJF,0.09,Low Risk,2528.75,Low Priority,17.23,Low
2568-OIADY,0.0,Low Risk,3681.5,High Value Customer,17.22,Low
7356-IWLFW,0.0,Low Risk,3680.0,High Value Customer,17.22,Low
8819-WFGGJ,0.0,Low Risk,3678.8,High Value Customer,17.21,Low
7872-RDDLZ,0.0,Low Risk,3678.3,High Value Customer,17.21,Low
8345-MVDYC,0.0,Low Risk,3674.250000000001,High Value Customer,17.19,Low
0895-LMRSF,0.17,Low Risk,1492.7,Low Priority,17.18,Low
7025-IWFHT,0.0,Low Risk,3671.55,High Value Customer,17.18,Low
2153-MREFK,0.0,Low Risk,3670.4,High Value Customer,17.17,Low
2826-UWHIS,0.0,Low Risk,3663.000000000001,High Value Customer,17.14,Low
0093-EXYQL,0.0,Low Risk,3662.0,High Value Customer,17.13,Low
7925-PNRGI,0.0,Low Risk,3658.5,High Value Customer,17.12,Low
7156-MXBJE,0.0,Low Risk,3659.3,High Value Customer,17.12,Low
9053-EJUNL,0.0,Low Risk,3657.2,High Value Customer,17.11,Low
3452-SRFEG,0.0,Low Risk,3655.4,High Value Customer,17.1,Low
5394-SVGJV,0.0,Low Risk,3655.6,High Value Customer,17.1,Low
6681-ZSEXG,0.025,Low Risk,3332.0,High Value Customer,17.09,Low
5127-BZENZ,0.0,Low Risk,3651.2,High Value Customer,17.08,Low
6549-BTYPG,0.0,Low Risk,3648.0,High Value Customer,17.07,Low
0447-BEMNG,0.115,Low Risk,2174.4,Low Priority,17.07,Low
0487-CRLZF,0.0,Low Risk,3648.05,High Value Customer,17.07,Low
5019-GQVCR,0.0,Low Risk,3648.55,High Value Customer,17.07,Low
7839-NUIAA,0.0,Low Risk,3647.8,High Value Customer,17.07,Low
3336-JORSO,0.0,Low Risk,3644.85,High Value Customer,17.05,Low
3230-IUALN,0.0,Low Risk,3645.0,High Value Customer,17.05,Low
6366-XIVKZ,0.22,Low Risk,820.9499999999999,Low Priority,17.04,Low
2933-XEUJM,0.0,Low Risk,3643.2,High Value Customer,17.04,Low
6968-URWQU,0.095,Low Risk,2423.05,Low Priority,17.04,Low
7663-RGWBC,0.28,Low Risk,44.15,Low Priority,17.01,Low
0334-ZFJSR,0.0,Low Risk,3632.75,High Value Customer,17.0,Low
5010-IPEAQ,0.0,Low Risk,3631.4,High Value Customer,16.99,Low
5067-WJEUN,0.0,Low Risk,3631.4,High Value Customer,16.99,Low
9626-VFRGG,0.0,Low Risk,3628.5,High Value Customer,16.98,Low
7139-JZFVG,0.0,Low Risk,3630.0,High Value Customer,16.98,Low
3489-VSFRD,0.02,Low Risk,3374.0,High Value Customer,16.98,Low
0177-PXBAT,0.0,Low Risk,3626.7,High Value Customer,16.97,Low
2676-SSLTO,0.03,Low Risk,3241.3500000000004,High Value Customer,16.96,Low
5696-JVVQY,0.02,Low Risk,3364.8,High Value Customer,16.94,Low
8970-ANWXO,0.15,Low Risk,1696.25,Low Priority,16.94,Low
4872-VXRIL,0.0,Low Risk,3620.400000000001,High Value Customer,16.94,Low
8788-DOXSU,0.0,Low Risk,3619.65,High Value Customer,16.93,Low
2430-RRYUW,0.0,Low Risk,3616.8,High Value Customer,16.92,Low
6075-SLNIL,0.0,Low Risk,3613.8,High Value Customer,16.91,Low
8847-GEOOQ,0.0,Low Risk,3612.0,High Value Customer,16.9,Low
4083-BFNYK,0.0,Low Risk,3610.0,High Value Customer,16.89,Low
7123-WQUHX,0.0,Low Risk,3610.0,High Value Customer,16.89,Low
1169-WCVAK,0.15,Low Risk,1687.2,Low Priority,16.89,Low
7621-VPNET,0.0,Low Risk,3607.8,High Value Customer,16.88,Low
5176-LDKUH,0.0,Low Risk,3607.2,High Value Customer,16.88,Low
3745-HRPHI,0.0,Low Risk,3606.9,High Value Customer,16.87,Low
8465-SBRXP,0.0,Low Risk,3606.2,High Value Customer,16.87,Low
2197-OMWGI,0.0,Low Risk,3604.0,High Value Customer,16.86,Low
2037-SGXHH,0.0,Low Risk,3596.7000000000003,High Value Customer,16.83,Low
9481-SFCQY,0.215,Low Risk,837.1999999999999,Low Priority,16.82,Low
7131-ZQZNK,0.0,Low Risk,3591.0,High Value Customer,16.8,Low
1752-OZXFY,0.0,Low Risk,3588.0,High Value Customer,16.79,Low
8498-XXGWA,0.0,Low Risk,3584.75,High Value Customer,16.77,Low
6906-MPARY,0.0,Low Risk,3584.0,High Value Customer,16.77,Low
2697-NQBPF,0.0,Low Risk,3581.9,High Value Customer,16.76,Low
2133-TSRRM,0.0,Low Risk,3581.9,High Value Customer,16.76,Low
0520-FDVVT,0.0,Low Risk,3582.25,High Value Customer,16.76,Low
6203-HBZPA,0.02,Low Risk,3322.8,High Value Customer,16.75,Low
4578-PHJYZ,0.0,Low Risk,3575.0,High Value Customer,16.73,Low
3181-VTHOE,0.0,Low Risk,3573.5,High Value Customer,16.72,Low
2874-YXVVA,0.0,Low Risk,3573.4,High Value Customer,16.72,Low
4238-JSSWH,0.0,Low Risk,3571.75,High Value Customer,16.71,Low
1942-OQFRW,0.275,Low Risk,44.0,Low Priority,16.71,Low
6907-NZZIJ,0.0,Low Risk,3569.4,High Value Customer,16.7,Low
9018-PCIOK,0.0,Low Risk,3561.25,High Value Customer,16.66,Low
6322-HRPFA,0.05,Low Risk,2920.4,Low Priority,16.66,Low
0743-HNPFG,0.0,Low Risk,3557.25,High Value Customer,16.64,Low
6862-CQUMB,0.0,Low Risk,3555.7,High Value Customer,16.63,Low
9490-DFPMD,0.0,Low Risk,3555.3,High Value Customer,16.63,Low
3229-USWAR,0.065,Low Risk,2718.3,Low Priority,16.62,Low
4958-XCBDQ,0.0,Low Risk,3549.0,High Value Customer,16.6,Low
0114-PEGZZ,0.0,Low Risk,3549.15,High Value Customer,16.6,Low
2160-GPFXD,0.0,Low Risk,3545.1000000000004,High Value Customer,16.59,Low
2452-SNHFZ,0.0,Low Risk,3546.15,High Value Customer,16.59,Low
0607-MVMGC,0.0,Low Risk,3543.75,High Value Customer,16.58,Low
7445-WMRBW,0.0,Low Risk,3544.8,High Value Customer,16.58,Low
2192-CKRLV,0.0,Low Risk,3542.4,High Value Customer,16.57,Low
9194-GFVOI,0.0,Low Risk,3542.7,High Value Customer,16.57,Low
7670-ZBPOQ,0.0,Low Risk,3540.9,High Value Customer,16.57,Low
3021-VLNRJ,0.0,Low Risk,3540.0,High Value Customer,16.56,Low
4471-KXAUH,0.0,Low Risk,3540.6,High Value Customer,16.56,Low
9281-OFDMF,0.0,Low Risk,3537.3,High Value Customer,16.55,Low
5651-CRHKQ,0.0,Low Risk,3534.2000000000003,High Value Customer,16.53,Low
7753-USQYQ,0.0,Low Risk,3531.0,High Value Customer,16.52,Low
4097-YODCF,0.0,Low Risk,3529.2,High Value Customer,16.51,Low
6851-WEFYX,0.0,Low Risk,3528.0,High Value Customer,16.51,Low
7054-DMVAS,0.0,Low Risk,3526.2,High Value Customer,16.5,Low
2824-MYYBN,0.0,Low Risk,3524.25,High Value Customer,16.49,Low
2155-AMQRX,0.155,Low Risk,1537.2,Low Priority,16.49,Low
7994-XIRTR,0.0,Low Risk,3523.5,High Value Customer,16.48,Low
5982-FPVQN,0.0,Low Risk,3520.55,High Value Customer,16.47,Low
1814-WFGVS,0.0,Low Risk,3520.8,High Value Customer,16.47,Low
4700-UBQMV,0.15,Low Risk,1593.9,Low Priority,16.46,Low
4726-DLWQN,0.0,Low Risk,3517.4999999999995,High Value Customer,16.46,Low
5915-DGNVC,0.0,Low Risk,3518.2,High Value Customer,16.46,Low
9174-IHETN,0.0,Low Risk,3517.4999999999995,High Value Customer,16.46,Low
5949-EBSQK,0.255,Low Risk,245.8,Low Priority,16.45,Low
7233-IOQNP,0.16,Low Risk,1462.0,Low Priority,16.44,Low
0939-YAPAF,0.0,Low Risk,3508.75,High Value Customer,16.42,Low
2731-GJRDG,0.0,Low Risk,3505.6,High Value Customer,16.4,Low
9097-ZUBYC,0.22,Low Risk,683.1999999999999,Low Priority,16.4,Low
9445-SZLCH,0.0,Low Risk,3504.6,High Value Customer,16.4,Low
6559-ILWKJ,0.0,Low Risk,3503.85,High Value Customer,16.39,Low
1730-VFMWO,0.14,Low Risk,1706.8000000000002,Low Priority,16.39,Low
5232-NXPAY,0.0,Low Risk,3499.15,High Value Customer,16.37,Low
5181-OABFK,0.005,Low Risk,3432.8,High Value Customer,16.36,Low
0378-XSZPU,0.0,Low Risk,3497.4,High Value Customer,16.36,Low
5256-SKJGO,0.0,Low Risk,3494.4,High Value Customer,16.35,Low
9831-BPFRI,0.0,Low Risk,3492.45,High Value Customer,16.34,Low
0230-UBYPQ,0.095,Low Risk,2274.3,Low Priority,16.34,Low
4312-GVYNH,0.0,Low Risk,3489.5,High Value Customer,16.33,Low
8329-GWVPJ,0.0,Low Risk,3487.5,High Value Customer,16.32,Low
3717-LNXKW,0.0,Low Risk,3484.6,High Value Customer,16.3,Low
3018-TFTSU,0.195,Low Risk,980.4,Low Priority,16.29,Low
2391-IPLOP,0.0,Low Risk,3482.5000000000005,High Value Customer,16.29,Low
3557-HTYWR,0.0,Low Risk,3480.35,High Value Customer,16.28,Low
7138-GIRSH,0.0,Low Risk,3475.0,High Value Customer,16.26,Low
0080-OROZO,0.0,Low Risk,3473.75,High Value Customer,16.25,Low
3638-WEABW,0.0,Low Risk,3474.2,High Value Customer,16.25,Low
4039-HEUNW,0.0,Low Risk,3474.0,High Value Customer,16.25,Low
6854-EXGSF,0.23,Low Risk,524.0,Low Priority,16.25,Low
3588-WSTTJ,0.0,Low Risk,3466.75,High Value Customer,16.22,Low
7028-DVOIQ,0.0,Low Risk,3466.75,High Value Customer,16.22,Low
6762-QVYJO,0.0,Low Risk,3465.5,High Value Customer,16.21,Low
4945-RVMTE,0.14,Low Risk,1667.4,Low Priority,16.2,Low
8313-AFGBW,0.0,Low Risk,3459.2,High Value Customer,16.18,Low
3503-TYDAY,0.0,Low Risk,3459.35,High Value Customer,16.18,Low
9286-BHDQG,0.015,Low Risk,3258.0,High Value Customer,16.14,Low
7868-BGSZA,0.0,Low Risk,3448.6,High Value Customer,16.13,Low
4323-SADQS,0.25,Low Risk,241.5,Low Priority,16.13,Low
7691-KGKGP,0.0,Low Risk,3445.0,High Value Customer,16.12,Low
5219-YIPTK,0.0,Low Risk,3445.2000000000003,High Value Customer,16.12,Low
4254-QPEDE,0.0,Low Risk,3445.0,High Value Customer,16.12,Low
8259-DZLIZ,0.0,Low Risk,3446.4,High Value Customer,16.12,Low
6572-ADKRS,0.0,Low Risk,3440.8,High Value Customer,16.1,Low
7483-IQWIB,0.0,Low Risk,3439.15,High Value Customer,16.09,Low
0396-YCHWO,0.0,Low Risk,3434.4,High Value Customer,16.07,Low
2479-BRAMR,0.0,Low Risk,3433.75,High Value Customer,16.06,Low
8455-HIRAQ,0.24,Low Risk,355.6,Low Priority,16.06,Low
8267-ZNYVZ,0.0,Low Risk,3423.75,High Value Customer,16.02,Low
5136-KCKGI,0.0,Low Risk,3422.1,High Value Customer,16.01,Low
3990-QYKBE,0.0,Low Risk,3422.5,High Value Customer,16.01,Low
0757-WCUUZ,0.0,Low Risk,3420.9,High Value Customer,16.0,Low
5119-KEPFY,0.0,Low Risk,3420.0,High Value Customer,16.0,Low
6784-XYJAE,0.11,Low Risk,2008.8,Low Priority,16.0,Low
6959-GQEGV,0.0,Low Risk,3417.75,High Value Customer,15.99,Low
1194-SPVSP,0.2648,Low Risk,19.65,Low Priority,15.98,Low
6116-RFVHN,0.0,Low Risk,3415.3,High Value Customer,15.98,Low
3813-DHBBB,0.0,Low Risk,3413.65,High Value Customer,15.97,Low
7982-VCELR,0.0,Low Risk,3412.8,High Value Customer,15.97,Low
3511-BFTJW,0.05,Low Risk,2772.0,Low Priority,15.97,Low
1121-QSIVB,0.0,Low Risk,3412.2,High Value Customer,15.96,Low
1472-TNCWL,0.0,Low Risk,3409.2000000000003,High Value Customer,15.95,Low
0257-KXZGU,0.11,Low Risk,1998.4,Low Priority,15.95,Low
5397-NSKQG,0.0,Low Risk,3410.3,High Value Customer,15.95,Low
6773-LQTVT,0.185,Low Risk,1033.85,Low Priority,15.94,Low
1661-CZBAU,0.0,Low Risk,3405.6000000000004,High Value Customer,15.93,Low
7633-MVPUY,0.0,Low Risk,3405.75,High Value Customer,15.93,Low
3757-NJYBX,0.0,Low Risk,3403.2,High Value Customer,15.92,Low
4851-BQDNX,0.0,Low Risk,3402.0,High Value Customer,15.92,Low
1465-LNTLJ,0.225,Low Risk,515.2,Low Priority,15.91,Low
1177-XZBJL,0.0,Low Risk,3399.9500000000003,High Value Customer,15.91,Low
7586-ZATGZ,0.0,Low Risk,3396.0,High Value Customer,15.89,Low
9052-DHNKM,0.14,Low Risk,1600.3,Low Priority,15.89,Low
3950-VPYJB,0.0,Low Risk,3397.2000000000003,High Value Customer,15.89,Low
2873-ZLIWT,0.0,Low Risk,3394.0,High Value Customer,15.88,Low
0380-NEAVX,0.0,Low Risk,3394.9,High Value Customer,15.88,Low
8050-XGRVL,0.0,Low Risk,3394.5,High Value Customer,15.88,Low
1996-DBMUS,0.0,Low Risk,3391.2000000000003,High Value Customer,15.87,Low
0848-SOMKO,0.0,Low Risk,3388.0,High Value Customer,15.85,Low
9027-TMATR,0.0,Low Risk,3388.4,High Value Customer,15.85,Low
0733-VUNUW,0.16,Low Risk,1335.6,Low Priority,15.85,Low
1024-KPRBB,0.0,Low Risk,3385.8,High Value Customer,15.84,Low
8550-XSXUQ,0.0,Low Risk,3386.4,High Value Customer,15.84,Low
8587-XYZSF,0.0,Low Risk,3386.85,High Value Customer,15.84,Low
8547-NSBBO,0.0,Low Risk,3386.25,High Value Customer,15.84,Low
0254-WWRKD,0.0,Low Risk,3386.85,High Value Customer,15.84,Low
7779-ORAEL,0.0,Low Risk,3381.7500000000005,High Value Customer,15.82,Low
4522-XRWWI,0.0,Low Risk,3378.9,High Value Customer,15.81,Low
4872-JCVCA,0.0,Low Risk,3379.6,High Value Customer,15.81,Low
7153-CHRBV,0.0,Low Risk,3380.1,High Value Customer,15.81,Low
1809-DMJHQ,0.245,Low Risk,230.0,Low Priority,15.78,Low
1436-ZMJAN,0.21,Low Risk,678.0,Low Priority,15.77,Low
0376-OIWME,0.0,Low Risk,3369.6,High Value Customer,15.76,Low
2257-BOVXD,0.19,Low Risk,932.4,Low Priority,15.76,Low
6986-IJDHX,0.0,Low Risk,3365.7,High Value Customer,15.75,Low
3604-WLABM,0.22,Low Risk,542.5,Low Priority,15.74,Low
3400-ESFUW,0.015,Low Risk,3165.25,High Value Customer,15.71,Low
9003-CPATH,0.0,Low Risk,3355.8,High Value Customer,15.7,Low
3001-CBHLQ,0.0,Low Risk,3356.8,High Value Customer,15.7,Low
9629-NHXFW,0.26,Low Risk,19.4,Low Priority,15.69,Low
2911-IJORQ,0.0,Low Risk,3352.2,High Value Customer,15.68,Low
0699-NDKJM,0.0,Low Risk,3348.75,High Value Customer,15.67,Low
7128-GGCNO,0.0,Low Risk,3348.8,High Value Customer,15.67,Low
7018-FPXHH,0.0,Low Risk,3348.8,High Value Customer,15.67,Low
0475-RIJEP,0.0,Low Risk,3347.55,High Value Customer,15.66,Low
4342-HFXWS,0.0,Low Risk,3345.6000000000004,High Value Customer,15.65,Low
8670-MEFCP,0.0,Low Risk,3344.4,High Value Customer,15.65,Low
9469-WEJBT,0.0,Low Risk,3342.95,High Value Customer,15.64,Low
5302-BDJNT,0.0,Low Risk,3342.5,High Value Customer,15.64,Low
3318-OSATS,0.0,Low Risk,3340.75,High Value Customer,15.63,Low
7110-BDTWG,0.0,Low Risk,3340.55,High Value Customer,15.63,Low
0667-NSRGI,0.0,Low Risk,3338.4,High Value Customer,15.62,Low
5630-AHZIL,0.245,Low Risk,193.5,Low Priority,15.61,Low
0277-ORXQS,0.0,Low Risk,3336.3,High Value Customer,15.61,Low
1307-TVUFB,0.0,Low Risk,3332.7,High Value Customer,15.59,Low
5566-SOEZD,0.09,Low Risk,2177.55,Low Priority,15.59,Low
3011-WQKSZ,0.23,Low Risk,380.0,Low Priority,15.58,Low
4632-XJMEX,0.0,Low Risk,3331.05,High Value Customer,15.58,Low
2325-WINES,0.0,Low Risk,3329.6,High Value Customer,15.58,Low
2207-QPJED,0.0,Low Risk,3330.0,High Value Customer,15.58,Low
4693-VWVBO,0.255,Low Risk,58.650000000000006,Low Priority,15.57,Low
1506-YJTYT,0.0,Low Risk,3323.2499999999995,High Value Customer,15.55,Low
6393-WRYZE,0.0,Low Risk,3320.1000000000004,High Value Customer,15.53,Low
1932-UEDCX,0.0,Low Risk,3319.8,High Value Customer,15.53,Low
1271-UODNO,0.095,Low Risk,2100.15,Low Priority,15.53,Low
9039-RBEEE,0.11,Low Risk,1909.05,Low Priority,15.53,Low
4701-MLJPN,0.125,Low Risk,1712.75,Low Priority,15.51,Low
1732-VHUBQ,0.0,Low Risk,3315.85,High Value Customer,15.51,Low
6647-ZEDXT,0.0,Low Risk,3313.5,High Value Customer,15.5,Low
1395-OFUWC,0.16,Low Risk,1259.9,Low Priority,15.49,Low
9143-CANJF,0.155,Low Risk,1323.6,Low Priority,15.49,Low
2974-GGUXS,0.0,Low Risk,3310.2000000000003,High Value Customer,15.49,Low
2192-OZITF,0.0,Low Risk,3309.75,High Value Customer,15.48,Low
6522-YRBXD,0.0,Low Risk,3309.25,High Value Customer,15.48,Low
0440-MOGPM,0.0,Low Risk,3302.55,High Value Customer,15.45,Low
3605-JISKB,0.0,Low Risk,3300.0,High Value Customer,15.44,Low
9327-QSDED,0.23,Low Risk,348.4,Low Priority,15.43,Low
8434-PNQZX,0.0,Low Risk,3294.9,High Value Customer,15.41,Low
4636-OLWOE,0.0,Low Risk,3294.0,High Value Customer,15.41,Low
5227-JSCFE,0.0,Low Risk,3290.85,High Value Customer,15.4,Low
4568-KNYWR,0.0,Low Risk,3289.0,High Value Customer,15.39,Low
3481-JHUZH,0.0,Low Risk,3290.25,High Value Customer,15.39,Low
7919-ZODZZ,0.205,Low Risk,659.0,Low Priority,15.38,Low
2672-TGEFF,0.0,Low Risk,3285.6,High Value Customer,15.37,Low
3474-BAFSJ,0.0,Low Risk,3277.5,High Value Customer,15.33,Low
9170-GYZJC,0.0,Low Risk,3275.9,High Value Customer,15.33,Low
5236-XMZJY,0.06,Low Risk,2505.3,Low Priority,15.32,Low
8387-MOJJT,0.0,Low Risk,3273.9,High Value Customer,15.32,Low
8879-ZKJOF,0.0,Low Risk,3273.85,High Value Customer,15.32,Low
4547-FZJWE,0.0,Low Risk,3269.75,High Value Customer,15.3,Low
0778-NELLA,0.23,Low Risk,312.3,Low Priority,15.26,Low
4002-BQWPQ,0.095,Low Risk,2043.75,Low Priority,15.26,Low
5975-BAICR,0.075,Low Risk,2293.2000000000003,Low Priority,15.23,Low
0412-UCCNP,0.0,Low Risk,3256.0,High Value Customer,15.23,Low
3173-NVMPX,0.215,Low Risk,497.7,Low Priority,15.23,Low
5186-EJEGL,0.205,Low Risk,625.5,Low Priority,15.23,Low
5438-QMDDL,0.165,Low Risk,1136.2,Low Priority,15.22,Low
6896-SRVYQ,0.0,Low Risk,3249.4,High Value Customer,15.2,Low
2361-UPSND,0.0,Low Risk,3247.6,High Value Customer,15.19,Low
7037-MTYVW,0.0,Low Risk,3245.2000000000003,High Value Customer,15.18,Low
2809-ZMYOQ,0.0,Low Risk,3243.2,High Value Customer,15.17,Low
9720-JJJOR,0.06,Low Risk,2472.3,Low Priority,15.17,Low
2842-BCQGE,0.0,Low Risk,3240.05,High Value Customer,15.16,Low
4194-FJARJ,0.0,Low Risk,3240.0,High Value Customer,15.16,Low
7470-DYNOE,0.0,Low Risk,3238.3,High Value Customer,15.15,Low
6682-QJDGB,0.08,Low Risk,2210.0,Low Priority,15.14,Low
7629-WIXZF,0.22,Low Risk,413.7,Low Priority,15.14,Low
1559-DTODC,0.215,Low Risk,477.85,Low Priority,15.14,Low
2351-BKRZW,0.0,Low Risk,3233.6,High Value Customer,15.13,Low
7730-IUTDZ,0.0,Low Risk,3233.6,High Value Customer,15.13,Low
1550-EENBN,0.0,Low Risk,3234.85,High Value Customer,15.13,Low
2896-TBNBE,0.0,Low Risk,3232.0,High Value Customer,15.12,Low
8510-TMWYB,0.0,Low Risk,3229.2,High Value Customer,15.11,Low
4077-CROMM,0.0,Low Risk,3230.2000000000003,High Value Customer,15.11,Low
7013-PSXHK,0.0,Low Risk,3230.0,High Value Customer,15.11,Low
8800-ZKRFW,0.0,Low Risk,3225.0,High Value Customer,15.09,Low
6504-VBLFL,0.0,Low Risk,3223.0,High Value Customer,15.08,Low
4003-FUSHP,0.16,Low Risk,1169.45,Low Priority,15.07,Low
6473-ULUHT,0.145,Low Risk,1358.4,Low Priority,15.06,Low
4859-ZSRDZ,0.0,Low Risk,3219.0,High Value Customer,15.06,Low
2516-XSJKX,0.0,Low Risk,3216.4500000000003,High Value Customer,15.05,Low
5110-CHOPY,0.0,Low Risk,3216.0,High Value Customer,15.05,Low
1641-RQDAY,0.0,Low Risk,3212.8,High Value Customer,15.03,Low
7774-OJSXI,0.0,Low Risk,3206.9500000000003,High Value Customer,15.0,Low
3639-XJHKQ,0.16,Low Risk,1151.4,Low Priority,14.99,Low
2794-XIMMO,0.0,Low Risk,3203.8500000000004,High Value Customer,14.99,Low
7530-HDYDS,0.0,Low Risk,3201.5,High Value Customer,14.98,Low
6745-JEFZB,0.0,Low Risk,3202.5,High Value Customer,14.98,Low
0585-EGDDA,0.0,Low Risk,3200.0,High Value Customer,14.97,Low
9102-OXKFY,0.0,Low Risk,3194.85,High Value Customer,14.95,Low
5032-USPKF,0.0,Low Risk,3195.8,High Value Customer,14.95,Low
9738-QLWTP,0.0,Low Risk,3194.1000000000004,High Value Customer,14.94,Low
5135-RDDQL,0.0,Low Risk,3190.95,High Value Customer,14.93,Low
1552-AAGRX,0.0,Low Risk,3192.0,High Value Customer,14.93,Low
3566-CAAYU,0.0,Low Risk,3190.4,High Value Customer,14.93,Low
3884-UEBXB,0.06,Low Risk,2422.05,Low Priority,14.93,Low
2253-KPMNB,0.0,Low Risk,3191.25,High Value Customer,14.93,Low
1702-CCFNJ,0.0,Low Risk,3190.2000000000003,High Value Customer,14.92,Low
1193-RTSLK,0.0,Low Risk,3188.2000000000003,High Value Customer,14.92,Low
0979-MOZQI,0.06,Low Risk,2418.0,Low Priority,14.91,Low
8818-XYFCQ,0.0,Low Risk,3185.6,High Value Customer,14.9,Low
2378-HTWFW,0.0,Low Risk,3185.0,High Value Customer,14.9,Low
2634-HCZGT,0.0,Low Risk,3182.65,High Value Customer,14.89,Low
7502-BNYGS,0.0,Low Risk,3178.6,High Value Customer,14.87,Low
7776-QGYJC,0.0,Low Risk,3178.5,High Value Customer,14.87,Low
7672-VFMXZ,0.0,Low Risk,3174.9,High Value Customer,14.85,Low
1848-LBZHY,0.22,Low Risk,352.1,Low Priority,14.85,Low
9762-YAQAA,0.0,Low Risk,3174.6000000000004,High Value Customer,14.85,Low
2921-XWDJH,0.0,Low Risk,3171.1,High Value Customer,14.84,Low
1421-HCERK,0.0,Low Risk,3171.0,High Value Customer,14.84,Low
7137-RYLPP,0.0,Low Risk,3170.9,High Value Customer,14.83,Low
3537-RYBHH,0.0,Low Risk,3170.15,High Value Customer,14.83,Low
7136-RVDTZ,0.0,Low Risk,3167.5,High Value Customer,14.82,Low
6088-BXMRG,0.0,Low Risk,3163.2,High Value Customer,14.8,Low
2037-XJFUP,0.0,Low Risk,3161.4,High Value Customer,14.79,Low
1768-HNVGJ,0.0,Low Risk,3152.25,High Value Customer,14.75,Low
9114-AAFQH,0.0,Low Risk,3151.2000000000003,High Value Customer,14.74,Low
2603-HVKCG,0.0,Low Risk,3143.4,High Value Customer,14.71,Low
0289-IVARM,0.08,Low Risk,2119.25,Low Priority,14.71,Low
5886-VLQVU,0.0,Low Risk,3144.75,High Value Customer,14.71,Low
9921-EZKBY,0.0,Low Risk,3144.9,High Value Customer,14.71,Low
2522-WLNSF,0.075,Low Risk,2182.8,Low Priority,14.71,Low
5198-HQAEN,0.0,Low Risk,3139.5,High Value Customer,14.69,Low
9470-XCCEM,0.0,Low Risk,3137.75,High Value Customer,14.68,Low
2105-PHWON,0.0,Low Risk,3135.0,High Value Customer,14.67,Low
6701-DHKWQ,0.0,Low Risk,3132.35,High Value Customer,14.65,Low
8780-YRMTT,0.0,Low Risk,3128.4,High Value Customer,14.64,Low
4667-OHGKG,0.2425,Low Risk,19.3,Low Priority,14.64,Low
5095-ETBRJ,0.0,Low Risk,3124.0,High Value Customer,14.62,Low
0562-KBDVM,0.0,Low Risk,3122.0,High Value Customer,14.61,Low
2107-FBPTK,0.0,Low Risk,3123.0,High Value Customer,14.61,Low
4682-BLBUC,0.0,Low Risk,3121.8,High Value Customer,14.6,Low
4106-HADHQ,0.0,Low Risk,3120.0,High Value Customer,14.6,Low
5244-IRFIH,0.0,Low Risk,3118.5,High Value Customer,14.59,Low
6195-MELTI,0.0,Low Risk,3115.05,High Value Customer,14.57,Low
3714-JTVOV,0.0,Low Risk,3114.3,High Value Customer,14.57,Low
7669-LCRSD,0.19,Low Risk,675.5999999999999,Low Priority,14.56,Low
5792-JALQC,0.0,Low Risk,3112.2000000000003,High Value Customer,14.56,Low
2240-HSJQD,0.0,Low Risk,3110.3,High Value Customer,14.55,Low
9931-KGHOA,0.045,Low Risk,2530.0,Low Priority,14.54,Low
6261-RCVNS,0.0,Low Risk,3103.8,High Value Customer,14.52,Low
6030-REHUX,0.0,Low Risk,3103.8,High Value Customer,14.52,Low
5499-ECUTN,0.0,Low Risk,3104.35,High Value Customer,14.52,Low
1254-IZEYF,0.0,Low Risk,3098.4500000000003,High Value Customer,14.5,Low
1644-IRKSF,0.0,Low Risk,3095.4,High Value Customer,14.48,Low
2405-LBMUW,0.0,Low Risk,3092.7000000000003,High Value Customer,14.47,Low
7100-FQPRV,0.0,Low Risk,3091.7000000000003,High Value Customer,14.46,Low
7951-VRDVK,0.0,Low Risk,3090.6,High Value Customer,14.46,Low
8878-RYUKI,0.0,Low Risk,3091.4,High Value Customer,14.46,Low
2239-CGBUZ,0.0,Low Risk,3085.5,High Value Customer,14.44,Low
3399-BMLVW,0.0,Low Risk,3085.5,High Value Customer,14.44,Low
1282-IHQAC,0.0,Low Risk,3083.5,High Value Customer,14.43,Low
6374-AFWOX,0.005,Low Risk,3019.9,High Value Customer,14.43,Low
7954-MLBUN,0.0,Low Risk,3082.9500000000003,High Value Customer,14.42,Low
7422-WNBTY,0.0,Low Risk,3080.55,High Value Customer,14.41,Low
6516-NKQBO,0.0,Low Risk,3078.0,High Value Customer,14.4,Low
5959-BELXA,0.0,Low Risk,3076.8,High Value Customer,14.39,Low
5269-NRGDP,0.0,Low Risk,3072.3,High Value Customer,14.37,Low
7876-AEHIG,0.0,Low Risk,3067.65,High Value Customer,14.35,Low
5913-INRQV,0.0,Low Risk,3065.1000000000004,High Value Customer,14.34,Low
0354-WYROK,0.0,Low Risk,3065.9,High Value Customer,14.34,Low
5155-AZQPB,0.13,Low Risk,1397.2,Low Priority,14.34,Low
7576-ASEJU,0.0,Low Risk,3062.7000000000003,High Value Customer,14.33,Low
0617-AQNWT,0.0,Low Risk,3062.4,High Value Customer,14.33,Low
3164-YAXFY,0.0,Low Risk,3063.75,High Value Customer,14.33,Low
3161-GETRM,0.0,Low Risk,3061.7,High Value Customer,14.32,Low
8591-NXRCV,0.0,Low Risk,3060.65,High Value Customer,14.32,Low
1163-ONYEY,0.0,Low Risk,3056.55,High Value Customer,14.3,Low
8756-RDDLT,0.0,Low Risk,3056.6000000000004,High Value Customer,14.3,Low
0362-ZBZWJ,0.0,Low Risk,3056.4,High Value Customer,14.3,Low
3865-QBWSJ,0.0,Low Risk,3057.1,High Value Customer,14.3,Low
7682-AZNDK,0.0,Low Risk,3054.9,High Value Customer,14.29,Low
3401-URHDA,0.0,Low Risk,3054.9,High Value Customer,14.29,Low
4381-MHQDC,0.0,Low Risk,3055.0,High Value Customer,14.29,Low
5762-TJXGK,0.0,Low Risk,3055.0,High Value Customer,14.29,Low
2321-OMBXY,0.0,Low Risk,3051.4,High Value Customer,14.28,Low
7130-CTCUS,0.17,Low Risk,872.8,Low Priority,14.28,Low
9501-UKKNL,0.0,Low Risk,3050.3,High Value Customer,14.27,Low
8996-ZROXE,0.0,Low Risk,3049.5,High Value Customer,14.27,Low
2362-IBOOY,0.0,Low Risk,3051.0,High Value Customer,14.27,Low
5073-WXOYN,0.0,Low Risk,3048.0,High Value Customer,14.26,Low
2930-UOTMB,0.08,Low Risk,2022.75,Low Priority,14.26,Low
2137-DQMEV,0.0,Low Risk,3046.4,High Value Customer,14.25,Low
1028-FFNJK,0.0,Low Risk,3045.0,High Value Customer,14.25,Low
2550-AEVRU,0.0,Low Risk,3046.65,High Value Customer,14.25,Low
5049-MUBWG,0.085,Low Risk,1950.0,Low Priority,14.22,Low
5150-LJNSR,0.0,Low Risk,3039.55,High Value Customer,14.22,Low
1335-MXCSE,0.0,Low Risk,3038.75,High Value Customer,14.22,Low
9820-RMCQV,0.195,Low Risk,534.05,Low Priority,14.2,Low
7032-LMBHI,0.05,Low Risk,2392.05,Low Priority,14.19,Low
0567-XRHCU,0.0,Low Risk,3032.55,High Value Customer,14.19,Low
8947-YRTDV,0.0,Low Risk,3033.6,High Value Customer,14.19,Low
0526-SXDJP,0.0,Low Risk,3031.2000000000003,High Value Customer,14.18,Low
1534-OULXE,0.0,Low Risk,3031.7000000000003,High Value Customer,14.18,Low
9142-KZXOP,0.0,Low Risk,3029.4,High Value Customer,14.17,Low
9200-NLNPD,0.0,Low Risk,3026.8,High Value Customer,14.16,Low
9782-LGXMC,0.0,Low Risk,3025.75,High Value Customer,14.16,Low
6352-TWCAU,0.0,Low Risk,3025.75,High Value Customer,14.16,Low
8869-TORSS,0.01,Low Risk,2896.8,Low Priority,14.15,Low
6257-RJOHI,0.22,Low Risk,203.2,Low Priority,14.15,Low
5294-CDGWY,0.0,Low Risk,3024.3,High Value Customer,14.15,Low
4636-JGAAI,0.0,Low Risk,3020.9,High Value Customer,14.13,Low
7599-NTMDP,0.0,Low Risk,3019.4,High Value Customer,14.13,Low
9948-YPTDG,0.0,Low Risk,3019.1,High Value Customer,14.12,Low
4998-IKFSE,0.0,Low Risk,3013.5,High Value Customer,14.1,Low
3001-UNBTL,0.0,Low Risk,3014.55,High Value Customer,14.1,Low
4549-ZDQYY,0.0,Low Risk,3013.4,High Value Customer,14.1,Low
1482-OXZSY,0.0,Low Risk,3012.0,High Value Customer,14.09,Low
9089-UOWJG,0.18,Low Risk,700.2,Low Priority,14.08,Low
0111-KLBQG,0.0,Low Risk,3006.4,High Value Customer,14.07,Low
5386-THSLQ,0.0,Low Risk,3006.3,High Value Customer,14.06,Low
4611-ANLQC,0.0,Low Risk,3003.0,High Value Customer,14.05,Low
9647-ERGBE,0.0,Low Risk,3001.5,High Value Customer,14.04,Low
4000-VGMQP,0.0,Low Risk,3000.1,High Value Customer,14.04,Low
7771-CFQRQ,0.0,Low Risk,2998.6,Low Priority,14.03,Low
1097-FSPVW,0.055,Low Risk,2291.1,Low Priority,14.02,Low
6008-NAIXK,0.0,Low Risk,2994.3,Low Priority,14.01,Low
7813-ZGGAW,0.0,Low Risk,2994.6,Low Priority,14.01,Low
0471-LVHGK,0.0,Low Risk,2993.0,Low Priority,14.0,Low
4826-TZEVA,0.0,Low Risk,2992.0,Low Priority,14.0,Low
2495-KZNFB,0.0,Low Risk,2991.4500000000003,Low Priority,14.0,Low
0674-DGMAQ,0.0,Low Risk,2992.0,Low Priority,14.0,Low
6429-SHBCB,0.13,Low Risk,1322.4,Low Priority,13.99,Low
6578-KRMAW,0.0,Low Risk,2988.8,Low Priority,13.98,Low
3842-IYKUE,0.0,Low Risk,2985.5,Low Priority,13.97,Low
1258-YMZNM,0.0,Low Risk,2983.5,Low Priority,13.96,Low
3999-WRNGR,0.0,Low Risk,2985.0,Low Priority,13.96,Low
2985-JUUBZ,0.0,Low Risk,2982.0,Low Priority,13.95,Low
8290-YWKHZ,0.0,Low Risk,2982.4,Low Priority,13.95,Low
4628-WQCQQ,0.0,Low Risk,2980.25,Low Priority,13.94,Low
3957-LXOLK,0.0,Low Risk,2972.2000000000003,Low Priority,13.91,Low
5498-TXHLF,0.0,Low Risk,2973.3,Low Priority,13.91,Low
1051-GEJLJ,0.2287,Low Risk,39.0,Low Priority,13.9,Low
1114-CENIM,0.0,Low Risk,2970.0,Low Priority,13.89,Low
9000-PLFUZ,0.0,Low Risk,2967.0,Low Priority,13.88,Low
9693-XMUOB,0.0,Low Risk,2964.75,Low Priority,13.87,Low
1104-TNLZA,0.0,Low Risk,2962.4,Low Priority,13.86,Low
2402-TAIRZ,0.0,Low Risk,2961.85,Low Priority,13.86,Low
8868-WOZGU,0.0,Low Risk,2959.6,Low Priority,13.85,Low
3174-AKMAS,0.0,Low Risk,2953.2000000000003,Low Priority,13.82,Low
9150-HEPMB,0.0,Low Risk,2951.2000000000003,Low Priority,13.81,Low
2091-MJTFX,0.11,Low Risk,1536.0,Low Priority,13.79,Low
2692-BUCFV,0.0,Low Risk,2942.05,Low Priority,13.76,Low
6723-CEGQI,0.0,Low Risk,2941.25,Low Priority,13.76,Low
4622-YNKIJ,0.0,Low Risk,2935.35,Low Priority,13.73,Low
3208-YPIOE,0.0,Low Risk,2934.75,Low Priority,13.73,Low
7892-POOKP,0.0,Low Risk,2934.4,Low Priority,13.73,Low
9592-ERDKV,0.0,Low Risk,2932.25,Low Priority,13.72,Low
5899-OUVKV,0.0,Low Risk,2929.5,Low Priority,13.71,Low
0298-XACET,0.025,Low Risk,2610.4,Low Priority,13.71,Low
8624-GIOUT,0.0,Low Risk,2927.75,Low Priority,13.7,Low
5846-QFDFI,0.0,Low Risk,2923.8,Low Priority,13.68,Low
9904-EHEVJ,0.0,Low Risk,2923.2,Low Priority,13.68,Low
7627-JKIAZ,0.0,Low Risk,2921.15,Low Priority,13.67,Low
1929-ZCBHE,0.08,Low Risk,1894.1,Low Priority,13.66,Low
3714-XPXBW,0.0,Low Risk,2919.3,Low Priority,13.66,Low
0104-PPXDV,0.0,Low Risk,2917.4,Low Priority,13.65,Low
7663-ZTEGJ,0.0,Low Risk,2915.95,Low Priority,13.64,Low
5222-IMUKT,0.0,Low Risk,2913.6,Low Priority,13.63,Low
7739-LAXOG,0.0,Low Risk,2913.6,Low Priority,13.63,Low
6229-UOLQL,0.0,Low Risk,2912.0,Low Priority,13.62,Low
8189-XRIKE,0.0,Low Risk,2910.4,Low Priority,13.62,Low
5944-UGLLK,0.0,Low Risk,2909.7,Low Priority,13.61,Low
0657-DOGUM,0.0,Low Risk,2908.8,Low Priority,13.61,Low
1855-AGAWH,0.0,Low Risk,2907.8,Low Priority,13.6,Low
8582-KRHPJ,0.09,Low Risk,1750.0,Low Priority,13.59,Low
5153-RTHKF,0.0,Low Risk,2901.9,Low Priority,13.58,Low
4940-KHCWD,0.05,Low Risk,2262.0,Low Priority,13.58,Low
9830-ECLEN,0.0,Low Risk,2900.0,Low Priority,13.57,Low
0666-UXTJO,0.0,Low Risk,2896.8,Low Priority,13.55,Low
1910-FMXJM,0.0,Low Risk,2894.4,Low Priority,13.54,Low
2357-COQEK,0.0,Low Risk,2892.4,Low Priority,13.53,Low
6313-GIDIT,0.0,Low Risk,2885.8500000000004,Low Priority,13.5,Low
5788-YPOEG,0.0,Low Risk,2881.5,Low Priority,13.48,Low
2245-ADZFJ,0.03,Low Risk,2497.05,Low Priority,13.48,Low
1041-RXHRA,0.0,Low Risk,2880.25,Low Priority,13.47,Low
9060-HJJRW,0.0,Low Risk,2876.4,Low Priority,13.46,Low
3565-UNOCC,0.0,Low Risk,2872.45,Low Priority,13.44,Low
4821-SJHJV,0.0,Low Risk,2867.2,Low Priority,13.41,Low
5692-FPTAH,0.22,Low Risk,45.4,Low Priority,13.41,Low
0468-YRPXN,0.0,Low Risk,2865.2,Low Priority,13.4,Low
4902-OHLSK,0.0,Low Risk,2860.8500000000004,Low Priority,13.38,Low
8949-JTMAY,0.0,Low Risk,2859.4,Low Priority,13.38,Low
3192-LNKRK,0.0,Low Risk,2857.7,Low Priority,13.37,Low
1480-IVEVR,0.0,Low Risk,2856.0,Low Priority,13.36,Low
4021-RQSNY,0.0,Low Risk,2856.5,Low Priority,13.36,Low
8149-AIQCG,0.0,Low Risk,2852.8500000000004,Low Priority,13.35,Low
3908-MKIMJ,0.0,Low Risk,2852.6000000000004,Low Priority,13.35,Low
7136-IHZJA,0.0,Low Risk,2854.0,Low Priority,13.35,Low
6092-QZVPP,0.0,Low Risk,2851.2000000000003,Low Priority,13.34,Low
2475-MROZF,0.0,Low Risk,2850.0,Low Priority,13.33,Low
6171-ZTVYB,0.0,Low Risk,2848.75,Low Priority,13.33,Low
3621-CHYVB,0.0,Low Risk,2844.3,Low Priority,13.31,Low
3023-GFLBR,0.0,Low Risk,2842.9500000000003,Low Priority,13.3,Low
8738-JOKAR,0.0,Low Risk,2843.4,Low Priority,13.3,Low
2055-SIFSS,0.0,Low Risk,2840.75,Low Priority,13.29,Low
4598-ZADCK,0.0,Low Risk,2840.8,Low Priority,13.29,Low
2212-LYASK,0.125,Low Risk,1237.95,Low Priority,13.29,Low
5569-OUICF,0.0,Low Risk,2836.4,Low Priority,13.27,Low
9574-RKJIF,0.0,Low Risk,2832.0,Low Priority,13.25,Low
8294-UIMBA,0.0,Low Risk,2832.0,Low Priority,13.25,Low
0635-WKOLD,0.0,Low Risk,2830.0,Low Priority,13.24,Low
6941-KXRRV,0.0,Low Risk,2829.6000000000004,Low Priority,13.24,Low
8329-UTMVM,0.0,Low Risk,2825.55,Low Priority,13.22,Low
3976-BWUCK,0.0,Low Risk,2823.0,Low Priority,13.21,Low
4353-HYOJD,0.115,Low Risk,1345.95,Low Priority,13.2,Low
0022-TCJCI,0.0,Low Risk,2821.5,Low Priority,13.2,Low
9600-UDOPK,0.0,Low Risk,2821.5,Low Priority,13.2,Low
8571-ZCMCX,0.0,Low Risk,2820.0,Low Priority,13.19,Low
1629-DQQVB,0.165,Low Risk,701.4,Low Priority,13.18,Low
9670-BPNXF,0.0,Low Risk,2814.75,Low Priority,13.17,Low
3096-JRDSO,0.0,Low Risk,2816.1,Low Priority,13.17,Low
1921-KYSAY,0.0,Low Risk,2812.6,Low Priority,13.16,Low
8608-OZTLB,0.0,Low Risk,2813.9,Low Priority,13.16,Low
5692-ICXLW,0.0,Low Risk,2811.7000000000003,Low Priority,13.15,Low
6486-LHTMA,0.0,Low Risk,2811.7000000000003,Low Priority,13.15,Low
1338-CECEE,0.0,Low Risk,2808.5,Low Priority,13.14,Low
6211-WHMYA,0.0,Low Risk,2806.4,Low Priority,13.13,Low
5325-UWTWJ,0.0,Low Risk,2807.05,Low Priority,13.13,Low
7272-QDCKA,0.0,Low Risk,2805.6,Low Priority,13.13,Low
7241-AJHFS,0.0,Low Risk,2804.8,Low Priority,13.12,Low
6933-FHBZC,0.105,Low Risk,1457.3,Low Priority,13.12,Low
5245-VDBUR,0.075,Low Risk,1843.4,Low Priority,13.12,Low
2996-XAUVF,0.0,Low Risk,2803.5,Low Priority,13.12,Low
9500-LTVBP,0.0,Low Risk,2801.75,Low Priority,13.11,Low
7025-WCBNE,0.0,Low Risk,2801.2000000000003,Low Priority,13.11,Low
8668-KNZTI,0.0,Low Risk,2795.0,Low Priority,13.08,Low
5862-BRIXZ,0.0,Low Risk,2794.5,Low Priority,13.07,Low
4615-PIVVU,0.0,Low Risk,2793.0,Low Priority,13.07,Low
6718-BDGHG,0.0,Low Risk,2788.55,Low Priority,13.05,Low
9351-LZYGF,0.0,Low Risk,2788.8,Low Priority,13.05,Low
3640-PHQXK,0.0,Low Risk,2786.9,Low Priority,13.04,Low
2338-BQEZT,0.0,Low Risk,2780.25,Low Priority,13.01,Low
1771-OADNZ,0.0,Low Risk,2781.1000000000004,Low Priority,13.01,Low
2877-VDUER,0.105,Low Risk,1431.5,Low Priority,13.0,Low
3026-ATZYV,0.0,Low Risk,2778.7,Low Priority,13.0,Low
1855-CFULU,0.21,Low Risk,80.2,Low Priority,12.98,Low
2675-OTVVJ,0.0,Low Risk,2772.9500000000003,Low Priority,12.97,Low
5813-UECBU,0.0,Low Risk,2767.05,Low Priority,12.95,Low
5898-IGSLP,0.0,Low Risk,2768.3,Low Priority,12.95,Low
4565-EVZMJ,0.0,Low Risk,2768.3,Low Priority,12.95,Low
3926-YZVVX,0.055,Low Risk,2052.05,Low Priority,12.9,Low
1925-LFCZZ,0.0,Low Risk,2752.75,Low Priority,12.88,Low
9323-HGFWY,0.0,Low Risk,2751.3,Low Priority,12.87,Low
2684-EIWEO,0.0,Low Risk,2751.0,Low Priority,12.87,Low
5307-DZCVC,0.0,Low Risk,2750.4,Low Priority,12.87,Low
3550-SAHFP,0.0,Low Risk,2750.55,Low Priority,12.87,Low
0930-EHUZA,0.0,Low Risk,2748.6,Low Priority,12.86,Low
1622-HSHSF,0.2128,Low Risk,19.55,Low Priority,12.86,Low
8100-HZZLJ,0.0,Low Risk,2749.85,Low Priority,12.86,Low
6900-PXRMS,0.0,Low Risk,2749.5,Low Priority,12.86,Low
9777-WJJPR,0.0,Low Risk,2748.15,Low Priority,12.86,Low
9972-NKTFD,0.095,Low Risk,1530.2,Low Priority,12.86,Low
4831-EOBFE,0.0,Low Risk,2744.8500000000004,Low Priority,12.84,Low
0479-HMSWA,0.0,Low Risk,2741.7000000000003,Low Priority,12.83,Low
8242-PDSGJ,0.0,Low Risk,2740.5,Low Priority,12.82,Low
9253-QXKBE,0.0,Low Risk,2739.05,Low Priority,12.81,Low
3948-FVVRP,0.175,Low Risk,493.2,Low Priority,12.81,Low
0886-QGENL,0.0,Low Risk,2733.75,Low Priority,12.79,Low
5766-ZJYBB,0.2116,Low Risk,19.4,Low Priority,12.79,Low
9040-KZVWO,0.06,Low Risk,1963.0,Low Priority,12.78,Low
3536-IQCTX,0.0,Low Risk,2729.6,Low Priority,12.77,Low
4174-LPGTI,0.0,Low Risk,2726.5,Low Priority,12.76,Low
7587-AOVVU,0.0,Low Risk,2720.25,Low Priority,12.73,Low
9606-PBKBQ,0.0,Low Risk,2720.0,Low Priority,12.73,Low
6483-OATDN,0.18,Low Risk,410.4,Low Priority,12.72,Low
1866-NXPSP,0.0,Low Risk,2719.8,Low Priority,12.72,Low
1716-LSAMB,0.02,Low Risk,2459.25,Low Priority,12.71,Low
4673-KKSLS,0.0,Low Risk,2715.6,Low Priority,12.7,Low
1852-XEMDW,0.1,Low Risk,1431.1,Low Priority,12.7,Low
6741-EGCBI,0.0,Low Risk,2715.0,Low Priority,12.7,Low
5724-BIDBU,0.0,Low Risk,2712.15,Low Priority,12.69,Low
8496-DMZUK,0.0,Low Risk,2712.0,Low Priority,12.69,Low
8982-NHAVY,0.0,Low Risk,2713.5,Low Priority,12.69,Low
1431-AIDJQ,0.0,Low Risk,2709.3,Low Priority,12.68,Low
7274-CGTOD,0.0,Low Risk,2709.4,Low Priority,12.68,Low
6032-KRXXO,0.0,Low Risk,2707.5,Low Priority,12.67,Low
6967-PEJLL,0.095,Low Risk,1487.4,Low Priority,12.66,Low
2348-KCJLT,0.0,Low Risk,2706.0,Low Priority,12.66,Low
3249-VHRIP,0.0,Low Risk,2703.2000000000003,Low Priority,12.65,Low
6635-CPNUN,0.0,Low Risk,2704.8,Low Priority,12.65,Low
6267-DCFFZ,0.0,Low Risk,2701.5,Low Priority,12.64,Low
0742-MOABM,0.195,Low Risk,200.2,Low Priority,12.64,Low
8882-TLVRW,0.0,Low Risk,2697.9,Low Priority,12.62,Low
4811-JBUVU,0.0,Low Risk,2697.0,Low Priority,12.62,Low
6873-UDNLD,0.0,Low Risk,2698.0,Low Priority,12.62,Low
4948-WBBKL,0.0,Low Risk,2696.4,Low Priority,12.61,Low
3707-LRWZD,0.0,Low Risk,2689.6,Low Priority,12.58,Low
7129-AZJDE,0.0,Low Risk,2684.3,Low Priority,12.56,Low
4911-BANWH,0.0,Low Risk,2683.05,Low Priority,12.55,Low
1154-HYWWO,0.0,Low Risk,2682.8,Low Priority,12.55,Low
3282-ZISZV,0.0,Low Risk,2678.4,Low Priority,12.53,Low
5306-BVTKJ,0.0,Low Risk,2678.4,Low Priority,12.53,Low
5061-PBXFW,0.055,Low Risk,1964.8,Low Priority,12.49,Low
5872-OEQNH,0.0,Low Risk,2667.0,Low Priority,12.48,Low
2843-CQMEG,0.115,Low Risk,1192.8000000000002,Low Priority,12.48,Low
9938-ZREHM,0.0,Low Risk,2667.7,Low Priority,12.48,Low
4825-XJGDM,0.0,Low Risk,2665.7000000000003,Low Priority,12.47,Low
7657-DYEPJ,0.0,Low Risk,2665.7000000000003,Low Priority,12.47,Low
0303-UNCIP,0.0,Low Risk,2665.0,Low Priority,12.47,Low
6177-PEVRA,0.0,Low Risk,2664.0,Low Priority,12.46,Low
6890-PFRQX,0.11,Low Risk,1251.0,Low Priority,12.45,Low
1689-MRZQR,0.0,Low Risk,2662.2,Low Priority,12.45,Low
7459-IMVYU,0.0,Low Risk,2658.1,Low Priority,12.44,Low
0454-OKRCT,0.0,Low Risk,2659.8,Low Priority,12.44,Low
5130-IEKQT,0.0,Low Risk,2648.75,Low Priority,12.39,Low
1834-ABKHQ,0.0,Low Risk,2649.4,Low Priority,12.39,Low
5472-CVMDX,0.0,Low Risk,2645.2,Low Priority,12.38,Low
1481-ZUWZA,0.0,Low Risk,2646.0,Low Priority,12.38,Low
2242-MFOTG,0.0,Low Risk,2643.3,Low Priority,12.37,Low
0513-RBGPE,0.025,Low Risk,2323.6,Low Priority,12.37,Low
8690-UPCZI,0.05,Low Risk,2002.45,Low Priority,12.37,Low
1596-BBVTG,0.0,Low Risk,2637.25,Low Priority,12.34,Low
7674-YTAFD,0.0,Low Risk,2638.35,Low Priority,12.34,Low
9127-QRZMH,0.0,Low Risk,2633.4,Low Priority,12.32,Low
9821-POOTN,0.0,Low Risk,2632.0,Low Priority,12.31,Low
5216-WASFJ,0.0,Low Risk,2630.35,Low Priority,12.31,Low
5018-LXQQG,0.05,Low Risk,1989.0,Low Priority,12.31,Low
8224-UAXBZ,0.0,Low Risk,2630.3,Low Priority,12.31,Low
3445-HXXGF,0.0,Low Risk,2627.4,Low Priority,12.29,Low
0523-VNGTF,0.0,Low Risk,2626.0,Low Priority,12.29,Low
2455-USLMV,0.0,Low Risk,2627.25,Low Priority,12.29,Low
9086-YJYXS,0.0,Low Risk,2624.8,Low Priority,12.28,Low
6992-TKNYO,0.0,Low Risk,2622.0,Low Priority,12.27,Low
9601-BRXPO,0.0,Low Risk,2623.75,Low Priority,12.27,Low
9033-EOXWV,0.135,Low Risk,888.5999999999999,Low Priority,12.26,Low
2725-IWWBA,0.0,Low Risk,2617.4,Low Priority,12.25,Low
2087-QAREY,0.11,Low Risk,1203.4,Low Priority,12.23,Low
6574-MCOEH,0.0,Low Risk,2611.9500000000003,Low Priority,12.22,Low
7016-NVRIC,0.0,Low Risk,2612.9,Low Priority,12.22,Low
7714-YXSMB,0.0,Low Risk,2613.0,Low Priority,12.22,Low
6538-POCHL,0.0,Low Risk,2607.0,Low Priority,12.2,Low
7147-AYBAA,0.0,Low Risk,2602.95,Low Priority,12.18,Low
4795-WRNVT,0.0,Low Risk,2604.0,Low Priority,12.18,Low
5149-CUZUJ,0.0,Low Risk,2601.2000000000003,Low Priority,12.17,Low
6897-UUBNU,0.0,Low Risk,2599.8500000000004,Low Priority,12.16,Low
0719-SYFRB,0.145,Low Risk,739.8,Low Priority,12.16,Low
3441-CGZJH,0.0,Low Risk,2597.2,Low Priority,12.15,Low
6259-WJQLC,0.0,Low Risk,2595.2,Low Priority,12.14,Low
8812-ZRHFP,0.0,Low Risk,2593.5,Low Priority,12.13,Low
6368-NWMCE,0.0,Low Risk,2589.7000000000003,Low Priority,12.12,Low
3348-CFRNX,0.0,Low Risk,2585.8,Low Priority,12.1,Low
2082-OJVTK,0.0,Low Risk,2586.8,Low Priority,12.1,Low
7893-IXHRQ,0.2,Low Risk,20.55,Low Priority,12.1,Low
5307-UVGNB,0.0,Low Risk,2581.1000000000004,Low Priority,12.08,Low
3597-MVHJT,0.0,Low Risk,2581.2,Low Priority,12.08,Low
8417-GSODA,0.0,Low Risk,2581.6,Low Priority,12.08,Low
3397-AVTKU,0.0,Low Risk,2580.0,Low Priority,12.07,Low
0628-CNQRM,0.085,Low Risk,1485.0,Low Priority,12.05,Low
0866-QLSIR,0.03,Low Risk,2189.6000000000004,Low Priority,12.04,Low
2577-GVSIL,0.0,Low Risk,2570.75,Low Priority,12.03,Low
5389-FFVKB,0.0,Low Risk,2569.6,Low Priority,12.02,Low
8695-ARGXZ,0.0,Low Risk,2568.7,Low Priority,12.02,Low
6402-ZFPPI,0.0,Low Risk,2570.0,Low Priority,12.02,Low
6461-PPAXN,0.05,Low Risk,1923.25,Low Priority,12.0,Low
9362-MWODR,0.0,Low Risk,2564.0,Low Priority,12.0,Low
6559-PDZLR,0.0,Low Risk,2564.9,Low Priority,12.0,Low
1194-HVAIF,0.0,Low Risk,2565.0,Low Priority,12.0,Low
3370-GQEAL,0.0,Low Risk,2563.5,Low Priority,11.99,Low
6635-MYYYZ,0.0,Low Risk,2560.5,Low Priority,11.98,Low
6416-JNVRK,0.0,Low Risk,2559.9,Low Priority,11.98,Low
5125-CNDSP,0.0,Low Risk,2557.8,Low Priority,11.97,Low
3132-TVFDZ,0.0,Low Risk,2556.4500000000003,Low Priority,11.96,Low
2150-WLKUW,0.0,Low Risk,2556.0,Low Priority,11.96,Low
3126-WQMGH,0.0,Low Risk,2555.35,Low Priority,11.95,Low
7927-AUXBZ,0.0,Low Risk,2554.5,Low Priority,11.95,Low
2851-STERV,0.0,Low Risk,2555.0,Low Priority,11.95,Low
3736-BLEPA,0.0,Low Risk,2555.0,Low Priority,11.95,Low
4971-PUYQO,0.0,Low Risk,2552.85,Low Priority,11.94,Low
3209-ZPKFI,0.0,Low Risk,2549.75,Low Priority,11.93,Low
5294-DMSFH,0.0,Low Risk,2546.2,Low Priority,11.91,Low
4186-ZBUEW,0.0,Low Risk,2545.2000000000003,Low Priority,11.91,Low
1730-ZMAME,0.0,Low Risk,2544.0,Low Priority,11.9,Low
9029-FEGVJ,0.0,Low Risk,2537.6,Low Priority,11.87,Low
0701-TJSEF,0.15,Low Risk,614.25,Low Priority,11.87,Low
7614-QVWQL,0.0,Low Risk,2538.2,Low Priority,11.87,Low
0222-CNVPT,0.0,Low Risk,2537.6,Low Priority,11.87,Low
1422-DGUBX,0.0,Low Risk,2536.0,Low Priority,11.86,Low
2625-TRCZQ,0.0,Low Risk,2532.15,Low Priority,11.85,Low
0215-BQKGS,0.0,Low Risk,2529.0,Low Priority,11.83,Low
4445-KWOKW,0.0,Low Risk,2526.3,Low Priority,11.82,Low
4826-DXMUP,0.0,Low Risk,2523.5,Low Priority,11.81,Low
0019-GFNTW,0.0,Low Risk,2522.8,Low Priority,11.8,Low
6252-DFGTK,0.0,Low Risk,2519.7,Low Priority,11.79,Low
8182-BJDSI,0.0,Low Risk,2518.6,Low Priority,11.78,Low
8751-EDEKA,0.0,Low Risk,2517.2000000000003,Low Priority,11.78,Low
6341-JVQGF,0.0,Low Risk,2515.65,Low Priority,11.77,Low
3038-PQIUY,0.0,Low Risk,2513.7000000000003,Low Priority,11.76,Low
6599-CEBNN,0.0,Low Risk,2514.3,Low Priority,11.76,Low
8625-AZYZY,0.0,Low Risk,2511.6000000000004,Low Priority,11.75,Low
6128-DAFVY,0.0,Low Risk,2511.6,Low Priority,11.75,Low
5060-TQUQN,0.0,Low Risk,2506.5,Low Priority,11.73,Low
3393-FMZPV,0.0,Low Risk,2506.25,Low Priority,11.73,Low
7253-UVNDW,0.0,Low Risk,2500.1,Low Priority,11.7,Low
9674-EHPPG,0.05,Low Risk,1858.4,Low Priority,11.69,Low
8313-NDOIA,0.0,Low Risk,2499.6000000000004,Low Priority,11.69,Low
9207-ZPANB,0.0,Low Risk,2495.65,Low Priority,11.68,Low
8819-IMISP,0.0,Low Risk,2493.9500000000003,Low Priority,11.67,Low
4676-WLUHT,0.0,Low Risk,2494.8,Low Priority,11.67,Low
8053-WWDRO,0.185,Low Risk,117.0,Low Priority,11.65,Low
9885-AIBVB,0.0,Low Risk,2488.2,Low Priority,11.64,Low
4009-ALQFH,0.0,Low Risk,2487.5,Low Priority,11.64,Low
5126-RCXYW,0.0,Low Risk,2484.0,Low Priority,11.62,Low
0384-LPITE,0.0,Low Risk,2482.0,Low Priority,11.61,Low
8929-KSWIH,0.0,Low Risk,2482.5,Low Priority,11.61,Low
8727-XDPUD,0.09,Low Risk,1324.6,Low Priority,11.6,Low
2162-FRZAA,0.0,Low Risk,2479.05,Low Priority,11.6,Low
7269-JISCY,0.0,Low Risk,2477.75,Low Priority,11.59,Low
6103-QCKFX,0.0,Low Risk,2475.0,Low Priority,11.58,Low
3814-MLAXC,0.0,Low Risk,2475.35,Low Priority,11.58,Low
7707-PYBBH,0.0,Low Risk,2476.0,Low Priority,11.58,Low
1597-LHYNC,0.0,Low Risk,2470.0,Low Priority,11.56,Low
2034-CGRHZ,0.0,Low Risk,2470.8,Low Priority,11.56,Low
0983-TATYJ,0.06,Low Risk,1697.85,Low Priority,11.54,Low
9591-YVTEB,0.0,Low Risk,2466.75,Low Priority,11.54,Low
4115-UMJFQ,0.0,Low Risk,2466.75,Low Priority,11.54,Low
1766-GKNMI,0.0,Low Risk,2462.1000000000004,Low Priority,11.52,Low
4767-HZZHQ,0.0,Low Risk,2461.5,Low Priority,11.52,Low
6302-JGYRJ,0.0,Low Risk,2462.9500000000003,Low Priority,11.52,Low
4598-XLKNJ,0.0,Low Risk,2462.5,Low Priority,11.52,Low
0076-LVEPS,0.09,Low Risk,1305.0,Low Priority,11.51,Low
2884-GBPFB,0.0,Low Risk,2460.5,Low Priority,11.51,Low
2486-WYVVE,0.0,Low Risk,2458.3,Low Priority,11.5,Low
3410-YOQBQ,0.0,Low Risk,2455.2000000000003,Low Priority,11.49,Low
3160-TYXLT,0.0,Low Risk,2453.9,Low Priority,11.48,Low
8620-RJPZN,0.1895,Low Risk,20.7,Low Priority,11.47,Low
4086-ATNFV,0.03,Low Risk,2067.2,Low Priority,11.47,Low
2683-BPJSO,0.0,Low Risk,2449.05,Low Priority,11.46,Low
8118-LSUEL,0.0,Low Risk,2447.2000000000003,Low Priority,11.45,Low
5753-QQWPW,0.06,Low Risk,1677.2,Low Priority,11.45,Low
5117-IFGPS,0.0,Low Risk,2444.7,Low Priority,11.44,Low
7854-EKTJL,0.1875,Low Risk,39.2,Low Priority,11.43,Low
5619-PTMIK,0.0,Low Risk,2442.6,Low Priority,11.43,Low
9912-GVSEQ,0.0,Low Risk,2440.1,Low Priority,11.42,Low
8672-OAUPW,0.0,Low Risk,2440.35,Low Priority,11.42,Low
0017-DINOC,0.0,Low Risk,2440.8,Low Priority,11.42,Low
5393-HJZSM,0.0,Low Risk,2441.6,Low Priority,11.42,Low
6289-CPNLD,0.0,Low Risk,2438.7000000000003,Low Priority,11.41,Low
5906-CVLHP,0.0,Low Risk,2436.75,Low Priority,11.4,Low
7402-EYFXX,0.0,Low Risk,2433.6,Low Priority,11.39,Low
1173-NOEYG,0.0,Low Risk,2434.05,Low Priority,11.39,Low
4183-WCSEP,0.0,Low Risk,2431.9500000000003,Low Priority,11.38,Low
8910-LEDAG,0.0,Low Risk,2432.7,Low Priority,11.38,Low
4597-NUCQV,0.0,Low Risk,2430.0,Low Priority,11.37,Low
7349-ALMUX,0.0,Low Risk,2427.2,Low Priority,11.36,Low
2430-USGXP,0.0,Low Risk,2425.2,Low Priority,11.35,Low
0942-KOWSM,0.0,Low Risk,2424.0,Low Priority,11.34,Low
7721-JXEAW,0.0,Low Risk,2421.95,Low Priority,11.33,Low
9473-CBZOP,0.06,Low Risk,1652.0,Low Priority,11.33,Low
8221-HVAYI,0.0,Low Risk,2420.25,Low Priority,11.32,Low
3522-CDKHF,0.0,Low Risk,2416.0,Low Priority,11.3,Low
4385-ZKVNW,0.0,Low Risk,2415.6,Low Priority,11.3,Low
4580-TMHJU,0.0,Low Risk,2414.45,Low Priority,11.3,Low
9609-BENEA,0.0,Low Risk,2415.0,Low Priority,11.3,Low
9364-YKUVW,0.165,Low Risk,297.0,Low Priority,11.29,Low
2692-PFYTJ,0.1862,Low Risk,25.75,Low Priority,11.29,Low
2292-XQWSV,0.0,Low Risk,2412.0,Low Priority,11.28,Low
4190-MFLUW,0.145,Low Risk,552.0,Low Priority,11.28,Low
1818-ESQMW,0.0,Low Risk,2408.4,Low Priority,11.27,Low
5995-SNNEW,0.0,Low Risk,2402.35,Low Priority,11.24,Low
2616-UUTFK,0.0,Low Risk,2400.75,Low Priority,11.23,Low
3794-NFNCH,0.07,Low Risk,1500.0,Low Priority,11.22,Low
7284-ZZLOH,0.0,Low Risk,2398.5,Low Priority,11.22,Low
3521-SYVOR,0.0,Low Risk,2395.75,Low Priority,11.21,Low
0265-EDXBD,0.0,Low Risk,2396.8,Low Priority,11.21,Low
8046-DNVTL,0.0,Low Risk,2393.2000000000003,Low Priority,11.2,Low
4391-RESHN,0.0,Low Risk,2393.15,Low Priority,11.2,Low
7750-EYXWZ,0.13,Low Risk,727.8,Low Priority,11.2,Low
4226-KKDON,0.145,Low Risk,533.2,Low Priority,11.19,Low
5985-TBABQ,0.0,Low Risk,2392.0,Low Priority,11.19,Low
0447-RXSGD,0.0,Low Risk,2391.6000000000004,Low Priority,11.19,Low
7011-CVEUC,0.0,Low Risk,2392.5,Low Priority,11.19,Low
8069-RHUXK,0.0,Low Risk,2391.9,Low Priority,11.19,Low
1785-BPHTP,0.0,Low Risk,2392.6,Low Priority,11.19,Low
6064-ZATLR,0.075,Low Risk,1426.95,Low Priority,11.18,Low
6981-TDRFT,0.0,Low Risk,2389.2,Low Priority,11.18,Low
4248-HCETZ,0.0,Low Risk,2389.5,Low Priority,11.18,Low
6397-JNZZG,0.0,Low Risk,2388.65,Low Priority,11.17,Low
0504-HHAPI,0.0,Low Risk,2384.1,Low Priority,11.15,Low
9619-GSATL,0.0,Low Risk,2384.35,Low Priority,11.15,Low
5480-TBGPH,0.0,Low Risk,2383.2,Low Priority,11.15,Low
7029-IJEJK,0.0,Low Risk,2381.4,Low Priority,11.14,Low
5081-NWSUP,0.135,Low Risk,649.0,Low Priority,11.14,Low
6641-XRPSU,0.0,Low Risk,2380.0,Low Priority,11.13,Low
3003-CMDUU,0.0,Low Risk,2378.75,Low Priority,11.13,Low
5583-EJXRD,0.0,Low Risk,2378.2,Low Priority,11.13,Low
8080-POTJR,0.0,Low Risk,2379.0,Low Priority,11.13,Low
6738-ISCBM,0.0,Low Risk,2376.0,Low Priority,11.12,Low
0343-QLUZP,0.0,Low Risk,2376.0,Low Priority,11.12,Low
8627-EHGIP,0.0,Low Risk,2373.8,Low Priority,11.11,Low
0463-WZZKO,0.18,Low Risk,62.25,Low Priority,11.09,Low
7079-QRCBC,0.0,Low Risk,2370.0,Low Priority,11.09,Low
7931-PXHFC,0.0,Low Risk,2367.4,Low Priority,11.08,Low
0148-DCDOS,0.0,Low Risk,2367.5,Low Priority,11.08,Low
9172-JITSM,0.0,Low Risk,2360.8,Low Priority,11.04,Low
9330-DHBFL,0.065,Low Risk,1523.75,Low Priority,11.03,Low
8486-AYEQH,0.0,Low Risk,2357.55,Low Priority,11.03,Low
2498-XLDZR,0.0,Low Risk,2355.2,Low Priority,11.02,Low
7995-ZHHNZ,0.0,Low Risk,2356.2000000000003,Low Priority,11.02,Low
7541-YLXCL,0.0,Low Risk,2354.4,Low Priority,11.01,Low
7594-LZNWR,0.0,Low Risk,2351.1000000000004,Low Priority,11.0,Low
2969-WGHQO,0.145,Low Risk,486.15,Low Priority,10.97,Low
8745-PVESG,0.0,Low Risk,2342.7000000000003,Low Priority,10.96,Low
0975-UYDTX,0.0,Low Risk,2342.6,Low Priority,10.96,Low
2616-FLVQC,0.085,Low Risk,1251.2,Low Priority,10.95,Low
4508-OEBEY,0.0,Low Risk,2340.5,Low Priority,10.95,Low
0052-YNYOT,0.075,Low Risk,1376.85,Low Priority,10.94,Low
5419-JKZNQ,0.0,Low Risk,2337.0,Low Priority,10.93,Low
7338-ERIVA,0.045,Low Risk,1756.9499999999998,Low Priority,10.92,Low
0141-YEAYS,0.0,Low Risk,2334.15,Low Priority,10.92,Low
9526-JAWYF,0.0,Low Risk,2334.8,Low Priority,10.92,Low
0115-TFERT,0.0,Low Risk,2335.2000000000003,Low Priority,10.92,Low
8033-ATFAS,0.0,Low Risk,2334.15,Low Priority,10.92,Low
6047-SUHPR,0.0,Low Risk,2332.2,Low Priority,10.91,Low
6663-JOCQO,0.0,Low Risk,2332.75,Low Priority,10.91,Low
9730-DRTMJ,0.0,Low Risk,2329.6,Low Priority,10.9,Low
3347-YJZZE,0.0,Low Risk,2322.9,Low Priority,10.87,Low
4818-DRBQT,0.0,Low Risk,2324.3500000000004,Low Priority,10.87,Low
6726-WEXXK,0.0,Low Risk,2319.3,Low Priority,10.85,Low
6005-OBZPH,0.0,Low Risk,2317.9,Low Priority,10.84,Low
7826-VVKWT,0.0,Low Risk,2317.2,Low Priority,10.84,Low
4328-VUFWD,0.0,Low Risk,2312.7,Low Priority,10.82,Low
4819-HJPIW,0.145,Low Risk,452.7,Low Priority,10.82,Low
0311-UNPFF,0.0,Low Risk,2308.8,Low Priority,10.8,Low
0074-HDKDG,0.06,Low Risk,1540.0,Low Priority,10.8,Low
6365-MTGZX,0.0,Low Risk,2304.0,Low Priority,10.78,Low
2446-ZKVAF,0.1,Low Risk,1022.4,Low Priority,10.78,Low
8063-GBATB,0.0,Low Risk,2301.75,Low Priority,10.77,Low
9746-YKGXB,0.0,Low Risk,2301.0,Low Priority,10.76,Low
1708-PBBOA,0.0,Low Risk,2299.5,Low Priority,10.76,Low
9871-ELEYA,0.0,Low Risk,2300.1000000000004,Low Priority,10.76,Low
9445-ZUEQE,0.0,Low Risk,2300.4,Low Priority,10.76,Low
3511-APPBJ,0.0,Low Risk,2298.85,Low Priority,10.75,Low
0320-JDNQG,0.0,Low Risk,2296.55,Low Priority,10.74,Low
1094-BKOSX,0.0,Low Risk,2295.0,Low Priority,10.74,Low
5382-TEMLV,0.0,Low Risk,2290.5,Low Priority,10.72,Low
2959-EEXWB,0.0,Low Risk,2290.5,Low Priority,10.72,Low
2091-RFFBA,0.0,Low Risk,2290.9,Low Priority,10.72,Low
9774-NRNAU,0.0,Low Risk,2289.6,Low Priority,10.71,Low
6752-APNJL,0.0,Low Risk,2289.0,Low Priority,10.71,Low
6311-UEUME,0.0,Low Risk,2288.1000000000004,Low Priority,10.7,Low
1898-JSNDC,0.0,Low Risk,2285.4,Low Priority,10.69,Low
3934-HXCFZ,0.0,Low Risk,2282.75,Low Priority,10.68,Low
8106-GWQOK,0.0,Low Risk,2280.0,Low Priority,10.67,Low
6360-SVNWV,0.0,Low Risk,2280.05,Low Priority,10.67,Low
1015-OWJKI,0.1762,Low Risk,19.05,Low Priority,10.66,Low
5338-YHWYT,0.0,Low Risk,2273.65,Low Priority,10.64,Low
4160-AMJTL,0.165,Low Risk,157.2,Low Priority,10.64,Low
9256-JTBNZ,0.16,Low Risk,223.3,Low Priority,10.64,Low
9163-GHAYE,0.12,Low Risk,732.75,Low Priority,10.63,Low
4500-HKANN,0.07,Low Risk,1373.1,Low Priority,10.62,Low
9058-MJLZC,0.0,Low Risk,2270.4,Low Priority,10.62,Low
9133-AYJZG,0.0,Low Risk,2270.1,Low Priority,10.62,Low
4139-JPIAM,0.0,Low Risk,2266.9500000000003,Low Priority,10.61,Low
6156-UZDLF,0.0,Low Risk,2265.9,Low Priority,10.6,Low
8017-UVSZU,0.0,Low Risk,2264.0,Low Priority,10.59,Low
0822-QGCXA,0.0,Low Risk,2263.95,Low Priority,10.59,Low
7605-SNLQG,0.0,Low Risk,2261.25,Low Priority,10.58,Low
9360-OMDZZ,0.0,Low Risk,2258.4,Low Priority,10.57,Low
4607-CHPCA,0.0,Low Risk,2260.0,Low Priority,10.57,Low
3956-MGXOG,0.0,Low Risk,2256.8,Low Priority,10.56,Low
6478-HRRCZ,0.0,Low Risk,2256.0,Low Priority,10.55,Low
8404-FYDIB,0.0,Low Risk,2252.9,Low Priority,10.54,Low
7112-OPOTK,0.0,Low Risk,2252.25,Low Priority,10.54,Low
5324-KTGCG,0.06,Low Risk,1480.35,Low Priority,10.53,Low
9518-IMLHK,0.0,Low Risk,2245.9500000000003,Low Priority,10.51,Low
9189-JWSHV,0.0,Low Risk,2245.2,Low Priority,10.5,Low
0191-ZHSKZ,0.0,Low Risk,2242.5,Low Priority,10.49,Low
8922-LIEGH,0.0,Low Risk,2242.5,Low Priority,10.49,Low
9702-AIUJO,0.0,Low Risk,2240.0,Low Priority,10.48,Low
4628-CTTLA,0.0,Low Risk,2240.1,Low Priority,10.48,Low
2840-XANRC,0.0,Low Risk,2235.6000000000004,Low Priority,10.46,Low
5201-USSQZ,0.0,Low Risk,2233.4,Low Priority,10.45,Low
4883-QICIH,0.0,Low Risk,2232.0,Low Priority,10.44,Low
2460-FPSYH,0.0,Low Risk,2232.0,Low Priority,10.44,Low
2371-JQHZZ,0.0,Low Risk,2232.0,Low Priority,10.44,Low
7157-SMCFK,0.08,Low Risk,1204.75,Low Priority,10.44,Low
1371-WEPDS,0.0,Low Risk,2232.0,Low Priority,10.44,Low
0118-JPNOY,0.0,Low Risk,2230.8,Low Priority,10.44,Low
3323-CPBWR,0.0,Low Risk,2228.7000000000003,Low Priority,10.43,Low
8429-XIBUM,0.0,Low Risk,2229.7,Low Priority,10.43,Low
1309-BXVOQ,0.0,Low Risk,2228.1,Low Priority,10.42,Low
2685-SREOM,0.0,Low Risk,2227.5,Low Priority,10.42,Low
0869-PAPRP,0.0,Low Risk,2228.2000000000003,Low Priority,10.42,Low
7244-QWYHG,0.0,Low Risk,2222.5,Low Priority,10.4,Low
6595-YGXIT,0.0,Low Risk,2223.75,Low Priority,10.4,Low
7017-VFULY,0.17,Low Risk,40.2,Low Priority,10.39,Low
5590-BYNII,0.0,Low Risk,2216.5,Low Priority,10.37,Low
8570-KLJYJ,0.02,Low Risk,1960.2,Low Priority,10.37,Low
7392-YYPYJ,0.0,Low Risk,2214.3,Low Priority,10.36,Low
3709-OIJEA,0.0,Low Risk,2215.2000000000003,Low Priority,10.36,Low
0708-SJDIS,0.0,Low Risk,2210.0,Low Priority,10.34,Low
2657-ALMWY,0.0,Low Risk,2208.7000000000003,Low Priority,10.33,Low
9513-DXHDA,0.0,Low Risk,2205.9,Low Priority,10.32,Low
6682-VCIXC,0.0,Low Risk,2203.75,Low Priority,10.31,Low
2476-YGEFM,0.0,Low Risk,2204.0,Low Priority,10.31,Low
0818-OCPZO,0.0,Low Risk,2199.15,Low Priority,10.29,Low
5022-KVDQT,0.0,Low Risk,2195.1,Low Priority,10.27,Low
5149-TGWDZ,0.0,Low Risk,2195.55,Low Priority,10.27,Low
0654-HMSHN,0.0,Low Risk,2192.4,Low Priority,10.26,Low
4423-YLHDV,0.0,Low Risk,2192.4,Low Priority,10.26,Low
4115-BNPJY,0.0,Low Risk,2190.95,Low Priority,10.25,Low
9793-WECQC,0.0,Low Risk,2191.9,Low Priority,10.25,Low
5956-YHHRX,0.0,Low Risk,2191.35,Low Priority,10.25,Low
5203-XEHAX,0.0,Low Risk,2187.9,Low Priority,10.24,Low
8409-WQJUX,0.065,Low Risk,1355.0,Low Priority,10.24,Low
6242-MBHPK,0.0,Low Risk,2187.3,Low Priority,10.23,Low
4730-AWNAU,0.0,Low Risk,2185.2000000000003,Low Priority,10.22,Low
3014-WJKSM,0.0,Low Risk,2183.7,Low Priority,10.22,Low
5832-TRLPB,0.0,Low Risk,2185.15,Low Priority,10.22,Low
5519-YLDGW,0.0,Low Risk,2181.9,Low Priority,10.21,Low
3223-WZWJM,0.0,Low Risk,2182.7000000000003,Low Priority,10.21,Low
7336-RLLRH,0.0,Low Risk,2182.95,Low Priority,10.21,Low
9411-TPQQV,0.0,Low Risk,2182.0,Low Priority,10.21,Low
8017-LXHFA,0.0,Low Risk,2179.25,Low Priority,10.2,Low
2911-UREFD,0.0,Low Risk,2180.1,Low Priority,10.2,Low
8436-BJUMM,0.0,Low Risk,2177.5,Low Priority,10.19,Low
4808-YNLEU,0.0,Low Risk,2175.25,Low Priority,10.18,Low
5233-AOZUF,0.0,Low Risk,2173.55,Low Priority,10.17,Low
2027-DNKIV,0.0,Low Risk,2173.75,Low Priority,10.17,Low
5062-CJJKH,0.065,Low Risk,1341.25,Low Priority,10.17,Low
7979-CORPM,0.0,Low Risk,2173.2,Low Priority,10.17,Low
8980-WQFWL,0.0,Low Risk,2173.5,Low Priority,10.17,Low
4510-PYUSH,0.0,Low Risk,2171.7,Low Priority,10.16,Low
0234-TEVTT,0.0,Low Risk,2160.0,Low Priority,10.11,Low
6281-FKEWS,0.0,Low Risk,2158.2,Low Priority,10.1,Low
1247-QBVSH,0.0,Low Risk,2158.6,Low Priority,10.1,Low
8565-CLBZW,0.0,Low Risk,2156.4,Low Priority,10.09,Low
3002-WQZWT,0.0,Low Risk,2151.8,Low Priority,10.07,Low
6598-KELSS,0.0,Low Risk,2152.5,Low Priority,10.07,Low
6137-MFAJN,0.0,Low Risk,2150.4,Low Priority,10.06,Low
1307-ATKGB,0.0,Low Risk,2149.2,Low Priority,10.05,Low
5666-CYCYZ,0.0,Low Risk,2149.2,Low Priority,10.05,Low
5522-NYKPB,0.0,Low Risk,2147.5,Low Priority,10.05,Low
2640-PMGFL,0.0,Low Risk,2146.5,Low Priority,10.04,Low
1125-SNVCK,0.0,Low Risk,2146.2,Low Priority,10.04,Low
2305-MRGLV,0.0,Low Risk,2143.4,Low Priority,10.03,Low
6119-SPUDB,0.03,Low Risk,1759.5,Low Priority,10.03,Low
3090-QFUVD,0.1655,Low Risk,20.3,Low Priority,10.02,Low
3727-OWVYD,0.0,Low Risk,2142.0,Low Priority,10.02,Low
7030-NJVDP,0.0,Low Risk,2142.0,Low Priority,10.02,Low
4716-HHKQH,0.0,Low Risk,2141.0,Low Priority,10.02,Low
2724-FJDYW,0.0,Low Risk,2139.15,Low Priority,10.01,Low
8221-EQDGL,0.0,Low Risk,2135.0,Low Priority,9.99,Low
9259-PACGQ,0.0,Low Risk,2130.1,Low Priority,9.97,Low
4223-BKEOR,0.06,Low Risk,1361.85,Low Priority,9.97,Low
9470-RTWDV,0.0,Low Risk,2132.0,Low Priority,9.97,Low
2208-NQBCT,0.0,Low Risk,2130.7000000000003,Low Priority,9.97,Low
8731-WBBMB,0.0,Low Risk,2129.4,Low Priority,9.96,Low
9809-IMGCQ,0.0,Low Risk,2127.4,Low Priority,9.95,Low
4822-YCXMX,0.0,Low Risk,2120.0,Low Priority,9.92,Low
2249-YPRNG,0.0,Low Risk,2117.0,Low Priority,9.9,Low
5537-UXXVS,0.135,Low Risk,385.0,Low Priority,9.9,Low
3196-NVXLZ,0.0,Low Risk,2115.0,Low Priority,9.89,Low
0068-FIGTF,0.0,Low Risk,2111.4,Low Priority,9.88,Low
2364-UFROM,0.0,Low Risk,2112.0,Low Priority,9.88,Low
2027-OAQQC,0.0,Low Risk,2109.15,Low Priority,9.87,Low
1137-DGOWI,0.0,Low Risk,2107.5,Low Priority,9.86,Low
6103-BOCOU,0.0,Low Risk,2098.2000000000003,Low Priority,9.82,Low
0618-XWMSS,0.0,Low Risk,2097.2000000000003,Low Priority,9.81,Low
5982-PSMKW,0.0,Low Risk,2095.3,Low Priority,9.8,Low
5998-VVEJY,0.0,Low Risk,2093.0,Low Priority,9.79,Low
4391-LNRXK,0.0,Low Risk,2088.9,Low Priority,9.77,Low
6131-FOYAS,0.0,Low Risk,2086.0,Low Priority,9.76,Low
3647-GMGDH,0.0,Low Risk,2083.4,Low Priority,9.75,Low
0997-YTLNY,0.09,Low Risk,927.2,Low Priority,9.74,Low
4124-MMETB,0.0,Low Risk,2082.3,Low Priority,9.74,Low
0020-JDNXP,0.0,Low Risk,2082.5,Low Priority,9.74,Low
3570-YUEKJ,0.0,Low Risk,2081.1,Low Priority,9.74,Low
4504-YOULA,0.0,Low Risk,2080.75,Low Priority,9.73,Low
3450-WXOAT,0.0,Low Risk,2079.2000000000003,Low Priority,9.73,Low
0980-FEXWF,0.06,Low Risk,1309.1,Low Priority,9.72,Low
4132-POCZS,0.0,Low Risk,2074.8,Low Priority,9.71,Low
9921-QFQUL,0.0,Low Risk,2073.4500000000003,Low Priority,9.7,Low
3280-MRDOF,0.0,Low Risk,2073.0,Low Priority,9.7,Low
0634-SZPQA,0.0,Low Risk,2071.15,Low Priority,9.69,Low
9555-SAHUZ,0.0,Low Risk,2071.0,Low Priority,9.69,Low
5709-LVOEQ,0.155,Low Risk,80.85,Low Priority,9.68,Low
2322-VCZHZ,0.0,Low Risk,2070.0,Low Priority,9.68,Low
2925-MXLSX,0.0,Low Risk,2068.5,Low Priority,9.68,Low
2202-OUTMO,0.0,Low Risk,2068.9,Low Priority,9.68,Low
0842-IWYCP,0.0,Low Risk,2067.7000000000003,Low Priority,9.67,Low
6985-HAYWX,0.0,Low Risk,2061.8,Low Priority,9.65,Low
2065-MMKGR,0.0,Low Risk,2059.0,Low Priority,9.63,Low
7036-ZZKBD,0.0,Low Risk,2058.4,Low Priority,9.63,Low
4903-CNOZC,0.0,Low Risk,2056.1000000000004,Low Priority,9.62,Low
9309-BZGNT,0.0,Low Risk,2056.2000000000003,Low Priority,9.62,Low
2523-EWWZL,0.0,Low Risk,2054.7,Low Priority,9.61,Low
9581-GVBXT,0.0,Low Risk,2053.2,Low Priority,9.61,Low
9722-UJOJR,0.0,Low Risk,2051.75,Low Priority,9.6,Low
2683-JXWQQ,0.0,Low Risk,2049.6,Low Priority,9.59,Low
9355-NPPFS,0.0,Low Risk,2048.8,Low Priority,9.59,Low
5482-VXSXJ,0.0,Low Risk,2050.4,Low Priority,9.59,Low
0064-YIJGF,0.0,Low Risk,2045.25,Low Priority,9.57,Low
0816-TSPHQ,0.1562,Low Risk,41.5,Low Priority,9.57,Low
7969-AULMZ,0.0,Low Risk,2044.35,Low Priority,9.56,Low
3737-XBQDD,0.0,Low Risk,2036.4,Low Priority,9.53,Low
5151-HQRDG,0.0,Low Risk,2036.85,Low Priority,9.53,Low
0980-PVMRC,0.0,Low Risk,2034.0,Low Priority,9.52,Low
6840-RESVB,0.0,Low Risk,2035.2,Low Priority,9.52,Low
2811-POVEX,0.0,Low Risk,2034.35,Low Priority,9.52,Low
7963-SHNDT,0.0,Low Risk,2033.2,Low Priority,9.51,Low
9122-UMROB,0.157,Low Risk,20.3,Low Priority,9.51,Low
9961-JBNMK,0.0,Low Risk,2032.8,Low Priority,9.51,Low
0257-ZESQC,0.0,Low Risk,2030.4,Low Priority,9.5,Low
1810-MVMAI,0.0,Low Risk,2028.0,Low Priority,9.49,Low
7825-ECJRF,0.0,Low Risk,2025.4,Low Priority,9.48,Low
5656-MJEFC,0.0,Low Risk,2022.3,Low Priority,9.46,Low
9281-PKKZE,0.0,Low Risk,2021.7,Low Priority,9.46,Low
6481-LXPWL,0.0,Low Risk,2021.6,Low Priority,9.46,Low
8241-JUIQO,0.065,Low Risk,1186.45,Low Priority,9.45,Low
6603-YRDCJ,0.0,Low Risk,2014.65,Low Priority,9.43,Low
5170-PTRKA,0.02,Low Risk,1754.1999999999998,Low Priority,9.41,Low
0187-WZNAB,0.0,Low Risk,2008.8,Low Priority,9.4,Low
5478-JJVZK,0.0,Low Risk,2009.7,Low Priority,9.4,Low
5777-KJIRB,0.0,Low Risk,2010.0,Low Priority,9.4,Low
3506-OVLKD,0.085,Low Risk,917.0,Low Priority,9.39,Low
3391-JSQEW,0.0,Low Risk,2006.0,Low Priority,9.38,Low
4213-HKBJO,0.09,Low Risk,848.1,Low Priority,9.37,Low
5766-XQXMQ,0.0,Low Risk,1996.65,Low Priority,9.34,Low
7133-VBDCG,0.0,Low Risk,1996.25,Low Priority,9.34,Low
2504-DSHIH,0.0,Low Risk,1996.4,Low Priority,9.34,Low
2294-SALNE,0.0,Low Risk,1996.4,Low Priority,9.34,Low
5593-SUAOO,0.0,Low Risk,1995.6,Low Priority,9.34,Low
1452-XRSJV,0.0,Low Risk,1990.95,Low Priority,9.31,Low
9853-JFZDU,0.0,Low Risk,1989.75,Low Priority,9.31,Low
3933-DQPWX,0.0,Low Risk,1985.0,Low Priority,9.29,Low
4003-OCTMP,0.0,Low Risk,1984.0,Low Priority,9.28,Low
6096-EGVTU,0.03,Low Risk,1593.6,Low Priority,9.26,Low
9919-KNPOO,0.0,Low Risk,1980.3,Low Priority,9.26,Low
4094-NSEDU,0.0,Low Risk,1979.25,Low Priority,9.26,Low
5057-LCOUI,0.0,Low Risk,1979.25,Low Priority,9.26,Low
7270-BDIOA,0.0,Low Risk,1980.0,Low Priority,9.26,Low
4747-LCAQL,0.0,Low Risk,1975.0,Low Priority,9.24,Low
1754-GKYPY,0.0,Low Risk,1974.5,Low Priority,9.24,Low
4450-YOOHP,0.0,Low Risk,1975.35,Low Priority,9.24,Low
9074-KGVOX,0.0,Low Risk,1972.5,Low Priority,9.23,Low
0463-TXOAK,0.05,Low Risk,1331.2,Low Priority,9.23,Low
6683-VLCTZ,0.0,Low Risk,1971.0,Low Priority,9.22,Low
0369-ZGOVK,0.0,Low Risk,1971.2000000000005,Low Priority,9.22,Low
3211-AAPKX,0.0,Low Risk,1971.0,Low Priority,9.22,Low
7892-QVYKW,0.0,Low Risk,1968.8,Low Priority,9.21,Low
4837-PZTIC,0.0,Low Risk,1969.3,Low Priority,9.21,Low
4521-WFJAI,0.04,Low Risk,1453.2,Low Priority,9.2,Low
4664-NJCMS,0.0,Low Risk,1965.15,Low Priority,9.19,Low
5449-FIBXJ,0.0,Low Risk,1962.7,Low Priority,9.18,Low
0121-SNYRK,0.015,Low Risk,1770.0,Low Priority,9.18,Low
2045-BMBTJ,0.0,Low Risk,1961.85,Low Priority,9.18,Low
8383-SGHJU,0.0,Low Risk,1960.2,Low Priority,9.17,Low
0584-BJQGZ,0.0,Low Risk,1958.75,Low Priority,9.16,Low
2038-YSEZE,0.0,Low Risk,1956.05,Low Priority,9.15,Low
3943-KDREE,0.0,Low Risk,1948.7,Low Priority,9.12,Low
3340-QBBFM,0.0,Low Risk,1947.6,Low Priority,9.11,Low
6693-DJWTY,0.0,Low Risk,1946.0,Low Priority,9.1,Low
4999-IEZLT,0.0,Low Risk,1943.7,Low Priority,9.09,Low
4835-YSJMR,0.0,Low Risk,1942.2,Low Priority,9.09,Low
4277-UDIEF,0.0,Low Risk,1944.0,Low Priority,9.09,Low
7299-GNVPL,0.0,Low Risk,1941.2,Low Priority,9.08,Low
9909-IDLEK,0.0,Low Risk,1936.0,Low Priority,9.06,Low
5575-GNVDE,0.0,Low Risk,1936.3,Low Priority,9.06,Low
8845-LWKGE,0.0,Low Risk,1935.0,Low Priority,9.05,Low
0096-FCPUF,0.0,Low Risk,1935.0,Low Priority,9.05,Low
6440-DKQGE,0.0,Low Risk,1935.0,Low Priority,9.05,Low
3057-VJJQE,0.0,Low Risk,1933.75,Low Priority,9.05,Low
2188-SXWVT,0.005,Low Risk,1870.0,Low Priority,9.05,Low
2703-AMTUL,0.0,Low Risk,1931.4,Low Priority,9.04,Low
1352-VHKAJ,0.0,Low Risk,1933.2,Low Priority,9.04,Low
5844-QVTAT,0.0,Low Risk,1928.85,Low Priority,9.02,Low
0461-CVKMU,0.0,Low Risk,1927.4,Low Priority,9.02,Low
2359-KMGLI,0.0,Low Risk,1926.0,Low Priority,9.01,Low
0027-KWYKW,0.0,Low Risk,1926.25,Low Priority,9.01,Low
9863-JZAIC,0.0,Low Risk,1925.0,Low Priority,9.01,Low
7989-AWGEH,0.0,Low Risk,1920.8,Low Priority,8.99,Low
6776-TLWOI,0.145,Low Risk,59.55,Low Priority,8.98,Low
7567-ECMCM,0.0,Low Risk,1916.4,Low Priority,8.97,Low
7410-KTVFV,0.08,Low Risk,891.9,Low Priority,8.97,Low
0537-QYZZN,0.0,Low Risk,1916.4,Low Priority,8.97,Low
3301-LSLWQ,0.0,Low Risk,1916.9,Low Priority,8.97,Low
1085-LDWAM,0.04,Low Risk,1404.15,Low Priority,8.97,Low
0428-IKYCP,0.0,Low Risk,1914.0,Low Priority,8.95,Low
6633-SYEUS,0.0,Low Risk,1913.6,Low Priority,8.95,Low
9522-BNTHX,0.0,Low Risk,1912.5,Low Priority,8.95,Low
4922-CVPDX,0.0,Low Risk,1911.0,Low Priority,8.94,Low
0564-MUUQK,0.0,Low Risk,1910.0,Low Priority,8.94,Low
2773-MADBQ,0.0,Low Risk,1911.6,Low Priority,8.94,Low
7096-ZNBZI,0.0,Low Risk,1904.4,Low Priority,8.91,Low
7795-CFOCW,0.0,Low Risk,1903.5,Low Priority,8.91,Low
7175-NTIXE,0.0,Low Risk,1903.75,Low Priority,8.91,Low
9365-SRSZE,0.0,Low Risk,1904.85,Low Priority,8.91,Low
6849-OYAMU,0.0,Low Risk,1900.0,Low Priority,8.89,Low
5883-GTGVD,0.0,Low Risk,1899.05,Low Priority,8.88,Low
9986-BONCE,0.1415,Low Risk,83.8,Low Priority,8.88,Low
9388-ZEYVT,0.0,Low Risk,1898.45,Low Priority,8.88,Low
3941-XTSKM,0.0,Low Risk,1894.2,Low Priority,8.86,Low
1626-ERCMM,0.0,Low Risk,1891.0,Low Priority,8.85,Low
4183-MYFRB,0.0,Low Risk,1891.05,Low Priority,8.85,Low
1116-FRYVH,0.0,Low Risk,1891.2,Low Priority,8.85,Low
2956-GGUCQ,0.0,Low Risk,1892.4,Low Priority,8.85,Low
4625-XMOYM,0.0,Low Risk,1890.0,Low Priority,8.84,Low
6427-FEFIG,0.0,Low Risk,1886.4,Low Priority,8.83,Low
1216-JWVUX,0.0,Low Risk,1887.5,Low Priority,8.83,Low
6617-WLBQC,0.0,Low Risk,1882.55,Low Priority,8.81,Low
0810-BDHAW,0.0,Low Risk,1881.6,Low Priority,8.8,Low
5609-CEBID,0.0,Low Risk,1882.0,Low Priority,8.8,Low
9838-BFCQT,0.0,Low Risk,1879.2,Low Priority,8.79,Low
1845-CSBRZ,0.0,Low Risk,1877.7,Low Priority,8.78,Low
9992-RRAMN,0.0,Low Risk,1872.2,Low Priority,8.76,Low
6917-FIJHC,0.0,Low Risk,1872.0,Low Priority,8.76,Low
1544-JJMYL,0.0,Low Risk,1872.45,Low Priority,8.76,Low
9430-NKQLY,0.005,Low Risk,1807.2,Low Priority,8.75,Low
5334-AFQJB,0.005,Low Risk,1807.2,Low Priority,8.75,Low
7054-ENNGU,0.11,Low Risk,457.65,Low Priority,8.74,Low
3088-FVYWK,0.04,Low Risk,1354.15,Low Priority,8.74,Low
2483-XSSMZ,0.0,Low Risk,1866.15,Low Priority,8.73,Low
7978-DKUQH,0.0,Low Risk,1865.0,Low Priority,8.73,Low
7703-ZEKEF,0.0,Low Risk,1863.0,Low Priority,8.72,Low
8725-JEDFD,0.0,Low Risk,1864.35,Low Priority,8.72,Low
9129-UXERG,0.0,Low Risk,1864.8,Low Priority,8.72,Low
5934-RMPOV,0.0,Low Risk,1864.5,Low Priority,8.72,Low
6810-VCAEX,0.0,Low Risk,1863.55,Low Priority,8.72,Low
4707-MAXGU,0.0,Low Risk,1861.2,Low Priority,8.71,Low
8318-LCNBW,0.0,Low Risk,1860.25,Low Priority,8.7,Low
5201-FRKKS,0.0,Low Risk,1857.5,Low Priority,8.69,Low
6933-VLYFX,0.0,Low Risk,1858.45,Low Priority,8.69,Low
4404-HIBDJ,0.0,Low Risk,1857.5,Low Priority,8.69,Low
5572-ZDXHY,0.0,Low Risk,1854.6,Low Priority,8.68,Low
2887-JPYLU,0.0,Low Risk,1853.2,Low Priority,8.67,Low
2509-TFPJU,0.0,Low Risk,1854.0,Low Priority,8.67,Low
2452-MRMZF,0.0,Low Risk,1850.4,Low Priority,8.66,Low
8734-FNWVH,0.0,Low Risk,1850.7,Low Priority,8.66,Low
0377-JBKKT,0.045,Low Risk,1274.9,Low Priority,8.66,Low
1767-CJKBA,0.015,Low Risk,1656.6,Low Priority,8.65,Low
4231-LZUYM,0.0,Low Risk,1846.8,Low Priority,8.64,Low
7816-VGHTO,0.125,Low Risk,243.3,Low Priority,8.64,Low
2961-VNFKL,0.0,Low Risk,1842.45,Low Priority,8.62,Low
6285-FTQBF,0.0,Low Risk,1839.6,Low Priority,8.61,Low
0480-BIXDE,0.0,Low Risk,1839.2,Low Priority,8.6,Low
0788-DXBFY,0.055,Low Risk,1133.9,Low Priority,8.6,Low
4072-IPYLT,0.0,Low Risk,1837.8,Low Priority,8.6,Low
5598-IKHQQ,0.0,Low Risk,1832.4,Low Priority,8.57,Low
0373-AIVNJ,0.115,Low Risk,355.95,Low Priority,8.57,Low
0578-SKVMF,0.0,Low Risk,1832.6,Low Priority,8.57,Low
0795-XCCTE,0.0,Low Risk,1828.8,Low Priority,8.56,Low
4312-KFRXN,0.0,Low Risk,1828.8,Low Priority,8.56,Low
7869-ZYDST,0.0,Low Risk,1830.55,Low Priority,8.56,Low
8774-GSBUN,0.0,Low Risk,1828.8,Low Priority,8.56,Low
0921-OHLVP,0.0,Low Risk,1827.1,Low Priority,8.55,Low
2070-XYMFH,0.0,Low Risk,1825.05,Low Priority,8.54,Low
9067-YGSCA,0.0,Low Risk,1823.5,Low Priority,8.53,Low
6693-FRIRW,0.0,Low Risk,1823.4,Low Priority,8.53,Low
4816-LXZYW,0.0,Low Risk,1820.45,Low Priority,8.52,Low
9190-MFJLN,0.0,Low Risk,1822.1,Low Priority,8.52,Low
9867-XOBQA,0.055,Low Risk,1116.15,Low Priority,8.52,Low
8207-VVMYB,0.0,Low Risk,1820.0,Low Priority,8.51,Low
1926-QUZNN,0.0,Low Risk,1818.0,Low Priority,8.51,Low
5701-GUXDC,0.07,Low Risk,920.4,Low Priority,8.51,Low
6288-LBEAR,0.0,Low Risk,1819.3,Low Priority,8.51,Low
7658-UYUQS,0.0,Low Risk,1817.55,Low Priority,8.5,Low
2169-RRLFW,0.0,Low Risk,1817.6,Low Priority,8.5,Low
1891-UAWWU,0.0,Low Risk,1816.0,Low Priority,8.5,Low
9066-QRSDU,0.0,Low Risk,1814.7,Low Priority,8.49,Low
6024-RUGGH,0.0,Low Risk,1814.4,Low Priority,8.49,Low
5743-KHMNA,0.0,Low Risk,1814.05,Low Priority,8.49,Low
6976-BWGLQ,0.0,Low Risk,1814.4,Low Priority,8.49,Low
3771-PZOBW,0.0,Low Risk,1814.0,Low Priority,8.49,Low
6591-QGOYB,0.0,Low Risk,1813.05,Low Priority,8.48,Low
8155-IBNHG,0.0,Low Risk,1809.6,Low Priority,8.47,Low
4659-NZRUF,0.0,Low Risk,1807.85,Low Priority,8.46,Low
1635-NZATJ,0.0,Low Risk,1806.95,Low Priority,8.45,Low
0771-WLCLA,0.0,Low Risk,1807.2,Low Priority,8.45,Low
3261-CQXOL,0.0,Low Risk,1806.95,Low Priority,8.45,Low
7673-LPRNY,0.0,Low Risk,1806.65,Low Priority,8.45,Low
8663-UPDGF,0.0,Low Risk,1807.0,Low Priority,8.45,Low
5884-FBCTL,0.0,Low Risk,1807.2,Low Priority,8.45,Low
9342-VNIMQ,0.0,Low Risk,1803.45,Low Priority,8.44,Low
7361-YPXFS,0.0,Low Risk,1804.6,Low Priority,8.44,Low
1104-FEJAM,0.0,Low Risk,1803.2000000000005,Low Priority,8.44,Low
3452-GWUIN,0.0,Low Risk,1804.05,Low Priority,8.44,Low
2519-ERQOJ,0.0,Low Risk,1801.8,Low Priority,8.43,Low
0174-QRVVY,0.0,Low Risk,1799.85,Low Priority,8.42,Low
5605-XNWEN,0.0,Low Risk,1800.0,Low Priority,8.42,Low
8224-KDLKN,0.0,Low Risk,1800.0,Low Priority,8.42,Low
4836-WNFNO,0.0,Low Risk,1800.0,Low Priority,8.42,Low
4824-GUCBY,0.0,Low Risk,1797.4,Low Priority,8.41,Low
8784-CGILN,0.0,Low Risk,1797.3,Low Priority,8.41,Low
7240-FQLHE,0.0,Low Risk,1795.5,Low Priority,8.4,Low
1820-DJFPH,0.005,Low Risk,1731.6,Low Priority,8.4,Low
6778-EICRF,0.0,Low Risk,1795.1999999999998,Low Priority,8.4,Low
1025-FALIX,0.0,Low Risk,1795.3,Low Priority,8.4,Low
7480-SPLEF,0.0,Low Risk,1794.0,Low Priority,8.39,Low
7980-MHFLQ,0.0,Low Risk,1792.8,Low Priority,8.39,Low
7780-OTDSO,0.0,Low Risk,1789.2,Low Priority,8.37,Low
8237-ULIXL,0.0,Low Risk,1789.2,Low Priority,8.37,Low
6827-IEAUQ,0.0,Low Risk,1786.0500000000002,Low Priority,8.36,Low
0829-XXPLX,0.0,Low Risk,1788.0,Low Priority,8.36,Low
0496-AHOOK,0.0,Low Risk,1785.6,Low Priority,8.35,Low
8749-TZYEC,0.0,Low Risk,1785.6,Low Priority,8.35,Low
5626-MGTUK,0.0,Low Risk,1782.0,Low Priority,8.34,Low
8092-NLTGF,0.0,Low Risk,1782.0,Low Priority,8.34,Low
6181-AXXYF,0.0,Low Risk,1782.0,Low Priority,8.34,Low
4193-IBKSW,0.0,Low Risk,1782.0,Low Priority,8.34,Low
3354-OADJP,0.105,Low Risk,434.0,Low Priority,8.33,Low
0611-DFXKO,0.0,Low Risk,1780.0,Low Priority,8.33,Low
5854-KSRBJ,0.0,Low Risk,1778.0,Low Priority,8.32,Low
1987-AUELQ,0.0,Low Risk,1778.55,Low Priority,8.32,Low
7167-PCEYD,0.035,Low Risk,1326.6,Low Priority,8.31,Low
8851-RAGOV,0.0,Low Risk,1776.25,Low Priority,8.31,Low
3082-YVEKW,0.0,Low Risk,1774.45,Low Priority,8.3,Low
2115-BFTIW,0.0,Low Risk,1773.75,Low Priority,8.3,Low
9153-BTBVV,0.0,Low Risk,1775.0,Low Priority,8.3,Low
5366-IJEQJ,0.0,Low Risk,1774.0,Low Priority,8.3,Low
7841-FCRQD,0.0,Low Risk,1773.75,Low Priority,8.3,Low
3810-PJUHR,0.0,Low Risk,1774.5,Low Priority,8.3,Low
7115-IRDHS,0.0,Low Risk,1774.8,Low Priority,8.3,Low
9874-QLCLH,0.0,Low Risk,1771.4,Low Priority,8.29,Low
5296-PSYVW,0.0,Low Risk,1767.6,Low Priority,8.27,Low
2696-RZVZW,0.005,Low Risk,1703.4,Low Priority,8.27,Low
5115-SQAAU,0.0,Low Risk,1766.4,Low Priority,8.26,Low
3836-FZSDJ,0.0,Low Risk,1764.35,Low Priority,8.25,Low
6010-DDPPW,0.0,Low Risk,1760.5,Low Priority,8.24,Low
0394-YONDK,0.0,Low Risk,1760.5,Low Priority,8.24,Low
6651-RLGGM,0.0,Low Risk,1762.1,Low Priority,8.24,Low
0402-OAMEN,0.0,Low Risk,1760.4,Low Priority,8.24,Low
8212-CRQXP,0.0,Low Risk,1760.0,Low Priority,8.23,Low
4443-EMBNA,0.0,Low Risk,1757.25,Low Priority,8.22,Low
4422-QVIJA,0.0,Low Risk,1755.25,Low Priority,8.21,Low
3118-UHVVQ,0.0,Low Risk,1754.4,Low Priority,8.21,Low
7711-GQBZC,0.0,Low Risk,1753.7,Low Priority,8.2,Low
7684-XSZIY,0.0,Low Risk,1749.6,Low Priority,8.19,Low
8735-SDUFN,0.0,Low Risk,1749.6,Low Priority,8.19,Low
4565-NLZBV,0.0,Low Risk,1750.15,Low Priority,8.19,Low
5699-BNCAS,0.0,Low Risk,1750.15,Low Priority,8.19,Low
7225-IILWY,0.0,Low Risk,1751.0,Low Priority,8.19,Low
6035-BXTTY,0.0,Low Risk,1748.8,Low Priority,8.18,Low
1240-HCBOH,0.0,Low Risk,1748.7,Low Priority,8.18,Low
6298-QDFNH,0.0,Low Risk,1745.6999999999998,Low Priority,8.17,Low
5832-EXGTT,0.0,Low Risk,1745.8000000000002,Low Priority,8.17,Low
0480-KYJVA,0.0,Low Risk,1746.0,Low Priority,8.17,Low
7340-KEFQE,0.0,Low Risk,1744.2,Low Priority,8.16,Low
0365-BZUWY,0.0,Low Risk,1743.35,Low Priority,8.16,Low
2189-UXTKY,0.0,Low Risk,1742.4,Low Priority,8.15,Low
4121-AGSIN,0.025,Low Risk,1421.0,Low Priority,8.15,Low
5406-KGRMX,0.0,Low Risk,1743.05,Low Priority,8.15,Low
9839-ETQOE,0.0,Low Risk,1739.35,Low Priority,8.14,Low
9668-PUGNU,0.0,Low Risk,1739.5,Low Priority,8.14,Low
0626-QXNGV,0.0,Low Risk,1738.8,Low Priority,8.13,Low
6575-SUVOI,0.0,Low Risk,1737.5,Low Priority,8.13,Low
7010-BRBUU,0.0,Low Risk,1735.2,Low Priority,8.12,Low
5846-ABOBJ,0.0,Low Risk,1735.95,Low Priority,8.12,Low
3612-YVGSJ,0.0,Low Risk,1735.95,Low Priority,8.12,Low
5175-WLYXL,0.0,Low Risk,1734.6999999999998,Low Priority,8.12,Low
3580-GICBM,0.02,Low Risk,1476.2,Low Priority,8.11,Low
5423-BHIXO,0.0,Low Risk,1734.4,Low Priority,8.11,Low
7924-GJZFI,0.0,Low Risk,1732.5,Low Priority,8.11,Low
3956-CJUST,0.0,Low Risk,1734.2,Low Priority,8.11,Low
3696-DFHHB,0.0,Low Risk,1734.0,Low Priority,8.11,Low
9964-WBQDJ,0.0,Low Risk,1732.4,Low Priority,8.1,Low
3629-ZNKXA,0.0,Low Risk,1730.6,Low Priority,8.1,Low
3967-VQOGC,0.005,Low Risk,1668.3,Low Priority,8.1,Low
9365-CSLBQ,0.0,Low Risk,1728.85,Low Priority,8.09,Low
7163-OCEQI,0.0,Low Risk,1730.3000000000002,Low Priority,8.09,Low
1299-AURJA,0.0,Low Risk,1729.0,Low Priority,8.09,Low
3744-ZRRDZ,0.0,Low Risk,1729.35,Low Priority,8.09,Low
9574-BOSMD,0.0,Low Risk,1727.1999999999998,Low Priority,8.08,Low
7850-VWJUU,0.0,Low Risk,1725.0,Low Priority,8.07,Low
3251-YMVWZ,0.035,Low Risk,1274.65,Low Priority,8.06,Low
4950-BDEUX,0.0,Low Risk,1722.0,Low Priority,8.06,Low
5982-XMDEX,0.0,Low Risk,1722.5,Low Priority,8.06,Low
7014-ZZXAW,0.0,Low Risk,1721.75,Low Priority,8.05,Low
3148-AOIQT,0.0,Low Risk,1721.55,Low Priority,8.05,Low
4325-NFSKC,0.0,Low Risk,1721.4,Low Priority,8.05,Low
1658-BYGOY,0.0,Low Risk,1718.1,Low Priority,8.04,Low
2072-ZVJJX,0.0,Low Risk,1717.0,Low Priority,8.03,Low
2834-JKOOW,0.08,Low Risk,688.5,Low Priority,8.02,Low
8441-SHIPE,0.0,Low Risk,1715.2,Low Priority,8.02,Low
3873-WOSBC,0.0,Low Risk,1715.2,Low Priority,8.02,Low
2823-LKABH,0.0,Low Risk,1710.9,Low Priority,8.0,Low
8165-ZJRNM,0.0,Low Risk,1710.0,Low Priority,8.0,Low
4134-BSXLX,0.0,Low Risk,1705.2,Low Priority,7.98,Low
6331-EWIEB,0.0,Low Risk,1705.0,Low Priority,7.98,Low
3096-GKWEB,0.0,Low Risk,1705.5,Low Priority,7.98,Low
5922-ABDVO,0.0,Low Risk,1703.35,Low Priority,7.97,Low
8680-CGLTP,0.0,Low Risk,1703.75,Low Priority,7.97,Low
5955-ERIHD,0.0,Low Risk,1704.6,Low Priority,7.97,Low
3694-GLTJM,0.125,Low Risk,98.25,Low Priority,7.96,Low
1131-QQZEB,0.0,Low Risk,1700.45,Low Priority,7.96,Low
8200-KLNYW,0.0,Low Risk,1698.9,Low Priority,7.95,Low
9397-TZSHA,0.0,Low Risk,1697.4,Low Priority,7.94,Low
1555-HAPSU,0.0,Low Risk,1696.9,Low Priority,7.94,Low
3727-OVPRY,0.0,Low Risk,1696.2,Low Priority,7.94,Low
0562-HKHML,0.0,Low Risk,1696.9,Low Priority,7.94,Low
2186-QZEYA,0.0,Low Risk,1697.9499999999998,Low Priority,7.94,Low
1619-YWUBB,0.0,Low Risk,1696.6,Low Priority,7.94,Low
4589-IUAJB,0.0,Low Risk,1697.5,Low Priority,7.94,Low
6668-CNMFP,0.0,Low Risk,1697.65,Low Priority,7.94,Low
5666-MBJPT,0.005,Low Risk,1631.5,Low Priority,7.93,Low
8035-BUYVG,0.0,Low Risk,1694.0,Low Priority,7.93,Low
6734-PSBAW,0.0,Low Risk,1695.6,Low Priority,7.93,Low
8148-BPLZQ,0.0,Low Risk,1693.1999999999998,Low Priority,7.92,Low
7161-DFHUF,0.0,Low Risk,1693.35,Low Priority,7.92,Low
3427-GGZZI,0.0,Low Risk,1692.9,Low Priority,7.92,Low
2474-LCNUE,0.0,Low Risk,1693.95,Low Priority,7.92,Low
7268-IGMFD,0.0,Low Risk,1690.2,Low Priority,7.91,Low
2143-LJULT,0.0,Low Risk,1691.75,Low Priority,7.91,Low
2050-ONYDQ,0.0,Low Risk,1690.0,Low Priority,7.91,Low
7964-VEXDG,0.0,Low Risk,1687.35,Low Priority,7.89,Low
8875-AKBYH,0.0,Low Risk,1687.0,Low Priority,7.89,Low
8644-XYTSV,0.0,Low Risk,1686.3,Low Priority,7.89,Low
4195-PNGZS,0.0,Low Risk,1687.05,Low Priority,7.89,Low
7217-JYHOQ,0.0,Low Risk,1687.1999999999998,Low Priority,7.89,Low
5012-YSPJJ,0.0,Low Risk,1684.85,Low Priority,7.88,Low
2061-VVFST,0.075,Low Risk,721.5,Low Priority,7.88,Low
6963-KQYQB,0.0,Low Risk,1683.5,Low Priority,7.88,Low
2282-YGNOR,0.0,Low Risk,1682.0,Low Priority,7.87,Low
4176-RELJR,0.0,Low Risk,1681.7,Low Priority,7.87,Low
8042-RNLKO,0.0,Low Risk,1679.7,Low Priority,7.86,Low
3275-RHRNE,0.0,Low Risk,1680.0,Low Priority,7.86,Low
7492-TAFJD,0.11,Low Risk,269.85,Low Priority,7.86,Low
2580-ASVVY,0.0,Low Risk,1679.8,Low Priority,7.86,Low
3509-GWQGF,0.0,Low Risk,1680.0,Low Priority,7.86,Low
2560-QTSBS,0.0,Low Risk,1677.6,Low Priority,7.85,Low
3254-YRILK,0.0,Low Risk,1675.8,Low Priority,7.84,Low
2097-YVPKN,0.0,Low Risk,1673.75,Low Priority,7.83,Low
0971-QIFJK,0.0,Low Risk,1673.25,Low Priority,7.83,Low
6202-DYYFX,0.0,Low Risk,1672.0,Low Priority,7.82,Low
7008-LZVOZ,0.0,Low Risk,1669.8,Low Priority,7.81,Low
1821-BUCWY,0.0,Low Risk,1669.5,Low Priority,7.81,Low
9337-SRRNI,0.0,Low Risk,1669.8,Low Priority,7.81,Low
6484-LATFU,0.0,Low Risk,1669.4,Low Priority,7.81,Low
2308-STERM,0.127,Low Risk,38.8,Low Priority,7.8,Low
7661-CPURM,0.0,Low Risk,1666.3,Low Priority,7.8,Low
6614-VBEGU,0.0,Low Risk,1666.8000000000002,Low Priority,7.8,Low
9800-ONTFE,0.0,Low Risk,1667.6,Low Priority,7.8,Low
3768-VHXQO,0.0,Low Risk,1664.95,Low Priority,7.79,Low
3034-ZBEQN,0.0,Low Risk,1665.6,Low Priority,7.79,Low
4692-NNQRU,0.0,Low Risk,1663.2,Low Priority,7.78,Low
4018-PPNDW,0.015,Low Risk,1470.1,Low Priority,7.78,Low
7996-MHXLW,0.0,Low Risk,1659.9,Low Priority,7.77,Low
6865-JZNKO,0.0,Low Risk,1659.0,Low Priority,7.76,Low
1580-BMCMR,0.0,Low Risk,1658.7,Low Priority,7.76,Low
8807-ARQET,0.0,Low Risk,1654.35,Low Priority,7.74,Low
4656-CAURT,0.0,Low Risk,1652.55,Low Priority,7.73,Low
6857-TKDJV,0.0,Low Risk,1651.55,Low Priority,7.73,Low
9373-WSLOY,0.0,Low Risk,1650.0,Low Priority,7.72,Low
0168-XZKBB,0.0,Low Risk,1650.15,Low Priority,7.72,Low
7611-YKYTC,0.0,Low Risk,1650.0,Low Priority,7.72,Low
0867-MKZVY,0.0,Low Risk,1648.0,Low Priority,7.71,Low
4923-ADWXJ,0.0,Low Risk,1645.0,Low Priority,7.7,Low
2799-TSLAG,0.0,Low Risk,1644.5,Low Priority,7.69,Low
2085-BOJKI,0.0,Low Risk,1643.0500000000002,Low Priority,7.69,Low
1080-BWSYE,0.0,Low Risk,1641.6,Low Priority,7.68,Low
2586-CWXVV,0.0,Low Risk,1641.6,Low Priority,7.68,Low
2560-WBWXF,0.0,Low Risk,1642.1999999999998,Low Priority,7.68,Low
8685-WHQPW,0.0,Low Risk,1636.8000000000002,Low Priority,7.66,Low
6497-TILVL,0.1,Low Risk,354.90000000000003,Low Priority,7.66,Low
3913-RDSJZ,0.0,Low Risk,1635.2,Low Priority,7.65,Low
5220-AGAAX,0.0,Low Risk,1632.0,Low Priority,7.64,Low
9554-DFKIC,0.0,Low Risk,1633.5,Low Priority,7.64,Low
4612-SSVHJ,0.0,Low Risk,1629.0,Low Priority,7.62,Low
8559-CIZFV,0.0,Low Risk,1627.5,Low Priority,7.61,Low
3853-LYGAM,0.0,Low Risk,1626.0500000000002,Low Priority,7.61,Low
0056-EPFBG,0.065,Low Risk,788.0,Low Priority,7.59,Low
9885-MFVSU,0.0,Low Risk,1622.25,Low Priority,7.59,Low
9524-EGPJC,0.0,Low Risk,1621.8,Low Priority,7.59,Low
9492-TOKRI,0.0,Low Risk,1620.0,Low Priority,7.58,Low
7595-EHCDL,0.0,Low Risk,1619.2,Low Priority,7.58,Low
7929-DMBCV,0.0,Low Risk,1620.0,Low Priority,7.58,Low
5857-XRECV,0.1225,Low Risk,41.0,Low Priority,7.54,Low
2662-NNTDK,0.0,Low Risk,1612.0,Low Priority,7.54,Low
6485-QXWWE,0.0,Low Risk,1612.0,Low Priority,7.54,Low
7225-CBZPL,0.0,Low Risk,1611.6,Low Priority,7.54,Low
2916-BQZLN,0.0,Low Risk,1610.25,Low Priority,7.53,Low
2606-PKWJB,0.0,Low Risk,1610.0,Low Priority,7.53,Low
0485-ZBSLN,0.0,Low Risk,1608.75,Low Priority,7.53,Low
3115-CZMZD,0.1236999999999999,Low Risk,20.25,Low Priority,7.52,Low
1301-LOPVR,0.0,Low Risk,1605.15,Low Priority,7.51,Low
8292-FRFZQ,0.0,Low Risk,1604.85,Low Priority,7.51,Low
2979-SXESE,0.0,Low Risk,1604.8000000000002,Low Priority,7.51,Low
9658-WYUFB,0.0,Low Risk,1604.8000000000002,Low Priority,7.51,Low
4939-KYYPY,0.0,Low Risk,1605.15,Low Priority,7.51,Low
6303-KFWSL,0.0,Low Risk,1602.25,Low Priority,7.5,Low
8350-NYMVI,0.0,Low Risk,1602.9,Low Priority,7.5,Low
3027-YNWZU,0.0,Low Risk,1600.0,Low Priority,7.49,Low
3473-XIIIT,0.0,Low Risk,1600.0,Low Priority,7.49,Low
5935-FCCNB,0.0,Low Risk,1601.4,Low Priority,7.49,Low
4335-BSMJS,0.0,Low Risk,1599.6,Low Priority,7.48,Low
4521-YEEHE,0.0,Low Risk,1599.3,Low Priority,7.48,Low
1684-FLBGS,0.0,Low Risk,1598.5,Low Priority,7.48,Low
2719-BDAQO,0.0,Low Risk,1595.4499999999998,Low Priority,7.46,Low
6814-ZPWFQ,0.025,Low Risk,1275.0,Low Priority,7.46,Low
5940-NFXKV,0.0,Low Risk,1589.35,Low Priority,7.44,Low
8946-BFWSG,0.0,Low Risk,1590.75,Low Priority,7.44,Low
9953-ZMKSM,0.0,Low Risk,1590.75,Low Priority,7.44,Low
7964-YESJC,0.0,Low Risk,1591.1999999999998,Low Priority,7.44,Low
2233-TXSIU,0.065,Low Risk,755.6500000000001,Low Priority,7.44,Low
9415-DPEWS,0.0,Low Risk,1590.3,Low Priority,7.44,Low
1705-GUHPV,0.005,Low Risk,1524.6,Low Priority,7.43,Low
1852-QSWCD,0.0,Low Risk,1587.2,Low Priority,7.43,Low
7602-DBTOU,0.015,Low Risk,1391.6,Low Priority,7.41,Low
7074-STDCN,0.0,Low Risk,1583.4,Low Priority,7.41,Low
8592-PLTMQ,0.0,Low Risk,1580.8,Low Priority,7.4,Low
1228-ZLNBX,0.0,Low Risk,1581.3,Low Priority,7.4,Low
5829-NVSQN,0.0,Low Risk,1581.25,Low Priority,7.4,Low
6713-OKOMC,0.1,Low Risk,297.5,Low Priority,7.39,Low
5947-SGKCL,0.0,Low Risk,1580.25,Low Priority,7.39,Low
6134-KWTBV,0.01,Low Risk,1450.8,Low Priority,7.39,Low
1075-BGWOH,0.0,Low Risk,1580.0,Low Priority,7.39,Low
7105-MXJLL,0.0,Low Risk,1578.2,Low Priority,7.38,Low
0207-MDKNV,0.0,Low Risk,1576.5,Low Priority,7.38,Low
2074-GUHPQ,0.0,Low Risk,1575.9,Low Priority,7.37,Low
3955-JBZZM,0.0,Low Risk,1576.0,Low Priority,7.37,Low
6258-NGCNG,0.11,Low Risk,164.5,Low Priority,7.37,Low
6198-RTPMF,0.0,Low Risk,1574.1999999999998,Low Priority,7.36,Low
7668-XCFYV,0.0,Low Risk,1573.35,Low Priority,7.36,Low
7311-MQJCH,0.115,Low Risk,97.75,Low Priority,7.36,Low
6100-QQHEB,0.0,Low Risk,1573.35,Low Priority,7.36,Low
1862-SKORY,0.0,Low Risk,1572.0,Low Priority,7.35,Low
7325-ENZFI,0.0,Low Risk,1571.6999999999998,Low Priority,7.35,Low
5353-WILCI,0.0,Low Risk,1569.4,Low Priority,7.34,Low
6345-FZOQH,0.015,Low Risk,1373.1,Low Priority,7.32,Low
0946-FKYTX,0.0,Low Risk,1565.2,Low Priority,7.32,Low
1468-DEFNC,0.0,Low Risk,1561.6,Low Priority,7.31,Low
4023-RTIQM,0.0,Low Risk,1562.4,Low Priority,7.31,Low
4558-FANTW,0.0,Low Risk,1561.4499999999998,Low Priority,7.31,Low
9361-YNQWJ,0.0,Low Risk,1561.6,Low Priority,7.31,Low
6839-ITVZJ,0.0,Low Risk,1561.3,Low Priority,7.3,Low
7729-XBTWX,0.02,Low Risk,1303.5,Low Priority,7.3,Low
2967-MXRAV,0.12,Low Risk,18.8,Low Priority,7.29,Low
1396-QWFBJ,0.0,Low Risk,1555.05,Low Priority,7.28,Low
8780-IHCRN,0.0,Low Risk,1552.9499999999998,Low Priority,7.27,Low
3606-SBKRY,0.0,Low Risk,1551.55,Low Priority,7.26,Low
1241-EZFMJ,0.0,Low Risk,1552.45,Low Priority,7.26,Low
4298-OYIFC,0.0,Low Risk,1551.75,Low Priority,7.26,Low
0756-MPZRL,0.0,Low Risk,1550.2,Low Priority,7.25,Low
0491-KAPQG,0.0,Low Risk,1547.7,Low Priority,7.24,Low
7605-BDWDC,0.0,Low Risk,1545.35,Low Priority,7.23,Low
3205-MXZRA,0.0,Low Risk,1545.7,Low Priority,7.23,Low
1904-WAJAA,0.0,Low Risk,1544.4,Low Priority,7.23,Low
8563-OYMQY,0.0,Low Risk,1546.15,Low Priority,7.23,Low
6370-ZVHDV,0.0,Low Risk,1543.3,Low Priority,7.22,Low
2027-CWDNU,0.0,Low Risk,1540.8,Low Priority,7.21,Low
0723-VSOBE,0.0,Low Risk,1539.0000000000002,Low Priority,7.2,Low
7503-EPSZW,0.0,Low Risk,1539.2,Low Priority,7.2,Low
5914-DVBWJ,0.0,Low Risk,1538.1,Low Priority,7.2,Low
5565-FILXA,0.0,Low Risk,1538.4,Low Priority,7.2,Low
5201-CBWYG,0.0,Low Risk,1537.6,Low Priority,7.19,Low
3181-MIZBN,0.095,Low Risk,316.0,Low Priority,7.18,Low
5760-WRAHC,0.0,Low Risk,1534.5,Low Priority,7.18,Low
7831-QGOXH,0.0,Low Risk,1533.6,Low Priority,7.17,Low
7740-KKCXF,0.0,Low Risk,1532.55,Low Priority,7.17,Low
9170-CCKOU,0.0,Low Risk,1533.4,Low Priority,7.17,Low
8224-IVVPA,0.0,Low Risk,1530.9,Low Priority,7.16,Low
0637-YLETY,0.0,Low Risk,1529.6,Low Priority,7.16,Low
6967-QIQRV,0.0,Low Risk,1528.5,Low Priority,7.15,Low
9208-OLGAQ,0.0,Low Risk,1529.1,Low Priority,7.15,Low
4926-UMJZD,0.0,Low Risk,1525.2,Low Priority,7.14,Low
8903-WMRNW,0.0,Low Risk,1526.25,Low Priority,7.14,Low
6402-SSEJG,0.0,Low Risk,1526.25,Low Priority,7.14,Low
4704-ERYFC,0.0,Low Risk,1523.5,Low Priority,7.13,Low
2481-SBOYW,0.0,Low Risk,1525.0,Low Priority,7.13,Low
9931-DCEZH,0.0,Low Risk,1523.2,Low Priority,7.13,Low
2332-TODQS,0.025,Low Risk,1202.4,Low Priority,7.13,Low
6614-YWYSC,0.0,Low Risk,1525.0,Low Priority,7.13,Low
5337-IIWKZ,0.0,Low Risk,1524.9,Low Priority,7.13,Low
3422-WJOYD,0.0,Low Risk,1521.8,Low Priority,7.12,Low
2569-WGERO,0.0,Low Risk,1522.8,Low Priority,7.12,Low
1389-WNUIB,0.0,Low Risk,1520.0,Low Priority,7.11,Low
3663-MITLP,0.0,Low Risk,1518.75,Low Priority,7.11,Low
6080-LNESI,0.02,Low Risk,1262.25,Low Priority,7.11,Low
6413-XKKPU,0.0,Low Risk,1519.8000000000002,Low Priority,7.11,Low
0125-LZQXK,0.0,Low Risk,1520.25,Low Priority,7.11,Low
3482-ABPKK,0.0,Low Risk,1520.4,Low Priority,7.11,Low
5950-AAAGJ,0.0,Low Risk,1517.4,Low Priority,7.1,Low
9025-ZRPVR,0.105,Low Risk,170.54999999999998,Low Priority,7.1,Low
6584-VQMYT,0.0,Low Risk,1517.4,Low Priority,7.1,Low
0680-DFNNY,0.0,Low Risk,1516.5,Low Priority,7.09,Low
2851-MMUTZ,0.0,Low Risk,1516.05,Low Priority,7.09,Low
1792-UXAFY,0.0,Low Risk,1515.5500000000002,Low Priority,7.09,Low
4237-CLSMM,0.115,Low Risk,40.0,Low Priority,7.09,Low
2144-ESWKO,0.0,Low Risk,1513.6,Low Priority,7.08,Low
0848-ZGQIJ,0.0,Low Risk,1514.4,Low Priority,7.08,Low
7608-RGIRO,0.0,Low Risk,1512.8,Low Priority,7.08,Low
0640-YJTPY,0.0,Low Risk,1512.0,Low Priority,7.07,Low
4385-GZQXV,0.0,Low Risk,1511.2,Low Priority,7.07,Low
7776-QWNFX,0.0,Low Risk,1512.0,Low Priority,7.07,Low
5313-FPXWG,0.02,Low Risk,1254.6,Low Priority,7.07,Low
1945-XISKS,0.015,Low Risk,1316.55,Low Priority,7.06,Low
8201-AAXCB,0.0,Low Risk,1508.75,Low Priority,7.06,Low
8063-RJYNF,0.0,Low Risk,1508.0,Low Priority,7.05,Low
7108-DGVUU,0.0,Low Risk,1505.7,Low Priority,7.04,Low
8028-PNXHQ,0.0,Low Risk,1503.5,Low Priority,7.03,Low
9094-AZPHK,0.0,Low Risk,1502.25,Low Priority,7.03,Low
3256-EZDBI,0.0,Low Risk,1501.95,Low Priority,7.03,Low
0603-TPMIB,0.0,Low Risk,1501.55,Low Priority,7.02,Low
3891-NLXJB,0.0,Low Risk,1500.35,Low Priority,7.02,Low
6292-TOSSS,0.02,Low Risk,1245.0,Low Priority,7.02,Low
9087-EYCPR,0.0,Low Risk,1500.0,Low Priority,7.02,Low
0378-NHQXU,0.0,Low Risk,1500.25,Low Priority,7.02,Low
7989-VCQOH,0.0,Low Risk,1498.5,Low Priority,7.01,Low
8544-JNBOX,0.0,Low Risk,1497.6,Low Priority,7.01,Low
1958-RNRKS,0.0,Low Risk,1497.0,Low Priority,7.0,Low
6215-NQCPY,0.0,Low Risk,1495.5,Low Priority,7.0,Low
4109-CYRBD,0.0,Low Risk,1496.4,Low Priority,7.0,Low
8456-QDAVC,0.0,Low Risk,1495.3,Low Priority,7.0,Low
2039-JONDJ,0.0,Low Risk,1497.15,Low Priority,7.0,Low
7562-GSUHK,0.0,Low Risk,1491.2,Low Priority,6.98,Low
2525-GVKQU,0.02,Low Risk,1236.0,Low Priority,6.98,Low
2999-AANRQ,0.0,Low Risk,1492.05,Low Priority,6.98,Low
2545-LXYVJ,0.0,Low Risk,1490.4,Low Priority,6.97,Low
1293-BSEUN,0.0,Low Risk,1490.4,Low Priority,6.97,Low
7041-TXQJH,0.0,Low Risk,1487.4,Low Priority,6.96,Low
0117-LFRMW,0.0,Low Risk,1487.4,Low Priority,6.96,Low
4785-FCIFB,0.0,Low Risk,1488.4,Low Priority,6.96,Low
4013-TLDHQ,0.0,Low Risk,1486.75,Low Priority,6.96,Low
6892-BOGQE,0.0,Low Risk,1483.9,Low Priority,6.94,Low
1113-IUJYX,0.0,Low Risk,1483.3,Low Priority,6.94,Low
4302-ZYFEL,0.005,Low Risk,1417.95,Low Priority,6.93,Low
0285-INHLN,0.0,Low Risk,1478.25,Low Priority,6.92,Low
6855-VLGOS,0.0,Low Risk,1479.6,Low Priority,6.92,Low
1927-QEWMY,0.0,Low Risk,1476.0,Low Priority,6.91,Low
3230-WYKIR,0.0,Low Risk,1476.0,Low Priority,6.91,Low
4458-KVRBJ,0.0,Low Risk,1475.0,Low Priority,6.9,Low
8713-IGZSO,0.1112,Low Risk,49.7,Low Priority,6.9,Low
5686-CMAWK,0.0,Low Risk,1474.75,Low Priority,6.9,Low
0784-GTUUK,0.0,Low Risk,1472.5,Low Priority,6.89,Low
0947-MUGVO,0.0,Low Risk,1473.0,Low Priority,6.89,Low
1518-OMDIK,0.0,Low Risk,1470.15,Low Priority,6.88,Low
1403-GYAFU,0.005,Low Risk,1403.5,Low Priority,6.87,Low
5995-LFTLE,0.0,Low Risk,1467.4,Low Priority,6.87,Low
2632-TACXW,0.0,Low Risk,1466.3,Low Priority,6.86,Low
6585-WCEWR,0.0,Low Risk,1465.2,Low Priority,6.85,Low
1376-HHBDV,0.0,Low Risk,1464.0,Low Priority,6.85,Low
2263-SFSQZ,0.015,Low Risk,1272.45,Low Priority,6.85,Low
4583-PARNH,0.0,Low Risk,1464.8,Low Priority,6.85,Low
7665-NKLAV,0.0,Low Risk,1463.4,Low Priority,6.85,Low
6207-WIOLX,0.0,Low Risk,1465.0,Low Priority,6.85,Low
7515-LODFU,0.005,Low Risk,1400.7,Low Priority,6.85,Low
0794-YVSGE,0.0,Low Risk,1461.6,Low Priority,6.84,Low
3910-MRQOY,0.005,Low Risk,1396.8,Low Priority,6.83,Low
7083-MIOPC,0.0,Low Risk,1458.0,Low Priority,6.82,Low
4534-WGCIR,0.0,Low Risk,1458.6999999999998,Low Priority,6.82,Low
8229-BUJHX,0.0,Low Risk,1455.5,Low Priority,6.81,Low
1134-YWTYF,0.0,Low Risk,1452.6,Low Priority,6.8,Low
9102-IAYHT,0.0,Low Risk,1452.65,Low Priority,6.8,Low
0112-QAWRZ,0.0,Low Risk,1452.8,Low Priority,6.8,Low
2073-QBVBI,0.0,Low Risk,1453.45,Low Priority,6.8,Low
3398-ZOUAA,0.0,Low Risk,1451.1,Low Priority,6.79,Low
6620-HVDUJ,0.0,Low Risk,1450.8000000000002,Low Priority,6.79,Low
4032-RMHCI,0.0,Low Risk,1451.4,Low Priority,6.79,Low
8854-CCVSQ,0.0,Low Risk,1451.7,Low Priority,6.79,Low
0577-WHMEV,0.0,Low Risk,1451.2,Low Priority,6.79,Low
7471-WNSUF,0.0,Low Risk,1449.0,Low Priority,6.78,Low
8490-BXHEO,0.0,Low Risk,1449.9,Low Priority,6.78,Low
3675-EQOZA,0.105,Low Risk,103.25,Low Priority,6.78,Low
5937-EORGB,0.0,Low Risk,1447.5,Low Priority,6.77,Low
2159-TURXX,0.105,Low Risk,100.25,Low Priority,6.77,Low
0464-WJTKO,0.0,Low Risk,1447.2,Low Priority,6.77,Low
4821-WQOYN,0.0,Low Risk,1447.2,Low Priority,6.77,Low
3500-RMZLT,0.0,Low Risk,1444.5,Low Priority,6.76,Low
7463-IFMQU,0.0,Low Risk,1443.6,Low Priority,6.75,Low
5448-VWNAM,0.0,Low Risk,1442.1,Low Priority,6.75,Low
5075-JSDKI,0.0,Low Risk,1442.55,Low Priority,6.75,Low
5447-VYTKW,0.0,Low Risk,1443.15,Low Priority,6.75,Low
4530-NDRKU,0.05,Low Risk,800.1,Low Priority,6.74,Low
2361-FJWNO,0.0,Low Risk,1440.0,Low Priority,6.74,Low
5730-RIITO,0.0,Low Risk,1438.35,Low Priority,6.73,Low
1599-EAHXY,0.0,Low Risk,1437.0,Low Priority,6.72,Low
2507-QZPQS,0.0,Low Risk,1435.5,Low Priority,6.72,Low
4277-BWBML,0.0,Low Risk,1436.4,Low Priority,6.72,Low
7184-LRUUR,0.0,Low Risk,1435.5,Low Priority,6.72,Low
2129-ALKBS,0.03,Low Risk,1048.0,Low Priority,6.7,Low
9661-JALZV,0.0,Low Risk,1432.6,Low Priority,6.7,Low
0784-ZQJZX,0.0,Low Risk,1432.8,Low Priority,6.7,Low
2311-QYMUQ,0.0,Low Risk,1431.2,Low Priority,6.7,Low
2429-AYKKO,0.0,Low Risk,1429.2,Low Priority,6.69,Low
0732-OCQOC,0.01,Low Risk,1302.6,Low Priority,6.69,Low
7853-WNZSY,0.11,Low Risk,19.75,Low Priority,6.69,Low
4946-EDSEW,0.095,Low Risk,211.75,Low Priority,6.69,Low
5315-CKEQK,0.0,Low Risk,1428.0,Low Priority,6.68,Low
0264-CNITK,0.0,Low Risk,1427.1,Low Priority,6.68,Low
7606-BPHHN,0.0,Low Risk,1425.6,Low Priority,6.67,Low
2607-DHDAK,0.0,Low Risk,1425.6,Low Priority,6.67,Low
6927-WTFIV,0.0,Low Risk,1426.0,Low Priority,6.67,Low
6261-LHRTG,0.0,Low Risk,1423.5,Low Priority,6.66,Low
4957-SREEC,0.0,Low Risk,1424.5,Low Priority,6.66,Low
3454-JFUBC,0.005,Low Risk,1360.0,Low Priority,6.66,Low
1697-LYYYX,0.02,Low Risk,1165.1,Low Priority,6.65,Low
3315-IKYZQ,0.0,Low Risk,1422.4,Low Priority,6.65,Low
5893-KCLGT,0.0,Low Risk,1422.0,Low Priority,6.65,Low
6583-KQJLK,0.0,Low Risk,1419.75,Low Priority,6.64,Low
6928-ONTRW,0.0,Low Risk,1418.4,Low Priority,6.64,Low
2812-ENYMO,0.0,Low Risk,1418.3,Low Priority,6.64,Low
0404-AHASP,0.0,Low Risk,1418.4,Low Priority,6.64,Low
0655-YDGFJ,0.0,Low Risk,1419.5500000000002,Low Priority,6.64,Low
5356-KZCKT,0.0,Low Risk,1418.1,Low Priority,6.63,Low
6661-EIPZC,0.0,Low Risk,1416.0,Low Priority,6.62,Low
5468-BPMMO,0.04,Low Risk,901.6,Low Priority,6.62,Low
6087-MVHJH,0.0,Low Risk,1415.2,Low Priority,6.62,Low
6174-NRBTZ,0.0,Low Risk,1414.5,Low Priority,6.62,Low
8361-LBRDI,0.0,Low Risk,1412.3000000000002,Low Priority,6.61,Low
6877-LGWXO,0.0,Low Risk,1413.9,Low Priority,6.61,Low
1073-XXCZD,0.0,Low Risk,1413.5,Low Priority,6.61,Low
3973-SKMLN,0.0,Low Risk,1412.9,Low Priority,6.61,Low
3642-BYHDO,0.0,Low Risk,1412.9,Low Priority,6.61,Low
1052-QJIBV,0.0,Low Risk,1412.9,Low Priority,6.61,Low
5902-WBLSE,0.0,Low Risk,1410.5,Low Priority,6.6,Low
1047-NNCBF,0.0,Low Risk,1411.0,Low Priority,6.6,Low
8807-OPMBM,0.0,Low Risk,1410.75,Low Priority,6.6,Low
6833-JMZYP,0.0,Low Risk,1410.0,Low Priority,6.6,Low
6615-NGGZJ,0.0,Low Risk,1407.7,Low Priority,6.59,Low
4817-KEQSP,0.0,Low Risk,1409.35,Low Priority,6.59,Low
1591-XWLGB,0.0,Low Risk,1409.35,Low Priority,6.59,Low
1166-PQLGG,0.0,Low Risk,1407.6,Low Priority,6.59,Low
6017-PPLPX,0.0,Low Risk,1409.0,Low Priority,6.59,Low
1043-YCUTE,0.0,Low Risk,1408.4,Low Priority,6.59,Low
1623-NLDOT,0.0,Low Risk,1409.1,Low Priority,6.59,Low
3996-ZNWYK,0.0,Low Risk,1405.8,Low Priority,6.58,Low
0831-JNISG,0.0,Low Risk,1405.8,Low Priority,6.58,Low
2739-CACDQ,0.0,Low Risk,1405.0500000000002,Low Priority,6.57,Low
8496-EJAUI,0.0,Low Risk,1403.15,Low Priority,6.56,Low
3621-CEOVK,0.0,Low Risk,1402.8,Low Priority,6.56,Low
0236-HFWSV,0.0,Low Risk,1400.25,Low Priority,6.55,Low
4465-VDKIQ,0.0,Low Risk,1400.4,Low Priority,6.55,Low
3173-WSSUE,0.0,Low Risk,1398.7,Low Priority,6.54,Low
6980-CDGFC,0.0,Low Risk,1396.95,Low Priority,6.54,Low
3402-XRIUO,0.0,Low Risk,1398.1,Low Priority,6.54,Low
2908-WGAXL,0.0,Low Risk,1397.2,Low Priority,6.54,Low
4086-WITJG,0.0,Low Risk,1398.7,Low Priority,6.54,Low
6625-FLENO,0.015,Low Risk,1203.5,Low Priority,6.53,Low
8450-UYIBU,0.0,Low Risk,1394.75,Low Priority,6.53,Low
2848-YXSMW,0.0,Low Risk,1396.8,Low Priority,6.53,Low
1322-AGOQM,0.0,Low Risk,1393.8,Low Priority,6.52,Low
7695-PKLCZ,0.0,Low Risk,1394.0,Low Priority,6.52,Low
4597-ELFTS,0.0,Low Risk,1394.4,Low Priority,6.52,Low
7558-IMLMT,0.0,Low Risk,1393.6,Low Priority,6.52,Low
0902-XKXPN,0.0,Low Risk,1393.8,Low Priority,6.52,Low
6980-IMXXE,0.0,Low Risk,1393.8,Low Priority,6.52,Low
2718-YSKCS,0.0,Low Risk,1391.6,Low Priority,6.51,Low
7517-SAWMO,0.0,Low Risk,1390.8,Low Priority,6.51,Low
7673-BQGKU,0.0,Low Risk,1390.35,Low Priority,6.5,Low
3976-HXHCE,0.0,Low Risk,1389.6,Low Priority,6.5,Low
5787-KXGIY,0.0,Low Risk,1389.6,Low Priority,6.5,Low
8285-ABVLB,0.0,Low Risk,1389.5,Low Priority,6.5,Low
2108-GLPQB,0.0,Low Risk,1388.75,Low Priority,6.5,Low
8626-XHBIE,0.0,Low Risk,1388.8,Low Priority,6.5,Low
6060-QBMGV,0.0,Low Risk,1389.5,Low Priority,6.5,Low
3606-TWKGI,0.0,Low Risk,1389.7,Low Priority,6.5,Low
0048-PIHNL,0.03,Low Risk,1002.05,Low Priority,6.49,Low
8898-KASCD,0.0,Low Risk,1386.4499999999998,Low Priority,6.49,Low
2075-PUEPR,0.025,Low Risk,1064.25,Low Priority,6.48,Low
0505-SPOOW,0.0,Low Risk,1386.0,Low Priority,6.48,Low
3372-KWFBM,0.0,Low Risk,1385.6,Low Priority,6.48,Low
8750-QWZAJ,0.0,Low Risk,1386.0,Low Priority,6.48,Low
7395-IGJOS,0.0,Low Risk,1385.5,Low Priority,6.48,Low
5989-OMNJE,0.0,Low Risk,1382.4,Low Priority,6.47,Low
1183-CANVH,0.0,Low Risk,1380.0,Low Priority,6.46,Low
5989-PGKJB,0.0,Low Risk,1380.0,Low Priority,6.46,Low
3279-DYZQM,0.0,Low Risk,1380.95,Low Priority,6.46,Low
7758-UJWYS,0.0,Low Risk,1378.6999999999998,Low Priority,6.45,Low
9069-LGEUL,0.0,Low Risk,1378.85,Low Priority,6.45,Low
8263-OKETD,0.0,Low Risk,1378.0,Low Priority,6.45,Low
7706-YLMQA,0.0,Low Risk,1379.0,Low Priority,6.45,Low
2519-TWKFS,0.0,Low Risk,1377.5,Low Priority,6.44,Low
8232-UTFOZ,0.0,Low Risk,1376.55,Low Priority,6.44,Low
1840-BIUOG,0.0,Low Risk,1374.0,Low Priority,6.43,Low
3633-CDBUW,0.0,Low Risk,1374.4499999999998,Low Priority,6.43,Low
0397-ZXWQF,0.0,Low Risk,1373.5,Low Priority,6.43,Low
9537-JALFH,0.0,Low Risk,1373.1,Low Priority,6.42,Low
9402-ORRAH,0.0,Low Risk,1372.5,Low Priority,6.42,Low
3703-TTEPD,0.0,Low Risk,1372.35,Low Priority,6.42,Low
6248-BSHKG,0.01,Low Risk,1244.4,Low Priority,6.42,Low
9593-CVZKR,0.0,Low Risk,1369.2,Low Priority,6.41,Low
5451-MHQOF,0.0,Low Risk,1369.2,Low Priority,6.41,Low
5453-AXEPF,0.0,Low Risk,1368.5,Low Priority,6.4,Low
2900-PHPLN,0.0,Low Risk,1368.5,Low Priority,6.4,Low
1042-HFUCW,0.0,Low Risk,1368.75,Low Priority,6.4,Low
7876-DNYAP,0.0,Low Risk,1366.2,Low Priority,6.39,Low
1268-ASBGA,0.0,Low Risk,1365.6,Low Priority,6.39,Low
8292-ITGYJ,0.02,Low Risk,1109.25,Low Priority,6.39,Low
3583-KRKMD,0.0,Low Risk,1366.2,Low Priority,6.39,Low
5848-FHRFC,0.0,Low Risk,1363.4,Low Priority,6.38,Low
2984-RGEYA,0.0,Low Risk,1362.75,Low Priority,6.38,Low
9121-PHQSR,0.0,Low Risk,1360.8,Low Priority,6.37,Low
7129-CAKJW,0.0,Low Risk,1360.85,Low Priority,6.37,Low
8958-JPTRR,0.0,Low Risk,1360.8,Low Priority,6.37,Low
8966-SNIZF,0.0,Low Risk,1361.5,Low Priority,6.37,Low
0042-RLHYP,0.0,Low Risk,1359.3,Low Priority,6.36,Low
6127-ISGTU,0.0,Low Risk,1359.2,Low Priority,6.36,Low
4011-ARPHK,0.0,Low Risk,1359.45,Low Priority,6.36,Low
2122-YWVYA,0.0,Low Risk,1357.2,Low Priority,6.35,Low
2804-ETQDK,0.0,Low Risk,1356.3,Low Priority,6.35,Low
3099-OONVS,0.0,Low Risk,1357.5,Low Priority,6.35,Low
7049-GKVZY,0.0,Low Risk,1357.4499999999998,Low Priority,6.35,Low
3678-MNGZX,0.0,Low Risk,1356.6,Low Priority,6.35,Low
2181-TIDSV,0.0,Low Risk,1356.6,Low Priority,6.35,Low
1583-IHQZE,0.0,Low Risk,1355.4,Low Priority,6.34,Low
0825-CPPQH,0.0,Low Risk,1356.1,Low Priority,6.34,Low
4360-QRAVE,0.0,Low Risk,1356.05,Low Priority,6.34,Low
4514-GFCFI,0.0,Low Risk,1356.0,Low Priority,6.34,Low
4979-HPRFL,0.0,Low Risk,1352.4,Low Priority,6.33,Low
5716-LIBJC,0.0,Low Risk,1353.95,Low Priority,6.33,Low
9881-VCZEP,0.0,Low Risk,1352.5,Low Priority,6.33,Low
5092-STPKP,0.0,Low Risk,1352.4,Low Priority,6.33,Low
7508-KBIMB,0.0,Low Risk,1350.0,Low Priority,6.32,Low
8904-OPDCK,0.0,Low Risk,1347.3,Low Priority,6.3,Low
7401-RUBNK,0.0,Low Risk,1346.4,Low Priority,6.3,Low
0439-IFYUN,0.0,Low Risk,1344.6,Low Priority,6.29,Low
0613-WUXUM,0.0,Low Risk,1344.0,Low Priority,6.29,Low
2150-UWTFY,0.0,Low Risk,1345.3,Low Priority,6.29,Low
1167-OYZJF,0.0,Low Risk,1343.35,Low Priority,6.28,Low
7073-QETQY,0.0,Low Risk,1343.1,Low Priority,6.28,Low
7126-RBHSD,0.0,Low Risk,1341.3000000000002,Low Priority,6.28,Low
0916-QOFDP,0.0,Low Risk,1341.2,Low Priority,6.27,Low
4189-NAKJS,0.0,Low Risk,1340.3,Low Priority,6.27,Low
5346-BZCHP,0.0,Low Risk,1338.6,Low Priority,6.26,Low
8532-UEFWH,0.0,Low Risk,1339.0,Low Priority,6.26,Low
7508-SMHXL,0.0,Low Risk,1335.0,Low Priority,6.25,Low
4459-BBGHE,0.0,Low Risk,1335.0,Low Priority,6.25,Low
8919-FYFQZ,0.0,Low Risk,1335.4,Low Priority,6.25,Low
5146-YYFRZ,0.0,Low Risk,1336.65,Low Priority,6.25,Low
1333-PBMXB,0.0,Low Risk,1336.5,Low Priority,6.25,Low
7801-KICAO,0.0,Low Risk,1334.7,Low Priority,6.24,Low
3274-NSDWE,0.0,Low Risk,1332.8000000000002,Low Priority,6.24,Low
3308-DGHKL,0.0,Low Risk,1331.7,Low Priority,6.23,Low
6925-BAYGL,0.0,Low Risk,1330.3000000000002,Low Priority,6.22,Low
6543-JXSOO,0.0,Low Risk,1328.25,Low Priority,6.21,Low
9135-HSWOC,0.005,Low Risk,1260.8,Low Priority,6.2,Low
8395-ETZKQ,0.0,Low Risk,1326.0,Low Priority,6.2,Low
0374-FIUCA,0.0,Low Risk,1326.0,Low Priority,6.2,Low
3753-TSEMP,0.0,Low Risk,1322.25,Low Priority,6.19,Low
1666-JZPZT,0.0,Low Risk,1323.0,Low Priority,6.19,Low
0650-BWOZN,0.0,Low Risk,1323.9,Low Priority,6.19,Low
9313-CDOGY,0.045,Low Risk,744.8000000000001,Low Priority,6.18,Low
9800-OUIGR,0.0,Low Risk,1320.0,Low Priority,6.18,Low
9500-WBGRP,0.0,Low Risk,1317.9,Low Priority,6.17,Low
7114-AEOZE,0.01,Low Risk,1191.0,Low Priority,6.17,Low
2801-NISEI,0.0,Low Risk,1318.8000000000002,Low Priority,6.17,Low
9903-LYSAB,0.0,Low Risk,1316.7,Low Priority,6.16,Low
1764-VUUMT,0.0,Low Risk,1316.7,Low Priority,6.16,Low
2007-QVGAW,0.0,Low Risk,1315.8000000000002,Low Priority,6.16,Low
9529-OFXHY,0.0,Low Risk,1316.25,Low Priority,6.16,Low
3723-BFBGR,0.0,Low Risk,1315.1999999999998,Low Priority,6.15,Low
6064-PUPMC,0.0,Low Risk,1315.6,Low Priority,6.15,Low
1353-GHZOS,0.0,Low Risk,1314.5,Low Priority,6.15,Low
7801-CEDNV,0.0,Low Risk,1314.9,Low Priority,6.15,Low
7619-ODSGN,0.0,Low Risk,1314.0,Low Priority,6.15,Low
8510-AWCXC,0.0,Low Risk,1310.4,Low Priority,6.13,Low
7901-IIDQV,0.0,Low Risk,1310.4,Low Priority,6.13,Low
7315-WYOAW,0.0,Low Risk,1309.75,Low Priority,6.13,Low
1853-ARAAQ,0.0,Low Risk,1309.1,Low Priority,6.12,Low
5046-NUHWD,0.0,Low Risk,1305.0,Low Priority,6.11,Low
9330-IJWIO,0.0,Low Risk,1304.55,Low Priority,6.1,Low
3785-KTYSH,0.0,Low Risk,1303.8000000000002,Low Priority,6.1,Low
6729-FZWSY,0.0,Low Risk,1303.15,Low Priority,6.1,Low
2626-VEEWG,0.0,Low Risk,1299.8,Low Priority,6.08,Low
3120-FAZKD,0.0,Low Risk,1298.7,Low Priority,6.08,Low
2978-XXSOG,0.0,Low Risk,1299.1,Low Priority,6.08,Low
8711-LOBKY,0.01,Low Risk,1171.15,Low Priority,6.08,Low
6986-IXNDM,0.0,Low Risk,1300.6,Low Priority,6.08,Low
5044-XDPYX,0.0,Low Risk,1300.5,Low Priority,6.08,Low
6038-GCYEC,0.0,Low Risk,1299.6,Low Priority,6.08,Low
5730-DBDSI,0.0,Low Risk,1300.2,Low Priority,6.08,Low
2528-HFYZX,0.0,Low Risk,1299.65,Low Priority,6.08,Low
7717-BICXI,0.005,Low Risk,1233.0,Low Priority,6.07,Low
8838-GPHZP,0.0,Low Risk,1297.8000000000002,Low Priority,6.07,Low
7854-EDSSA,0.0,Low Risk,1298.0,Low Priority,6.07,Low
9560-ARGQJ,0.0,Low Risk,1296.0,Low Priority,6.06,Low
8992-OBVDG,0.0,Low Risk,1294.65,Low Priority,6.06,Low
3774-VBNXY,0.0,Low Risk,1292.8,Low Priority,6.05,Low
7969-FFOWG,0.0,Low Risk,1293.5,Low Priority,6.05,Low
1153-GNOLC,0.0,Low Risk,1290.3,Low Priority,6.04,Low
9639-BUJXT,0.0,Low Risk,1291.5,Low Priority,6.04,Low
6734-JDTTV,0.0,Low Risk,1290.25,Low Priority,6.04,Low
7061-OVMIM,0.055,Low Risk,586.5,Low Priority,6.04,Low
3842-QTGDL,0.0,Low Risk,1292.0,Low Priority,6.04,Low
9972-EWRJS,0.0,Low Risk,1289.75,Low Priority,6.03,Low
1384-RCUXW,0.0,Low Risk,1288.8,Low Priority,6.03,Low
2189-WWOEW,0.0,Low Risk,1288.5,Low Priority,6.03,Low
0384-RVBPI,0.0,Low Risk,1288.0,Low Priority,6.03,Low
1248-DYXUB,0.0,Low Risk,1289.6,Low Priority,6.03,Low
3920-HIHMQ,0.0,Low Risk,1287.0,Low Priority,6.02,Low
4104-PVRPS,0.0,Low Risk,1286.4,Low Priority,6.02,Low
8519-IMDHU,0.0,Low Risk,1284.0,Low Priority,6.01,Low
5815-HGGHV,0.0,Low Risk,1283.0,Low Priority,6.0,Low
9894-QMIMJ,0.0,Low Risk,1283.4,Low Priority,6.0,Low
6139-ZZRBQ,0.0,Low Risk,1283.2,Low Priority,6.0,Low
6217-TOWGS,0.0,Low Risk,1281.8000000000002,Low Priority,6.0,Low
6692-UDPJC,0.0,Low Risk,1283.1,Low Priority,6.0,Low
6719-OXYBR,0.0,Low Risk,1279.5,Low Priority,5.99,Low
1769-GRUIK,0.0,Low Risk,1279.8,Low Priority,5.99,Low
2236-HILPA,0.0,Low Risk,1280.3,Low Priority,5.99,Low
4828-FAZPK,0.0,Low Risk,1279.2,Low Priority,5.98,Low
4429-WYGFR,0.0,Low Risk,1277.9,Low Priority,5.98,Low
2207-RYYRL,0.0,Low Risk,1276.6,Low Priority,5.97,Low
1302-TPUBN,0.0,Low Risk,1277.1,Low Priority,5.97,Low
0011-IGKFF,0.0,Low Risk,1274.0,Low Priority,5.96,Low
0396-UKGAI,0.0,Low Risk,1271.9,Low Priority,5.95,Low
4373-MAVJG,0.0,Low Risk,1272.6,Low Priority,5.95,Low
3739-YBWAB,0.0,Low Risk,1272.6,Low Priority,5.95,Low
0057-QBUQH,0.015,Low Risk,1079.3,Low Priority,5.95,Low
6407-GSJNL,0.0,Low Risk,1272.45,Low Priority,5.95,Low
7941-RCJOW,0.0,Low Risk,1270.75,Low Priority,5.95,Low
8652-YHIYU,0.0,Low Risk,1272.0,Low Priority,5.95,Low
9938-EKRGF,0.0,Low Risk,1266.75,Low Priority,5.93,Low
7088-FBAWU,0.0,Low Risk,1267.35,Low Priority,5.93,Low
7268-WNTCP,0.0,Low Risk,1267.9,Low Priority,5.93,Low
1813-JLKWR,0.0,Low Risk,1267.2,Low Priority,5.93,Low
7531-GQHME,0.08,Low Risk,240.6,Low Priority,5.93,Low
8220-OCUFY,0.0,Low Risk,1265.25,Low Priority,5.92,Low
5939-SXWHM,0.0,Low Risk,1262.4,Low Priority,5.91,Low
3547-LQRIK,0.0,Low Risk,1264.3,Low Priority,5.91,Low
7145-FEJWU,0.0,Low Risk,1263.6,Low Priority,5.91,Low
3644-QXEHN,0.0,Low Risk,1261.0,Low Priority,5.9,Low
8399-YNDCH,0.0,Low Risk,1261.05,Low Priority,5.9,Low
1697-NVVGY,0.0,Low Risk,1261.6,Low Priority,5.9,Low
0962-CQPWQ,0.0,Low Risk,1258.6,Low Priority,5.89,Low
6621-NRZAK,0.0,Low Risk,1260.0,Low Priority,5.89,Low
1226-IENZN,0.0,Low Risk,1260.0,Low Priority,5.89,Low
6867-ACCZI,0.0,Low Risk,1260.0,Low Priority,5.89,Low
0023-UYUPN,0.0,Low Risk,1260.0,Low Priority,5.89,Low
9436-ZBZCT,0.0,Low Risk,1259.3,Low Priority,5.89,Low
9290-SHCMB,0.0,Low Risk,1259.05,Low Priority,5.89,Low
2114-MGINA,0.0,Low Risk,1257.2,Low Priority,5.88,Low
0281-CNTZX,0.0,Low Risk,1256.85,Low Priority,5.88,Low
6685-XSHHU,0.0,Low Risk,1257.0,Low Priority,5.88,Low
8747-UDCOI,0.0,Low Risk,1257.75,Low Priority,5.88,Low
8630-FJLIB,0.0,Low Risk,1256.4,Low Priority,5.88,Low
8844-TONUD,0.0,Low Risk,1256.45,Low Priority,5.88,Low
2908-ZTPNF,0.0,Low Risk,1254.6,Low Priority,5.87,Low
3970-XGJDU,0.005,Low Risk,1190.4,Low Priority,5.87,Low
1670-SVOWZ,0.0,Low Risk,1255.1,Low Priority,5.87,Low
3712-PKXZA,0.0,Low Risk,1253.55,Low Priority,5.86,Low
8434-VGEQQ,0.0,Low Risk,1253.55,Low Priority,5.86,Low
9099-FTUHS,0.0,Low Risk,1251.2,Low Priority,5.85,Low
7771-ZONAT,0.0,Low Risk,1248.5,Low Priority,5.84,Low
5549-ZGHFB,0.0,Low Risk,1247.5,Low Priority,5.84,Low
9274-UARKJ,0.0,Low Risk,1248.0,Low Priority,5.84,Low
6475-VHUIZ,0.0,Low Risk,1247.75,Low Priority,5.84,Low
2774-LVQUS,0.0,Low Risk,1245.75,Low Priority,5.83,Low
0696-UKTOX,0.0,Low Risk,1245.45,Low Priority,5.83,Low
7064-JHXCE,0.0,Low Risk,1243.1,Low Priority,5.82,Low
8347-GDTMP,0.0,Low Risk,1244.8,Low Priority,5.82,Low
9139-TWBAS,0.0,Low Risk,1244.1,Low Priority,5.82,Low
6848-HJTXY,0.0,Low Risk,1244.8,Low Priority,5.82,Low
3635-QQRQD,0.0,Low Risk,1243.1,Low Priority,5.82,Low
9625-RZFUK,0.0,Low Risk,1241.1,Low Priority,5.81,Low
2335-GSODA,0.025,Low Risk,922.3,Low Priority,5.81,Low
6434-TTGJP,0.055,Low Risk,537.0,Low Priority,5.81,Low
0847-HGRML,0.0,Low Risk,1240.0,Low Priority,5.8,Low
6770-UAYGJ,0.0,Low Risk,1237.25,Low Priority,5.79,Low
9061-TIHDA,0.0,Low Risk,1238.25,Low Priority,5.79,Low
4636-TVXVG,0.0,Low Risk,1236.9,Low Priority,5.79,Low
0661-WCQNQ,0.0,Low Risk,1237.5,Low Priority,5.79,Low
3793-MMFUH,0.0,Low Risk,1235.65,Low Priority,5.78,Low
7279-NMVJC,0.07,Low Risk,338.29999999999995,Low Priority,5.78,Low
5837-LXSDN,0.0,Low Risk,1235.85,Low Priority,5.78,Low
0704-VCUMB,0.0,Low Risk,1235.25,Low Priority,5.78,Low
8043-PNYSD,0.0,Low Risk,1231.65,Low Priority,5.76,Low
7799-DSEWS,0.0,Low Risk,1230.3,Low Priority,5.76,Low
5656-JAMLX,0.0,Low Risk,1230.7,Low Priority,5.76,Low
7000-WCEVQ,0.0,Low Risk,1232.0,Low Priority,5.76,Low
3154-HMWUU,0.0,Low Risk,1230.0,Low Priority,5.75,Low
5799-JRCZO,0.0,Low Risk,1228.5,Low Priority,5.75,Low
9828-QHFBK,0.0,Low Risk,1227.6,Low Priority,5.74,Low
4830-FAXFM,0.06,Low Risk,457.9,Low Priority,5.74,Low
3221-CJMSG,0.0,Low Risk,1226.4,Low Priority,5.74,Low
1386-ZIKUV,0.085,Low Risk,132.65,Low Priority,5.72,Low
6546-OPBBH,0.0,Low Risk,1221.45,Low Priority,5.71,Low
7852-LECYP,0.0,Low Risk,1219.4,Low Priority,5.7,Low
7643-RCHXS,0.0,Low Risk,1219.0500000000002,Low Priority,5.7,Low
8164-OCKUJ,0.0,Low Risk,1215.4,Low Priority,5.69,Low
3902-FOIGH,0.0,Low Risk,1216.1999999999998,Low Priority,5.69,Low
6778-JFCMK,0.0,Low Risk,1214.4,Low Priority,5.68,Low
6214-EDAKZ,0.0,Low Risk,1213.3,Low Priority,5.68,Low
4576-CSAJH,0.0,Low Risk,1213.3,Low Priority,5.68,Low
8857-CUPFQ,0.0,Low Risk,1212.75,Low Priority,5.67,Low
8467-WYNSR,0.0,Low Risk,1212.2,Low Priority,5.67,Low
9667-EQRXU,0.0,Low Risk,1209.0,Low Priority,5.66,Low
5640-CAXOA,0.0,Low Risk,1210.5,Low Priority,5.66,Low
8337-MSSXB,0.0,Low Risk,1208.2,Low Priority,5.65,Low
9084-OAYKL,0.0,Low Risk,1206.4,Low Priority,5.64,Low
7508-MYBOG,0.0,Low Risk,1205.4,Low Priority,5.64,Low
3498-LZGQZ,0.0,Low Risk,1206.4499999999998,Low Priority,5.64,Low
7895-VONWT,0.0,Low Risk,1206.25,Low Priority,5.64,Low
1830-IPXVJ,0.0,Low Risk,1204.75,Low Priority,5.64,Low
9432-VOFYX,0.0,Low Risk,1203.6,Low Priority,5.63,Low
5433-KYGHE,0.0,Low Risk,1204.0,Low Priority,5.63,Low
8010-EZLOU,0.0,Low Risk,1203.0,Low Priority,5.63,Low
1074-WVEVG,0.0,Low Risk,1200.65,Low Priority,5.62,Low
5146-CBVOE,0.0,Low Risk,1201.6,Low Priority,5.62,Low
2612-RANWT,0.0,Low Risk,1201.8000000000002,Low Priority,5.62,Low
9584-EXCDZ,0.0,Low Risk,1198.5,Low Priority,5.61,Low
1571-SAVHK,0.0,Low Risk,1199.4,Low Priority,5.61,Low
4468-KAZHE,0.0,Low Risk,1200.0,Low Priority,5.61,Low
1207-BLKSA,0.0,Low Risk,1198.6,Low Priority,5.61,Low
2154-KVJFF,0.0,Low Risk,1196.25,Low Priority,5.6,Low
7783-YKGDV,0.0,Low Risk,1196.4,Low Priority,5.6,Low
4644-PIZRT,0.0,Low Risk,1195.9499999999998,Low Priority,5.6,Low
4546-FOKWR,0.0,Low Risk,1196.0,Low Priority,5.6,Low
3211-ILJTT,0.0,Low Risk,1196.8000000000002,Low Priority,5.6,Low
2433-KMEAS,0.0,Low Risk,1197.9,Low Priority,5.6,Low
1460-UZPRJ,0.0,Low Risk,1197.0,Low Priority,5.6,Low
3507-GASNP,0.0,Low Risk,1197.0,Low Priority,5.6,Low
1171-TYKUR,0.0,Low Risk,1193.8,Low Priority,5.59,Low
4779-ZGICK,0.005,Low Risk,1130.4,Low Priority,5.59,Low
0156-FVPTA,0.0,Low Risk,1192.4,Low Priority,5.58,Low
7450-NWRTR,0.0,Low Risk,1193.4,Low Priority,5.58,Low
3521-MNKLV,0.0,Low Risk,1192.8000000000002,Low Priority,5.58,Low
1955-IBMMB,0.0,Low Risk,1191.8,Low Priority,5.58,Low
9185-TQCVP,0.0,Low Risk,1192.1,Low Priority,5.58,Low
5839-SUYVZ,0.0,Low Risk,1192.8,Low Priority,5.58,Low
0128-MKWSG,0.0,Low Risk,1190.8,Low Priority,5.57,Low
3703-KBKZP,0.0,Low Risk,1191.2,Low Priority,5.57,Low
3884-HCSWG,0.0,Low Risk,1190.0,Low Priority,5.57,Low
3948-XHGNA,0.0,Low Risk,1189.1999999999998,Low Priority,5.56,Low
2346-LOCWC,0.0,Low Risk,1189.0,Low Priority,5.56,Low
4315-MURBD,0.0,Low Risk,1186.8000000000002,Low Priority,5.55,Low
6922-NCEDI,0.0,Low Risk,1187.2,Low Priority,5.55,Low
9314-IJWSQ,0.0,Low Risk,1187.2,Low Priority,5.55,Low
9063-ZGTUY,0.0,Low Risk,1183.4,Low Priority,5.54,Low
1195-OIYEJ,0.0,Low Risk,1184.3,Low Priority,5.54,Low
2229-VWQJH,0.0,Low Risk,1183.1999999999998,Low Priority,5.54,Low
9504-DSHWM,0.0,Low Risk,1184.0,Low Priority,5.54,Low
8727-JQFHV,0.0,Low Risk,1182.75,Low Priority,5.53,Low
4990-ALDGW,0.0,Low Risk,1182.75,Low Priority,5.53,Low
7109-MFBYV,0.0,Low Risk,1181.7,Low Priority,5.53,Low
4652-NNHNY,0.0,Low Risk,1181.6,Low Priority,5.53,Low
8917-SZTTJ,0.0,Low Risk,1179.0,Low Priority,5.52,Low
0780-XNZFN,0.0,Low Risk,1177.05,Low Priority,5.51,Low
2454-RPBRZ,0.0,Low Risk,1177.1999999999998,Low Priority,5.51,Low
2324-AALNO,0.0,Low Risk,1178.4,Low Priority,5.51,Low
5567-GZKQY,0.0,Low Risk,1177.4,Low Priority,5.51,Low
3457-PQBYH,0.0,Low Risk,1177.4,Low Priority,5.51,Low
7156-MHUGY,0.0,Low Risk,1176.5,Low Priority,5.5,Low
2239-CFOUJ,0.09,Low Risk,20.4,Low Priority,5.5,Low
2898-LSJGD,0.0,Low Risk,1174.95,Low Priority,5.5,Low
9824-BEMCV,0.0,Low Risk,1173.0,Low Priority,5.49,Low
2923-ARZLG,0.09,Low Risk,19.7,Low Priority,5.49,Low
1703-MGIAB,0.0,Low Risk,1173.0,Low Priority,5.49,Low
5202-IVJNU,0.0,Low Risk,1173.9,Low Priority,5.49,Low
2946-KIQSP,0.0,Low Risk,1170.75,Low Priority,5.48,Low
8701-DGLVH,0.01,Low Risk,1042.95,Low Priority,5.48,Low
7916-VCCPB,0.0,Low Risk,1172.0,Low Priority,5.48,Low
7493-GVFIO,0.0,Low Risk,1171.35,Low Priority,5.48,Low
1371-OJCEK,0.0,Low Risk,1168.8000000000002,Low Priority,5.47,Low
2937-FTHUR,0.0,Low Risk,1166.4,Low Priority,5.46,Low
3887-PBQAO,0.0,Low Risk,1165.5,Low Priority,5.45,Low
0040-HALCW,0.005,Low Risk,1101.6,Low Priority,5.45,Low
3648-GZPHF,0.0,Low Risk,1160.0,Low Priority,5.43,Low
2320-SLKMB,0.0,Low Risk,1155.7,Low Priority,5.41,Low
9553-DLCLU,0.0,Low Risk,1156.35,Low Priority,5.41,Low
4559-UWIHT,0.0,Low Risk,1157.1,Low Priority,5.41,Low
5968-HYJRZ,0.0,Low Risk,1153.85,Low Priority,5.4,Low
7293-LSCDV,0.0,Low Risk,1155.0,Low Priority,5.4,Low
5793-YOLJN,0.0,Low Risk,1155.0,Low Priority,5.4,Low
7601-DHFWZ,0.0,Low Risk,1152.0,Low Priority,5.39,Low
3359-DSRKA,0.0,Low Risk,1151.3000000000002,Low Priority,5.39,Low
2180-DXNEG,0.0,Low Risk,1152.0,Low Priority,5.39,Low
7526-BEZQB,0.0,Low Risk,1152.6,Low Priority,5.39,Low
7328-ZJAJO,0.0,Low Risk,1150.5,Low Priority,5.38,Low
8514-VZHEB,0.0,Low Risk,1150.5,Low Priority,5.38,Low
6476-YHMGA,0.0,Low Risk,1147.5,Low Priority,5.37,Low
3143-JQEGI,0.0,Low Risk,1148.55,Low Priority,5.37,Low
3755-JBMNH,0.0,Low Risk,1148.8,Low Priority,5.37,Low
8272-ONJLV,0.0,Low Risk,1148.4,Low Priority,5.37,Low
9746-UGFAC,0.0538,Low Risk,458.7000000000001,Low Priority,5.37,Low
5266-PFRQK,0.005,Low Risk,1084.2,Low Priority,5.37,Low
4538-WNTMJ,0.0,Low Risk,1147.7,Low Priority,5.37,Low
6727-IOTLZ,0.0,Low Risk,1147.3,Low Priority,5.37,Low
3284-SVCRO,0.0,Low Risk,1147.5,Low Priority,5.37,Low
5512-IDZEI,0.0,Low Risk,1145.4,Low Priority,5.36,Low
5649-VUKMC,0.0,Low Risk,1146.0,Low Priority,5.36,Low
4338-EYCER,0.0,Low Risk,1146.6,Low Priority,5.36,Low
6114-TCFID,0.0,Low Risk,1145.5,Low Priority,5.36,Low
0508-SQWPL,0.0,Low Risk,1145.7,Low Priority,5.36,Low
8430-TWCBX,0.01,Low Risk,1014.3,Low Priority,5.35,Low
7811-JIVPF,0.0,Low Risk,1143.1,Low Priority,5.35,Low
7762-ONLJY,0.08,Low Risk,118.2,Low Priority,5.35,Low
5293-WXJAK,0.0,Low Risk,1144.55,Low Priority,5.35,Low
0106-GHRQR,0.0,Low Risk,1142.4,Low Priority,5.34,Low
6323-AYBRX,0.0,Low Risk,1141.65,Low Priority,5.34,Low
2146-EGVDT,0.0,Low Risk,1138.7,Low Priority,5.33,Low
3315-TOTBP,0.0,Low Risk,1140.0,Low Priority,5.33,Low
0489-WMEMG,0.0,Low Risk,1137.35,Low Priority,5.32,Low
8234-GSZYK,0.0,Low Risk,1137.35,Low Priority,5.32,Low
5821-MMEIL,0.0,Low Risk,1134.3,Low Priority,5.31,Low
0529-ONKER,0.0,Low Risk,1134.75,Low Priority,5.31,Low
0820-FNRNX,0.0,Low Risk,1133.9,Low Priority,5.3,Low
3777-XROBG,0.0,Low Risk,1133.9,Low Priority,5.3,Low
6551-GNYDG,0.0,Low Risk,1132.6,Low Priority,5.3,Low
3733-LSYCE,0.0,Low Risk,1130.25,Low Priority,5.29,Low
5519-NPHVG,0.0,Low Risk,1130.4,Low Priority,5.29,Low
0228-MAUWC,0.0,Low Risk,1131.45,Low Priority,5.29,Low
3935-TBRZZ,0.0,Low Risk,1130.8,Low Priority,5.29,Low
8020-BWHYL,0.0,Low Risk,1129.5,Low Priority,5.28,Low
8198-RKSZG,0.0,Low Risk,1126.3,Low Priority,5.27,Low
7993-NQLJE,0.0,Low Risk,1126.5,Low Priority,5.27,Low
1399-OUPJN,0.0,Low Risk,1125.75,Low Priority,5.27,Low
9921-ZVRHG,0.0,Low Risk,1126.3,Low Priority,5.27,Low
2400-FEQME,0.0,Low Risk,1127.5,Low Priority,5.27,Low
4163-NCJAK,0.0,Low Risk,1124.7,Low Priority,5.26,Low
6906-ANDWJ,0.0,Low Risk,1123.5,Low Priority,5.26,Low
7078-NVFAM,0.0,Low Risk,1124.8,Low Priority,5.26,Low
3733-ZEECP,0.0,Low Risk,1124.2,Low Priority,5.26,Low
5599-HVLTW,0.0,Low Risk,1124.9,Low Priority,5.26,Low
5199-FPUSP,0.0,Low Risk,1123.65,Low Priority,5.26,Low
8129-GMVGI,0.0,Low Risk,1122.8,Low Priority,5.25,Low
6688-UZPWD,0.0,Low Risk,1122.0,Low Priority,5.25,Low
6692-YQHXC,0.0,Low Risk,1119.2,Low Priority,5.24,Low
5442-BXVND,0.025,Low Risk,800.25,Low Priority,5.24,Low
8544-GOQSH,0.0,Low Risk,1120.7,Low Priority,5.24,Low
0621-TSSMU,0.0,Low Risk,1117.2,Low Priority,5.23,Low
2876-GZYZC,0.0,Low Risk,1117.35,Low Priority,5.23,Low
6217-KDYWC,0.0,Low Risk,1117.2,Low Priority,5.23,Low
9560-BBZXK,0.0,Low Risk,1117.8,Low Priority,5.23,Low
0872-JCPIB,0.0,Low Risk,1117.75,Low Priority,5.23,Low
7416-CKTEP,0.0,Low Risk,1117.2,Low Priority,5.23,Low
2656-FMOKZ,0.0,Low Risk,1116.75,Low Priority,5.22,Low
9947-OTFQU,0.0,Low Risk,1116.0,Low Priority,5.22,Low
6349-JDHQP,0.005,Low Risk,1052.0500000000002,Low Priority,5.22,Low
8380-MQINP,0.0,Low Risk,1116.5,Low Priority,5.22,Low
2582-FFFZR,0.0,Low Risk,1113.2,Low Priority,5.21,Low
5908-QMGOE,0.0,Low Risk,1113.0,Low Priority,5.21,Low
4584-LBNMK,0.0,Low Risk,1111.5,Low Priority,5.2,Low
2700-LUEVA,0.085,Low Risk,20.75,Low Priority,5.2,Low
1208-DNHLN,0.0,Low Risk,1112.05,Low Priority,5.2,Low
1231-YNDEK,0.0,Low Risk,1110.6999999999998,Low Priority,5.2,Low
8755-OGKNA,0.0,Low Risk,1111.5,Low Priority,5.2,Low
2418-TPEUN,0.0,Low Risk,1108.8,Low Priority,5.19,Low
3705-PSNGL,0.015,Low Risk,918.0,Low Priority,5.19,Low
6813-GZQCG,0.0,Low Risk,1109.25,Low Priority,5.19,Low
1402-PTHGN,0.0,Low Risk,1107.0,Low Priority,5.18,Low
3662-FXJFO,0.0,Low Risk,1107.0,Low Priority,5.18,Low
9173-IVZVP,0.0,Low Risk,1107.6999999999998,Low Priority,5.18,Low
4078-SAYYN,0.0,Low Risk,1108.25,Low Priority,5.18,Low
0212-ISBBF,0.0,Low Risk,1107.7,Low Priority,5.18,Low
6296-DDOOR,0.0,Low Risk,1105.8,Low Priority,5.17,Low
1965-AKTSX,0.0,Low Risk,1105.3,Low Priority,5.17,Low
4396-KLSEH,0.08,Low Risk,79.4,Low Priority,5.17,Low
7799-LGRDP,0.0,Low Risk,1105.1,Low Priority,5.17,Low
5016-LIPDW,0.0,Low Risk,1105.8,Low Priority,5.17,Low
6646-JPPHA,0.0,Low Risk,1103.9,Low Priority,5.16,Low
3646-ITDGM,0.0,Low Risk,1103.2,Low Priority,5.16,Low
6532-YLWSI,0.0,Low Risk,1102.4,Low Priority,5.16,Low
1131-ALZWV,0.04,Low Risk,590.4000000000001,Low Priority,5.16,Low
4652-ODEVH,0.0,Low Risk,1100.25,Low Priority,5.15,Low
8773-HHUOZ,0.0,Low Risk,1099.9,Low Priority,5.15,Low
5889-LFOLL,0.0,Low Risk,1099.8,Low Priority,5.15,Low
1552-CZCLL,0.0,Low Risk,1100.0,Low Priority,5.15,Low
3137-NYQQI,0.0,Low Risk,1101.6,Low Priority,5.15,Low
4822-NGOCH,0.0,Low Risk,1097.85,Low Priority,5.14,Low
7647-GYYKX,0.0,Low Risk,1098.9,Low Priority,5.14,Low
4139-SUGLD,0.0,Low Risk,1097.4,Low Priority,5.13,Low
5445-GLVOT,0.0,Low Risk,1095.6,Low Priority,5.13,Low
3398-FSHON,0.0,Low Risk,1095.6,Low Priority,5.13,Low
2012-NWRPA,0.0,Low Risk,1095.05,Low Priority,5.12,Low
3317-VLGQT,0.0,Low Risk,1093.4,Low Priority,5.12,Low
0897-FEGMU,0.0,Low Risk,1094.5,Low Priority,5.12,Low
4291-HYEBC,0.0,Low Risk,1094.8,Low Priority,5.12,Low
3378-AJRAO,0.0,Low Risk,1093.4,Low Priority,5.12,Low
4299-OPXEJ,0.0,Low Risk,1094.8,Low Priority,5.12,Low
5840-NVDCG,0.0,Low Risk,1092.0,Low Priority,5.11,Low
3212-KXOCR,0.0,Low Risk,1092.0,Low Priority,5.11,Low
0637-UBJRP,0.0,Low Risk,1092.65,Low Priority,5.11,Low
6620-JDYNW,0.0,Low Risk,1090.8,Low Priority,5.1,Low
5808-TOTXO,0.08,Low Risk,61.650000000000006,Low Priority,5.09,Low
8050-WYBND,0.0,Low Risk,1087.9,Low Priority,5.09,Low
2228-BZDEE,0.0,Low Risk,1085.4,Low Priority,5.08,Low
9764-REAFF,0.0,Low Risk,1085.6,Low Priority,5.08,Low
8540-ZQGEA,0.0,Low Risk,1082.7,Low Priority,5.07,Low
6974-DAFLI,0.0,Low Risk,1083.5,Low Priority,5.07,Low
0689-NKYLF,0.0,Low Risk,1081.6,Low Priority,5.06,Low
5774-QPLTF,0.005,Low Risk,1017.5,Low Priority,5.06,Low
1385-TQOZW,0.07,Low Risk,184.05,Low Priority,5.06,Low
9507-HSMMZ,0.0,Low Risk,1080.0,Low Priority,5.05,Low
8883-GRDWQ,0.0,Low Risk,1080.0,Low Priority,5.05,Low
8168-UQWWF,0.0,Low Risk,1076.35,Low Priority,5.04,Low
0135-NMXAP,0.0,Low Risk,1077.0,Low Priority,5.04,Low
5348-CAGXB,0.0,Low Risk,1074.6,Low Priority,5.03,Low
9142-XMYJH,0.04,Low Risk,561.1500000000001,Low Priority,5.03,Low
9367-TCUYN,0.065,Low Risk,241.2,Low Priority,5.03,Low
8191-XWSZG,0.0,Low Risk,1073.8,Low Priority,5.02,Low
7639-SUPCW,0.0,Low Risk,1073.6,Low Priority,5.02,Low
4644-OBGFZ,0.0,Low Risk,1072.5,Low Priority,5.02,Low
9504-YAZWB,0.0,Low Risk,1073.25,Low Priority,5.02,Low
1513-XNPPH,0.0,Low Risk,1072.8000000000002,Low Priority,5.02,Low
8464-EETCQ,0.0,Low Risk,1071.6,Low Priority,5.01,Low
7901-HXJVA,0.0,Low Risk,1070.3,Low Priority,5.01,Low
1722-LDZJS,0.0,Low Risk,1070.6,Low Priority,5.01,Low
5429-LWCMV,0.0,Low Risk,1069.8000000000002,Low Priority,5.0,Low
1776-SPBWV,0.03,Low Risk,683.4000000000001,Low Priority,5.0,Low
8096-LOIST,0.0,Low Risk,1067.8,Low Priority,5.0,Low
5939-XAIXZ,0.0,Low Risk,1065.9,Low Priority,4.99,Low
2230-XTUWL,0.01,Low Risk,938.4,Low Priority,4.99,Low
1098-KFQEC,0.0,Low Risk,1067.0,Low Priority,4.99,Low
1564-NTYXF,0.0,Low Risk,1066.0,Low Priority,4.99,Low
4994-OBRSZ,0.0,Low Risk,1065.4,Low Priority,4.98,Low
4698-KVLLG,0.005,Low Risk,999.6,Low Priority,4.98,Low
0620-DLSLK,0.0,Low Risk,1064.7,Low Priority,4.98,Low
8098-TDCBU,0.0,Low Risk,1060.5,Low Priority,4.96,Low
7427-AUFPY,0.0,Low Risk,1061.1,Low Priority,4.96,Low
0731-EBJQB,0.0,Low Risk,1060.8,Low Priority,4.96,Low
3737-GCSPV,0.0,Low Risk,1058.2,Low Priority,4.95,Low
3285-UCQVC,0.0,Low Risk,1058.2,Low Priority,4.95,Low
9625-QSTYE,0.0,Low Risk,1054.95,Low Priority,4.94,Low
1536-YHDOE,0.0,Low Risk,1055.7,Low Priority,4.94,Low
8519-QJGJD,0.0,Low Risk,1054.9,Low Priority,4.94,Low
6743-HHQPF,0.0,Low Risk,1054.2,Low Priority,4.93,Low
9798-DRYDS,0.0,Low Risk,1053.15,Low Priority,4.93,Low
1657-DYMBM,0.0,Low Risk,1054.6999999999998,Low Priority,4.93,Low
4807-IZYOZ,0.0,Low Risk,1053.15,Low Priority,4.93,Low
0608-JDVEC,0.005,Low Risk,990.0,Low Priority,4.93,Low
6051-PTVNS,0.0,Low Risk,1053.25,Low Priority,4.93,Low
1986-PHGZF,0.0,Low Risk,1051.2,Low Priority,4.92,Low
5642-MHDQT,0.0,Low Risk,1052.0500000000002,Low Priority,4.92,Low
8107-KNCIM,0.0,Low Risk,1051.4,Low Priority,4.92,Low
1839-UMACK,0.0,Low Risk,1052.1,Low Priority,4.92,Low
0804-YGEQV,0.0,Low Risk,1051.35,Low Priority,4.92,Low
7009-PCARS,0.0,Low Risk,1050.5,Low Priority,4.91,Low
0607-DAAHE,0.0,Low Risk,1046.75,Low Priority,4.9,Low
0928-XUTSN,0.0,Low Risk,1046.5,Low Priority,4.9,Low
3812-LRZIR,0.03,Low Risk,661.5,Low Priority,4.89,Low
8292-TYSPY,0.0,Low Risk,1045.0,Low Priority,4.89,Low
0094-OIFMO,0.0,Low Risk,1045.0,Low Priority,4.89,Low
9257-AZMTZ,0.0,Low Risk,1045.2,Low Priority,4.89,Low
9578-VRMNM,0.0,Low Risk,1043.2,Low Priority,4.88,Low
3466-BYAVD,0.0,Low Risk,1042.5,Low Priority,4.88,Low
5923-GXUOC,0.0,Low Risk,1044.0,Low Priority,4.88,Low
2208-NKVVH,0.0,Low Risk,1042.75,Low Priority,4.88,Low
2675-IJRGJ,0.0,Low Risk,1041.4499999999998,Low Priority,4.87,Low
2272-QAGFO,0.0,Low Risk,1040.2,Low Priority,4.87,Low
8319-QBEHW,0.0,Low Risk,1038.7,Low Priority,4.86,Low
9588-YRFHY,0.005,Low Risk,975.1,Low Priority,4.86,Low
8219-VYBVI,0.005,Low Risk,975.0,Low Priority,4.86,Low
7858-GTZSP,0.0,Low Risk,1038.6,Low Priority,4.86,Low
9093-FPDLG,0.0,Low Risk,1036.2,Low Priority,4.85,Low
4495-LHSSK,0.0,Low Risk,1037.7,Low Priority,4.85,Low
5364-EVNIB,0.0,Low Risk,1037.4,Low Priority,4.85,Low
9788-YTFGE,0.07,Low Risk,139.65,Low Priority,4.85,Low
4827-USJHP,0.0,Low Risk,1036.0,Low Priority,4.85,Low
7872-BAAZR,0.0,Low Risk,1036.15,Low Priority,4.85,Low
6243-OZGFH,0.0,Low Risk,1033.85,Low Priority,4.84,Low
3551-GAEGL,0.0,Low Risk,1033.6,Low Priority,4.84,Low
9814-AOUDH,0.0,Low Risk,1033.5,Low Priority,4.84,Low
2982-VPSGI,0.0,Low Risk,1034.0,Low Priority,4.84,Low
0484-JPBRU,0.0,Low Risk,1035.25,Low Priority,4.84,Low
1744-JHKYS,0.015,Low Risk,839.8,Low Priority,4.83,Low
4541-RMRLG,0.07,Low Risk,134.75,Low Priority,4.83,Low
1430-SFQSA,0.0,Low Risk,1032.4,Low Priority,4.83,Low
9371-BITHB,0.0,Low Risk,1032.2,Low Priority,4.83,Low
1918-ZBFQJ,0.0,Low Risk,1030.25,Low Priority,4.82,Low
1215-EXRMO,0.0,Low Risk,1027.5,Low Priority,4.81,Low
6340-DACFT,0.0,Low Risk,1027.5,Low Priority,4.81,Low
6371-NZYEG,0.0,Low Risk,1028.0,Low Priority,4.81,Low
7718-RXDGG,0.0,Low Risk,1029.0,Low Priority,4.81,Low
6518-PPLMZ,0.0,Low Risk,1028.1999999999998,Low Priority,4.81,Low
3719-TDVQB,0.0,Low Risk,1023.3,Low Priority,4.79,Low
1241-FPMOF,0.0,Low Risk,1021.8,Low Priority,4.78,Low
1465-VINDH,0.0,Low Risk,1021.0,Low Priority,4.78,Low
9503-XJUME,0.0,Low Risk,1021.8,Low Priority,4.78,Low
7596-LDUXP,0.0,Low Risk,1021.8,Low Priority,4.78,Low
1087-UDSIH,0.075,Low Risk,58.8,Low Priority,4.78,Low
4536-PLEQY,0.0,Low Risk,1020.6,Low Priority,4.77,Low
1022-RKXDR,0.0,Low Risk,1018.85,Low Priority,4.77,Low
9170-ARBTB,0.0,Low Risk,1019.2,Low Priority,4.77,Low
1574-DYCWE,0.0,Low Risk,1017.45,Low Priority,4.76,Low
9495-REDIY,0.0,Low Risk,1016.25,Low Priority,4.75,Low
7517-LDMPS,0.0,Low Risk,1015.2,Low Priority,4.75,Low
4929-ROART,0.0,Low Risk,1012.5,Low Priority,4.74,Low
7297-DVYGA,0.0,Low Risk,1012.35,Low Priority,4.74,Low
7613-LLQFO,0.0,Low Risk,1013.4,Low Priority,4.74,Low
5520-FVEWJ,0.0,Low Risk,1014.0,Low Priority,4.74,Low
9754-CLVZW,0.0,Low Risk,1010.1,Low Priority,4.73,Low
3472-QPRCH,0.0,Low Risk,1010.0,Low Priority,4.73,Low
3688-FTHLT,0.0,Low Risk,1008.8,Low Priority,4.72,Low
8800-JOOCF,0.0,Low Risk,1008.6,Low Priority,4.72,Low
9451-WLYRI,0.0,Low Risk,1009.65,Low Priority,4.72,Low
3170-NMYVV,0.0,Low Risk,1007.5,Low Priority,4.71,Low
9602-WCXPI,0.0,Low Risk,1007.5,Low Priority,4.71,Low
2171-UDMFD,0.03,Low Risk,622.4,Low Priority,4.71,Low
8957-THMOA,0.0,Low Risk,1007.5,Low Priority,4.71,Low
2968-SSGAA,0.0,Low Risk,1006.0,Low Priority,4.71,Low
3620-EHIMZ,0.0,Low Risk,1006.2,Low Priority,4.71,Low
8802-UNOJF,0.0,Low Risk,1005.6,Low Priority,4.7,Low
5697-GOMBF,0.0,Low Risk,1005.2,Low Priority,4.7,Low
8763-KIAFH,0.035,Low Risk,554.85,Low Priority,4.7,Low
5299-RULOA,0.0,Low Risk,1002.5,Low Priority,4.69,Low
1306-RPWXZ,0.0,Low Risk,1002.05,Low Priority,4.69,Low
2888-ADFAO,0.0,Low Risk,1001.1,Low Priority,4.68,Low
6705-LNMDD,0.0,Low Risk,1000.0,Low Priority,4.68,Low
7746-AWNQW,0.0,Low Risk,1001.0,Low Priority,4.68,Low
9565-AXSMR,0.0,Low Risk,998.4,Low Priority,4.67,Low
8443-WVPSS,0.0,Low Risk,998.5,Low Priority,4.67,Low
6582-PLFUU,0.0,Low Risk,997.05,Low Priority,4.66,Low
2926-JEJJC,0.065,Low Risk,161.6,Low Priority,4.66,Low
3677-TNKIO,0.0,Low Risk,994.0,Low Priority,4.65,Low
7382-DFJTU,0.0,Low Risk,993.6,Low Priority,4.65,Low
6907-CQGPN,0.0,Low Risk,994.7,Low Priority,4.65,Low
5249-QYHEX,0.0,Low Risk,992.0,Low Priority,4.64,Low
9447-YPTBX,0.0,Low Risk,992.5,Low Priority,4.64,Low
0621-CXBKL,0.0,Low Risk,991.1,Low Priority,4.64,Low
1208-NBVFH,0.0,Low Risk,992.0,Low Priority,4.64,Low
1862-QRWPE,0.0,Low Risk,991.2,Low Priority,4.64,Low
7452-FOLON,0.0,Low Risk,992.55,Low Priority,4.64,Low
7321-PKUYW,0.0,Low Risk,991.65,Low Priority,4.64,Low
5296-BFCYD,0.005,Low Risk,924.6,Low Priority,4.63,Low
4080-IIARD,0.0,Low Risk,990.6,Low Priority,4.63,Low
8249-THVEC,0.0,Low Risk,989.4,Low Priority,4.63,Low
9172-ANCRX,0.0,Low Risk,987.0,Low Priority,4.62,Low
2589-AYCRP,0.0,Low Risk,987.5,Low Priority,4.62,Low
0318-ZOPWS,0.0,Low Risk,987.35,Low Priority,4.62,Low
8999-BOHSE,0.0,Low Risk,986.7,Low Priority,4.62,Low
5649-TJHOV,0.0,Low Risk,985.5,Low Priority,4.61,Low
1450-GALXR,0.0,Low Risk,985.0,Low Priority,4.61,Low
1455-UGQVH,0.0,Low Risk,985.0,Low Priority,4.61,Low
1696-MZVAU,0.0,Low Risk,984.75,Low Priority,4.61,Low
5138-WVKYJ,0.0,Low Risk,985.5,Low Priority,4.61,Low
8874-EJNSR,0.0,Low Risk,982.8,Low Priority,4.6,Low
4526-EXKKN,0.0,Low Risk,984.0,Low Priority,4.6,Low
2812-REYAT,0.0,Low Risk,982.45,Low Priority,4.6,Low
7296-PIXQY,0.0,Low Risk,982.8,Low Priority,4.6,Low
4957-TIALW,0.0,Low Risk,984.0,Low Priority,4.6,Low
1173-XZPYF,0.0,Low Risk,981.2,Low Priority,4.59,Low
0557-ASKVU,0.0,Low Risk,979.2,Low Priority,4.58,Low
6509-TSGWN,0.0,Low Risk,978.65,Low Priority,4.58,Low
3016-KSVCP,0.0,Low Risk,978.75,Low Priority,4.58,Low
2157-MXBJS,0.0,Low Risk,978.9,Low Priority,4.58,Low
1508-DFXCU,0.0,Low Risk,977.4,Low Priority,4.57,Low
5899-MQZZL,0.0,Low Risk,975.0,Low Priority,4.56,Low
7798-JVXYM,0.0,Low Risk,975.1,Low Priority,4.56,Low
4163-HFTUK,0.0,Low Risk,974.1,Low Priority,4.56,Low
7105-BENQF,0.0,Low Risk,972.75,Low Priority,4.55,Low
1871-MOWRM,0.0,Low Risk,970.2,Low Priority,4.54,Low
2817-LVCPP,0.0,Low Risk,970.0,Low Priority,4.54,Low
7459-RRWQZ,0.0,Low Risk,969.75,Low Priority,4.54,Low
9798-OPFEM,0.0,Low Risk,970.6,Low Priority,4.54,Low
6599-GZWCM,0.0,Low Risk,970.45,Low Priority,4.54,Low
7033-CLAMM,0.0,Low Risk,969.6,Low Priority,4.54,Low
4893-GYUJU,0.0,Low Risk,967.5,Low Priority,4.53,Low
3059-NGMXB,0.0,Low Risk,968.8,Low Priority,4.53,Low
5176-LMJXE,0.0,Low Risk,965.85,Low Priority,4.52,Low
4211-MMAZN,0.0738,Low Risk,20.25,Low Priority,4.52,Low
9620-QJREV,0.0,Low Risk,965.85,Low Priority,4.52,Low
4441-NIHPT,0.0,Low Risk,965.9,Low Priority,4.52,Low
4361-FEBGN,0.0,Low Risk,967.2,Low Priority,4.52,Low
9391-EOYLI,0.0,Low Risk,965.4,Low Priority,4.52,Low
9750-BOOHV,0.0,Low Risk,964.8,Low Priority,4.51,Low
8148-NLEGT,0.0,Low Risk,963.9,Low Priority,4.51,Low
6961-MJKBO,0.0,Low Risk,961.15,Low Priority,4.5,Low
8205-OTCHB,0.0,Low Risk,962.5,Low Priority,4.5,Low
0442-TDYUO,0.0,Low Risk,962.4,Low Priority,4.5,Low
9251-AWQGT,0.0,Low Risk,960.0,Low Priority,4.49,Low
4860-IJUDE,0.0,Low Risk,958.75,Low Priority,4.49,Low
5924-SNGKP,0.01,Low Risk,830.25,Low Priority,4.48,Low
7560-QRBXH,0.0,Low Risk,957.6,Low Priority,4.48,Low
8859-YSTWS,0.0,Low Risk,957.6,Low Priority,4.48,Low
8104-OSKWT,0.0,Low Risk,957.6,Low Priority,4.48,Low
3470-BTGQO,0.0,Low Risk,958.65,Low Priority,4.48,Low
2821-WARNZ,0.0,Low Risk,953.05,Low Priority,4.46,Low
7089-XXAYG,0.0,Low Risk,952.5,Low Priority,4.46,Low
9916-AYHTC,0.0,Low Risk,952.8,Low Priority,4.46,Low
0550-DCXLH,0.0,Low Risk,953.55,Low Priority,4.46,Low
1960-UYCNN,0.0,Low Risk,952.5,Low Priority,4.46,Low
2660-EMUBI,0.0,Low Risk,953.5,Low Priority,4.46,Low
6164-HXUGH,0.065,Low Risk,119.1,Low Priority,4.46,Low
8109-YUOHE,0.0,Low Risk,953.7,Low Priority,4.46,Low
3097-IDVPU,0.0,Low Risk,951.9,Low Priority,4.45,Low
5183-SNMJQ,0.0,Low Risk,951.0,Low Priority,4.45,Low
9081-WWXKP,0.0,Low Risk,951.75,Low Priority,4.45,Low
4415-WNGVR,0.0,Low Risk,950.4,Low Priority,4.45,Low
9650-VBUOG,0.0,Low Risk,951.9,Low Priority,4.45,Low
2754-VDLTR,0.0,Low Risk,952.0,Low Priority,4.45,Low
8679-JOEVF,0.0,Low Risk,950.4,Low Priority,4.45,Low
0932-YIXYU,0.0,Low Risk,951.75,Low Priority,4.45,Low
0178-CIIKR,0.0695,Low Risk,59.85,Low Priority,4.45,Low
2858-MOFSQ,0.0,Low Risk,949.45,Low Priority,4.44,Low
3045-XETSH,0.0,Low Risk,948.5,Low Priority,4.44,Low
3797-FKOGQ,0.0,Low Risk,948.2,Low Priority,4.44,Low
8717-VCTXJ,0.01,Low Risk,821.1,Low Priority,4.44,Low
5924-IFQTT,0.0,Low Risk,946.4,Low Priority,4.43,Low
5529-GIBVH,0.0,Low Risk,947.05,Low Priority,4.43,Low
8637-XJIVR,0.0,Low Risk,947.4,Low Priority,4.43,Low
7285-KLOTR,0.0,Low Risk,946.2,Low Priority,4.43,Low
4282-ACRXS,0.0,Low Risk,944.3,Low Priority,4.42,Low
1897-RCFUM,0.0,Low Risk,943.8,Low Priority,4.42,Low
4012-ZTHBR,0.0,Low Risk,943.95,Low Priority,4.42,Low
5206-HPJKM,0.0,Low Risk,943.5,Low Priority,4.41,Low
7634-HLQJR,0.0,Low Risk,942.35,Low Priority,4.41,Low
4456-RHSNB,0.0,Low Risk,942.4,Low Priority,4.41,Low
8902-ZEOVF,0.0,Low Risk,942.35,Low Priority,4.41,Low
5084-OOVCJ,0.0,Low Risk,940.95,Low Priority,4.4,Low
6178-KFNHS,0.0,Low Risk,939.6,Low Priority,4.4,Low
6619-RPLQZ,0.0,Low Risk,938.25,Low Priority,4.39,Low
3096-IZETN,0.0,Low Risk,937.2,Low Priority,4.38,Low
4931-TRZWN,0.0,Low Risk,935.35,Low Priority,4.38,Low
3079-BCHLN,0.0,Low Risk,935.3,Low Priority,4.38,Low
4735-BJKOU,0.01,Low Risk,806.0,Low Priority,4.37,Low
8328-SKJNO,0.0,Low Risk,934.95,Low Priority,4.37,Low
3190-ITQXP,0.0,Low Risk,931.5,Low Priority,4.36,Low
0315-LVCRK,0.0,Low Risk,932.8,Low Priority,4.36,Low
9732-OUYRN,0.0,Low Risk,931.0,Low Priority,4.36,Low
0506-YLVKJ,0.0,Low Risk,929.2,Low Priority,4.35,Low
4501-VCPFK,0.0,Low Risk,929.5,Low Priority,4.35,Low
6937-GCDGQ,0.0,Low Risk,930.05,Low Priority,4.35,Low
7356-AYNJP,0.065,Low Risk,95.6,Low Priority,4.35,Low
7266-GSSJX,0.055,Low Risk,224.95,Low Priority,4.35,Low
9805-FILKB,0.0,Low Risk,929.2,Low Priority,4.35,Low
2958-NHPPS,0.035,Low Risk,479.55,Low Priority,4.34,Low
1709-EJDOX,0.0,Low Risk,928.25,Low Priority,4.34,Low
6576-FBXOJ,0.0,Low Risk,928.2,Low Priority,4.34,Low
2018-PZKMU,0.0,Low Risk,927.9,Low Priority,4.34,Low
8859-AXJZP,0.0,Low Risk,928.2,Low Priority,4.34,Low
5747-PMBSQ,0.0,Low Risk,925.0,Low Priority,4.33,Low
9646-NMHXE,0.0,Low Risk,923.55,Low Priority,4.32,Low
9547-ITEFG,0.0,Low Risk,923.4,Low Priority,4.32,Low
5093-FEGLU,0.0,Low Risk,923.55,Low Priority,4.32,Low
4955-VCWBI,0.005,Low Risk,860.0,Low Priority,4.32,Low
6425-JWTDV,0.0,Low Risk,924.0,Low Priority,4.32,Low
2068-WWXQZ,0.0,Low Risk,922.3,Low Priority,4.31,Low
8461-EFQYM,0.0,Low Risk,921.5,Low Priority,4.31,Low
1689-YQBYY,0.0,Low Risk,919.2,Low Priority,4.3,Low
7683-CBDKJ,0.0,Low Risk,916.3,Low Priority,4.29,Low
5970-GHJAW,0.0,Low Risk,917.7,Low Priority,4.29,Low
2796-NNUFI,0.0,Low Risk,917.7,Low Priority,4.29,Low
5310-NOOVA,0.0,Low Risk,917.7,Low Priority,4.29,Low
6078-VESFR,0.0,Low Risk,915.85,Low Priority,4.28,Low
1729-VLAZJ,0.04,Low Risk,402.5,Low Priority,4.28,Low
9313-QOLTZ,0.0289999999999999,Low Risk,543.4,Low Priority,4.28,Low
8706-HRADD,0.0,Low Risk,914.55,Low Priority,4.28,Low
5242-UOWHD,0.0,Low Risk,915.75,Low Priority,4.28,Low
9506-UXUSK,0.0,Low Risk,911.95,Low Priority,4.27,Low
5701-YVSVF,0.0,Low Risk,911.9,Low Priority,4.27,Low
8118-TJAFG,0.0,Low Risk,913.5,Low Priority,4.27,Low
2398-YPMUR,0.0,Low Risk,911.95,Low Priority,4.27,Low
7562-UXTPG,0.0,Low Risk,911.95,Low Priority,4.27,Low
4123-FCVCB,0.0,Low Risk,910.2,Low Priority,4.26,Low
6818-DJXAA,0.0,Low Risk,911.0,Low Priority,4.26,Low
9975-GPKZU,0.0,Low Risk,908.5,Low Priority,4.25,Low
9067-SQTNS,0.0,Low Risk,906.4,Low Priority,4.24,Low
4742-TXUEX,0.0,Low Risk,907.1,Low Priority,4.24,Low
8257-RZAHR,0.0,Low Risk,905.8,Low Priority,4.24,Low
5366-OBVMR,0.0,Low Risk,905.4,Low Priority,4.24,Low
3689-MOZGR,0.0,Low Risk,904.8,Low Priority,4.23,Low
8966-KZXXA,0.0,Low Risk,903.6,Low Priority,4.23,Low
0781-LKXBR,0.0,Low Risk,904.5,Low Priority,4.23,Low
7107-UBYKY,0.0,Low Risk,901.25,Low Priority,4.22,Low
0129-QMPDR,0.0,Low Risk,902.0,Low Priority,4.22,Low
5843-TTHGI,0.0,Low Risk,900.0,Low Priority,4.21,Low
2208-MPXIO,0.0,Low Risk,900.0,Low Priority,4.21,Low
9169-BSVIN,0.0,Low Risk,897.0,Low Priority,4.2,Low
8909-BOLNL,0.065,Low Risk,63.6,Low Priority,4.2,Low
4625-LAMOB,0.0,Low Risk,897.5999999999999,Low Priority,4.2,Low
8337-UPOAQ,0.0,Low Risk,898.0,Low Priority,4.2,Low
5651-WYIPH,0.0,Low Risk,897.3000000000001,Low Priority,4.2,Low
4112-LUEIZ,0.0,Low Risk,895.0,Low Priority,4.19,Low
1794-SWWKL,0.0,Low Risk,894.75,Low Priority,4.19,Low
6210-KBBPI,0.0,Low Risk,895.0500000000001,Low Priority,4.19,Low
4163-KIUHY,0.0,Low Risk,896.0,Low Priority,4.19,Low
7746-QYVCO,0.0,Low Risk,893.6,Low Priority,4.18,Low
6184-DYUOB,0.065,Low Risk,58.8,Low Priority,4.18,Low
6762-NSODU,0.0,Low Risk,892.4,Low Priority,4.17,Low
4896-CPRPF,0.0,Low Risk,890.75,Low Priority,4.17,Low
8450-LUGUK,0.0,Low Risk,891.7,Low Priority,4.17,Low
0386-CWRGM,0.0,Low Risk,892.4,Low Priority,4.17,Low
5025-GOOKI,0.04,Low Risk,378.0,Low Priority,4.17,Low
9474-PHLYD,0.0,Low Risk,891.75,Low Priority,4.17,Low
5622-UEJFI,0.0,Low Risk,889.0,Low Priority,4.16,Low
0991-BRRFB,0.0,Low Risk,889.1999999999999,Low Priority,4.16,Low
7077-XJMET,0.0,Low Risk,889.8000000000001,Low Priority,4.16,Low
2657-VPXTA,0.0,Low Risk,888.5,Low Priority,4.16,Low
1432-FPAXX,0.0,Low Risk,887.4000000000001,Low Priority,4.15,Low
3521-HTQTV,0.0,Low Risk,887.4000000000001,Low Priority,4.15,Low
3808-HFKDE,0.0,Low Risk,887.0,Low Priority,4.15,Low
9734-YWGEX,0.0,Low Risk,884.6999999999999,Low Priority,4.14,Low
0851-DFJKB,0.0,Low Risk,884.25,Low Priority,4.14,Low
9860-LISIZ,0.015,Low Risk,691.9000000000001,Low Priority,4.14,Low
0206-OYVOC,0.0,Low Risk,885.5,Low Priority,4.14,Low
6330-JKLPC,0.0,Low Risk,885.5,Low Priority,4.14,Low
3764-MNMOI,0.0,Low Risk,883.1999999999999,Low Priority,4.13,Low
6725-TPKJO,0.0,Low Risk,882.2,Low Priority,4.13,Low
1269-FOYWN,0.0,Low Risk,880.0,Low Priority,4.12,Low
5180-UCIIQ,0.0,Low Risk,881.0999999999999,Low Priority,4.12,Low
8474-UMLNT,0.0,Low Risk,881.4,Low Priority,4.12,Low
8224-DWCKX,0.0,Low Risk,879.5999999999999,Low Priority,4.12,Low
0623-IIHUG,0.0,Low Risk,879.9,Low Priority,4.12,Low
8208-EUMTE,0.0,Low Risk,877.6,Low Priority,4.11,Low
4925-LMHOK,0.0,Low Risk,879.0,Low Priority,4.11,Low
0191-EQUUH,0.0,Low Risk,876.2499999999999,Low Priority,4.1,Low
8896-RAZCR,0.0,Low Risk,875.5999999999999,Low Priority,4.1,Low
1585-MQSSU,0.0,Low Risk,875.5,Low Priority,4.1,Low
6416-YJTTB,0.0,Low Risk,874.5,Low Priority,4.09,Low
5442-XSDCW,0.0,Low Risk,874.5,Low Priority,4.09,Low
2839-RFSQE,0.065,Low Risk,41.3,Low Priority,4.09,Low
5542-NKVRU,0.0,Low Risk,871.5,Low Priority,4.08,Low
4878-BUNFV,0.0,Low Risk,869.4,Low Priority,4.07,Low
5271-DBYSJ,0.0,Low Risk,870.6500000000001,Low Priority,4.07,Low
3088-LHEFH,0.0,Low Risk,869.0,Low Priority,4.07,Low
4707-YNOQA,0.0,Low Risk,870.4000000000001,Low Priority,4.07,Low
3346-BRMIS,0.0,Low Risk,870.3000000000001,Low Priority,4.07,Low
6223-DHJGV,0.0,Low Risk,867.3,Low Priority,4.06,Low
3623-FQBOX,0.035,Low Risk,418.95,Low Priority,4.06,Low
3351-NGXYI,0.0,Low Risk,865.6,Low Priority,4.05,Low
7779-LGOVN,0.0,Low Risk,866.5,Low Priority,4.05,Low
5288-AHOUP,0.0,Low Risk,863.5,Low Priority,4.04,Low
6507-DTJZV,0.0,Low Risk,863.2,Low Priority,4.04,Low
4475-NVTLU,0.0,Low Risk,864.0,Low Priority,4.04,Low
2150-OEGBV,0.025,Low Risk,542.7,Low Priority,4.04,Low
8861-HGGKB,0.0,Low Risk,864.5,Low Priority,4.04,Low
7426-RHZGU,0.0,Low Risk,863.1,Low Priority,4.04,Low
1051-EQPZR,0.0,Low Risk,862.4000000000001,Low Priority,4.03,Low
2436-QBZFP,0.0,Low Risk,862.4000000000001,Low Priority,4.03,Low
1120-BMWUB,0.0,Low Risk,862.4,Low Priority,4.03,Low
1342-JPNKI,0.0,Low Risk,860.5,Low Priority,4.03,Low
9715-SBVSU,0.0,Low Risk,859.6,Low Priority,4.02,Low
4335-UPJSI,0.03,Low Risk,474.0,Low Priority,4.02,Low
7242-EDTYC,0.0,Low Risk,860.2,Low Priority,4.02,Low
0564-JJHGS,0.0,Low Risk,859.5,Low Priority,4.02,Low
7072-MBHEV,0.0,Low Risk,859.0999999999999,Low Priority,4.02,Low
5850-BDWCY,0.0575,Low Risk,121.2,Low Priority,4.02,Low
8734-DKSTZ,0.0,Low Risk,859.5,Low Priority,4.02,Low
5519-TEEUH,0.015,Low Risk,664.9499999999999,Low Priority,4.01,Low
8981-FJGLA,0.0,Low Risk,858.0,Low Priority,4.01,Low
2122-SZZZD,0.0,Low Risk,858.0,Low Priority,4.01,Low
6122-EFVKN,0.0,Low Risk,858.0,Low Priority,4.01,Low
3247-ZVOUO,0.0,Low Risk,855.5,Low Priority,4.0,Low
0708-LGSMF,0.0,Low Risk,856.05,Low Priority,4.0,Low
4316-XCSLJ,0.0,Low Risk,855.0999999999999,Low Priority,4.0,Low
1552-TKMXS,0.0,Low Risk,854.7,Low Priority,4.0,Low
7943-RQCHR,0.0,Low Risk,852.75,Low Priority,3.99,Low
7883-ROJOC,0.0,Low Risk,853.1,Low Priority,3.99,Low
0195-IESCP,0.0,Low Risk,852.5,Low Priority,3.99,Low
4081-DYXAV,0.0,Low Risk,852.15,Low Priority,3.99,Low
2344-JMOGN,0.0,Low Risk,853.65,Low Priority,3.99,Low
6345-HOVES,0.0,Low Risk,851.7,Low Priority,3.98,Low
4825-FUREZ,0.0,Low Risk,850.5,Low Priority,3.98,Low
2511-ALLCS,0.0,Low Risk,850.5,Low Priority,3.98,Low
2894-QOJRX,0.0,Low Risk,850.0,Low Priority,3.98,Low
2428-HYUNX,0.0,Low Risk,851.4000000000001,Low Priority,3.98,Low
4518-FZBSX,0.0,Low Risk,850.5,Low Priority,3.98,Low
3572-UUHRS,0.0,Low Risk,848.2500000000001,Low Priority,3.97,Low
3957-SQXML,0.0,Low Risk,848.3,Low Priority,3.97,Low
8402-OOOHJ,0.0,Low Risk,846.65,Low Priority,3.96,Low
0936-NQLJU,0.0,Low Risk,846.65,Low Priority,3.96,Low
8087-LGYHQ,0.0,Low Risk,846.4499999999999,Low Priority,3.96,Low
0875-CABNR,0.0,Low Risk,846.0,Low Priority,3.96,Low
1624-WOIWJ,0.0,Low Risk,847.0,Low Priority,3.96,Low
3389-YGYAI,0.0,Low Risk,844.0,Low Priority,3.95,Low
2346-DJQTB,0.0,Low Risk,845.25,Low Priority,3.95,Low
3978-YNKDD,0.035,Low Risk,396.15,Low Priority,3.95,Low
1985-MBRYP,0.0,Low Risk,844.9499999999999,Low Priority,3.95,Low
7622-NXQZR,0.0,Low Risk,842.8000000000001,Low Priority,3.94,Low
6253-WRFHY,0.0,Low Risk,841.75,Low Priority,3.94,Low
5495-GPSRW,0.035,Low Risk,394.0,Low Priority,3.94,Low
6728-CZFEI,0.0,Low Risk,842.25,Low Priority,3.94,Low
7625-XCQRH,0.0,Low Risk,841.5,Low Priority,3.94,Low
3969-GYXEL,0.0,Low Risk,840.4000000000001,Low Priority,3.93,Low
8215-NGSPE,0.0,Low Risk,840.0,Low Priority,3.93,Low
1047-RNXZV,0.0,Low Risk,840.65,Low Priority,3.93,Low
5546-BYZSM,0.0,Low Risk,838.4499999999999,Low Priority,3.92,Low
0603-OLQDC,0.0,Low Risk,838.1999999999999,Low Priority,3.92,Low
5141-ZUVBH,0.0,Low Risk,837.0,Low Priority,3.92,Low
5035-BVCXS,0.0,Low Risk,834.9000000000001,Low Priority,3.91,Low
8590-OHDIW,0.005,Low Risk,771.4,Low Priority,3.91,Low
1337-BOZWO,0.0,Low Risk,835.1999999999999,Low Priority,3.91,Low
8799-OXZMD,0.0,Low Risk,833.0,Low Priority,3.9,Low
6502-KUGLL,0.0,Low Risk,832.3000000000001,Low Priority,3.89,Low
1686-STUHN,0.0,Low Risk,831.6,Low Priority,3.89,Low
9057-MSWCO,0.0,Low Risk,830.25,Low Priority,3.88,Low
2460-NGXBJ,0.0,Low Risk,827.2,Low Priority,3.87,Low
7089-IVVAZ,0.0,Low Risk,826.8,Low Priority,3.87,Low
6586-PSJOX,0.0,Low Risk,828.0,Low Priority,3.87,Low
5879-SESNB,0.0,Low Risk,827.75,Low Priority,3.87,Low
6000-UKLWI,0.0,Low Risk,826.15,Low Priority,3.87,Low
7228-PAQPD,0.0,Low Risk,827.4,Low Priority,3.87,Low
9940-HPQPG,0.0,Low Risk,825.75,Low Priority,3.86,Low
3653-NCRDJ,0.0,Low Risk,825.6,Low Priority,3.86,Low
1024-VRZHF,0.0,Low Risk,824.45,Low Priority,3.86,Low
4503-BDXBD,0.0,Low Risk,824.45,Low Priority,3.86,Low
1324-NLTJE,0.0,Low Risk,825.0,Low Priority,3.86,Low
5380-XPJNZ,0.005,Low Risk,761.9,Low Priority,3.86,Low
8070-AAWZP,0.0,Low Risk,822.0,Low Priority,3.85,Low
0559-CKHUS,0.02,Low Risk,566.95,Low Priority,3.85,Low
7205-BAIAD,0.0,Low Risk,824.0,Low Priority,3.85,Low
1428-GTBJJ,0.0,Low Risk,820.05,Low Priority,3.84,Low
3097-FQTVJ,0.0,Low Risk,820.0,Low Priority,3.84,Low
3255-GRXMG,0.0,Low Risk,821.6999999999999,Low Priority,3.84,Low
6551-ZCOTS,0.0,Low Risk,821.6999999999999,Low Priority,3.84,Low
9585-KKMFD,0.0,Low Risk,820.0,Low Priority,3.84,Low
6772-WFQRD,0.0,Low Risk,816.0,Low Priority,3.82,Low
1970-KKFWL,0.0,Low Risk,815.5,Low Priority,3.82,Low
9846-GKXAS,0.0,Low Risk,817.1999999999999,Low Priority,3.82,Low
7010-ZMVBF,0.035,Low Risk,368.1,Low Priority,3.82,Low
1222-KJNZD,0.0,Low Risk,816.0,Low Priority,3.82,Low
5231-FIQPA,0.0,Low Risk,813.85,Low Priority,3.81,Low
8922-NPKBJ,0.0,Low Risk,812.7,Low Priority,3.8,Low
2252-ISRNH,0.0,Low Risk,813.15,Low Priority,3.8,Low
2696-NARTR,0.0,Low Risk,812.3499999999999,Low Priority,3.8,Low
8510-BBWMU,0.0,Low Risk,809.75,Low Priority,3.79,Low
7234-FECYN,0.0,Low Risk,810.8,Low Priority,3.79,Low
4817-QRJSX,0.0,Low Risk,810.0,Low Priority,3.79,Low
6048-NJXHX,0.0,Low Risk,809.75,Low Priority,3.79,Low
0302-JOIVN,0.0,Low Risk,809.2,Low Priority,3.79,Low
5006-MXVRN,0.0,Low Risk,807.3,Low Priority,3.78,Low
0940-OUQEC,0.0,Low Risk,807.0,Low Priority,3.78,Low
9938-PRCVK,0.0,Low Risk,807.6999999999999,Low Priority,3.78,Low
5108-ADXWO,0.0,Low Risk,808.5,Low Priority,3.78,Low
7951-QKZPL,0.0,Low Risk,808.5,Low Priority,3.78,Low
4822-RVYBB,0.0,Low Risk,804.8,Low Priority,3.77,Low
6326-MTTXK,0.0,Low Risk,806.8,Low Priority,3.77,Low
9068-FHQHD,0.0,Low Risk,806.0,Low Priority,3.77,Low
7394-FKDNK,0.0,Low Risk,805.0500000000001,Low Priority,3.77,Low
4418-LZMSV,0.0,Low Risk,803.4,Low Priority,3.76,Low
2810-FTLEM,0.0,Low Risk,802.4,Low Priority,3.75,Low
4547-KQRTM,0.0,Low Risk,800.5,Low Priority,3.75,Low
9889-TMAHG,0.0,Low Risk,802.4,Low Priority,3.75,Low
8780-RSYYU,0.025,Low Risk,480.0,Low Priority,3.75,Low
4572-DVCGN,0.0,Low Risk,802.5,Low Priority,3.75,Low
1391-UBDAR,0.0,Low Risk,801.9000000000001,Low Priority,3.75,Low
6581-NQCBA,0.0,Low Risk,799.2,Low Priority,3.74,Low
1184-PJVDB,0.0,Low Risk,799.5,Low Priority,3.74,Low
3594-IVHJZ,0.0592,Low Risk,40.9,Low Priority,3.74,Low
9773-PEQBZ,0.0,Low Risk,798.5,Low Priority,3.74,Low
7216-KAOID,0.0,Low Risk,799.5,Low Priority,3.74,Low
7410-OIEDU,0.0,Low Risk,798.5,Low Priority,3.74,Low
9305-CDSKC,0.0,Low Risk,797.2,Low Priority,3.73,Low
6954-OOYZZ,0.0,Low Risk,798.3000000000001,Low Priority,3.73,Low
4884-LEVMQ,0.0,Low Risk,797.55,Low Priority,3.73,Low
8277-RVRSV,0.0,Low Risk,796.9499999999999,Low Priority,3.73,Low
5322-ZSMZY,0.0,Low Risk,798.25,Low Priority,3.73,Low
4633-MKHYU,0.0,Low Risk,795.6,Low Priority,3.72,Low
3298-QEICA,0.0,Low Risk,795.8000000000001,Low Priority,3.72,Low
8225-BTJAU,0.0,Low Risk,792.5,Low Priority,3.71,Low
4123-DVHPH,0.0,Low Risk,792.4499999999999,Low Priority,3.71,Low
5465-BUBFA,0.0,Low Risk,791.3000000000001,Low Priority,3.7,Low
3890-RTCMS,0.0,Low Risk,791.2,Low Priority,3.7,Low
8749-CLJXC,0.06,Low Risk,20.05,Low Priority,3.69,Low
9710-NJERN,0.0,Low Risk,785.8499999999999,Low Priority,3.68,Low
0362-RAOQO,0.0,Low Risk,786.0,Low Priority,3.68,Low
1106-HRLKZ,0.0,Low Risk,784.0,Low Priority,3.67,Low
6169-PPETC,0.005,Low Risk,717.5,Low Priority,3.66,Low
3800-LYTRK,0.0,Low Risk,779.8000000000001,Low Priority,3.65,Low
9184-GALIL,0.0,Low Risk,777.1,Low Priority,3.64,Low
3873-NFTGI,0.0,Low Risk,777.0,Low Priority,3.64,Low
2931-FSOHN,0.0,Low Risk,778.6999999999999,Low Priority,3.64,Low
1755-FZQEC,0.0,Low Risk,776.0999999999999,Low Priority,3.63,Low
1087-GRUYI,0.0,Low Risk,775.1999999999999,Low Priority,3.63,Low
3914-FDRHP,0.0,Low Risk,776.25,Low Priority,3.63,Low
6447-GORXK,0.0,Low Risk,775.0,Low Priority,3.63,Low
5527-ACHSO,0.0,Low Risk,775.5,Low Priority,3.63,Low
4310-KEDTB,0.0,Low Risk,774.8000000000001,Low Priority,3.62,Low
2428-ZMCTB,0.045,Low Risk,197.5,Low Priority,3.62,Low
1839-FBNFR,0.0,Low Risk,774.1500000000001,Low Priority,3.62,Low
3426-NIYYL,0.0,Low Risk,773.25,Low Priority,3.62,Low
0582-AVCLN,0.0,Low Risk,771.4,Low Priority,3.61,Low
7206-PQBBZ,0.0,Low Risk,772.2,Low Priority,3.61,Low
4709-LKHYG,0.015,Low Risk,580.0,Low Priority,3.61,Low
5804-JMYIO,0.0,Low Risk,770.25,Low Priority,3.6,Low
8645-KWHJO,0.0,Low Risk,770.0,Low Priority,3.6,Low
6188-UXBBR,0.0,Low Risk,769.5,Low Priority,3.6,Low
2215-ZAFGX,0.0,Low Risk,769.5,Low Priority,3.6,Low
5569-KGJHX,0.0,Low Risk,768.15,Low Priority,3.59,Low
2691-NZETQ,0.0,Low Risk,768.15,Low Priority,3.59,Low
2384-OVPSA,0.0,Low Risk,767.6,Low Priority,3.59,Low
8577-QSOCG,0.0,Low Risk,767.6,Low Priority,3.59,Low
2959-FENLU,0.0,Low Risk,767.6999999999999,Low Priority,3.59,Low
1101-SSWAG,0.0,Low Risk,766.5,Low Priority,3.59,Low
2642-DTVCO,0.0,Low Risk,765.4499999999999,Low Priority,3.58,Low
5863-OOKCL,0.045,Low Risk,188.5,Low Priority,3.58,Low
4933-BSAIP,0.0,Low Risk,764.0,Low Priority,3.57,Low
1399-UBQIU,0.0,Low Risk,762.8499999999999,Low Priority,3.57,Low
0902-RFHOF,0.0,Low Risk,763.8000000000001,Low Priority,3.57,Low
8058-JMEQO,0.0,Low Risk,760.0500000000001,Low Priority,3.56,Low
2300-RQGOI,0.0,Low Risk,761.9,Low Priority,3.56,Low
6754-WKSHP,0.0,Low Risk,760.5,Low Priority,3.56,Low
6537-OTKMY,0.0,Low Risk,761.25,Low Priority,3.56,Low
6994-ORCWG,0.0,Low Risk,759.5,Low Priority,3.55,Low
5168-MSWXT,0.0,Low Risk,758.0,Low Priority,3.55,Low
5160-UXJED,0.0,Low Risk,758.2,Low Priority,3.55,Low
9418-RUKPH,0.0,Low Risk,758.1,Low Priority,3.55,Low
5652-MSDEY,0.0,Low Risk,757.5,Low Priority,3.54,Low
2782-JEEBU,0.0,Low Risk,756.0,Low Priority,3.54,Low
6199-IPCAO,0.0,Low Risk,756.9000000000001,Low Priority,3.54,Low
0325-XBFAC,0.0,Low Risk,757.6,Low Priority,3.54,Low
2929-ERCFZ,0.0,Low Risk,753.6,Low Priority,3.53,Low
9965-YOKZB,0.0,Low Risk,754.65,Low Priority,3.53,Low
3665-JATSN,0.0,Low Risk,754.3000000000001,Low Priority,3.53,Low
5986-WWXDV,0.0,Low Risk,754.6500000000001,Low Priority,3.53,Low
3217-FZDMN,0.0,Low Risk,755.6,Low Priority,3.53,Low
1567-DSCIC,0.0,Low Risk,752.0,Low Priority,3.52,Low
9518-XXBXE,0.0,Low Risk,753.0,Low Priority,3.52,Low
6609-MXJHJ,0.0,Low Risk,753.0,Low Priority,3.52,Low
5204-QZXPU,0.0,Low Risk,753.35,Low Priority,3.52,Low
2085-JVGAD,0.0,Low Risk,752.95,Low Priority,3.52,Low
2805-AUFQN,0.02,Low Risk,495.0,Low Priority,3.52,Low
5177-RVZNU,0.0,Low Risk,751.1,Low Priority,3.51,Low
9494-MRNYX,0.0,Low Risk,750.5,Low Priority,3.51,Low
7945-PRBVF,0.0,Low Risk,750.75,Low Priority,3.51,Low
4980-URKXC,0.0,Low Risk,750.6,Low Priority,3.51,Low
8931-GJJIQ,0.0,Low Risk,749.6999999999999,Low Priority,3.51,Low
8065-YKXKD,0.0,Low Risk,747.5,Low Priority,3.5,Low
8327-WKMIE,0.0,Low Risk,745.55,Low Priority,3.49,Low
4487-ZYJZK,0.0,Low Risk,744.8000000000001,Low Priority,3.48,Low
6347-DCUIK,0.0,Low Risk,741.5,Low Priority,3.47,Low
2907-ILJBN,0.04,Low Risk,226.6,Low Priority,3.46,Low
8614-VGMMV,0.0,Low Risk,736.5,Low Priority,3.45,Low
9236-NDUCW,0.0,Low Risk,737.1,Low Priority,3.45,Low
4145-UQXUQ,0.0,Low Risk,736.8,Low Priority,3.45,Low
1293-HHSHJ,0.0,Low Risk,738.5,Low Priority,3.45,Low
8917-FAEMR,0.0,Low Risk,734.45,Low Priority,3.44,Low
3898-BSJYF,0.0,Low Risk,735.5,Low Priority,3.44,Low
7446-SFAOA,0.0,Low Risk,734.45,Low Priority,3.44,Low
9624-EGDEQ,0.0,Low Risk,732.6,Low Priority,3.43,Low
5995-WWKKG,0.0,Low Risk,732.6,Low Priority,3.43,Low
7190-XHTWJ,0.0,Low Risk,733.4,Low Priority,3.43,Low
9396-ZSFLL,0.0,Low Risk,732.75,Low Priority,3.43,Low
3982-JGSFD,0.0,Low Risk,732.6,Low Priority,3.43,Low
0969-RGKCU,0.0,Low Risk,732.6,Low Priority,3.43,Low
7696-CFTAT,0.0,Low Risk,732.6,Low Priority,3.43,Low
4299-SIMNS,0.0,Low Risk,730.35,Low Priority,3.42,Low
8992-VONJD,0.0,Low Risk,728.0,Low Priority,3.41,Low
2642-MAWLJ,0.0,Low Risk,729.0,Low Priority,3.41,Low
1373-ORVIZ,0.0,Low Risk,729.8499999999999,Low Priority,3.41,Low
7016-BPGEU,0.0,Low Risk,727.9000000000001,Low Priority,3.41,Low
1984-GPTEH,0.0,Low Risk,729.3499999999999,Low Priority,3.41,Low
1907-UBQFC,0.0,Low Risk,728.5,Low Priority,3.41,Low
9046-DQMTP,0.0,Low Risk,726.25,Low Priority,3.4,Low
1704-NRWYE,0.0,Low Risk,727.65,Low Priority,3.4,Low
9509-MPYOD,0.0,Low Risk,726.25,Low Priority,3.4,Low
4750-UKWJK,0.0,Low Risk,725.2,Low Priority,3.39,Low
4654-GGUII,0.0,Low Risk,723.6,Low Priority,3.39,Low
0570-BFQHT,0.0,Low Risk,724.9499999999999,Low Priority,3.39,Low
9945-PSVIP,0.02,Low Risk,467.5,Low Priority,3.39,Low
4813-HQMGZ,0.0,Low Risk,722.0,Low Priority,3.38,Low
5539-HIVAK,0.0,Low Risk,719.6,Low Priority,3.37,Low
9824-QCJPK,0.0,Low Risk,720.0,Low Priority,3.37,Low
8884-FEEWR,0.0,Low Risk,721.0,Low Priority,3.37,Low
0080-EMYVY,0.0,Low Risk,720.3000000000001,Low Priority,3.37,Low
3417-TSCIC,0.0,Low Risk,720.6500000000001,Low Priority,3.37,Low
1699-HPSBG,0.0,Low Risk,717.5999999999999,Low Priority,3.36,Low
0727-IWKVK,0.0,Low Risk,719.1,Low Priority,3.36,Low
5917-HBSDW,0.0,Low Risk,715.95,Low Priority,3.35,Low
0774-IFUVM,0.0,Low Risk,716.6500000000001,Low Priority,3.35,Low
9987-LUTYD,0.0,Low Risk,716.9499999999999,Low Priority,3.35,Low
2688-BHGOG,0.0,Low Risk,715.9499999999999,Low Priority,3.35,Low
0872-NXJYS,0.0,Low Risk,715.9499999999999,Low Priority,3.35,Low
9891-NQDBD,0.0,Low Risk,715.4,Low Priority,3.35,Low
4910-AQFFX,0.0,Low Risk,714.15,Low Priority,3.34,Low
0625-AFOHS,0.01,Low Risk,585.8,Low Priority,3.34,Low
5756-JYOJT,0.0,Low Risk,713.9000000000001,Low Priority,3.34,Low
6652-YFFJO,0.0,Low Risk,713.9000000000001,Low Priority,3.34,Low
4522-AKYLR,0.0,Low Risk,712.4,Low Priority,3.33,Low
8008-HAWED,0.0,Low Risk,710.5,Low Priority,3.32,Low
4803-LBYPN,0.0,Low Risk,707.2,Low Priority,3.31,Low
9206-GVPEQ,0.0,Low Risk,707.85,Low Priority,3.31,Low
7815-PDTHL,0.0,Low Risk,707.0,Low Priority,3.31,Low
2458-EOMRE,0.0,Low Risk,704.55,Low Priority,3.3,Low
8967-SZQAS,0.0,Low Risk,706.3000000000001,Low Priority,3.3,Low
5087-SUURX,0.0,Low Risk,702.9,Low Priority,3.29,Low
8735-IJJEG,0.0,Low Risk,702.8000000000001,Low Priority,3.29,Low
3468-DRVQJ,0.0,Low Risk,703.0,Low Priority,3.29,Low
5976-JCJRH,0.0,Low Risk,703.0,Low Priority,3.29,Low
4962-CHQPW,0.01,Low Risk,575.6500000000001,Low Priority,3.29,Low
9705-ZJBCG,0.0,Low Risk,703.9499999999999,Low Priority,3.29,Low
5845-BZZIB,0.0,Low Risk,703.5,Low Priority,3.29,Low
3486-NPGST,0.0,Low Risk,703.8000000000001,Low Priority,3.29,Low
0722-SVSFK,0.0,Low Risk,702.8000000000001,Low Priority,3.29,Low
5627-TVBPP,0.0,Low Risk,703.5,Low Priority,3.29,Low
6016-LVTJQ,0.0,Low Risk,702.0999999999999,Low Priority,3.28,Low
6479-SZPLM,0.0,Low Risk,700.1999999999999,Low Priority,3.28,Low
6379-RXJRQ,0.0,Low Risk,701.0,Low Priority,3.28,Low
1757-TCATG,0.0,Low Risk,701.75,Low Priority,3.28,Low
9272-LSVYH,0.0,Low Risk,701.5,Low Priority,3.28,Low
3811-VBYBZ,0.0,Low Risk,698.6,Low Priority,3.27,Low
1360-RCYRT,0.0,Low Risk,698.0500000000001,Low Priority,3.27,Low
9717-IOAAF,0.0,Low Risk,697.95,Low Priority,3.27,Low
5917-RYRMG,0.005,Low Risk,633.6,Low Priority,3.26,Low
3985-HOYPM,0.015,Low Risk,504.4,Low Priority,3.26,Low
4884-ZTHVF,0.0,Low Risk,696.8,Low Priority,3.26,Low
2878-DHMIN,0.0,Low Risk,696.5,Low Priority,3.26,Low
4537-CIBHB,0.04,Low Risk,182.25,Low Priority,3.25,Low
0799-DDIHE,0.0,Low Risk,694.5,Low Priority,3.25,Low
9385-EHGDO,0.0,Low Risk,694.75,Low Priority,3.25,Low
0939-EREMR,0.0,Low Risk,694.85,Low Priority,3.25,Low
3077-RSNTJ,0.045,Low Risk,118.2,Low Priority,3.25,Low
9531-NSBMR,0.0,Low Risk,693.0,Low Priority,3.24,Low
5229-PRWKT,0.0,Low Risk,692.4,Low Priority,3.24,Low
1219-NNDDO,0.0,Low Risk,691.65,Low Priority,3.24,Low
3451-VAWLI,0.0,Low Risk,689.5,Low Priority,3.23,Low
7168-HDQHG,0.0,Low Risk,691.1999999999999,Low Priority,3.23,Low
8008-OTEZX,0.0,Low Risk,687.75,Low Priority,3.22,Low
7994-UYIVZ,0.0,Low Risk,685.2,Low Priority,3.21,Low
5928-QLDHB,0.0,Low Risk,686.25,Low Priority,3.21,Low
7601-GNDYK,0.0,Low Risk,686.0,Low Priority,3.21,Low
3106-ULWFW,0.0,Low Risk,681.6,Low Priority,3.19,Low
1133-KXCGE,0.025,Low Risk,361.8,Low Priority,3.19,Low
1200-TUZHR,0.0,Low Risk,681.6,Low Priority,3.19,Low
1262-OPMFY,0.0,Low Risk,681.75,Low Priority,3.19,Low
6551-VLJMV,0.0,Low Risk,681.7,Low Priority,3.19,Low
8837-VVWLQ,0.0,Low Risk,679.6,Low Priority,3.18,Low
3987-KQDDU,0.0,Low Risk,680.4,Low Priority,3.18,Low
5995-OIGLP,0.0,Low Risk,679.8,Low Priority,3.18,Low
6563-VRERX,0.0,Low Risk,679.8000000000001,Low Priority,3.18,Low
7020-OZKXZ,0.0,Low Risk,679.5,Low Priority,3.18,Low
8382-SHQEH,0.0,Low Risk,679.2,Low Priority,3.18,Low
5639-NTUPK,0.0,Low Risk,677.3000000000001,Low Priority,3.17,Low
0196-JTUQI,0.0,Low Risk,676.8000000000001,Low Priority,3.17,Low
9367-WXLCH,0.0,Low Risk,676.0,Low Priority,3.16,Low
6765-MBQNU,0.0,Low Risk,676.0,Low Priority,3.16,Low
4060-LDNLU,0.0,Low Risk,673.4,Low Priority,3.15,Low
9631-RXVJM,0.0,Low Risk,673.75,Low Priority,3.15,Low
9314-QDMDW,0.0,Low Risk,673.75,Low Priority,3.15,Low
5186-PEIZU,0.0,Low Risk,673.75,Low Priority,3.15,Low
4282-YMKNA,0.0,Low Risk,672.75,Low Priority,3.15,Low
6016-NXBNJ,0.0,Low Risk,670.25,Low Priority,3.14,Low
8859-DZTGQ,0.0,Low Risk,671.5500000000001,Low Priority,3.14,Low
0709-TVGUR,0.0,Low Risk,670.9499999999999,Low Priority,3.14,Low
1518-VOWAV,0.0,Low Risk,671.85,Low Priority,3.14,Low
5383-MMTWC,0.0,Low Risk,672.0,Low Priority,3.14,Low
4116-TZAQJ,0.0,Low Risk,668.25,Low Priority,3.13,Low
2809-ILCYT,0.0,Low Risk,670.0,Low Priority,3.13,Low
3643-AHCFP,0.0,Low Risk,669.1999999999999,Low Priority,3.13,Low
5949-XIKAE,0.0,Low Risk,668.4,Low Priority,3.13,Low
3374-PZLXD,0.0,Low Risk,669.8,Low Priority,3.13,Low
1353-LJWEM,0.0,Low Risk,669.9,Low Priority,3.13,Low
3280-NMUVX,0.0,Low Risk,666.4000000000001,Low Priority,3.12,Low
8357-EQXFO,0.0,Low Risk,667.4499999999999,Low Priority,3.12,Low
0827-ITJPH,0.0,Low Risk,667.8000000000001,Low Priority,3.12,Low
6860-YRJZP,0.0,Low Risk,666.4499999999999,Low Priority,3.12,Low
3472-OAOOR,0.0,Low Risk,664.0500000000001,Low Priority,3.11,Low
6339-YPSAH,0.0,Low Risk,664.1999999999999,Low Priority,3.11,Low
3874-EQOEP,0.0,Low Risk,665.0,Low Priority,3.11,Low
6147-CBCRA,0.0,Low Risk,661.65,Low Priority,3.1,Low
1403-LKLIK,0.0,Low Risk,663.3000000000001,Low Priority,3.1,Low
7446-YPODE,0.0,Low Risk,662.75,Low Priority,3.1,Low
1934-MKPXS,0.0,Low Risk,663.3000000000001,Low Priority,3.1,Low
5505-OVWQW,0.025,Low Risk,342.54999999999995,Low Priority,3.1,Low
6502-HCJTI,0.0,Low Risk,662.9,Low Priority,3.1,Low
3769-MHZNV,0.0,Low Risk,663.3000000000001,Low Priority,3.1,Low
2645-QTLMB,0.0,Low Risk,659.75,Low Priority,3.09,Low
5918-VUKWP,0.0,Low Risk,657.6,Low Priority,3.08,Low
3992-YWPKO,0.0,Low Risk,659.4000000000001,Low Priority,3.08,Low
0260-ZDLGK,0.0,Low Risk,656.1,Low Priority,3.07,Low
5701-ZIKJE,0.0,Low Risk,657.15,Low Priority,3.07,Low
1357-MVDOZ,0.0,Low Risk,656.15,Low Priority,3.07,Low
7321-KKSDU,0.0,Low Risk,656.0,Low Priority,3.07,Low
4626-GYCZP,0.0,Low Risk,656.9499999999999,Low Priority,3.07,Low
2729-VNVAP,0.0,Low Risk,653.4,Low Priority,3.06,Low
5480-XTFFL,0.0,Low Risk,651.0,Low Priority,3.05,Low
8512-WIWYV,0.0,Low Risk,651.2,Low Priority,3.05,Low
1803-BGNBD,0.0,Low Risk,651.5999999999999,Low Priority,3.05,Low
4976-LNFVV,0.0,Low Risk,651.6999999999999,Low Priority,3.05,Low
6447-EGDIV,0.0,Low Risk,649.4499999999999,Low Priority,3.04,Low
8648-PFRMP,0.0,Low Risk,648.9,Low Priority,3.04,Low
9763-GRSKD,0.0,Low Risk,649.35,Low Priority,3.04,Low
1202-KKGFU,0.0,Low Risk,650.4000000000001,Low Priority,3.04,Low
8808-ELEHO,0.0,Low Risk,650.0,Low Priority,3.04,Low
0601-WZHJF,0.0,Low Risk,648.9,Low Priority,3.04,Low
8457-XIGKN,0.02,Low Risk,392.0,Low Priority,3.03,Low
8174-LNWMW,0.0,Low Risk,647.9,Low Priority,3.03,Low
9108-EQPNQ,0.03,Low Risk,261.0,Low Priority,3.02,Low
2320-TZRRH,0.02,Low Risk,390.0,Low Priority,3.02,Low
2397-BRLOM,0.0,Low Risk,643.6,Low Priority,3.01,Low
3863-IUBJR,0.0,Low Risk,643.8,Low Priority,3.01,Low
2650-GYRYL,0.0,Low Risk,641.85,Low Priority,3.0,Low
0301-KOBTQ,0.0,Low Risk,641.6,Low Priority,3.0,Low
4277-PVRAN,0.0,Low Risk,640.8,Low Priority,3.0,Low
1488-SYSFC,0.0,Low Risk,640.15,Low Priority,2.99,Low
6496-JDSSB,0.0,Low Risk,640.0,Low Priority,2.99,Low
3627-FCRDW,0.0,Low Risk,639.0,Low Priority,2.99,Low
0071-NDAFP,0.0,Low Risk,637.5,Low Priority,2.98,Low
3043-SUDUA,0.0,Low Risk,636.8,Low Priority,2.98,Low
3373-DIUUN,0.0,Low Risk,637.5,Low Priority,2.98,Low
8815-LMFLX,0.0,Low Risk,635.0,Low Priority,2.97,Low
5124-EOGYE,0.0,Low Risk,633.9499999999999,Low Priority,2.97,Low
5469-NUJUR,0.02,Low Risk,379.05,Low Priority,2.97,Low
8270-RKSAP,0.0,Low Risk,634.5,Low Priority,2.97,Low
6265-FRMTQ,0.0,Low Risk,632.4,Low Priority,2.96,Low
6133-OZILE,0.0,Low Risk,633.6,Low Priority,2.96,Low
0203-HHYIJ,0.0,Low Risk,632.5,Low Priority,2.96,Low
5871-DGTXZ,0.0,Low Risk,633.6,Low Priority,2.96,Low
1579-KLYDT,0.0,Low Risk,633.15,Low Priority,2.96,Low
2277-AXSDC,0.0,Low Risk,632.0,Low Priority,2.96,Low
3530-VWVGU,0.015,Low Risk,437.8,Low Priority,2.95,Low
6240-EURKS,0.0,Low Risk,630.0,Low Priority,2.95,Low
1304-BCCFO,0.0,Low Risk,630.4499999999999,Low Priority,2.95,Low
5895-QSXOD,0.0,Low Risk,630.4499999999999,Low Priority,2.95,Low
6527-PZFPV,0.01,Low Risk,499.2000000000001,Low Priority,2.94,Low
6838-HVLXG,0.03,Low Risk,243.6,Low Priority,2.94,Low
9134-CEQMF,0.0,Low Risk,626.5,Low Priority,2.93,Low
7479-NITWS,0.0,Low Risk,625.4499999999999,Low Priority,2.93,Low
2599-CZABP,0.0,Low Risk,624.4,Low Priority,2.92,Low
0786-VSSUD,0.0,Low Risk,624.0,Low Priority,2.92,Low
7328-OWMOM,0.0,Low Risk,623.1,Low Priority,2.92,Low
0187-QSXOE,0.0,Low Risk,623.0,Low Priority,2.91,Low
6537-QLGEX,0.0,Low Risk,622.4,Low Priority,2.91,Low
7143-BQIBA,0.0,Low Risk,622.5,Low Priority,2.91,Low
7305-ZWMAJ,0.0,Low Risk,621.0,Low Priority,2.91,Low
8990-ZXLSU,0.0,Low Risk,621.4499999999999,Low Priority,2.91,Low
9643-YBLUR,0.0,Low Risk,621.4499999999999,Low Priority,2.91,Low
6878-GGDWG,0.0,Low Risk,620.8,Low Priority,2.9,Low
6439-LAJXL,0.0,Low Risk,620.5500000000001,Low Priority,2.9,Low
5914-GXMDA,0.0,Low Risk,617.6,Low Priority,2.89,Low
8515-OCTJS,0.0,Low Risk,618.75,Low Priority,2.89,Low
8873-TMKGR,0.005,Low Risk,553.9000000000001,Low Priority,2.89,Low
6625-UTXEW,0.0,Low Risk,615.0,Low Priority,2.88,Low
5311-IHLEI,0.0,Low Risk,611.4000000000001,Low Priority,2.86,Low
4680-KUTAJ,0.0,Low Risk,611.6,Low Priority,2.86,Low
4526-RMTLL,0.0,Low Risk,609.2,Low Priority,2.85,Low
7766-CLTIC,0.0,Low Risk,609.5,Low Priority,2.85,Low
1049-FYSYG,0.0,Low Risk,606.05,Low Priority,2.84,Low
2484-DGXPZ,0.0,Low Risk,606.0500000000001,Low Priority,2.84,Low
9451-LPGOO,0.0,Low Risk,607.6,Low Priority,2.84,Low
3847-BAERP,0.0311,Low Risk,209.0,Low Priority,2.84,Low
4635-EJYPD,0.0,Low Risk,606.4,Low Priority,2.84,Low
8584-KMVXD,0.0,Low Risk,604.8,Low Priority,2.83,Low
1925-TIBLE,0.0,Low Risk,605.5,Low Priority,2.83,Low
6859-RKMZJ,0.0,Low Risk,605.55,Low Priority,2.83,Low
4712-AUQZO,0.0,Low Risk,604.8000000000001,Low Priority,2.83,Low
8049-WJCLQ,0.0,Low Risk,602.0,Low Priority,2.82,Low
4285-GYRQC,0.0,Low Risk,603.75,Low Priority,2.82,Low
8182-PNAGI,0.0,Low Risk,603.0,Low Priority,2.82,Low
2011-TRQYE,0.0,Low Risk,603.0,Low Priority,2.82,Low
1535-VTJOQ,0.0,Low Risk,603.5999999999999,Low Priority,2.82,Low
1877-HKBQX,0.0,Low Risk,600.6,Low Priority,2.81,Low
1089-HDMKP,0.0,Low Risk,600.05,Low Priority,2.81,Low
9552-TGUZV,0.0,Low Risk,600.0,Low Priority,2.81,Low
7993-PYKOF,0.0,Low Risk,600.0,Low Priority,2.81,Low
3440-JPSCL,0.0,Low Risk,599.7,Low Priority,2.81,Low
8681-ICONS,0.0,Low Risk,598.8499999999999,Low Priority,2.8,Low
9928-BZVLZ,0.0,Low Risk,598.2,Low Priority,2.8,Low
7176-WIONM,0.0,Low Risk,598.2,Low Priority,2.8,Low
5424-RLQLC,0.0,Low Risk,596.5,Low Priority,2.79,Low
3834-XUIFC,0.0,Low Risk,596.4,Low Priority,2.79,Low
3488-PGMQJ,0.0,Low Risk,596.0,Low Priority,2.79,Low
5174-RNGBH,0.0,Low Risk,596.25,Low Priority,2.79,Low
3235-ETOOB,0.0,Low Risk,596.0,Low Priority,2.79,Low
5405-ZMYXQ,0.0,Low Risk,596.8,Low Priority,2.79,Low
0219-QAERP,0.0,Low Risk,594.0,Low Priority,2.78,Low
2205-YMZZJ,0.0,Low Risk,593.6,Low Priority,2.78,Low
6789-HJBWG,0.0,Low Risk,592.8,Low Priority,2.77,Low
4480-QQRHC,0.0,Low Risk,592.4,Low Priority,2.77,Low
2450-ZKEED,0.0,Low Risk,591.8,Low Priority,2.77,Low
3896-ZVNET,0.0,Low Risk,592.8,Low Priority,2.77,Low
9530-EHPOH,0.0,Low Risk,591.25,Low Priority,2.77,Low
8972-HJWNV,0.0,Low Risk,591.85,Low Priority,2.77,Low
2817-NTQDO,0.0,Low Risk,592.15,Low Priority,2.77,Low
0002-ORFBO,0.0,Low Risk,590.4,Low Priority,2.76,Low
2123-AGEEN,0.0,Low Risk,590.4499999999999,Low Priority,2.76,Low
1270-XKUCC,0.0,Low Risk,591.0,Low Priority,2.76,Low
2446-BEGGB,0.0,Low Risk,589.5,Low Priority,2.76,Low
8205-MQUGY,0.0,Low Risk,590.4000000000001,Low Priority,2.76,Low
8573-JGCZW,0.02,Low Risk,334.04999999999995,Low Priority,2.76,Low
2506-CLAKW,0.0,Low Risk,588.9000000000001,Low Priority,2.76,Low
7026-YMSBE,0.0,Low Risk,591.0,Low Priority,2.76,Low
1577-HKTFG,0.0,Low Risk,589.5,Low Priority,2.76,Low
5789-LDFXO,0.0,Low Risk,590.4000000000001,Low Priority,2.76,Low
1872-EBWSC,0.0,Low Risk,590.1500000000001,Low Priority,2.76,Low
1982-FEBTD,0.0,Low Risk,588.8000000000001,Low Priority,2.75,Low
8791-GFXLZ,0.0,Low Risk,588.5999999999999,Low Priority,2.75,Low
4765-OXPPD,0.0,Low Risk,585.0,Low Priority,2.74,Low
1952-DVVSW,0.03,Low Risk,201.0,Low Priority,2.74,Low
3307-TLCUD,0.0,Low Risk,584.8,Low Priority,2.74,Low
1038-RQOST,0.015,Low Risk,391.4,Low Priority,2.73,Low
4283-IVYCI,0.0,Low Risk,584.5500000000001,Low Priority,2.73,Low
0839-QNXME,0.0,Low Risk,582.0,Low Priority,2.72,Low
3640-JQGJG,0.0,Low Risk,582.4,Low Priority,2.72,Low
3460-TJBWI,0.0,Low Risk,580.8,Low Priority,2.72,Low
3635-JBPSG,0.0,Low Risk,582.0,Low Priority,2.72,Low
9178-JHUVJ,0.0,Low Risk,578.4000000000001,Low Priority,2.71,Low
4641-FROLU,0.0,Low Risk,579.0,Low Priority,2.71,Low
4716-MRVEN,0.0,Low Risk,580.0,Low Priority,2.71,Low
2808-CHTDM,0.0,Low Risk,577.3000000000001,Low Priority,2.7,Low
4950-HKQTE,0.0,Low Risk,577.5,Low Priority,2.7,Low
0536-BGFMZ,0.0,Low Risk,574.0,Low Priority,2.69,Low
3319-DWOEP,0.0,Low Risk,574.5,Low Priority,2.69,Low
1498-DQNRX,0.0,Low Risk,575.6500000000001,Low Priority,2.69,Low
6823-SIDFQ,0.005,Low Risk,511.0,Low Priority,2.69,Low
2829-HYVZP,0.0,Low Risk,574.2,Low Priority,2.69,Low
8082-GHXOP,0.0,Low Risk,572.0,Low Priority,2.68,Low
9648-BCHKM,0.01,Low Risk,443.7,Low Priority,2.68,Low
4774-HHGGS,0.0,Low Risk,571.5,Low Priority,2.67,Low
6510-UPNKS,0.0,Low Risk,570.4,Low Priority,2.67,Low
4646-QZXTF,0.0,Low Risk,568.75,Low Priority,2.66,Low
8735-NBLWT,0.03,Low Risk,183.6,Low Priority,2.66,Low
5445-UTODQ,0.0,Low Risk,567.6999999999999,Low Priority,2.66,Low
4080-OGPJL,0.0,Low Risk,569.2,Low Priority,2.66,Low
3638-DIMPH,0.0,Low Risk,569.4,Low Priority,2.66,Low
3845-JHAMY,0.0,Low Risk,568.0,Low Priority,2.66,Low
9950-MTGYX,0.0,Low Risk,568.4,Low Priority,2.66,Low
0463-ZSDNT,0.0,Low Risk,567.5,Low Priority,2.65,Low
6101-IMRMM,0.0,Low Risk,567.0,Low Priority,2.65,Low
7632-YUTXB,0.005,Low Risk,501.25,Low Priority,2.65,Low
4203-QGNZA,0.0,Low Risk,567.0,Low Priority,2.65,Low
7967-HYCDE,0.0,Low Risk,565.6,Low Priority,2.65,Low
8595-SIZNC,0.0,Low Risk,563.2,Low Priority,2.63,Low
0947-IDHRQ,0.0,Low Risk,562.1,Low Priority,2.63,Low
1596-OQSPS,0.0,Low Risk,562.1,Low Priority,2.63,Low
1627-AFWVJ,0.0,Low Risk,562.5999999999999,Low Priority,2.63,Low
9025-AOMKI,0.0,Low Risk,561.3,Low Priority,2.63,Low
9540-JYROE,0.0,Low Risk,560.8,Low Priority,2.62,Low
9496-IVVRP,0.0,Low Risk,561.0,Low Priority,2.62,Low
0269-XFESX,0.0,Low Risk,560.0500000000001,Low Priority,2.62,Low
9796-BPKIW,0.0,Low Risk,559.6,Low Priority,2.62,Low
2819-GWENI,0.0,Low Risk,557.1999999999999,Low Priority,2.61,Low
8128-YVJRG,0.0,Low Risk,557.5500000000001,Low Priority,2.61,Low
6437-UKHMV,0.0,Low Risk,557.9,Low Priority,2.61,Low
3999-QGRJH,0.0,Low Risk,557.6,Low Priority,2.61,Low
9392-XBGTD,0.0,Low Risk,556.2,Low Priority,2.6,Low
6518-KZXCB,0.0,Low Risk,555.5,Low Priority,2.6,Low
4883-KCPZJ,0.0,Low Risk,555.5,Low Priority,2.6,Low
4324-BZCKL,0.0,Low Risk,555.5,Low Priority,2.6,Low
8108-UXRQN,0.0,Low Risk,556.05,Low Priority,2.6,Low
9796-MVYXX,0.0,Low Risk,555.8000000000001,Low Priority,2.6,Low
2026-TGDHM,0.0,Low Risk,555.1,Low Priority,2.6,Low
7638-QVMVY,0.0,Low Risk,553.0,Low Priority,2.59,Low
3566-VVORZ,0.0,Low Risk,550.8,Low Priority,2.58,Low
2346-CZYIL,0.0,Low Risk,549.45,Low Priority,2.57,Low
3389-KTRXV,0.0,Low Risk,548.5500000000001,Low Priority,2.57,Low
4059-IIEBK,0.0,Low Risk,549.85,Low Priority,2.57,Low
2272-UOINI,0.0,Low Risk,549.5,Low Priority,2.57,Low
1218-VKFPE,0.025,Low Risk,228.0,Low Priority,2.57,Low
8735-DCXNF,0.0,Low Risk,549.5,Low Priority,2.57,Low
7596-IIWYC,0.0,Low Risk,546.75,Low Priority,2.56,Low
9092-GDZKO,0.0,Low Risk,546.7,Low Priority,2.56,Low
6506-EYCNH,0.0,Low Risk,547.4,Low Priority,2.56,Low
5214-CHIWJ,0.0,Low Risk,548.1,Low Priority,2.56,Low
2672-HUYVI,0.0,Low Risk,546.5999999999999,Low Priority,2.56,Low
2472-OVKUP,0.0,Low Risk,546.0,Low Priority,2.55,Low
2957-LOLHO,0.0,Low Risk,544.8,Low Priority,2.55,Low
7966-YOTQW,0.0,Low Risk,545.0,Low Priority,2.55,Low
5392-AKEMH,0.0,Low Risk,540.5999999999999,Low Priority,2.53,Low
8780-IXSTS,0.0,Low Risk,540.5999999999999,Low Priority,2.53,Low
7337-CINUD,0.03,Low Risk,156.0,Low Priority,2.53,Low
5849-ASHZJ,0.0,Low Risk,541.35,Low Priority,2.53,Low
1600-DILPE,0.0,Low Risk,540.0,Low Priority,2.53,Low
9548-LERKT,0.005,Low Risk,474.0,Low Priority,2.52,Low
3462-BJQQA,0.0,Low Risk,538.5,Low Priority,2.52,Low
0003-MKNFE,0.0,Low Risk,539.1,Low Priority,2.52,Low
9534-NSXEM,0.0,Low Risk,536.9,Low Priority,2.51,Low
0345-HKJVM,0.0,Low Risk,535.8,Low Priority,2.51,Low
9030-QGZNL,0.0288,Low Risk,166.8,Low Priority,2.51,Low
8035-PWSEV,0.0,Low Risk,535.5,Low Priority,2.51,Low
4609-KNNWG,0.0,Low Risk,537.3,Low Priority,2.51,Low
2990-HWIML,0.0,Low Risk,537.0,Low Priority,2.51,Low
4847-TAJYI,0.0,Low Risk,536.0999999999999,Low Priority,2.51,Low
5171-EPLKN,0.0,Low Risk,535.95,Low Priority,2.51,Low
5778-BVOFB,0.0,Low Risk,535.5,Low Priority,2.51,Low
1907-YLNYW,0.0,Low Risk,533.6,Low Priority,2.5,Low
0164-XAIRP,0.005,Low Risk,469.2000000000001,Low Priority,2.5,Low
3945-GFWQL,0.0,Low Risk,534.5999999999999,Low Priority,2.5,Low
2595-KIWPV,0.0,Low Risk,531.9,Low Priority,2.49,Low
4359-INNWN,0.015,Low Risk,340.85,Low Priority,2.49,Low
3721-WKIIL,0.0,Low Risk,529.2,Low Priority,2.48,Low
2373-NTKOD,0.0,Low Risk,530.0,Low Priority,2.48,Low
4431-EDMIQ,0.0,Low Risk,529.9,Low Priority,2.48,Low
0840-DFEZH,0.0,Low Risk,527.4499999999999,Low Priority,2.47,Low
7797-EJMDP,0.0,Low Risk,528.4,Low Priority,2.47,Low
0142-GVYSN,0.0,Low Risk,527.8000000000001,Low Priority,2.47,Low
7321-ZNSLA,0.0,Low Risk,527.15,Low Priority,2.47,Low
7552-KEYGT,0.0,Low Risk,527.85,Low Priority,2.47,Low
2604-XVDAM,0.0,Low Risk,525.5999999999999,Low Priority,2.46,Low
8325-QRPZR,0.0,Low Risk,526.0500000000001,Low Priority,2.46,Low
6734-GMPVK,0.0,Low Risk,526.5,Low Priority,2.46,Low
5154-VEKBL,0.0,Low Risk,526.5,Low Priority,2.46,Low
9191-MYQKX,0.0,Low Risk,526.0500000000001,Low Priority,2.46,Low
5260-UMPWX,0.0,Low Risk,526.5,Low Priority,2.46,Low
7956-XQWGU,0.0,Low Risk,523.8,Low Priority,2.45,Low
3452-FLHYD,0.0,Low Risk,523.75,Low Priority,2.45,Low
0098-BOWSO,0.0,Low Risk,523.8,Low Priority,2.45,Low
6711-FLDFB,0.0,Low Risk,524.3000000000001,Low Priority,2.45,Low
1271-SJBGZ,0.0,Low Risk,523.8,Low Priority,2.45,Low
8792-AOROI,0.0,Low Risk,524.0,Low Priority,2.45,Low
5568-DMXZS,0.0,Low Risk,523.6,Low Priority,2.45,Low
6100-FJZDG,0.0,Low Risk,521.3000000000001,Low Priority,2.44,Low
0927-LCSMG,0.0,Low Risk,522.5500000000001,Low Priority,2.44,Low
4013-UBXWQ,0.0,Low Risk,522.5500000000001,Low Priority,2.44,Low
2369-UAPKZ,0.0,Low Risk,520.5,Low Priority,2.44,Low
4343-EJVQB,0.0,Low Risk,520.4499999999999,Low Priority,2.43,Low
3486-KHMLI,0.0,Low Risk,518.6999999999999,Low Priority,2.43,Low
3458-IDMFK,0.0,Low Risk,518.75,Low Priority,2.43,Low
1760-CAZHT,0.0,Low Risk,520.0,Low Priority,2.43,Low
3070-DVEYC,0.0,Low Risk,516.25,Low Priority,2.42,Low
9046-JBFWA,0.0,Low Risk,517.05,Low Priority,2.42,Low
0122-OAHPZ,0.0,Low Risk,516.9499999999999,Low Priority,2.42,Low
2709-UQGNP,0.0,Low Risk,516.5,Low Priority,2.42,Low
7996-BPXHY,0.015,Low Risk,325.0,Low Priority,2.42,Low
1998-VHJHK,0.0,Low Risk,517.05,Low Priority,2.42,Low
7407-SUJIZ,0.0,Low Risk,515.0,Low Priority,2.41,Low
4795-UXVCJ,0.0,Low Risk,514.8000000000001,Low Priority,2.41,Low
1196-AMORA,0.0,Low Risk,515.1999999999999,Low Priority,2.41,Low
3629-WEAAM,0.0,Low Risk,512.8,Low Priority,2.4,Low
8229-MYEJZ,0.0,Low Risk,512.0,Low Priority,2.4,Low
3138-BKYAV,0.0,Low Risk,512.0999999999999,Low Priority,2.4,Low
1963-VAUKV,0.0384,Low Risk,20.4,Low Priority,2.4,Low
7764-BDPEE,0.035,Low Risk,62.55,Low Priority,2.39,Low
7850-THJMU,0.0,Low Risk,510.9,Low Priority,2.39,Low
4369-HTUIF,0.0,Low Risk,510.9,Low Priority,2.39,Low
6286-ZHAOK,0.0,Low Risk,511.0,Low Priority,2.39,Low
2379-ENZGV,0.0,Low Risk,509.1,Low Priority,2.38,Low
0042-JVWOJ,0.0,Low Risk,509.6,Low Priority,2.38,Low
8067-NIOYM,0.0,Low Risk,506.4,Low Priority,2.37,Low
0196-VULGZ,0.0,Low Risk,506.1,Low Priority,2.37,Low
9621-OUPYD,0.0,Low Risk,505.0,Low Priority,2.36,Low
5868-YWPDW,0.0,Low Risk,505.2000000000001,Low Priority,2.36,Low
0356-ERHVT,0.0,Low Risk,504.9,Low Priority,2.36,Low
0835-DUUIQ,0.0,Low Risk,505.2000000000001,Low Priority,2.36,Low
2120-SMPEX,0.0,Low Risk,503.75,Low Priority,2.36,Low
7267-FRMJW,0.0,Low Risk,502.50000000000006,Low Priority,2.35,Low
8417-FMLZI,0.0,Low Risk,501.3,Low Priority,2.35,Low
0357-NVCRI,0.0,Low Risk,501.25,Low Priority,2.35,Low
9681-OXGVC,0.0,Low Risk,502.5,Low Priority,2.35,Low
3523-BRGUW,0.0,Low Risk,501.8,Low Priority,2.35,Low
1439-LCGVL,0.0,Low Risk,499.2,Low Priority,2.34,Low
1410-RSCMR,0.0,Low Risk,499.44999999999993,Low Priority,2.34,Low
1395-WSWXR,0.0,Low Risk,498.0,Low Priority,2.33,Low
6479-OAUSD,0.0,Low Risk,497.5,Low Priority,2.33,Low
6344-SFJVH,0.0,Low Risk,498.0,Low Priority,2.33,Low
1685-VAYJF,0.0,Low Risk,497.2000000000001,Low Priority,2.33,Low
5859-HZYLF,0.0,Low Risk,497.9,Low Priority,2.33,Low
6061-PQHMK,0.0,Low Risk,497.5,Low Priority,2.33,Low
1069-QJOEE,0.0,Low Risk,497.5,Low Priority,2.33,Low
3727-RJMEO,0.0,Low Risk,497.1,Low Priority,2.33,Low
1750-CSKKM,0.0,Low Risk,498.15,Low Priority,2.33,Low
9210-IAHGH,0.0,Low Risk,495.25,Low Priority,2.32,Low
4236-XPXAV,0.0,Low Risk,495.75,Low Priority,2.32,Low
8865-TNMNX,0.0,Low Risk,495.5,Low Priority,2.32,Low
9873-MNDKV,0.0,Low Risk,491.15,Low Priority,2.3,Low
5931-FLJJF,0.0,Low Risk,490.69999999999993,Low Priority,2.3,Low
7244-KXYZN,0.0,Low Risk,490.8,Low Priority,2.3,Low
5707-ORNDZ,0.0,Low Risk,490.95,Low Priority,2.3,Low
3799-ISUZQ,0.0,Low Risk,489.65,Low Priority,2.29,Low
3594-BDSOA,0.0,Low Risk,489.6,Low Priority,2.29,Low
7319-ZNRTR,0.0,Low Risk,490.00000000000006,Low Priority,2.29,Low
5605-IYGFG,0.0,Low Risk,488.94999999999993,Low Priority,2.29,Low
5590-YRFJT,0.0,Low Risk,489.0,Low Priority,2.29,Low
4464-JCOLN,0.035,Low Risk,39.7,Low Priority,2.29,Low
3701-SFMUH,0.0,Low Risk,487.9,Low Priority,2.28,Low
0516-QREYC,0.0,Low Risk,487.2000000000001,Low Priority,2.28,Low
9489-UTFKA,0.0,Low Risk,487.2,Low Priority,2.28,Low
3129-AAQOU,0.0,Low Risk,486.4,Low Priority,2.28,Low
0428-AXXLJ,0.0,Low Risk,487.5,Low Priority,2.28,Low
4291-SHSBH,0.0,Low Risk,486.85,Low Priority,2.28,Low
5027-QPKTE,0.0,Low Risk,485.44999999999993,Low Priority,2.27,Low
5044-LRQAQ,0.0,Low Risk,484.4,Low Priority,2.27,Low
7369-TRPFD,0.01,Low Risk,357.2,Low Priority,2.27,Low
1834-WULEG,0.0,Low Risk,486.0,Low Priority,2.27,Low
4566-QVRRW,0.0,Low Risk,484.55,Low Priority,2.27,Low
9957-YODKZ,0.0,Low Risk,484.8,Low Priority,2.27,Low
4566-NECEV,0.0,Low Risk,482.75,Low Priority,2.26,Low
5474-LAMUQ,0.0,Low Risk,482.4,Low Priority,2.26,Low
1010-DIAUQ,0.0,Low Risk,482.5,Low Priority,2.26,Low
8993-IZEUX,0.0,Low Risk,484.05000000000007,Low Priority,2.26,Low
2575-GFSOE,0.0,Low Risk,483.0,Low Priority,2.26,Low
4636-QRJKY,0.0,Low Risk,483.0,Low Priority,2.26,Low
3778-FOAQW,0.0,Low Risk,483.6,Low Priority,2.26,Low
7548-SEPYI,0.0,Low Risk,481.25,Low Priority,2.25,Low
6923-AQONU,0.0,Low Risk,480.7,Low Priority,2.25,Low
9152-AMKAK,0.0,Low Risk,481.5,Low Priority,2.25,Low
1849-RJYIG,0.0,Low Risk,480.0,Low Priority,2.25,Low
9862-KJTYK,0.0,Low Risk,481.65,Low Priority,2.25,Low
0306-JAELE,0.0,Low Risk,480.5,Low Priority,2.25,Low
6229-LSCKB,0.0,Low Risk,478.2000000000001,Low Priority,2.24,Low
0487-VVUVK,0.0,Low Risk,478.75,Low Priority,2.24,Low
8194-PEEBY,0.0,Low Risk,477.6,Low Priority,2.23,Low
9467-ROOLM,0.0,Low Risk,476.25,Low Priority,2.23,Low
6419-ZTTLE,0.0,Low Risk,477.25,Low Priority,2.23,Low
7318-EIVKO,0.0,Low Risk,474.0,Low Priority,2.22,Low
3387-VATUS,0.0,Low Risk,474.25,Low Priority,2.22,Low
6400-BWQKW,0.0,Low Risk,474.3,Low Priority,2.22,Low
8173-RXAYP,0.0,Low Risk,472.8,Low Priority,2.21,Low
1356-MKYSK,0.0,Low Risk,471.9,Low Priority,2.21,Low
1089-XZWHH,0.0,Low Risk,472.8,Low Priority,2.21,Low
2995-YWTCD,0.0,Low Risk,473.1,Low Priority,2.21,Low
4192-GORJT,0.0,Low Risk,472.25,Low Priority,2.21,Low
7909-FIOIY,0.0,Low Risk,472.15,Low Priority,2.21,Low
1682-VCOIO,0.0,Low Risk,470.35,Low Priority,2.2,Low
9546-KDTRB,0.0,Low Risk,469.3,Low Priority,2.2,Low
5380-AFSSK,0.0,Low Risk,469.5,Low Priority,2.2,Low
3070-FNFZQ,0.0,Low Risk,469.2,Low Priority,2.2,Low
2680-XKKNJ,0.0,Low Risk,465.6,Low Priority,2.18,Low
8204-TIFGJ,0.0,Low Risk,466.9,Low Priority,2.18,Low
7137-NAXML,0.0,Low Risk,463.45,Low Priority,2.17,Low
5876-QMYLD,0.0,Low Risk,461.15,Low Priority,2.16,Low
2462-XIIJB,0.0,Low Risk,462.5,Low Priority,2.16,Low
0458-HEUZG,0.0,Low Risk,460.2,Low Priority,2.15,Low
1401-FTHFQ,0.0,Low Risk,460.0,Low Priority,2.15,Low
5651-CPDND,0.0,Low Risk,460.0,Low Priority,2.15,Low
6791-YBNAK,0.0,Low Risk,459.9,Low Priority,2.15,Low
8966-OIQHG,0.0,Low Risk,456.5,Low Priority,2.14,Low
8414-MYSHR,0.0,Low Risk,457.0,Low Priority,2.14,Low
6143-JQKEA,0.0,Low Risk,458.0,Low Priority,2.14,Low
2668-TZSPS,0.034,Low Risk,20.45,Low Priority,2.14,Low
8314-DPQHL,0.0,Low Risk,457.2,Low Priority,2.14,Low
0621-TWIEM,0.0,Low Risk,455.5,Low Priority,2.13,Low
9801-NOSHQ,0.0,Low Risk,455.4,Low Priority,2.13,Low
8066-POXGX,0.0,Low Risk,456.3,Low Priority,2.13,Low
7351-KYHQH,0.0,Low Risk,454.65,Low Priority,2.13,Low
8606-OEGQZ,0.0,Low Risk,455.4,Low Priority,2.13,Low
2533-TIBIX,0.0,Low Risk,453.0,Low Priority,2.12,Low
8095-WANWK,0.0,Low Risk,452.5,Low Priority,2.12,Low
7330-WZLNC,0.0,Low Risk,454.0,Low Priority,2.12,Low
8185-UPYBR,0.0,Low Risk,453.0,Low Priority,2.12,Low
8963-MQVYN,0.0,Low Risk,452.1,Low Priority,2.12,Low
7319-VENRZ,0.0,Low Risk,450.1,Low Priority,2.11,Low
1092-WPIVQ,0.0,Low Risk,451.8,Low Priority,2.11,Low
0354-VXMJC,0.0,Low Risk,450.8,Low Priority,2.11,Low
8344-WFMFH,0.0,Low Risk,450.9,Low Priority,2.11,Low
8143-ETQTI,0.0,Low Risk,451.95,Low Priority,2.11,Low
3178-CIFOT,0.0,Low Risk,451.95,Low Priority,2.11,Low
6082-OQFBA,0.0,Low Risk,451.95,Low Priority,2.11,Low
3272-VUHPV,0.0,Low Risk,450.4,Low Priority,2.11,Low
5063-IUOKK,0.015,Low Risk,256.75,Low Priority,2.1,Low
1624-NALOJ,0.0,Low Risk,449.0,Low Priority,2.1,Low
9391-TTOYH,0.0,Low Risk,448.5,Low Priority,2.1,Low
3580-REOAC,0.0,Low Risk,448.5,Low Priority,2.1,Low
4623-ZKHLY,0.0,Low Risk,449.9,Low Priority,2.1,Low
7905-NJMXS,0.0,Low Risk,449.4,Low Priority,2.1,Low
1724-BQUHA,0.0,Low Risk,447.5,Low Priority,2.09,Low
3125-RAHBV,0.0,Low Risk,446.6,Low Priority,2.09,Low
4853-OITSN,0.0,Low Risk,445.75,Low Priority,2.09,Low
9415-TPKRV,0.0,Low Risk,446.0,Low Priority,2.09,Low
5847-MXBEO,0.0,Low Risk,446.6,Low Priority,2.09,Low
4505-EXZHB,0.0,Low Risk,446.4,Low Priority,2.09,Low
8481-YYXWG,0.0,Low Risk,446.75,Low Priority,2.09,Low
6072-NUQCB,0.0,Low Risk,445.5,Low Priority,2.08,Low
7758-XKCBS,0.0,Low Risk,445.5,Low Priority,2.08,Low
0308-IVGOK,0.0,Low Risk,444.4,Low Priority,2.08,Low
9347-AERRL,0.0,Low Risk,443.9,Low Priority,2.08,Low
5842-POCOP,0.0,Low Risk,444.5,Low Priority,2.08,Low
2749-CTKAJ,0.0,Low Risk,443.3,Low Priority,2.07,Low
4018-KJYUY,0.0,Low Risk,443.3,Low Priority,2.07,Low
0423-UDIJQ,0.0,Low Risk,442.8,Low Priority,2.07,Low
5309-TAIKL,0.0,Low Risk,439.6,Low Priority,2.06,Low
2682-KEVRP,0.0,Low Risk,441.1,Low Priority,2.06,Low
9867-NNXLC,0.0,Low Risk,441.1,Low Priority,2.06,Low
5590-ZSKRV,0.0,Low Risk,437.2,Low Priority,2.05,Low
7240-ETPTR,0.0,Low Risk,438.75,Low Priority,2.05,Low
7102-JJVTX,0.0,Low Risk,437.4,Low Priority,2.05,Low
8908-SLFCJ,0.0,Low Risk,437.85,Low Priority,2.05,Low
4632-PAOYU,0.0,Low Risk,438.9,Low Priority,2.05,Low
4280-DLSHD,0.0,Low Risk,438.0,Low Priority,2.05,Low
5515-RUGKN,0.0,Low Risk,438.0,Low Priority,2.05,Low
0277-BKSQP,0.0,Low Risk,435.2,Low Priority,2.04,Low
5372-FBKBN,0.0,Low Risk,435.75,Low Priority,2.04,Low
8069-YQQAJ,0.0,Low Risk,435.4,Low Priority,2.04,Low
6029-CSMJE,0.0,Low Risk,436.05,Low Priority,2.04,Low
0307-BCOPK,0.01,Low Risk,304.8,Low Priority,2.03,Low
8022-BECSI,0.0,Low Risk,431.2000000000001,Low Priority,2.02,Low
4439-JMPMT,0.0,Low Risk,428.75,Low Priority,2.01,Low
1866-ZSLJM,0.0,Low Risk,430.5,Low Priority,2.01,Low
8746-BFOAJ,0.0,Low Risk,430.5,Low Priority,2.01,Low
0567-GGCAC,0.0,Low Risk,429.8,Low Priority,2.01,Low
7527-QNRUS,0.0,Low Risk,427.55,Low Priority,2.0,Low
6432-TWQLB,0.0,Low Risk,427.0,Low Priority,2.0,Low
9229-RQABD,0.0,Low Risk,427.5,Low Priority,2.0,Low
1930-BZLHI,0.0,Low Risk,427.35,Low Priority,2.0,Low
2952-QAYZF,0.0,Low Risk,426.5,Low Priority,2.0,Low
4987-GQWPO,0.0,Low Risk,426.7000000000001,Low Priority,2.0,Low
2135-DQWAQ,0.0,Low Risk,426.5,Low Priority,2.0,Low
4395-PZMSN,0.0,Low Risk,427.75,Low Priority,2.0,Low
4548-SDBKE,0.0,Low Risk,426.0,Low Priority,1.99,Low
0953-LGOVU,0.0,Low Risk,426.0,Low Priority,1.99,Low
6060-DRTNL,0.0,Low Risk,424.25,Low Priority,1.98,Low
9620-ENEJV,0.0,Low Risk,423.3,Low Priority,1.98,Low
9617-UDPEU,0.0,Low Risk,423.5,Low Priority,1.98,Low
8242-SOQUO,0.0,Low Risk,423.5,Low Priority,1.98,Low
1140-UKVZG,0.0,Low Risk,421.6,Low Priority,1.97,Low
1431-CYWMH,0.0,Low Risk,419.1,Low Priority,1.96,Low
7326-RIGQZ,0.0,Low Risk,418.8,Low Priority,1.96,Low
7047-YXDMZ,0.0,Low Risk,420.0,Low Priority,1.96,Low
5685-IIXLY,0.0,Low Risk,418.0,Low Priority,1.96,Low
6015-VVHHE,0.0,Low Risk,415.75,Low Priority,1.95,Low
8779-YIQQA,0.0,Low Risk,415.8,Low Priority,1.95,Low
6435-SRWBJ,0.0,Low Risk,413.75,Low Priority,1.94,Low
3453-RTHJQ,0.0,Low Risk,414.6,Low Priority,1.94,Low
2079-FBMZK,0.0,Low Risk,415.5,Low Priority,1.94,Low
2892-GESUL,0.005,Low Risk,348.3,Low Priority,1.93,Low
7977-HXJKU,0.0,Low Risk,411.6,Low Priority,1.93,Low
0274-JKUJR,0.0,Low Risk,411.95,Low Priority,1.93,Low
4703-MQYKT,0.0,Low Risk,411.6,Low Priority,1.93,Low
4092-OFQZS,0.0,Low Risk,413.0,Low Priority,1.93,Low
7812-FZHPE,0.0,Low Risk,409.7000000000001,Low Priority,1.92,Low
6339-DKLMK,0.0,Low Risk,411.45,Low Priority,1.92,Low
4177-JPDFU,0.0,Low Risk,408.0,Low Priority,1.91,Low
7743-EXURX,0.0,Low Risk,408.4,Low Priority,1.91,Low
7511-YMXVQ,0.0,Low Risk,408.6,Low Priority,1.91,Low
0519-DRGTI,0.0,Low Risk,407.0,Low Priority,1.9,Low
7813-TKCVO,0.0,Low Risk,407.0,Low Priority,1.9,Low
8111-BKVDS,0.0,Low Risk,407.0,Low Priority,1.9,Low
0702-PGIBZ,0.0,Low Risk,406.8,Low Priority,1.9,Low
6410-LEFEN,0.0,Low Risk,406.35,Low Priority,1.9,Low
7649-PHJVR,0.015,Low Risk,214.5,Low Priority,1.9,Low
4143-OOBWZ,0.0,Low Risk,406.5,Low Priority,1.9,Low
0880-TKATG,0.0,Low Risk,404.6,Low Priority,1.89,Low
8718-PTMEZ,0.0,Low Risk,403.65,Low Priority,1.89,Low
4198-VFOEA,0.0,Low Risk,403.2000000000001,Low Priority,1.89,Low
9095-HFAFX,0.0,Low Risk,405.0,Low Priority,1.89,Low
4795-KTRTH,0.0,Low Risk,405.0,Low Priority,1.89,Low
4132-KALRO,0.0,Low Risk,403.4,Low Priority,1.89,Low
6786-OBWQR,0.0,Low Risk,404.25,Low Priority,1.89,Low
3030-YZADT,0.0,Low Risk,404.55,Low Priority,1.89,Low
7563-BIUPC,0.0,Low Risk,403.0,Low Priority,1.89,Low
6458-CYIDZ,0.0,Low Risk,403.5,Low Priority,1.89,Low
6549-NNDYT,0.0,Low Risk,401.05,Low Priority,1.88,Low
2656-TABEH,0.0,Low Risk,400.8,Low Priority,1.88,Low
1223-UNPKS,0.0,Low Risk,401.0,Low Priority,1.88,Low
6918-UMQCG,0.0,Low Risk,401.0,Low Priority,1.88,Low
2164-SOQXL,0.0,Low Risk,401.0,Low Priority,1.88,Low
6941-PMGEP,0.0,Low Risk,400.0,Low Priority,1.87,Low
4712-UYOOI,0.0,Low Risk,400.0,Low Priority,1.87,Low
0587-DMGBH,0.0,Low Risk,398.8,Low Priority,1.87,Low
3556-BVQGL,0.0,Low Risk,400.0,Low Priority,1.87,Low
7693-LCKZL,0.0,Low Risk,400.75,Low Priority,1.87,Low
0495-ZBNGW,0.0,Low Risk,399.5,Low Priority,1.87,Low
3589-PPVKW,0.0,Low Risk,399.6,Low Priority,1.87,Low
9696-RMYBA,0.0,Low Risk,400.5,Low Priority,1.87,Low
0305-SQECB,0.0,Low Risk,396.55,Low Priority,1.86,Low
8775-CEBBJ,0.0,Low Risk,397.8,Low Priority,1.86,Low
2316-ESMLS,0.0,Low Risk,397.8,Low Priority,1.86,Low
2265-CYWIV,0.0,Low Risk,398.4,Low Priority,1.86,Low
3345-PBBFH,0.0,Low Risk,396.4,Low Priority,1.85,Low
3865-ZFZIB,0.0017,Low Risk,373.35,Low Priority,1.85,Low
6689-TCZHQ,0.0,Low Risk,394.75,Low Priority,1.85,Low
7610-TVOPG,0.0,Low Risk,395.25,Low Priority,1.85,Low
8314-HTWVE,0.02,Low Risk,138.95000000000002,Low Priority,1.85,Low
5780-INQIK,0.0,Low Risk,395.2,Low Priority,1.85,Low
1964-SVLEA,0.0,Low Risk,394.0,Low Priority,1.84,Low
7295-JOMMD,0.0,Low Risk,392.4,Low Priority,1.84,Low
1569-TTNYJ,0.0,Low Risk,393.75,Low Priority,1.84,Low
1494-EJZDW,0.015,Low Risk,201.5,Low Priority,1.84,Low
5148-HKFIR,0.0,Low Risk,394.0,Low Priority,1.84,Low
2466-FCCPT,0.0,Low Risk,394.0,Low Priority,1.84,Low
4718-DHSMV,0.0,Low Risk,393.8,Low Priority,1.84,Low
6108-OQZDQ,0.0,Low Risk,391.8,Low Priority,1.83,Low
0811-GSDTP,0.0,Low Risk,391.95,Low Priority,1.83,Low
5616-PRTNT,0.0,Low Risk,388.0,Low Priority,1.82,Low
2243-FNMMI,0.0,Low Risk,388.0,Low Priority,1.82,Low
1635-HDGFT,0.0,Low Risk,389.5,Low Priority,1.82,Low
3318-ISQFQ,0.0,Low Risk,390.0,Low Priority,1.82,Low
4425-OWHWB,0.0,Low Risk,387.0,Low Priority,1.81,Low
4804-NCPET,0.0,Low Risk,383.8,Low Priority,1.8,Low
1178-PZGAB,0.0,Low Risk,384.75,Low Priority,1.8,Low
4320-QMLLA,0.0,Low Risk,383.95,Low Priority,1.8,Low
6131-IUNXN,0.0,Low Risk,383.8,Low Priority,1.8,Low
7950-XWOVN,0.0,Low Risk,381.7000000000001,Low Priority,1.79,Low
8098-LLAZX,0.0,Low Risk,381.8,Low Priority,1.79,Low
8999-EXMNO,0.0,Low Risk,382.85,Low Priority,1.79,Low
2788-CJQAQ,0.01,Low Risk,252.85,Low Priority,1.78,Low
9714-EDSUC,0.0,Low Risk,379.6,Low Priority,1.78,Low
6505-OZNPG,0.0,Low Risk,380.4,Low Priority,1.78,Low
7083-YNSKY,0.0,Low Risk,381.0,Low Priority,1.78,Low
3074-GQWYX,0.0,Low Risk,379.5,Low Priority,1.78,Low
9967-ATRFS,0.0,Low Risk,378.1,Low Priority,1.77,Low
2706-QZIHY,0.0,Low Risk,378.0,Low Priority,1.77,Low
6350-XFYGW,0.0,Low Risk,379.0,Low Priority,1.77,Low
9250-WYPLL,0.0,Low Risk,377.75,Low Priority,1.77,Low
8748-HFWBO,0.0,Low Risk,378.1,Low Priority,1.77,Low
8404-VLQFB,0.0,Low Risk,378.75,Low Priority,1.77,Low
6198-ZFIOJ,0.0,Low Risk,378.0,Low Priority,1.77,Low
9763-PDTKK,0.0,Low Risk,377.6,Low Priority,1.77,Low
6112-KTHFQ,0.01,Low Risk,250.9,Low Priority,1.77,Low
1442-BQPVU,0.0,Low Risk,378.95,Low Priority,1.77,Low
8007-YYPWD,0.0,Low Risk,375.75,Low Priority,1.76,Low
1374-DMZUI,0.0,Low Risk,377.2,Low Priority,1.76,Low
6135-OZQVA,0.0,Low Risk,375.55,Low Priority,1.76,Low
1561-BWHIN,0.0,Low Risk,376.2,Low Priority,1.76,Low
0867-LDTTC,0.0,Low Risk,375.75,Low Priority,1.76,Low
5399-ZIMKF,0.0,Low Risk,373.25,Low Priority,1.75,Low
6746-WAUWT,0.0,Low Risk,374.3,Low Priority,1.75,Low
5956-VKDTT,0.0,Low Risk,371.75,Low Priority,1.74,Low
9578-FOMUK,0.0,Low Risk,372.0,Low Priority,1.74,Low
6892-EZDTG,0.0,Low Risk,366.6,Low Priority,1.72,Low
9026-LHEVG,0.0,Low Risk,366.75,Low Priority,1.72,Low
1763-KUAAW,0.0,Low Risk,366.3,Low Priority,1.71,Low
4054-CUMIA,0.0,Low Risk,364.5,Low Priority,1.71,Low
0856-NAOES,0.0,Low Risk,365.4,Low Priority,1.71,Low
0836-SEYLU,0.0,Low Risk,365.85,Low Priority,1.71,Low
0516-VRYBW,0.0,Low Risk,362.7,Low Priority,1.7,Low
4439-YRNVD,0.0,Low Risk,362.5,Low Priority,1.7,Low
1767-TGTKO,0.0,Low Risk,363.6,Low Priority,1.7,Low
4776-XSKYQ,0.0,Low Risk,363.0,Low Priority,1.7,Low
2219-MVUSO,0.0,Low Risk,361.2,Low Priority,1.69,Low
8499-BRXTD,0.0,Low Risk,361.8,Low Priority,1.69,Low
0859-YGKFW,0.0,Low Risk,360.9,Low Priority,1.69,Low
4228-ZGYUW,0.0,Low Risk,360.2,Low Priority,1.69,Low
2333-KWEWW,0.0,Low Risk,360.9,Low Priority,1.69,Low
7542-CYDDM,0.0,Low Risk,360.9,Low Priority,1.69,Low
1328-EUZHC,0.0,Low Risk,361.8,Low Priority,1.69,Low
5816-SCGFC,0.0,Low Risk,359.1,Low Priority,1.68,Low
9565-DJPIB,0.0,Low Risk,358.4,Low Priority,1.68,Low
8246-SHFGA,0.0,Low Risk,358.70000000000005,Low Priority,1.68,Low
6218-KNUBD,0.0,Low Risk,356.70000000000005,Low Priority,1.67,Low
2207-OBZNX,0.0,Low Risk,357.0,Low Priority,1.67,Low
4307-KWMXE,0.0,Low Risk,357.5,Low Priority,1.67,Low
9146-JRIOX,0.0,Low Risk,357.7,Low Priority,1.67,Low
4608-LCIMN,0.0,Low Risk,357.2,Low Priority,1.67,Low
3420-ZDBMA,0.0,Low Risk,357.25,Low Priority,1.67,Low
0895-UADGO,0.0,Low Risk,356.4,Low Priority,1.67,Low
4685-TFLLS,0.0,Low Risk,356.40000000000003,Low Priority,1.67,Low
1273-MTETI,0.0,Low Risk,355.4,Low Priority,1.66,Low
9780-FKVVF,0.0,Low Risk,354.9,Low Priority,1.66,Low
7228-OMTPN,0.0,Low Risk,353.8,Low Priority,1.66,Low
4951-UKAAQ,0.0,Low Risk,355.8,Low Priority,1.66,Low
7636-OWBPG,0.0,Low Risk,352.20000000000005,Low Priority,1.65,Low
9867-JCZSP,0.0,Low Risk,352.75,Low Priority,1.65,Low
1237-WIYYZ,0.0,Low Risk,351.90000000000003,Low Priority,1.65,Low
1057-FOGLZ,0.0,Low Risk,353.7,Low Priority,1.65,Low
8969-PRHFK,0.0,Low Risk,353.7,Low Priority,1.65,Low
3164-AALRN,0.0,Low Risk,350.0,Low Priority,1.64,Low
2815-CPTUL,0.0,Low Risk,351.25,Low Priority,1.64,Low
7677-SJJJK,0.015,Low Risk,159.2,Low Priority,1.64,Low
4933-IKULF,0.0,Low Risk,351.04999999999995,Low Priority,1.64,Low
6715-OFDBP,0.0,Low Risk,350.25,Low Priority,1.64,Low
8901-HJXTF,0.0,Low Risk,350.4,Low Priority,1.64,Low
0282-NVSJS,0.0,Low Risk,351.6,Low Priority,1.64,Low
4378-BZYFP,0.0,Low Risk,348.5,Low Priority,1.63,Low
7021-XSNYE,0.0,Low Risk,347.55,Low Priority,1.63,Low
8563-IIOXK,0.0,Low Risk,348.25,Low Priority,1.63,Low
9430-FRQOC,0.0,Low Risk,348.4,Low Priority,1.63,Low
2058-DCJBE,0.0,Low Risk,348.75,Low Priority,1.63,Low
4544-RXFMG,0.0,Low Risk,347.6,Low Priority,1.63,Low
8485-GJCDN,0.0,Low Risk,345.25,Low Priority,1.62,Low
6082-GLJIX,0.0,Low Risk,346.5,Low Priority,1.62,Low
2408-WITXK,0.0,Low Risk,347.0,Low Priority,1.62,Low
2799-ARNLO,0.0,Low Risk,346.75,Low Priority,1.62,Low
4881-JVQOD,0.0,Low Risk,345.5,Low Priority,1.62,Low
4403-BWPAY,0.0,Low Risk,347.2,Low Priority,1.62,Low
2761-XECQW,0.0,Low Risk,346.8,Low Priority,1.62,Low
4952-YSOGZ,0.0,Low Risk,343.8,Low Priority,1.61,Low
2038-OEQZH,0.0,Low Risk,344.2,Low Priority,1.61,Low
0018-NYROU,0.0,Low Risk,344.75,Low Priority,1.61,Low
1355-KUSBG,0.0,Low Risk,341.6,Low Priority,1.6,Low
2023-VQFDL,0.0,Low Risk,342.0,Low Priority,1.6,Low
0697-ZMSWS,0.0,Low Risk,342.6,Low Priority,1.6,Low
7488-MXJIV,0.0,Low Risk,342.6,Low Priority,1.6,Low
2387-KDZQY,0.0,Low Risk,341.70000000000005,Low Priority,1.6,Low
9847-HNVGP,0.0,Low Risk,339.15,Low Priority,1.59,Low
2100-BDNSN,0.0,Low Risk,339.75,Low Priority,1.59,Low
0219-YTZUE,0.0,Low Risk,339.2,Low Priority,1.59,Low
4958-GZWIY,0.0,Low Risk,340.90000000000003,Low Priority,1.59,Low
4250-FDVOU,0.0,Low Risk,337.5,Low Priority,1.58,Low
8884-MRNSU,0.0,Low Risk,338.29999999999995,Low Priority,1.58,Low
1565-RHDJD,0.0,Low Risk,336.2,Low Priority,1.57,Low
3824-RHKVR,0.0,Low Risk,334.9,Low Priority,1.57,Low
5876-HZVZM,0.0,Low Risk,335.4,Low Priority,1.57,Low
2676-OXPPQ,0.0,Low Risk,334.20000000000005,Low Priority,1.56,Low
7551-DACSP,0.0,Low Risk,331.79999999999995,Low Priority,1.55,Low
5696-EXCYS,0.0,Low Risk,330.65,Low Priority,1.55,Low
7609-NRNCA,0.0,Low Risk,332.35,Low Priority,1.55,Low
0314-TKOSI,0.0,Low Risk,330.9,Low Priority,1.55,Low
8714-CTZJW,0.0,Low Risk,331.4,Low Priority,1.55,Low
3525-DVKFN,0.0,Low Risk,329.79999999999995,Low Priority,1.54,Low
0787-LHDYT,0.0,Low Risk,329.6,Low Priority,1.54,Low
9766-HGEDE,0.0,Low Risk,328.95000000000005,Low Priority,1.54,Low
9332-GYWLO,0.0,Low Risk,329.1,Low Priority,1.54,Low
6599-SFQVE,0.0,Low Risk,330.0,Low Priority,1.54,Low
3058-WQDRE,0.0,Low Risk,326.95,Low Priority,1.53,Low
9761-XUJWD,0.0,Low Risk,328.0,Low Priority,1.53,Low
6696-YDAYZ,0.0,Low Risk,328.0,Low Priority,1.53,Low
1159-WFSGR,0.0,Low Risk,326.4,Low Priority,1.53,Low
4488-PSYCG,0.0,Low Risk,324.0,Low Priority,1.52,Low
4801-JZAZL,0.0,Low Risk,325.6,Low Priority,1.52,Low
2081-VEYEH,0.0,Low Risk,323.85,Low Priority,1.52,Low
5760-IFJOZ,0.0,Low Risk,323.85,Low Priority,1.52,Low
2612-RRIDN,0.0,Low Risk,324.0,Low Priority,1.52,Low
3266-FTKHB,0.0,Low Risk,325.54999999999995,Low Priority,1.52,Low
6648-INWPS,0.0,Low Risk,322.4,Low Priority,1.51,Low
2951-QOQTK,0.0,Low Risk,323.2,Low Priority,1.51,Low
4710-NKCAW,0.0,Low Risk,322.0,Low Priority,1.51,Low
7905-TVXTA,0.0,Low Risk,321.75,Low Priority,1.51,Low
3671-SHRSP,0.0,Low Risk,322.4,Low Priority,1.51,Low
5729-KLZAR,0.0,Low Risk,323.4,Low Priority,1.51,Low
3904-UKFRE,0.0,Low Risk,320.4,Low Priority,1.5,Low
3243-ZHOHY,0.0,Low Risk,321.6,Low Priority,1.5,Low
0999-QXNSA,0.0,Low Risk,320.25,Low Priority,1.5,Low
0793-TWELN,0.0,Low Risk,320.6,Low Priority,1.5,Low
4079-ULGFR,0.0,Low Risk,320.0,Low Priority,1.5,Low
0295-QVKPB,0.0,Low Risk,319.75,Low Priority,1.5,Low
2674-MIAHT,0.0,Low Risk,321.2,Low Priority,1.5,Low
4616-EWBNJ,0.0,Low Risk,321.6,Low Priority,1.5,Low
1251-STYSZ,0.0,Low Risk,321.0,Low Priority,1.5,Low
3372-CDXFJ,0.0,Low Risk,318.5,Low Priority,1.49,Low
9231-ZJYAM,0.0,Low Risk,315.4,Low Priority,1.48,Low
8332-OSJDW,0.0,Low Risk,316.79999999999995,Low Priority,1.48,Low
9227-UAQFT,0.0,Low Risk,316.0,Low Priority,1.48,Low
3855-ONCAR,0.0,Low Risk,315.6,Low Priority,1.48,Low
4210-QFJMF,0.0,Low Risk,316.6,Low Priority,1.48,Low
8573-CGOCC,0.0,Low Risk,316.0,Low Priority,1.48,Low
6496-SLWHQ,0.0,Low Risk,315.0,Low Priority,1.47,Low
3249-ZPQRG,0.0,Low Risk,313.8,Low Priority,1.47,Low
1919-RTPQD,0.0,Low Risk,313.25,Low Priority,1.47,Low
1699-TLDLZ,0.0,Low Risk,315.2,Low Priority,1.47,Low
6036-TTFYU,0.0,Low Risk,313.6,Low Priority,1.47,Low
2332-EFBJY,0.0,Low Risk,315.2,Low Priority,1.47,Low
5057-RKGLH,0.01,Low Risk,183.15,Low Priority,1.46,Low
8242-JSVBO,0.0,Low Risk,312.55,Low Priority,1.46,Low
7786-WBJYI,0.0,Low Risk,311.8,Low Priority,1.46,Low
5533-NHFRF,0.0,Low Risk,310.8,Low Priority,1.45,Low
4311-QTTAI,0.0,Low Risk,309.6,Low Priority,1.45,Low
2096-XOTMO,0.0,Low Risk,309.6,Low Priority,1.45,Low
9483-GCPWE,0.01,Low Risk,180.9,Low Priority,1.45,Low
8887-IPQNC,0.0,Low Risk,309.75,Low Priority,1.45,Low
7634-WSWDB,0.0,Low Risk,308.0,Low Priority,1.44,Low
1915-OAKWD,0.0,Low Risk,308.8,Low Priority,1.44,Low
7998-ZLXWN,0.0,Low Risk,306.75,Low Priority,1.44,Low
4452-QIIEB,0.0,Low Risk,307.3,Low Priority,1.44,Low
0422-OHQHQ,0.0,Low Risk,308.25,Low Priority,1.44,Low
5003-OKNNK,0.0,Low Risk,305.25,Low Priority,1.43,Low
5299-SJCZT,0.0,Low Risk,304.65,Low Priority,1.43,Low
7351-MHQVU,0.0,Low Risk,305.70000000000005,Low Priority,1.43,Low
3683-QKIUE,0.0,Low Risk,304.79999999999995,Low Priority,1.43,Low
8612-GXIDD,0.0,Low Risk,304.79999999999995,Low Priority,1.43,Low
7469-LKBCI,0.0,Low Risk,303.2,Low Priority,1.42,Low
5197-YPYBZ,0.0,Low Risk,303.0,Low Priority,1.42,Low
4749-OJKQU,0.0,Low Risk,302.6,Low Priority,1.42,Low
0221-WMXNQ,0.0,Low Risk,301.4,Low Priority,1.41,Low
0829-DDVLK,0.0,Low Risk,301.5,Low Priority,1.41,Low
1602-IJQQE,0.0,Low Risk,301.4,Low Priority,1.41,Low
8387-UGUSU,0.0,Low Risk,300.75,Low Priority,1.41,Low
8250-ZNGGW,0.0,Low Risk,299.5,Low Priority,1.4,Low
0347-UBKUZ,0.0,Low Risk,298.5,Low Priority,1.4,Low
5688-KZTSN,0.0,Low Risk,300.0,Low Priority,1.4,Low
0722-TROQR,0.0,Low Risk,299.6,Low Priority,1.4,Low
9817-APLHW,0.0,Low Risk,300.0,Low Priority,1.4,Low
7341-LXCAF,0.0,Low Risk,298.6,Low Priority,1.4,Low
3823-KYNQY,0.0,Low Risk,299.4,Low Priority,1.4,Low
9274-CNFMO,0.0,Low Risk,299.8,Low Priority,1.4,Low
2984-MIIZL,0.0,Low Risk,299.2,Low Priority,1.4,Low
9375-MHRRS,0.0,Low Risk,300.29999999999995,Low Priority,1.4,Low
1197-BVMVG,0.0,Low Risk,297.8,Low Priority,1.39,Low
8640-SDGKB,0.0,Low Risk,297.6,Low Priority,1.39,Low
6956-SMUCM,0.0,Low Risk,297.0,Low Priority,1.39,Low
3721-CNZHX,0.0,Low Risk,297.0,Low Priority,1.39,Low
0311-QYWSS,0.0,Low Risk,296.70000000000005,Low Priority,1.39,Low
5577-OTWWW,0.0,Low Risk,296.25,Low Priority,1.39,Low
5384-ZTTWP,0.0,Low Risk,297.0,Low Priority,1.39,Low
5143-EGQFK,0.0,Low Risk,296.5,Low Priority,1.39,Low
7938-OUHIO,0.0,Low Risk,296.1,Low Priority,1.39,Low
8138-EALND,0.0,Low Risk,296.25,Low Priority,1.39,Low
1213-NGCUN,0.0,Low Risk,297.9,Low Priority,1.39,Low
6040-CGACY,0.0,Low Risk,294.0,Low Priority,1.38,Low
1272-ILHFG,0.0,Low Risk,294.75,Low Priority,1.38,Low
4585-HETAI,0.0,Low Risk,295.0,Low Priority,1.38,Low
0621-JFHOL,0.0,Low Risk,296.0,Low Priority,1.38,Low
5016-ETTFF,0.0,Low Risk,295.0,Low Priority,1.38,Low
8124-NZVGJ,0.0,Low Risk,295.5,Low Priority,1.38,Low
4452-ROHMO,0.0,Low Risk,294.0,Low Priority,1.38,Low
3144-AUDBS,0.0,Low Risk,294.9,Low Priority,1.38,Low
5312-TSZVC,0.0,Low Risk,294.75,Low Priority,1.38,Low
9644-UMGQA,0.0,Low Risk,294.9,Low Priority,1.38,Low
4451-RWASJ,0.0,Low Risk,292.5,Low Priority,1.37,Low
7742-MYPGI,0.0,Low Risk,292.79999999999995,Low Priority,1.37,Low
0329-GTIAJ,0.0,Low Risk,293.70000000000005,Low Priority,1.37,Low
2266-FUBDZ,0.0,Low Risk,290.25,Low Priority,1.36,Low
2223-KAGMX,0.0,Low Risk,291.0,Low Priority,1.36,Low
8944-AILEF,0.0,Low Risk,291.75,Low Priority,1.36,Low
9239-ZBZZV,0.0,Low Risk,287.70000000000005,Low Priority,1.35,Low
8111-RKSPX,0.0,Low Risk,288.8,Low Priority,1.35,Low
3549-ZTMNH,0.0,Low Risk,288.0,Low Priority,1.35,Low
6698-OXETB,0.005,Low Risk,224.4,Low Priority,1.35,Low
3049-SOLAY,0.0,Low Risk,285.6,Low Priority,1.34,Low
7817-OMJNA,0.0,Low Risk,285.6,Low Priority,1.34,Low
1245-HARPS,0.0,Low Risk,285.6,Low Priority,1.34,Low
2984-AFWNC,0.0,Low Risk,286.20000000000005,Low Priority,1.34,Low
7398-SKNQZ,0.0,Low Risk,284.70000000000005,Low Priority,1.33,Low
5150-ITWWB,0.0,Low Risk,284.54999999999995,Low Priority,1.33,Low
3376-BMGFE,0.0,Low Risk,283.6,Low Priority,1.33,Low
9944-HKVVB,0.0,Low Risk,285.29999999999995,Low Priority,1.33,Low
5567-WSELE,0.0,Low Risk,283.79999999999995,Low Priority,1.33,Low
3496-LFSZU,0.0,Low Risk,282.0,Low Priority,1.32,Low
6508-NJYRO,0.0,Low Risk,282.0,Low Priority,1.32,Low
0644-OQMDK,0.0,Low Risk,282.6,Low Priority,1.32,Low
4763-PGDPO,0.0,Low Risk,281.6,Low Priority,1.32,Low
2187-LZGPL,0.0,Low Risk,280.7,Low Priority,1.31,Low
3113-IWHLC,0.0,Low Risk,279.0,Low Priority,1.31,Low
2568-BRGYX,0.0,Low Risk,280.8,Low Priority,1.31,Low
7044-YAACC,0.0,Low Risk,280.8,Low Priority,1.31,Low
2608-BHKFN,0.0,Low Risk,280.2,Low Priority,1.31,Low
4482-FTFFX,0.0,Low Risk,280.75,Low Priority,1.31,Low
4324-AHJKS,0.0,Low Risk,279.0,Low Priority,1.31,Low
9408-SSNVZ,0.0,Low Risk,280.6,Low Priority,1.31,Low
3190-FZATL,0.0,Low Risk,279.3,Low Priority,1.31,Low
8317-BVKSO,0.0,Low Risk,280.7,Low Priority,1.31,Low
8217-QYOHV,0.0,Low Risk,278.75,Low Priority,1.3,Low
3223-DWFIO,0.0,Low Risk,277.4,Low Priority,1.3,Low
8120-JDCAM,0.0,Low Risk,278.2,Low Priority,1.3,Low
0804-XBFBV,0.0,Low Risk,277.2,Low Priority,1.3,Low
6921-OZMFH,0.0,Low Risk,278.5,Low Priority,1.3,Low
3061-BCKYI,0.0,Low Risk,278.6,Low Priority,1.3,Low
6674-KVJHG,0.0,Low Risk,277.2,Low Priority,1.3,Low
5442-UTCVD,0.0,Low Risk,275.54999999999995,Low Priority,1.29,Low
3082-WQRVY,0.0,Low Risk,275.1,Low Priority,1.29,Low
9845-QOMAD,0.0,Low Risk,276.5,Low Priority,1.29,Low
2138-VFAPZ,0.0,Low Risk,275.8,Low Priority,1.29,Low
1734-ZMNTZ,0.0,Low Risk,275.0,Low Priority,1.29,Low
3318-NMQXL,0.0,Low Risk,276.0,Low Priority,1.29,Low
7554-AKDQF,0.0,Low Risk,273.9,Low Priority,1.28,Low
3131-NWVFJ,0.0,Low Risk,273.7,Low Priority,1.28,Low
5095-AESKG,0.0,Low Risk,274.5,Low Priority,1.28,Low
2141-RRYGO,0.0,Low Risk,274.6,Low Priority,1.28,Low
4647-XXZAM,0.0,Low Risk,273.0,Low Priority,1.28,Low
4881-GQJTW,0.0,Low Risk,274.40000000000003,Low Priority,1.28,Low
1389-CXMLU,0.0,Low Risk,273.15,Low Priority,1.28,Low
3423-HHXAO,0.0,Low Risk,273.0,Low Priority,1.28,Low
0516-WJVXC,0.0,Low Risk,271.0,Low Priority,1.27,Low
1345-ZUKID,0.0,Low Risk,270.90000000000003,Low Priority,1.27,Low
1843-TLSGD,0.0,Low Risk,271.05,Low Priority,1.27,Low
3071-VBYPO,0.0,Low Risk,269.54999999999995,Low Priority,1.26,Low
5027-XWQHA,0.0,Low Risk,268.5,Low Priority,1.26,Low
4257-GAESD,0.0,Low Risk,270.0,Low Priority,1.26,Low
3258-SANFR,0.0,Low Risk,268.20000000000005,Low Priority,1.25,Low
7593-JNWRU,0.0,Low Risk,267.6,Low Priority,1.25,Low
2235-DWLJU,0.0,Low Risk,266.4,Low Priority,1.25,Low
3752-CQSJI,0.0,Low Risk,265.85,Low Priority,1.24,Low
4486-EFAEB,0.0,Low Risk,265.2,Low Priority,1.24,Low
4184-TJFAN,0.0,Low Risk,264.9,Low Priority,1.24,Low
1790-NESIO,0.0,Low Risk,265.2,Low Priority,1.24,Low
0772-GYEQQ,0.0,Low Risk,265.04999999999995,Low Priority,1.24,Low
5172-MIGPM,0.0,Low Risk,262.2,Low Priority,1.23,Low
6131-JLWZM,0.0,Low Risk,263.90000000000003,Low Priority,1.23,Low
8404-GFGCZ,0.0,Low Risk,262.4,Low Priority,1.23,Low
5039-LZRQT,0.0,Low Risk,262.6,Low Priority,1.23,Low
7473-ZBDSN,0.0,Low Risk,263.2,Low Priority,1.23,Low
4323-ELYYB,0.0,Low Risk,260.0,Low Priority,1.22,Low
7277-KAMWT,0.0,Low Risk,260.0,Low Priority,1.22,Low
4140-MUHUG,0.0,Low Risk,260.54999999999995,Low Priority,1.22,Low
5546-QUERU,0.0,Low Risk,259.35,Low Priority,1.21,Low
9522-ZSINC,0.0,Low Risk,259.35,Low Priority,1.21,Low
0594-UFTUL,0.0,Low Risk,258.05,Low Priority,1.21,Low
1212-GLHMD,0.0,Low Risk,258.15,Low Priority,1.21,Low
3137-LUPIX,0.0,Low Risk,257.6,Low Priority,1.21,Low
5014-GSOUQ,0.0,Low Risk,259.35,Low Priority,1.21,Low
3916-NRPAP,0.0,Low Risk,257.1,Low Priority,1.2,Low
0956-SYCWG,0.0,Low Risk,255.45,Low Priority,1.2,Low
0378-TOVMS,0.0,Low Risk,257.4,Low Priority,1.2,Low
7554-NEWDD,0.0,Low Risk,257.0,Low Priority,1.2,Low
5404-GGUKR,0.0,Low Risk,256.75,Low Priority,1.2,Low
3078-ZKNTS,0.0,Low Risk,256.75,Low Priority,1.2,Low
3198-VELRD,0.0,Low Risk,254.25,Low Priority,1.19,Low
0854-UYHZD,0.0,Low Risk,254.15,Low Priority,1.19,Low
8785-EPNCG,0.0,Low Risk,254.65,Low Priority,1.19,Low
1564-HJUVY,0.0,Low Risk,255.0,Low Priority,1.19,Low
3669-LVWZB,0.0,Low Risk,255.0,Low Priority,1.19,Low
7284-BUYEC,0.0,Low Risk,254.75,Low Priority,1.19,Low
8044-BGWPI,0.0,Low Risk,253.8,Low Priority,1.19,Low
0013-EXCHZ,0.0,Low Risk,251.7,Low Priority,1.18,Low
4130-MZLCC,0.0,Low Risk,252.75,Low Priority,1.18,Low
0225-ZORZP,0.0,Low Risk,252.9,Low Priority,1.18,Low
0547-HURJB,0.0,Low Risk,252.6,Low Priority,1.18,Low
6828-HMKWP,0.0,Low Risk,252.6,Low Priority,1.18,Low
9026-RNUJS,0.0,Low Risk,251.75,Low Priority,1.18,Low
4770-QAZXN,0.0,Low Risk,252.85,Low Priority,1.18,Low
2592-HODOV,0.0,Low Risk,250.9,Low Priority,1.17,Low
1397-XKKWR,0.0,Low Risk,247.1,Low Priority,1.16,Low
0641-EVBOJ,0.0,Low Risk,246.9,Low Priority,1.16,Low
2075-RMJIK,0.0,Low Risk,247.0,Low Priority,1.16,Low
2259-OUUSZ,0.0,Low Risk,248.5,Low Priority,1.16,Low
5555-RNPGT,0.0,Low Risk,248.0,Low Priority,1.16,Low
6476-EPYZR,0.0,Low Risk,246.0,Low Priority,1.15,Low
8942-DBMHZ,0.0,Low Risk,245.4,Low Priority,1.15,Low
8313-KTIHG,0.0,Low Risk,245.2,Low Priority,1.15,Low
1539-LNKHM,0.0,Low Risk,244.8,Low Priority,1.15,Low
5018-HEKFO,0.0,Low Risk,245.0,Low Priority,1.15,Low
6633-MPWBS,0.0,Low Risk,246.0,Low Priority,1.15,Low
4625-EWPTF,0.0,Low Risk,243.6,Low Priority,1.14,Low
3682-YEUWS,0.0,Low Risk,244.0,Low Priority,1.14,Low
0064-SUDOG,0.0,Low Risk,243.6,Low Priority,1.14,Low
0334-GDDSO,0.0,Low Risk,244.05,Low Priority,1.14,Low
3387-PLKUI,0.0,Low Risk,244.4,Low Priority,1.14,Low
2789-HQBOU,0.0,Low Risk,241.05,Low Priority,1.13,Low
9897-KXHCM,0.0,Low Risk,240.9,Low Priority,1.13,Low
4086-YQSNZ,0.0,Low Risk,241.2,Low Priority,1.13,Low
6357-JJPQT,0.0,Low Risk,241.5,Low Priority,1.13,Low
3239-TPHPZ,0.0,Low Risk,240.6,Low Priority,1.13,Low
3191-CSNMG,0.0,Low Risk,242.1,Low Priority,1.13,Low
5993-BQHEA,0.0,Low Risk,240.6,Low Priority,1.13,Low
7777-UNYHB,0.0,Low Risk,241.2,Low Priority,1.13,Low
5777-ZPQNC,0.0,Low Risk,241.8,Low Priority,1.13,Low
8259-NFJTV,0.0,Low Risk,242.55,Low Priority,1.13,Low
6204-IEUXJ,0.0,Low Risk,240.3,Low Priority,1.12,Low
1976-AZZPJ,0.0,Low Risk,239.40000000000003,Low Priority,1.12,Low
6161-UUUTA,0.0,Low Risk,239.7,Low Priority,1.12,Low
4290-BSXUX,0.0,Low Risk,238.95,Low Priority,1.12,Low
2740-JFBOK,0.0,Low Risk,240.0,Low Priority,1.12,Low
1429-UYJSV,0.0,Low Risk,236.4,Low Priority,1.11,Low
7074-IEVOJ,0.0,Low Risk,238.2,Low Priority,1.11,Low
1038-ZAGBI,0.0,Low Risk,237.6,Low Priority,1.11,Low
1678-FYZOW,0.0,Low Risk,238.2,Low Priority,1.11,Low
5442-PPTJY,0.0,Low Risk,236.4,Low Priority,1.11,Low
4587-NUKOX,0.0,Low Risk,237.3,Low Priority,1.11,Low
1680-VDCWW,0.0,Low Risk,237.6,Low Priority,1.11,Low
6110-OHIHY,0.0,Low Risk,237.75,Low Priority,1.11,Low
1563-IWQEX,0.0,Low Risk,236.4,Low Priority,1.11,Low
0224-HJAPT,0.0,Low Risk,235.75,Low Priority,1.1,Low
5233-GEEAX,0.0,Low Risk,235.2,Low Priority,1.1,Low
5133-VRSAB,0.0,Low Risk,234.8,Low Priority,1.1,Low
9837-BMCLM,0.0,Low Risk,235.5,Low Priority,1.1,Low
7421-ZLUPA,0.0,Low Risk,234.0,Low Priority,1.09,Low
1548-ARAGG,0.0,Low Risk,234.0,Low Priority,1.09,Low
4573-JKNAE,0.0,Low Risk,232.2,Low Priority,1.09,Low
2882-DDZPG,0.0,Low Risk,233.4,Low Priority,1.09,Low
3750-RNQKR,0.0,Low Risk,233.4,Low Priority,1.09,Low
8543-MSDMF,0.0,Low Risk,232.2,Low Priority,1.09,Low
5961-VUSRV,0.0,Low Risk,232.2,Low Priority,1.09,Low
0208-BPQEJ,0.0,Low Risk,232.8,Low Priority,1.09,Low
5158-RIVOP,0.0,Low Risk,229.9,Low Priority,1.08,Low
9837-FWLCH,0.0,Low Risk,230.4,Low Priority,1.08,Low
5602-BVFMK,0.0,Low Risk,231.6,Low Priority,1.08,Low
6598-RFFVI,0.015,Low Risk,38.6,Low Priority,1.08,Low
4063-EIKNQ,0.0,Low Risk,230.45,Low Priority,1.08,Low
5835-BEQEU,0.0,Low Risk,230.85,Low Priority,1.08,Low
3317-HRTNN,0.0,Low Risk,228.5,Low Priority,1.07,Low
7576-OYWBN,0.0,Low Risk,228.15,Low Priority,1.07,Low
3370-HXOPH,0.0,Low Risk,228.3,Low Priority,1.07,Low
5122-CYFXA,0.0,Low Risk,225.9,Low Priority,1.06,Low
9708-HPXWZ,0.0,Low Risk,227.0,Low Priority,1.06,Low
8976-OQHGT,0.0,Low Risk,226.0,Low Priority,1.06,Low
4581-SSPWD,0.0,Low Risk,227.4,Low Priority,1.06,Low
6924-TDGMT,0.0,Low Risk,226.05,Low Priority,1.06,Low
5543-QDCRY,0.0,Low Risk,225.6,Low Priority,1.06,Low
8388-FYNPZ,0.0,Low Risk,227.0,Low Priority,1.06,Low
0925-VYDLG,0.0,Low Risk,225.75,Low Priority,1.06,Low
7706-DZNKK,0.0,Low Risk,224.95,Low Priority,1.05,Low
2276-YDAVZ,0.0,Low Risk,225.3,Low Priority,1.05,Low
2800-VEQXM,0.0,Low Risk,224.25,Low Priority,1.05,Low
7823-JSOAG,0.0,Low Risk,223.5,Low Priority,1.05,Low
3411-WLRSQ,0.0,Low Risk,223.8,Low Priority,1.05,Low
9932-WBWIK,0.0,Low Risk,223.85,Low Priority,1.05,Low
6424-ELEYH,0.0,Low Risk,224.25,Low Priority,1.05,Low
7521-AFHAB,0.0,Low Risk,224.0,Low Priority,1.05,Low
5570-PTWEH,0.0,Low Risk,225.45,Low Priority,1.05,Low
6994-KERXL,0.0,Low Risk,223.6,Low Priority,1.05,Low
2371-JUNGC,0.0,Low Risk,222.75,Low Priority,1.04,Low
0404-SWRVG,0.0,Low Risk,223.2,Low Priority,1.04,Low
3055-MJDSB,0.0,Low Risk,221.4,Low Priority,1.04,Low
9306-CPCBC,0.0,Low Risk,222.75,Low Priority,1.04,Low
9398-MMQTO,0.0,Low Risk,223.35,Low Priority,1.04,Low
4854-CIDCF,0.0,Low Risk,221.55,Low Priority,1.04,Low
9850-OWRHQ,0.0,Low Risk,222.3,Low Priority,1.04,Low
3446-QDSZF,0.0,Low Risk,222.0,Low Priority,1.04,Low
8084-OIVBS,0.0,Low Risk,220.0,Low Priority,1.03,Low
6861-OKBCE,0.0,Low Risk,221.1,Low Priority,1.03,Low
0967-BMLBD,0.0,Low Risk,220.0,Low Priority,1.03,Low
9442-JTWDL,0.0,Low Risk,220.55,Low Priority,1.03,Low
1635-FJFCC,0.0,Low Risk,220.25,Low Priority,1.03,Low
8617-ENBDS,0.0,Low Risk,220.8,Low Priority,1.03,Low
4895-TMWIR,0.0,Low Risk,219.45,Low Priority,1.03,Low
1260-TTRXI,0.0,Low Risk,217.2,Low Priority,1.02,Low
5542-DHSXL,0.0,Low Risk,218.8,Low Priority,1.02,Low
6319-QSUSR,0.0,Low Risk,216.7,Low Priority,1.01,Low
6158-DWPZT,0.0,Low Risk,216.9,Low Priority,1.01,Low
8740-XLHDR,0.0,Low Risk,216.25,Low Priority,1.01,Low
0486-LGCCH,0.0,Low Risk,216.15,Low Priority,1.01,Low
1093-YSWCA,0.0,Low Risk,215.05,Low Priority,1.01,Low
2710-WYVXG,0.0,Low Risk,213.3,Low Priority,1.0,Low
7379-POKDZ,0.0,Low Risk,210.9,Low Priority,0.99,Low
8003-EWNDZ,0.0,Low Risk,212.0,Low Priority,0.99,Low
6168-WFVVF,0.0,Low Risk,210.9,Low Priority,0.99,Low
0734-OXWBT,0.0,Low Risk,212.1,Low Priority,0.99,Low
9633-XQABV,0.0,Low Risk,210.75,Low Priority,0.99,Low
2055-PDADH,0.0,Low Risk,211.2,Low Priority,0.99,Low
1875-QIVME,0.0,Low Risk,208.8,Low Priority,0.98,Low
7245-NIIWQ,0.0,Low Risk,209.55,Low Priority,0.98,Low
0455-XFASS,0.0,Low Risk,208.65,Low Priority,0.98,Low
2826-DXLQO,0.0,Low Risk,208.6,Low Priority,0.98,Low
3750-YHRYO,0.005,Low Risk,144.54999999999998,Low Priority,0.98,Low
0909-SDHNU,0.0,Low Risk,208.6,Low Priority,0.98,Low
4919-MOAVT,0.0,Low Risk,208.95,Low Priority,0.98,Low
7159-FVYPK,0.0,Low Risk,207.45,Low Priority,0.97,Low
6923-EFPNL,0.0,Low Risk,207.0,Low Priority,0.97,Low
1784-BXEFA,0.0,Low Risk,205.5,Low Priority,0.96,Low
9512-PHSMG,0.0,Low Risk,205.5,Low Priority,0.96,Low
3724-BSCVH,0.0,Low Risk,204.5,Low Priority,0.96,Low
1636-NTNCO,0.0,Low Risk,203.8,Low Priority,0.95,Low
7665-VIGUD,0.0,Low Risk,203.5,Low Priority,0.95,Low
6464-KEXXH,0.0,Low Risk,202.0,Low Priority,0.95,Low
7009-LGECI,0.0,Low Risk,202.2,Low Priority,0.95,Low
7339-POGZN,0.0,Low Risk,202.8,Low Priority,0.95,Low
0420-BWTPW,0.0,Low Risk,204.0,Low Priority,0.95,Low
2626-URJFX,0.0,Low Risk,203.6,Low Priority,0.95,Low
2235-ZGKPT,0.0,Low Risk,203.4,Low Priority,0.95,Low
8439-LTUGF,0.0,Low Risk,200.0,Low Priority,0.94,Low
7379-FNIUJ,0.0,Low Risk,200.4,Low Priority,0.94,Low
8722-NGNBH,0.0,Low Risk,200.0,Low Priority,0.94,Low
0380-ZCSBI,0.0,Low Risk,200.0,Low Priority,0.94,Low
5071-FBJFS,0.0,Low Risk,201.2,Low Priority,0.94,Low
4860-YZGZM,0.0,Low Risk,200.0,Low Priority,0.94,Low
7094-MSZAO,0.0,Low Risk,200.5,Low Priority,0.94,Low
9462-MJUAW,0.0,Low Risk,201.6,Low Priority,0.94,Low
4182-BGSIQ,0.0,Low Risk,198.0,Low Priority,0.93,Low
3675-YDUPJ,0.0,Low Risk,198.5,Low Priority,0.93,Low
4936-YPJNK,0.0,Low Risk,199.0,Low Priority,0.93,Low
4318-RAJVY,0.0,Low Risk,198.0,Low Priority,0.93,Low
0221-NAUXK,0.0,Low Risk,199.5,Low Priority,0.93,Low
0114-RSRRW,0.0,Low Risk,199.5,Low Priority,0.93,Low
5669-SRAIP,0.0,Low Risk,197.5,Low Priority,0.92,Low
5295-PCJOO,0.0,Low Risk,197.6,Low Priority,0.92,Low
3146-JTQHR,0.0,Low Risk,196.0,Low Priority,0.92,Low
1456-TWCGB,0.0,Low Risk,197.0,Low Priority,0.92,Low
1230-QAJDW,0.0,Low Risk,195.75,Low Priority,0.92,Low
8076-FEZKJ,0.0,Low Risk,195.0,Low Priority,0.91,Low
7089-RKVSZ,0.0,Low Risk,195.2,Low Priority,0.91,Low
2636-OHFMN,0.0,Low Risk,194.2,Low Priority,0.91,Low
5356-CSVSQ,0.0,Low Risk,193.8,Low Priority,0.91,Low
6645-MXQJT,0.0,Low Risk,194.2,Low Priority,0.91,Low
1215-VFYVK,0.0,Low Risk,193.0,Low Priority,0.9,Low
4815-TUMEQ,0.0,Low Risk,193.0,Low Priority,0.9,Low
0754-UKWQP,0.0,Low Risk,191.7,Low Priority,0.9,Low
4957-TREIR,0.0,Low Risk,193.2,Low Priority,0.9,Low
3158-MOERK,0.0,Low Risk,192.0,Low Priority,0.9,Low
8413-VONUO,0.0,Low Risk,191.3,Low Priority,0.89,Low
4398-HSCJH,0.0,Low Risk,190.8,Low Priority,0.89,Low
7851-WZEKY,0.0,Low Risk,190.3,Low Priority,0.89,Low
5649-ANRML,0.0,Low Risk,190.2,Low Priority,0.89,Low
6549-YMFAW,0.0,Low Risk,191.25,Low Priority,0.89,Low
4929-XIHVW,0.0,Low Risk,191.0,Low Priority,0.89,Low
5349-IECLD,0.0,Low Risk,189.9,Low Priority,0.89,Low
2720-WGKHP,0.0,Low Risk,188.0,Low Priority,0.88,Low
4424-TKOPW,0.0,Low Risk,187.7,Low Priority,0.88,Low
7024-OHCCK,0.0,Low Risk,187.7,Low Priority,0.88,Low
9546-CQJSU,0.0,Low Risk,182.8,Low Priority,0.86,Low
2831-EBWRN,0.0,Low Risk,183.6,Low Priority,0.86,Low
5175-AOBHI,0.0,Low Risk,184.0,Low Priority,0.86,Low
2718-GAXQD,0.0,Low Risk,184.0,Low Priority,0.86,Low
4568-TTZRT,0.0,Low Risk,183.6,Low Priority,0.86,Low
5091-HFAZW,0.0,Low Risk,182.3,Low Priority,0.85,Low
7396-VJUZB,0.0,Low Risk,181.0,Low Priority,0.85,Low
2791-SFVEW,0.0,Low Risk,181.35,Low Priority,0.85,Low
4083-EUGRJ,0.0,Low Risk,182.25,Low Priority,0.85,Low
4137-BTIKL,0.0,Low Risk,181.5,Low Priority,0.85,Low
8631-XVRZL,0.0,Low Risk,181.35,Low Priority,0.85,Low
3043-TYBNO,0.0,Low Risk,181.95,Low Priority,0.85,Low
0411-EZJZE,0.0,Low Risk,180.75,Low Priority,0.85,Low
0139-IVFJG,0.0,Low Risk,180.7,Low Priority,0.85,Low
3859-CVCET,0.0,Low Risk,182.6,Low Priority,0.85,Low
6278-FEPBZ,0.0,Low Risk,182.25,Low Priority,0.85,Low
8229-TNIQA,0.0,Low Risk,181.2,Low Priority,0.85,Low
9348-YVOMK,0.0,Low Risk,179.2,Low Priority,0.84,Low
3703-VAVCL,0.0,Low Risk,180.0,Low Priority,0.84,Low
5644-PDMZC,0.0,Low Risk,179.0,Low Priority,0.84,Low
0310-VQXAM,0.0,Low Risk,178.65,Low Priority,0.84,Low
2074-GKOWZ,0.0,Low Risk,179.1,Low Priority,0.84,Low
6202-JVYEU,0.0,Low Risk,179.1,Low Priority,0.84,Low
8075-GXIUB,0.0,Low Risk,178.65,Low Priority,0.84,Low
7878-JGDKK,0.0,Low Risk,178.2,Low Priority,0.83,Low
9424-CMPOG,0.0,Low Risk,176.4,Low Priority,0.83,Low
6624-JDRDS,0.0,Low Risk,176.7,Low Priority,0.83,Low
3352-RICWQ,0.0,Low Risk,177.75,Low Priority,0.83,Low
5396-IZEPB,0.0,Low Risk,177.29999999999998,Low Priority,0.83,Low
4695-WJZUE,0.0,Low Risk,177.1,Low Priority,0.83,Low
5624-RYAMH,0.0,Low Risk,175.5,Low Priority,0.82,Low
5318-IXUZF,0.0,Low Risk,174.3,Low Priority,0.82,Low
0319-QZTCO,0.0,Low Risk,176.10000000000002,Low Priority,0.82,Low
7727-SHVZV,0.0,Low Risk,175.5,Low Priority,0.82,Low
9027-YFHQJ,0.0,Low Risk,175.35,Low Priority,0.82,Low
1329-VHWNP,0.0,Low Risk,175.35,Low Priority,0.82,Low
3097-NQYSN,0.0,Low Risk,173.7,Low Priority,0.81,Low
5215-LNLDJ,0.0,Low Risk,172.9,Low Priority,0.81,Low
0133-BMFZO,0.0,Low Risk,172.5,Low Priority,0.81,Low
6275-YDUVO,0.0,Low Risk,172.4,Low Priority,0.81,Low
5277-ZLOOR,0.0,Low Risk,171.1,Low Priority,0.8,Low
0259-GBZSH,0.0,Low Risk,171.3,Low Priority,0.8,Low
6474-FVJLC,0.0,Low Risk,172.0,Low Priority,0.8,Low
5882-CMAZQ,0.0,Low Risk,171.25,Low Priority,0.8,Low
0220-EBGCE,0.0,Low Risk,171.7,Low Priority,0.8,Low
1991-VOPLL,0.0,Low Risk,171.45000000000002,Low Priority,0.8,Low
9795-VOWON,0.0,Low Risk,170.45000000000002,Low Priority,0.8,Low
7880-XSOJX,0.0,Low Risk,169.6,Low Priority,0.79,Low
8824-RWFXJ,0.0,Low Risk,168.45,Low Priority,0.79,Low
3489-HHPFY,0.0,Low Risk,168.1,Low Priority,0.79,Low
1045-LTCYT,0.0,Low Risk,168.4,Low Priority,0.79,Low
8963-JLGJT,0.0,Low Risk,167.7,Low Priority,0.78,Low
3656-TKRVZ,0.0,Low Risk,166.05,Low Priority,0.78,Low
3717-FDJFU,0.005,Low Risk,102.25,Low Priority,0.78,Low
6407-UTSLV,0.0,Low Risk,167.6,Low Priority,0.78,Low
4484-CGXFK,0.0,Low Risk,165.89999999999998,Low Priority,0.78,Low
9269-CQOOL,0.0,Low Risk,164.10000000000002,Low Priority,0.77,Low
9261-WDCAF,0.0,Low Risk,163.95,Low Priority,0.77,Low
1614-JBEBI,0.0,Low Risk,165.6,Low Priority,0.77,Low
8806-EAGWC,0.0,Low Risk,165.45,Low Priority,0.77,Low
0807-ZABDG,0.0,Low Risk,165.3,Low Priority,0.77,Low
7314-OXENN,0.0,Low Risk,164.0,Low Priority,0.77,Low
7140-ADSMJ,0.0,Low Risk,163.6,Low Priority,0.77,Low
9050-IKDZA,0.0,Low Risk,163.0,Low Priority,0.76,Low
1850-AKQEP,0.0,Low Risk,162.8,Low Priority,0.76,Low
8388-DMKAE,0.0,Low Risk,162.0,Low Priority,0.76,Low
5345-BMKWB,0.0,Low Risk,162.0,Low Priority,0.76,Low
8183-ONMXC,0.0,Low Risk,161.5,Low Priority,0.76,Low
4918-QLLIW,0.0,Low Risk,160.2,Low Priority,0.75,Low
7845-URHJN,0.0,Low Risk,161.2,Low Priority,0.75,Low
4234-XTNEA,0.0,Low Risk,159.9,Low Priority,0.75,Low
0224-NIJLP,0.0,Low Risk,161.2,Low Priority,0.75,Low
2017-CCBLH,0.0,Low Risk,160.0,Low Priority,0.75,Low
8943-URTMR,0.0,Low Risk,159.3,Low Priority,0.75,Low
9317-WZPGV,0.0,Low Risk,159.5,Low Priority,0.75,Low
1981-INRFU,0.0,Low Risk,159.5,Low Priority,0.75,Low
2717-HVIZY,0.0,Low Risk,160.4,Low Priority,0.75,Low
3130-ICDUP,0.0,Low Risk,161.1,Low Priority,0.75,Low
3748-FVMZZ,0.0,Low Risk,160.2,Low Priority,0.75,Low
4741-WWJQZ,0.0,Low Risk,160.3,Low Priority,0.75,Low
4694-PHWFW,0.0,Low Risk,159.6,Low Priority,0.75,Low
8086-OVPWV,0.0,Low Risk,160.4,Low Priority,0.75,Low
5712-PTIWW,0.0,Low Risk,159.7,Low Priority,0.75,Low
7760-OYPDY,0.0,Low Risk,161.3,Low Priority,0.75,Low
6923-JHPMP,0.0,Low Risk,160.9,Low Priority,0.75,Low
8642-GVWRF,0.0,Low Risk,159.4,Low Priority,0.75,Low
9689-PTNPG,0.0,Low Risk,160.5,Low Priority,0.75,Low
4529-CKBCL,0.0,Low Risk,160.4,Low Priority,0.75,Low
2868-SNELZ,0.0,Low Risk,161.2,Low Priority,0.75,Low
3422-GALYP,0.0,Low Risk,158.9,Low Priority,0.74,Low
5726-CVNYA,0.0,Low Risk,158.8,Low Priority,0.74,Low
5647-URDKA,0.0,Low Risk,157.6,Low Priority,0.74,Low
2466-NEJOJ,0.0,Low Risk,157.2,Low Priority,0.74,Low
3420-YJLQT,0.0,Low Risk,159.1,Low Priority,0.74,Low
1222-LRYKO,0.0,Low Risk,158.10000000000002,Low Priority,0.74,Low
1226-JZNKR,0.0,Low Risk,158.4,Low Priority,0.74,Low
5561-NWEVX,0.0,Low Risk,158.4,Low Priority,0.74,Low
2667-WYLWJ,0.0,Low Risk,158.0,Low Priority,0.74,Low
3981-QSVQI,0.0,Low Risk,157.6,Low Priority,0.74,Low
4365-MSDYN,0.0,Low Risk,156.4,Low Priority,0.73,Low
8148-WOCMK,0.0,Low Risk,156.8,Low Priority,0.73,Low
2229-DPMBI,0.0,Low Risk,156.0,Low Priority,0.73,Low
4801-KFYKL,0.0,Low Risk,155.6,Low Priority,0.73,Low
1304-NECVQ,0.0,Low Risk,157.1,Low Priority,0.73,Low
1735-XMJVH,0.0,Low Risk,154.8,Low Priority,0.72,Low
3694-DELSO,0.0,Low Risk,154.2,Low Priority,0.72,Low
0637-KVDLV,0.0,Low Risk,153.0,Low Priority,0.72,Low
9498-FIMXL,0.0,Low Risk,153.6,Low Priority,0.72,Low
6979-TNDEU,0.0,Low Risk,153.6,Low Priority,0.72,Low
9631-XEYKE,0.0,Low Risk,151.2,Low Priority,0.71,Low
8364-TRMMK,0.0,Low Risk,151.95,Low Priority,0.71,Low
2516-VQRRV,0.0,Low Risk,150.9,Low Priority,0.71,Low
6637-KYRCV,0.0,Low Risk,152.5,Low Priority,0.71,Low
8433-WXGNA,0.0,Low Risk,151.4,Low Priority,0.71,Low
3329-WDIOK,0.0,Low Risk,151.8,Low Priority,0.71,Low
2005-DWQZJ,0.0,Low Risk,152.4,Low Priority,0.71,Low
4026-SKKHW,0.0,Low Risk,150.75,Low Priority,0.71,Low
3283-WCWXT,0.0,Low Risk,152.39999999999998,Low Priority,0.71,Low
1763-WQFUK,0.0,Low Risk,151.5,Low Priority,0.71,Low
1597-FZREH,0.0,Low Risk,152.8,Low Priority,0.71,Low
7598-UAASY,0.0,Low Risk,152.8,Low Priority,0.71,Low
1618-CFHME,0.0,Low Risk,151.8,Low Priority,0.71,Low
0929-HYQEW,0.0,Low Risk,150.45,Low Priority,0.7,Low
5896-NPFWW,0.0,Low Risk,150.45,Low Priority,0.7,Low
9575-IWCAZ,0.0,Low Risk,150.60000000000002,Low Priority,0.7,Low
2080-GKCWQ,0.0,Low Risk,149.9,Low Priority,0.7,Low
4770-UEZOX,0.0,Low Risk,149.5,Low Priority,0.7,Low
6221-AVQYL,0.0,Low Risk,146.5,Low Priority,0.69,Low
8878-HMWBV,0.0,Low Risk,147.45,Low Priority,0.69,Low
2983-ZANRP,0.0,Low Risk,147.1,Low Priority,0.69,Low
2880-FPNAE,0.0,Low Risk,148.4,Low Priority,0.69,Low
2351-RRBUE,0.0,Low Risk,144.54999999999998,Low Priority,0.68,Low
3530-CRZSB,0.0,Low Risk,144.54999999999998,Low Priority,0.68,Low
3295-YVUSR,0.0,Low Risk,145.2,Low Priority,0.68,Low
3012-VFFMN,0.0,Low Risk,144.54999999999998,Low Priority,0.68,Low
0750-EKNGL,0.0,Low Risk,145.25,Low Priority,0.68,Low
5774-XZTQC,0.0,Low Risk,143.15,Low Priority,0.67,Low
6671-NGWON,0.0,Low Risk,142.45000000000002,Low Priority,0.67,Low
5619-XZZKR,0.005,Low Risk,79.8,Low Priority,0.67,Low
0508-OOLTO,0.0,Low Risk,143.3,Low Priority,0.67,Low
6235-VDHOM,0.0,Low Risk,142.25,Low Priority,0.67,Low
4450-DLLMH,0.0,Low Risk,142.6,Low Priority,0.67,Low
4797-MIWUM,0.0,Low Risk,141.75,Low Priority,0.66,Low
1383-EZRWL,0.0,Low Risk,140.35,Low Priority,0.66,Low
5119-NZPTV,0.0,Low Risk,140.2,Low Priority,0.66,Low
7353-YOWFP,0.0,Low Risk,141.75,Low Priority,0.66,Low
8835-VSDSE,0.0,Low Risk,141.4,Low Priority,0.66,Low
2260-USTRB,0.0,Low Risk,140.4,Low Priority,0.66,Low
4291-YZODP,0.0,Low Risk,140.35,Low Priority,0.66,Low
9237-HQITU,0.0,Low Risk,141.4,Low Priority,0.66,Low
4629-NRXKX,0.0,Low Risk,140.8,Low Priority,0.66,Low
4732-RRJZC,0.0,Low Risk,141.75,Low Priority,0.66,Low
5804-LEPIM,0.0,Low Risk,140.7,Low Priority,0.66,Low
2905-KFQUV,0.0,Low Risk,140.8,Low Priority,0.66,Low
7321-VGNKU,0.0,Low Risk,140.7,Low Priority,0.66,Low
3866-MDTUB,0.0,Low Risk,141.5,Low Priority,0.66,Low
5028-GZLDO,0.0,Low Risk,141.4,Low Priority,0.66,Low
3234-VKACU,0.0,Low Risk,140.6,Low Priority,0.66,Low
7394-LWLYN,0.0,Low Risk,140.3,Low Priority,0.66,Low
1009-IRMNA,0.0,Low Risk,140.0,Low Priority,0.65,Low
7075-BNDVQ,0.0,Low Risk,140.0,Low Priority,0.65,Low
7538-GWHML,0.0,Low Risk,139.3,Low Priority,0.65,Low
5832-XKAES,0.0,Low Risk,139.6,Low Priority,0.65,Low
9799-CAYJJ,0.0,Low Risk,138.6,Low Priority,0.65,Low
2637-FKFSY,0.0,Low Risk,138.3,Low Priority,0.65,Low
5916-QEWPT,0.0,Low Risk,138.0,Low Priority,0.65,Low
5600-KTXFM,0.0,Low Risk,139.9,Low Priority,0.65,Low
2673-ZALNP,0.0,Low Risk,139.29999999999998,Low Priority,0.65,Low
4482-EWFMI,0.0,Low Risk,139.4,Low Priority,0.65,Low
5276-KQWHG,0.0,Low Risk,139.2,Low Priority,0.65,Low
6993-OHLXR,0.0,Low Risk,137.9,Low Priority,0.65,Low
2897-DOVND,0.0,Low Risk,139.6,Low Priority,0.65,Low
4061-UKJWL,0.0,Low Risk,136.35000000000002,Low Priority,0.64,Low
1015-JPFYW,0.0,Low Risk,136.15,Low Priority,0.64,Low
1589-AGTLK,0.0,Low Risk,136.05,Low Priority,0.64,Low
2550-QHZGP,0.0,Low Risk,136.5,Low Priority,0.64,Low
8295-FHIVV,0.0,Low Risk,135.79999999999998,Low Priority,0.64,Low
3546-GHEAE,0.0,Low Risk,136.15,Low Priority,0.64,Low
0374-IOEGQ,0.0,Low Risk,133.8,Low Priority,0.63,Low
2320-YKQBO,0.0,Low Risk,135.1,Low Priority,0.63,Low
3806-DXQOM,0.0,Low Risk,134.6,Low Priority,0.63,Low
8660-BUETV,0.0,Low Risk,134.25,Low Priority,0.63,Low
7675-OZCZG,0.0,Low Risk,135.0,Low Priority,0.63,Low
7963-GQRMY,0.0,Low Risk,132.89999999999998,Low Priority,0.62,Low
5485-WUYWF,0.0,Low Risk,132.8,Low Priority,0.62,Low
0568-ONFPC,0.0,Low Risk,129.5,Low Priority,0.61,Low
3415-TAILE,0.0,Low Risk,131.4,Low Priority,0.61,Low
5173-WXOQV,0.0,Low Risk,128.4,Low Priority,0.6,Low
1814-DKOLC,0.0,Low Risk,127.25,Low Priority,0.6,Low
5349-AZPEW,0.0,Low Risk,125.25,Low Priority,0.59,Low
5955-EPOAZ,0.0,Low Risk,125.7,Low Priority,0.59,Low
0541-FITGH,0.0,Low Risk,124.3,Low Priority,0.58,Low
7802-EFKNY,0.0,Low Risk,124.75,Low Priority,0.58,Low
6490-FGZAT,0.0,Low Risk,123.9,Low Priority,0.58,Low
4662-EKDPQ,0.0,Low Risk,124.1,Low Priority,0.58,Low
2928-HLDBA,0.0,Low Risk,124.2,Low Priority,0.58,Low
7435-ZNUYY,0.0,Low Risk,123.6,Low Priority,0.58,Low
6351-SCJKT,0.0,Low Risk,124.05,Low Priority,0.58,Low
1791-PQHBB,0.0,Low Risk,122.4,Low Priority,0.57,Low
3090-LETTY,0.0,Low Risk,121.9,Low Priority,0.57,Low
7787-BNTZM,0.0,Low Risk,120.9,Low Priority,0.57,Low
2233-FAGXV,0.0,Low Risk,121.5,Low Priority,0.57,Low
6180-YBIQI,0.0,Low Risk,121.5,Low Priority,0.57,Low
9505-SQFSW,0.0,Low Risk,120.9,Low Priority,0.57,Low
2030-BTZRO,0.0,Low Risk,122.4,Low Priority,0.57,Low
1641-BYBTK,0.0,Low Risk,121.2,Low Priority,0.57,Low
8676-OOQEJ,0.0,Low Risk,122.0,Low Priority,0.57,Low
3995-WFCSM,0.0,Low Risk,121.7,Low Priority,0.57,Low
2587-YNLES,0.0,Low Risk,120.6,Low Priority,0.56,Low
4854-SSLTN,0.0,Low Risk,119.0,Low Priority,0.56,Low
4020-KIUDI,0.0,Low Risk,119.1,Low Priority,0.56,Low
0928-JMXNP,0.0,Low Risk,119.6,Low Priority,0.56,Low
6972-SNKKW,0.0,Low Risk,120.0,Low Priority,0.56,Low
3724-UCSHY,0.0,Low Risk,117.3,Low Priority,0.55,Low
6806-YDEUL,0.0,Low Risk,117.0,Low Priority,0.55,Low
7196-LIWRH,0.0,Low Risk,117.3,Low Priority,0.55,Low
4719-UMSIY,0.0,Low Risk,117.9,Low Priority,0.55,Low
6778-YSNIH,0.0,Low Risk,118.0,Low Priority,0.55,Low
9150-KPBJQ,0.0,Low Risk,117.9,Low Priority,0.55,Low
9626-WEQRM,0.0,Low Risk,116.6,Low Priority,0.55,Low
0895-LNKRC,0.0,Low Risk,116.7,Low Priority,0.55,Low
1345-GKDZZ,0.0,Low Risk,117.3,Low Priority,0.55,Low
9970-QBCDA,0.0,Low Risk,118.2,Low Priority,0.55,Low
7623-HKYRK,0.0,Low Risk,118.2,Low Priority,0.55,Low
7853-OETYL,0.0,Low Risk,116.2,Low Priority,0.54,Low
2862-JVEOY,0.0,Low Risk,114.9,Low Priority,0.54,Low
0661-KQHNK,0.0,Low Risk,114.0,Low Priority,0.53,Low
7968-QUXNS,0.0,Low Risk,113.7,Low Priority,0.53,Low
5208-HFSBT,0.0,Low Risk,110.1,Low Priority,0.52,Low
4430-UZIPO,0.0,Low Risk,110.55,Low Priority,0.52,Low
5493-SDRDQ,0.0,Low Risk,110.2,Low Priority,0.52,Low
3620-MWJNE,0.0,Low Risk,108.9,Low Priority,0.51,Low
9667-TKTVZ,0.0,Low Risk,108.7,Low Priority,0.51,Low
8654-DHAOW,0.0,Low Risk,108.3,Low Priority,0.51,Low
7580-UGXNC,0.0,Low Risk,109.7,Low Priority,0.51,Low
7890-VYYWG,0.0,Low Risk,109.35,Low Priority,0.51,Low
1251-KRREG,0.0,Low Risk,108.8,Low Priority,0.51,Low
2108-XWMPY,0.0,Low Risk,106.35,Low Priority,0.5,Low
3668-QPYBK,0.0,Low Risk,107.7,Low Priority,0.5,Low
2181-UAESM,0.0,Low Risk,106.9,Low Priority,0.5,Low
3050-GBUSH,0.0,Low Risk,104.4,Low Priority,0.49,Low
7384-GHBPI,0.0,Low Risk,105.45,Low Priority,0.49,Low
0278-YXOOG,0.0,Low Risk,105.25,Low Priority,0.49,Low
2732-ISEZX,0.0,Low Risk,102.5,Low Priority,0.48,Low
6629-LADHQ,0.0,Low Risk,101.9,Low Priority,0.48,Low
4430-YHXGG,0.0,Low Risk,101.8,Low Priority,0.48,Low
2969-QWUBZ,0.0,Low Risk,102.8,Low Priority,0.48,Low
2739-CCZMB,0.0,Low Risk,101.75,Low Priority,0.48,Low
6621-YOBKI,0.0,Low Risk,101.75,Low Priority,0.48,Low
3815-SLMEF,0.0,Low Risk,102.75,Low Priority,0.48,Low
7501-VTYLJ,0.0,Low Risk,103.1,Low Priority,0.48,Low
1925-GMVBW,0.0,Low Risk,102.75,Low Priority,0.48,Low
2690-DVRVK,0.0,Low Risk,102.75,Low Priority,0.48,Low
3178-FESZO,0.0,Low Risk,100.25,Low Priority,0.47,Low
7216-EWTRS,0.0,Low Risk,100.8,Low Priority,0.47,Low
6844-DZKRF,0.0,Low Risk,100.4,Low Priority,0.47,Low
4785-NKHCX,0.0,Low Risk,100.25,Low Priority,0.47,Low
0107-YHINA,0.0,Low Risk,99.75,Low Priority,0.47,Low
9294-TDIPC,0.0,Low Risk,101.0,Low Priority,0.47,Low
5419-JPRRN,0.0,Low Risk,101.45,Low Priority,0.47,Low
5167-GBFRE,0.0,Low Risk,100.8,Low Priority,0.47,Low
6377-KSLXC,0.0,Low Risk,99.75,Low Priority,0.47,Low
2439-QKJUL,0.0,Low Risk,101.25,Low Priority,0.47,Low
3363-EWLGO,0.0,Low Risk,99.75,Low Priority,0.47,Low
4815-GBTCD,0.0,Low Risk,100.6,Low Priority,0.47,Low
8746-OQQRW,0.0,Low Risk,101.0,Low Priority,0.47,Low
9350-ZXYJC,0.0,Low Risk,101.2,Low Priority,0.47,Low
3977-QCRSL,0.0,Low Risk,100.75,Low Priority,0.47,Low
8752-IMQOS,0.0,Low Risk,100.5,Low Priority,0.47,Low
4140-WJAWW,0.0,Low Risk,99.25,Low Priority,0.46,Low
0067-DKWBL,0.0,Low Risk,98.5,Low Priority,0.46,Low
3097-NNSPB,0.0,Low Risk,98.1,Low Priority,0.46,Low
5261-QSHQM,0.0,Low Risk,97.8,Low Priority,0.46,Low
8348-HFYIV,0.0,Low Risk,98.5,Low Priority,0.46,Low
5948-UJZLF,0.0,Low Risk,98.5,Low Priority,0.46,Low
9734-UYXQI,0.0,Low Risk,98.8,Low Priority,0.46,Low
1226-UDFZR,0.0,Low Risk,99.2,Low Priority,0.46,Low
6356-ELRKD,0.0,Low Risk,95.6,Low Priority,0.45,Low
1393-IMKZG,0.0,Low Risk,95.85,Low Priority,0.45,Low
5650-VDUDS,0.0,Low Risk,97.0,Low Priority,0.45,Low
7377-DMMRI,0.0,Low Risk,95.6,Low Priority,0.45,Low
4903-UYAVB,0.0,Low Risk,96.75,Low Priority,0.45,Low
1257-SXUXQ,0.0,Low Risk,97.25,Low Priority,0.45,Low
0303-WMMRN,0.0,Low Risk,96.25,Low Priority,0.45,Low
4116-IQRFR,0.0,Low Risk,96.4,Low Priority,0.45,Low
6521-YYTYI,0.0,Low Risk,93.3,Low Priority,0.44,Low
9223-UCPVT,0.0,Low Risk,94.4,Low Priority,0.44,Low
5968-VXZLG,0.0,Low Risk,93.2,Low Priority,0.44,Low
8149-RSOUN,0.0,Low Risk,93.85,Low Priority,0.44,Low
9300-AGZNL,0.0,Low Risk,94.0,Low Priority,0.44,Low
4910-GMJOT,0.0,Low Risk,94.6,Low Priority,0.44,Low
9497-QCMMS,0.0,Low Risk,93.55,Low Priority,0.44,Low
0684-AOSIH,0.0,Low Risk,95.0,Low Priority,0.44,Low
3186-BAXNB,0.0,Low Risk,91.7,Low Priority,0.43,Low
5365-LLFYV,0.0,Low Risk,91.7,Low Priority,0.43,Low
2842-JTCCU,0.0,Low Risk,92.1,Low Priority,0.43,Low
4537-DKTAL,0.0,Low Risk,91.1,Low Priority,0.43,Low
3988-RQIXO,0.0,Low Risk,91.3,Low Priority,0.43,Low
1501-SGHBW,0.0,Low Risk,91.7,Low Priority,0.43,Low
7841-TZDMQ,0.0,Low Risk,92.0,Low Priority,0.43,Low
1078-TDCRN,0.0,Low Risk,92.25,Low Priority,0.43,Low
9725-SCPZG,0.0,Low Risk,90.85,Low Priority,0.43,Low
8167-GJLRN,0.0,Low Risk,91.2,Low Priority,0.43,Low
4671-LXRDQ,0.0,Low Risk,90.0,Low Priority,0.42,Low
4432-ADRLB,0.0,Low Risk,89.3,Low Priority,0.42,Low
4816-JBHOV,0.0,Low Risk,89.4,Low Priority,0.42,Low
2725-KXXWT,0.0,Low Risk,90.75,Low Priority,0.42,Low
3801-HMYNL,0.0,Low Risk,89.15,Low Priority,0.42,Low
7274-RTAPZ,0.0,Low Risk,90.55,Low Priority,0.42,Low
3278-FSIXX,0.0,Low Risk,90.5,Low Priority,0.42,Low
5797-APWZC,0.0,Low Risk,90.6,Low Priority,0.42,Low
9588-OZDMQ,0.0,Low Risk,90.0,Low Priority,0.42,Low
1728-BQDMA,0.0,Low Risk,88.9,Low Priority,0.42,Low
4273-MBHYA,0.0,Low Risk,89.35,Low Priority,0.42,Low
7729-JTEEC,0.0,Low Risk,89.0,Low Priority,0.42,Low
4959-JOSRX,0.0,Low Risk,89.2,Low Priority,0.42,Low
3538-WZPHD,0.0,Low Risk,88.80000000000001,Low Priority,0.42,Low
6519-CFDBX,0.0,Low Risk,90.8,Low Priority,0.42,Low
4592-IWTJI,0.0,Low Risk,89.1,Low Priority,0.42,Low
1455-ESIQH,0.0,Low Risk,89.1,Low Priority,0.42,Low
6817-WTYHE,0.0,Low Risk,89.8,Low Priority,0.42,Low
8775-LHDJH,0.0,Low Risk,90.6,Low Priority,0.42,Low
3068-OMWZA,0.0,Low Risk,88.8,Low Priority,0.42,Low
5960-MVTUK,0.0,Low Risk,89.25,Low Priority,0.42,Low
7577-SWIFR,0.0,Low Risk,89.25,Low Priority,0.42,Low
7294-TMAOP,0.0,Low Risk,90.55,Low Priority,0.42,Low
2737-WFVYW,0.0,Low Risk,90.5,Low Priority,0.42,Low
1415-YFWLT,0.0,Low Risk,89.3,Low Priority,0.42,Low
5156-UMKOW,0.0,Low Risk,88.94999999999999,Low Priority,0.42,Low
7615-ESMYF,0.0,Low Risk,89.2,Low Priority,0.42,Low
3082-VQXNH,0.0,Low Risk,89.4,Low Priority,0.42,Low
3027-ZTDHO,0.0,Low Risk,89.9,Low Priority,0.42,Low
2962-XPMCQ,0.0,Low Risk,90.3,Low Priority,0.42,Low
1941-HOSAM,0.0,Low Risk,90.1,Low Priority,0.42,Low
8603-IJWDN,0.0,Low Risk,86.6,Low Priority,0.41,Low
0224-RLWWD,0.0,Low Risk,88.6,Low Priority,0.41,Low
3798-EPWRR,0.0,Low Risk,87.9,Low Priority,0.41,Low
3754-DXMRT,0.0,Low Risk,88.3,Low Priority,0.41,Low
0975-VOOVL,0.0,Low Risk,87.6,Low Priority,0.41,Low
2372-HWUHI,0.0,Low Risk,88.7,Low Priority,0.41,Low
4844-JJWUY,0.0,Low Risk,86.0,Low Priority,0.4,Low
8937-RDTHP,0.0,Low Risk,84.6,Low Priority,0.4,Low
4826-XTSOH,0.0,Low Risk,86.05,Low Priority,0.4,Low
7120-RFMVS,0.0,Low Risk,84.5,Low Priority,0.4,Low
6877-TJMBR,0.0,Low Risk,84.8,Low Priority,0.4,Low
5597-GLBUC,0.0,Low Risk,85.45,Low Priority,0.4,Low
3049-NDXFL,0.0,Low Risk,85.8,Low Priority,0.4,Low
7503-ZGUZJ,0.0,Low Risk,84.65,Low Priority,0.4,Low
5192-EBGOV,0.0,Low Risk,85.7,Low Priority,0.4,Low
9124-LHCJQ,0.0,Low Risk,85.45,Low Priority,0.4,Low
4912-PIGUY,0.0,Low Risk,84.6,Low Priority,0.4,Low
9282-IZGQK,0.0,Low Risk,85.0,Low Priority,0.4,Low
0742-NXBGR,0.0,Low Risk,82.3,Low Priority,0.39,Low
7219-TLZHO,0.0,Low Risk,83.4,Low Priority,0.39,Low
7976-CICYS,0.0,Low Risk,82.8,Low Priority,0.39,Low
2792-LSHWX,0.0,Low Risk,83.4,Low Priority,0.39,Low
2013-SGDXK,0.0,Low Risk,84.3,Low Priority,0.39,Low
9367-OIUXP,0.0,Low Risk,82.8,Low Priority,0.39,Low
6457-USBER,0.0,Low Risk,80.8,Low Priority,0.38,Low
4397-FRLTA,0.0,Low Risk,80.6,Low Priority,0.38,Low
4614-NUVZD,0.0,Low Risk,81.1,Low Priority,0.38,Low
8189-DUKMV,0.0,Low Risk,82.0,Low Priority,0.38,Low
0137-OCGAB,0.0,Low Risk,80.2,Low Priority,0.38,Low
5712-VBOXD,0.0,Low Risk,80.6,Low Priority,0.38,Low
5494-HECPR,0.0,Low Risk,80.25,Low Priority,0.38,Low
2018-QKYGT,0.0,Low Risk,81.05,Low Priority,0.38,Low
7439-DKZTW,0.0,Low Risk,80.55,Low Priority,0.38,Low
9929-PLVPA,0.0,Low Risk,81.6,Low Priority,0.38,Low
2004-OCQXK,0.0,Low Risk,81.95,Low Priority,0.38,Low
0318-QUUOB,0.0,Low Risk,80.55,Low Priority,0.38,Low
1336-EZFZY,0.0,Low Risk,80.2,Low Priority,0.38,Low
7903-CMPEY,0.0,Low Risk,80.3,Low Priority,0.38,Low
6772-KSATR,0.0,Low Risk,81.7,Low Priority,0.38,Low
5687-DKDTV,0.0,Low Risk,81.4,Low Priority,0.38,Low
2495-TTHBQ,0.0,Low Risk,81.6,Low Priority,0.38,Low
6469-QJKZW,0.0,Low Risk,80.6,Low Priority,0.38,Low
7874-ECPQJ,0.0,Low Risk,80.2,Low Priority,0.38,Low
9618-LFJRU,0.0,Low Risk,81.8,Low Priority,0.38,Low
0031-PVLZI,0.0,Low Risk,81.4,Low Priority,0.38,Low
3345-JHUEO,0.0,Low Risk,80.8,Low Priority,0.38,Low
5673-TIYIB,0.0,Low Risk,80.8,Low Priority,0.38,Low
6231-WFGFH,0.0,Low Risk,82.0,Low Priority,0.38,Low
5275-SQEIZ,0.0,Low Risk,80.85,Low Priority,0.38,Low
8058-INTPH,0.0,Low Risk,79.65,Low Priority,0.37,Low
1761-AEZZR,0.0,Low Risk,79.55,Low Priority,0.37,Low
0495-RVCBF,0.0,Low Risk,79.7,Low Priority,0.37,Low
2777-PHDEI,0.0,Low Risk,78.05,Low Priority,0.37,Low
1285-OKIPP,0.0,Low Risk,79.9,Low Priority,0.37,Low
7493-TPUWZ,0.0,Low Risk,79.15,Low Priority,0.37,Low
0323-XWWTN,0.0,Low Risk,79.19999999999999,Low Priority,0.37,Low
8945-GRKHX,0.0,Low Risk,78.65,Low Priority,0.37,Low
6567-HOOPW,0.0,Low Risk,79.2,Low Priority,0.37,Low
1354-YZFNB,0.0,Low Risk,78.2,Low Priority,0.37,Low
5702-SKUOB,0.0,Low Risk,78.4,Low Priority,0.37,Low
5393-RXQSZ,0.0,Low Risk,79.6,Low Priority,0.37,Low
5919-TMRGD,0.0,Low Risk,79.35,Low Priority,0.37,Low
5960-WPXQM,0.0,Low Risk,79.05,Low Priority,0.37,Low
3097-PYWXL,0.0,Low Risk,79.8,Low Priority,0.37,Low
6618-RYATB,0.0,Low Risk,79.55,Low Priority,0.37,Low
8740-CRYFY,0.0,Low Risk,78.95,Low Priority,0.37,Low
7594-RQHXR,0.0,Low Risk,79.6,Low Priority,0.37,Low
5144-PQCDZ,0.0,Low Risk,79.8,Low Priority,0.37,Low
0690-SRQID,0.0,Low Risk,78.6,Low Priority,0.37,Low
9300-RENDD,0.0,Low Risk,79.95,Low Priority,0.37,Low
6260-XLACS,0.0,Low Risk,78.8,Low Priority,0.37,Low
8580-AECUZ,0.0,Low Risk,79.1,Low Priority,0.37,Low
2868-MZAGQ,0.0,Low Risk,79.25,Low Priority,0.37,Low
4558-CGYCZ,0.0,Low Risk,79.0,Low Priority,0.37,Low
0754-EEBDC,0.0,Low Risk,79.6,Low Priority,0.37,Low
9885-CSMWE,0.0,Low Risk,78.45,Low Priority,0.37,Low
9019-QVLZD,0.0,Low Risk,79.55,Low Priority,0.37,Low
6086-ESGRL,0.0,Low Risk,80.15,Low Priority,0.37,Low
6960-HVYXR,0.0,Low Risk,76.0,Low Priority,0.36,Low
0231-LXVAP,0.0,Low Risk,75.9,Low Priority,0.36,Low
8410-BGQXN,0.0,Low Risk,77.6,Low Priority,0.36,Low
7234-KMNRQ,0.0,Low Risk,76.0,Low Priority,0.36,Low
3296-SILRA,0.0,Low Risk,76.4,Low Priority,0.36,Low
9444-JTXHZ,0.0,Low Risk,76.2,Low Priority,0.36,Low
5222-JCXZT,0.0,Low Risk,76.0,Low Priority,0.36,Low
6368-TZZDT,0.0,Low Risk,78.0,Low Priority,0.36,Low
6894-LFHLY,0.0,Low Risk,75.75,Low Priority,0.35,Low
4102-OQUPX,0.0,Low Risk,74.4,Low Priority,0.35,Low
5054-IEXZT,0.0,Low Risk,75.35,Low Priority,0.35,Low
8687-BAFGU,0.0,Low Risk,74.0,Low Priority,0.35,Low
9743-DQKQW,0.0,Low Risk,75.30000000000001,Low Priority,0.35,Low
2424-WVHPL,0.0,Low Risk,74.7,Low Priority,0.35,Low
2468-SJFLM,0.0,Low Risk,74.3,Low Priority,0.35,Low
5564-NEMQO,0.0,Low Risk,75.3,Low Priority,0.35,Low
8816-VXNZD,0.0,Low Risk,75.1,Low Priority,0.35,Low
9894-EZEWG,0.0,Low Risk,74.3,Low Priority,0.35,Low
3765-JXVKY,0.0,Low Risk,74.7,Low Priority,0.35,Low
1746-TGTWV,0.0,Low Risk,75.35,Low Priority,0.35,Low
6358-LYNGM,0.0,Low Risk,74.9,Low Priority,0.35,Low
9277-JOOMO,0.0,Low Risk,73.80000000000001,Low Priority,0.35,Low
7595-EUIVN,0.0,Low Risk,75.8,Low Priority,0.35,Low
2982-IHMFT,0.0,Low Risk,74.45,Low Priority,0.35,Low
5240-IJOQT,0.0,Low Risk,74.7,Low Priority,0.35,Low
1866-OBPNR,0.0,Low Risk,74.6,Low Priority,0.35,Low
3551-HUAZH,0.0,Low Risk,74.4,Low Priority,0.35,Low
9840-EFJQB,0.0,Low Risk,74.35,Low Priority,0.35,Low
1157-BQCUW,0.0,Low Risk,74.95,Low Priority,0.35,Low
3276-HDUEG,0.0,Low Risk,75.05,Low Priority,0.35,Low
2024-BASKD,0.0,Low Risk,74.6,Low Priority,0.35,Low
6996-KNSML,0.0,Low Risk,74.9,Low Priority,0.35,Low
2592-SEIFQ,0.0,Low Risk,74.25,Low Priority,0.35,Low
5043-TRZWM,0.0,Low Risk,75.55,Low Priority,0.35,Low
4274-OWWYO,0.0,Low Risk,74.35,Low Priority,0.35,Low
0620-XEFWH,0.0,Low Risk,75.4,Low Priority,0.35,Low
9787-XVQIU,0.0,Low Risk,75.3,Low Priority,0.35,Low
1833-VGRUM,0.0,Low Risk,74.2,Low Priority,0.35,Low
8372-JUXUI,0.0,Low Risk,74.35,Low Priority,0.35,Low
9399-APLBT,0.0,Low Risk,74.7,Low Priority,0.35,Low
1452-VOQCH,0.0,Low Risk,75.1,Low Priority,0.35,Low
3746-EUBYR,0.0,Low Risk,74.6,Low Priority,0.35,Low
4988-IQIGL,0.0,Low Risk,75.35,Low Priority,0.35,Low
0723-DRCLG,0.0,Low Risk,74.45,Low Priority,0.35,Low
0817-HSUSE,0.0,Low Risk,75.5,Low Priority,0.35,Low
5834-ASPWA,0.0,Low Risk,75.45,Low Priority,0.35,Low
6390-DSAZX,0.0,Low Risk,73.6,Low Priority,0.34,Low
0021-IKXGC,0.0,Low Risk,72.1,Low Priority,0.34,Low
8473-VUVJN,0.0,Low Risk,73.65,Low Priority,0.34,Low
4075-WKNIU,0.0,Low Risk,73.35,Low Priority,0.34,Low
6513-EECDB,0.0,Low Risk,73.55,Low Priority,0.34,Low
1977-STDKI,0.0,Low Risk,73.0,Low Priority,0.34,Low
8644-XLFBW,0.0,Low Risk,71.65,Low Priority,0.34,Low
3494-JCHRQ,0.0,Low Risk,70.05,Low Priority,0.33,Low
7465-ZZRVX,0.0,Low Risk,70.35,Low Priority,0.33,Low
9605-WGJVW,0.0,Low Risk,70.2,Low Priority,0.33,Low
8309-IEYJD,0.0,Low Risk,70.6,Low Priority,0.33,Low
1031-IIDEO,0.0,Low Risk,70.85,Low Priority,0.33,Low
4702-IOQDC,0.0,Low Risk,70.1,Low Priority,0.33,Low
5940-AHUHD,0.0,Low Risk,70.6,Low Priority,0.33,Low
5583-SXDAG,0.0,Low Risk,70.0,Low Priority,0.33,Low
5032-MIYKT,0.0,Low Risk,70.7,Low Priority,0.33,Low
4550-EVXNY,0.0,Low Risk,69.65,Low Priority,0.33,Low
4603-JANFB,0.0,Low Risk,69.85,Low Priority,0.33,Low
0515-YPMCW,0.0,Low Risk,70.45,Low Priority,0.33,Low
9617-INGJY,0.0,Low Risk,70.6,Low Priority,0.33,Low
0488-GSLFR,0.0,Low Risk,69.5,Low Priority,0.33,Low
7254-IQWOZ,0.0,Low Risk,69.65,Low Priority,0.33,Low
4510-HIMLV,0.0,Low Risk,69.8,Low Priority,0.33,Low
1084-UQCHV,0.0,Low Risk,69.75,Low Priority,0.33,Low
2506-TNFCO,0.0,Low Risk,69.55,Low Priority,0.33,Low
4110-PFEUZ,0.0,Low Risk,69.55,Low Priority,0.33,Low
6140-QNRQQ,0.0,Low Risk,71.55,Low Priority,0.33,Low
0151-ONTOV,0.0,Low Risk,70.9,Low Priority,0.33,Low
0511-JTEOY,0.0,Low Risk,71.1,Low Priority,0.33,Low
7343-EOBEU,0.0,Low Risk,70.80000000000001,Low Priority,0.33,Low
8051-HJRLT,0.0,Low Risk,70.55,Low Priority,0.33,Low
3177-LASXD,0.0,Low Risk,71.35,Low Priority,0.33,Low
6502-MJQAE,0.0,Low Risk,69.6,Low Priority,0.33,Low
5134-IKDAY,0.0,Low Risk,69.8,Low Priority,0.33,Low
7153-OANIO,0.0,Low Risk,69.95,Low Priority,0.33,Low
5539-TMZLF,0.0,Low Risk,69.75,Low Priority,0.33,Low
2262-SLNVK,0.0,Low Risk,70.1,Low Priority,0.33,Low
0812-WUPTB,0.0,Low Risk,70.85,Low Priority,0.33,Low
2585-KTFRE,0.0,Low Risk,70.45,Low Priority,0.33,Low
1640-PLFMP,0.0,Low Risk,70.25,Low Priority,0.33,Low
8040-MNRTF,0.0,Low Risk,71.1,Low Priority,0.33,Low
2636-ALXXZ,0.0,Low Risk,69.6,Low Priority,0.33,Low
9603-OAIHC,0.0,Low Risk,70.05,Low Priority,0.33,Low
1846-XWOQN,0.0,Low Risk,70.15,Low Priority,0.33,Low
1062-LHZOD,0.0,Low Risk,69.9,Low Priority,0.33,Low
8000-REIQB,0.0,Low Risk,69.95,Low Priority,0.33,Low
5550-VFRLC,0.0,Low Risk,69.85,Low Priority,0.33,Low
4501-EQDRN,0.0,Low Risk,69.7,Low Priority,0.33,Low
0519-XUZJU,0.0,Low Risk,70.75,Low Priority,0.33,Low
4759-TRPLW,0.0,Low Risk,70.4,Low Priority,0.33,Low
1915-IOFGU,0.0,Low Risk,70.5,Low Priority,0.33,Low
9985-MWVIX,0.0,Low Risk,70.15,Low Priority,0.33,Low
2446-PLQVO,0.0,Low Risk,70.3,Low Priority,0.33,Low
0328-GRPMV,0.0,Low Risk,70.1,Low Priority,0.33,Low
8062-YBDOE,0.0,Low Risk,69.65,Low Priority,0.33,Low
4871-JTKJF,0.0,Low Risk,69.65,Low Priority,0.33,Low
0968-GSIKN,0.0,Low Risk,70.8,Low Priority,0.33,Low
2619-WFQWU,0.0,Low Risk,70.15,Low Priority,0.33,Low
3878-AVSOQ,0.0,Low Risk,71.25,Low Priority,0.33,Low
7665-TOALD,0.0,Low Risk,69.6,Low Priority,0.33,Low
2920-RNCEZ,0.0,Low Risk,69.95,Low Priority,0.33,Low
6653-CBBOM,0.0,Low Risk,70.3,Low Priority,0.33,Low
3066-RRJIO,0.0,Low Risk,69.95,Low Priority,0.33,Low
1363-TXLSL,0.0,Low Risk,70.3,Low Priority,0.33,Low
8042-JVNFH,0.0,Low Risk,71.35,Low Priority,0.33,Low
9488-HGMJH,0.0,Low Risk,71.15,Low Priority,0.33,Low
5875-YPQFJ,0.0,Low Risk,69.9,Low Priority,0.33,Low
1122-JWTJW,0.0,Low Risk,70.65,Low Priority,0.33,Low
4806-HIPDW,0.0,Low Risk,68.95,Low Priority,0.32,Low
1447-GIQMR,0.0,Low Risk,69.15,Low Priority,0.32,Low
9728-FTTVZ,0.0,Low Risk,69.2,Low Priority,0.32,Low
5884-GCYMI,0.0,Low Risk,69.4,Low Priority,0.32,Low
6416-TVAIH,0.0,Low Risk,68.5,Low Priority,0.32,Low
0822-GAVAP,0.0,Low Risk,69.4,Low Priority,0.32,Low
1086-LXKFY,0.0,Low Risk,69.1,Low Priority,0.32,Low
7206-GZCDC,0.0,Low Risk,69.25,Low Priority,0.32,Low
2856-HYAPG,0.0,Low Risk,68.65,Low Priority,0.32,Low
7660-HDPJV,0.0,Low Risk,69.2,Low Priority,0.32,Low
3871-IKPYH,0.0,Low Risk,69.1,Low Priority,0.32,Low
7908-QCBCA,0.0,Low Risk,69.4,Low Priority,0.32,Low
6457-GIRWB,0.0,Low Risk,69.35,Low Priority,0.32,Low
3428-XZMAZ,0.0,Low Risk,69.35,Low Priority,0.32,Low
6260-ONULR,0.0,Low Risk,62.8,Low Priority,0.29,Low
2775-SEFEE,0.0,Low Risk,61.9,Low Priority,0.29,Low
4030-VPZBD,0.0,Low Risk,61.8,Low Priority,0.29,Low
6394-HHHZM,0.0,Low Risk,62.1,Low Priority,0.29,Low
4390-KYULV,0.0,Low Risk,61.650000000000006,Low Priority,0.29,Low
9770-LXDBK,0.0,Low Risk,61.2,Low Priority,0.29,Low
2792-VPPET,0.0,Low Risk,61.5,Low Priority,0.29,Low
1928-BXYIV,0.0,Low Risk,61.15,Low Priority,0.29,Low
2621-UDNLU,0.0,Low Risk,62.55,Low Priority,0.29,Low
3744-ZBHON,0.0,Low Risk,60.6,Low Priority,0.28,Low
6734-CKRSM,0.0,Low Risk,60.0,Low Priority,0.28,Low
4393-OBCRR,0.0,Low Risk,60.75,Low Priority,0.28,Low
5066-GFJMM,0.0,Low Risk,59.7,Low Priority,0.28,Low
0268-QKIWO,0.0,Low Risk,59.25,Low Priority,0.28,Low
7526-IVLYU,0.0,Low Risk,58.95,Low Priority,0.28,Low
0137-UDEUO,0.0,Low Risk,59.55,Low Priority,0.28,Low
2393-DIVAI,0.0,Low Risk,60.0,Low Priority,0.28,Low
1465-WCZVT,0.0,Low Risk,58.95,Low Priority,0.28,Low
7389-KBFIT,0.0,Low Risk,60.5,Low Priority,0.28,Low
6837-BJYDQ,0.0,Low Risk,58.8,Low Priority,0.28,Low
3407-QGWLG,0.0,Low Risk,60.150000000000006,Low Priority,0.28,Low
5673-FSSMF,0.0,Low Risk,60.15,Low Priority,0.28,Low
3195-TQDZX,0.0,Low Risk,60.75,Low Priority,0.28,Low
0030-FNXPP,0.0,Low Risk,59.55,Low Priority,0.28,Low
1142-WACZW,0.0,Low Risk,59.7,Low Priority,0.28,Low
1449-XQEMT,0.0,Low Risk,59.400000000000006,Low Priority,0.28,Low
4797-AXPXK,0.0,Low Risk,60.0,Low Priority,0.28,Low
2853-CWQFQ,0.0,Low Risk,59.55,Low Priority,0.28,Low
3039-MJSLN,0.0,Low Risk,60.6,Low Priority,0.28,Low
7808-DVWEP,0.0,Low Risk,60.0,Low Priority,0.28,Low
7521-YXVZY,0.0,Low Risk,59.85,Low Priority,0.28,Low
1582-RAFML,0.0,Low Risk,60.1,Low Priority,0.28,Low
6022-KOUQO,0.0,Low Risk,58.1,Low Priority,0.27,Low
7785-RDVIG,0.0,Low Risk,57.900000000000006,Low Priority,0.27,Low
1179-INLAT,0.0,Low Risk,58.35,Low Priority,0.27,Low
9039-ZVJDC,0.0,Low Risk,57.3,Low Priority,0.27,Low
1407-DIGZV,0.0,Low Risk,57.3,Low Priority,0.27,Low
2232-DMLXU,0.0,Low Risk,55.2,Low Priority,0.26,Low
0674-EYYZV,0.0,Low Risk,54.65,Low Priority,0.26,Low
3518-PZXZQ,0.0,Low Risk,55.3,Low Priority,0.26,Low
6629-CZTTH,0.0,Low Risk,55.7,Low Priority,0.26,Low
4727-MCYZG,0.0,Low Risk,55.55,Low Priority,0.26,Low
9822-OAOVB,0.0,Low Risk,55.45,Low Priority,0.26,Low
4074-SJFFA,0.0,Low Risk,54.75,Low Priority,0.26,Low
1371-DWPAZ,0.0,Low Risk,56.05,Low Priority,0.26,Low
3806-YAZOV,0.0,Low Risk,56.400000000000006,Low Priority,0.26,Low
2043-WVTQJ,0.0,Low Risk,55.7,Low Priority,0.26,Low
3577-AMVUX,0.0,Low Risk,55.05,Low Priority,0.26,Low
4351-QLCSU,0.0,Low Risk,55.0,Low Priority,0.26,Low
3583-EKAPL,0.0,Low Risk,55.0,Low Priority,0.26,Low
4201-JMNGR,0.0,Low Risk,55.8,Low Priority,0.26,Low
5909-ECHUI,0.0,Low Risk,56.25,Low Priority,0.26,Low
4472-LVYGI,0.0,Low Risk,52.55,Low Priority,0.25,Low
4349-GFQHK,0.0,Low Risk,54.35,Low Priority,0.25,Low
6907-FLBER,0.0,Low Risk,54.3,Low Priority,0.25,Low
9108-EJFJP,0.0,Low Risk,53.55,Low Priority,0.25,Low
4929-BSTRX,0.0,Low Risk,53.55,Low Priority,0.25,Low
7246-ZGQDF,0.0,Low Risk,54.5,Low Priority,0.25,Low
6689-KXGBO,0.0,Low Risk,50.55,Low Priority,0.24,Low
6888-SBYAI,0.0,Low Risk,50.7,Low Priority,0.24,Low
9637-EIHEQ,0.0,Low Risk,50.8,Low Priority,0.24,Low
7767-UXAGJ,0.0,Low Risk,50.45,Low Priority,0.24,Low
9564-KCLHR,0.0,Low Risk,51.25,Low Priority,0.24,Low
6905-NIQIN,0.0,Low Risk,50.65,Low Priority,0.24,Low
8695-WDYEA,0.0,Low Risk,51.25,Low Priority,0.24,Low
7794-JASDG,0.0,Low Risk,50.75,Low Priority,0.24,Low
2103-ZRXFN,0.0,Low Risk,50.75,Low Priority,0.24,Low
8992-JQYUN,0.0,Low Risk,50.35,Low Priority,0.24,Low
2947-DOMLJ,0.0,Low Risk,50.6,Low Priority,0.24,Low
9058-CBREO,0.0,Low Risk,50.55,Low Priority,0.24,Low
3946-MHCZW,0.0,Low Risk,50.9,Low Priority,0.24,Low
2207-NHRJK,0.0,Low Risk,50.8,Low Priority,0.24,Low
7442-YGZFK,0.0,Low Risk,49.8,Low Priority,0.23,Low
0322-YINQP,0.0,Low Risk,48.55,Low Priority,0.23,Low
2607-FBDFF,0.0,Low Risk,49.0,Low Priority,0.23,Low
8064-RAVOH,0.0,Low Risk,49.85,Low Priority,0.23,Low
0623-GDISB,0.0,Low Risk,48.45,Low Priority,0.23,Low
8885-QSQBX,0.0,Low Risk,49.55,Low Priority,0.23,Low
6876-ADESB,0.0,Low Risk,48.95,Low Priority,0.23,Low
1794-HBQTJ,0.0,Low Risk,48.6,Low Priority,0.23,Low
2722-JMONI,0.0,Low Risk,49.55,Low Priority,0.23,Low
4065-JJAVA,0.0,Low Risk,49.5,Low Priority,0.23,Low
2933-FILNV,0.0,Low Risk,48.8,Low Priority,0.23,Low
0374-AACSZ,0.0,Low Risk,50.15,Low Priority,0.23,Low
1453-RZFON,0.0,Low Risk,49.9,Low Priority,0.23,Low
4236-UJPWO,0.0,Low Risk,49.0,Low Priority,0.23,Low
1777-JYQPJ,0.0,Low Risk,48.6,Low Priority,0.23,Low
4749-VFKVB,0.0,Low Risk,50.1,Low Priority,0.23,Low
1406-PUQVY,0.0,Low Risk,49.9,Low Priority,0.23,Low
7312-XSBAT,0.0,Low Risk,49.75,Low Priority,0.23,Low
5047-LHVLY,0.0,Low Risk,50.15,Low Priority,0.23,Low
3716-UVSPD,0.0,Low Risk,49.3,Low Priority,0.23,Low
0248-IPDFW,0.0,Low Risk,50.1,Low Priority,0.23,Low
2273-QCKXA,0.0,Low Risk,49.05,Low Priority,0.23,Low
1660-HSOOQ,0.0,Low Risk,49.65,Low Priority,0.23,Low
1845-ZLLIG,0.0,Low Risk,50.15,Low Priority,0.23,Low
2740-TVLFN,0.0,Low Risk,50.15,Low Priority,0.23,Low
5482-PLVPE,0.0,Low Risk,48.7,Low Priority,0.23,Low
8263-JQAIK,0.0,Low Risk,48.9,Low Priority,0.23,Low
0746-JTRFU,0.0,Low Risk,50.1,Low Priority,0.23,Low
1976-CFOCS,0.0,Low Risk,46.0,Low Priority,0.22,Low
8286-AFUYI,0.0,Low Risk,47.95,Low Priority,0.22,Low
3669-OYSJI,0.0,Low Risk,46.2,Low Priority,0.22,Low
6185-TASNN,0.0,Low Risk,46.3,Low Priority,0.22,Low
7593-XFKDI,0.0,Low Risk,46.3,Low Priority,0.22,Low
9214-EKVXR,0.0,Low Risk,44.0,Low Priority,0.21,Low
1963-SVUCV,0.0,Low Risk,45.3,Low Priority,0.21,Low
8710-YGLWG,0.0,Low Risk,44.9,Low Priority,0.21,Low
6142-VSJQO,0.0,Low Risk,44.35,Low Priority,0.21,Low
7065-YUNRY,0.0,Low Risk,45.3,Low Priority,0.21,Low
4193-ORFCL,0.0,Low Risk,45.1,Low Priority,0.21,Low
3961-SXAXY,0.0,Low Risk,44.05,Low Priority,0.21,Low
7825-GKXMW,0.0,Low Risk,45.8,Low Priority,0.21,Low
6145-NNPNO,0.0,Low Risk,44.15,Low Priority,0.21,Low
2275-RBYQS,0.0,Low Risk,45.4,Low Priority,0.21,Low
9828-AOQLM,0.0,Low Risk,45.7,Low Priority,0.21,Low
3566-HJGPK,0.0,Low Risk,45.55,Low Priority,0.21,Low
5522-JBWMO,0.0,Low Risk,44.0,Low Priority,0.21,Low
5858-EAFCZ,0.0,Low Risk,44.45,Low Priority,0.21,Low
0082-LDZUE,0.0,Low Risk,44.3,Low Priority,0.21,Low
8705-WZCYL,0.0,Low Risk,44.8,Low Priority,0.21,Low
6128-CZOMY,0.0,Low Risk,45.65,Low Priority,0.21,Low
6650-VJONK,0.0,Low Risk,43.85,Low Priority,0.21,Low
8356-WUAOJ,0.0,Low Risk,45.0,Low Priority,0.21,Low
1612-EOHDH,0.0,Low Risk,45.15,Low Priority,0.21,Low
3926-CUQZX,0.0,Low Risk,45.1,Low Priority,0.21,Low
4373-VVHQL,0.0,Low Risk,44.75,Low Priority,0.21,Low
6595-COKXZ,0.0,Low Risk,44.45,Low Priority,0.21,Low
4847-QNOKA,0.0,Low Risk,44.9,Low Priority,0.21,Low
2082-CEFLT,0.0,Low Risk,45.6,Low Priority,0.21,Low
2833-SLKDQ,0.0,Low Risk,45.05,Low Priority,0.21,Low
5552-ZNFSJ,0.0,Low Risk,45.3,Low Priority,0.21,Low
6127-IYJOZ,0.0,Low Risk,45.85,Low Priority,0.21,Low
0887-HJGAR,0.0,Low Risk,45.7,Low Priority,0.21,Low
7568-PODML,0.0,Low Risk,45.3,Low Priority,0.21,Low
9244-ZVAPM,0.0,Low Risk,45.6,Low Priority,0.21,Low
3085-QUOZK,0.0,Low Risk,43.95,Low Priority,0.21,Low
8950-MTZNV,0.0,Low Risk,44.95,Low Priority,0.21,Low
5077-DXTCG,0.0,Low Risk,45.3,Low Priority,0.21,Low
4361-JEIVL,0.0,Low Risk,44.4,Low Priority,0.21,Low
2903-YYTBW,0.0,Low Risk,44.55,Low Priority,0.21,Low
8180-AKMJV,0.0,Low Risk,44.55,Low Priority,0.21,Low
0415-MOSGF,0.0,Low Risk,44.4,Low Priority,0.21,Low
9448-REEVD,0.0,Low Risk,44.7,Low Priority,0.21,Low
6982-SSHFK,0.0,Low Risk,44.4,Low Priority,0.21,Low
7359-PTSXY,0.0,Low Risk,45.75,Low Priority,0.21,Low
3165-HDOEW,0.0,Low Risk,45.85,Low Priority,0.21,Low
4855-SNKMY,0.0,Low Risk,44.1,Low Priority,0.21,Low
9117-SHLZX,0.0,Low Risk,45.7,Low Priority,0.21,Low
7754-IXRMC,0.0,Low Risk,45.35,Low Priority,0.21,Low
7252-NTGSS,0.0,Low Risk,45.15,Low Priority,0.21,Low
8720-RQSBJ,0.0,Low Risk,44.0,Low Priority,0.21,Low
5696-QURRL,0.0,Low Risk,45.05,Low Priority,0.21,Low
4146-SVFUD,0.0,Low Risk,44.6,Low Priority,0.21,Low
6582-OIVSP,0.0,Low Risk,45.3,Low Priority,0.21,Low
2135-RXIHG,0.0,Low Risk,45.65,Low Priority,0.21,Low
3413-BMNZE,0.0,Low Risk,45.25,Low Priority,0.21,Low
6959-UWKHF,0.0,Low Risk,42.9,Low Priority,0.2,Low
6702-OHFWR,0.0,Low Risk,43.3,Low Priority,0.2,Low
1478-VPOAD,0.0,Low Risk,43.8,Low Priority,0.2,Low
8779-QRDMV,0.0,Low Risk,39.65,Low Priority,0.19,Low
2303-PJYHN,0.0,Low Risk,39.7,Low Priority,0.19,Low
7636-XUHWW,0.0,Low Risk,39.8,Low Priority,0.19,Low
8739-QOTTN,0.0,Low Risk,40.7,Low Priority,0.19,Low
5562-YJQGT,0.0,Low Risk,40.7,Low Priority,0.19,Low
4195-SMMNX,0.0,Low Risk,40.7,Low Priority,0.19,Low
1796-JANOW,0.0,Low Risk,39.9,Low Priority,0.19,Low
4986-MXSFP,0.0,Low Risk,40.0,Low Priority,0.19,Low
2410-CIYFZ,0.0,Low Risk,40.8,Low Priority,0.19,Low
0188-GWFLE,0.0,Low Risk,40.1,Low Priority,0.19,Low
2832-SCUCO,0.0,Low Risk,39.8,Low Priority,0.19,Low
8006-PYCSW,0.0,Low Risk,40.2,Low Priority,0.19,Low
3007-FDPEA,0.0,Low Risk,41.4,Low Priority,0.19,Low
6942-LBFDP,0.0,Low Risk,41.1,Low Priority,0.19,Low
5067-DGXLL,0.0,Low Risk,40.5,Low Priority,0.19,Low
9818-XQCUV,0.0,Low Risk,40.7,Low Priority,0.19,Low
6870-ECSHE,0.0,Low Risk,40.9,Low Priority,0.19,Low
4697-LUPSU,0.0,Low Risk,40.4,Low Priority,0.19,Low
9700-ZCLOT,0.0,Low Risk,40.0,Low Priority,0.19,Low
1755-RMCXH,0.0,Low Risk,40.6,Low Priority,0.19,Low
8150-QUDFX,0.0,Low Risk,39.7,Low Priority,0.19,Low
5173-ZXXXL,0.0,Low Risk,39.9,Low Priority,0.19,Low
7734-DBOAI,0.0,Low Risk,40.1,Low Priority,0.19,Low
8610-ZIKJJ,0.0,Low Risk,40.6,Low Priority,0.19,Low
5919-VCZYM,0.0,Low Risk,40.1,Low Priority,0.19,Low
2342-CKIAO,0.0,Low Risk,40.6,Low Priority,0.19,Low
9514-JDSKI,0.0,Low Risk,40.2,Low Priority,0.19,Low
0871-OPBXW,0.0,Low Risk,40.1,Low Priority,0.19,Low
9137-NOQKA,0.0,Low Risk,38.4,Low Priority,0.18,Low
9426-SXNHE,0.0,Low Risk,37.5,Low Priority,0.18,Low
3936-QQFLL,0.0,Low Risk,39.5,Low Priority,0.18,Low
9101-NTIXF,0.0,Low Risk,38.8,Low Priority,0.18,Low
2640-LYMOV,0.0,Low Risk,39.3,Low Priority,0.18,Low
0396-HUJBP,0.0,Low Risk,38.6,Low Priority,0.18,Low
0883-EIBTI,0.0,Low Risk,39.0,Low Priority,0.18,Low
0366-NQSHS,0.0,Low Risk,38.7,Low Priority,0.18,Low
3845-FXCYS,0.0,Low Risk,39.3,Low Priority,0.18,Low
3156-QLHBO,0.0,Low Risk,38.5,Low Priority,0.18,Low
3091-FYHKI,0.0,Low Risk,35.45,Low Priority,0.17,Low
5378-IKEEG,0.0,Low Risk,35.75,Low Priority,0.17,Low
3776-EKTKM,0.0,Low Risk,36.45,Low Priority,0.17,Low
7854-FOKSF,0.0,Low Risk,35.9,Low Priority,0.17,Low
2049-BAFNW,0.0,Low Risk,35.9,Low Priority,0.17,Low
0375-HVGXO,0.0,Low Risk,34.7,Low Priority,0.16,Low
1740-CSDJP,0.0,Low Risk,35.25,Low Priority,0.16,Low
3751-KTZEL,0.0,Low Risk,35.05,Low Priority,0.16,Low
3841-CONLJ,0.0,Low Risk,35.0,Low Priority,0.16,Low
6917-IAYHD,0.0,Low Risk,33.6,Low Priority,0.16,Low
5868-CZJDR,0.0,Low Risk,31.35,Low Priority,0.15,Low
7590-VHVEG,0.0,Low Risk,29.85,Low Priority,0.14,Low
0032-PGELS,0.0,Low Risk,30.5,Low Priority,0.14,Low
9526-BIHHD,0.0,Low Risk,29.7,Low Priority,0.14,Low
6656-JWRQX,0.0,Low Risk,30.55,Low Priority,0.14,Low
8665-UTDHZ,0.0,Low Risk,30.2,Low Priority,0.14,Low
5999-LCXAO,0.0,Low Risk,29.9,Low Priority,0.14,Low
2209-XADXF,0.0,Low Risk,25.25,Low Priority,0.12,Low
8896-BQTTI,0.0,Low Risk,25.0,Low Priority,0.12,Low
4367-NHWMM,0.0,Low Risk,24.9,Low Priority,0.12,Low
6032-IGALN,0.0,Low Risk,25.1,Low Priority,0.12,Low
3213-VVOLG,0.0,Low Risk,25.35,Low Priority,0.12,Low
2712-SYWAY,0.0,Low Risk,25.7,Low Priority,0.12,Low
0023-HGHWL,0.0,Low Risk,25.1,Low Priority,0.12,Low
2672-DZUOY,0.0,Low Risk,25.15,Low Priority,0.12,Low
8260-NGFNY,0.0,Low Risk,25.2,Low Priority,0.12,Low
7932-WPTDS,0.0,Low Risk,24.8,Low Priority,0.12,Low
7537-RBWEA,0.0,Low Risk,25.15,Low Priority,0.12,Low
4367-NUYAO,0.0,Low Risk,25.75,Low Priority,0.12,Low
2862-PFNIK,0.0,Low Risk,24.7,Low Priority,0.12,Low
1496-GGSUK,0.0,Low Risk,25.7,Low Priority,0.12,Low
7242-QZLXF,0.0,Low Risk,25.3,Low Priority,0.12,Low
2538-OIMXF,0.0,Low Risk,24.7,Low Priority,0.12,Low
6366-ZGQGL,0.0,Low Risk,24.8,Low Priority,0.12,Low
2080-SRCDE,0.0,Low Risk,25.4,Low Priority,0.12,Low
4729-XKASR,0.0,Low Risk,24.75,Low Priority,0.12,Low
0661-XEYAN,0.0,Low Risk,25.8,Low Priority,0.12,Low
4195-NZGTA,0.0,Low Risk,25.25,Low Priority,0.12,Low
0612-RTZZA,0.0,Low Risk,25.25,Low Priority,0.12,Low
3439-GVUSX,0.0,Low Risk,24.4,Low Priority,0.11,Low
7365-BVCJH,0.0,Low Risk,24.4,Low Priority,0.11,Low
3797-VTIDR,0.0,Low Risk,23.45,Low Priority,0.11,Low
5701-SVCWR,0.0,Low Risk,24.0,Low Priority,0.11,Low
9895-VFOXH,0.0,Low Risk,24.4,Low Priority,0.11,Low
9136-ALYBR,0.0,Low Risk,24.45,Low Priority,0.11,Low
1334-FJSVR,0.0,Low Risk,24.25,Low Priority,0.11,Low
2565-JSLRY,0.0,Low Risk,24.05,Low Priority,0.11,Low
9753-OYLBX,0.0,Low Risk,20.5,Low Priority,0.1,Low
4745-LSPLO,0.0,Low Risk,20.5,Low Priority,0.1,Low
0673-IGUQO,0.0,Low Risk,20.45,Low Priority,0.1,Low
6579-JPICP,0.0,Low Risk,20.4,Low Priority,0.1,Low
0426-TIRNE,0.0,Low Risk,20.9,Low Priority,0.1,Low
6728-WYQBC,0.0,Low Risk,20.95,Low Priority,0.1,Low
3803-KMQFW,0.0,Low Risk,20.55,Low Priority,0.1,Low
2592-YKDIF,0.0,Low Risk,20.35,Low Priority,0.1,Low
6982-UQZLY,0.0,Low Risk,20.85,Low Priority,0.1,Low
2480-JZOSN,0.0,Low Risk,20.65,Low Priority,0.1,Low
2111-DWYHN,0.0,Low Risk,21.1,Low Priority,0.1,Low
1099-GODLO,0.0,Low Risk,20.35,Low Priority,0.1,Low
4255-DDUOU,0.0,Low Risk,20.5,Low Priority,0.1,Low
3727-JEZTU,0.0,Low Risk,20.4,Low Priority,0.1,Low
5624-BQSSA,0.0,Low Risk,20.95,Low Priority,0.1,Low
5996-DAOQL,0.0,Low Risk,20.45,Low Priority,0.1,Low
5049-GLYVG,0.0,Low Risk,20.6,Low Priority,0.1,Low
3590-TCXTB,0.0,Low Risk,20.35,Low Priority,0.1,Low
3645-DEYGF,0.0,Low Risk,20.75,Low Priority,0.1,Low
8559-WNQZS,0.0,Low Risk,20.45,Low Priority,0.1,Low
5088-QZLRL,0.0,Low Risk,20.65,Low Priority,0.1,Low
2002-MZHWP,0.0,Low Risk,20.5,Low Priority,0.1,Low
7243-LCGGZ,0.0,Low Risk,20.9,Low Priority,0.1,Low
8267-KFGYD,0.0,Low Risk,21.05,Low Priority,0.1,Low
7434-SHXLS,0.0,Low Risk,20.9,Low Priority,0.1,Low
4634-JLRJT,0.0,Low Risk,20.35,Low Priority,0.1,Low
9708-KFDBY,0.0,Low Risk,20.55,Low Priority,0.1,Low
8262-COGGB,0.0,Low Risk,20.45,Low Priority,0.1,Low
6569-KTMDU,0.0,Low Risk,19.1,Low Priority,0.09,Low
3807-XHCJH,0.0,Low Risk,20.0,Low Priority,0.09,Low
1724-IQWNM,0.0,Low Risk,19.3,Low Priority,0.09,Low
9441-QHEVC,0.0,Low Risk,19.1,Low Priority,0.09,Low
2465-BLLEU,0.0,Low Risk,19.75,Low Priority,0.09,Low
0670-KDOMA,0.0,Low Risk,20.25,Low Priority,0.09,Low
1066-JKSGK,0.0,Low Risk,20.15,Low Priority,0.09,Low
6469-MRVET,0.0,Low Risk,20.2,Low Priority,0.09,Low
5028-HTLJB,0.0,Low Risk,20.05,Low Priority,0.09,Low
7298-IZWLY,0.0,Low Risk,19.4,Low Priority,0.09,Low
8329-IBCTI,0.0,Low Risk,19.65,Low Priority,0.09,Low
0970-QXPXW,0.0,Low Risk,19.65,Low Priority,0.09,Low
6380-ARCEH,0.0,Low Risk,20.2,Low Priority,0.09,Low
7310-EGVHZ,0.0,Low Risk,20.2,Low Priority,0.09,Low
3900-AQPHZ,0.0,Low Risk,19.9,Low Priority,0.09,Low
6849-WLEYG,0.0,Low Risk,19.75,Low Priority,0.09,Low
7878-RTCZG,0.0,Low Risk,19.9,Low Priority,0.09,Low
7853-GVUDZ,0.0,Low Risk,20.15,Low Priority,0.09,Low
9975-SKRNR,0.0,Low Risk,18.9,Low Priority,0.09,Low
7617-EYGLW,0.0,Low Risk,19.45,Low Priority,0.09,Low
7721-DVEKZ,0.0,Low Risk,19.65,Low Priority,0.09,Low
8562-GHPPI,0.0,Low Risk,19.8,Low Priority,0.09,Low
9174-FKWZE,0.0,Low Risk,19.45,Low Priority,0.09,Low
2576-HXMPA,0.0,Low Risk,19.55,Low Priority,0.09,Low
3308-MHOOC,0.0,Low Risk,19.2,Low Priority,0.09,Low
3717-OFRTN,0.0,Low Risk,19.75,Low Priority,0.09,Low
7839-QRKXN,0.0,Low Risk,20.2,Low Priority,0.09,Low
1905-OEILC,0.0,Low Risk,19.5,Low Priority,0.09,Low
2081-KJSQF,0.0,Low Risk,20.25,Low Priority,0.09,Low
1156-ZFYDO,0.0,Low Risk,19.75,Low Priority,0.09,Low
6615-ZGEDR,0.0,Low Risk,19.7,Low Priority,0.09,Low
5906-BFOZT,0.0,Low Risk,19.5,Low Priority,0.09,Low
4661-NJEUX,0.0,Low Risk,20.05,Low Priority,0.09,Low
0107-WESLM,0.0,Low Risk,19.85,Low Priority,0.09,Low
5562-BETPV,0.0,Low Risk,19.65,Low Priority,0.09,Low
8073-IJDCM,0.0,Low Risk,20.3,Low Priority,0.09,Low
5356-RHIPP,0.0,Low Risk,20.2,Low Priority,0.09,Low
2876-VBBBL,0.0,Low Risk,20.25,Low Priority,0.09,Low
1725-MIMXW,0.0,Low Risk,19.45,Low Priority,0.09,Low
1934-SJVJK,0.0,Low Risk,20.15,Low Priority,0.09,Low
7814-LEEVE,0.0,Low Risk,20.3,Low Priority,0.09,Low
2542-HYGIQ,0.0,Low Risk,19.95,Low Priority,0.09,Low
4781-ZXYGU,0.0,Low Risk,20.15,Low Priority,0.09,Low
1135-LMECX,0.0,Low Risk,19.85,Low Priority,0.09,Low
2654-VBVPB,0.0,Low Risk,19.9,Low Priority,0.09,Low
2866-IKBTM,0.0,Low Risk,19.55,Low Priority,0.09,Low
3785-NRHYR,0.0,Low Risk,19.65,Low Priority,0.09,Low
1423-BMPBQ,0.0,Low Risk,19.0,Low Priority,0.09,Low
2220-IAHLS,0.0,Low Risk,19.4,Low Priority,0.09,Low
8974-OVACP,0.0,Low Risk,20.15,Low Priority,0.09,Low
5868-YTYKS,0.0,Low Risk,20.25,Low Priority,0.09,Low
3373-YZZYM,0.0,Low Risk,19.2,Low Priority,0.09,Low
7698-YFGEZ,0.0,Low Risk,20.0,Low Priority,0.09,Low
0927-CNGRH,0.0,Low Risk,19.55,Low Priority,0.09,Low
4588-YBNIB,0.0,Low Risk,19.6,Low Priority,0.09,Low
7291-CDTMJ,0.0,Low Risk,19.65,Low Priority,0.09,Low
3030-ZKIWL,0.0,Low Risk,20.05,Low Priority,0.09,Low
7926-IJOOU,0.0,Low Risk,19.3,Low Priority,0.09,Low
3148-BLQJT,0.0,Low Risk,20.1,Low Priority,0.09,Low
1029-QFBEN,0.0,Low Risk,19.55,Low Priority,0.09,Low
4291-HPAXL,0.0,Low Risk,19.85,Low Priority,0.09,Low
7601-WFVZV,0.0,Low Risk,19.55,Low Priority,0.09,Low
6121-VZNQB,0.0,Low Risk,19.1,Low Priority,0.09,Low
5515-IDEJJ,0.0,Low Risk,19.9,Low Priority,0.09,Low
7644-OMVMY,0.0,Low Risk,19.85,Low Priority,0.09,Low
6124-ACRHJ,0.0,Low Risk,19.75,Low Priority,0.09,Low
8605-ITULD,0.0,Low Risk,19.55,Low Priority,0.09,Low
4232-JGKIY,0.0,Low Risk,19.2,Low Priority,0.09,Low
2812-SFXMJ,0.0,Low Risk,20.05,Low Priority,0.09,Low
2520-SGTTA,0.0,Low Risk,20.0,Low Priority,0.09,Low
2676-ISHSF,0.0,Low Risk,20.3,Low Priority,0.09,Low
4897-QSUYC,0.0,Low Risk,20.15,Low Priority,0.09,Low
0761-AETCS,0.0,Low Risk,19.3,Low Priority,0.09,Low
4800-VHZKI,0.0,Low Risk,19.9,Low Priority,0.09,Low
7551-JOHTI,0.0,Low Risk,19.5,Low Priority,0.09,Low
4760-XOHVN,0.0,Low Risk,19.45,Low Priority,0.09,Low
7989-CHGTL,0.0,Low Risk,19.6,Low Priority,0.09,Low
7096-UCLNH,0.0,Low Risk,20.05,Low Priority,0.09,Low
1064-FBXNK,0.0,Low Risk,19.85,Low Priority,0.09,Low
9318-NKNFC,0.0,Low Risk,18.85,Low Priority,0.09,Low
6141-OOXUQ,0.0,Low Risk,19.65,Low Priority,0.09,Low
8393-JMVMB,0.0,Low Risk,19.45,Low Priority,0.09,Low
8566-YPRGL,0.0,Low Risk,19.5,Low Priority,0.09,Low
0247-SLUJI,0.0,Low Risk,19.7,Low Priority,0.09,Low
4786-UKSNZ,0.0,Low Risk,20.2,Low Priority,0.09,Low
8305-VHZBZ,0.0,Low Risk,20.2,Low Priority,0.09,Low
1663-MHLHE,0.0,Low Risk,19.2,Low Priority,0.09,Low
1349-WXNGG,0.0,Low Risk,20.05,Low Priority,0.09,Low
1000-AJSLD,0.0,Low Risk,20.1,Low Priority,0.09,Low
7302-ZHMHP,0.0,Low Risk,19.15,Low Priority,0.09,Low
1098-TDVUQ,0.0,Low Risk,19.25,Low Priority,0.09,Low
8203-XJZRC,0.0,Low Risk,20.25,Low Priority,0.09,Low
3247-MHJKM,0.0,Low Risk,20.2,Low Priority,0.09,Low
8048-DSDFQ,0.0,Low Risk,20.2,Low Priority,0.09,Low
9103-CXVOK,0.0,Low Risk,19.75,Low Priority,0.09,Low
4877-EVATK,0.0,Low Risk,20.0,Low Priority,0.09,Low
3506-LCJDC,0.0,Low Risk,19.95,Low Priority,0.09,Low
5510-BOIUJ,0.0,Low Risk,19.25,Low Priority,0.09,Low
2320-JRSDE,0.0,Low Risk,19.9,Low Priority,0.09,Low
5143-WMWOG,0.0,Low Risk,19.95,Low Priority,0.09,Low
