customer_id,ltv,ltv_segment,churn_risk,customer_segment
1751-NCDLI,4547.099999999999,High Value,High Risk,High Value At Risk
5440-VHLUL,7258.8,Very High Value,Medium Risk,VIP Customer
6173-GOLSU,6341.55,Very High Value,Medium Risk,VIP Customer
2439-LYPMQ,3898.8,High Value,High Risk,High Value At Risk
8375-DKEBR,69.6,Low Value,High Risk,Churn Risk
8161-QYMTT,658.6999999999999,Low Value,High Risk,Churn Risk
5542-TBBWB,69.9,Low Value,High Risk,Churn Risk
9804-ICWBG,69.9,Low Value,High Risk,Churn Risk
2452-KDRRH,6793.8,Very High Value,Medium Risk,VIP Customer
7278-CKDNC,1932.0,Medium Value,High Risk,Churn Risk
8739-WWKDU,2237.5,Medium Value,High Risk,Churn Risk
7056-IMHCC,5400.700000000001,High Value,Medium Risk,High Value Customer
1820-TQVEV,69.55,Low Value,High Risk,Churn Risk
3320-VEOYC,1338.4,Medium Value,High Risk,Churn Risk
6861-XWTWQ,694.75,Low Value,High Risk,Churn Risk
2545-EBUPK,168.1,Low Value,High Risk,Churn Risk
2665-NPTGL,2550.6,Medium Value,High Risk,Churn Risk
0655-RBDUG,686.35,Low Value,High Risk,Churn Risk
6543-XRMYR,2991.0,Medium Value,High Risk,Churn Risk
1069-XAIEM,85.05,Low Value,High Risk,Churn Risk
9248-OJYKK,76.45,Low Value,High Risk,Churn Risk
3716-BDVDB,69.1,Low Value,High Risk,Churn Risk
0295-PPHDO,95.45,Low Value,High Risk,Churn Risk
8884-ADFVN,713.65,Low Value,High Risk,Churn Risk
1143-NMNQJ,171.4,Low Value,High Risk,Churn Risk
6377-WHAOX,6369.0,Very High Value,Medium Risk,VIP Customer
2514-GINMM,79.5,Low Value,High Risk,Churn Risk
8258-GSTJK,231.0,Low Value,High Risk,Churn Risk
8245-UMPYT,1542.4,Medium Value,High Risk,Churn Risk
2737-YNGYW,161.1,Low Value,High Risk,Churn Risk
2800-QQUSO,4212.599999999999,High Value,Medium Risk,High Value Customer
9057-SIHCH,289.79999999999995,Low Value,High Risk,Churn Risk
6651-AZVTJ,4890.2,High Value,Medium Risk,High Value Customer
2867-UIMSS,80.5,Low Value,High Risk,Churn Risk
8709-KRDVL,3300.0,High Value,Medium Risk,High Value Customer
6328-ZPBGN,1046.65,Medium Value,High Risk,Churn Risk
7249-WBIYX,856.0,Low Value,High Risk,Churn Risk
4415-IJZTP,74.5,Low Value,High Risk,Churn Risk
8380-PEFPE,71.65,Low Value,High Risk,Churn Risk
4735-ASGMA,2557.1,Medium Value,Medium Risk,Monitor
4817-VYYWS,3006.0,High Value,Medium Risk,High Value Customer
6899-PPEEA,3572.35,High Value,Medium Risk,High Value Customer
0841-NULXI,35.55,Low Value,High Risk,Churn Risk
9221-OTIVJ,1467.9,Medium Value,High Risk,Churn Risk
5331-RGMTT,5348.7,High Value,Medium Risk,High Value Customer
1833-TCXKK,4848.75,High Value,Medium Risk,High Value Customer
4090-KPJIP,224.85,Low Value,High Risk,Churn Risk
5178-LMXOP,95.1,Low Value,High Risk,Churn Risk
2609-IAICY,77.15,Low Value,High Risk,Churn Risk
6023-YEBUP,302.85,Low Value,High Risk,Churn Risk
4750-ZRXIU,338.4,Low Value,High Risk,Churn Risk
8593-WHYHV,255.9,Low Value,High Risk,Churn Risk
6979-ZNSFF,696.4,Low Value,High Risk,Churn Risk
7134-MJPDY,6788.099999999999,Very High Value,Low Risk,VIP Customer
4713-LZDRV,159.2,Low Value,High Risk,Churn Risk
5196-SGOAK,75.7,Low Value,High Risk,Churn Risk
4587-VVTOX,631.8,Low Value,High Risk,Churn Risk
2034-GDRCN,180.8,Low Value,High Risk,Churn Risk
1240-KNSEZ,20.1,Low Value,High Risk,Churn Risk
6821-BUXUX,1256.45,Medium Value,High Risk,Churn Risk
7180-PISOG,74.5,Low Value,High Risk,Churn Risk
2865-TCHJW,356.8,Low Value,High Risk,Churn Risk
5380-WJKOV,3615.9,High Value,Medium Risk,High Value Customer
8397-MVTAZ,3401.7,High Value,Medium Risk,High Value Customer
2959-MJHIC,321.4,Low Value,High Risk,Churn Risk
8752-STIVR,316.0,Low Value,High Risk,Churn Risk
3672-YITQD,3027.6,High Value,Medium Risk,High Value Customer
1768-ZAIFU,25.2,Low Value,High Risk,Churn Risk
2254-DLXRI,79.15,Low Value,High Risk,Churn Risk
1853-UDXBW,70.0,Low Value,High Risk,Churn Risk
2985-FMWYF,2150.5,Medium Value,Medium Risk,Monitor
6856-RAURS,149.8,Low Value,High Risk,Churn Risk
6857-VWJDT,95.65,Low Value,High Risk,Churn Risk
3707-GNWHM,74.25,Low Value,High Risk,Churn Risk
5382-SOYZL,2092.2,Medium Value,Medium Risk,Monitor
6661-HBGWL,4399.5,High Value,Medium Risk,High Value Customer
5628-FCGYG,1766.1,Medium Value,Medium Risk,Monitor
6969-MVBAI,810.9,Low Value,High Risk,Churn Risk
8622-ZLFKO,544.5,Low Value,High Risk,Churn Risk
7130-VTEWQ,606.0,Low Value,High Risk,Churn Risk
8785-CJSHH,5988.0,High Value,Low Risk,High Value Customer
4342-HENTK,141.3,Low Value,High Risk,Churn Risk
1035-IPQPU,6520.5,Very High Value,Low Risk,VIP Customer
2277-DJJDL,5940.0,High Value,Low Risk,High Value Customer
8739-XNIKG,420.0,Low Value,High Risk,Churn Risk
1320-HTRDR,226.5,Low Value,High Risk,Churn Risk
1587-FKLZB,6567.0,Very High Value,Low Risk,VIP Customer
6230-BSUXY,85.0,Low Value,High Risk,Churn Risk
6372-RFVNS,78.8,Low Value,High Risk,Churn Risk
6630-UJZMY,333.0,Low Value,High Risk,Churn Risk
3422-LYEPQ,71.0,Low Value,High Risk,Churn Risk
3585-ISXZP,765.2,Low Value,High Risk,Churn Risk
4301-VVZKA,1206.4,Medium Value,High Risk,Churn Risk
7273-TEFQD,123.45,Low Value,High Risk,Churn Risk
4445-ZJNMU,893.6999999999999,Low Value,High Risk,Churn Risk
4927-WWOOZ,182.9,Low Value,High Risk,Churn Risk
8443-ZRDBZ,304.2,Low Value,High Risk,Churn Risk
6710-HSJRD,6960.099999999999,Very High Value,Low Risk,VIP Customer
0376-YMCJC,2083.8,Medium Value,Medium Risk,Monitor
1628-BIZYP,85.0,Low Value,High Risk,Churn Risk
0576-WNXXC,2579.85,Medium Value,Medium Risk,Monitor
3006-XIMLN,188.4,Low Value,High Risk,Churn Risk
5167-ZFFMM,90.85,Low Value,High Risk,Churn Risk
2202-CUYXZ,84.85,Low Value,High Risk,Churn Risk
9611-CTWIH,268.35,Low Value,High Risk,Churn Risk
7952-OBOYL,269.54999999999995,Low Value,High Risk,Churn Risk
3756-VNWDH,6548.75,Very High Value,Low Risk,VIP Customer
2845-HSJCY,1221.5,Medium Value,High Risk,Churn Risk
4229-CZMLL,449.4,Low Value,High Risk,Churn Risk
2307-FYNNL,7088.25,Very High Value,Low Risk,VIP Customer
7198-GLXTC,158.0,Low Value,High Risk,Churn Risk
0471-ARVMX,6500.7,Very High Value,Low Risk,VIP Customer
9334-GWGOW,523.9499999999999,Low Value,High Risk,Churn Risk
8058-DMYRU,4862.7,High Value,Medium Risk,High Value Customer
7817-BOQPW,151.1,Low Value,High Risk,Churn Risk
5698-BQJOH,849.6,Low Value,High Risk,Churn Risk
2027-FECZV,1280.4,Medium Value,Medium Risk,Monitor
3729-OWRVL,7172.75,Very High Value,Low Risk,VIP Customer
8083-YTZES,297.4,Low Value,High Risk,Churn Risk
4873-ILOLJ,2168.4,Medium Value,Medium Risk,Monitor
0531-ZZJWQ,4070.0,High Value,Medium Risk,High Value Customer
1444-VVSGW,8095.5,Very High Value,Low Risk,VIP Customer
9507-EXLTT,79.35,Low Value,High Risk,Churn Risk
8696-JKZNU,2821.25,Medium Value,Medium Risk,Monitor
1400-MMYXY,317.70000000000005,Low Value,High Risk,Churn Risk
7036-TYDEC,7176.0,Very High Value,Low Risk,VIP Customer
3722-WPXTK,88.35,Low Value,High Risk,Churn Risk
2077-MPJQO,527.8000000000001,Low Value,High Risk,Churn Risk
3339-EAQNV,7002.0,Very High Value,Low Risk,VIP Customer
0390-DCFDQ,70.45,Low Value,High Risk,Churn Risk
5186-SAMNZ,69.5,Low Value,High Risk,Churn Risk
1867-BDVFH,817.8499999999999,Low Value,High Risk,Churn Risk
3976-NLDEZ,20.6,Low Value,High Risk,Churn Risk
8873-GLDMH,443.1,Low Value,High Risk,Churn Risk
1357-BIJKI,4912.5,High Value,Low Risk,High Value Customer
5144-TVGLP,3600.5,High Value,Medium Risk,High Value Customer
7572-KPVKK,6451.099999999999,Very High Value,Low Risk,VIP Customer
3519-ZKXGG,227.55,Low Value,High Risk,Churn Risk
2386-OWURY,5527.4,High Value,Low Risk,High Value Customer
7363-QTBIW,717.75,Low Value,High Risk,Churn Risk
0679-IDSTG,69.25,Low Value,High Risk,Churn Risk
6892-XPFPU,2502.0,Medium Value,Medium Risk,Monitor
2798-NYLMZ,7707.05,Very High Value,Low Risk,VIP Customer
8775-ERLNB,74.3,Low Value,High Risk,Churn Risk
5889-JTMUL,4752.5,High Value,Low Risk,High Value Customer
9844-FELAJ,7553.0,Very High Value,Low Risk,VIP Customer
6815-ABQFQ,6006.0,Very High Value,Low Risk,VIP Customer
9878-TNQGW,161.9,Low Value,High Risk,Churn Risk
0970-ETWGE,89.55,Low Value,High Risk,Churn Risk
0310-MVLET,6048.150000000001,Very High Value,Low Risk,VIP Customer
6646-QVXLR,6432.5,Very High Value,Low Risk,VIP Customer
5376-DEQCP,70.6,Low Value,High Risk,Churn Risk
0979-PHULV,6862.05,Very High Value,Low Risk,VIP Customer
5442-BHQNG,140.7,Low Value,High Risk,Churn Risk
1980-KXVPM,225.15,Low Value,High Risk,Churn Risk
7748-UMTRK,3039.0,High Value,Medium Risk,High Value Customer
9685-WKZGT,1049.3,Medium Value,Medium Risk,Monitor
3312-UUMZW,3163.2,High Value,Medium Risk,High Value Customer
9279-CJEOJ,2003.4,Medium Value,Medium Risk,Monitor
9508-ILZDG,3275.9,High Value,Medium Risk,High Value Customer
3677-IYRBF,60.8,Low Value,High Risk,Churn Risk
5804-HYIEZ,7423.5,Very High Value,Low Risk,VIP Customer
6166-ILMNY,139.5,Low Value,High Risk,Churn Risk
2754-SDJRD,801.2,Low Value,Medium Risk,Monitor
7460-ITWWP,3874.5,High Value,Medium Risk,High Value Customer
5360-LJCNJ,7465.650000000001,Very High Value,Low Risk,VIP Customer
0235-KGSLC,85.55,Low Value,High Risk,Churn Risk
4846-WHAFZ,2830.5,Medium Value,Medium Risk,Monitor
3338-CVVEH,1134.6,Medium Value,Medium Risk,Monitor
8089-UZWLX,7387.55,Very High Value,Low Risk,VIP Customer
8699-ASUFO,520.8000000000001,Low Value,Medium Risk,Monitor
4937-QPZPO,6093.900000000001,Very High Value,Low Risk,VIP Customer
8938-UMKPI,5000.8,High Value,Low Risk,High Value Customer
9351-HXDMR,7984.8,Very High Value,Low Risk,VIP Customer
2659-VXMWZ,7457.099999999999,Very High Value,Low Risk,VIP Customer
5650-YLIBA,2515.65,Medium Value,Medium Risk,Monitor
2025-JKFWI,1287.0,Medium Value,Medium Risk,Monitor
7209-JCUDS,949.0,Low Value,Medium Risk,Monitor
0871-URUWO,1329.25,Medium Value,Medium Risk,Monitor
4753-PADAS,7081.900000000001,Very High Value,Low Risk,VIP Customer
5159-YFPKQ,151.6,Low Value,High Risk,Churn Risk
2761-OCIAX,149.4,Low Value,High Risk,Churn Risk
2252-JHJGE,6344.0,Very High Value,Low Risk,VIP Customer
0422-UXFAP,5041.349999999999,High Value,Low Risk,High Value Customer
0665-XHDJU,7156.8,Very High Value,Low Risk,VIP Customer
0616-ATFGB,25.05,Low Value,High Risk,Churn Risk
0486-HECZI,5321.25,High Value,Low Risk,High Value Customer
1936-UAFEH,7497.0,Very High Value,Low Risk,VIP Customer
7067-KSAZT,6906.25,Very High Value,Low Risk,VIP Customer
8033-VCZGH,5197.5,High Value,Low Risk,High Value Customer
3324-OIRTO,7430.150000000001,Very High Value,Low Risk,VIP Customer
2495-INZWQ,178.2,Low Value,High Risk,Churn Risk
4283-FUTGF,1517.15,Medium Value,Medium Risk,Monitor
3030-YDNRM,598.8,Low Value,Medium Risk,Monitor
7571-YXDAD,149.8,Low Value,High Risk,Churn Risk
7409-KIUTL,71.0,Low Value,High Risk,Churn Risk
6559-RAKOZ,4799.55,High Value,Low Risk,High Value Customer
4115-NZRKS,624.0500000000001,Low Value,Medium Risk,Monitor
6080-TCMYC,3248.0,High Value,Medium Risk,High Value Customer
7029-RPUAV,1707.65,Medium Value,Medium Risk,Monitor
9747-DDZOS,73.5,Low Value,High Risk,Churn Risk
0899-LIIBW,3428.9,High Value,Medium Risk,High Value Customer
2522-AHJXR,6567.0,Very High Value,Low Risk,VIP Customer
5966-EMAZU,6944.0,Very High Value,Low Risk,VIP Customer
4512-ZUIYL,140.0,Low Value,Medium Risk,Monitor
3721-CNEYS,141.9,Low Value,Medium Risk,Monitor
0164-APGRB,8272.800000000001,Very High Value,Low Risk,VIP Customer
5281-BUZGT,3270.6,High Value,Medium Risk,High Value Customer
7005-CCBKV,506.4,Low Value,Medium Risk,Monitor
9715-WZCLW,6901.2,Very High Value,Low Risk,VIP Customer
3524-WQDSG,4269.9,High Value,Low Risk,High Value Customer
7181-BQYBV,102.45,Low Value,Medium Risk,Monitor
9278-VZKCD,5673.2,High Value,Low Risk,High Value Customer
1360-JYXKQ,5351.4,High Value,Low Risk,High Value Customer
3923-CSIHK,3552.5,High Value,Medium Risk,High Value Customer
3199-XGZCY,602.0,Low Value,Medium Risk,Monitor
8433-WPJTV,6753.5,Very High Value,Low Risk,VIP Customer
0685-MLYYM,141.5,Low Value,Medium Risk,Monitor
4419-UJMUS,6855.15,Very High Value,Low Risk,VIP Customer
5373-SFODM,3069.0,High Value,Medium Risk,High Value Customer
5501-TVMGM,55.25,Low Value,Medium Risk,Monitor
0524-IAVZO,2550.0,Medium Value,Medium Risk,Monitor
7861-UVUFT,1264.5,Medium Value,Medium Risk,Monitor
4627-MIHJH,7607.25,Very High Value,Low Risk,VIP Customer
5236-PERKL,6438.150000000001,Very High Value,Low Risk,VIP Customer
7279-BUYWN,4641.2,High Value,Low Risk,High Value Customer
6000-APYLU,727.1999999999999,Low Value,Medium Risk,Monitor
8541-QVFKM,588.0,Low Value,Medium Risk,Monitor
9128-CPXKI,5652.2,High Value,Low Risk,High Value Customer
0963-ZBDRN,3078.4,High Value,Medium Risk,High Value Customer
2924-KHUVI,5630.8,High Value,Low Risk,High Value Customer
2019-HDCZY,6463.799999999999,Very High Value,Low Risk,VIP Customer
2101-RANCD,4020.5,High Value,Low Risk,High Value Customer
4706-AXVKM,932.8,Low Value,Medium Risk,Monitor
6845-RGTYS,4641.25,High Value,Low Risk,High Value Customer
2485-ITVKB,70.2,Low Value,Medium Risk,Monitor
2368-GAKKQ,7955.5,Very High Value,Low Risk,VIP Customer
0536-ACXIP,7887.599999999999,Very High Value,Low Risk,VIP Customer
2750-BJLSB,4873.900000000001,High Value,Low Risk,High Value Customer
1731-TVIUK,374.0,Low Value,Medium Risk,Monitor
1077-HUUJM,497.35,Low Value,Medium Risk,Monitor
9079-YEXQJ,5999.4,High Value,Low Risk,High Value Customer
7534-BFESC,1826.4,Medium Value,Medium Risk,Monitor
4840-ORQXB,5866.0,High Value,Low Risk,High Value Customer
1024-GUALD,24.8,Low Value,Medium Risk,Monitor
2369-FEVNO,19.9,Low Value,Medium Risk,Monitor
5419-CONWX,399.2,Low Value,Medium Risk,Monitor
9822-WMWVG,4366.5,High Value,Low Risk,High Value Customer
9692-TUSXH,1728.9,Medium Value,Medium Risk,Monitor
8818-DOPVL,4804.7,High Value,Low Risk,High Value Customer
7251-XFOIL,5441.2,High Value,Low Risk,High Value Customer
0106-UGRDO,8004.0,Very High Value,Low Risk,VIP Customer
6608-QQLVK,50.5,Low Value,Medium Risk,Monitor
5226-NOZFC,2229.5,Medium Value,Medium Risk,Monitor
3766-EJLFL,7415.4,Very High Value,Low Risk,VIP Customer
9054-FOWNV,1952.5,Medium Value,Medium Risk,Monitor
2272-WUSPA,7974.0,Very High Value,Low Risk,VIP Customer
5136-GFPMB,4827.6,High Value,Low Risk,High Value Customer
5461-QKNTN,4054.9,High Value,Low Risk,High Value Customer
5480-HPRRX,75.9,Low Value,Medium Risk,Monitor
5052-PNLOS,316.04999999999995,Low Value,Medium Risk,Monitor
6664-FPDAC,6269.2,Very High Value,Low Risk,VIP Customer
3396-DKDEL,8060.5,Very High Value,Low Risk,VIP Customer
9070-BCKQP,7930.8,Very High Value,Low Risk,VIP Customer
8728-SKJLR,3044.25,High Value,Medium Risk,High Value Customer
2480-EJWYP,5672.4,High Value,Low Risk,High Value Customer
9907-SWKKF,25.05,Low Value,Medium Risk,Monitor
9866-OCCKE,7902.0,Very High Value,Low Risk,VIP Customer
1112-CUNAO,1347.75,Medium Value,Medium Risk,Monitor
8015-IHCGW,8316.0,Very High Value,Low Risk,VIP Customer
1016-DJTSV,557.6,Low Value,Medium Risk,Monitor
8361-LTMKD,297.6,Low Value,Medium Risk,Monitor
1360-XFJMR,7349.900000000001,Very High Value,Low Risk,VIP Customer
9576-SYUHJ,3372.55,High Value,Medium Risk,High Value Customer
6777-TGHTM,5668.35,High Value,Low Risk,High Value Customer
4724-WXVWF,4579.200000000001,High Value,Low Risk,High Value Customer
7569-NMZYQ,8550.0,Very High Value,Low Risk,VIP Customer
1379-FRVEB,1365.0,Medium Value,Medium Risk,Monitor
8821-XNHVZ,80.05,Low Value,Medium Risk,Monitor
1448-PWKYE,80.0,Low Value,Medium Risk,Monitor
3292-PBZEJ,1225.4,Medium Value,Medium Risk,Monitor
6919-ELBGL,8276.4,Very High Value,Low Risk,VIP Customer
3858-VOBET,1723.85,Medium Value,Medium Risk,Monitor
7529-ZDFXI,5121.45,High Value,Low Risk,High Value Customer
6734-FQAJX,7038.349999999999,Very High Value,Low Risk,VIP Customer
9924-JPRMC,8510.4,Very High Value,Low Risk,VIP Customer
9298-WGMRW,8316.0,Very High Value,Low Risk,VIP Customer
6270-OMFIW,5664.0,High Value,Low Risk,High Value Customer
2889-FPWRM,8481.6,Very High Value,Low Risk,VIP Customer
4983-CLMLV,5340.400000000001,High Value,Low Risk,High Value Customer
7410-YTJIK,528.15,Low Value,Medium Risk,Monitor
6680-WKXRZ,223.2,Low Value,Medium Risk,Monitor
3810-DVDQQ,8467.199999999999,Very High Value,Low Risk,VIP Customer
6583-SZVGP,5188.799999999999,High Value,Low Risk,High Value Customer
9739-JLPQJ,8460.0,Very High Value,Low Risk,VIP Customer
6376-GAHQE,311.4,Low Value,Medium Risk,Monitor
4304-TSPVK,7813.200000000001,Very High Value,Low Risk,VIP Customer
4678-DVQEO,52.2,Low Value,Medium Risk,Monitor
6904-JLBGY,8449.199999999999,Very High Value,Low Risk,VIP Customer
1236-WFCDV,1266.3,Medium Value,Medium Risk,Monitor
9819-FBNSV,2673.25,Medium Value,Medium Risk,Monitor
2293-IJWPS,5742.75,High Value,Low Risk,High Value Customer
6650-BWFRT,8434.800000000001,Very High Value,Low Risk,VIP Customer
7359-WWYJV,8240.4,Very High Value,Low Risk,VIP Customer
6507-ZJSUR,2080.35,Medium Value,Medium Risk,Monitor
1110-KYLGQ,6819.75,Very High Value,Low Risk,VIP Customer
8984-HPEMB,8424.15,Very High Value,Low Risk,VIP Customer
5574-NXZIU,6879.6,Very High Value,Low Risk,VIP Customer
9788-HNGUT,8420.4,Very High Value,Low Risk,VIP Customer
1488-PBLJN,8413.199999999999,Very High Value,Low Risk,VIP Customer
0017-IUDMW,8409.6,Very High Value,Low Risk,VIP Customer
3680-CTHUH,6996.0,Very High Value,Low Risk,VIP Customer
9637-CDTKZ,8215.199999999999,Very High Value,Low Risk,VIP Customer
8628-MFKAX,8406.0,Very High Value,Low Risk,VIP Customer
4806-KEXQR,319.6,Low Value,Medium Risk,Monitor
3567-PQTSO,5578.25,High Value,Low Risk,High Value Customer
2388-LAESQ,8269.199999999999,Very High Value,Low Risk,VIP Customer
3258-ZKPAI,8395.199999999999,Very High Value,Low Risk,VIP Customer
6374-NTQLP,7495.2,Very High Value,Low Risk,VIP Customer
1319-YLZJG,1015.2,Medium Value,Medium Risk,Monitor
8650-RHRKE,118.6,Low Value,Medium Risk,Monitor
3963-RYFNS,8384.4,Very High Value,Low Risk,VIP Customer
2860-RANUS,1716.0,Medium Value,Medium Risk,Monitor
0675-NCDYU,8380.800000000001,Very High Value,Low Risk,VIP Customer
9866-QEVEE,1634.0,Medium Value,Medium Risk,Monitor
6047-YHPVI,348.5,Low Value,Medium Risk,Monitor
1480-BKXGA,8355.6,Very High Value,Low Risk,VIP Customer
3365-SAIGS,1420.35,Medium Value,Medium Risk,Monitor
6319-IEJWJ,1804.0,Medium Value,Medium Risk,Monitor
4376-KFVRS,8211.6,Very High Value,Low Risk,VIP Customer
1302-UHBDD,1799.0,Medium Value,Medium Risk,Monitor
5914-XRFQB,8337.6,Very High Value,Low Risk,VIP Customer
6007-TCTST,8337.6,Very High Value,Low Risk,VIP Customer
8513-OLYGY,8337.6,Very High Value,Low Risk,VIP Customer
0432-CAJZV,272.1,Low Value,Medium Risk,Monitor
5451-YHYPW,8334.0,Very High Value,Low Risk,VIP Customer
8606-CIQUL,8334.0,Very High Value,Low Risk,VIP Customer
1352-HNSAW,8323.199999999999,Very High Value,Low Risk,VIP Customer
8263-QMNTJ,8319.6,Very High Value,Low Risk,VIP Customer
9643-AVVWI,240.0,Low Value,Medium Risk,Monitor
8676-TRMJS,225.0,Low Value,Medium Risk,Monitor
2121-JAFOM,8319.6,Very High Value,Low Risk,VIP Customer
6297-NOOPG,7735.0,Very High Value,Low Risk,VIP Customer
6519-ZHPXP,7797.599999999999,Very High Value,Low Risk,VIP Customer
0256-LTHVJ,2269.4,Medium Value,Medium Risk,Monitor
3865-ZYKAD,5858.1,High Value,Low Risk,High Value Customer
2380-DAMQP,8290.800000000001,Very High Value,Low Risk,VIP Customer
0906-QVPMS,8290.800000000001,Very High Value,Low Risk,VIP Customer
6797-LNAQX,6881.0,Very High Value,Low Risk,VIP Customer
8454-AATJP,8283.6,Very High Value,Low Risk,VIP Customer
7495-OOKFY,645.2,Low Value,Medium Risk,Monitor
2323-ARSVR,7440.349999999999,Very High Value,Low Risk,VIP Customer
9927-DSWDF,2301.2,Medium Value,Medium Risk,Monitor
1989-PRJHP,2038.5,Medium Value,Medium Risk,Monitor
8280-MQRQN,50.45,Low Value,Medium Risk,Monitor
0186-CAERR,8257.3,Very High Value,Low Risk,VIP Customer
9402-ROUMJ,6716.75,Very High Value,Low Risk,VIP Customer
1779-PWPMG,8254.800000000001,Very High Value,Low Risk,VIP Customer
8879-XUAHX,8253.75,Very High Value,Low Risk,VIP Customer
8207-DMRVL,8247.6,Very High Value,Low Risk,VIP Customer
1894-IGFSG,1963.5,Medium Value,Medium Risk,Monitor
9710-ZUSHQ,3949.75,High Value,Low Risk,High Value Customer
5135-GRQJV,8244.0,Very High Value,Low Risk,VIP Customer
8975-SKGRX,8243.1,Very High Value,Low Risk,VIP Customer
2040-XBAVJ,8240.4,Very High Value,Low Risk,VIP Customer
2223-GDSHL,8239.55,Very High Value,Low Risk,VIP Customer
6128-AQBMT,2211.9500000000003,Medium Value,Medium Risk,Monitor
2587-EKXTS,4906.0,High Value,Low Risk,High Value Customer
0266-GMEAO,8229.6,Very High Value,Low Risk,VIP Customer
3892-NXAZG,8211.6,Very High Value,Low Risk,VIP Customer
2277-VWCNI,195.0,Low Value,Medium Risk,Monitor
9127-FHJBZ,8208.0,Very High Value,Low Risk,VIP Customer
3063-QFSZL,55.4,Low Value,Medium Risk,Monitor
0327-WFZSY,3900.0,High Value,Low Risk,High Value Customer
3258-SYSWS,8193.6,Very High Value,Low Risk,VIP Customer
2919-HBCJO,306.6,Low Value,Medium Risk,Monitor
6445-TNRXS,7799.6,Very High Value,Low Risk,VIP Customer
5038-ETMLM,8182.8,Very High Value,Low Risk,VIP Customer
9239-GZHZE,8182.8,Very High Value,Low Risk,VIP Customer
0004-TLHLJ,295.6,Low Value,Medium Risk,Monitor
3669-WHAFY,8175.650000000001,Very High Value,Low Risk,VIP Customer
8029-XYPWT,8168.55,Very High Value,Low Risk,VIP Customer
8670-ERCJH,8164.8,Very High Value,Low Risk,VIP Customer
7235-NXZCP,149.7,Low Value,Medium Risk,Monitor
3795-CAWEX,8158.5,Very High Value,Low Risk,VIP Customer
0749-IRGQE,588.9,Low Value,Medium Risk,Monitor
5129-JLPIS,2637.5,Medium Value,Medium Risk,Monitor
0023-XUOPT,1223.3,Medium Value,Medium Risk,Monitor
6712-OAWRH,2372.5,Medium Value,Medium Risk,Monitor
6859-QNXIQ,8143.2,Very High Value,Low Risk,VIP Customer
2001-EWBQU,6282.0,Very High Value,Low Risk,VIP Customer
2001-MCUUW,4997.900000000001,High Value,Low Risk,High Value Customer
5322-TEUJK,8136.599999999999,Very High Value,Low Risk,VIP Customer
9576-ANLXO,208.65,Low Value,Medium Risk,Monitor
4412-YLTKF,2107.35,Medium Value,Medium Risk,Monitor
9481-IEBZY,8128.8,Very High Value,Low Risk,VIP Customer
7471-MQPOS,5175.900000000001,High Value,Low Risk,High Value Customer
7663-CUXZB,6711.25,Very High Value,Low Risk,VIP Customer
6175-IRFIT,393.75,Low Value,Medium Risk,Monitor
0082-OQIQY,2731.8,Medium Value,Medium Risk,Monitor
8024-XNAFQ,7732.8,Very High Value,Low Risk,VIP Customer
5183-KLYEM,8118.0,Very High Value,Low Risk,VIP Customer
8778-LMWTJ,673.65,Low Value,Medium Risk,Monitor
1074-AMIOH,5737.25,High Value,Low Risk,High Value Customer
1090-ESELR,7596.0,Very High Value,Low Risk,VIP Customer
3520-FJGCV,8107.2,Very High Value,Low Risk,VIP Customer
3726-TBHQT,8094.0,Very High Value,Low Risk,VIP Customer
4829-ZLJTK,8092.8,Very High Value,Low Risk,VIP Customer
7912-SYRQT,525.6999999999999,Low Value,Medium Risk,Monitor
0730-KOAVE,2829.0,Medium Value,Medium Risk,Monitor
0201-OAMXR,8088.5,Very High Value,Low Risk,VIP Customer
7255-SSFBC,8082.0,Very High Value,Low Risk,VIP Customer
5271-YNWVR,7694.200000000001,Very High Value,Low Risk,VIP Customer
7218-HKQFK,188.4,Low Value,Medium Risk,Monitor
8915-NNTRC,7754.400000000001,Very High Value,Low Risk,VIP Customer
0378-CJKPV,8071.2,Very High Value,Low Risk,VIP Customer
9258-CNWAC,8069.150000000001,Very High Value,Low Risk,VIP Customer
0958-YHXGP,489.30000000000007,Low Value,Medium Risk,Monitor
4983-CCWMC,208.8,Low Value,Medium Risk,Monitor
5989-AXPUC,8064.799999999999,Very High Value,Low Risk,VIP Customer
9944-AEXBM,2740.8,Medium Value,Medium Risk,Monitor
2193-SFWQW,8060.400000000001,Very High Value,Low Risk,VIP Customer
0619-OLYUR,8056.8,Very High Value,Low Risk,VIP Customer
1150-WFARN,7286.25,Very High Value,Low Risk,VIP Customer
8266-VBFQL,361.6,Low Value,Medium Risk,Monitor
5445-PZWGX,6324.0,Very High Value,Low Risk,VIP Customer
0181-RITDD,6705.3,Very High Value,Low Risk,VIP Customer
9840-DVNDC,483.0,Low Value,Medium Risk,Monitor
7176-WRTNX,8046.5,Very High Value,Low Risk,VIP Customer
0430-IHCDJ,735.0,Low Value,Medium Risk,Monitor
5304-EFJLP,8038.8,Very High Value,Low Risk,VIP Customer
2469-DTSGX,8038.8,Very High Value,Low Risk,VIP Customer
8853-TZDGH,8035.2,Very High Value,Low Risk,VIP Customer
9475-NNDGC,8033.650000000001,Very High Value,Low Risk,VIP Customer
4393-GEADV,8032.5,Very High Value,Low Risk,VIP Customer
1043-UXOVO,8033.650000000001,Very High Value,Low Risk,VIP Customer
8059-UDZFY,3476.55,High Value,Low Risk,High Value Customer
6022-UGGSO,2380.8,Medium Value,Medium Risk,Monitor
0530-IJVDB,8022.0,Very High Value,Low Risk,VIP Customer
5357-TZHPP,759.6,Low Value,Medium Risk,Monitor
7929-SKFGK,8001.0,Very High Value,Low Risk,VIP Customer
5696-CEIQJ,6911.05,Very High Value,Low Risk,VIP Customer
0019-EFAEP,7293.599999999999,Very High Value,Low Risk,VIP Customer
4686-UXDML,2096.85,Medium Value,Medium Risk,Monitor
1555-DJEQW,7994.0,Very High Value,Low Risk,VIP Customer
6284-KMNUF,5488.0,High Value,Low Risk,High Value Customer
7030-FZTFM,7984.8,Very High Value,Low Risk,VIP Customer
2499-AJYUA,7977.599999999999,Very High Value,Low Risk,VIP Customer
0322-CHQRU,90.7,Low Value,Medium Risk,Monitor
4282-MSACW,7969.6,Very High Value,Low Risk,VIP Customer
8823-RLPWL,7966.8,Very High Value,Low Risk,VIP Customer
9940-RHLFB,75.3,Low Value,Medium Risk,Monitor
1291-CUOCY,7963.2,Very High Value,Low Risk,VIP Customer
4806-DXQCE,7955.5,Very High Value,Low Risk,VIP Customer
8309-PPCED,7952.400000000001,Very High Value,Low Risk,VIP Customer
7602-MVRMB,7952.400000000001,Very High Value,Low Risk,VIP Customer
6769-DYBQN,3910.0,High Value,Low Risk,High Value Customer
3831-YCPUO,7884.0,Very High Value,Low Risk,VIP Customer
3580-HYCSP,7941.599999999999,Very High Value,Low Risk,VIP Customer
0868-VJRDR,6659.2,Very High Value,Low Risk,VIP Customer
3313-QKNKB,5047.45,High Value,Low Risk,High Value Customer
8199-ZLLSA,7929.45,Very High Value,Low Risk,VIP Customer
7566-DSRLQ,7930.8,Very High Value,Low Risk,VIP Customer
3244-CQPHU,7927.2,Very High Value,Low Risk,VIP Customer
1452-KIOVK,1960.2,Medium Value,Medium Risk,Monitor
7928-VJYAB,996.6,Low Value,Medium Risk,Monitor
1841-YSJGV,7916.400000000001,Very High Value,Low Risk,VIP Customer
0254-FNMCI,7912.8,Very High Value,Low Risk,VIP Customer
3870-SPZSI,7913.5,Very High Value,Low Risk,VIP Customer
0907-HQNTS,7910.0,Very High Value,Low Risk,VIP Customer
7881-EVUAD,85.2,Low Value,Medium Risk,Monitor
1162-ECVII,7902.0,Very High Value,Low Risk,VIP Customer
3508-CFVZL,7902.3,Very High Value,Low Risk,VIP Customer
4670-TABXH,7902.0,Very High Value,Low Risk,VIP Customer
3540-RZJYU,1293.0,Medium Value,Medium Risk,Monitor
4909-JOUPP,7898.400000000001,Very High Value,Low Risk,VIP Customer
9680-NIAUV,7898.400000000001,Very High Value,Low Risk,VIP Customer
0835-JKADZ,7898.75,Very High Value,Low Risk,VIP Customer
6295-OSINB,7894.8,Very High Value,Low Risk,VIP Customer
5375-XLDOF,7890.15,Very High Value,Low Risk,VIP Customer
3518-FSTWG,7887.599999999999,Very High Value,Low Risk,VIP Customer
9802-CAQUT,7887.599999999999,Very High Value,Low Risk,VIP Customer
9167-APMXZ,1851.3,Medium Value,Medium Risk,Monitor
7375-WMVMT,6780.5,Very High Value,Low Risk,VIP Customer
3886-CERTZ,7866.0,Very High Value,Low Risk,VIP Customer
1545-JFUML,7029.0,Very High Value,Low Risk,VIP Customer
6614-FHDBO,7862.400000000001,Very High Value,Low Risk,VIP Customer
8901-UPRHR,7862.400000000001,Very High Value,Low Risk,VIP Customer
2266-SJNAT,7858.8,Very High Value,Low Risk,VIP Customer
5027-YOCXN,5612.55,High Value,Low Risk,High Value Customer
9112-WSNPU,2469.25,Medium Value,Medium Risk,Monitor
9465-RWMXL,2524.8,Medium Value,Medium Risk,Monitor
5172-RKOCB,7844.400000000001,Very High Value,Low Risk,VIP Customer
7055-JCGNI,7836.5,Very High Value,Low Risk,VIP Customer
6910-HADCM,76.35,Low Value,Medium Risk,Monitor
2748-MYRVK,6293.700000000001,Very High Value,Low Risk,VIP Customer
8714-EUHJO,2825.65,Medium Value,Low Risk,Low Priority
7587-RZNME,129.89999999999998,Low Value,Medium Risk,Monitor
8132-YPVBX,515.7,Low Value,Medium Risk,Monitor
1053-MXTTK,7822.8,Very High Value,Low Risk,VIP Customer
3655-SNQYZ,7814.25,Very High Value,Low Risk,VIP Customer
5168-MQQCA,7812.0,Very High Value,Low Risk,VIP Customer
2419-FSORS,7804.8,Very High Value,Low Risk,VIP Customer
1320-GVNHT,7804.8,Very High Value,Low Risk,VIP Customer
4378-MYPGO,7157.0,Very High Value,Low Risk,VIP Customer
9031-ZVQPT,7790.400000000001,Very High Value,Low Risk,VIP Customer
0013-SMEOE,7788.7,Very High Value,Low Risk,VIP Customer
9053-JZFKV,7785.400000000001,Very High Value,Low Risk,VIP Customer
5760-FXFVO,473.7000000000001,Low Value,Medium Risk,Monitor
7134-HBPBS,7783.2,Very High Value,Low Risk,VIP Customer
5945-AZYHT,7781.599999999999,Very High Value,Low Risk,VIP Customer
9861-PDSZP,7779.599999999999,Very High Value,Low Risk,VIP Customer
8071-SBTRN,7780.5,Very High Value,Low Risk,VIP Customer
7124-UGSUR,6368.400000000001,Very High Value,Low Risk,VIP Customer
7923-IYJWY,7778.7,Very High Value,Low Risk,VIP Customer
9741-YLNTD,527.7,Low Value,Medium Risk,Monitor
9586-JGQKH,6745.6,Very High Value,Low Risk,VIP Customer
6993-YGFJV,7765.95,Very High Value,Low Risk,VIP Customer
2599-CIPQE,7760.3,Very High Value,Low Risk,VIP Customer
6308-CQRBU,7756.75,Very High Value,Low Risk,VIP Customer
8621-MNIHH,3204.5,High Value,Low Risk,High Value Customer
8378-LKJAF,3843.7,High Value,Low Risk,High Value Customer
2754-XBHTB,698.85,Low Value,Medium Risk,Monitor
9107-UKCKY,4867.8,High Value,Low Risk,High Value Customer
3312-ZWLGF,2299.7,Medium Value,Medium Risk,Monitor
4184-VODJZ,5755.049999999999,High Value,Low Risk,High Value Customer
5954-BDFSG,7740.0,Very High Value,Low Risk,VIP Customer
3407-JMJQQ,7739.0,Very High Value,Low Risk,VIP Customer
4056-QHXHZ,7736.400000000001,Very High Value,Low Risk,VIP Customer
8265-HKSOW,7736.400000000001,Very High Value,Low Risk,VIP Customer
1470-PSXNM,4588.85,High Value,Low Risk,High Value Customer
0410-IPFTY,2599.35,Medium Value,Medium Risk,Monitor
2325-NBPZG,223.65,Low Value,Medium Risk,Monitor
7957-RYHQD,3168.0,High Value,Low Risk,High Value Customer
2057-ZBLPD,1816.5,Medium Value,Medium Risk,Monitor
8707-HOEDG,7714.0,Very High Value,Low Risk,VIP Customer
7317-GGVPB,7710.599999999999,Very High Value,Low Risk,VIP Customer
9420-LOJKX,1486.5,Medium Value,Medium Risk,Monitor
2972-YDYUW,5397.900000000001,High Value,Low Risk,High Value Customer
3966-HRMZA,225.15,Low Value,Medium Risk,Monitor
3717-OEAUQ,141.4,Low Value,Medium Risk,Monitor
9283-LZQOH,967.2,Low Value,Medium Risk,Monitor
3786-WOVKF,7693.2,Very High Value,Low Risk,VIP Customer
8809-XKHMD,7239.599999999999,Very High Value,Low Risk,VIP Customer
6198-PNNSZ,6148.8,Very High Value,Low Risk,VIP Customer
4029-HPFVY,210.9,Low Value,Medium Risk,Monitor
8849-GYOKR,5753.7,High Value,Low Risk,High Value Customer
9330-VOFSZ,6648.0,Very High Value,Low Risk,VIP Customer
3207-OYBWH,5429.25,High Value,Low Risk,High Value Customer
2834-JRTUA,7671.55,Very High Value,Low Risk,VIP Customer
4868-AADLV,7672.5,Very High Value,Low Risk,VIP Customer
1984-FCOWB,7665.0,Very High Value,Low Risk,VIP Customer
7879-CGSFV,5549.5,High Value,Low Risk,High Value Customer
0748-RDGGM,7665.0,Very High Value,Low Risk,VIP Customer
8107-RZLNV,7653.599999999999,Very High Value,Low Risk,VIP Customer
7159-NOKYQ,6241.05,Very High Value,Low Risk,VIP Customer
0388-EOPEX,148.8,Low Value,Medium Risk,Monitor
9405-GPBBG,7072.0,Very High Value,Low Risk,VIP Customer
4067-HLYQI,2323.2000000000003,Medium Value,Medium Risk,Monitor
0052-DCKON,7642.8,Very High Value,Low Risk,VIP Customer
3865-YIOTT,7639.2,Very High Value,Low Risk,VIP Customer
5668-MEISB,7639.2,Very High Value,Low Risk,VIP Customer
1452-UZOSF,7639.2,Very High Value,Low Risk,VIP Customer
2615-YVMYX,7632.5,Very High Value,Low Risk,VIP Customer
4476-OSWTN,7627.95,Very High Value,Low Risk,VIP Customer
0923-PNFUB,251.25,Low Value,Medium Risk,Monitor
7733-UDMTP,3135.0,High Value,Low Risk,High Value Customer
7519-JTWQH,7624.5,Very High Value,Low Risk,VIP Customer
5469-CTCWN,6466.0,Very High Value,Low Risk,VIP Customer
6137-NICCO,564.3,Low Value,Medium Risk,Monitor
8999-XXGNS,7614.0,Very High Value,Low Risk,VIP Customer
4818-QIUFN,1583.0,Medium Value,Medium Risk,Monitor
0853-TWRVK,7603.2,Very High Value,Low Risk,VIP Customer
4223-WOZCM,99.9,Low Value,Medium Risk,Monitor
0401-WDBXM,7599.599999999999,Very High Value,Low Risk,VIP Customer
2632-IVXVF,7599.0,Very High Value,Low Risk,VIP Customer
3466-RITXD,2402.4,Medium Value,Medium Risk,Monitor
4389-UEFCZ,7596.0,Very High Value,Low Risk,VIP Customer
2988-QRAJY,7593.45,Very High Value,Low Risk,VIP Customer
8393-DLHGA,2397.5,Medium Value,Medium Risk,Monitor
0136-IFMYD,7586.55,Very High Value,Low Risk,VIP Customer
4119-ZYPZY,7582.8,Very High Value,Low Risk,VIP Customer
9558-IHEZX,7579.25,Very High Value,Low Risk,VIP Customer
9717-QEBGU,140.6,Low Value,Medium Risk,Monitor
5965-GGPRW,7578.0,Very High Value,Low Risk,VIP Customer
9959-WOFKT,7575.7,Very High Value,Low Risk,VIP Customer
1679-JRFBR,7570.5,Very High Value,Low Risk,VIP Customer
6726-NNFWD,6350.95,Very High Value,Low Risk,VIP Customer
5985-BEHZK,7560.0,Very High Value,Low Risk,VIP Customer
0392-BZIUW,7560.0,Very High Value,Low Risk,VIP Customer
7203-OYKCT,7556.400000000001,Very High Value,Low Risk,VIP Customer
4947-DSMXK,3321.8,High Value,Low Risk,High Value Customer
4815-YOSUK,7552.8,Very High Value,Low Risk,VIP Customer
2664-XJZNO,7552.8,Very High Value,Low Risk,VIP Customer
2984-TBYKU,7552.8,Very High Value,Low Risk,VIP Customer
5286-YHCVC,7545.599999999999,Very High Value,Low Risk,VIP Customer
8819-ZBYNA,6327.799999999999,Very High Value,Low Risk,VIP Customer
5339-PXDVH,362.6,Low Value,Medium Risk,Monitor
7354-OIJLX,682.65,Low Value,Medium Risk,Monitor
9896-UYMIE,7543.8,Very High Value,Low Risk,VIP Customer
5795-KTGUD,7534.4,Very High Value,Low Risk,VIP Customer
2955-BJZHG,1374.4499999999998,Medium Value,Medium Risk,Monitor
8561-NMTBD,7527.45,Very High Value,Low Risk,VIP Customer
3259-FDWOY,7526.0,Very High Value,Low Risk,VIP Customer
1092-GANHU,1303.0500000000002,Medium Value,Medium Risk,Monitor
5376-PCKNB,7520.400000000001,Very High Value,Low Risk,VIP Customer
2172-EJXVF,7518.900000000001,Very High Value,Low Risk,VIP Customer
0308-GIQJT,7508.25,Very High Value,Low Risk,VIP Customer
5569-IDSEY,7504.7,Very High Value,Low Risk,VIP Customer
8213-TAZPM,7503.75,Very High Value,Low Risk,VIP Customer
6728-DKUCO,7498.8,Very High Value,Low Risk,VIP Customer
0917-EZOLA,7498.8,Very High Value,Low Risk,VIP Customer
0952-KMEEH,1275.95,Medium Value,Medium Risk,Monitor
3363-DTIVD,7494.05,Very High Value,Low Risk,VIP Customer
5153-LXKDT,7493.6,Very High Value,Low Risk,VIP Customer
0823-HSCDJ,2555.8,Medium Value,Low Risk,Low Priority
6834-NXDCA,310.7,Low Value,Medium Risk,Monitor
7251-LJBQN,4150.0,High Value,Low Risk,High Value Customer
7663-YJHSN,7484.400000000001,Very High Value,Low Risk,VIP Customer
9958-MEKUC,7484.400000000001,Very High Value,Low Risk,VIP Customer
1131-SUEKT,6005.45,Very High Value,Low Risk,VIP Customer
1902-XBTFB,1966.8,Medium Value,Medium Risk,Monitor
5440-FLBQG,7479.6,Very High Value,Low Risk,VIP Customer
3192-NQECA,7480.0,Very High Value,Low Risk,VIP Customer
4043-MKDTV,7472.75,Very High Value,Low Risk,VIP Customer
4822-LPTYJ,7470.0,Very High Value,Low Risk,VIP Customer
5140-FOMCQ,6439.85,Very High Value,Low Risk,VIP Customer
7691-XVTZH,6116.6,Very High Value,Low Risk,VIP Customer
6749-UTDVX,7462.8,Very High Value,Low Risk,VIP Customer
5287-QWLKY,7462.099999999999,Very High Value,Low Risk,VIP Customer
0913-XWSCN,4702.5,High Value,Low Risk,High Value Customer
8914-RBTSB,2907.8,Medium Value,Low Risk,Low Priority
2773-OVBPK,7457.099999999999,Very High Value,Low Risk,VIP Customer
6050-IJRHS,7455.0,Very High Value,Low Risk,VIP Customer
3199-NPKCN,7453.75,Very High Value,Low Risk,VIP Customer
9777-IQHWP,5977.6,High Value,Low Risk,High Value Customer
3022-BEXHZ,7450.400000000001,Very High Value,Low Risk,VIP Customer
5301-GAUUY,2571.2,Medium Value,Low Risk,Low Priority
8809-RIHDD,7444.8,Very High Value,Low Risk,VIP Customer
3197-ARFOY,1995.0,Medium Value,Medium Risk,Monitor
0727-BNRLG,6737.85,Very High Value,Low Risk,VIP Customer
8849-AYPTR,3011.25,High Value,Low Risk,High Value Customer
9544-PYPSJ,5958.2,High Value,Low Risk,High Value Customer
6994-FGRHH,7430.5,Very High Value,Low Risk,VIP Customer
2234-XADUH,7430.400000000001,Very High Value,Low Risk,VIP Customer
7250-EQKIY,50.45,Low Value,Medium Risk,Monitor
2478-EEWWM,2613.7,Medium Value,Low Risk,Low Priority
8565-HBFNN,7396.8,Very High Value,Low Risk,VIP Customer
6257-DTAYD,7394.650000000001,Very High Value,Low Risk,VIP Customer
2878-RMWXY,7390.8,Very High Value,Low Risk,VIP Customer
5678-VFNEQ,7391.099999999999,Very High Value,Low Risk,VIP Customer
4323-OHFOW,7388.5,Very High Value,Low Risk,VIP Customer
1475-VWVDO,524.3000000000001,Low Value,Medium Risk,Monitor
1576-PFZIW,7374.5,Very High Value,Low Risk,VIP Customer
3627-FHKBK,75.3,Low Value,Medium Risk,Monitor
4250-ZBWLV,7374.6,Very High Value,Low Risk,VIP Customer
8869-LIHMK,7366.4,Very High Value,Low Risk,VIP Customer
0795-GMVQO,7363.3,Very High Value,Low Risk,VIP Customer
1229-RCALF,7360.0,Very High Value,Low Risk,VIP Customer
7426-WEIJX,4857.0,High Value,Low Risk,High Value Customer
5748-RNCJT,7348.5,Very High Value,Low Risk,VIP Customer
7718-UPSKJ,7341.6,Very High Value,Low Risk,VIP Customer
5161-UBZXI,7338.15,Very High Value,Low Risk,VIP Customer
9450-TRJUU,2910.25,Medium Value,Low Risk,Low Priority
0100-DUVFC,7336.0,Very High Value,Low Risk,VIP Customer
8849-PRIQJ,7329.8,Very High Value,Low Risk,VIP Customer
7821-DPRQE,7323.6,Very High Value,Low Risk,VIP Customer
7632-MNYOY,7319.400000000001,Very High Value,Low Risk,VIP Customer
9835-ZIITK,7316.099999999999,Very High Value,Low Risk,VIP Customer
2604-IJPDU,1931.0,Medium Value,Medium Risk,Monitor
3597-YASZG,7311.5,Very High Value,Low Risk,VIP Customer
7208-PSIHR,7301.0,Very High Value,Low Risk,VIP Customer
7971-HLVXI,6084.0,Very High Value,Low Risk,VIP Customer
4827-LTQRJ,7299.599999999999,Very High Value,Low Risk,VIP Customer
1335-HQMKX,7297.2,Very High Value,Low Risk,VIP Customer
5022-JNQEQ,682.65,Low Value,Medium Risk,Monitor
1297-VQDRP,7286.200000000001,Very High Value,Low Risk,VIP Customer
1346-PJWTK,5743.150000000001,High Value,Low Risk,High Value Customer
5198-EFNBM,5167.05,High Value,Low Risk,High Value Customer
4853-RULSV,7280.0,Very High Value,Low Risk,VIP Customer
7503-QQRVF,1188.8,Medium Value,Medium Risk,Monitor
2533-QVMSK,5740.099999999999,High Value,Low Risk,High Value Customer
9779-DPNEJ,1763.3000000000002,Medium Value,Medium Risk,Monitor
6048-UWKAL,7272.6,Very High Value,Low Risk,VIP Customer
6050-FFXES,7269.15,Very High Value,Low Risk,VIP Customer
9848-JQJTX,7264.8,Very High Value,Low Risk,VIP Customer
0864-FVJNJ,7254.4,Very High Value,Low Risk,VIP Customer
4547-LYTDD,1162.4,Medium Value,Medium Risk,Monitor
1090-PYKCI,7251.9,Very High Value,Low Risk,VIP Customer
4154-AQUGT,1157.65,Medium Value,Medium Risk,Monitor
0058-EVZWM,4939.0,High Value,Low Risk,High Value Customer
5781-BKHOP,7246.8,Very High Value,Low Risk,VIP Customer
7181-OQCUT,2180.85,Medium Value,Low Risk,Low Priority
2187-PKZAY,959.4,Low Value,Medium Risk,Monitor
6837-HAEVO,7245.0,Very High Value,Low Risk,VIP Customer
2995-UPRYS,3968.0,High Value,Low Risk,High Value Customer
5734-EJKXG,7234.599999999999,Very High Value,Low Risk,VIP Customer
1522-VVDMG,628.25,Low Value,Medium Risk,Monitor
5133-POWUA,45.8,Low Value,Medium Risk,Monitor
0876-WDUUZ,427.0,Low Value,Medium Risk,Monitor
8634-CILSZ,7224.3,Very High Value,Low Risk,VIP Customer
6067-NGCEU,7218.25,Very High Value,Low Risk,VIP Customer
3442-ZHHCC,5229.200000000001,High Value,Low Risk,High Value Customer
3617-XLSGQ,7210.5,Very High Value,Low Risk,VIP Customer
9286-DOJGF,2848.1,Medium Value,Low Risk,Low Priority
4075-JFPGR,4768.5,High Value,Low Risk,High Value Customer
4550-VBOFE,7206.5,Very High Value,Low Risk,VIP Customer
4616-ULAOA,7202.0,Very High Value,Low Risk,VIP Customer
9480-BQJEI,5722.599999999999,High Value,Low Risk,High Value Customer
6234-RAAPL,7192.8,Very High Value,Low Risk,VIP Customer
2056-EVGZL,7191.0,Very High Value,Low Risk,VIP Customer
6305-YLBMM,7179.45,Very High Value,Low Risk,VIP Customer
3658-KIBGF,54.9,Low Value,Medium Risk,Monitor
5502-RLUYV,7172.55,Very High Value,Low Risk,VIP Customer
5481-NTDOH,7172.349999999999,Very High Value,Low Risk,VIP Customer
0959-WHOKV,4158.0,High Value,Low Risk,High Value Customer
3096-WPXBT,6142.7,Very High Value,Low Risk,VIP Customer
9752-ZNQUT,48.6,Low Value,Medium Risk,Monitor
8480-PPONV,7164.099999999999,Very High Value,Low Risk,VIP Customer
9090-SGQXL,7160.4,Very High Value,Low Risk,VIP Customer
5067-XJQFU,7157.7,Very High Value,Low Risk,VIP Customer
5055-BRMNE,7148.900000000001,Very High Value,Low Risk,VIP Customer
6333-YDVLT,7150.0,Very High Value,Low Risk,VIP Customer
6993-YCOBK,6636.0,Very High Value,Low Risk,VIP Customer
5228-EXCET,1051.05,Medium Value,Medium Risk,Monitor
1891-QRQSA,7142.4,Very High Value,Low Risk,VIP Customer
6465-GSRCL,7142.2,Very High Value,Low Risk,VIP Customer
0742-LAFQK,7138.8,Very High Value,Low Risk,VIP Customer
0218-QNVAS,7139.05,Very High Value,Low Risk,VIP Customer
0581-MDMPW,2134.8,Medium Value,Low Risk,Low Priority
6723-WSNTY,7134.599999999999,Very High Value,Low Risk,VIP Customer
6463-HHXJR,7135.5,Very High Value,Low Risk,VIP Customer
0786-IVLAW,7134.599999999999,Very High Value,Low Risk,VIP Customer
1135-HIORI,7132.8,Very High Value,Low Risk,VIP Customer
8894-JVDCV,7133.099999999999,Very High Value,Low Risk,VIP Customer
8659-IOOPU,7131.95,Very High Value,Low Risk,VIP Customer
1741-WTPON,6487.599999999999,Very High Value,Low Risk,VIP Customer
6766-HFKLA,5779.2,High Value,Low Risk,High Value Customer
3750-CKVKH,135.5,Low Value,Medium Risk,Monitor
2623-DRYAM,7122.5,Very High Value,Low Risk,VIP Customer
8212-DJRCH,451.75,Low Value,Medium Risk,Monitor
9028-LIHRP,7114.2,Very High Value,Low Risk,VIP Customer
2067-QYTCF,7113.6,Very High Value,Low Risk,VIP Customer
9052-VKDUW,7111.0,Very High Value,Low Risk,VIP Customer
4829-AUOAX,4418.3,High Value,Low Risk,High Value Customer
1163-VIPRI,7104.5,Very High Value,Low Risk,VIP Customer
7730-CLDSV,7102.8,Very High Value,Low Risk,VIP Customer
5419-KLXBN,2228.75,Medium Value,Low Risk,Low Priority
4402-FTBXC,4849.2,High Value,Low Risk,High Value Customer
3571-RFHAR,7094.75,Very High Value,Low Risk,VIP Customer
5671-RQRLP,5295.5,High Value,Low Risk,High Value Customer
3569-EDBPQ,2024.4,Medium Value,Low Risk,Low Priority
1335-NTIUC,224.55,Low Value,Medium Risk,Monitor
9659-ZTWSM,7085.099999999999,Very High Value,Low Risk,VIP Customer
5663-QBGIS,7081.2,Very High Value,Low Risk,VIP Customer
1217-VASWC,4323.65,High Value,Low Risk,High Value Customer
0266-CLZKZ,7078.55,Very High Value,Low Risk,VIP Customer
5453-YBTWV,7077.0,Very High Value,Low Risk,VIP Customer
8065-QBYTO,7075.150000000001,Very High Value,Low Risk,VIP Customer
5897-ZYEKH,7075.2,Very High Value,Low Risk,VIP Customer
2674-MLXMN,7075.150000000001,Very High Value,Low Risk,VIP Customer
3761-FLYZI,7072.0,Very High Value,Low Risk,VIP Customer
1937-OTUKY,7070.400000000001,Very High Value,Low Risk,VIP Customer
2521-NPUZR,7070.0,Very High Value,Low Risk,VIP Customer
7504-UWHNB,1743.75,Medium Value,Medium Risk,Monitor
8085-MSNLK,7064.900000000001,Very High Value,Low Risk,VIP Customer
6990-YNRIO,7062.25,Very High Value,Low Risk,VIP Customer
1060-ENTOF,7061.8,Very High Value,Low Risk,VIP Customer
5174-ITUMV,7061.8,Very High Value,Low Risk,VIP Customer
4570-QHXHL,393.75,Low Value,Medium Risk,Monitor
2789-CZANW,7059.2,Very High Value,Low Risk,VIP Customer
7005-CYUIL,7057.400000000001,Very High Value,Low Risk,VIP Customer
0440-UEDAI,5005.85,High Value,Low Risk,High Value Customer
0862-PRCBS,7055.0,Very High Value,Low Risk,VIP Customer
6176-YJWAS,7052.400000000001,Very High Value,Low Risk,VIP Customer
1304-SEGFY,7045.2,Very High Value,Low Risk,VIP Customer
2277-BKJKN,7043.2,Very High Value,Low Risk,VIP Customer
8445-DNBAE,50.05,Low Value,Medium Risk,Monitor
3133-PZNSR,7038.0,Very High Value,Low Risk,VIP Customer
8903-XEBGX,110.6,Low Value,Medium Risk,Monitor
8152-VETUR,7034.400000000001,Very High Value,Low Risk,VIP Customer
3230-JCNZS,7029.0,Very High Value,Low Risk,VIP Customer
2692-AQCPF,7023.25,Very High Value,Low Risk,VIP Customer
3642-GKTCT,7021.099999999999,Very High Value,Low Risk,VIP Customer
7017-VFHAY,7021.099999999999,Very High Value,Low Risk,VIP Customer
9625-QNLUX,7021.0,Very High Value,Low Risk,VIP Customer
7322-OCWHC,6699.599999999999,Very High Value,Low Risk,VIP Customer
8466-PZBLH,7008.2,Very High Value,Low Risk,VIP Customer
8591-TKMZH,6554.9,Very High Value,Low Risk,VIP Customer
9571-EDEBV,7004.150000000001,Very High Value,Low Risk,VIP Customer
1063-DHQJF,6358.35,Very High Value,Low Risk,VIP Customer
7762-URZQH,6999.3,Very High Value,Low Risk,VIP Customer
3096-YXENJ,6997.25,Very High Value,Low Risk,VIP Customer
4760-THGOT,4046.3,High Value,Low Risk,High Value Customer
6425-YQLLO,6992.7,Very High Value,Low Risk,VIP Customer
3612-YUNGG,6988.8,Very High Value,Low Risk,VIP Customer
5336-UFNZP,6984.25,Very High Value,Low Risk,VIP Customer
6719-FGEDO,6984.0,Very High Value,Low Risk,VIP Customer
4317-VTEOA,50.75,Low Value,Medium Risk,Monitor
7694-VLBWQ,6974.7,Very High Value,Low Risk,VIP Customer
0599-XNYDO,1396.0,Medium Value,Medium Risk,Monitor
8495-LJDFO,6972.8,Very High Value,Low Risk,VIP Customer
3186-AJIEK,6972.900000000001,Very High Value,Low Risk,VIP Customer
4129-LYCOI,6968.0,Very High Value,Low Risk,VIP Customer
4248-QPAVC,1450.9499999999998,Medium Value,Medium Risk,Monitor
8261-GWDBQ,6963.0,Very High Value,Low Risk,VIP Customer
1370-GGAWX,4330.900000000001,High Value,Low Risk,High Value Customer
2057-BOYKM,6955.2,Very High Value,Low Risk,VIP Customer
1325-USMEC,6954.5,Very High Value,Low Risk,VIP Customer
6383-ZTSIW,3864.9,High Value,Low Risk,High Value Customer
1469-LBJQJ,6943.2,Very High Value,Low Risk,VIP Customer
6999-CHVCF,6942.799999999999,Very High Value,Low Risk,VIP Customer
3331-HQDTW,3733.2,High Value,Low Risk,High Value Customer
5606-AMZBO,781.5,Low Value,Medium Risk,Monitor
4778-IZARL,6936.299999999999,Very High Value,Low Risk,VIP Customer
0670-ANMUU,6933.150000000001,Very High Value,Low Risk,VIP Customer
3838-OZURD,6930.0,Very High Value,Low Risk,VIP Customer
9402-CXWPL,6923.0,Very High Value,Low Risk,VIP Customer
5553-AOINX,6923.400000000001,Very High Value,Low Risk,VIP Customer
4647-MUZON,1727.1,Medium Value,Medium Risk,Monitor
1656-DRSMG,6920.549999999999,Very High Value,Low Risk,VIP Customer
2250-IVBWA,5187.2,High Value,Low Risk,High Value Customer
3908-BLSYF,503.4,Low Value,Medium Risk,Monitor
6338-AVWCY,120.45,Low Value,Medium Risk,Monitor
3882-IYOIJ,6915.0,Very High Value,Low Risk,VIP Customer
8580-QVLOC,6656.400000000001,Very High Value,Low Risk,VIP Customer
9139-WQQDY,4922.05,High Value,Low Risk,High Value Customer
4686-GEFRM,6909.0,Very High Value,Low Risk,VIP Customer
9972-VAFJJ,4982.0,High Value,Low Risk,High Value Customer
8080-DDEMJ,45.1,Low Value,Medium Risk,Monitor
9512-UIBFX,1712.7,Medium Value,Medium Risk,Monitor
6797-UCJHZ,6903.599999999999,Very High Value,Low Risk,VIP Customer
8639-NHQEI,6904.8,Very High Value,Low Risk,VIP Customer
6408-OTUBZ,6900.3,Very High Value,Low Risk,VIP Customer
7789-CRUVC,5746.2,High Value,Low Risk,High Value Customer
0639-TSIQW,6897.650000000001,Very High Value,Low Risk,VIP Customer
9992-UJOEL,100.6,Low Value,Medium Risk,Monitor
4199-QHJNM,6894.3,Very High Value,Low Risk,VIP Customer
6733-LRIZX,3813.25,High Value,Low Risk,High Value Customer
7537-CBQUZ,6892.200000000001,Very High Value,Low Risk,VIP Customer
6500-JVEGC,6891.799999999999,Very High Value,Low Risk,VIP Customer
6034-YMTOB,378.25,Low Value,Medium Risk,Monitor
9488-FYQAU,6882.75,Very High Value,Low Risk,VIP Customer
8777-MBMTS,6880.25,Very High Value,Low Risk,VIP Customer
9821-BESNZ,6880.5,Very High Value,Low Risk,VIP Customer
2898-MRKPI,6871.4,Very High Value,Low Risk,VIP Customer
9851-KIELU,1101.0,Medium Value,Medium Risk,Monitor
2272-JKMSI,6869.599999999999,Very High Value,Low Risk,VIP Customer
3763-GCZHZ,6867.3,Very High Value,Low Risk,VIP Customer
8920-NAVAY,6866.5,Very High Value,Low Risk,VIP Customer
6227-FBDXH,6865.5,Very High Value,Low Risk,VIP Customer
5575-TPIZQ,4100.900000000001,High Value,Low Risk,High Value Customer
0363-QJVFX,3460.8,High Value,Low Risk,High Value Customer
8601-QACRS,253.0,Low Value,Medium Risk,Monitor
7207-RMRDB,6857.5,Very High Value,Low Risk,VIP Customer
5828-AVIPD,1918.05,Medium Value,Low Risk,Low Priority
2694-CIUMO,954.6,Low Value,Medium Risk,Monitor
7018-WBJNK,1017.9,Medium Value,Medium Risk,Monitor
2027-WKXMW,6851.25,Very High Value,Low Risk,VIP Customer
7765-LWVVH,6847.2,Very High Value,Low Risk,VIP Customer
3419-SNJJD,6841.25,Very High Value,Low Risk,VIP Customer
1895-QTKDO,43.95,Low Value,Medium Risk,Monitor
3705-RHRFR,6841.35,Very High Value,Low Risk,VIP Customer
3841-NFECX,6840.849999999999,Very High Value,Low Risk,VIP Customer
8041-TMEID,6835.5,Very High Value,Low Risk,VIP Customer
0326-VDYXE,6835.5,Very High Value,Low Risk,VIP Customer
2279-AXJJK,4973.8,High Value,Low Risk,High Value Customer
4631-OACRM,1191.0,Medium Value,Medium Risk,Monitor
3197-NNYNB,6831.5,Very High Value,Low Risk,VIP Customer
5740-YHGTW,6828.5,Very High Value,Low Risk,VIP Customer
2560-PPCHE,6828.25,Very High Value,Low Risk,VIP Customer
5055-MGMGF,6828.25,Very High Value,Low Risk,VIP Customer
6557-BZXLQ,1114.4,Medium Value,Medium Risk,Monitor
8375-KVTHK,6820.4,Very High Value,Low Risk,VIP Customer
0129-KPTWJ,6814.8,Very High Value,Low Risk,VIP Customer
0324-BRPCJ,6813.6,Very High Value,Low Risk,VIP Customer
3090-HAWSU,6807.599999999999,Very High Value,Low Risk,VIP Customer
1442-OKRJE,6807.900000000001,Very High Value,Low Risk,VIP Customer
3086-RUCRN,6804.599999999999,Very High Value,Low Risk,VIP Customer
2190-PHBHR,6800.400000000001,Very High Value,Low Risk,VIP Customer
0020-INWCK,6798.25,Very High Value,Low Risk,VIP Customer
0516-UXRMT,5707.099999999999,High Value,Low Risk,High Value Customer
1696-HXOWK,6791.150000000001,Very High Value,Low Risk,VIP Customer
4024-CSNBY,6786.0,Very High Value,Low Risk,VIP Customer
2378-VTKDH,6782.75,Very High Value,Low Risk,VIP Customer
5207-PLSTK,48.75,Low Value,Medium Risk,Monitor
1536-HBSWP,49.9,Low Value,Medium Risk,Monitor
6616-AALSR,6779.5,Very High Value,Low Risk,VIP Customer
4751-ERMAN,5428.8,High Value,Low Risk,High Value Customer
2360-RDGRO,6776.25,Very High Value,Low Risk,VIP Customer
2778-OCLGR,938.4,Low Value,Medium Risk,Monitor
4919-IKATY,422.5,Low Value,Medium Risk,Monitor
5473-KHBPS,4976.400000000001,High Value,Low Risk,High Value Customer
2886-KEFUM,6772.5,Very High Value,Low Risk,VIP Customer
9938-TKDGL,6769.4,Very High Value,Low Risk,VIP Customer
0960-HUWBM,6766.5,Very High Value,Low Risk,VIP Customer
9369-XFEHK,2659.8,Medium Value,Low Risk,Low Priority
2722-VOJQL,6761.6,Very High Value,Low Risk,VIP Customer
6097-EQISJ,6761.7,Very High Value,Low Risk,VIP Customer
8402-EIVQS,6760.3,Very High Value,Low Risk,VIP Customer
0201-MIBOL,6758.400000000001,Very High Value,Low Risk,VIP Customer
5149-QYTTU,6755.650000000001,Very High Value,Low Risk,VIP Customer
8646-JCOMS,5976.3,High Value,Low Risk,High Value Customer
8984-EYLLL,6736.0,Very High Value,Low Risk,VIP Customer
9638-JIQYA,49.8,Low Value,Medium Risk,Monitor
8197-BFWVU,6714.0,Very High Value,Low Risk,VIP Customer
3967-KXAPS,6645.599999999999,Very High Value,Low Risk,VIP Customer
4832-VRBMR,6704.75,Very High Value,Low Risk,VIP Customer
3649-JPUGY,6379.2,Very High Value,Low Risk,VIP Customer
6705-LXORM,350.25,Low Value,Medium Risk,Monitor
5074-FBGHB,6697.6,Very High Value,Low Risk,VIP Customer
4208-UFFGW,89.9,Low Value,Medium Risk,Monitor
2990-IAJSV,6624.0,Very High Value,Low Risk,VIP Customer
9812-GHVRI,3354.0,High Value,Low Risk,High Value Customer
2324-EFHVG,6681.6,Very High Value,Low Risk,VIP Customer
7940-UQQUG,6681.6,Very High Value,Low Risk,VIP Customer
6711-VTNRE,3151.8,High Value,Low Risk,High Value Customer
0244-LGNFY,6670.8,Very High Value,Low Risk,VIP Customer
4683-WYDOU,6671.2,Very High Value,Low Risk,VIP Customer
5329-KRDTM,5569.2,High Value,Low Risk,High Value Customer
2167-FQSTQ,6652.8,Very High Value,Low Risk,VIP Customer
2530-ENDWQ,6652.7,Very High Value,Low Risk,VIP Customer
1013-QCWAM,6652.8,Very High Value,Low Risk,VIP Customer
7080-TNUWP,6650.0,Very High Value,Low Risk,VIP Customer
2955-PSXOE,20.2,Low Value,Medium Risk,Monitor
4191-XOVOM,6640.200000000001,Very High Value,Low Risk,VIP Customer
8174-TBVCF,6636.0,Very High Value,Low Risk,VIP Customer
6481-ESCNL,2915.95,Medium Value,Low Risk,Low Priority
9778-OGKQZ,6624.0,Very High Value,Low Risk,VIP Customer
7426-GSWPO,6624.0,Very High Value,Low Risk,VIP Customer
3084-DOWLE,6624.0,Very High Value,Low Risk,VIP Customer
2988-PLAHS,209.85,Low Value,Medium Risk,Monitor
4718-WXBGI,6620.400000000001,Very High Value,Low Risk,VIP Customer
3144-KMTWZ,6620.75,Very High Value,Low Risk,VIP Customer
2190-BCXEC,3154.0,High Value,Low Risk,High Value Customer
3779-OSWCF,6617.2,Very High Value,Low Risk,VIP Customer
6265-SXWBU,6606.75,Very High Value,Low Risk,VIP Customer
6284-AHOOQ,1991.0,Medium Value,Low Risk,Low Priority
2632-UCGVD,6603.3,Very High Value,Low Risk,VIP Customer
3552-CTCYF,6602.4,Very High Value,Low Risk,VIP Customer
4690-LLKUA,765.8499999999999,Low Value,Medium Risk,Monitor
8905-IAZPF,6599.85,Very High Value,Low Risk,VIP Customer
1658-TJVOA,444.6,Low Value,Medium Risk,Monitor
7868-TMWMZ,6600.0,Very High Value,Low Risk,VIP Customer
5193-QLVZB,6599.25,Very High Value,Low Risk,VIP Customer
6242-SGYTS,5886.900000000001,High Value,Low Risk,High Value Customer
0565-JUPYD,6583.5,Very High Value,Low Risk,VIP Customer
8755-IWJHN,6579.15,Very High Value,Low Risk,VIP Customer
9297-EONCV,6577.2,Very High Value,Low Risk,VIP Customer
1017-FBQMM,6575.099999999999,Very High Value,Low Risk,VIP Customer
1698-XFZCI,6572.75,Very High Value,Low Risk,VIP Customer
2225-ZRGSG,6573.0,Very High Value,Low Risk,VIP Customer
6168-YBYNP,6569.65,Very High Value,Low Risk,VIP Customer
6244-BESBM,6568.8,Very High Value,Low Risk,VIP Customer
1265-XTECC,6565.4,Very High Value,Low Risk,VIP Customer
2003-CKLOR,6567.0,Very High Value,Low Risk,VIP Customer
1227-UDMZR,6562.8,Very High Value,Low Risk,VIP Customer
1347-KTTTA,6556.8,Very High Value,Low Risk,VIP Customer
0682-USIXD,1807.05,Medium Value,Low Risk,Low Priority
1971-DTCZB,6548.400000000001,Very High Value,Low Risk,VIP Customer
3569-JFODW,6548.400000000001,Very High Value,Low Risk,VIP Customer
5339-TJFEK,6541.0,Very High Value,Low Risk,VIP Customer
5727-MYATE,6537.599999999999,Very High Value,Low Risk,VIP Customer
5214-NLTIT,6537.599999999999,Very High Value,Low Risk,VIP Customer
8979-CAMGB,6534.4,Very High Value,Low Risk,VIP Customer
9076-AXYIK,6534.4,Very High Value,Low Risk,VIP Customer
8752-GHJFU,6532.0,Very High Value,Low Risk,VIP Customer
3334-CTHOL,49.95,Low Value,Medium Risk,Monitor
1951-IEYXM,6523.2,Very High Value,Low Risk,VIP Customer
4989-LIXVT,6521.200000000001,Very High Value,Low Risk,VIP Customer
3301-VKTGC,5814.0,High Value,Low Risk,High Value Customer
1343-EHPYB,6514.200000000001,Very High Value,Low Risk,VIP Customer
9548-ZMVTX,6512.400000000001,Very High Value,Low Risk,VIP Customer
4837-QUSFT,6509.75,Very High Value,Low Risk,VIP Customer
5684-FJVYR,6505.2,Very High Value,Low Risk,VIP Customer
3587-PMCOY,989.0,Low Value,Medium Risk,Monitor
6804-GDMOI,6502.599999999999,Very High Value,Low Risk,VIP Customer
1956-YIFGE,2201.1,Medium Value,Low Risk,Low Priority
5248-YGIJN,6498.0,Very High Value,Low Risk,VIP Customer
2408-TZMJL,6498.85,Very High Value,Low Risk,VIP Customer
8535-SFUTN,6493.45,Very High Value,Low Risk,VIP Customer
5248-RPYWW,6490.8,Very High Value,Low Risk,VIP Customer
4220-TINQT,6487.349999999999,Very High Value,Low Risk,VIP Customer
2294-DMMUS,4367.900000000001,High Value,Low Risk,High Value Customer
7579-KKLOE,6478.75,Very High Value,Low Risk,VIP Customer
1548-FEHVL,6478.2,Very High Value,Low Risk,VIP Customer
1775-KWJKQ,6469.2,Very High Value,Low Risk,VIP Customer
7503-MIOGA,6469.2,Very High Value,Low Risk,VIP Customer
7408-OFWXJ,6465.599999999999,Very High Value,Low Risk,VIP Customer
1930-QPBVZ,6466.799999999999,Very High Value,Low Risk,VIP Customer
5240-CAOYT,4990.349999999999,High Value,Low Risk,High Value Customer
6341-AEVKX,6466.599999999999,Very High Value,Low Risk,VIP Customer
5377-NDTOU,6464.55,Very High Value,Low Risk,VIP Customer
7997-EASSD,5115.6,High Value,Low Risk,High Value Customer
9489-JMTTN,6462.0,Very High Value,Low Risk,VIP Customer
0238-WHBIQ,6458.400000000001,Very High Value,Low Risk,VIP Customer
5968-XQIVE,6458.400000000001,Very High Value,Low Risk,VIP Customer
6196-HBOBZ,6457.75,Very High Value,Low Risk,VIP Customer
4658-HCOHW,2158.8,Medium Value,Low Risk,Low Priority
2000-DHJUY,6454.0,Very High Value,Low Risk,VIP Customer
7233-DRTRF,6451.200000000001,Very High Value,Low Risk,VIP Customer
3398-GCPMU,6447.599999999999,Very High Value,Low Risk,VIP Customer
2885-HIJDH,5996.1,High Value,Low Risk,High Value Customer
8065-BVEPF,6441.5,Very High Value,Low Risk,VIP Customer
2165-VOEGB,4839.2,High Value,Low Risk,High Value Customer
0330-IVZHA,349.75,Low Value,Medium Risk,Monitor
4446-BZKHU,6438.55,Very High Value,Low Risk,VIP Customer
7710-JSYOA,6437.7,Very High Value,Low Risk,VIP Customer
5716-EZXZN,6438.25,Very High Value,Low Risk,VIP Customer
6408-WHTEF,6436.8,Very High Value,Low Risk,VIP Customer
1568-BEKZM,6303.5,Very High Value,Low Risk,VIP Customer
3508-VLHCZ,6429.05,Very High Value,Low Risk,VIP Customer
7398-HPYZQ,6429.05,Very High Value,Low Risk,VIP Customer
9926-PJHDQ,5529.599999999999,High Value,Low Risk,High Value Customer
6729-GDNGC,1614.0,Medium Value,Low Risk,Low Priority
2960-NKRSO,2062.8,Medium Value,Low Risk,Low Priority
3374-LXDEV,1162.2,Medium Value,Medium Risk,Monitor
0795-LAFGP,6418.400000000001,Very High Value,Low Risk,VIP Customer
5223-UZAVK,6419.2,Very High Value,Low Risk,VIP Customer
0409-WTMPL,6417.700000000001,Very High Value,Low Risk,VIP Customer
5248-KWLAR,6414.849999999999,Very High Value,Low Risk,VIP Customer
3219-JQRSL,6415.2,Very High Value,Low Risk,VIP Customer
5997-OPVFA,6411.599999999999,Very High Value,Low Risk,VIP Customer
9701-CDXHR,3526.65,High Value,Low Risk,High Value Customer
5651-YLPRD,2755.2,Medium Value,Low Risk,Low Priority
0730-BGQGF,6411.3,Very High Value,Low Risk,VIP Customer
6286-SUUWT,19.95,Low Value,Medium Risk,Monitor
8016-NCFVO,6407.5,Very High Value,Low Risk,VIP Customer
2482-CZGBB,700.0,Low Value,Medium Risk,Monitor
9518-RWHZL,6403.2,Very High Value,Low Risk,VIP Customer
2400-XIWIO,6397.099999999999,Very High Value,Low Risk,VIP Customer
6048-QBXKL,113.1,Low Value,Medium Risk,Monitor
4329-YPDDQ,2164.0,Medium Value,Low Risk,Low Priority
0365-TRTPY,3374.4,High Value,Low Risk,High Value Customer
6701-YVNQG,6386.400000000001,Very High Value,Low Risk,VIP Customer
2925-VDZHY,6386.400000000001,Very High Value,Low Risk,VIP Customer
5117-ZSMHQ,6382.900000000001,Very High Value,Low Risk,VIP Customer
4674-HGNUA,6382.900000000001,Very High Value,Low Risk,VIP Customer
9589-ABEPT,6379.05,Very High Value,Low Risk,VIP Customer
2176-LVPNX,6379.349999999999,Very High Value,Low Risk,VIP Customer
7873-CVMAW,6375.599999999999,Very High Value,Low Risk,VIP Customer
6242-FEGFD,6375.599999999999,Very High Value,Low Risk,VIP Customer
1575-KRZZE,220.8,Low Value,Medium Risk,Monitor
6874-SGLHU,2910.0,Medium Value,Low Risk,Low Priority
8651-ENBZX,6360.0,Very High Value,Low Risk,VIP Customer
2988-GBIVW,6359.5,Very High Value,Low Risk,VIP Customer
7752-XUSCI,6354.0,Very High Value,Low Risk,VIP Customer
5647-FXOTP,6354.0,Very High Value,Low Risk,VIP Customer
9570-KYEUA,6352.0,Very High Value,Low Risk,VIP Customer
5089-IFSDP,6348.1,Very High Value,Low Risk,VIP Customer
9974-JFBHQ,6345.6,Very High Value,Low Risk,VIP Customer
3858-XHYJO,4230.0,High Value,Low Risk,High Value Customer
4488-KQFDT,6340.95,Very High Value,Low Risk,VIP Customer
2194-IIQOF,6340.3,Very High Value,Low Risk,VIP Customer
5879-HMFFH,6339.599999999999,Very High Value,Low Risk,VIP Customer
3146-MSEGF,6339.599999999999,Very High Value,Low Risk,VIP Customer
2830-LEWOA,6337.900000000001,Very High Value,Low Risk,VIP Customer
2386-LAHRK,53.5,Low Value,Medium Risk,Monitor
4049-ZPALD,6336.0,Very High Value,Low Risk,VIP Customer
7549-MYGPK,6334.65,Very High Value,Low Risk,VIP Customer
4706-DGAHW,45.2,Low Value,Medium Risk,Monitor
6365-HITVU,6194.75,Very High Value,Low Risk,VIP Customer
3351-NQLDI,6321.45,Very High Value,Low Risk,VIP Customer
5504-WSIUR,6317.5,Very High Value,Low Risk,VIP Customer
1174-FGIFN,2532.6,Medium Value,Low Risk,Low Priority
2227-JRSJX,2082.15,Medium Value,Low Risk,Low Priority
3424-NMNBO,6313.299999999999,Very High Value,Low Risk,VIP Customer
9919-FZDED,6055.2,Very High Value,Low Risk,VIP Customer
3758-CKOQL,6313.0,Very High Value,Low Risk,VIP Customer
6122-LJADA,6310.5,Very High Value,Low Risk,VIP Customer
5702-KVQRD,5861.05,High Value,Low Risk,High Value Customer
5921-NGYRH,4707.2,High Value,Low Risk,High Value Customer
3392-EHMNK,6304.7,Very High Value,Low Risk,VIP Customer
4077-HWUYD,6303.599999999999,Very High Value,Low Risk,VIP Customer
8715-KKTFG,6301.3,Very High Value,Low Risk,VIP Customer
9572-MTILT,6298.25,Very High Value,Low Risk,VIP Customer
3170-GWYKC,6297.0,Very High Value,Low Risk,VIP Customer
9494-BDNNC,6289.8,Very High Value,Low Risk,VIP Customer
4553-DVPZG,6283.7,Very High Value,Low Risk,VIP Customer
4701-LKOZD,6282.5,Very High Value,Low Risk,VIP Customer
6211-WWLTF,6281.1,Very High Value,Low Risk,VIP Customer
8769-KKTPH,6277.950000000001,Very High Value,Low Risk,VIP Customer
5980-BDHPY,6271.2,Very High Value,Low Risk,VIP Customer
7182-OVLBJ,6271.3,Very High Value,Low Risk,VIP Customer
1568-LJSZU,6269.6,Very High Value,Low Risk,VIP Customer
9912-OMZDS,6262.85,Very High Value,Low Risk,VIP Customer
3571-DPYUH,5492.6,High Value,Low Risk,High Value Customer
2519-LBNQL,6261.0,Very High Value,Low Risk,VIP Customer
8413-YNHNV,6254.85,Very High Value,Low Risk,VIP Customer
6900-RBKER,4651.400000000001,High Value,Low Risk,High Value Customer
1707-HABPF,4199.8,High Value,Low Risk,High Value Customer
9339-FIIJL,6188.400000000001,Very High Value,Low Risk,VIP Customer
2088-IEBAU,5994.200000000001,High Value,Low Risk,High Value Customer
2000-MPKCA,6249.5,Very High Value,Low Risk,VIP Customer
7740-BTPUX,6248.0,Very High Value,Low Risk,VIP Customer
6461-SZMCV,6244.45,Very High Value,Low Risk,VIP Customer
3733-UOCWF,5218.55,High Value,Low Risk,High Value Customer
0442-ZXKVS,6242.4,Very High Value,Low Risk,VIP Customer
0744-BIKKF,6238.8,Very High Value,Low Risk,VIP Customer
4723-BEGSG,6238.8,Very High Value,Low Risk,VIP Customer
0103-CSITQ,6235.8,Very High Value,Low Risk,VIP Customer
7301-ABVAD,6235.2,Very High Value,Low Risk,VIP Customer
1642-HMARX,6235.6,Very High Value,Low Risk,VIP Customer
9415-ZNBSX,6230.0,Very High Value,Low Risk,VIP Customer
3413-DHLPB,6225.0,Very High Value,Low Risk,VIP Customer
1550-LOAHA,2692.8,Medium Value,Low Risk,Low Priority
8218-FFJDS,6220.8,Very High Value,Low Risk,VIP Customer
2382-BCKQJ,6209.3,Very High Value,Low Risk,VIP Customer
0596-BQCEQ,6209.3,Very High Value,Low Risk,VIP Customer
4654-DLAMQ,6208.0,Very High Value,Low Risk,VIP Customer
7188-CBBBA,6207.5,Very High Value,Low Risk,VIP Customer
1891-FZYSA,6206.55,Very High Value,Low Risk,VIP Customer
9776-OJUZI,6204.25,Very High Value,Low Risk,VIP Customer
4759-PXTAN,4725.9,High Value,Low Risk,High Value Customer
3327-YBAKM,6201.6,Very High Value,Low Risk,VIP Customer
6963-EZQEE,6198.5,Very High Value,Low Risk,VIP Customer
8374-UULRV,6195.599999999999,Very High Value,Low Risk,VIP Customer
0248-PGHBZ,6194.150000000001,Very High Value,Low Risk,VIP Customer
0206-TBWLC,6191.1,Very High Value,Low Risk,VIP Customer
2673-CXQEU,6188.0,Very High Value,Low Risk,VIP Customer
2226-ICFDO,6184.8,Very High Value,Low Risk,VIP Customer
6258-PVZWJ,6174.4,Very High Value,Low Risk,VIP Customer
1502-XFCVR,6174.1,Very High Value,Low Risk,VIP Customer
3134-DSHVC,6174.0,Very High Value,Low Risk,VIP Customer
6077-BDPXA,210.45,Low Value,Medium Risk,Monitor
4455-BFSPD,6170.150000000001,Very High Value,Low Risk,VIP Customer
0363-SVHYR,6166.349999999999,Very High Value,Low Risk,VIP Customer
1095-WGNGG,6164.05,Very High Value,Low Risk,VIP Customer
4178-EGMON,6160.0,Very High Value,Low Risk,VIP Customer
7472-EQOAV,6155.7,Very High Value,Low Risk,VIP Customer
1400-WIVLL,6153.150000000001,Very High Value,Low Risk,VIP Customer
4581-LNWUM,638.9499999999999,Low Value,Medium Risk,Monitor
3877-JRJIP,59.85,Low Value,Medium Risk,Monitor
6631-HMANX,6152.400000000001,Very High Value,Low Risk,VIP Customer
0330-BGYZE,6150.0,Very High Value,Low Risk,VIP Customer
0506-LVNGN,377.75,Low Value,Medium Risk,Monitor
1492-QGCLU,4542.1,High Value,Low Risk,High Value Customer
1830-GGFNM,6145.75,Very High Value,Low Risk,VIP Customer
9385-NXKDA,5950.8,High Value,Low Risk,High Value Customer
9530-GRMJG,5887.0,High Value,Low Risk,High Value Customer
6479-VDGRK,6141.599999999999,Very High Value,Low Risk,VIP Customer
9225-BZLNZ,6138.0,Very High Value,Low Risk,VIP Customer
4159-NAAIX,6139.35,Very High Value,Low Risk,VIP Customer
9058-HRZSV,6136.0,Very High Value,Low Risk,VIP Customer
1061-PNTHC,6137.599999999999,Very High Value,Low Risk,VIP Customer
6339-TBELP,6134.400000000001,Very High Value,Low Risk,VIP Customer
8871-JLMHM,6133.6,Very High Value,Low Risk,VIP Customer
0078-XZMHT,6130.8,Very High Value,Low Risk,VIP Customer
9453-PATOS,6127.2,Very High Value,Low Risk,VIP Customer
0193-ESZXP,6119.0,Very High Value,Low Risk,VIP Customer
1261-FWTTE,796.9499999999999,Low Value,Medium Risk,Monitor
8125-QPFJD,6112.8,Very High Value,Low Risk,VIP Customer
9435-JMLSX,6113.099999999999,Very High Value,Low Risk,VIP Customer
8565-WUXZU,6105.599999999999,Very High Value,Low Risk,VIP Customer
1448-CYWKC,6101.6,Very High Value,Low Risk,VIP Customer
7641-TQFHN,3921.45,High Value,Low Risk,High Value Customer
4905-JEFDW,457.6,Low Value,Medium Risk,Monitor
3262-EIDHV,6098.400000000001,Very High Value,Low Risk,VIP Customer
8398-TBIYD,6098.400000000001,Very High Value,Low Risk,VIP Customer
6654-QGBZZ,19.9,Low Value,Medium Risk,Monitor
7544-ZVIKX,6092.9,Very High Value,Low Risk,VIP Customer
6818-WOBHJ,6092.799999999999,Very High Value,Low Risk,VIP Customer
6885-PKOAM,6088.25,Very High Value,Low Risk,VIP Customer
5298-GSTLM,6084.0,Very High Value,Low Risk,VIP Customer
5766-FTRTS,6080.400000000001,Very High Value,Low Risk,VIP Customer
3108-PCCGG,6080.400000000001,Very High Value,Low Risk,VIP Customer
9644-KVCNC,6081.900000000001,Very High Value,Low Risk,VIP Customer
0623-EJQEG,6080.75,Very High Value,Low Risk,VIP Customer
6704-UTUKK,1331.1,Medium Value,Low Risk,Low Priority
8661-BOYNW,6076.8,Very High Value,Low Risk,VIP Customer
5268-DSMNQ,6072.900000000001,Very High Value,Low Risk,VIP Customer
6481-OGDOO,6070.2,Very High Value,Low Risk,VIP Customer
3938-YFPXD,6069.599999999999,Very High Value,Low Risk,VIP Customer
3685-YLCMQ,6069.700000000001,Very High Value,Low Risk,VIP Customer
3716-LRGXK,6069.0,Very High Value,Low Risk,VIP Customer
6997-UVGOX,6066.95,Very High Value,Low Risk,VIP Customer
6161-ERDGD,6066.95,Very High Value,Low Risk,VIP Customer
2790-XUYMV,6066.95,Very High Value,Low Risk,VIP Customer
0487-RPVUM,6063.400000000001,Very High Value,Low Risk,VIP Customer
2725-TTRIQ,6062.400000000001,Very High Value,Low Risk,VIP Customer
4016-BJKTZ,2722.5,Medium Value,Low Risk,Low Priority
0707-HOVVN,5285.0,High Value,Low Risk,High Value Customer
6437-UDQJM,6055.2,Very High Value,Low Risk,VIP Customer
6369-MCAKO,6055.4,Very High Value,Low Risk,VIP Customer
4227-OJHAL,4964.0,High Value,Low Risk,High Value Customer
2434-EEVDB,6054.4,Very High Value,Low Risk,VIP Customer
3071-MVJCD,5925.599999999999,High Value,Low Risk,High Value Customer
2904-GGUAZ,6051.599999999999,Very High Value,Low Risk,VIP Customer
7975-JMZNT,6052.2,Very High Value,Low Risk,VIP Customer
6695-AMZUF,6051.5,Very High Value,Low Risk,VIP Customer
6728-VOIFY,6048.0,Very High Value,Low Risk,VIP Customer
1493-AMTIE,20.2,Low Value,Medium Risk,Monitor
8034-RYTVV,4633.75,High Value,Low Risk,High Value Customer
8100-PNJMH,6041.799999999999,Very High Value,Low Risk,VIP Customer
9767-FFLEM,2641.0,Medium Value,Low Risk,Low Priority
4993-JCRGJ,2191.8,Medium Value,Low Risk,Low Priority
9705-IOVQQ,6039.0,Very High Value,Low Risk,VIP Customer
1265-HVPZB,3917.6,High Value,Low Risk,High Value Customer
1728-CXQBE,6032.0,Very High Value,Low Risk,VIP Customer
0512-FLFDW,6030.0,Very High Value,Low Risk,VIP Customer
2041-JIJCI,320.0,Low Value,Medium Risk,Monitor
7101-HRBLJ,6026.400000000001,Very High Value,Low Risk,VIP Customer
6435-VWCCY,6025.5,Very High Value,Low Risk,VIP Customer
3891-PUQOD,59.2,Low Value,Medium Risk,Monitor
8707-RMEZH,6023.7,Very High Value,Low Risk,VIP Customer
0310-SUCIN,6020.8,Very High Value,Low Risk,VIP Customer
1298-PHBTI,6020.8,Very High Value,Low Risk,VIP Customer
3544-FBCAS,6019.2,Very High Value,Low Risk,VIP Customer
6732-VAILE,6016.5,Very High Value,Low Risk,VIP Customer
6656-GULJQ,6015.599999999999,Very High Value,Low Risk,VIP Customer
0048-LUMLS,3374.4,High Value,Low Risk,High Value Customer
7973-DZRKH,6002.7,Very High Value,Low Risk,VIP Customer
9350-VLHMB,5999.849999999999,High Value,Low Risk,High Value Customer
9742-XOKTS,5999.849999999999,High Value,Low Risk,High Value Customer
3009-JWMPU,5998.5,High Value,Low Risk,High Value Customer
0839-JTCUD,5933.400000000001,High Value,Low Risk,High Value Customer
4827-DPADN,5997.599999999999,High Value,Low Risk,High Value Customer
1543-LLLFT,5996.3,High Value,Low Risk,High Value Customer
2987-BJXIK,5929.0,High Value,Low Risk,High Value Customer
4973-MGTON,5992.400000000001,High Value,Low Risk,High Value Customer
9572-WUKSB,89.69999999999999,Low Value,Medium Risk,Monitor
2239-JALAW,5988.5,High Value,Low Risk,High Value Customer
8690-ZVLCL,5984.0,High Value,Low Risk,High Value Customer
3893-JRNFS,2713.2,Medium Value,Low Risk,Low Priority
5035-PGZXH,5980.8,High Value,Low Risk,High Value Customer
3070-BDOQC,5979.0,High Value,Low Risk,High Value Customer
2883-ILGWO,5979.3,High Value,Low Risk,High Value Customer
5003-XZWWO,5978.2,High Value,Low Risk,High Value Customer
4010-YLMVT,5969.599999999999,High Value,Low Risk,High Value Customer
9614-RMGHA,5970.25,High Value,Low Risk,High Value Customer
6825-UYPFK,1738.8,Medium Value,Low Risk,Low Priority
4523-WXCEF,5964.9,High Value,Low Risk,High Value Customer
1409-PHXTF,5964.3,High Value,Low Risk,High Value Customer
2971-SGAFL,1023.75,Medium Value,Low Risk,Low Priority
9114-DPSIA,5832.0,High Value,Low Risk,High Value Customer
3870-MQAMG,5958.9,High Value,Low Risk,High Value Customer
9114-VEPUF,5958.2,High Value,Low Risk,High Value Customer
6771-XWBDM,5956.5,High Value,Low Risk,High Value Customer
6234-PFPXL,2109.8,Medium Value,Low Risk,Low Priority
3227-WLKLI,5950.75,High Value,Low Risk,High Value Customer
6352-GIGGQ,5949.599999999999,High Value,Low Risk,High Value Customer
5312-IRCFR,5942.4,High Value,Low Risk,High Value Customer
2977-CEBSX,5943.3,High Value,Low Risk,High Value Customer
3429-IFLEM,5491.849999999999,High Value,Low Risk,High Value Customer
3932-CMDTD,422.6,Low Value,Medium Risk,Monitor
2126-GSEGL,5936.0,High Value,Low Risk,High Value Customer
0581-BXBUB,291.0,Low Value,Medium Risk,Monitor
1725-IQNIY,5926.5,High Value,Low Risk,High Value Customer
7409-JURKQ,5925.4,High Value,Low Risk,High Value Customer
4291-TPNFG,5925.599999999999,High Value,Low Risk,High Value Customer
7964-ZRKKG,5922.8,High Value,Low Risk,High Value Customer
1414-YADCW,5922.0,High Value,Low Risk,High Value Customer
4619-EVPHY,1820.0,Medium Value,Low Risk,Low Priority
0348-SDKOL,5921.799999999999,High Value,Low Risk,High Value Customer
0015-UOCOJ,337.40000000000003,Low Value,Medium Risk,Monitor
4176-FXYBO,5915.7,High Value,Low Risk,High Value Customer
5016-IBERQ,1937.75,Medium Value,Low Risk,Low Priority
5197-LQXXH,5914.3,High Value,Low Risk,High Value Customer
9906-NHHVC,3477.5,High Value,Low Risk,High Value Customer
5285-MVEHD,5913.599999999999,High Value,Low Risk,High Value Customer
2302-OUZXB,5914.8,High Value,Low Risk,High Value Customer
8988-ECPJR,2706.4,Medium Value,Low Risk,Low Priority
8200-LGKSR,5907.2,High Value,Low Risk,High Value Customer
8677-HDZEE,5905.2,High Value,Low Risk,High Value Customer
5090-EMGTC,5902.95,High Value,Low Risk,High Value Customer
0130-SXOUN,5900.400000000001,High Value,Low Risk,High Value Customer
0899-WZRSD,5899.599999999999,High Value,Low Risk,High Value Customer
6908-VVYHM,5892.25,High Value,Low Risk,High Value Customer
7690-KPNCU,4675.2,High Value,Low Risk,High Value Customer
1170-SASML,5892.6,High Value,Low Risk,High Value Customer
0516-OOHAR,2809.8,Medium Value,Low Risk,Low Priority
0383-CLDDA,5889.15,High Value,Low Risk,High Value Customer
7603-USHJS,885.0,Low Value,Low Risk,Low Priority
0898-XCGTF,5886.5,High Value,Low Risk,High Value Customer
5457-COLHT,5564.85,High Value,Low Risk,High Value Customer
3638-VBZTA,5882.0,High Value,Low Risk,High Value Customer
0016-QLJIS,5879.25,High Value,Low Risk,High Value Customer
4660-IRIBM,1582.2,Medium Value,Low Risk,Low Priority
1334-PDUKM,5878.6,High Value,Low Risk,High Value Customer
0595-ITUDF,5875.2,High Value,Low Risk,High Value Customer
0575-CUQOV,5877.0,High Value,Low Risk,High Value Customer
3224-DFQNQ,5874.0,High Value,Low Risk,High Value Customer
4188-FRABG,5873.849999999999,High Value,Low Risk,High Value Customer
4782-OSFXZ,5871.7,High Value,Low Risk,High Value Customer
4791-QRGMF,5870.5,High Value,Low Risk,High Value Customer
6103-LIANB,5870.5,High Value,Low Risk,High Value Customer
3349-ANQNH,5870.5,High Value,Low Risk,High Value Customer
4274-DRSQT,5867.400000000001,High Value,Low Risk,High Value Customer
6627-CFOSN,5867.55,High Value,Low Risk,High Value Customer
4612-THJBS,5866.0,High Value,Low Risk,High Value Customer
8008-ESFLK,5856.5,High Value,Low Risk,High Value Customer
0431-APWVY,2522.8,Medium Value,Low Risk,Low Priority
3092-IGHWF,5855.8,High Value,Low Risk,High Value Customer
4913-EHYUI,5854.8,High Value,Low Risk,High Value Customer
7998-WNZEM,5722.599999999999,High Value,Low Risk,High Value Customer
7398-LXGYX,3731.2,High Value,Low Risk,High Value Customer
9135-MGVPY,5844.3,High Value,Low Risk,High Value Customer
6283-GITPX,5459.900000000001,High Value,Low Risk,High Value Customer
6266-QHOJZ,5840.25,High Value,Low Risk,High Value Customer
2501-XWWTZ,772.2,Low Value,Low Risk,Low Priority
8079-XRJRS,5833.75,High Value,Low Risk,High Value Customer
7666-WKRON,3137.55,High Value,Low Risk,High Value Customer
8782-NUUOL,4740.0,High Value,Low Risk,High Value Customer
9933-QRGTX,5832.0,High Value,Low Risk,High Value Customer
2651-ZCBXV,5832.0,High Value,Low Risk,High Value Customer
3487-EARAT,5187.0,High Value,Low Risk,High Value Customer
9391-YZEJW,5828.0,High Value,Low Risk,High Value Customer
0197-PNKNK,5827.05,High Value,Low Risk,High Value Customer
5494-WOZRZ,5822.0,High Value,Low Risk,High Value Customer
6847-KJLTS,5823.200000000001,High Value,Low Risk,High Value Customer
9823-EALYC,5821.2,High Value,Low Risk,High Value Customer
0988-AADSA,5821.2,High Value,Low Risk,High Value Customer
8091-TTVAX,5820.299999999999,High Value,Low Risk,High Value Customer
9675-ICXCT,5817.599999999999,High Value,Low Risk,High Value Customer
0562-FGDCR,5367.599999999999,High Value,Low Risk,High Value Customer
8146-QQKZH,5811.349999999999,High Value,Low Risk,High Value Customer
2211-RMNHO,5800.4,High Value,Low Risk,High Value Customer
1897-OKVMW,5798.4,High Value,Low Risk,High Value Customer
5014-WUQMG,4516.7,High Value,Low Risk,High Value Customer
1027-LKKQQ,5792.400000000001,High Value,Low Risk,High Value Customer
1813-JYWTO,5792.400000000001,High Value,Low Risk,High Value Customer
4377-VDHYI,2905.6,Medium Value,Low Risk,Low Priority
9979-RGMZT,658.35,Low Value,Medium Risk,Monitor
9249-FXSCK,5785.0,High Value,Low Risk,High Value Customer
2530-FMFXO,5779.2,High Value,Low Risk,High Value Customer
2378-YIZKA,5780.0,High Value,Low Risk,High Value Customer
4423-JWZJN,5776.0,High Value,Low Risk,High Value Customer
4350-ZTLPI,5774.35,High Value,Low Risk,High Value Customer
4884-TVUQF,5774.099999999999,High Value,Low Risk,High Value Customer
4900-MSOMT,5774.400000000001,High Value,Low Risk,High Value Customer
2990-OGYTD,5772.05,High Value,Low Risk,High Value Customer
0379-DJQHR,5450.45,High Value,Low Risk,High Value Customer
8840-DQLGN,3517.5,High Value,Low Risk,High Value Customer
7570-WELNY,5759.6,High Value,Low Risk,High Value Customer
1320-REHCS,5759.0,High Value,Low Risk,High Value Customer
4098-NAUKP,5756.200000000001,High Value,Low Risk,High Value Customer
5998-DZLYR,5755.349999999999,High Value,Low Risk,High Value Customer
5578-NKCXI,5756.5,High Value,Low Risk,High Value Customer
5297-MDOIR,5112.450000000001,High Value,Low Risk,High Value Customer
4237-RLAQD,45.85,Low Value,Medium Risk,Monitor
2371-KFUOG,5750.700000000001,High Value,Low Risk,High Value Customer
0407-BDJKB,5745.0,High Value,Low Risk,High Value Customer
7277-OZCGZ,1959.1,Medium Value,Low Risk,Low Priority
8883-ANODQ,5739.200000000001,High Value,Low Risk,High Value Customer
2675-DHUTR,5736.200000000001,High Value,Low Risk,High Value Customer
8384-FZBJK,5734.2,High Value,Low Risk,High Value Customer
3768-NLUBH,5734.2,High Value,Low Risk,High Value Customer
4513-CXYIX,5729.7,High Value,Low Risk,High Value Customer
9479-HYNYL,5729.7,High Value,Low Risk,High Value Customer
2251-PYLPB,5727.599999999999,High Value,Low Risk,High Value Customer
4088-YLDSU,5728.25,High Value,Low Risk,High Value Customer
6304-IJFSQ,149.7,Low Value,Medium Risk,Monitor
6331-LWDTQ,721.5,Low Value,Low Risk,Low Priority
9488-FVZCC,5724.0,High Value,Low Risk,High Value Customer
0946-CLJTI,5724.6,High Value,Low Risk,High Value Customer
4742-DRORA,5724.0,High Value,Low Risk,High Value Customer
8226-BXGES,5724.8,High Value,Low Risk,High Value Customer
6655-LHBYW,5717.5,High Value,Low Risk,High Value Customer
0265-PSUAE,1611.2,Medium Value,Low Risk,Low Priority
4525-VZCZG,5715.9,High Value,Low Risk,High Value Customer
3214-IYUUQ,5715.7,High Value,Low Risk,High Value Customer
2234-EOFPT,5713.2,High Value,Low Risk,High Value Customer
0436-TWFFZ,5711.75,High Value,Low Risk,High Value Customer
1265-BCFEO,5711.95,High Value,Low Risk,High Value Customer
7898-PDWQE,5708.400000000001,High Value,Low Risk,High Value Customer
0036-IHMOT,5703.5,High Value,Low Risk,High Value Customer
4194-WHFCB,5702.35,High Value,Low Risk,High Value Customer
2235-EZAIK,5702.400000000001,High Value,Low Risk,High Value Customer
7560-QJAVJ,5572.0,High Value,Low Risk,High Value Customer
3005-TYFRD,5700.75,High Value,Low Risk,High Value Customer
7820-ZYGNY,5698.35,High Value,Low Risk,High Value Customer
9732-KPKBW,53.95,Low Value,Medium Risk,Monitor
7055-VKGDA,5691.6,High Value,Low Risk,High Value Customer
7564-GHCVB,5691.599999999999,High Value,Low Risk,High Value Customer
3584-WKTTW,5689.05,High Value,Low Risk,High Value Customer
9110-HSGTV,5689.05,High Value,Low Risk,High Value Customer
6946-LMSQS,2226.25,Medium Value,Low Risk,Low Priority
7649-SIJJF,5687.099999999999,High Value,Low Risk,High Value Customer
7851-FLGGQ,44.65,Low Value,Medium Risk,Monitor
2868-LLSKM,5688.200000000001,High Value,Low Risk,High Value Customer
7245-JMTTQ,5686.5,High Value,Low Risk,High Value Customer
1428-IEDPR,5683.599999999999,High Value,Low Risk,High Value Customer
2091-GPPIQ,5684.400000000001,High Value,Low Risk,High Value Customer
7722-CVFXN,5680.8,High Value,Low Risk,High Value Customer
6736-DHUQI,5681.599999999999,High Value,Low Risk,High Value Customer
8468-EHYJA,5680.05,High Value,Low Risk,High Value Customer
9065-ZCPQX,5677.2,High Value,Low Risk,High Value Customer
9412-ARGBX,4584.0,High Value,Low Risk,High Value Customer
8405-IGQFX,5673.15,High Value,Low Risk,High Value Customer
5485-ITNPC,5669.400000000001,High Value,Low Risk,High Value Customer
3679-XASPY,19.45,Low Value,Medium Risk,Monitor
7901-TBKJX,5658.8,High Value,Low Risk,High Value Customer
2824-DXNKN,5144.400000000001,High Value,Low Risk,High Value Customer
8645-KOMJQ,5654.55,High Value,Low Risk,High Value Customer
7173-TETGO,5652.0,High Value,Low Risk,High Value Customer
1150-FTQGN,5649.0,High Value,Low Risk,High Value Customer
8336-TAVKX,5648.400000000001,High Value,Low Risk,High Value Customer
6439-PKTRR,5649.0,High Value,Low Risk,High Value Customer
5514-YQENT,4557.150000000001,High Value,Low Risk,High Value Customer
0929-PECLO,5644.799999999999,High Value,Low Risk,High Value Customer
5334-JLAXU,5646.0,High Value,Low Risk,High Value Customer
6248-TKCQV,5642.0,High Value,Low Risk,High Value Customer
1625-JAIIY,5644.0,High Value,Low Risk,High Value Customer
3791-LGQCY,5636.400000000001,High Value,Low Risk,High Value Customer
2302-ANTDP,5637.6,High Value,Low Risk,High Value Customer
3889-VWBID,5633.799999999999,High Value,Low Risk,High Value Customer
0895-DQHEW,5632.2,High Value,Low Risk,High Value Customer
1187-WILMM,5632.200000000001,High Value,Low Risk,High Value Customer
3094-JOJAI,1334.7,Medium Value,Low Risk,Low Priority
5816-JMLGY,5628.0,High Value,Low Risk,High Value Customer
0455-ENTCR,5626.5,High Value,Low Risk,High Value Customer
9651-GTSAQ,5623.299999999999,High Value,Low Risk,High Value Customer
6794-HKIAJ,5623.400000000001,High Value,Low Risk,High Value Customer
5930-GBIWP,5623.5,High Value,Low Risk,High Value Customer
3657-COGMW,5621.2,High Value,Low Risk,High Value Customer
6353-BRMMA,5621.4,High Value,Low Risk,High Value Customer
7581-EBBOU,4209.0,High Value,Low Risk,High Value Customer
4833-QTJNO,5617.95,High Value,Low Risk,High Value Customer
4710-FDUIZ,5616.8,High Value,Low Risk,High Value Customer
9359-UGBTK,4847.45,High Value,Low Risk,High Value Customer
8766-PAFNE,5616.099999999999,High Value,Low Risk,High Value Customer
4501-UYKBC,3178.6,High Value,Low Risk,High Value Customer
7579-OOPEC,100.3,Low Value,Medium Risk,Monitor
0877-SDMBN,5613.3,High Value,Low Risk,High Value Customer
8231-BSWXX,5612.55,High Value,Low Risk,High Value Customer
9477-LGWQI,5610.5,High Value,Low Risk,High Value Customer
4526-ZJJTM,2210.0,Medium Value,Low Risk,Low Priority
5680-LQOGP,5606.6,High Value,Low Risk,High Value Customer
6158-HDPXZ,25.35,Low Value,Medium Risk,Monitor
4250-WAROZ,5595.0,High Value,Low Risk,High Value Customer
0678-RLHVP,5594.15,High Value,Low Risk,High Value Customer
0356-OBMAC,5594.400000000001,High Value,Low Risk,High Value Customer
0060-FUALY,5590.25,High Value,Low Risk,High Value Customer
1091-SOZGA,5588.8,High Value,Low Risk,High Value Customer
1310-QRITU,905.4,Low Value,Low Risk,Low Priority
2805-EDJPQ,5586.0,High Value,Low Risk,High Value Customer
0254-KCJGT,4232.8,High Value,Low Risk,High Value Customer
3486-HOOGQ,5579.0,High Value,Low Risk,High Value Customer
2669-QVCRG,3333.3,High Value,Low Risk,High Value Customer
3982-DQLUS,5573.75,High Value,Low Risk,High Value Customer
4137-JOPHL,4485.0,High Value,Low Risk,High Value Customer
4462-CYWMH,5567.599999999999,High Value,Low Risk,High Value Customer
8623-ULFNQ,1717.3,Medium Value,Low Risk,Low Priority
1573-LGXBA,5560.349999999999,High Value,Low Risk,High Value Customer
4654-ULTTN,5236.0,High Value,Low Risk,High Value Customer
8469-SNFFH,5558.0,High Value,Low Risk,High Value Customer
0744-GKNGE,5555.2,High Value,Low Risk,High Value Customer
3780-YVMFA,548.4,Low Value,Low Risk,Low Priority
2696-ECXKC,5549.5,High Value,Low Risk,High Value Customer
2931-VUVJN,5548.95,High Value,Low Risk,High Value Customer
7639-OPLNG,5547.5,High Value,Low Risk,High Value Customer
7233-PAHHL,5544.0,High Value,Low Risk,High Value Customer
6332-FBZRI,4646.45,High Value,Low Risk,High Value Customer
9050-QLROH,1632.6,Medium Value,Low Risk,Low Priority
7520-HQWJU,4451.7,High Value,Low Risk,High Value Customer
5915-ANOEI,5540.5,High Value,Low Risk,High Value Customer
3692-JHONH,5538.0,High Value,Low Risk,High Value Customer
8060-HIWJJ,5539.2,High Value,Low Risk,High Value Customer
0397-GZBBC,5537.15,High Value,Low Risk,High Value Customer
7508-DQAKK,5529.6,High Value,Low Risk,High Value Customer
9073-ZZIAY,5338.2,High Value,Low Risk,High Value Customer
1427-VERSM,5527.2,High Value,Low Risk,High Value Customer
2649-HWLYB,4949.75,High Value,Low Risk,High Value Customer
3374-TTZTK,5527.599999999999,High Value,Low Risk,High Value Customer
8166-ORCHU,3087.15,High Value,Low Risk,High Value Customer
1832-PEUTS,5524.2,High Value,Low Risk,High Value Customer
5828-DWPIL,5524.2,High Value,Low Risk,High Value Customer
2208-UGTGR,5521.599999999999,High Value,Low Risk,High Value Customer
2391-SOORI,197.4,Low Value,Medium Risk,Monitor
5446-DKWYW,3977.2,High Value,Low Risk,High Value Customer
9289-LBQVU,4489.6,High Value,Low Risk,High Value Customer
2927-CVULT,5514.65,High Value,Low Risk,High Value Customer
6916-HIJSE,5515.25,High Value,Low Risk,High Value Customer
1036-GUDCL,4743.0,High Value,Low Risk,High Value Customer
6300-BWMJX,5507.65,High Value,Low Risk,High Value Customer
3162-KKZXO,5508.25,High Value,Low Risk,High Value Customer
8722-PRFDV,5506.05,High Value,Low Risk,High Value Customer
6646-VRFOL,5504.049999999999,High Value,Low Risk,High Value Customer
2929-QNSRW,5502.0,High Value,Low Risk,High Value Customer
2203-GHNWN,1911.6,Medium Value,Low Risk,Low Priority
0727-BMPLR,5500.0,High Value,Low Risk,High Value Customer
8338-QIUNR,4788.0,High Value,Low Risk,High Value Customer
1492-KGETH,5484.5,High Value,Low Risk,High Value Customer
2200-DSAAL,5484.200000000001,High Value,Low Risk,High Value Customer
5013-SBUIH,5482.5,High Value,Low Risk,High Value Customer
0237-YFUTL,5482.5,High Value,Low Risk,High Value Customer
5736-YEJAX,5482.05,High Value,Low Risk,High Value Customer
0406-BPDVR,5481.0,High Value,Low Risk,High Value Customer
9036-CSKBW,5479.95,High Value,Low Risk,High Value Customer
2040-LDIWQ,5473.0,High Value,Low Risk,High Value Customer
5887-IKKYO,5472.299999999999,High Value,Low Risk,High Value Customer
5443-SCMKX,5469.4,High Value,Low Risk,High Value Customer
2863-IMQDR,5468.650000000001,High Value,Low Risk,High Value Customer
6670-MFRPK,5464.8,High Value,Low Risk,High Value Customer
2806-MLNTI,5465.2,High Value,Low Risk,High Value Customer
4360-PNRQB,1360.8,Medium Value,Low Risk,Low Priority
4484-GLZOU,5462.599999999999,High Value,Low Risk,High Value Customer
6952-OMNWB,5463.799999999999,High Value,Low Risk,High Value Customer
9541-ZPSEA,5463.799999999999,High Value,Low Risk,High Value Customer
4006-HKYHO,5462.1,High Value,Low Risk,High Value Customer
9220-ZNKJI,4884.0,High Value,Low Risk,High Value Customer
6769-DCQLI,5460.0,High Value,Low Risk,High Value Customer
3104-OWCGK,5457.0,High Value,Low Risk,High Value Customer
6848-YLDFR,4361.6,High Value,Low Risk,High Value Customer
1784-EZDKJ,5446.8,High Value,Low Risk,High Value Customer
9795-NREXC,5440.0,High Value,Low Risk,High Value Customer
2144-BFDSO,5437.5,High Value,Low Risk,High Value Customer
6568-POCUI,4284.0,High Value,Low Risk,High Value Customer
3005-NFMTA,5434.0,High Value,Low Risk,High Value Customer
7404-JLKQG,172.64999999999998,Low Value,Medium Risk,Monitor
8421-WZOOW,5432.099999999999,High Value,Low Risk,High Value Customer
5732-IKGQH,5431.400000000001,High Value,Low Risk,High Value Customer
5827-MWCZK,5429.2,High Value,Low Risk,High Value Customer
1447-PJGGA,5429.25,High Value,Low Risk,High Value Customer
9101-BWFSS,5427.5,High Value,Low Risk,High Value Customer
4007-NHVHI,5423.599999999999,High Value,Low Risk,High Value Customer
0565-IYCGT,5423.4,High Value,Low Risk,High Value Customer
5385-SUIRI,5418.400000000001,High Value,Low Risk,High Value Customer
5708-EVONK,5417.200000000001,High Value,Low Risk,High Value Customer
8961-QDZZJ,5415.0,High Value,Low Risk,High Value Customer
9140-CZQZZ,5412.799999999999,High Value,Low Risk,High Value Customer
7550-WIQVA,5412.5,High Value,Low Risk,High Value Customer
6869-FGJJC,5412.799999999999,High Value,Low Risk,High Value Customer
8205-VSLRB,5411.0,High Value,Low Risk,High Value Customer
3654-ARMGP,5407.650000000001,High Value,Low Risk,High Value Customer
1676-MQAOA,5407.2,High Value,Low Risk,High Value Customer
5515-AKOAJ,5405.4,High Value,Low Risk,High Value Customer
0931-MHTEM,5402.7,High Value,Low Risk,High Value Customer
6556-DBKZF,5399.55,High Value,Low Risk,High Value Customer
9700-ISPUP,655.0,Low Value,Low Risk,Low Priority
7803-XOCCZ,4370.599999999999,High Value,Low Risk,High Value Customer
2636-SJDOU,5395.2,High Value,Low Risk,High Value Customer
1215-FIGMP,5394.0,High Value,Low Risk,High Value Customer
6586-MYGKD,5386.5,High Value,Low Risk,High Value Customer
1930-WNXSB,5385.299999999999,High Value,Low Risk,High Value Customer
8619-IJNDK,4547.55,High Value,Low Risk,High Value Customer
8590-YFFQO,4546.5,High Value,Low Risk,High Value Customer
4468-YDOVK,243.25,Low Value,Medium Risk,Monitor
0123-CRBRT,5374.099999999999,High Value,Low Risk,High Value Customer
3428-MMGUB,5373.0,High Value,Low Risk,High Value Customer
8099-MZPUJ,5366.4,High Value,Low Risk,High Value Customer
0924-BJCRC,5367.0,High Value,Low Risk,High Value Customer
9227-YBAXE,5362.5,High Value,Low Risk,High Value Customer
4062-HBMOS,5358.599999999999,High Value,Low Risk,High Value Customer
2267-WTPYD,5358.0,High Value,Low Risk,High Value Customer
0336-PIKEI,5356.8,High Value,Low Risk,High Value Customer
7629-WFGLW,5356.400000000001,High Value,Low Risk,High Value Customer
8468-FZTOE,5353.2,High Value,Low Risk,High Value Customer
7130-YXBRO,5349.6,High Value,Low Risk,High Value Customer
0961-ZWLVI,5350.8,High Value,Low Risk,High Value Customer
4737-HOBAX,5027.4,High Value,Low Risk,High Value Customer
2070-FNEXE,535.15,Low Value,Low Risk,Low Priority
0716-BQNDX,5343.75,High Value,Low Risk,High Value Customer
8160-HOWOX,467.94999999999993,Low Value,Low Risk,Low Priority
8152-UOBNY,5340.0,High Value,Low Risk,High Value Customer
4355-HBJHH,5339.900000000001,High Value,Low Risk,High Value Customer
1032-MAELW,5334.6,High Value,Low Risk,High Value Customer
9746-MDMBK,5332.150000000001,High Value,Low Risk,High Value Customer
0014-BMAQU,5332.950000000001,High Value,Low Risk,High Value Customer
9348-ROUAI,5327.7,High Value,Low Risk,High Value Customer
6013-BHCAW,4941.0,High Value,Low Risk,High Value Customer
6870-ZWMNX,5327.0,High Value,Low Risk,High Value Customer
1264-BYWMS,5324.0,High Value,Low Risk,High Value Customer
5447-WZAFP,5315.9,High Value,Low Risk,High Value Customer
8166-ZZTFS,5316.3,High Value,Low Risk,High Value Customer
5402-HTOTQ,884.8,Low Value,Low Risk,Low Priority
8444-WRIDW,5309.7,High Value,Low Risk,High Value Customer
1004-NOZNR,5308.8,High Value,Low Risk,High Value Customer
4001-TSBTV,5309.9,High Value,Low Risk,High Value Customer
5213-TWWJU,2548.0,Medium Value,Low Risk,Low Priority
8390-FESFV,5239.0,High Value,Low Risk,High Value Customer
1228-FZFRV,5297.5,High Value,Low Risk,High Value Customer
6917-YACBP,5295.25,High Value,Low Risk,High Value Customer
2055-BFOCC,5292.0,High Value,Low Risk,High Value Customer
6386-SZZKH,5289.55,High Value,Low Risk,High Value Customer
5327-XOKKY,5288.400000000001,High Value,Low Risk,High Value Customer
3143-ILDAL,5289.2,High Value,Low Risk,High Value Customer
9481-WHGWY,5274.5,High Value,Low Risk,High Value Customer
3166-PNEOF,5273.45,High Value,Low Risk,High Value Customer
0320-DWVTU,5273.5,High Value,Low Risk,High Value Customer
5321-NTRKC,5270.099999999999,High Value,Low Risk,High Value Customer
1100-DDVRV,846.5999999999999,Low Value,Low Risk,Low Priority
6691-CCIHA,5266.900000000001,High Value,Low Risk,High Value Customer
0661-KBKPA,4173.75,High Value,Low Risk,High Value Customer
5811-IWXYM,5265.0,High Value,Low Risk,High Value Customer
2954-PIBKO,4426.35,High Value,Low Risk,High Value Customer
0459-SPZHJ,5260.5,High Value,Low Risk,High Value Customer
6384-VMJHP,5256.0,High Value,Low Risk,High Value Customer
7401-JIXNM,4930.2,High Value,Low Risk,High Value Customer
7516-GMHUV,5252.5,High Value,Low Risk,High Value Customer
6035-RIIOM,5248.8,High Value,Low Risk,High Value Customer
2786-GCDPI,5247.5,High Value,Low Risk,High Value Customer
8414-OOEEL,5247.0,High Value,Low Risk,High Value Customer
8631-NBHFZ,5240.400000000001,High Value,Low Risk,High Value Customer
2139-FQHLM,1709.05,Medium Value,Low Risk,Low Priority
1658-XUHBX,5236.25,High Value,Low Risk,High Value Customer
2957-JIRMN,5235.900000000001,High Value,Low Risk,High Value Customer
6685-GBWJZ,4460.4,High Value,Low Risk,High Value Customer
6194-HBGQN,4138.650000000001,High Value,Low Risk,High Value Customer
6121-TNHBO,5229.0,High Value,Low Risk,High Value Customer
0988-JRWWP,162.60000000000002,Low Value,Low Risk,Low Priority
2882-WDTBA,5226.75,High Value,Low Risk,High Value Customer
9770-KXGQU,5225.799999999999,High Value,Low Risk,High Value Customer
1169-SAOCL,5225.85,High Value,Low Risk,High Value Customer
5855-EIBDE,5225.85,High Value,Low Risk,High Value Customer
6402-EJMWF,221.2,Low Value,Low Risk,Low Priority
5802-ADBRC,5220.0,High Value,Low Risk,High Value Customer
8932-CZHRQ,5219.0,High Value,Low Risk,High Value Customer
5781-RFZRP,5218.5,High Value,Low Risk,High Value Customer
1323-OOEPC,5215.200000000001,High Value,Low Risk,High Value Customer
3470-OBUET,4958.0,High Value,Low Risk,High Value Customer
8268-YDIXR,5216.400000000001,High Value,Low Risk,High Value Customer
3253-HKOKL,5215.599999999999,High Value,Low Risk,High Value Customer
2205-LPVGL,5211.299999999999,High Value,Low Risk,High Value Customer
3807-BPOMJ,5211.25,High Value,Low Risk,High Value Customer
4789-KWMXN,5209.95,High Value,Low Risk,High Value Customer
5676-CFLYY,5207.849999999999,High Value,Low Risk,High Value Customer
6421-SZVEM,2319.8,Medium Value,Low Risk,Low Priority
9659-QEQSY,5204.25,High Value,Low Risk,High Value Customer
1265-ZFOSD,5203.2,High Value,Low Risk,High Value Customer
0083-PIVIK,5200.0,High Value,Low Risk,High Value Customer
3200-MNQTF,4750.3,High Value,Low Risk,High Value Customer
7271-AJDTL,5194.75,High Value,Low Risk,High Value Customer
4737-AQCPU,5191.2,High Value,Low Risk,High Value Customer
3804-RVTGV,5192.5,High Value,Low Risk,High Value Customer
1842-EZJMK,5185.0,High Value,Low Risk,High Value Customer
5294-IMHHT,5180.75,High Value,Low Risk,High Value Customer
7711-YIJWC,5178.900000000001,High Value,Low Risk,High Value Customer
6953-PBDIN,5106.5,High Value,Low Risk,High Value Customer
4816-OKWNX,5170.0,High Value,Low Risk,High Value Customer
4293-ETKAP,5161.0,High Value,Low Risk,High Value Customer
7855-DIWPO,1441.65,Medium Value,Low Risk,Low Priority
5414-OFQCB,5155.650000000001,High Value,Low Risk,High Value Customer
6394-MFYNG,5155.200000000001,High Value,Low Risk,High Value Customer
2931-XIQBR,5152.5,High Value,Low Risk,High Value Customer
4322-RCYMT,5154.4,High Value,Low Risk,High Value Customer
6599-RCLCJ,5148.849999999999,High Value,Low Risk,High Value Customer
1346-UFHAX,1040.0,Medium Value,Low Risk,Low Priority
9048-JVYVF,208.05,Low Value,Low Risk,Low Priority
8348-JLBUG,5139.2,High Value,Low Risk,High Value Customer
0621-HJWXJ,5137.65,High Value,Low Risk,High Value Customer
6838-YAUVY,5135.4,High Value,Low Risk,High Value Customer
3913-FCUUW,5072.400000000001,High Value,Low Risk,High Value Customer
9013-AQORL,2186.4,Medium Value,Low Risk,Low Priority
5195-KPUNQ,5127.75,High Value,Low Risk,High Value Customer
1498-NHTLT,5118.25,High Value,Low Risk,High Value Customer
1732-FEKLD,5116.5,High Value,Low Risk,High Value Customer
1471-GIQKQ,49.95,Low Value,Low Risk,Low Priority
0013-MHZWF,624.6,Low Value,Low Risk,Low Priority
7524-VRLPL,5112.9,High Value,Low Risk,High Value Customer
2758-RNWXS,3122.0,High Value,Low Risk,High Value Customer
7164-BPTUT,5104.349999999999,High Value,Low Risk,High Value Customer
4472-VESGY,5103.8,High Value,Low Risk,High Value Customer
1950-KSVVJ,5098.5,High Value,Low Risk,High Value Customer
7654-YWJUF,3622.75,High Value,Low Risk,High Value Customer
6901-GOGZG,5097.0,High Value,Low Risk,High Value Customer
4676-MQUEA,5095.0,High Value,Low Risk,High Value Customer
1899-VXWXM,5092.799999999999,High Value,Low Risk,High Value Customer
9822-BIIGN,3808.05,High Value,Low Risk,High Value Customer
0973-KYVNF,5086.8,High Value,Low Risk,High Value Customer
9391-LMANN,5085.35,High Value,Low Risk,High Value Customer
7103-ZGVNT,5085.3,High Value,Low Risk,High Value Customer
2858-EIMXH,5080.049999999999,High Value,Low Risk,High Value Customer
0956-ACVZC,5081.4,High Value,Low Risk,High Value Customer
0280-XJGEX,5081.3,High Value,Low Risk,High Value Customer
5803-NQJZO,4881.599999999999,High Value,Low Risk,High Value Customer
9943-VSZUV,5071.900000000001,High Value,Low Risk,High Value Customer
1020-JPQOW,5070.8,High Value,Low Risk,High Value Customer
7576-JMYWV,5069.2,High Value,Low Risk,High Value Customer
8311-UEUAB,5058.5,High Value,Low Risk,High Value Customer
0691-IFBQW,5060.0,High Value,Low Risk,High Value Customer
2796-UUZZO,5058.9,High Value,Low Risk,High Value Customer
6741-QRLUP,5058.9,High Value,Low Risk,High Value Customer
0909-SELIE,4928.8,High Value,Low Risk,High Value Customer
6891-JPYFF,5052.0,High Value,Low Risk,High Value Customer
1599-MMYRQ,5049.900000000001,High Value,Low Risk,High Value Customer
6253-GNHWH,5048.099999999999,High Value,Low Risk,High Value Customer
6480-YAGIY,5049.0,High Value,Low Risk,High Value Customer
5649-RXQTV,5049.0,High Value,Low Risk,High Value Customer
8133-ANHHJ,5047.0,High Value,Low Risk,High Value Customer
5103-MHMHY,45.95,Low Value,Low Risk,Low Priority
5118-MUEYH,5044.799999999999,High Value,Low Risk,High Value Customer
4566-GOLUK,5045.45,High Value,Low Risk,High Value Customer
2911-WDXMV,1449.9,Medium Value,Low Risk,Low Priority
9470-YFUYI,5041.0,High Value,Low Risk,High Value Customer
1088-CNNKB,5040.0,High Value,Low Risk,High Value Customer
3055-VTCGS,3688.65,High Value,Low Risk,High Value Customer
9389-ACWBI,349.75,Low Value,Low Risk,Low Priority
9251-WNSOD,5031.7,High Value,Low Risk,High Value Customer
5671-UUNXD,5032.5,High Value,Low Risk,High Value Customer
5846-NEQVZ,5030.349999999999,High Value,Low Risk,High Value Customer
0270-THENM,5029.2,High Value,Low Risk,High Value Customer
4671-VJLCL,5030.549999999999,High Value,Low Risk,High Value Customer
8992-CEUEN,18.85,Low Value,Low Risk,Low Priority
0691-JVSYA,5027.049999999999,High Value,Low Risk,High Value Customer
1935-IMVBB,5023.2,High Value,Low Risk,High Value Customer
6418-PIQSP,5022.0,High Value,Low Risk,High Value Customer
2325-ZUSFD,3995.7,High Value,Low Risk,High Value Customer
9199-PWQVC,5021.1,High Value,Low Risk,High Value Customer
3795-GWTRD,4759.65,High Value,Low Risk,High Value Customer
8552-OBVRU,5016.0,High Value,Low Risk,High Value Customer
0229-LFJAF,5014.8,High Value,Low Risk,High Value Customer
4366-CTOUZ,5010.0,High Value,Low Risk,High Value Customer
0345-XMMUG,5009.400000000001,High Value,Low Risk,High Value Customer
4238-HFHSN,5011.150000000001,High Value,Low Risk,High Value Customer
1527-SXDPN,5005.0,High Value,Low Risk,High Value Customer
5934-TSSAU,1731.9,Medium Value,Low Risk,Low Priority
5630-IXDXV,4998.45,High Value,Low Risk,High Value Customer
3927-NLNRY,4995.25,High Value,Low Risk,High Value Customer
2178-PMGCJ,1533.4,Medium Value,Low Risk,Low Priority
7470-MCQTK,633.75,Low Value,Low Risk,Low Priority
9909-DFRJA,2492.1,Medium Value,Low Risk,Low Priority
3259-QMXUN,4993.799999999999,High Value,Low Risk,High Value Customer
5498-IBWPI,3260.4,High Value,Low Risk,High Value Customer
8276-MQBYC,4987.8,High Value,Low Risk,High Value Customer
2038-LLMLM,4984.799999999999,High Value,Low Risk,High Value Customer
2363-BJLSL,4984.8,High Value,Low Risk,High Value Customer
4355-CVPVS,4978.400000000001,High Value,Low Risk,High Value Customer
5628-RKIFK,4975.95,High Value,Low Risk,High Value Customer
4307-KTUMW,4976.700000000001,High Value,Low Risk,High Value Customer
4918-FYJNT,4974.75,High Value,Low Risk,High Value Customer
7449-HVPIV,4972.0,High Value,Low Risk,High Value Customer
7103-IPXPJ,4970.0,High Value,Low Risk,High Value Customer
5893-PYOLZ,4580.8,High Value,Low Risk,High Value Customer
2256-YLYLP,4960.6,High Value,Low Risk,High Value Customer
9691-HKOVS,4958.25,High Value,Low Risk,High Value Customer
3569-VLDHH,4956.599999999999,High Value,Low Risk,High Value Customer
6120-RJKLU,4956.900000000001,High Value,Low Risk,High Value Customer
4800-CZMPC,4956.0,High Value,Low Risk,High Value Customer
0887-WBJVH,4952.85,High Value,Low Risk,High Value Customer
4685-ERGHK,4953.3,High Value,Low Risk,High Value Customer
8039-ACLPL,4950.0,High Value,Low Risk,High Value Customer
8993-PHFWD,75.75,Low Value,Low Risk,Low Priority
1557-EMYVT,4947.15,High Value,Low Risk,High Value Customer
9548-LIGTA,4944.05,High Value,Low Risk,High Value Customer
2040-VZIKE,4941.65,High Value,Low Risk,High Value Customer
7446-KQISO,4938.75,High Value,Low Risk,High Value Customer
6754-LZUKA,4934.900000000001,High Value,Low Risk,High Value Customer
1541-ETJZO,62.05,Low Value,Low Risk,Low Priority
4785-QRJHC,2755.4,Medium Value,Low Risk,Low Priority
5278-PNYOX,4931.85,High Value,Low Risk,High Value Customer
3190-XFANI,4929.4,High Value,Low Risk,High Value Customer
7169-YWAMK,4924.8,High Value,Low Risk,High Value Customer
0771-CHWSK,4923.599999999999,High Value,Low Risk,High Value Customer
9432-RUVSL,4920.0,High Value,Low Risk,High Value Customer
5609-IMCGG,1265.25,Medium Value,Low Risk,Low Priority
4070-OKWVH,4919.2,High Value,Low Risk,High Value Customer
1810-BOHSY,4916.400000000001,High Value,Low Risk,High Value Customer
8760-ZRHKE,4913.2,High Value,Low Risk,High Value Customer
7346-MEDWM,4911.75,High Value,Low Risk,High Value Customer
6087-YPWHO,4906.8,High Value,Low Risk,High Value Customer
3162-ZJZFU,4905.15,High Value,Low Risk,High Value Customer
1096-ADRUX,4900.5,High Value,Low Risk,High Value Customer
5161-XEUVX,3489.1,High Value,Low Risk,High Value Customer
9227-LUNBG,24.6,Low Value,Low Risk,Low Priority
5136-RGMZO,2202.55,Medium Value,Low Risk,Low Priority
8406-LNMHF,4894.05,High Value,Low Risk,High Value Customer
3384-CTMSF,4892.7,High Value,Low Risk,High Value Customer
5641-DMBFJ,4889.4,High Value,Low Risk,High Value Customer
0258-NOKBL,271.20000000000005,Low Value,Low Risk,Low Priority
4560-WQAQW,4053.3,High Value,Low Risk,High Value Customer
4892-VLANZ,19.8,Low Value,Low Risk,Low Priority
1023-BQXZE,4237.95,High Value,Low Risk,High Value Customer
3244-DCJWY,70.25,Low Value,Low Risk,Low Priority
1216-BGTSP,4880.25,High Value,Low Risk,High Value Customer
9732-EQMWY,4870.6,High Value,Low Risk,High Value Customer
2612-PHGOX,4870.4,High Value,Low Risk,High Value Customer
2284-VFLKH,4863.25,High Value,Low Risk,High Value Customer
5458-CQJTA,4862.0,High Value,Low Risk,High Value Customer
5536-RTPWK,4853.45,High Value,Low Risk,High Value Customer
4531-AUZNK,4852.650000000001,High Value,Low Risk,High Value Customer
1485-YDHMM,4849.0,High Value,Low Risk,High Value Customer
7975-TZMLR,4845.7,High Value,Low Risk,High Value Customer
9500-IWPXQ,4843.400000000001,High Value,Low Risk,High Value Customer
9489-DEDVP,4844.0,High Value,Low Risk,High Value Customer
0880-FVFWF,4838.400000000001,High Value,Low Risk,High Value Customer
5115-GZDEL,4838.400000000001,High Value,Low Risk,High Value Customer
8495-PRWFH,2337.3,Medium Value,Low Risk,Low Priority
6988-CJEYV,4836.3,High Value,Low Risk,High Value Customer
8945-MUQUF,4834.8,High Value,Low Risk,High Value Customer
5394-MEITZ,4836.0,High Value,Low Risk,High Value Customer
2054-PJOCK,4833.0,High Value,Low Risk,High Value Customer
7402-PWYJJ,4830.950000000001,High Value,Low Risk,High Value Customer
6689-VRRTK,4831.2,High Value,Low Risk,High Value Customer
3325-FUYCG,2970.8,Medium Value,Low Risk,Low Priority
5364-XYIRR,4827.150000000001,High Value,Low Risk,High Value Customer
4915-BFSXL,4826.5,High Value,Low Risk,High Value Customer
1965-DDBWU,1424.8,Medium Value,Low Risk,Low Priority
3533-UVMOM,4824.6,High Value,Low Risk,High Value Customer
2077-DDHJK,4821.200000000001,High Value,Low Risk,High Value Customer
2753-JMMCV,4823.0,High Value,Low Risk,High Value Customer
3545-CNWRG,4819.15,High Value,Low Risk,High Value Customer
9297-FVVDH,4816.5,High Value,Low Risk,High Value Customer
1266-NZYUI,4813.2,High Value,Low Risk,High Value Customer
9378-FXTIZ,3788.1,High Value,Low Risk,High Value Customer
3500-NSDOA,4814.4,High Value,Low Risk,High Value Customer
8189-HBVRW,4812.4,High Value,Low Risk,High Value Customer
0365-GXEZS,1407.6,Medium Value,Low Risk,Low Priority
9711-FJTBX,4807.599999999999,High Value,Low Risk,High Value Customer
7399-QHBJS,4806.0,High Value,Low Risk,High Value Customer
2669-OIDSD,4802.4,High Value,Low Risk,High Value Customer
6603-QWSPR,4802.400000000001,High Value,Low Risk,High Value Customer
7622-FWGEW,4796.400000000001,High Value,Low Risk,High Value Customer
0769-MURVM,4730.400000000001,High Value,Low Risk,High Value Customer
7921-LMDFQ,4794.0,High Value,Low Risk,High Value Customer
5018-GWURO,4793.599999999999,High Value,Low Risk,High Value Customer
3115-JPJDD,4793.75,High Value,Low Risk,High Value Customer
9565-JSNFM,2677.1,Medium Value,Low Risk,Low Priority
1122-YJBCS,3701.85,High Value,Low Risk,High Value Customer
7480-QNVZJ,4785.0,High Value,Low Risk,High Value Customer
6212-ATMLK,4785.0,High Value,Low Risk,High Value Customer
1545-ACTAS,4785.6,High Value,Low Risk,High Value Customer
4057-FKCZK,4785.0,High Value,Low Risk,High Value Customer
0301-FIDRB,4593.599999999999,High Value,Low Risk,High Value Customer
3062-ICYZQ,4783.8,High Value,Low Risk,High Value Customer
8749-JMNKX,4783.8,High Value,Low Risk,High Value Customer
1136-XGEQU,4207.5,High Value,Low Risk,High Value Customer
9968-FFVVH,4334.4,High Value,Low Risk,High Value Customer
2720-FVBQP,293.70000000000005,Low Value,Low Risk,Low Priority
8659-HDIYE,4777.6,High Value,Low Risk,High Value Customer
1816-FLZDK,29.15,Low Value,Low Risk,Low Priority
1591-MQJTP,4776.150000000001,High Value,Low Risk,High Value Customer
3902-MIVLE,4769.1,High Value,Low Risk,High Value Customer
5099-BAILX,4762.25,High Value,Low Risk,High Value Customer
1455-HFBXA,4763.2,High Value,Low Risk,High Value Customer
5148-ORICT,4758.4,High Value,Low Risk,High Value Customer
5208-FVQKB,4756.5,High Value,Low Risk,High Value Customer
2782-LFZVW,648.45,Low Value,Low Risk,Low Priority
0233-FTHAV,4752.0,High Value,Low Risk,High Value Customer
7064-FRRSW,4752.0,High Value,Low Risk,High Value Customer
4079-VTGLK,2245.5,Medium Value,Low Risk,Low Priority
9803-FTJCG,4746.349999999999,High Value,Low Risk,High Value Customer
7047-FWEYA,4744.900000000001,High Value,Low Risk,High Value Customer
0750-EBAIU,4745.0,High Value,Low Risk,High Value Customer
1866-DIOQZ,4742.8,High Value,Low Risk,High Value Customer
9079-LWTFD,4735.25,High Value,Low Risk,High Value Customer
3896-RCYYE,3577.8,High Value,Low Risk,High Value Customer
9408-HRXRK,4731.75,High Value,Low Risk,High Value Customer
2480-SQIOB,179.2,Low Value,Low Risk,Low Priority
5360-XGYAZ,4726.8,High Value,Low Risk,High Value Customer
2672-OJQZP,44.75,Low Value,Low Risk,Low Priority
8908-NMQTX,4723.2,High Value,Low Risk,High Value Customer
0434-CSFON,4723.5,High Value,Low Risk,High Value Customer
2267-FPIMA,4720.0,High Value,Low Risk,High Value Customer
4079-WWQQQ,4719.599999999999,High Value,Low Risk,High Value Customer
6115-ZTBFQ,4716.0,High Value,Low Risk,High Value Customer
5655-JSMZM,4713.8,High Value,Low Risk,High Value Customer
3780-DDGSE,2661.75,Medium Value,Low Risk,Low Priority
9360-AHGNL,4710.65,High Value,Low Risk,High Value Customer
2890-WFBHU,4711.15,High Value,Low Risk,High Value Customer
0687-ZVTHB,4709.25,High Value,Low Risk,High Value Customer
7609-YBPXG,4703.4,High Value,Low Risk,High Value Customer
8634-MPHTR,4702.349999999999,High Value,Low Risk,High Value Customer
0533-BNWKF,4699.75,High Value,Low Risk,High Value Customer
3850-OKINF,4700.2,High Value,Low Risk,High Value Customer
9443-JUBUO,4698.0,High Value,Low Risk,High Value Customer
7860-UXCRM,4693.5,High Value,Low Risk,High Value Customer
7781-HVGMK,4694.400000000001,High Value,Low Risk,High Value Customer
4361-BKAXE,4694.5,High Value,Low Risk,High Value Customer
9242-TKFSV,4687.2,High Value,Low Risk,High Value Customer
4648-YPBTM,3916.7,High Value,Low Risk,High Value Customer
8610-WFCJF,4684.4,High Value,Low Risk,High Value Customer
4128-ETESU,4685.900000000001,High Value,Low Risk,High Value Customer
5996-EBTKM,4683.3,High Value,Low Risk,High Value Customer
2404-JIBFC,4680.5,High Value,Low Risk,High Value Customer
3541-ZNUHK,4680.5,High Value,Low Risk,High Value Customer
7824-PANSQ,4677.700000000001,High Value,Low Risk,High Value Customer
4334-HOWRP,4676.400000000001,High Value,Low Risk,High Value Customer
8016-ZMGMO,4676.099999999999,High Value,Low Risk,High Value Customer
3316-UWXUY,4675.0,High Value,Low Risk,High Value Customer
0701-RFGFI,4674.6,High Value,Low Risk,High Value Customer
9845-PEEKO,4672.8,High Value,Low Risk,High Value Customer
9115-YQHGA,2044.0,Medium Value,Low Risk,Low Priority
6467-CHFZW,4669.45,High Value,Low Risk,High Value Customer
3948-KXDUF,4537.5,High Value,Low Risk,High Value Customer
5275-PMFUT,4665.599999999999,High Value,Low Risk,High Value Customer
8204-YJCLA,4665.599999999999,High Value,Low Risk,High Value Customer
4393-RYCRE,4666.2,High Value,Low Risk,High Value Customer
5820-PTRYM,3833.2,High Value,Low Risk,High Value Customer
3932-IJWDZ,4664.25,High Value,Low Risk,High Value Customer
9499-XPZXM,4662.0,High Value,Low Risk,High Value Customer
9158-VCTQB,4657.599999999999,High Value,Low Risk,High Value Customer
6166-YIPFO,4658.400000000001,High Value,Low Risk,High Value Customer
3594-KADLU,105.3,Low Value,Low Risk,Low Priority
6821-JPCDC,4658.4,High Value,Low Risk,High Value Customer
0292-WEGCH,4654.8,High Value,Low Risk,High Value Customer
8626-PTQGE,4143.45,High Value,Low Risk,High Value Customer
2014-MKGMH,4650.599999999999,High Value,Low Risk,High Value Customer
6179-GJPSO,4650.45,High Value,Low Risk,High Value Customer
5327-CNLUQ,4651.200000000001,High Value,Low Risk,High Value Customer
4433-JCGCG,4646.0,High Value,Low Risk,High Value Customer
5524-KHNJP,2466.75,Medium Value,Low Risk,Low Priority
6322-PJJDJ,4645.2,High Value,Low Risk,High Value Customer
5456-ITGIC,4640.400000000001,High Value,Low Risk,High Value Customer
7860-KSUGX,4640.400000000001,High Value,Low Risk,High Value Customer
7109-CQYUZ,4641.0,High Value,Low Risk,High Value Customer
4139-DETXS,4640.400000000001,High Value,Low Risk,High Value Customer
7197-VOJMM,4636.400000000001,High Value,Low Risk,High Value Customer
7191-ADRGF,2389.2,Medium Value,Low Risk,Low Priority
7641-EUYET,4632.2,High Value,Low Risk,High Value Customer
1867-TJHTS,4628.4,High Value,Low Risk,High Value Customer
8327-LZKAS,4624.65,High Value,Low Risk,High Value Customer
4695-VADHF,1034.1,Medium Value,Low Risk,Low Priority
2176-OSJUV,4625.650000000001,High Value,Low Risk,High Value Customer
0420-TXVSG,4362.599999999999,High Value,Low Risk,High Value Customer
9769-TSBZE,4620.0,High Value,Low Risk,High Value Customer
8990-YOZLV,4616.1,High Value,Low Risk,High Value Customer
2661-GKBTK,4617.0,High Value,Low Risk,High Value Customer
4877-TSOFF,4166.25,High Value,Low Risk,High Value Customer
2296-DKZFP,4615.0,High Value,Low Risk,High Value Customer
5397-TUPSH,4611.75,High Value,Low Risk,High Value Customer
6199-IWKGC,4611.5,High Value,Low Risk,High Value Customer
1710-RCXUS,4607.849999999999,High Value,Low Risk,High Value Customer
9610-WCESF,2941.3,Medium Value,Low Risk,Low Priority
8190-ZTQFB,2105.35,Medium Value,Low Risk,Low Priority
3658-QQJYD,4606.599999999999,High Value,Low Risk,High Value Customer
9537-VHDTA,51.2,Low Value,Low Risk,Low Priority
7054-LGEQW,45.95,Low Value,Low Risk,Low Priority
9419-IPPBE,4597.650000000001,High Value,Low Risk,High Value Customer
5002-GCQFH,4598.65,High Value,Low Risk,High Value Customer
0481-SUMCB,4596.75,High Value,Low Risk,High Value Customer
9068-VPWQQ,4596.349999999999,High Value,Low Risk,High Value Customer
5204-HMGYF,4272.8,High Value,Low Risk,High Value Customer
8631-WUXGY,4590.8,High Value,Low Risk,High Value Customer
2403-BCASL,4589.95,High Value,Low Risk,High Value Customer
4967-WPNCF,4586.400000000001,High Value,Low Risk,High Value Customer
0572-ZJKLT,4583.900000000001,High Value,Low Risk,High Value Customer
9168-INPSZ,4582.6,High Value,Low Risk,High Value Customer
3563-SVYLG,4260.2,High Value,Low Risk,High Value Customer
3512-IZIKN,4571.0,High Value,Low Risk,High Value Customer
3957-HHLMR,4564.0,High Value,Low Risk,High Value Customer
9254-RBFON,1676.1999999999998,Medium Value,Low Risk,Low Priority
5056-FIMPT,4558.0,High Value,Low Risk,High Value Customer
6250-CGGUN,4557.6,High Value,Low Risk,High Value Customer
3050-RLLXC,4550.0,High Value,Low Risk,High Value Customer
6362-QHAFM,4548.599999999999,High Value,Low Risk,High Value Customer
9993-LHIEB,4545.95,High Value,Low Risk,High Value Customer
8597-CTXVJ,4546.5,High Value,Low Risk,High Value Customer
3259-KNMRR,4545.75,High Value,Low Risk,High Value Customer
2274-XUATA,4543.2,High Value,Low Risk,High Value Customer
9661-MHUMO,49.25,Low Value,Low Risk,Low Priority
7881-INRLC,4538.25,High Value,Low Risk,High Value Customer
8671-KKKOS,2095.3,Medium Value,Low Risk,Low Priority
0674-GCDXG,4529.700000000001,High Value,Low Risk,High Value Customer
4869-EPIUS,4530.400000000001,High Value,Low Risk,High Value Customer
0843-WTBXE,4528.85,High Value,Low Risk,High Value Customer
8097-OMULG,4528.25,High Value,Low Risk,High Value Customer
9565-FLVCG,4520.75,High Value,Low Risk,High Value Customer
2535-PBCGC,4518.5,High Value,Low Risk,High Value Customer
0853-NWIFK,4513.5,High Value,Low Risk,High Value Customer
5351-QESIO,24.2,Low Value,Low Risk,Low Priority
8295-KMENE,4510.55,High Value,Low Risk,High Value Customer
2828-SLQPF,855.0,Low Value,Low Risk,Low Priority
7838-LAZFO,3546.0,High Value,Low Risk,High Value Customer
9233-PSYHO,4506.75,High Value,Low Risk,High Value Customer
6893-ODYYE,4505.0,High Value,Low Risk,High Value Customer
4890-VMUAV,4504.5,High Value,Low Risk,High Value Customer
7501-IWUNG,4501.8,High Value,Low Risk,High Value Customer
6542-LWGXJ,75.0,Low Value,Low Risk,Low Priority
1525-LNLOJ,4177.8,High Value,Low Risk,High Value Customer
1206-EHBDD,4496.8,High Value,Low Risk,High Value Customer
6680-NENYN,4497.8,High Value,Low Risk,High Value Customer
7359-SSBJK,4492.8,High Value,Low Risk,High Value Customer
4667-QONEA,4491.0,High Value,Low Risk,High Value Customer
4713-ZBURT,4486.5,High Value,Low Risk,High Value Customer
9677-AVKED,4483.799999999999,High Value,Low Risk,High Value Customer
9154-QDGTH,4484.9,High Value,Low Risk,High Value Customer
6968-GMKPR,4485.25,High Value,Low Risk,High Value Customer
0604-THJFP,4481.05,High Value,Low Risk,High Value Customer
3946-JEWRQ,4474.400000000001,High Value,Low Risk,High Value Customer
4567-AKPIA,4473.099999999999,High Value,Low Risk,High Value Customer
6968-MHOMU,2610.0,Medium Value,Low Risk,Low Priority
1095-JUDTC,4467.349999999999,High Value,Low Risk,High Value Customer
1142-IHLOO,4465.05,High Value,Low Risk,High Value Customer
5130-YPIRV,4464.0,High Value,Low Risk,High Value Customer
6732-FZUGP,4460.3,High Value,Low Risk,High Value Customer
0689-DSXGL,4461.599999999999,High Value,Low Risk,High Value Customer
4450-MDZFX,4461.0,High Value,Low Risk,High Value Customer
7599-FKVXZ,4458.3,High Value,Low Risk,High Value Customer
2558-BUOZZ,4455.599999999999,High Value,Low Risk,High Value Customer
5973-EJGDP,4454.849999999999,High Value,Low Risk,High Value Customer
5020-ZSTTY,4452.3,High Value,Low Risk,High Value Customer
7481-ATQQS,4451.65,High Value,Low Risk,High Value Customer
4640-UHDOS,727.35,Low Value,Low Risk,Low Priority
7856-GANIL,4441.5,High Value,Low Risk,High Value Customer
1088-AUUZZ,4247.599999999999,High Value,Low Risk,High Value Customer
4143-HHPMK,4438.2,High Value,Low Risk,High Value Customer
9091-WTUUY,4432.0,High Value,Low Risk,High Value Customer
7142-HVGBG,4429.0,High Value,Low Risk,High Value Customer
4717-GHADL,3980.0,High Value,Low Risk,High Value Customer
5131-PONJI,4429.6,High Value,Low Risk,High Value Customer
8184-WMOFI,4426.8,High Value,Low Risk,High Value Customer
2252-NKNSI,4427.8,High Value,Low Risk,High Value Customer
8761-NSOBC,4424.2,High Value,Low Risk,High Value Customer
9661-ACXBS,4418.400000000001,High Value,Low Risk,High Value Customer
7789-HKSBS,4418.400000000001,High Value,Low Risk,High Value Customer
5176-OLSKT,4415.400000000001,High Value,Low Risk,High Value Customer
4554-YGZIH,4412.45,High Value,Low Risk,High Value Customer
8757-TFHHJ,49.8,Low Value,Low Risk,Low Priority
0336-KXKFK,4406.400000000001,High Value,Low Risk,High Value Customer
2578-JQPHZ,4404.4,High Value,Low Risk,High Value Customer
2931-SVLTV,4404.0,High Value,Low Risk,High Value Customer
4908-XAXAY,4402.65,High Value,Low Risk,High Value Customer
6583-QGCSI,4402.5,High Value,Low Risk,High Value Customer
9134-WYRVP,4403.849999999999,High Value,Low Risk,High Value Customer
4102-HLENU,4398.55,High Value,Low Risk,High Value Customer
8910-ICHIU,4399.900000000001,High Value,Low Risk,High Value Customer
4672-FOTSD,807.0,Low Value,Low Risk,Low Priority
5320-BRKGK,4396.4,High Value,Low Risk,High Value Customer
8805-JNRAZ,98.4,Low Value,Low Risk,Low Priority
6625-IUTTT,4391.849999999999,High Value,Low Risk,High Value Customer
7722-VJRQD,4388.400000000001,High Value,Low Risk,High Value Customer
4013-GUXND,20.8,Low Value,Low Risk,Low Priority
0654-PQKDW,4386.5,High Value,Low Risk,High Value Customer
0484-FFVBJ,2075.2,Medium Value,Low Risk,Low Priority
4187-CINZD,4381.5,High Value,Low Risk,High Value Customer
0361-HJRDX,4375.799999999999,High Value,Low Risk,High Value Customer
6418-HNFED,4245.75,High Value,Low Risk,High Value Customer
2834-SPCJV,4373.2,High Value,Low Risk,High Value Customer
2432-TFSMK,1612.8,Medium Value,Low Risk,Low Priority
2845-KDHVX,4371.2,High Value,Low Risk,High Value Customer
2573-GYRUU,4370.4,High Value,Low Risk,High Value Customer
6227-HWPWX,1035.0,Medium Value,Low Risk,Low Priority
7148-XZPHA,4367.0,High Value,Low Risk,High Value Customer
3898-GUYTS,4367.25,High Value,Low Risk,High Value Customer
2379-GYFLQ,4365.400000000001,High Value,Low Risk,High Value Customer
1530-ZTDOZ,1991.85,Medium Value,Low Risk,Low Priority
3930-ZGWVE,19.75,Low Value,Low Risk,Low Priority
7239-HZZCX,19.75,Low Value,Low Risk,Low Priority
9600-NAXZN,4360.2,High Value,Low Risk,High Value Customer
1084-MNSMJ,4360.5,High Value,Low Risk,High Value Customer
9138-EFSMO,2052.7000000000003,Medium Value,Low Risk,Low Priority
9919-YLNNG,4359.599999999999,High Value,Low Risk,High Value Customer
9253-VIFJQ,4358.25,High Value,Low Risk,High Value Customer
0337-CNPZE,4358.3,High Value,Low Risk,High Value Customer
9281-CEDRU,4358.799999999999,High Value,Low Risk,High Value Customer
8705-DWKTI,4357.599999999999,High Value,Low Risk,High Value Customer
3911-RSNHI,4359.4,High Value,Low Risk,High Value Customer
4973-RLZVI,2239.5,Medium Value,Low Risk,Low Priority
0824-VWDPO,4353.75,High Value,Low Risk,High Value Customer
2770-NSVDG,698.4000000000001,Low Value,Low Risk,Low Priority
2927-QRRQV,4353.900000000001,High Value,Low Risk,High Value Customer
8144-DGHXP,4352.4,High Value,Low Risk,High Value Customer
7113-HIPFI,4346.099999999999,High Value,Low Risk,High Value Customer
8374-XGEJJ,4343.0,High Value,Low Risk,High Value Customer
0531-XBKMM,4336.2,High Value,Low Risk,High Value Customer
2040-OBMLJ,2532.7000000000003,Medium Value,Low Risk,Low Priority
2451-YMUXS,4324.849999999999,High Value,Low Risk,High Value Customer
9681-KYGYB,4321.8,High Value,Low Risk,High Value Customer
0440-QEXBZ,2206.6,Medium Value,Low Risk,Low Priority
9880-TDQAC,4320.0,High Value,Low Risk,High Value Customer
0134-XWXCE,3293.4,High Value,Low Risk,High Value Customer
6950-TWMYB,4317.3,High Value,Low Risk,High Value Customer
9495-SKLKD,4317.75,High Value,Low Risk,High Value Customer
3466-WAESX,1105.6,Medium Value,Low Risk,Low Priority
5243-SAOTC,4311.9,High Value,Low Risk,High Value Customer
8178-EYZUO,4310.2,High Value,Low Risk,High Value Customer
9381-NDKME,975.6,Low Value,Low Risk,Low Priority
3915-ODIYG,4305.0,High Value,Low Risk,High Value Customer
0885-HMGPY,4302.8,High Value,Low Risk,High Value Customer
8023-QHAIO,4303.599999999999,High Value,Low Risk,High Value Customer
7921-BEPCI,4302.0,High Value,Low Risk,High Value Customer
7486-KSRVI,4300.0,High Value,Low Risk,High Value Customer
8623-TMRBY,4294.2,High Value,Low Risk,High Value Customer
2330-PQGDQ,4294.2,High Value,Low Risk,High Value Customer
6987-XQSJT,4293.0,High Value,Low Risk,High Value Customer
9851-QXEEQ,4292.7,High Value,Low Risk,High Value Customer
2080-CAZNM,4280.400000000001,High Value,Low Risk,High Value Customer
8952-WCVCD,4282.45,High Value,Low Risk,High Value Customer
0813-TAXXS,4279.0,High Value,Low Risk,High Value Customer
3720-DBRWL,4276.349999999999,High Value,Low Risk,High Value Customer
5536-SLHPM,4276.25,High Value,Low Risk,High Value Customer
3537-HPKQT,4276.25,High Value,Low Risk,High Value Customer
7607-QKKTJ,4275.0,High Value,Low Risk,High Value Customer
5206-XZZQI,4271.799999999999,High Value,Low Risk,High Value Customer
1723-HKXJQ,4273.5,High Value,Low Risk,High Value Customer
0916-KNFAJ,4263.900000000001,High Value,Low Risk,High Value Customer
4332-MUOEZ,1886.0,Medium Value,Low Risk,Low Priority
3069-SSVSN,25.85,Low Value,Low Risk,Low Priority
5076-YVXCM,4253.400000000001,High Value,Low Risk,High Value Customer
2123-VSCOT,4253.9,High Value,Low Risk,High Value Customer
9224-VTYID,4253.5,High Value,Low Risk,High Value Customer
3585-YNADK,4252.2,High Value,Low Risk,High Value Customer
4369-NYSCF,4242.0,High Value,Low Risk,High Value Customer
6023-GSSXW,4240.05,High Value,Low Risk,High Value Customer
8564-LDKFL,4240.0,High Value,Low Risk,High Value Customer
0774-RMNUW,4238.7,High Value,Low Risk,High Value Customer
9640-ZSLDC,3211.8,High Value,Low Risk,High Value Customer
0691-NIKRI,4238.0,High Value,Low Risk,High Value Customer
9220-CXRSC,4236.599999999999,High Value,Low Risk,High Value Customer
3796-ENZGF,4236.75,High Value,Low Risk,High Value Customer
8647-SDTWQ,4235.099999999999,High Value,Low Risk,High Value Customer
6169-PGNCD,4235.099999999999,High Value,Low Risk,High Value Customer
4942-VZZOM,4233.6,High Value,Low Risk,High Value Customer
3154-CFSZG,4232.349999999999,High Value,Low Risk,High Value Customer
1459-QNFQT,4165.0,High Value,Low Risk,High Value Customer
5980-NOPLP,4228.4,High Value,Low Risk,High Value Customer
1608-GMEWB,4225.5,High Value,Low Risk,High Value Customer
7781-EWARA,4224.5,High Value,Low Risk,High Value Customer
3194-ORPIK,4220.0,High Value,Low Risk,High Value Customer
4701-AHWMW,3000.25,High Value,Low Risk,High Value Customer
8216-AZUUZ,4216.8,High Value,Low Risk,High Value Customer
5387-ASZNZ,4214.1,High Value,Low Risk,High Value Customer
8548-AWOFC,4214.1,High Value,Low Risk,High Value Customer
9055-MOJJJ,4211.2,High Value,Low Risk,High Value Customer
9541-PWTWO,4209.400000000001,High Value,Low Risk,High Value Customer
9356-AXGMP,4206.6,High Value,Low Risk,High Value Customer
3161-ONRWK,3951.0,High Value,Low Risk,High Value Customer
7055-HNEOJ,167.39999999999998,Low Value,Low Risk,Low Priority
3058-HJCUY,4206.599999999999,High Value,Low Risk,High Value Customer
1309-XGFSN,4204.2,High Value,Low Risk,High Value Customer
9842-EFSYY,228.8,Low Value,Low Risk,Low Priority
9308-ANMVE,2599.1,Medium Value,Low Risk,Low Priority
9955-QOPOY,4195.2,High Value,Low Risk,High Value Customer
4135-FRWKJ,4193.75,High Value,Low Risk,High Value Customer
9412-GHEEC,4192.0,High Value,Low Risk,High Value Customer
0725-CXOTM,3227.4,High Value,Low Risk,High Value Customer
2270-CHBFN,4184.4,High Value,Low Risk,High Value Customer
7432-FFVAR,4183.7,High Value,Low Risk,High Value Customer
0093-XWZFY,4180.0,High Value,Low Risk,High Value Customer
0419-YAAPX,4179.7,High Value,Low Risk,High Value Customer
8985-OOPOS,74.1,Low Value,Low Risk,Low Priority
8019-ENHXU,4176.900000000001,High Value,Low Risk,High Value Customer
5343-SGUBI,4170.400000000001,High Value,Low Risk,High Value Customer
5371-VYLSX,4170.0,High Value,Low Risk,High Value Customer
0580-PIQHM,4165.599999999999,High Value,Low Risk,High Value Customer
4981-FLTMF,3716.4,High Value,Low Risk,High Value Customer
6614-YOLAC,4164.15,High Value,Low Risk,High Value Customer
8181-YHCMF,4100.4,High Value,Low Risk,High Value Customer
3982-XWFZQ,2110.5,Medium Value,Low Risk,Low Priority
0815-MFZGM,4158.0,High Value,Low Risk,High Value Customer
8039-EQPIM,4157.25,High Value,Low Risk,High Value Customer
3410-MHHUM,4153.6,High Value,Low Risk,High Value Customer
7162-WPHPM,4152.799999999999,High Value,Low Risk,High Value Customer
2541-YGPKE,2675.4,Medium Value,Low Risk,Low Priority
6897-RWMUB,4151.05,High Value,Low Risk,High Value Customer
7048-GXDAY,4149.6,High Value,Low Risk,High Value Customer
7639-LIAYI,4147.0,High Value,Low Risk,High Value Customer
9825-YCXWZ,4145.099999999999,High Value,Low Risk,High Value Customer
3714-NTNFO,4140.5,High Value,Low Risk,High Value Customer
6172-FECYY,4140.5,High Value,Low Risk,High Value Customer
3787-TRIAL,547.0500000000001,Low Value,Low Risk,Low Priority
0114-IGABW,4135.75,High Value,Low Risk,High Value Customer
1450-SKCVI,4135.599999999999,High Value,Low Risk,High Value Customer
1205-WNWPJ,416.5,Low Value,Low Risk,Low Priority
0112-QWPNC,4133.15,High Value,Low Risk,High Value Customer
2408-PSJVE,2723.6,Medium Value,Low Risk,Low Priority
4138-NAXED,4131.0,High Value,Low Risk,High Value Customer
8404-VIOMB,4125.0,High Value,Low Risk,High Value Customer
3696-XRIEN,4125.0,High Value,Low Risk,High Value Customer
5906-DVAPM,4125.0,High Value,Low Risk,High Value Customer
6075-QMNRR,2587.0,Medium Value,Low Risk,Low Priority
0993-OSGPT,4124.2,High Value,Low Risk,High Value Customer
7306-YDSOI,4122.75,High Value,Low Risk,High Value Customer
8331-ZXFOE,4123.799999999999,High Value,Low Risk,High Value Customer
2309-OSFEU,339.0,Low Value,Low Risk,Low Priority
8111-SLLHI,4120.35,High Value,Low Risk,High Value Customer
1960-UOTYM,4118.400000000001,High Value,Low Risk,High Value Customer
3404-JNXAX,4118.25,High Value,Low Risk,High Value Customer
5951-AOFIH,2191.2000000000003,Medium Value,Low Risk,Low Priority
6898-MDLZW,645.0,Low Value,Low Risk,Low Priority
3352-ALMCK,4106.0,High Value,Low Risk,High Value Customer
4849-PYRLQ,4102.0,High Value,Low Risk,High Value Customer
7247-XOZPB,4102.200000000001,High Value,Low Risk,High Value Customer
1936-CZAKF,2432.85,Medium Value,Low Risk,Low Priority
0178-SZBHO,4098.400000000001,High Value,Low Risk,High Value Customer
9357-UJRUN,1400.4,Medium Value,Low Risk,Low Priority
2845-AFFTX,4091.8,High Value,Low Risk,High Value Customer
8821-KVZKQ,4088.0,High Value,Low Risk,High Value Customer
0943-ZQPXH,4089.8,High Value,Low Risk,High Value Customer
8400-WZICQ,3063.5,High Value,Low Risk,High Value Customer
0840-DCNZE,4086.65,High Value,Low Risk,High Value Customer
6164-HAQTX,3830.45,High Value,Low Risk,High Value Customer
5693-PIPCS,4085.65,High Value,Low Risk,High Value Customer
1837-YQUCE,4084.5,High Value,Low Risk,High Value Customer
2359-QWQUL,4083.3,High Value,Low Risk,High Value Customer
3740-RLMVT,4083.65,High Value,Low Risk,High Value Customer
0743-HRVFF,2863.65,Medium Value,Low Risk,Low Priority
5600-PDUJF,297.0,Low Value,Low Risk,Low Priority
1591-NFNLQ,4080.0,High Value,Low Risk,High Value Customer
9833-TGFHX,4078.2,High Value,Low Risk,High Value Customer
5795-BKOYE,4077.9,High Value,Low Risk,High Value Customer
0872-CASZJ,4076.9,High Value,Low Risk,High Value Customer
2474-BRUCM,4074.0,High Value,Low Risk,High Value Customer
8401-EMUWF,2914.8,Medium Value,Low Risk,Low Priority
4295-YURET,4065.6,High Value,Low Risk,High Value Customer
0556-FJEGU,4065.8,High Value,Low Risk,High Value Customer
9699-UBQFS,4063.5,High Value,Low Risk,High Value Customer
0549-CYCQN,4059.6,High Value,Low Risk,High Value Customer
8597-CWYHH,4057.05,High Value,Low Risk,High Value Customer
6872-HXFNF,3734.4,High Value,Low Risk,High Value Customer
2969-VAPYH,4053.5,High Value,Low Risk,High Value Customer
0533-UCAAU,4052.7,High Value,Low Risk,High Value Customer
4289-DTDKW,4052.0,High Value,Low Risk,High Value Customer
5229-DTFYB,4050.8,High Value,Low Risk,High Value Customer
5317-FLPJF,4049.1,High Value,Low Risk,High Value Customer
6695-FRVEC,4046.8,High Value,Low Risk,High Value Customer
0214-JHPFW,4046.0,High Value,Low Risk,High Value Customer
3452-ABWRL,4044.35,High Value,Low Risk,High Value Customer
4039-PIMHX,2440.2,Medium Value,Low Risk,Low Priority
1221-GHZEP,4036.2,High Value,Low Risk,High Value Customer
9801-GDWGV,4034.55,High Value,Low Risk,High Value Customer
3128-YOVTD,4036.65,High Value,Low Risk,High Value Customer
5993-JSUWV,4035.9,High Value,Low Risk,High Value Customer
1866-RZZQS,4034.4,High Value,Low Risk,High Value Customer
6288-CHQJB,3777.3,High Value,Low Risk,High Value Customer
3594-UVONA,3008.25,High Value,Low Risk,High Value Customer
9209-NWPGU,2877.6000000000004,Medium Value,Low Risk,Low Priority
0536-ESJEP,4025.7,High Value,Low Risk,High Value Customer
5196-WPYOW,4023.35,High Value,Low Risk,High Value Customer
5312-UXESG,4020.05,High Value,Low Risk,High Value Customer
2869-ADAWR,4018.5,High Value,Low Risk,High Value Customer
6686-YPGHK,4018.5,High Value,Low Risk,High Value Customer
6233-HXJMX,4018.5,High Value,Low Risk,High Value Customer
2195-VVRJF,1063.8,Medium Value,Low Risk,Low Priority
4626-OZDTJ,4011.15,High Value,Low Risk,High Value Customer
4690-PKDQG,4013.1,High Value,Low Risk,High Value Customer
4702-HDRKD,3306.4500000000003,High Value,Low Risk,High Value Customer
0945-TSONX,4009.1,High Value,Low Risk,High Value Customer
4188-PCPIG,4009.95,High Value,Low Risk,High Value Customer
2195-ZRVAX,4009.1,High Value,Low Risk,High Value Customer
2639-UGMAZ,4007.95,High Value,Low Risk,High Value Customer
2314-TNDJQ,4006.8,High Value,Low Risk,High Value Customer
8822-KNBHV,4005.6,High Value,Low Risk,High Value Customer
7248-VZQLC,4004.4,High Value,Low Risk,High Value Customer
5073-RZGBK,4002.5,High Value,Low Risk,High Value Customer
9786-YWNHU,4003.65,High Value,Low Risk,High Value Customer
7547-EKNFS,4000.5,High Value,Low Risk,High Value Customer
9374-YOLBJ,19.25,Low Value,Low Risk,Low Priority
5188-HGMLP,3996.0,High Value,Low Risk,High Value Customer
9978-HYCIN,3992.65,High Value,Low Risk,High Value Customer
3179-GBRWV,1363.95,Medium Value,Low Risk,Low Priority
6348-SNFUS,3992.4,High Value,Low Risk,High Value Customer
3951-NJCVI,3992.1,High Value,Low Risk,High Value Customer
4111-BNXIF,3989.85,High Value,Low Risk,High Value Customer
6518-LGAOV,3990.0,High Value,Low Risk,High Value Customer
2580-ATZSQ,3987.75,High Value,Low Risk,High Value Customer
8679-LZBMD,3988.6,High Value,Low Risk,High Value Customer
8050-DVOJX,3986.15,High Value,Low Risk,High Value Customer
6807-SIWJI,3984.3,High Value,Low Risk,High Value Customer
6463-MVYRY,3981.45,High Value,Low Risk,High Value Customer
4524-QCSSM,1160.9,Medium Value,Low Risk,Low Priority
4992-LTJNE,3981.6,High Value,Low Risk,High Value Customer
8158-WPEZG,392.15,Low Value,Low Risk,Low Priority
5977-CKHON,3979.65,High Value,Low Risk,High Value Customer
8782-LKFPK,3977.6,High Value,Low Risk,High Value Customer
0602-DDUML,3975.75,High Value,Low Risk,High Value Customer
0263-FJTQO,3525.0,High Value,Low Risk,High Value Customer
6061-GWWAV,2878.2000000000003,Medium Value,Low Risk,Low Priority
1474-JUWSM,3967.2,High Value,Low Risk,High Value Customer
5197-PYEPU,3966.9,High Value,Low Risk,High Value Customer
2347-WKKAE,3964.8,High Value,Low Risk,High Value Customer
9786-IJYDL,3962.0,High Value,Low Risk,High Value Customer
6152-ONASV,3961.0,High Value,Low Risk,High Value Customer
8708-XPXHZ,3956.4,High Value,Low Risk,High Value Customer
9776-CLUJA,3952.5,High Value,Low Risk,High Value Customer
4374-YMUSQ,3952.5,High Value,Low Risk,High Value Customer
9695-IDRZR,3949.1,High Value,Low Risk,High Value Customer
3413-CSSTH,2283.7000000000003,Medium Value,Low Risk,Low Priority
0147-ESWWR,3948.75,High Value,Low Risk,High Value Customer
8232-CTLKO,3943.5,High Value,Low Risk,High Value Customer
5712-AHQNN,3940.95,High Value,Low Risk,High Value Customer
2832-KJCRD,3938.7,High Value,Low Risk,High Value Customer
7716-YTYHG,3938.4,High Value,Low Risk,High Value Customer
0297-RBCSG,1241.65,Medium Value,Low Risk,Low Priority
0668-OGMHD,598.5,Low Value,Low Risk,Low Priority
6388-TABGU,3481.3,High Value,Low Risk,High Value Customer
7619-PLRLP,3927.3,High Value,Low Risk,High Value Customer
5996-NRVXR,3926.0,High Value,Low Risk,High Value Customer
6439-GTPCA,3926.25,High Value,Low Risk,High Value Customer
5857-TYBCJ,3924.8,High Value,Low Risk,High Value Customer
5681-LLOEI,3923.75,High Value,Low Risk,High Value Customer
9391-DXGGG,3922.6,High Value,Low Risk,High Value Customer
2108-YKQTY,202.8,Low Value,Low Risk,Low Priority
2546-KZAAT,3920.8,High Value,Low Risk,High Value Customer
6173-ITPWD,3917.45,High Value,Low Risk,High Value Customer
1116-DXXDF,3917.55,High Value,Low Risk,High Value Customer
5533-RJFTJ,1479.8,Medium Value,Low Risk,Low Priority
5318-YKDPV,3403.4500000000003,High Value,Low Risk,High Value Customer
3055-OYMSE,3911.4,High Value,Low Risk,High Value Customer
2746-DIJLO,2308.3,Medium Value,Low Risk,Low Priority
9633-DENPU,2754.2000000000003,Medium Value,Low Risk,Low Priority
5756-OZRIO,3907.05,High Value,Low Risk,High Value Customer
2606-RMDHZ,183.0,Low Value,Low Risk,Low Priority
6034-ZRYCV,3902.4,High Value,Low Risk,High Value Customer
8169-SAEJD,3901.95,High Value,Low Risk,High Value Customer
3572-UOLYZ,3900.8,High Value,Low Risk,High Value Customer
9386-LDCZR,3897.95,High Value,Low Risk,High Value Customer
0089-IIQKO,3898.05,High Value,Low Risk,High Value Customer
7833-PKIHD,3896.4,High Value,Low Risk,High Value Customer
8316-BBQAY,3896.75,High Value,Low Risk,High Value Customer
0096-BXERS,302.1,Low Value,Low Risk,Low Priority
2453-SAFNS,3893.4,High Value,Low Risk,High Value Customer
0420-HLGXF,3890.25,High Value,Low Risk,High Value Customer
2359-KLTEK,3890.9,High Value,Low Risk,High Value Customer
6345-ULYRW,3889.6,High Value,Low Risk,High Value Customer
1972-XMUWV,3887.0,High Value,Low Risk,High Value Customer
6898-RBTLU,3885.7,High Value,Low Risk,High Value Customer
7945-HLKEA,3885.0,High Value,Low Risk,High Value Customer
5981-ITEMU,3884.0,High Value,Low Risk,High Value Customer
8012-SOUDQ,3880.75,High Value,Low Risk,High Value Customer
9688-YGXVR,3878.6,High Value,Low Risk,High Value Customer
5439-WIKXB,3876.55,High Value,Low Risk,High Value Customer
4118-CEVPF,3878.0,High Value,Low Risk,High Value Customer
1697-BCSHV,3874.4,High Value,Low Risk,High Value Customer
0239-OXEXL,3875.5,High Value,Low Risk,High Value Customer
7876-BEUTG,732.0,Low Value,Low Risk,Low Priority
7596-ZYWBB,3874.0,High Value,Low Risk,High Value Customer
0739-UUAJR,3873.6,High Value,Low Risk,High Value Customer
4879-GZLFH,3870.3,High Value,Low Risk,High Value Customer
7688-AWMDX,3869.5,High Value,Low Risk,High Value Customer
5274-XHAKY,3866.3,High Value,Low Risk,High Value Customer
5370-IIVVL,3866.5,High Value,Low Risk,High Value Customer
2581-VKIRT,3864.5,High Value,Low Risk,High Value Customer
3704-IEAXF,3862.8,High Value,Low Risk,High Value Customer
7129-ACFOG,269.0,Low Value,Low Risk,Low Priority
6563-VNPMN,3856.5,High Value,Low Risk,High Value Customer
5751-USDBL,3726.0,High Value,Low Risk,High Value Customer
4657-FWVFY,3854.0,High Value,Low Risk,High Value Customer
5791-KAJFD,3850.0,High Value,Low Risk,High Value Customer
2856-NNASM,3850.65,High Value,Low Risk,High Value Customer
4114-QMKVN,3850.0,High Value,Low Risk,High Value Customer
0810-DHDBD,3848.0,High Value,Low Risk,High Value Customer
3174-RKMOW,3848.25,High Value,Low Risk,High Value Customer
4256-ZWTZI,255.0,Low Value,Low Risk,Low Priority
9888-ZCUMM,3843.2,High Value,Low Risk,High Value Customer
3167-SNQPL,3843.7,High Value,Low Risk,High Value Customer
9795-SHUHB,3841.2,High Value,Low Risk,High Value Customer
9962-BFPDU,20.05,Low Value,Low Risk,Low Priority
8630-QSGXK,3835.2,High Value,Low Risk,High Value Customer
1209-VFFOC,3835.2,High Value,Low Risk,High Value Customer
8450-JOVAH,113.4,Low Value,Low Risk,Low Priority
9359-JANWS,3828.5,High Value,Low Risk,High Value Customer
0253-ZTEOB,3823.2,High Value,Low Risk,High Value Customer
7696-AMHOD,3822.0,High Value,Low Risk,High Value Customer
4906-ZHGPK,3817.8,High Value,Low Risk,High Value Customer
1621-YNCJH,3817.8,High Value,Low Risk,High Value Customer
3863-QSTYI,3814.35,High Value,Low Risk,High Value Customer
6317-YPKDH,29.95,Low Value,Low Risk,Low Priority
4012-YCFAI,3681.0,High Value,Low Risk,High Value Customer
9758-MFWGD,1435.1999999999998,Medium Value,Low Risk,Low Priority
6770-XUAGN,21.0,Low Value,Low Risk,Low Priority
8868-GAGIO,3804.75,High Value,Low Risk,High Value Customer
3067-SVMTC,3801.2,High Value,Low Risk,High Value Customer
1303-SRDOK,3797.75,High Value,Low Risk,High Value Customer
8999-YPYBV,3795.75,High Value,Low Risk,High Value Customer
7693-QPEFS,3793.4,High Value,Low Risk,High Value Customer
8741-LQOBK,1612.3,Medium Value,Low Risk,Low Priority
5981-ZVXOT,3792.25,High Value,Low Risk,High Value Customer
6522-OIQSX,3791.55,High Value,Low Risk,High Value Customer
1194-BHJYC,3791.15,High Value,Low Risk,High Value Customer
8777-PVYGU,3343.6,High Value,Low Risk,High Value Customer
9917-KWRBE,3212.35,High Value,Low Risk,High Value Customer
6339-RZCBJ,3787.2,High Value,Low Risk,High Value Customer
5120-ZBLAI,3785.0,High Value,Low Risk,High Value Customer
3969-JQABI,3784.5,High Value,Low Risk,High Value Customer
1264-FUHCX,2758.7,Medium Value,Low Risk,Low Priority
4803-AXVYP,3782.9,High Value,Low Risk,High Value Customer
9372-TXXPS,3591.0,High Value,Low Risk,High Value Customer
9898-KZQDZ,3782.0,High Value,Low Risk,High Value Customer
4091-TVOCN,3780.0,High Value,Low Risk,High Value Customer
3308-JSGML,3778.95,High Value,Low Risk,High Value Customer
0643-OKLRP,3776.45,High Value,Low Risk,High Value Customer
8097-VBQTZ,3774.6,High Value,Low Risk,High Value Customer
0679-TDGAK,3775.0,High Value,Low Risk,High Value Customer
4480-MBMLB,3772.8,High Value,Low Risk,High Value Customer
3523-QRQLL,1529.0,Medium Value,Low Risk,Low Priority
0402-CQAJN,3770.3,High Value,Low Risk,High Value Customer
2519-FAKOD,3771.5,High Value,Low Risk,High Value Customer
7623-TRNQN,49.9,Low Value,Low Risk,Low Priority
5614-DNZCE,3764.2,High Value,Low Risk,High Value Customer
8123-QBNAZ,3762.0,High Value,Low Risk,High Value Customer
5759-RCVCB,105.6,Low Value,Low Risk,Low Priority
4304-XUMGI,3757.500000000001,High Value,Low Risk,High Value Customer
0723-FDLAY,3751.0,High Value,Low Risk,High Value Customer
9755-JHNMN,3302.6000000000004,High Value,Low Risk,High Value Customer
4891-NLUBA,3748.45,High Value,Low Risk,High Value Customer
3237-AJGEH,93.0,Low Value,Low Risk,Low Priority
1394-SUIUH,3746.6,High Value,Low Risk,High Value Customer
8165-CBKXO,3745.5,High Value,Low Risk,High Value Customer
9137-UIYPG,3741.5,High Value,Low Risk,High Value Customer
6029-WTIPC,3740.7,High Value,Low Risk,High Value Customer
1685-BQULA,3736.0,High Value,Low Risk,High Value Customer
0230-WEQUW,3735.6,High Value,Low Risk,High Value Customer
4720-VSTSI,3731.2,High Value,Low Risk,High Value Customer
6543-CPZMK,269.55,Low Value,Low Risk,Low Priority
0870-VEMYL,269.25,Low Value,Low Risk,Low Priority
5825-XJOCM,3091.2000000000003,High Value,Low Risk,High Value Customer
7395-XWZOY,1100.0,Medium Value,Low Risk,Low Priority
0440-EKDCF,3729.3,High Value,Low Risk,High Value Customer
3269-ATYWD,3730.35,High Value,Low Risk,High Value Customer
2237-ZFSMY,3726.45,High Value,Low Risk,High Value Customer
9103-TCIHJ,835.5,Low Value,Low Risk,Low Priority
5129-HHMZC,3717.35,High Value,Low Risk,High Value Customer
9995-HOTOH,3717.0,High Value,Low Risk,High Value Customer
3528-HFRIQ,3713.3,High Value,Low Risk,High Value Customer
7636-PEPNS,2557.8,Medium Value,Low Risk,Low Priority
5816-QVHRX,3711.1,High Value,Low Risk,High Value Customer
8627-ZYGSZ,3708.3,High Value,Low Risk,High Value Customer
2511-MORQY,2745.0,Medium Value,Low Risk,Low Priority
5482-NUPNA,241.6,Low Value,Low Risk,Low Priority
9971-ZWPBF,3702.6,High Value,Low Risk,High Value Customer
1666-JXLKU,3701.85,High Value,Low Risk,High Value Customer
6094-ZIVKX,3702.6,High Value,Low Risk,High Value Customer
2716-GFZOR,3702.3,High Value,Low Risk,High Value Customer
9577-WJVCQ,3702.6,High Value,Low Risk,High Value Customer
1099-BTKWT,3699.2,High Value,Low Risk,High Value Customer
8930-XOTDP,1007.1,Medium Value,Low Risk,Low Priority
6961-VCPMC,3698.4,High Value,Low Risk,High Value Customer
5949-HGVJL,1899.3,Medium Value,Low Risk,Low Priority
5707-ZMDJP,3694.1,High Value,Low Risk,High Value Customer
1172-VIYBP,3694.1,High Value,Low Risk,High Value Customer
0617-FHSGK,3684.8,High Value,Low Risk,High Value Customer
1699-UOTXU,3684.0,High Value,Low Risk,High Value Customer
1139-WUOAH,3040.9500000000003,High Value,Low Risk,High Value Customer
4489-SNOJF,2528.75,Medium Value,Low Risk,Low Priority
2568-OIADY,3681.5,High Value,Low Risk,High Value Customer
7356-IWLFW,3680.0,High Value,Low Risk,High Value Customer
8819-WFGGJ,3678.8,High Value,Low Risk,High Value Customer
7872-RDDLZ,3678.3,High Value,Low Risk,High Value Customer
8345-MVDYC,3674.250000000001,High Value,Low Risk,High Value Customer
0895-LMRSF,1492.7,Medium Value,Low Risk,Low Priority
7025-IWFHT,3671.55,High Value,Low Risk,High Value Customer
2153-MREFK,3670.4,High Value,Low Risk,High Value Customer
2826-UWHIS,3663.000000000001,High Value,Low Risk,High Value Customer
0093-EXYQL,3662.0,High Value,Low Risk,High Value Customer
7925-PNRGI,3658.5,High Value,Low Risk,High Value Customer
7156-MXBJE,3659.3,High Value,Low Risk,High Value Customer
9053-EJUNL,3657.2,High Value,Low Risk,High Value Customer
3452-SRFEG,3655.4,High Value,Low Risk,High Value Customer
5394-SVGJV,3655.6,High Value,Low Risk,High Value Customer
6681-ZSEXG,3332.0,High Value,Low Risk,High Value Customer
5127-BZENZ,3651.2,High Value,Low Risk,High Value Customer
6549-BTYPG,3648.0,High Value,Low Risk,High Value Customer
0447-BEMNG,2174.4,Medium Value,Low Risk,Low Priority
0487-CRLZF,3648.05,High Value,Low Risk,High Value Customer
5019-GQVCR,3648.55,High Value,Low Risk,High Value Customer
7839-NUIAA,3647.8,High Value,Low Risk,High Value Customer
3336-JORSO,3644.85,High Value,Low Risk,High Value Customer
3230-IUALN,3645.0,High Value,Low Risk,High Value Customer
6366-XIVKZ,820.9499999999999,Low Value,Low Risk,Low Priority
2933-XEUJM,3643.2,High Value,Low Risk,High Value Customer
6968-URWQU,2423.05,Medium Value,Low Risk,Low Priority
7663-RGWBC,44.15,Low Value,Low Risk,Low Priority
0334-ZFJSR,3632.75,High Value,Low Risk,High Value Customer
5010-IPEAQ,3631.4,High Value,Low Risk,High Value Customer
5067-WJEUN,3631.4,High Value,Low Risk,High Value Customer
9626-VFRGG,3628.5,High Value,Low Risk,High Value Customer
7139-JZFVG,3630.0,High Value,Low Risk,High Value Customer
3489-VSFRD,3374.0,High Value,Low Risk,High Value Customer
0177-PXBAT,3626.7,High Value,Low Risk,High Value Customer
2676-SSLTO,3241.3500000000004,High Value,Low Risk,High Value Customer
5696-JVVQY,3364.8,High Value,Low Risk,High Value Customer
8970-ANWXO,1696.25,Medium Value,Low Risk,Low Priority
4872-VXRIL,3620.400000000001,High Value,Low Risk,High Value Customer
8788-DOXSU,3619.65,High Value,Low Risk,High Value Customer
2430-RRYUW,3616.8,High Value,Low Risk,High Value Customer
6075-SLNIL,3613.8,High Value,Low Risk,High Value Customer
8847-GEOOQ,3612.0,High Value,Low Risk,High Value Customer
4083-BFNYK,3610.0,High Value,Low Risk,High Value Customer
7123-WQUHX,3610.0,High Value,Low Risk,High Value Customer
1169-WCVAK,1687.2,Medium Value,Low Risk,Low Priority
7621-VPNET,3607.8,High Value,Low Risk,High Value Customer
5176-LDKUH,3607.2,High Value,Low Risk,High Value Customer
3745-HRPHI,3606.9,High Value,Low Risk,High Value Customer
8465-SBRXP,3606.2,High Value,Low Risk,High Value Customer
2197-OMWGI,3604.0,High Value,Low Risk,High Value Customer
2037-SGXHH,3596.7000000000003,High Value,Low Risk,High Value Customer
9481-SFCQY,837.1999999999999,Low Value,Low Risk,Low Priority
7131-ZQZNK,3591.0,High Value,Low Risk,High Value Customer
1752-OZXFY,3588.0,High Value,Low Risk,High Value Customer
8498-XXGWA,3584.75,High Value,Low Risk,High Value Customer
6906-MPARY,3584.0,High Value,Low Risk,High Value Customer
2697-NQBPF,3581.9,High Value,Low Risk,High Value Customer
2133-TSRRM,3581.9,High Value,Low Risk,High Value Customer
0520-FDVVT,3582.25,High Value,Low Risk,High Value Customer
6203-HBZPA,3322.8,High Value,Low Risk,High Value Customer
4578-PHJYZ,3575.0,High Value,Low Risk,High Value Customer
3181-VTHOE,3573.5,High Value,Low Risk,High Value Customer
2874-YXVVA,3573.4,High Value,Low Risk,High Value Customer
4238-JSSWH,3571.75,High Value,Low Risk,High Value Customer
1942-OQFRW,44.0,Low Value,Low Risk,Low Priority
6907-NZZIJ,3569.4,High Value,Low Risk,High Value Customer
9018-PCIOK,3561.25,High Value,Low Risk,High Value Customer
6322-HRPFA,2920.4,Medium Value,Low Risk,Low Priority
0743-HNPFG,3557.25,High Value,Low Risk,High Value Customer
6862-CQUMB,3555.7,High Value,Low Risk,High Value Customer
9490-DFPMD,3555.3,High Value,Low Risk,High Value Customer
3229-USWAR,2718.3,Medium Value,Low Risk,Low Priority
4958-XCBDQ,3549.0,High Value,Low Risk,High Value Customer
0114-PEGZZ,3549.15,High Value,Low Risk,High Value Customer
2160-GPFXD,3545.1000000000004,High Value,Low Risk,High Value Customer
2452-SNHFZ,3546.15,High Value,Low Risk,High Value Customer
0607-MVMGC,3543.75,High Value,Low Risk,High Value Customer
7445-WMRBW,3544.8,High Value,Low Risk,High Value Customer
2192-CKRLV,3542.4,High Value,Low Risk,High Value Customer
9194-GFVOI,3542.7,High Value,Low Risk,High Value Customer
7670-ZBPOQ,3540.9,High Value,Low Risk,High Value Customer
3021-VLNRJ,3540.0,High Value,Low Risk,High Value Customer
4471-KXAUH,3540.6,High Value,Low Risk,High Value Customer
9281-OFDMF,3537.3,High Value,Low Risk,High Value Customer
5651-CRHKQ,3534.2000000000003,High Value,Low Risk,High Value Customer
7753-USQYQ,3531.0,High Value,Low Risk,High Value Customer
4097-YODCF,3529.2,High Value,Low Risk,High Value Customer
6851-WEFYX,3528.0,High Value,Low Risk,High Value Customer
7054-DMVAS,3526.2,High Value,Low Risk,High Value Customer
2824-MYYBN,3524.25,High Value,Low Risk,High Value Customer
2155-AMQRX,1537.2,Medium Value,Low Risk,Low Priority
7994-XIRTR,3523.5,High Value,Low Risk,High Value Customer
5982-FPVQN,3520.55,High Value,Low Risk,High Value Customer
1814-WFGVS,3520.8,High Value,Low Risk,High Value Customer
4700-UBQMV,1593.9,Medium Value,Low Risk,Low Priority
4726-DLWQN,3517.4999999999995,High Value,Low Risk,High Value Customer
5915-DGNVC,3518.2,High Value,Low Risk,High Value Customer
9174-IHETN,3517.4999999999995,High Value,Low Risk,High Value Customer
5949-EBSQK,245.8,Low Value,Low Risk,Low Priority
7233-IOQNP,1462.0,Medium Value,Low Risk,Low Priority
0939-YAPAF,3508.75,High Value,Low Risk,High Value Customer
2731-GJRDG,3505.6,High Value,Low Risk,High Value Customer
9097-ZUBYC,683.1999999999999,Low Value,Low Risk,Low Priority
9445-SZLCH,3504.6,High Value,Low Risk,High Value Customer
6559-ILWKJ,3503.85,High Value,Low Risk,High Value Customer
1730-VFMWO,1706.8000000000002,Medium Value,Low Risk,Low Priority
5232-NXPAY,3499.15,High Value,Low Risk,High Value Customer
5181-OABFK,3432.8,High Value,Low Risk,High Value Customer
0378-XSZPU,3497.4,High Value,Low Risk,High Value Customer
5256-SKJGO,3494.4,High Value,Low Risk,High Value Customer
9831-BPFRI,3492.45,High Value,Low Risk,High Value Customer
0230-UBYPQ,2274.3,Medium Value,Low Risk,Low Priority
4312-GVYNH,3489.5,High Value,Low Risk,High Value Customer
8329-GWVPJ,3487.5,High Value,Low Risk,High Value Customer
3717-LNXKW,3484.6,High Value,Low Risk,High Value Customer
3018-TFTSU,980.4,Low Value,Low Risk,Low Priority
2391-IPLOP,3482.5000000000005,High Value,Low Risk,High Value Customer
3557-HTYWR,3480.35,High Value,Low Risk,High Value Customer
7138-GIRSH,3475.0,High Value,Low Risk,High Value Customer
0080-OROZO,3473.75,High Value,Low Risk,High Value Customer
3638-WEABW,3474.2,High Value,Low Risk,High Value Customer
4039-HEUNW,3474.0,High Value,Low Risk,High Value Customer
6854-EXGSF,524.0,Low Value,Low Risk,Low Priority
3588-WSTTJ,3466.75,High Value,Low Risk,High Value Customer
7028-DVOIQ,3466.75,High Value,Low Risk,High Value Customer
6762-QVYJO,3465.5,High Value,Low Risk,High Value Customer
4945-RVMTE,1667.4,Medium Value,Low Risk,Low Priority
8313-AFGBW,3459.2,High Value,Low Risk,High Value Customer
3503-TYDAY,3459.35,High Value,Low Risk,High Value Customer
9286-BHDQG,3258.0,High Value,Low Risk,High Value Customer
7868-BGSZA,3448.6,High Value,Low Risk,High Value Customer
4323-SADQS,241.5,Low Value,Low Risk,Low Priority
7691-KGKGP,3445.0,High Value,Low Risk,High Value Customer
5219-YIPTK,3445.2000000000003,High Value,Low Risk,High Value Customer
4254-QPEDE,3445.0,High Value,Low Risk,High Value Customer
8259-DZLIZ,3446.4,High Value,Low Risk,High Value Customer
6572-ADKRS,3440.8,High Value,Low Risk,High Value Customer
7483-IQWIB,3439.15,High Value,Low Risk,High Value Customer
0396-YCHWO,3434.4,High Value,Low Risk,High Value Customer
2479-BRAMR,3433.75,High Value,Low Risk,High Value Customer
8455-HIRAQ,355.6,Low Value,Low Risk,Low Priority
8267-ZNYVZ,3423.75,High Value,Low Risk,High Value Customer
5136-KCKGI,3422.1,High Value,Low Risk,High Value Customer
3990-QYKBE,3422.5,High Value,Low Risk,High Value Customer
0757-WCUUZ,3420.9,High Value,Low Risk,High Value Customer
5119-KEPFY,3420.0,High Value,Low Risk,High Value Customer
6784-XYJAE,2008.8,Medium Value,Low Risk,Low Priority
6959-GQEGV,3417.75,High Value,Low Risk,High Value Customer
1194-SPVSP,19.65,Low Value,Low Risk,Low Priority
6116-RFVHN,3415.3,High Value,Low Risk,High Value Customer
3813-DHBBB,3413.65,High Value,Low Risk,High Value Customer
7982-VCELR,3412.8,High Value,Low Risk,High Value Customer
3511-BFTJW,2772.0,Medium Value,Low Risk,Low Priority
1121-QSIVB,3412.2,High Value,Low Risk,High Value Customer
1472-TNCWL,3409.2000000000003,High Value,Low Risk,High Value Customer
0257-KXZGU,1998.4,Medium Value,Low Risk,Low Priority
5397-NSKQG,3410.3,High Value,Low Risk,High Value Customer
6773-LQTVT,1033.85,Medium Value,Low Risk,Low Priority
1661-CZBAU,3405.6000000000004,High Value,Low Risk,High Value Customer
7633-MVPUY,3405.75,High Value,Low Risk,High Value Customer
3757-NJYBX,3403.2,High Value,Low Risk,High Value Customer
4851-BQDNX,3402.0,High Value,Low Risk,High Value Customer
1465-LNTLJ,515.2,Low Value,Low Risk,Low Priority
1177-XZBJL,3399.9500000000003,High Value,Low Risk,High Value Customer
7586-ZATGZ,3396.0,High Value,Low Risk,High Value Customer
9052-DHNKM,1600.3,Medium Value,Low Risk,Low Priority
3950-VPYJB,3397.2000000000003,High Value,Low Risk,High Value Customer
2873-ZLIWT,3394.0,High Value,Low Risk,High Value Customer
0380-NEAVX,3394.9,High Value,Low Risk,High Value Customer
8050-XGRVL,3394.5,High Value,Low Risk,High Value Customer
1996-DBMUS,3391.2000000000003,High Value,Low Risk,High Value Customer
0848-SOMKO,3388.0,High Value,Low Risk,High Value Customer
9027-TMATR,3388.4,High Value,Low Risk,High Value Customer
0733-VUNUW,1335.6,Medium Value,Low Risk,Low Priority
1024-KPRBB,3385.8,High Value,Low Risk,High Value Customer
8550-XSXUQ,3386.4,High Value,Low Risk,High Value Customer
8587-XYZSF,3386.85,High Value,Low Risk,High Value Customer
8547-NSBBO,3386.25,High Value,Low Risk,High Value Customer
0254-WWRKD,3386.85,High Value,Low Risk,High Value Customer
7779-ORAEL,3381.7500000000005,High Value,Low Risk,High Value Customer
4522-XRWWI,3378.9,High Value,Low Risk,High Value Customer
4872-JCVCA,3379.6,High Value,Low Risk,High Value Customer
7153-CHRBV,3380.1,High Value,Low Risk,High Value Customer
1809-DMJHQ,230.0,Low Value,Low Risk,Low Priority
1436-ZMJAN,678.0,Low Value,Low Risk,Low Priority
0376-OIWME,3369.6,High Value,Low Risk,High Value Customer
2257-BOVXD,932.4,Low Value,Low Risk,Low Priority
6986-IJDHX,3365.7,High Value,Low Risk,High Value Customer
3604-WLABM,542.5,Low Value,Low Risk,Low Priority
3400-ESFUW,3165.25,High Value,Low Risk,High Value Customer
9003-CPATH,3355.8,High Value,Low Risk,High Value Customer
3001-CBHLQ,3356.8,High Value,Low Risk,High Value Customer
9629-NHXFW,19.4,Low Value,Low Risk,Low Priority
2911-IJORQ,3352.2,High Value,Low Risk,High Value Customer
0699-NDKJM,3348.75,High Value,Low Risk,High Value Customer
7128-GGCNO,3348.8,High Value,Low Risk,High Value Customer
7018-FPXHH,3348.8,High Value,Low Risk,High Value Customer
0475-RIJEP,3347.55,High Value,Low Risk,High Value Customer
4342-HFXWS,3345.6000000000004,High Value,Low Risk,High Value Customer
8670-MEFCP,3344.4,High Value,Low Risk,High Value Customer
9469-WEJBT,3342.95,High Value,Low Risk,High Value Customer
5302-BDJNT,3342.5,High Value,Low Risk,High Value Customer
3318-OSATS,3340.75,High Value,Low Risk,High Value Customer
7110-BDTWG,3340.55,High Value,Low Risk,High Value Customer
0667-NSRGI,3338.4,High Value,Low Risk,High Value Customer
5630-AHZIL,193.5,Low Value,Low Risk,Low Priority
0277-ORXQS,3336.3,High Value,Low Risk,High Value Customer
1307-TVUFB,3332.7,High Value,Low Risk,High Value Customer
5566-SOEZD,2177.55,Medium Value,Low Risk,Low Priority
3011-WQKSZ,380.0,Low Value,Low Risk,Low Priority
4632-XJMEX,3331.05,High Value,Low Risk,High Value Customer
2325-WINES,3329.6,High Value,Low Risk,High Value Customer
2207-QPJED,3330.0,High Value,Low Risk,High Value Customer
4693-VWVBO,58.650000000000006,Low Value,Low Risk,Low Priority
1506-YJTYT,3323.2499999999995,High Value,Low Risk,High Value Customer
6393-WRYZE,3320.1000000000004,High Value,Low Risk,High Value Customer
1932-UEDCX,3319.8,High Value,Low Risk,High Value Customer
1271-UODNO,2100.15,Medium Value,Low Risk,Low Priority
9039-RBEEE,1909.05,Medium Value,Low Risk,Low Priority
4701-MLJPN,1712.75,Medium Value,Low Risk,Low Priority
1732-VHUBQ,3315.85,High Value,Low Risk,High Value Customer
6647-ZEDXT,3313.5,High Value,Low Risk,High Value Customer
1395-OFUWC,1259.9,Medium Value,Low Risk,Low Priority
9143-CANJF,1323.6,Medium Value,Low Risk,Low Priority
2974-GGUXS,3310.2000000000003,High Value,Low Risk,High Value Customer
2192-OZITF,3309.75,High Value,Low Risk,High Value Customer
6522-YRBXD,3309.25,High Value,Low Risk,High Value Customer
0440-MOGPM,3302.55,High Value,Low Risk,High Value Customer
3605-JISKB,3300.0,High Value,Low Risk,High Value Customer
9327-QSDED,348.4,Low Value,Low Risk,Low Priority
8434-PNQZX,3294.9,High Value,Low Risk,High Value Customer
4636-OLWOE,3294.0,High Value,Low Risk,High Value Customer
5227-JSCFE,3290.85,High Value,Low Risk,High Value Customer
4568-KNYWR,3289.0,High Value,Low Risk,High Value Customer
3481-JHUZH,3290.25,High Value,Low Risk,High Value Customer
7919-ZODZZ,659.0,Low Value,Low Risk,Low Priority
2672-TGEFF,3285.6,High Value,Low Risk,High Value Customer
3474-BAFSJ,3277.5,High Value,Low Risk,High Value Customer
9170-GYZJC,3275.9,High Value,Low Risk,High Value Customer
5236-XMZJY,2505.3,Medium Value,Low Risk,Low Priority
8387-MOJJT,3273.9,High Value,Low Risk,High Value Customer
8879-ZKJOF,3273.85,High Value,Low Risk,High Value Customer
4547-FZJWE,3269.75,High Value,Low Risk,High Value Customer
0778-NELLA,312.3,Low Value,Low Risk,Low Priority
4002-BQWPQ,2043.75,Medium Value,Low Risk,Low Priority
5975-BAICR,2293.2000000000003,Medium Value,Low Risk,Low Priority
0412-UCCNP,3256.0,High Value,Low Risk,High Value Customer
3173-NVMPX,497.7,Low Value,Low Risk,Low Priority
5186-EJEGL,625.5,Low Value,Low Risk,Low Priority
5438-QMDDL,1136.2,Medium Value,Low Risk,Low Priority
6896-SRVYQ,3249.4,High Value,Low Risk,High Value Customer
2361-UPSND,3247.6,High Value,Low Risk,High Value Customer
7037-MTYVW,3245.2000000000003,High Value,Low Risk,High Value Customer
2809-ZMYOQ,3243.2,High Value,Low Risk,High Value Customer
9720-JJJOR,2472.3,Medium Value,Low Risk,Low Priority
2842-BCQGE,3240.05,High Value,Low Risk,High Value Customer
4194-FJARJ,3240.0,High Value,Low Risk,High Value Customer
7470-DYNOE,3238.3,High Value,Low Risk,High Value Customer
6682-QJDGB,2210.0,Medium Value,Low Risk,Low Priority
7629-WIXZF,413.7,Low Value,Low Risk,Low Priority
1559-DTODC,477.85,Low Value,Low Risk,Low Priority
2351-BKRZW,3233.6,High Value,Low Risk,High Value Customer
7730-IUTDZ,3233.6,High Value,Low Risk,High Value Customer
1550-EENBN,3234.85,High Value,Low Risk,High Value Customer
2896-TBNBE,3232.0,High Value,Low Risk,High Value Customer
8510-TMWYB,3229.2,High Value,Low Risk,High Value Customer
4077-CROMM,3230.2000000000003,High Value,Low Risk,High Value Customer
7013-PSXHK,3230.0,High Value,Low Risk,High Value Customer
8800-ZKRFW,3225.0,High Value,Low Risk,High Value Customer
6504-VBLFL,3223.0,High Value,Low Risk,High Value Customer
4003-FUSHP,1169.45,Medium Value,Low Risk,Low Priority
6473-ULUHT,1358.4,Medium Value,Low Risk,Low Priority
4859-ZSRDZ,3219.0,High Value,Low Risk,High Value Customer
2516-XSJKX,3216.4500000000003,High Value,Low Risk,High Value Customer
5110-CHOPY,3216.0,High Value,Low Risk,High Value Customer
1641-RQDAY,3212.8,High Value,Low Risk,High Value Customer
7774-OJSXI,3206.9500000000003,High Value,Low Risk,High Value Customer
3639-XJHKQ,1151.4,Medium Value,Low Risk,Low Priority
2794-XIMMO,3203.8500000000004,High Value,Low Risk,High Value Customer
7530-HDYDS,3201.5,High Value,Low Risk,High Value Customer
6745-JEFZB,3202.5,High Value,Low Risk,High Value Customer
0585-EGDDA,3200.0,High Value,Low Risk,High Value Customer
9102-OXKFY,3194.85,High Value,Low Risk,High Value Customer
5032-USPKF,3195.8,High Value,Low Risk,High Value Customer
9738-QLWTP,3194.1000000000004,High Value,Low Risk,High Value Customer
5135-RDDQL,3190.95,High Value,Low Risk,High Value Customer
1552-AAGRX,3192.0,High Value,Low Risk,High Value Customer
3566-CAAYU,3190.4,High Value,Low Risk,High Value Customer
3884-UEBXB,2422.05,Medium Value,Low Risk,Low Priority
2253-KPMNB,3191.25,High Value,Low Risk,High Value Customer
1702-CCFNJ,3190.2000000000003,High Value,Low Risk,High Value Customer
1193-RTSLK,3188.2000000000003,High Value,Low Risk,High Value Customer
0979-MOZQI,2418.0,Medium Value,Low Risk,Low Priority
8818-XYFCQ,3185.6,High Value,Low Risk,High Value Customer
2378-HTWFW,3185.0,High Value,Low Risk,High Value Customer
2634-HCZGT,3182.65,High Value,Low Risk,High Value Customer
7502-BNYGS,3178.6,High Value,Low Risk,High Value Customer
7776-QGYJC,3178.5,High Value,Low Risk,High Value Customer
7672-VFMXZ,3174.9,High Value,Low Risk,High Value Customer
1848-LBZHY,352.1,Low Value,Low Risk,Low Priority
9762-YAQAA,3174.6000000000004,High Value,Low Risk,High Value Customer
2921-XWDJH,3171.1,High Value,Low Risk,High Value Customer
1421-HCERK,3171.0,High Value,Low Risk,High Value Customer
7137-RYLPP,3170.9,High Value,Low Risk,High Value Customer
3537-RYBHH,3170.15,High Value,Low Risk,High Value Customer
7136-RVDTZ,3167.5,High Value,Low Risk,High Value Customer
6088-BXMRG,3163.2,High Value,Low Risk,High Value Customer
2037-XJFUP,3161.4,High Value,Low Risk,High Value Customer
1768-HNVGJ,3152.25,High Value,Low Risk,High Value Customer
9114-AAFQH,3151.2000000000003,High Value,Low Risk,High Value Customer
2603-HVKCG,3143.4,High Value,Low Risk,High Value Customer
0289-IVARM,2119.25,Medium Value,Low Risk,Low Priority
5886-VLQVU,3144.75,High Value,Low Risk,High Value Customer
9921-EZKBY,3144.9,High Value,Low Risk,High Value Customer
2522-WLNSF,2182.8,Medium Value,Low Risk,Low Priority
5198-HQAEN,3139.5,High Value,Low Risk,High Value Customer
9470-XCCEM,3137.75,High Value,Low Risk,High Value Customer
2105-PHWON,3135.0,High Value,Low Risk,High Value Customer
6701-DHKWQ,3132.35,High Value,Low Risk,High Value Customer
8780-YRMTT,3128.4,High Value,Low Risk,High Value Customer
4667-OHGKG,19.3,Low Value,Low Risk,Low Priority
5095-ETBRJ,3124.0,High Value,Low Risk,High Value Customer
0562-KBDVM,3122.0,High Value,Low Risk,High Value Customer
2107-FBPTK,3123.0,High Value,Low Risk,High Value Customer
4682-BLBUC,3121.8,High Value,Low Risk,High Value Customer
4106-HADHQ,3120.0,High Value,Low Risk,High Value Customer
5244-IRFIH,3118.5,High Value,Low Risk,High Value Customer
6195-MELTI,3115.05,High Value,Low Risk,High Value Customer
3714-JTVOV,3114.3,High Value,Low Risk,High Value Customer
7669-LCRSD,675.5999999999999,Low Value,Low Risk,Low Priority
5792-JALQC,3112.2000000000003,High Value,Low Risk,High Value Customer
2240-HSJQD,3110.3,High Value,Low Risk,High Value Customer
9931-KGHOA,2530.0,Medium Value,Low Risk,Low Priority
6261-RCVNS,3103.8,High Value,Low Risk,High Value Customer
6030-REHUX,3103.8,High Value,Low Risk,High Value Customer
5499-ECUTN,3104.35,High Value,Low Risk,High Value Customer
1254-IZEYF,3098.4500000000003,High Value,Low Risk,High Value Customer
1644-IRKSF,3095.4,High Value,Low Risk,High Value Customer
2405-LBMUW,3092.7000000000003,High Value,Low Risk,High Value Customer
7100-FQPRV,3091.7000000000003,High Value,Low Risk,High Value Customer
7951-VRDVK,3090.6,High Value,Low Risk,High Value Customer
8878-RYUKI,3091.4,High Value,Low Risk,High Value Customer
2239-CGBUZ,3085.5,High Value,Low Risk,High Value Customer
3399-BMLVW,3085.5,High Value,Low Risk,High Value Customer
1282-IHQAC,3083.5,High Value,Low Risk,High Value Customer
6374-AFWOX,3019.9,High Value,Low Risk,High Value Customer
7954-MLBUN,3082.9500000000003,High Value,Low Risk,High Value Customer
7422-WNBTY,3080.55,High Value,Low Risk,High Value Customer
6516-NKQBO,3078.0,High Value,Low Risk,High Value Customer
5959-BELXA,3076.8,High Value,Low Risk,High Value Customer
5269-NRGDP,3072.3,High Value,Low Risk,High Value Customer
7876-AEHIG,3067.65,High Value,Low Risk,High Value Customer
5913-INRQV,3065.1000000000004,High Value,Low Risk,High Value Customer
0354-WYROK,3065.9,High Value,Low Risk,High Value Customer
5155-AZQPB,1397.2,Medium Value,Low Risk,Low Priority
7576-ASEJU,3062.7000000000003,High Value,Low Risk,High Value Customer
0617-AQNWT,3062.4,High Value,Low Risk,High Value Customer
3164-YAXFY,3063.75,High Value,Low Risk,High Value Customer
3161-GETRM,3061.7,High Value,Low Risk,High Value Customer
8591-NXRCV,3060.65,High Value,Low Risk,High Value Customer
1163-ONYEY,3056.55,High Value,Low Risk,High Value Customer
8756-RDDLT,3056.6000000000004,High Value,Low Risk,High Value Customer
0362-ZBZWJ,3056.4,High Value,Low Risk,High Value Customer
3865-QBWSJ,3057.1,High Value,Low Risk,High Value Customer
7682-AZNDK,3054.9,High Value,Low Risk,High Value Customer
3401-URHDA,3054.9,High Value,Low Risk,High Value Customer
4381-MHQDC,3055.0,High Value,Low Risk,High Value Customer
5762-TJXGK,3055.0,High Value,Low Risk,High Value Customer
2321-OMBXY,3051.4,High Value,Low Risk,High Value Customer
7130-CTCUS,872.8,Low Value,Low Risk,Low Priority
9501-UKKNL,3050.3,High Value,Low Risk,High Value Customer
8996-ZROXE,3049.5,High Value,Low Risk,High Value Customer
2362-IBOOY,3051.0,High Value,Low Risk,High Value Customer
5073-WXOYN,3048.0,High Value,Low Risk,High Value Customer
2930-UOTMB,2022.75,Medium Value,Low Risk,Low Priority
2137-DQMEV,3046.4,High Value,Low Risk,High Value Customer
1028-FFNJK,3045.0,High Value,Low Risk,High Value Customer
2550-AEVRU,3046.65,High Value,Low Risk,High Value Customer
5049-MUBWG,1950.0,Medium Value,Low Risk,Low Priority
5150-LJNSR,3039.55,High Value,Low Risk,High Value Customer
1335-MXCSE,3038.75,High Value,Low Risk,High Value Customer
9820-RMCQV,534.05,Low Value,Low Risk,Low Priority
7032-LMBHI,2392.05,Medium Value,Low Risk,Low Priority
0567-XRHCU,3032.55,High Value,Low Risk,High Value Customer
8947-YRTDV,3033.6,High Value,Low Risk,High Value Customer
0526-SXDJP,3031.2000000000003,High Value,Low Risk,High Value Customer
1534-OULXE,3031.7000000000003,High Value,Low Risk,High Value Customer
9142-KZXOP,3029.4,High Value,Low Risk,High Value Customer
9200-NLNPD,3026.8,High Value,Low Risk,High Value Customer
9782-LGXMC,3025.75,High Value,Low Risk,High Value Customer
6352-TWCAU,3025.75,High Value,Low Risk,High Value Customer
8869-TORSS,2896.8,Medium Value,Low Risk,Low Priority
6257-RJOHI,203.2,Low Value,Low Risk,Low Priority
5294-CDGWY,3024.3,High Value,Low Risk,High Value Customer
4636-JGAAI,3020.9,High Value,Low Risk,High Value Customer
7599-NTMDP,3019.4,High Value,Low Risk,High Value Customer
9948-YPTDG,3019.1,High Value,Low Risk,High Value Customer
4998-IKFSE,3013.5,High Value,Low Risk,High Value Customer
3001-UNBTL,3014.55,High Value,Low Risk,High Value Customer
4549-ZDQYY,3013.4,High Value,Low Risk,High Value Customer
1482-OXZSY,3012.0,High Value,Low Risk,High Value Customer
9089-UOWJG,700.2,Low Value,Low Risk,Low Priority
0111-KLBQG,3006.4,High Value,Low Risk,High Value Customer
5386-THSLQ,3006.3,High Value,Low Risk,High Value Customer
4611-ANLQC,3003.0,High Value,Low Risk,High Value Customer
9647-ERGBE,3001.5,High Value,Low Risk,High Value Customer
4000-VGMQP,3000.1,High Value,Low Risk,High Value Customer
7771-CFQRQ,2998.6,Medium Value,Low Risk,Low Priority
1097-FSPVW,2291.1,Medium Value,Low Risk,Low Priority
6008-NAIXK,2994.3,Medium Value,Low Risk,Low Priority
7813-ZGGAW,2994.6,Medium Value,Low Risk,Low Priority
0471-LVHGK,2993.0,Medium Value,Low Risk,Low Priority
4826-TZEVA,2992.0,Medium Value,Low Risk,Low Priority
2495-KZNFB,2991.4500000000003,Medium Value,Low Risk,Low Priority
0674-DGMAQ,2992.0,Medium Value,Low Risk,Low Priority
6429-SHBCB,1322.4,Medium Value,Low Risk,Low Priority
6578-KRMAW,2988.8,Medium Value,Low Risk,Low Priority
3842-IYKUE,2985.5,Medium Value,Low Risk,Low Priority
1258-YMZNM,2983.5,Medium Value,Low Risk,Low Priority
3999-WRNGR,2985.0,Medium Value,Low Risk,Low Priority
2985-JUUBZ,2982.0,Medium Value,Low Risk,Low Priority
8290-YWKHZ,2982.4,Medium Value,Low Risk,Low Priority
4628-WQCQQ,2980.25,Medium Value,Low Risk,Low Priority
3957-LXOLK,2972.2000000000003,Medium Value,Low Risk,Low Priority
5498-TXHLF,2973.3,Medium Value,Low Risk,Low Priority
1051-GEJLJ,39.0,Low Value,Low Risk,Low Priority
1114-CENIM,2970.0,Medium Value,Low Risk,Low Priority
9000-PLFUZ,2967.0,Medium Value,Low Risk,Low Priority
9693-XMUOB,2964.75,Medium Value,Low Risk,Low Priority
1104-TNLZA,2962.4,Medium Value,Low Risk,Low Priority
2402-TAIRZ,2961.85,Medium Value,Low Risk,Low Priority
8868-WOZGU,2959.6,Medium Value,Low Risk,Low Priority
3174-AKMAS,2953.2000000000003,Medium Value,Low Risk,Low Priority
9150-HEPMB,2951.2000000000003,Medium Value,Low Risk,Low Priority
2091-MJTFX,1536.0,Medium Value,Low Risk,Low Priority
2692-BUCFV,2942.05,Medium Value,Low Risk,Low Priority
6723-CEGQI,2941.25,Medium Value,Low Risk,Low Priority
4622-YNKIJ,2935.35,Medium Value,Low Risk,Low Priority
3208-YPIOE,2934.75,Medium Value,Low Risk,Low Priority
7892-POOKP,2934.4,Medium Value,Low Risk,Low Priority
9592-ERDKV,2932.25,Medium Value,Low Risk,Low Priority
5899-OUVKV,2929.5,Medium Value,Low Risk,Low Priority
0298-XACET,2610.4,Medium Value,Low Risk,Low Priority
8624-GIOUT,2927.75,Medium Value,Low Risk,Low Priority
5846-QFDFI,2923.8,Medium Value,Low Risk,Low Priority
9904-EHEVJ,2923.2,Medium Value,Low Risk,Low Priority
7627-JKIAZ,2921.15,Medium Value,Low Risk,Low Priority
1929-ZCBHE,1894.1,Medium Value,Low Risk,Low Priority
3714-XPXBW,2919.3,Medium Value,Low Risk,Low Priority
0104-PPXDV,2917.4,Medium Value,Low Risk,Low Priority
7663-ZTEGJ,2915.95,Medium Value,Low Risk,Low Priority
5222-IMUKT,2913.6,Medium Value,Low Risk,Low Priority
7739-LAXOG,2913.6,Medium Value,Low Risk,Low Priority
6229-UOLQL,2912.0,Medium Value,Low Risk,Low Priority
8189-XRIKE,2910.4,Medium Value,Low Risk,Low Priority
5944-UGLLK,2909.7,Medium Value,Low Risk,Low Priority
0657-DOGUM,2908.8,Medium Value,Low Risk,Low Priority
1855-AGAWH,2907.8,Medium Value,Low Risk,Low Priority
8582-KRHPJ,1750.0,Medium Value,Low Risk,Low Priority
5153-RTHKF,2901.9,Medium Value,Low Risk,Low Priority
4940-KHCWD,2262.0,Medium Value,Low Risk,Low Priority
9830-ECLEN,2900.0,Medium Value,Low Risk,Low Priority
0666-UXTJO,2896.8,Medium Value,Low Risk,Low Priority
1910-FMXJM,2894.4,Medium Value,Low Risk,Low Priority
2357-COQEK,2892.4,Medium Value,Low Risk,Low Priority
6313-GIDIT,2885.8500000000004,Medium Value,Low Risk,Low Priority
5788-YPOEG,2881.5,Medium Value,Low Risk,Low Priority
2245-ADZFJ,2497.05,Medium Value,Low Risk,Low Priority
1041-RXHRA,2880.25,Medium Value,Low Risk,Low Priority
9060-HJJRW,2876.4,Medium Value,Low Risk,Low Priority
3565-UNOCC,2872.45,Medium Value,Low Risk,Low Priority
4821-SJHJV,2867.2,Medium Value,Low Risk,Low Priority
5692-FPTAH,45.4,Low Value,Low Risk,Low Priority
0468-YRPXN,2865.2,Medium Value,Low Risk,Low Priority
4902-OHLSK,2860.8500000000004,Medium Value,Low Risk,Low Priority
8949-JTMAY,2859.4,Medium Value,Low Risk,Low Priority
3192-LNKRK,2857.7,Medium Value,Low Risk,Low Priority
1480-IVEVR,2856.0,Medium Value,Low Risk,Low Priority
4021-RQSNY,2856.5,Medium Value,Low Risk,Low Priority
8149-AIQCG,2852.8500000000004,Medium Value,Low Risk,Low Priority
3908-MKIMJ,2852.6000000000004,Medium Value,Low Risk,Low Priority
7136-IHZJA,2854.0,Medium Value,Low Risk,Low Priority
6092-QZVPP,2851.2000000000003,Medium Value,Low Risk,Low Priority
2475-MROZF,2850.0,Medium Value,Low Risk,Low Priority
6171-ZTVYB,2848.75,Medium Value,Low Risk,Low Priority
3621-CHYVB,2844.3,Medium Value,Low Risk,Low Priority
3023-GFLBR,2842.9500000000003,Medium Value,Low Risk,Low Priority
8738-JOKAR,2843.4,Medium Value,Low Risk,Low Priority
2055-SIFSS,2840.75,Medium Value,Low Risk,Low Priority
4598-ZADCK,2840.8,Medium Value,Low Risk,Low Priority
2212-LYASK,1237.95,Medium Value,Low Risk,Low Priority
5569-OUICF,2836.4,Medium Value,Low Risk,Low Priority
9574-RKJIF,2832.0,Medium Value,Low Risk,Low Priority
8294-UIMBA,2832.0,Medium Value,Low Risk,Low Priority
0635-WKOLD,2830.0,Medium Value,Low Risk,Low Priority
6941-KXRRV,2829.6000000000004,Medium Value,Low Risk,Low Priority
8329-UTMVM,2825.55,Medium Value,Low Risk,Low Priority
3976-BWUCK,2823.0,Medium Value,Low Risk,Low Priority
4353-HYOJD,1345.95,Medium Value,Low Risk,Low Priority
0022-TCJCI,2821.5,Medium Value,Low Risk,Low Priority
9600-UDOPK,2821.5,Medium Value,Low Risk,Low Priority
8571-ZCMCX,2820.0,Medium Value,Low Risk,Low Priority
1629-DQQVB,701.4,Low Value,Low Risk,Low Priority
9670-BPNXF,2814.75,Medium Value,Low Risk,Low Priority
3096-JRDSO,2816.1,Medium Value,Low Risk,Low Priority
1921-KYSAY,2812.6,Medium Value,Low Risk,Low Priority
8608-OZTLB,2813.9,Medium Value,Low Risk,Low Priority
5692-ICXLW,2811.7000000000003,Medium Value,Low Risk,Low Priority
6486-LHTMA,2811.7000000000003,Medium Value,Low Risk,Low Priority
1338-CECEE,2808.5,Medium Value,Low Risk,Low Priority
6211-WHMYA,2806.4,Medium Value,Low Risk,Low Priority
5325-UWTWJ,2807.05,Medium Value,Low Risk,Low Priority
7272-QDCKA,2805.6,Medium Value,Low Risk,Low Priority
7241-AJHFS,2804.8,Medium Value,Low Risk,Low Priority
6933-FHBZC,1457.3,Medium Value,Low Risk,Low Priority
5245-VDBUR,1843.4,Medium Value,Low Risk,Low Priority
2996-XAUVF,2803.5,Medium Value,Low Risk,Low Priority
9500-LTVBP,2801.75,Medium Value,Low Risk,Low Priority
7025-WCBNE,2801.2000000000003,Medium Value,Low Risk,Low Priority
8668-KNZTI,2795.0,Medium Value,Low Risk,Low Priority
5862-BRIXZ,2794.5,Medium Value,Low Risk,Low Priority
4615-PIVVU,2793.0,Medium Value,Low Risk,Low Priority
6718-BDGHG,2788.55,Medium Value,Low Risk,Low Priority
9351-LZYGF,2788.8,Medium Value,Low Risk,Low Priority
3640-PHQXK,2786.9,Medium Value,Low Risk,Low Priority
2338-BQEZT,2780.25,Medium Value,Low Risk,Low Priority
1771-OADNZ,2781.1000000000004,Medium Value,Low Risk,Low Priority
2877-VDUER,1431.5,Medium Value,Low Risk,Low Priority
3026-ATZYV,2778.7,Medium Value,Low Risk,Low Priority
1855-CFULU,80.2,Low Value,Low Risk,Low Priority
2675-OTVVJ,2772.9500000000003,Medium Value,Low Risk,Low Priority
5813-UECBU,2767.05,Medium Value,Low Risk,Low Priority
5898-IGSLP,2768.3,Medium Value,Low Risk,Low Priority
4565-EVZMJ,2768.3,Medium Value,Low Risk,Low Priority
3926-YZVVX,2052.05,Medium Value,Low Risk,Low Priority
1925-LFCZZ,2752.75,Medium Value,Low Risk,Low Priority
9323-HGFWY,2751.3,Medium Value,Low Risk,Low Priority
2684-EIWEO,2751.0,Medium Value,Low Risk,Low Priority
5307-DZCVC,2750.4,Medium Value,Low Risk,Low Priority
3550-SAHFP,2750.55,Medium Value,Low Risk,Low Priority
0930-EHUZA,2748.6,Medium Value,Low Risk,Low Priority
1622-HSHSF,19.55,Low Value,Low Risk,Low Priority
8100-HZZLJ,2749.85,Medium Value,Low Risk,Low Priority
6900-PXRMS,2749.5,Medium Value,Low Risk,Low Priority
9777-WJJPR,2748.15,Medium Value,Low Risk,Low Priority
9972-NKTFD,1530.2,Medium Value,Low Risk,Low Priority
4831-EOBFE,2744.8500000000004,Medium Value,Low Risk,Low Priority
0479-HMSWA,2741.7000000000003,Medium Value,Low Risk,Low Priority
8242-PDSGJ,2740.5,Medium Value,Low Risk,Low Priority
9253-QXKBE,2739.05,Medium Value,Low Risk,Low Priority
3948-FVVRP,493.2,Low Value,Low Risk,Low Priority
0886-QGENL,2733.75,Medium Value,Low Risk,Low Priority
5766-ZJYBB,19.4,Low Value,Low Risk,Low Priority
9040-KZVWO,1963.0,Medium Value,Low Risk,Low Priority
3536-IQCTX,2729.6,Medium Value,Low Risk,Low Priority
4174-LPGTI,2726.5,Medium Value,Low Risk,Low Priority
7587-AOVVU,2720.25,Medium Value,Low Risk,Low Priority
9606-PBKBQ,2720.0,Medium Value,Low Risk,Low Priority
6483-OATDN,410.4,Low Value,Low Risk,Low Priority
1866-NXPSP,2719.8,Medium Value,Low Risk,Low Priority
1716-LSAMB,2459.25,Medium Value,Low Risk,Low Priority
4673-KKSLS,2715.6,Medium Value,Low Risk,Low Priority
1852-XEMDW,1431.1,Medium Value,Low Risk,Low Priority
6741-EGCBI,2715.0,Medium Value,Low Risk,Low Priority
5724-BIDBU,2712.15,Medium Value,Low Risk,Low Priority
8496-DMZUK,2712.0,Medium Value,Low Risk,Low Priority
8982-NHAVY,2713.5,Medium Value,Low Risk,Low Priority
1431-AIDJQ,2709.3,Medium Value,Low Risk,Low Priority
7274-CGTOD,2709.4,Medium Value,Low Risk,Low Priority
6032-KRXXO,2707.5,Medium Value,Low Risk,Low Priority
6967-PEJLL,1487.4,Medium Value,Low Risk,Low Priority
2348-KCJLT,2706.0,Medium Value,Low Risk,Low Priority
3249-VHRIP,2703.2000000000003,Medium Value,Low Risk,Low Priority
6635-CPNUN,2704.8,Medium Value,Low Risk,Low Priority
6267-DCFFZ,2701.5,Medium Value,Low Risk,Low Priority
0742-MOABM,200.2,Low Value,Low Risk,Low Priority
8882-TLVRW,2697.9,Medium Value,Low Risk,Low Priority
4811-JBUVU,2697.0,Medium Value,Low Risk,Low Priority
6873-UDNLD,2698.0,Medium Value,Low Risk,Low Priority
4948-WBBKL,2696.4,Medium Value,Low Risk,Low Priority
3707-LRWZD,2689.6,Medium Value,Low Risk,Low Priority
7129-AZJDE,2684.3,Medium Value,Low Risk,Low Priority
4911-BANWH,2683.05,Medium Value,Low Risk,Low Priority
1154-HYWWO,2682.8,Medium Value,Low Risk,Low Priority
3282-ZISZV,2678.4,Medium Value,Low Risk,Low Priority
5306-BVTKJ,2678.4,Medium Value,Low Risk,Low Priority
5061-PBXFW,1964.8,Medium Value,Low Risk,Low Priority
5872-OEQNH,2667.0,Medium Value,Low Risk,Low Priority
2843-CQMEG,1192.8000000000002,Medium Value,Low Risk,Low Priority
9938-ZREHM,2667.7,Medium Value,Low Risk,Low Priority
4825-XJGDM,2665.7000000000003,Medium Value,Low Risk,Low Priority
7657-DYEPJ,2665.7000000000003,Medium Value,Low Risk,Low Priority
0303-UNCIP,2665.0,Medium Value,Low Risk,Low Priority
6177-PEVRA,2664.0,Medium Value,Low Risk,Low Priority
6890-PFRQX,1251.0,Medium Value,Low Risk,Low Priority
1689-MRZQR,2662.2,Medium Value,Low Risk,Low Priority
7459-IMVYU,2658.1,Medium Value,Low Risk,Low Priority
0454-OKRCT,2659.8,Medium Value,Low Risk,Low Priority
5130-IEKQT,2648.75,Medium Value,Low Risk,Low Priority
1834-ABKHQ,2649.4,Medium Value,Low Risk,Low Priority
5472-CVMDX,2645.2,Medium Value,Low Risk,Low Priority
1481-ZUWZA,2646.0,Medium Value,Low Risk,Low Priority
2242-MFOTG,2643.3,Medium Value,Low Risk,Low Priority
0513-RBGPE,2323.6,Medium Value,Low Risk,Low Priority
8690-UPCZI,2002.45,Medium Value,Low Risk,Low Priority
1596-BBVTG,2637.25,Medium Value,Low Risk,Low Priority
7674-YTAFD,2638.35,Medium Value,Low Risk,Low Priority
9127-QRZMH,2633.4,Medium Value,Low Risk,Low Priority
9821-POOTN,2632.0,Medium Value,Low Risk,Low Priority
5216-WASFJ,2630.35,Medium Value,Low Risk,Low Priority
5018-LXQQG,1989.0,Medium Value,Low Risk,Low Priority
8224-UAXBZ,2630.3,Medium Value,Low Risk,Low Priority
3445-HXXGF,2627.4,Medium Value,Low Risk,Low Priority
0523-VNGTF,2626.0,Medium Value,Low Risk,Low Priority
2455-USLMV,2627.25,Medium Value,Low Risk,Low Priority
9086-YJYXS,2624.8,Medium Value,Low Risk,Low Priority
6992-TKNYO,2622.0,Medium Value,Low Risk,Low Priority
9601-BRXPO,2623.75,Medium Value,Low Risk,Low Priority
9033-EOXWV,888.5999999999999,Low Value,Low Risk,Low Priority
2725-IWWBA,2617.4,Medium Value,Low Risk,Low Priority
2087-QAREY,1203.4,Medium Value,Low Risk,Low Priority
6574-MCOEH,2611.9500000000003,Medium Value,Low Risk,Low Priority
7016-NVRIC,2612.9,Medium Value,Low Risk,Low Priority
7714-YXSMB,2613.0,Medium Value,Low Risk,Low Priority
6538-POCHL,2607.0,Medium Value,Low Risk,Low Priority
7147-AYBAA,2602.95,Medium Value,Low Risk,Low Priority
4795-WRNVT,2604.0,Medium Value,Low Risk,Low Priority
5149-CUZUJ,2601.2000000000003,Medium Value,Low Risk,Low Priority
6897-UUBNU,2599.8500000000004,Medium Value,Low Risk,Low Priority
0719-SYFRB,739.8,Low Value,Low Risk,Low Priority
3441-CGZJH,2597.2,Medium Value,Low Risk,Low Priority
6259-WJQLC,2595.2,Medium Value,Low Risk,Low Priority
8812-ZRHFP,2593.5,Medium Value,Low Risk,Low Priority
6368-NWMCE,2589.7000000000003,Medium Value,Low Risk,Low Priority
3348-CFRNX,2585.8,Medium Value,Low Risk,Low Priority
2082-OJVTK,2586.8,Medium Value,Low Risk,Low Priority
7893-IXHRQ,20.55,Low Value,Low Risk,Low Priority
5307-UVGNB,2581.1000000000004,Medium Value,Low Risk,Low Priority
3597-MVHJT,2581.2,Medium Value,Low Risk,Low Priority
8417-GSODA,2581.6,Medium Value,Low Risk,Low Priority
3397-AVTKU,2580.0,Medium Value,Low Risk,Low Priority
0628-CNQRM,1485.0,Medium Value,Low Risk,Low Priority
0866-QLSIR,2189.6000000000004,Medium Value,Low Risk,Low Priority
2577-GVSIL,2570.75,Medium Value,Low Risk,Low Priority
5389-FFVKB,2569.6,Medium Value,Low Risk,Low Priority
8695-ARGXZ,2568.7,Medium Value,Low Risk,Low Priority
6402-ZFPPI,2570.0,Medium Value,Low Risk,Low Priority
6461-PPAXN,1923.25,Medium Value,Low Risk,Low Priority
9362-MWODR,2564.0,Medium Value,Low Risk,Low Priority
6559-PDZLR,2564.9,Medium Value,Low Risk,Low Priority
1194-HVAIF,2565.0,Medium Value,Low Risk,Low Priority
3370-GQEAL,2563.5,Medium Value,Low Risk,Low Priority
6635-MYYYZ,2560.5,Medium Value,Low Risk,Low Priority
6416-JNVRK,2559.9,Medium Value,Low Risk,Low Priority
5125-CNDSP,2557.8,Medium Value,Low Risk,Low Priority
3132-TVFDZ,2556.4500000000003,Medium Value,Low Risk,Low Priority
2150-WLKUW,2556.0,Medium Value,Low Risk,Low Priority
3126-WQMGH,2555.35,Medium Value,Low Risk,Low Priority
7927-AUXBZ,2554.5,Medium Value,Low Risk,Low Priority
2851-STERV,2555.0,Medium Value,Low Risk,Low Priority
3736-BLEPA,2555.0,Medium Value,Low Risk,Low Priority
4971-PUYQO,2552.85,Medium Value,Low Risk,Low Priority
3209-ZPKFI,2549.75,Medium Value,Low Risk,Low Priority
5294-DMSFH,2546.2,Medium Value,Low Risk,Low Priority
4186-ZBUEW,2545.2000000000003,Medium Value,Low Risk,Low Priority
1730-ZMAME,2544.0,Medium Value,Low Risk,Low Priority
9029-FEGVJ,2537.6,Medium Value,Low Risk,Low Priority
0701-TJSEF,614.25,Low Value,Low Risk,Low Priority
7614-QVWQL,2538.2,Medium Value,Low Risk,Low Priority
0222-CNVPT,2537.6,Medium Value,Low Risk,Low Priority
1422-DGUBX,2536.0,Medium Value,Low Risk,Low Priority
2625-TRCZQ,2532.15,Medium Value,Low Risk,Low Priority
0215-BQKGS,2529.0,Medium Value,Low Risk,Low Priority
4445-KWOKW,2526.3,Medium Value,Low Risk,Low Priority
4826-DXMUP,2523.5,Medium Value,Low Risk,Low Priority
0019-GFNTW,2522.8,Medium Value,Low Risk,Low Priority
6252-DFGTK,2519.7,Medium Value,Low Risk,Low Priority
8182-BJDSI,2518.6,Medium Value,Low Risk,Low Priority
8751-EDEKA,2517.2000000000003,Medium Value,Low Risk,Low Priority
6341-JVQGF,2515.65,Medium Value,Low Risk,Low Priority
3038-PQIUY,2513.7000000000003,Medium Value,Low Risk,Low Priority
6599-CEBNN,2514.3,Medium Value,Low Risk,Low Priority
8625-AZYZY,2511.6000000000004,Medium Value,Low Risk,Low Priority
6128-DAFVY,2511.6,Medium Value,Low Risk,Low Priority
5060-TQUQN,2506.5,Medium Value,Low Risk,Low Priority
3393-FMZPV,2506.25,Medium Value,Low Risk,Low Priority
7253-UVNDW,2500.1,Medium Value,Low Risk,Low Priority
9674-EHPPG,1858.4,Medium Value,Low Risk,Low Priority
8313-NDOIA,2499.6000000000004,Medium Value,Low Risk,Low Priority
9207-ZPANB,2495.65,Medium Value,Low Risk,Low Priority
8819-IMISP,2493.9500000000003,Medium Value,Low Risk,Low Priority
4676-WLUHT,2494.8,Medium Value,Low Risk,Low Priority
8053-WWDRO,117.0,Low Value,Low Risk,Low Priority
9885-AIBVB,2488.2,Medium Value,Low Risk,Low Priority
4009-ALQFH,2487.5,Medium Value,Low Risk,Low Priority
5126-RCXYW,2484.0,Medium Value,Low Risk,Low Priority
0384-LPITE,2482.0,Medium Value,Low Risk,Low Priority
8929-KSWIH,2482.5,Medium Value,Low Risk,Low Priority
8727-XDPUD,1324.6,Medium Value,Low Risk,Low Priority
2162-FRZAA,2479.05,Medium Value,Low Risk,Low Priority
7269-JISCY,2477.75,Medium Value,Low Risk,Low Priority
6103-QCKFX,2475.0,Medium Value,Low Risk,Low Priority
3814-MLAXC,2475.35,Medium Value,Low Risk,Low Priority
7707-PYBBH,2476.0,Medium Value,Low Risk,Low Priority
1597-LHYNC,2470.0,Medium Value,Low Risk,Low Priority
2034-CGRHZ,2470.8,Medium Value,Low Risk,Low Priority
0983-TATYJ,1697.85,Medium Value,Low Risk,Low Priority
9591-YVTEB,2466.75,Medium Value,Low Risk,Low Priority
4115-UMJFQ,2466.75,Medium Value,Low Risk,Low Priority
1766-GKNMI,2462.1000000000004,Medium Value,Low Risk,Low Priority
4767-HZZHQ,2461.5,Medium Value,Low Risk,Low Priority
6302-JGYRJ,2462.9500000000003,Medium Value,Low Risk,Low Priority
4598-XLKNJ,2462.5,Medium Value,Low Risk,Low Priority
0076-LVEPS,1305.0,Medium Value,Low Risk,Low Priority
2884-GBPFB,2460.5,Medium Value,Low Risk,Low Priority
2486-WYVVE,2458.3,Medium Value,Low Risk,Low Priority
3410-YOQBQ,2455.2000000000003,Medium Value,Low Risk,Low Priority
3160-TYXLT,2453.9,Medium Value,Low Risk,Low Priority
8620-RJPZN,20.7,Low Value,Low Risk,Low Priority
4086-ATNFV,2067.2,Medium Value,Low Risk,Low Priority
2683-BPJSO,2449.05,Medium Value,Low Risk,Low Priority
8118-LSUEL,2447.2000000000003,Medium Value,Low Risk,Low Priority
5753-QQWPW,1677.2,Medium Value,Low Risk,Low Priority
5117-IFGPS,2444.7,Medium Value,Low Risk,Low Priority
7854-EKTJL,39.2,Low Value,Low Risk,Low Priority
5619-PTMIK,2442.6,Medium Value,Low Risk,Low Priority
9912-GVSEQ,2440.1,Medium Value,Low Risk,Low Priority
8672-OAUPW,2440.35,Medium Value,Low Risk,Low Priority
0017-DINOC,2440.8,Medium Value,Low Risk,Low Priority
5393-HJZSM,2441.6,Medium Value,Low Risk,Low Priority
6289-CPNLD,2438.7000000000003,Medium Value,Low Risk,Low Priority
5906-CVLHP,2436.75,Medium Value,Low Risk,Low Priority
7402-EYFXX,2433.6,Medium Value,Low Risk,Low Priority
1173-NOEYG,2434.05,Medium Value,Low Risk,Low Priority
4183-WCSEP,2431.9500000000003,Medium Value,Low Risk,Low Priority
8910-LEDAG,2432.7,Medium Value,Low Risk,Low Priority
4597-NUCQV,2430.0,Medium Value,Low Risk,Low Priority
7349-ALMUX,2427.2,Medium Value,Low Risk,Low Priority
2430-USGXP,2425.2,Medium Value,Low Risk,Low Priority
0942-KOWSM,2424.0,Medium Value,Low Risk,Low Priority
7721-JXEAW,2421.95,Medium Value,Low Risk,Low Priority
9473-CBZOP,1652.0,Medium Value,Low Risk,Low Priority
8221-HVAYI,2420.25,Medium Value,Low Risk,Low Priority
3522-CDKHF,2416.0,Medium Value,Low Risk,Low Priority
4385-ZKVNW,2415.6,Medium Value,Low Risk,Low Priority
4580-TMHJU,2414.45,Medium Value,Low Risk,Low Priority
9609-BENEA,2415.0,Medium Value,Low Risk,Low Priority
9364-YKUVW,297.0,Low Value,Low Risk,Low Priority
2692-PFYTJ,25.75,Low Value,Low Risk,Low Priority
2292-XQWSV,2412.0,Medium Value,Low Risk,Low Priority
4190-MFLUW,552.0,Low Value,Low Risk,Low Priority
1818-ESQMW,2408.4,Medium Value,Low Risk,Low Priority
5995-SNNEW,2402.35,Medium Value,Low Risk,Low Priority
2616-UUTFK,2400.75,Medium Value,Low Risk,Low Priority
3794-NFNCH,1500.0,Medium Value,Low Risk,Low Priority
7284-ZZLOH,2398.5,Medium Value,Low Risk,Low Priority
3521-SYVOR,2395.75,Medium Value,Low Risk,Low Priority
0265-EDXBD,2396.8,Medium Value,Low Risk,Low Priority
8046-DNVTL,2393.2000000000003,Medium Value,Low Risk,Low Priority
4391-RESHN,2393.15,Medium Value,Low Risk,Low Priority
7750-EYXWZ,727.8,Low Value,Low Risk,Low Priority
4226-KKDON,533.2,Low Value,Low Risk,Low Priority
5985-TBABQ,2392.0,Medium Value,Low Risk,Low Priority
0447-RXSGD,2391.6000000000004,Medium Value,Low Risk,Low Priority
7011-CVEUC,2392.5,Medium Value,Low Risk,Low Priority
8069-RHUXK,2391.9,Medium Value,Low Risk,Low Priority
1785-BPHTP,2392.6,Medium Value,Low Risk,Low Priority
6064-ZATLR,1426.95,Medium Value,Low Risk,Low Priority
6981-TDRFT,2389.2,Medium Value,Low Risk,Low Priority
4248-HCETZ,2389.5,Medium Value,Low Risk,Low Priority
6397-JNZZG,2388.65,Medium Value,Low Risk,Low Priority
0504-HHAPI,2384.1,Medium Value,Low Risk,Low Priority
9619-GSATL,2384.35,Medium Value,Low Risk,Low Priority
5480-TBGPH,2383.2,Medium Value,Low Risk,Low Priority
7029-IJEJK,2381.4,Medium Value,Low Risk,Low Priority
5081-NWSUP,649.0,Low Value,Low Risk,Low Priority
6641-XRPSU,2380.0,Medium Value,Low Risk,Low Priority
3003-CMDUU,2378.75,Medium Value,Low Risk,Low Priority
5583-EJXRD,2378.2,Medium Value,Low Risk,Low Priority
8080-POTJR,2379.0,Medium Value,Low Risk,Low Priority
6738-ISCBM,2376.0,Medium Value,Low Risk,Low Priority
0343-QLUZP,2376.0,Medium Value,Low Risk,Low Priority
8627-EHGIP,2373.8,Medium Value,Low Risk,Low Priority
0463-WZZKO,62.25,Low Value,Low Risk,Low Priority
7079-QRCBC,2370.0,Medium Value,Low Risk,Low Priority
7931-PXHFC,2367.4,Medium Value,Low Risk,Low Priority
0148-DCDOS,2367.5,Medium Value,Low Risk,Low Priority
9172-JITSM,2360.8,Medium Value,Low Risk,Low Priority
9330-DHBFL,1523.75,Medium Value,Low Risk,Low Priority
8486-AYEQH,2357.55,Medium Value,Low Risk,Low Priority
2498-XLDZR,2355.2,Medium Value,Low Risk,Low Priority
7995-ZHHNZ,2356.2000000000003,Medium Value,Low Risk,Low Priority
7541-YLXCL,2354.4,Medium Value,Low Risk,Low Priority
7594-LZNWR,2351.1000000000004,Medium Value,Low Risk,Low Priority
2969-WGHQO,486.15,Low Value,Low Risk,Low Priority
8745-PVESG,2342.7000000000003,Medium Value,Low Risk,Low Priority
0975-UYDTX,2342.6,Medium Value,Low Risk,Low Priority
2616-FLVQC,1251.2,Medium Value,Low Risk,Low Priority
4508-OEBEY,2340.5,Medium Value,Low Risk,Low Priority
0052-YNYOT,1376.85,Medium Value,Low Risk,Low Priority
5419-JKZNQ,2337.0,Medium Value,Low Risk,Low Priority
7338-ERIVA,1756.9499999999998,Medium Value,Low Risk,Low Priority
0141-YEAYS,2334.15,Medium Value,Low Risk,Low Priority
9526-JAWYF,2334.8,Medium Value,Low Risk,Low Priority
0115-TFERT,2335.2000000000003,Medium Value,Low Risk,Low Priority
8033-ATFAS,2334.15,Medium Value,Low Risk,Low Priority
6047-SUHPR,2332.2,Medium Value,Low Risk,Low Priority
6663-JOCQO,2332.75,Medium Value,Low Risk,Low Priority
9730-DRTMJ,2329.6,Medium Value,Low Risk,Low Priority
3347-YJZZE,2322.9,Medium Value,Low Risk,Low Priority
4818-DRBQT,2324.3500000000004,Medium Value,Low Risk,Low Priority
6726-WEXXK,2319.3,Medium Value,Low Risk,Low Priority
6005-OBZPH,2317.9,Medium Value,Low Risk,Low Priority
7826-VVKWT,2317.2,Medium Value,Low Risk,Low Priority
4328-VUFWD,2312.7,Medium Value,Low Risk,Low Priority
4819-HJPIW,452.7,Low Value,Low Risk,Low Priority
0311-UNPFF,2308.8,Medium Value,Low Risk,Low Priority
0074-HDKDG,1540.0,Medium Value,Low Risk,Low Priority
6365-MTGZX,2304.0,Medium Value,Low Risk,Low Priority
2446-ZKVAF,1022.4,Medium Value,Low Risk,Low Priority
8063-GBATB,2301.75,Medium Value,Low Risk,Low Priority
9746-YKGXB,2301.0,Medium Value,Low Risk,Low Priority
1708-PBBOA,2299.5,Medium Value,Low Risk,Low Priority
9871-ELEYA,2300.1000000000004,Medium Value,Low Risk,Low Priority
9445-ZUEQE,2300.4,Medium Value,Low Risk,Low Priority
3511-APPBJ,2298.85,Medium Value,Low Risk,Low Priority
0320-JDNQG,2296.55,Medium Value,Low Risk,Low Priority
1094-BKOSX,2295.0,Medium Value,Low Risk,Low Priority
5382-TEMLV,2290.5,Medium Value,Low Risk,Low Priority
2959-EEXWB,2290.5,Medium Value,Low Risk,Low Priority
2091-RFFBA,2290.9,Medium Value,Low Risk,Low Priority
9774-NRNAU,2289.6,Medium Value,Low Risk,Low Priority
6752-APNJL,2289.0,Medium Value,Low Risk,Low Priority
6311-UEUME,2288.1000000000004,Medium Value,Low Risk,Low Priority
1898-JSNDC,2285.4,Medium Value,Low Risk,Low Priority
3934-HXCFZ,2282.75,Medium Value,Low Risk,Low Priority
8106-GWQOK,2280.0,Medium Value,Low Risk,Low Priority
6360-SVNWV,2280.05,Medium Value,Low Risk,Low Priority
1015-OWJKI,19.05,Low Value,Low Risk,Low Priority
5338-YHWYT,2273.65,Medium Value,Low Risk,Low Priority
4160-AMJTL,157.2,Low Value,Low Risk,Low Priority
9256-JTBNZ,223.3,Low Value,Low Risk,Low Priority
9163-GHAYE,732.75,Low Value,Low Risk,Low Priority
4500-HKANN,1373.1,Medium Value,Low Risk,Low Priority
9058-MJLZC,2270.4,Medium Value,Low Risk,Low Priority
9133-AYJZG,2270.1,Medium Value,Low Risk,Low Priority
4139-JPIAM,2266.9500000000003,Medium Value,Low Risk,Low Priority
6156-UZDLF,2265.9,Medium Value,Low Risk,Low Priority
8017-UVSZU,2264.0,Medium Value,Low Risk,Low Priority
0822-QGCXA,2263.95,Medium Value,Low Risk,Low Priority
7605-SNLQG,2261.25,Medium Value,Low Risk,Low Priority
9360-OMDZZ,2258.4,Medium Value,Low Risk,Low Priority
4607-CHPCA,2260.0,Medium Value,Low Risk,Low Priority
3956-MGXOG,2256.8,Medium Value,Low Risk,Low Priority
6478-HRRCZ,2256.0,Medium Value,Low Risk,Low Priority
8404-FYDIB,2252.9,Medium Value,Low Risk,Low Priority
7112-OPOTK,2252.25,Medium Value,Low Risk,Low Priority
5324-KTGCG,1480.35,Medium Value,Low Risk,Low Priority
9518-IMLHK,2245.9500000000003,Medium Value,Low Risk,Low Priority
9189-JWSHV,2245.2,Medium Value,Low Risk,Low Priority
0191-ZHSKZ,2242.5,Medium Value,Low Risk,Low Priority
8922-LIEGH,2242.5,Medium Value,Low Risk,Low Priority
9702-AIUJO,2240.0,Medium Value,Low Risk,Low Priority
4628-CTTLA,2240.1,Medium Value,Low Risk,Low Priority
2840-XANRC,2235.6000000000004,Medium Value,Low Risk,Low Priority
5201-USSQZ,2233.4,Medium Value,Low Risk,Low Priority
4883-QICIH,2232.0,Medium Value,Low Risk,Low Priority
2460-FPSYH,2232.0,Medium Value,Low Risk,Low Priority
2371-JQHZZ,2232.0,Medium Value,Low Risk,Low Priority
7157-SMCFK,1204.75,Medium Value,Low Risk,Low Priority
1371-WEPDS,2232.0,Medium Value,Low Risk,Low Priority
0118-JPNOY,2230.8,Medium Value,Low Risk,Low Priority
3323-CPBWR,2228.7000000000003,Medium Value,Low Risk,Low Priority
8429-XIBUM,2229.7,Medium Value,Low Risk,Low Priority
1309-BXVOQ,2228.1,Medium Value,Low Risk,Low Priority
2685-SREOM,2227.5,Medium Value,Low Risk,Low Priority
0869-PAPRP,2228.2000000000003,Medium Value,Low Risk,Low Priority
7244-QWYHG,2222.5,Medium Value,Low Risk,Low Priority
6595-YGXIT,2223.75,Medium Value,Low Risk,Low Priority
7017-VFULY,40.2,Low Value,Low Risk,Low Priority
5590-BYNII,2216.5,Medium Value,Low Risk,Low Priority
8570-KLJYJ,1960.2,Medium Value,Low Risk,Low Priority
7392-YYPYJ,2214.3,Medium Value,Low Risk,Low Priority
3709-OIJEA,2215.2000000000003,Medium Value,Low Risk,Low Priority
0708-SJDIS,2210.0,Medium Value,Low Risk,Low Priority
2657-ALMWY,2208.7000000000003,Medium Value,Low Risk,Low Priority
9513-DXHDA,2205.9,Medium Value,Low Risk,Low Priority
6682-VCIXC,2203.75,Medium Value,Low Risk,Low Priority
2476-YGEFM,2204.0,Medium Value,Low Risk,Low Priority
0818-OCPZO,2199.15,Medium Value,Low Risk,Low Priority
5022-KVDQT,2195.1,Medium Value,Low Risk,Low Priority
5149-TGWDZ,2195.55,Medium Value,Low Risk,Low Priority
0654-HMSHN,2192.4,Medium Value,Low Risk,Low Priority
4423-YLHDV,2192.4,Medium Value,Low Risk,Low Priority
4115-BNPJY,2190.95,Medium Value,Low Risk,Low Priority
9793-WECQC,2191.9,Medium Value,Low Risk,Low Priority
5956-YHHRX,2191.35,Medium Value,Low Risk,Low Priority
5203-XEHAX,2187.9,Medium Value,Low Risk,Low Priority
8409-WQJUX,1355.0,Medium Value,Low Risk,Low Priority
6242-MBHPK,2187.3,Medium Value,Low Risk,Low Priority
4730-AWNAU,2185.2000000000003,Medium Value,Low Risk,Low Priority
3014-WJKSM,2183.7,Medium Value,Low Risk,Low Priority
5832-TRLPB,2185.15,Medium Value,Low Risk,Low Priority
5519-YLDGW,2181.9,Medium Value,Low Risk,Low Priority
3223-WZWJM,2182.7000000000003,Medium Value,Low Risk,Low Priority
7336-RLLRH,2182.95,Medium Value,Low Risk,Low Priority
9411-TPQQV,2182.0,Medium Value,Low Risk,Low Priority
8017-LXHFA,2179.25,Medium Value,Low Risk,Low Priority
2911-UREFD,2180.1,Medium Value,Low Risk,Low Priority
8436-BJUMM,2177.5,Medium Value,Low Risk,Low Priority
4808-YNLEU,2175.25,Medium Value,Low Risk,Low Priority
5233-AOZUF,2173.55,Medium Value,Low Risk,Low Priority
2027-DNKIV,2173.75,Medium Value,Low Risk,Low Priority
5062-CJJKH,1341.25,Medium Value,Low Risk,Low Priority
7979-CORPM,2173.2,Medium Value,Low Risk,Low Priority
8980-WQFWL,2173.5,Medium Value,Low Risk,Low Priority
4510-PYUSH,2171.7,Medium Value,Low Risk,Low Priority
0234-TEVTT,2160.0,Medium Value,Low Risk,Low Priority
6281-FKEWS,2158.2,Medium Value,Low Risk,Low Priority
1247-QBVSH,2158.6,Medium Value,Low Risk,Low Priority
8565-CLBZW,2156.4,Medium Value,Low Risk,Low Priority
3002-WQZWT,2151.8,Medium Value,Low Risk,Low Priority
6598-KELSS,2152.5,Medium Value,Low Risk,Low Priority
6137-MFAJN,2150.4,Medium Value,Low Risk,Low Priority
1307-ATKGB,2149.2,Medium Value,Low Risk,Low Priority
5666-CYCYZ,2149.2,Medium Value,Low Risk,Low Priority
5522-NYKPB,2147.5,Medium Value,Low Risk,Low Priority
2640-PMGFL,2146.5,Medium Value,Low Risk,Low Priority
1125-SNVCK,2146.2,Medium Value,Low Risk,Low Priority
2305-MRGLV,2143.4,Medium Value,Low Risk,Low Priority
6119-SPUDB,1759.5,Medium Value,Low Risk,Low Priority
3090-QFUVD,20.3,Low Value,Low Risk,Low Priority
3727-OWVYD,2142.0,Medium Value,Low Risk,Low Priority
7030-NJVDP,2142.0,Medium Value,Low Risk,Low Priority
4716-HHKQH,2141.0,Medium Value,Low Risk,Low Priority
2724-FJDYW,2139.15,Medium Value,Low Risk,Low Priority
8221-EQDGL,2135.0,Medium Value,Low Risk,Low Priority
9259-PACGQ,2130.1,Medium Value,Low Risk,Low Priority
4223-BKEOR,1361.85,Medium Value,Low Risk,Low Priority
9470-RTWDV,2132.0,Medium Value,Low Risk,Low Priority
2208-NQBCT,2130.7000000000003,Medium Value,Low Risk,Low Priority
8731-WBBMB,2129.4,Medium Value,Low Risk,Low Priority
9809-IMGCQ,2127.4,Medium Value,Low Risk,Low Priority
4822-YCXMX,2120.0,Medium Value,Low Risk,Low Priority
2249-YPRNG,2117.0,Medium Value,Low Risk,Low Priority
5537-UXXVS,385.0,Low Value,Low Risk,Low Priority
3196-NVXLZ,2115.0,Medium Value,Low Risk,Low Priority
0068-FIGTF,2111.4,Medium Value,Low Risk,Low Priority
2364-UFROM,2112.0,Medium Value,Low Risk,Low Priority
2027-OAQQC,2109.15,Medium Value,Low Risk,Low Priority
1137-DGOWI,2107.5,Medium Value,Low Risk,Low Priority
6103-BOCOU,2098.2000000000003,Medium Value,Low Risk,Low Priority
0618-XWMSS,2097.2000000000003,Medium Value,Low Risk,Low Priority
5982-PSMKW,2095.3,Medium Value,Low Risk,Low Priority
5998-VVEJY,2093.0,Medium Value,Low Risk,Low Priority
4391-LNRXK,2088.9,Medium Value,Low Risk,Low Priority
6131-FOYAS,2086.0,Medium Value,Low Risk,Low Priority
3647-GMGDH,2083.4,Medium Value,Low Risk,Low Priority
0997-YTLNY,927.2,Low Value,Low Risk,Low Priority
4124-MMETB,2082.3,Medium Value,Low Risk,Low Priority
0020-JDNXP,2082.5,Medium Value,Low Risk,Low Priority
3570-YUEKJ,2081.1,Medium Value,Low Risk,Low Priority
4504-YOULA,2080.75,Medium Value,Low Risk,Low Priority
3450-WXOAT,2079.2000000000003,Medium Value,Low Risk,Low Priority
0980-FEXWF,1309.1,Medium Value,Low Risk,Low Priority
4132-POCZS,2074.8,Medium Value,Low Risk,Low Priority
9921-QFQUL,2073.4500000000003,Medium Value,Low Risk,Low Priority
3280-MRDOF,2073.0,Medium Value,Low Risk,Low Priority
0634-SZPQA,2071.15,Medium Value,Low Risk,Low Priority
9555-SAHUZ,2071.0,Medium Value,Low Risk,Low Priority
5709-LVOEQ,80.85,Low Value,Low Risk,Low Priority
2322-VCZHZ,2070.0,Medium Value,Low Risk,Low Priority
2925-MXLSX,2068.5,Medium Value,Low Risk,Low Priority
2202-OUTMO,2068.9,Medium Value,Low Risk,Low Priority
0842-IWYCP,2067.7000000000003,Medium Value,Low Risk,Low Priority
6985-HAYWX,2061.8,Medium Value,Low Risk,Low Priority
2065-MMKGR,2059.0,Medium Value,Low Risk,Low Priority
7036-ZZKBD,2058.4,Medium Value,Low Risk,Low Priority
4903-CNOZC,2056.1000000000004,Medium Value,Low Risk,Low Priority
9309-BZGNT,2056.2000000000003,Medium Value,Low Risk,Low Priority
2523-EWWZL,2054.7,Medium Value,Low Risk,Low Priority
9581-GVBXT,2053.2,Medium Value,Low Risk,Low Priority
9722-UJOJR,2051.75,Medium Value,Low Risk,Low Priority
2683-JXWQQ,2049.6,Medium Value,Low Risk,Low Priority
9355-NPPFS,2048.8,Medium Value,Low Risk,Low Priority
5482-VXSXJ,2050.4,Medium Value,Low Risk,Low Priority
0064-YIJGF,2045.25,Medium Value,Low Risk,Low Priority
0816-TSPHQ,41.5,Low Value,Low Risk,Low Priority
7969-AULMZ,2044.35,Medium Value,Low Risk,Low Priority
3737-XBQDD,2036.4,Medium Value,Low Risk,Low Priority
5151-HQRDG,2036.85,Medium Value,Low Risk,Low Priority
0980-PVMRC,2034.0,Medium Value,Low Risk,Low Priority
6840-RESVB,2035.2,Medium Value,Low Risk,Low Priority
2811-POVEX,2034.35,Medium Value,Low Risk,Low Priority
7963-SHNDT,2033.2,Medium Value,Low Risk,Low Priority
9122-UMROB,20.3,Low Value,Low Risk,Low Priority
9961-JBNMK,2032.8,Medium Value,Low Risk,Low Priority
0257-ZESQC,2030.4,Medium Value,Low Risk,Low Priority
1810-MVMAI,2028.0,Medium Value,Low Risk,Low Priority
7825-ECJRF,2025.4,Medium Value,Low Risk,Low Priority
5656-MJEFC,2022.3,Medium Value,Low Risk,Low Priority
9281-PKKZE,2021.7,Medium Value,Low Risk,Low Priority
6481-LXPWL,2021.6,Medium Value,Low Risk,Low Priority
8241-JUIQO,1186.45,Medium Value,Low Risk,Low Priority
6603-YRDCJ,2014.65,Medium Value,Low Risk,Low Priority
5170-PTRKA,1754.1999999999998,Medium Value,Low Risk,Low Priority
0187-WZNAB,2008.8,Medium Value,Low Risk,Low Priority
5478-JJVZK,2009.7,Medium Value,Low Risk,Low Priority
5777-KJIRB,2010.0,Medium Value,Low Risk,Low Priority
3506-OVLKD,917.0,Low Value,Low Risk,Low Priority
3391-JSQEW,2006.0,Medium Value,Low Risk,Low Priority
4213-HKBJO,848.1,Low Value,Low Risk,Low Priority
5766-XQXMQ,1996.65,Medium Value,Low Risk,Low Priority
7133-VBDCG,1996.25,Medium Value,Low Risk,Low Priority
2504-DSHIH,1996.4,Medium Value,Low Risk,Low Priority
2294-SALNE,1996.4,Medium Value,Low Risk,Low Priority
5593-SUAOO,1995.6,Medium Value,Low Risk,Low Priority
1452-XRSJV,1990.95,Medium Value,Low Risk,Low Priority
9853-JFZDU,1989.75,Medium Value,Low Risk,Low Priority
3933-DQPWX,1985.0,Medium Value,Low Risk,Low Priority
4003-OCTMP,1984.0,Medium Value,Low Risk,Low Priority
6096-EGVTU,1593.6,Medium Value,Low Risk,Low Priority
9919-KNPOO,1980.3,Medium Value,Low Risk,Low Priority
4094-NSEDU,1979.25,Medium Value,Low Risk,Low Priority
5057-LCOUI,1979.25,Medium Value,Low Risk,Low Priority
7270-BDIOA,1980.0,Medium Value,Low Risk,Low Priority
4747-LCAQL,1975.0,Medium Value,Low Risk,Low Priority
1754-GKYPY,1974.5,Medium Value,Low Risk,Low Priority
4450-YOOHP,1975.35,Medium Value,Low Risk,Low Priority
9074-KGVOX,1972.5,Medium Value,Low Risk,Low Priority
0463-TXOAK,1331.2,Medium Value,Low Risk,Low Priority
6683-VLCTZ,1971.0,Medium Value,Low Risk,Low Priority
0369-ZGOVK,1971.2000000000005,Medium Value,Low Risk,Low Priority
3211-AAPKX,1971.0,Medium Value,Low Risk,Low Priority
7892-QVYKW,1968.8,Medium Value,Low Risk,Low Priority
4837-PZTIC,1969.3,Medium Value,Low Risk,Low Priority
4521-WFJAI,1453.2,Medium Value,Low Risk,Low Priority
4664-NJCMS,1965.15,Medium Value,Low Risk,Low Priority
5449-FIBXJ,1962.7,Medium Value,Low Risk,Low Priority
0121-SNYRK,1770.0,Medium Value,Low Risk,Low Priority
2045-BMBTJ,1961.85,Medium Value,Low Risk,Low Priority
8383-SGHJU,1960.2,Medium Value,Low Risk,Low Priority
0584-BJQGZ,1958.75,Medium Value,Low Risk,Low Priority
2038-YSEZE,1956.05,Medium Value,Low Risk,Low Priority
3943-KDREE,1948.7,Medium Value,Low Risk,Low Priority
3340-QBBFM,1947.6,Medium Value,Low Risk,Low Priority
6693-DJWTY,1946.0,Medium Value,Low Risk,Low Priority
4999-IEZLT,1943.7,Medium Value,Low Risk,Low Priority
4835-YSJMR,1942.2,Medium Value,Low Risk,Low Priority
4277-UDIEF,1944.0,Medium Value,Low Risk,Low Priority
7299-GNVPL,1941.2,Medium Value,Low Risk,Low Priority
9909-IDLEK,1936.0,Medium Value,Low Risk,Low Priority
5575-GNVDE,1936.3,Medium Value,Low Risk,Low Priority
8845-LWKGE,1935.0,Medium Value,Low Risk,Low Priority
0096-FCPUF,1935.0,Medium Value,Low Risk,Low Priority
6440-DKQGE,1935.0,Medium Value,Low Risk,Low Priority
3057-VJJQE,1933.75,Medium Value,Low Risk,Low Priority
2188-SXWVT,1870.0,Medium Value,Low Risk,Low Priority
2703-AMTUL,1931.4,Medium Value,Low Risk,Low Priority
1352-VHKAJ,1933.2,Medium Value,Low Risk,Low Priority
5844-QVTAT,1928.85,Medium Value,Low Risk,Low Priority
0461-CVKMU,1927.4,Medium Value,Low Risk,Low Priority
2359-KMGLI,1926.0,Medium Value,Low Risk,Low Priority
0027-KWYKW,1926.25,Medium Value,Low Risk,Low Priority
9863-JZAIC,1925.0,Medium Value,Low Risk,Low Priority
7989-AWGEH,1920.8,Medium Value,Low Risk,Low Priority
6776-TLWOI,59.55,Low Value,Low Risk,Low Priority
7567-ECMCM,1916.4,Medium Value,Low Risk,Low Priority
7410-KTVFV,891.9,Low Value,Low Risk,Low Priority
0537-QYZZN,1916.4,Medium Value,Low Risk,Low Priority
3301-LSLWQ,1916.9,Medium Value,Low Risk,Low Priority
1085-LDWAM,1404.15,Medium Value,Low Risk,Low Priority
0428-IKYCP,1914.0,Medium Value,Low Risk,Low Priority
6633-SYEUS,1913.6,Medium Value,Low Risk,Low Priority
9522-BNTHX,1912.5,Medium Value,Low Risk,Low Priority
4922-CVPDX,1911.0,Medium Value,Low Risk,Low Priority
0564-MUUQK,1910.0,Medium Value,Low Risk,Low Priority
2773-MADBQ,1911.6,Medium Value,Low Risk,Low Priority
7096-ZNBZI,1904.4,Medium Value,Low Risk,Low Priority
7795-CFOCW,1903.5,Medium Value,Low Risk,Low Priority
7175-NTIXE,1903.75,Medium Value,Low Risk,Low Priority
9365-SRSZE,1904.85,Medium Value,Low Risk,Low Priority
6849-OYAMU,1900.0,Medium Value,Low Risk,Low Priority
5883-GTGVD,1899.05,Medium Value,Low Risk,Low Priority
9986-BONCE,83.8,Low Value,Low Risk,Low Priority
9388-ZEYVT,1898.45,Medium Value,Low Risk,Low Priority
3941-XTSKM,1894.2,Medium Value,Low Risk,Low Priority
1626-ERCMM,1891.0,Medium Value,Low Risk,Low Priority
4183-MYFRB,1891.05,Medium Value,Low Risk,Low Priority
1116-FRYVH,1891.2,Medium Value,Low Risk,Low Priority
2956-GGUCQ,1892.4,Medium Value,Low Risk,Low Priority
4625-XMOYM,1890.0,Medium Value,Low Risk,Low Priority
6427-FEFIG,1886.4,Medium Value,Low Risk,Low Priority
1216-JWVUX,1887.5,Medium Value,Low Risk,Low Priority
6617-WLBQC,1882.55,Medium Value,Low Risk,Low Priority
0810-BDHAW,1881.6,Medium Value,Low Risk,Low Priority
5609-CEBID,1882.0,Medium Value,Low Risk,Low Priority
9838-BFCQT,1879.2,Medium Value,Low Risk,Low Priority
1845-CSBRZ,1877.7,Medium Value,Low Risk,Low Priority
9992-RRAMN,1872.2,Medium Value,Low Risk,Low Priority
6917-FIJHC,1872.0,Medium Value,Low Risk,Low Priority
1544-JJMYL,1872.45,Medium Value,Low Risk,Low Priority
9430-NKQLY,1807.2,Medium Value,Low Risk,Low Priority
5334-AFQJB,1807.2,Medium Value,Low Risk,Low Priority
7054-ENNGU,457.65,Low Value,Low Risk,Low Priority
3088-FVYWK,1354.15,Medium Value,Low Risk,Low Priority
2483-XSSMZ,1866.15,Medium Value,Low Risk,Low Priority
7978-DKUQH,1865.0,Medium Value,Low Risk,Low Priority
7703-ZEKEF,1863.0,Medium Value,Low Risk,Low Priority
8725-JEDFD,1864.35,Medium Value,Low Risk,Low Priority
9129-UXERG,1864.8,Medium Value,Low Risk,Low Priority
5934-RMPOV,1864.5,Medium Value,Low Risk,Low Priority
6810-VCAEX,1863.55,Medium Value,Low Risk,Low Priority
4707-MAXGU,1861.2,Medium Value,Low Risk,Low Priority
8318-LCNBW,1860.25,Medium Value,Low Risk,Low Priority
5201-FRKKS,1857.5,Medium Value,Low Risk,Low Priority
6933-VLYFX,1858.45,Medium Value,Low Risk,Low Priority
4404-HIBDJ,1857.5,Medium Value,Low Risk,Low Priority
5572-ZDXHY,1854.6,Medium Value,Low Risk,Low Priority
2887-JPYLU,1853.2,Medium Value,Low Risk,Low Priority
2509-TFPJU,1854.0,Medium Value,Low Risk,Low Priority
2452-MRMZF,1850.4,Medium Value,Low Risk,Low Priority
8734-FNWVH,1850.7,Medium Value,Low Risk,Low Priority
0377-JBKKT,1274.9,Medium Value,Low Risk,Low Priority
1767-CJKBA,1656.6,Medium Value,Low Risk,Low Priority
4231-LZUYM,1846.8,Medium Value,Low Risk,Low Priority
7816-VGHTO,243.3,Low Value,Low Risk,Low Priority
2961-VNFKL,1842.45,Medium Value,Low Risk,Low Priority
6285-FTQBF,1839.6,Medium Value,Low Risk,Low Priority
0480-BIXDE,1839.2,Medium Value,Low Risk,Low Priority
0788-DXBFY,1133.9,Medium Value,Low Risk,Low Priority
4072-IPYLT,1837.8,Medium Value,Low Risk,Low Priority
5598-IKHQQ,1832.4,Medium Value,Low Risk,Low Priority
0373-AIVNJ,355.95,Low Value,Low Risk,Low Priority
0578-SKVMF,1832.6,Medium Value,Low Risk,Low Priority
0795-XCCTE,1828.8,Medium Value,Low Risk,Low Priority
4312-KFRXN,1828.8,Medium Value,Low Risk,Low Priority
7869-ZYDST,1830.55,Medium Value,Low Risk,Low Priority
8774-GSBUN,1828.8,Medium Value,Low Risk,Low Priority
0921-OHLVP,1827.1,Medium Value,Low Risk,Low Priority
2070-XYMFH,1825.05,Medium Value,Low Risk,Low Priority
9067-YGSCA,1823.5,Medium Value,Low Risk,Low Priority
6693-FRIRW,1823.4,Medium Value,Low Risk,Low Priority
4816-LXZYW,1820.45,Medium Value,Low Risk,Low Priority
9190-MFJLN,1822.1,Medium Value,Low Risk,Low Priority
9867-XOBQA,1116.15,Medium Value,Low Risk,Low Priority
8207-VVMYB,1820.0,Medium Value,Low Risk,Low Priority
1926-QUZNN,1818.0,Medium Value,Low Risk,Low Priority
5701-GUXDC,920.4,Low Value,Low Risk,Low Priority
6288-LBEAR,1819.3,Medium Value,Low Risk,Low Priority
7658-UYUQS,1817.55,Medium Value,Low Risk,Low Priority
2169-RRLFW,1817.6,Medium Value,Low Risk,Low Priority
1891-UAWWU,1816.0,Medium Value,Low Risk,Low Priority
9066-QRSDU,1814.7,Medium Value,Low Risk,Low Priority
6024-RUGGH,1814.4,Medium Value,Low Risk,Low Priority
5743-KHMNA,1814.05,Medium Value,Low Risk,Low Priority
6976-BWGLQ,1814.4,Medium Value,Low Risk,Low Priority
3771-PZOBW,1814.0,Medium Value,Low Risk,Low Priority
6591-QGOYB,1813.05,Medium Value,Low Risk,Low Priority
8155-IBNHG,1809.6,Medium Value,Low Risk,Low Priority
4659-NZRUF,1807.85,Medium Value,Low Risk,Low Priority
1635-NZATJ,1806.95,Medium Value,Low Risk,Low Priority
0771-WLCLA,1807.2,Medium Value,Low Risk,Low Priority
3261-CQXOL,1806.95,Medium Value,Low Risk,Low Priority
7673-LPRNY,1806.65,Medium Value,Low Risk,Low Priority
8663-UPDGF,1807.0,Medium Value,Low Risk,Low Priority
5884-FBCTL,1807.2,Medium Value,Low Risk,Low Priority
9342-VNIMQ,1803.45,Medium Value,Low Risk,Low Priority
7361-YPXFS,1804.6,Medium Value,Low Risk,Low Priority
1104-FEJAM,1803.2000000000005,Medium Value,Low Risk,Low Priority
3452-GWUIN,1804.05,Medium Value,Low Risk,Low Priority
2519-ERQOJ,1801.8,Medium Value,Low Risk,Low Priority
0174-QRVVY,1799.85,Medium Value,Low Risk,Low Priority
5605-XNWEN,1800.0,Medium Value,Low Risk,Low Priority
8224-KDLKN,1800.0,Medium Value,Low Risk,Low Priority
4836-WNFNO,1800.0,Medium Value,Low Risk,Low Priority
4824-GUCBY,1797.4,Medium Value,Low Risk,Low Priority
8784-CGILN,1797.3,Medium Value,Low Risk,Low Priority
7240-FQLHE,1795.5,Medium Value,Low Risk,Low Priority
1820-DJFPH,1731.6,Medium Value,Low Risk,Low Priority
6778-EICRF,1795.1999999999998,Medium Value,Low Risk,Low Priority
1025-FALIX,1795.3,Medium Value,Low Risk,Low Priority
7480-SPLEF,1794.0,Medium Value,Low Risk,Low Priority
7980-MHFLQ,1792.8,Medium Value,Low Risk,Low Priority
7780-OTDSO,1789.2,Medium Value,Low Risk,Low Priority
8237-ULIXL,1789.2,Medium Value,Low Risk,Low Priority
6827-IEAUQ,1786.0500000000002,Medium Value,Low Risk,Low Priority
0829-XXPLX,1788.0,Medium Value,Low Risk,Low Priority
0496-AHOOK,1785.6,Medium Value,Low Risk,Low Priority
8749-TZYEC,1785.6,Medium Value,Low Risk,Low Priority
5626-MGTUK,1782.0,Medium Value,Low Risk,Low Priority
8092-NLTGF,1782.0,Medium Value,Low Risk,Low Priority
6181-AXXYF,1782.0,Medium Value,Low Risk,Low Priority
4193-IBKSW,1782.0,Medium Value,Low Risk,Low Priority
3354-OADJP,434.0,Low Value,Low Risk,Low Priority
0611-DFXKO,1780.0,Medium Value,Low Risk,Low Priority
5854-KSRBJ,1778.0,Medium Value,Low Risk,Low Priority
1987-AUELQ,1778.55,Medium Value,Low Risk,Low Priority
7167-PCEYD,1326.6,Medium Value,Low Risk,Low Priority
8851-RAGOV,1776.25,Medium Value,Low Risk,Low Priority
3082-YVEKW,1774.45,Medium Value,Low Risk,Low Priority
2115-BFTIW,1773.75,Medium Value,Low Risk,Low Priority
9153-BTBVV,1775.0,Medium Value,Low Risk,Low Priority
5366-IJEQJ,1774.0,Medium Value,Low Risk,Low Priority
7841-FCRQD,1773.75,Medium Value,Low Risk,Low Priority
3810-PJUHR,1774.5,Medium Value,Low Risk,Low Priority
7115-IRDHS,1774.8,Medium Value,Low Risk,Low Priority
9874-QLCLH,1771.4,Medium Value,Low Risk,Low Priority
5296-PSYVW,1767.6,Medium Value,Low Risk,Low Priority
2696-RZVZW,1703.4,Medium Value,Low Risk,Low Priority
5115-SQAAU,1766.4,Medium Value,Low Risk,Low Priority
3836-FZSDJ,1764.35,Medium Value,Low Risk,Low Priority
6010-DDPPW,1760.5,Medium Value,Low Risk,Low Priority
0394-YONDK,1760.5,Medium Value,Low Risk,Low Priority
6651-RLGGM,1762.1,Medium Value,Low Risk,Low Priority
0402-OAMEN,1760.4,Medium Value,Low Risk,Low Priority
8212-CRQXP,1760.0,Medium Value,Low Risk,Low Priority
4443-EMBNA,1757.25,Medium Value,Low Risk,Low Priority
4422-QVIJA,1755.25,Medium Value,Low Risk,Low Priority
3118-UHVVQ,1754.4,Medium Value,Low Risk,Low Priority
7711-GQBZC,1753.7,Medium Value,Low Risk,Low Priority
7684-XSZIY,1749.6,Medium Value,Low Risk,Low Priority
8735-SDUFN,1749.6,Medium Value,Low Risk,Low Priority
4565-NLZBV,1750.15,Medium Value,Low Risk,Low Priority
5699-BNCAS,1750.15,Medium Value,Low Risk,Low Priority
7225-IILWY,1751.0,Medium Value,Low Risk,Low Priority
6035-BXTTY,1748.8,Medium Value,Low Risk,Low Priority
1240-HCBOH,1748.7,Medium Value,Low Risk,Low Priority
6298-QDFNH,1745.6999999999998,Medium Value,Low Risk,Low Priority
5832-EXGTT,1745.8000000000002,Medium Value,Low Risk,Low Priority
0480-KYJVA,1746.0,Medium Value,Low Risk,Low Priority
7340-KEFQE,1744.2,Medium Value,Low Risk,Low Priority
0365-BZUWY,1743.35,Medium Value,Low Risk,Low Priority
2189-UXTKY,1742.4,Medium Value,Low Risk,Low Priority
4121-AGSIN,1421.0,Medium Value,Low Risk,Low Priority
5406-KGRMX,1743.05,Medium Value,Low Risk,Low Priority
9839-ETQOE,1739.35,Medium Value,Low Risk,Low Priority
9668-PUGNU,1739.5,Medium Value,Low Risk,Low Priority
0626-QXNGV,1738.8,Medium Value,Low Risk,Low Priority
6575-SUVOI,1737.5,Medium Value,Low Risk,Low Priority
7010-BRBUU,1735.2,Medium Value,Low Risk,Low Priority
5846-ABOBJ,1735.95,Medium Value,Low Risk,Low Priority
3612-YVGSJ,1735.95,Medium Value,Low Risk,Low Priority
5175-WLYXL,1734.6999999999998,Medium Value,Low Risk,Low Priority
3580-GICBM,1476.2,Medium Value,Low Risk,Low Priority
5423-BHIXO,1734.4,Medium Value,Low Risk,Low Priority
7924-GJZFI,1732.5,Medium Value,Low Risk,Low Priority
3956-CJUST,1734.2,Medium Value,Low Risk,Low Priority
3696-DFHHB,1734.0,Medium Value,Low Risk,Low Priority
9964-WBQDJ,1732.4,Medium Value,Low Risk,Low Priority
3629-ZNKXA,1730.6,Medium Value,Low Risk,Low Priority
3967-VQOGC,1668.3,Medium Value,Low Risk,Low Priority
9365-CSLBQ,1728.85,Medium Value,Low Risk,Low Priority
7163-OCEQI,1730.3000000000002,Medium Value,Low Risk,Low Priority
1299-AURJA,1729.0,Medium Value,Low Risk,Low Priority
3744-ZRRDZ,1729.35,Medium Value,Low Risk,Low Priority
9574-BOSMD,1727.1999999999998,Medium Value,Low Risk,Low Priority
7850-VWJUU,1725.0,Medium Value,Low Risk,Low Priority
3251-YMVWZ,1274.65,Medium Value,Low Risk,Low Priority
4950-BDEUX,1722.0,Medium Value,Low Risk,Low Priority
5982-XMDEX,1722.5,Medium Value,Low Risk,Low Priority
7014-ZZXAW,1721.75,Medium Value,Low Risk,Low Priority
3148-AOIQT,1721.55,Medium Value,Low Risk,Low Priority
4325-NFSKC,1721.4,Medium Value,Low Risk,Low Priority
1658-BYGOY,1718.1,Medium Value,Low Risk,Low Priority
2072-ZVJJX,1717.0,Medium Value,Low Risk,Low Priority
2834-JKOOW,688.5,Low Value,Low Risk,Low Priority
8441-SHIPE,1715.2,Medium Value,Low Risk,Low Priority
3873-WOSBC,1715.2,Medium Value,Low Risk,Low Priority
2823-LKABH,1710.9,Medium Value,Low Risk,Low Priority
8165-ZJRNM,1710.0,Medium Value,Low Risk,Low Priority
4134-BSXLX,1705.2,Medium Value,Low Risk,Low Priority
6331-EWIEB,1705.0,Medium Value,Low Risk,Low Priority
3096-GKWEB,1705.5,Medium Value,Low Risk,Low Priority
5922-ABDVO,1703.35,Medium Value,Low Risk,Low Priority
8680-CGLTP,1703.75,Medium Value,Low Risk,Low Priority
5955-ERIHD,1704.6,Medium Value,Low Risk,Low Priority
3694-GLTJM,98.25,Low Value,Low Risk,Low Priority
1131-QQZEB,1700.45,Medium Value,Low Risk,Low Priority
8200-KLNYW,1698.9,Medium Value,Low Risk,Low Priority
9397-TZSHA,1697.4,Medium Value,Low Risk,Low Priority
1555-HAPSU,1696.9,Medium Value,Low Risk,Low Priority
3727-OVPRY,1696.2,Medium Value,Low Risk,Low Priority
0562-HKHML,1696.9,Medium Value,Low Risk,Low Priority
2186-QZEYA,1697.9499999999998,Medium Value,Low Risk,Low Priority
1619-YWUBB,1696.6,Medium Value,Low Risk,Low Priority
4589-IUAJB,1697.5,Medium Value,Low Risk,Low Priority
6668-CNMFP,1697.65,Medium Value,Low Risk,Low Priority
5666-MBJPT,1631.5,Medium Value,Low Risk,Low Priority
8035-BUYVG,1694.0,Medium Value,Low Risk,Low Priority
6734-PSBAW,1695.6,Medium Value,Low Risk,Low Priority
8148-BPLZQ,1693.1999999999998,Medium Value,Low Risk,Low Priority
7161-DFHUF,1693.35,Medium Value,Low Risk,Low Priority
3427-GGZZI,1692.9,Medium Value,Low Risk,Low Priority
2474-LCNUE,1693.95,Medium Value,Low Risk,Low Priority
7268-IGMFD,1690.2,Medium Value,Low Risk,Low Priority
2143-LJULT,1691.75,Medium Value,Low Risk,Low Priority
2050-ONYDQ,1690.0,Medium Value,Low Risk,Low Priority
7964-VEXDG,1687.35,Medium Value,Low Risk,Low Priority
8875-AKBYH,1687.0,Medium Value,Low Risk,Low Priority
8644-XYTSV,1686.3,Medium Value,Low Risk,Low Priority
4195-PNGZS,1687.05,Medium Value,Low Risk,Low Priority
7217-JYHOQ,1687.1999999999998,Medium Value,Low Risk,Low Priority
5012-YSPJJ,1684.85,Medium Value,Low Risk,Low Priority
2061-VVFST,721.5,Low Value,Low Risk,Low Priority
6963-KQYQB,1683.5,Medium Value,Low Risk,Low Priority
2282-YGNOR,1682.0,Medium Value,Low Risk,Low Priority
4176-RELJR,1681.7,Medium Value,Low Risk,Low Priority
8042-RNLKO,1679.7,Medium Value,Low Risk,Low Priority
3275-RHRNE,1680.0,Medium Value,Low Risk,Low Priority
7492-TAFJD,269.85,Low Value,Low Risk,Low Priority
2580-ASVVY,1679.8,Medium Value,Low Risk,Low Priority
3509-GWQGF,1680.0,Medium Value,Low Risk,Low Priority
2560-QTSBS,1677.6,Medium Value,Low Risk,Low Priority
3254-YRILK,1675.8,Medium Value,Low Risk,Low Priority
2097-YVPKN,1673.75,Medium Value,Low Risk,Low Priority
0971-QIFJK,1673.25,Medium Value,Low Risk,Low Priority
6202-DYYFX,1672.0,Medium Value,Low Risk,Low Priority
7008-LZVOZ,1669.8,Medium Value,Low Risk,Low Priority
1821-BUCWY,1669.5,Medium Value,Low Risk,Low Priority
9337-SRRNI,1669.8,Medium Value,Low Risk,Low Priority
6484-LATFU,1669.4,Medium Value,Low Risk,Low Priority
2308-STERM,38.8,Low Value,Low Risk,Low Priority
7661-CPURM,1666.3,Medium Value,Low Risk,Low Priority
6614-VBEGU,1666.8000000000002,Medium Value,Low Risk,Low Priority
9800-ONTFE,1667.6,Medium Value,Low Risk,Low Priority
3768-VHXQO,1664.95,Medium Value,Low Risk,Low Priority
3034-ZBEQN,1665.6,Medium Value,Low Risk,Low Priority
4692-NNQRU,1663.2,Medium Value,Low Risk,Low Priority
4018-PPNDW,1470.1,Medium Value,Low Risk,Low Priority
7996-MHXLW,1659.9,Medium Value,Low Risk,Low Priority
6865-JZNKO,1659.0,Medium Value,Low Risk,Low Priority
1580-BMCMR,1658.7,Medium Value,Low Risk,Low Priority
8807-ARQET,1654.35,Medium Value,Low Risk,Low Priority
4656-CAURT,1652.55,Medium Value,Low Risk,Low Priority
6857-TKDJV,1651.55,Medium Value,Low Risk,Low Priority
9373-WSLOY,1650.0,Medium Value,Low Risk,Low Priority
0168-XZKBB,1650.15,Medium Value,Low Risk,Low Priority
7611-YKYTC,1650.0,Medium Value,Low Risk,Low Priority
0867-MKZVY,1648.0,Medium Value,Low Risk,Low Priority
4923-ADWXJ,1645.0,Medium Value,Low Risk,Low Priority
2799-TSLAG,1644.5,Medium Value,Low Risk,Low Priority
2085-BOJKI,1643.0500000000002,Medium Value,Low Risk,Low Priority
1080-BWSYE,1641.6,Medium Value,Low Risk,Low Priority
2586-CWXVV,1641.6,Medium Value,Low Risk,Low Priority
2560-WBWXF,1642.1999999999998,Medium Value,Low Risk,Low Priority
8685-WHQPW,1636.8000000000002,Medium Value,Low Risk,Low Priority
6497-TILVL,354.90000000000003,Low Value,Low Risk,Low Priority
3913-RDSJZ,1635.2,Medium Value,Low Risk,Low Priority
5220-AGAAX,1632.0,Medium Value,Low Risk,Low Priority
9554-DFKIC,1633.5,Medium Value,Low Risk,Low Priority
4612-SSVHJ,1629.0,Medium Value,Low Risk,Low Priority
8559-CIZFV,1627.5,Medium Value,Low Risk,Low Priority
3853-LYGAM,1626.0500000000002,Medium Value,Low Risk,Low Priority
0056-EPFBG,788.0,Low Value,Low Risk,Low Priority
9885-MFVSU,1622.25,Medium Value,Low Risk,Low Priority
9524-EGPJC,1621.8,Medium Value,Low Risk,Low Priority
9492-TOKRI,1620.0,Medium Value,Low Risk,Low Priority
7595-EHCDL,1619.2,Medium Value,Low Risk,Low Priority
7929-DMBCV,1620.0,Medium Value,Low Risk,Low Priority
5857-XRECV,41.0,Low Value,Low Risk,Low Priority
2662-NNTDK,1612.0,Medium Value,Low Risk,Low Priority
6485-QXWWE,1612.0,Medium Value,Low Risk,Low Priority
7225-CBZPL,1611.6,Medium Value,Low Risk,Low Priority
2916-BQZLN,1610.25,Medium Value,Low Risk,Low Priority
2606-PKWJB,1610.0,Medium Value,Low Risk,Low Priority
0485-ZBSLN,1608.75,Medium Value,Low Risk,Low Priority
3115-CZMZD,20.25,Low Value,Low Risk,Low Priority
1301-LOPVR,1605.15,Medium Value,Low Risk,Low Priority
8292-FRFZQ,1604.85,Medium Value,Low Risk,Low Priority
2979-SXESE,1604.8000000000002,Medium Value,Low Risk,Low Priority
9658-WYUFB,1604.8000000000002,Medium Value,Low Risk,Low Priority
4939-KYYPY,1605.15,Medium Value,Low Risk,Low Priority
6303-KFWSL,1602.25,Medium Value,Low Risk,Low Priority
8350-NYMVI,1602.9,Medium Value,Low Risk,Low Priority
3027-YNWZU,1600.0,Medium Value,Low Risk,Low Priority
3473-XIIIT,1600.0,Medium Value,Low Risk,Low Priority
5935-FCCNB,1601.4,Medium Value,Low Risk,Low Priority
4335-BSMJS,1599.6,Medium Value,Low Risk,Low Priority
4521-YEEHE,1599.3,Medium Value,Low Risk,Low Priority
1684-FLBGS,1598.5,Medium Value,Low Risk,Low Priority
2719-BDAQO,1595.4499999999998,Medium Value,Low Risk,Low Priority
6814-ZPWFQ,1275.0,Medium Value,Low Risk,Low Priority
5940-NFXKV,1589.35,Medium Value,Low Risk,Low Priority
8946-BFWSG,1590.75,Medium Value,Low Risk,Low Priority
9953-ZMKSM,1590.75,Medium Value,Low Risk,Low Priority
7964-YESJC,1591.1999999999998,Medium Value,Low Risk,Low Priority
2233-TXSIU,755.6500000000001,Low Value,Low Risk,Low Priority
9415-DPEWS,1590.3,Medium Value,Low Risk,Low Priority
1705-GUHPV,1524.6,Medium Value,Low Risk,Low Priority
1852-QSWCD,1587.2,Medium Value,Low Risk,Low Priority
7602-DBTOU,1391.6,Medium Value,Low Risk,Low Priority
7074-STDCN,1583.4,Medium Value,Low Risk,Low Priority
8592-PLTMQ,1580.8,Medium Value,Low Risk,Low Priority
1228-ZLNBX,1581.3,Medium Value,Low Risk,Low Priority
5829-NVSQN,1581.25,Medium Value,Low Risk,Low Priority
6713-OKOMC,297.5,Low Value,Low Risk,Low Priority
5947-SGKCL,1580.25,Medium Value,Low Risk,Low Priority
6134-KWTBV,1450.8,Medium Value,Low Risk,Low Priority
1075-BGWOH,1580.0,Medium Value,Low Risk,Low Priority
7105-MXJLL,1578.2,Medium Value,Low Risk,Low Priority
0207-MDKNV,1576.5,Medium Value,Low Risk,Low Priority
2074-GUHPQ,1575.9,Medium Value,Low Risk,Low Priority
3955-JBZZM,1576.0,Medium Value,Low Risk,Low Priority
6258-NGCNG,164.5,Low Value,Low Risk,Low Priority
6198-RTPMF,1574.1999999999998,Medium Value,Low Risk,Low Priority
7668-XCFYV,1573.35,Medium Value,Low Risk,Low Priority
7311-MQJCH,97.75,Low Value,Low Risk,Low Priority
6100-QQHEB,1573.35,Medium Value,Low Risk,Low Priority
1862-SKORY,1572.0,Medium Value,Low Risk,Low Priority
7325-ENZFI,1571.6999999999998,Medium Value,Low Risk,Low Priority
5353-WILCI,1569.4,Medium Value,Low Risk,Low Priority
6345-FZOQH,1373.1,Medium Value,Low Risk,Low Priority
0946-FKYTX,1565.2,Medium Value,Low Risk,Low Priority
1468-DEFNC,1561.6,Medium Value,Low Risk,Low Priority
4023-RTIQM,1562.4,Medium Value,Low Risk,Low Priority
4558-FANTW,1561.4499999999998,Medium Value,Low Risk,Low Priority
9361-YNQWJ,1561.6,Medium Value,Low Risk,Low Priority
6839-ITVZJ,1561.3,Medium Value,Low Risk,Low Priority
7729-XBTWX,1303.5,Medium Value,Low Risk,Low Priority
2967-MXRAV,18.8,Low Value,Low Risk,Low Priority
1396-QWFBJ,1555.05,Medium Value,Low Risk,Low Priority
8780-IHCRN,1552.9499999999998,Medium Value,Low Risk,Low Priority
3606-SBKRY,1551.55,Medium Value,Low Risk,Low Priority
1241-EZFMJ,1552.45,Medium Value,Low Risk,Low Priority
4298-OYIFC,1551.75,Medium Value,Low Risk,Low Priority
0756-MPZRL,1550.2,Medium Value,Low Risk,Low Priority
0491-KAPQG,1547.7,Medium Value,Low Risk,Low Priority
7605-BDWDC,1545.35,Medium Value,Low Risk,Low Priority
3205-MXZRA,1545.7,Medium Value,Low Risk,Low Priority
1904-WAJAA,1544.4,Medium Value,Low Risk,Low Priority
8563-OYMQY,1546.15,Medium Value,Low Risk,Low Priority
6370-ZVHDV,1543.3,Medium Value,Low Risk,Low Priority
2027-CWDNU,1540.8,Medium Value,Low Risk,Low Priority
0723-VSOBE,1539.0000000000002,Medium Value,Low Risk,Low Priority
7503-EPSZW,1539.2,Medium Value,Low Risk,Low Priority
5914-DVBWJ,1538.1,Medium Value,Low Risk,Low Priority
5565-FILXA,1538.4,Medium Value,Low Risk,Low Priority
5201-CBWYG,1537.6,Medium Value,Low Risk,Low Priority
3181-MIZBN,316.0,Low Value,Low Risk,Low Priority
5760-WRAHC,1534.5,Medium Value,Low Risk,Low Priority
7831-QGOXH,1533.6,Medium Value,Low Risk,Low Priority
7740-KKCXF,1532.55,Medium Value,Low Risk,Low Priority
9170-CCKOU,1533.4,Medium Value,Low Risk,Low Priority
8224-IVVPA,1530.9,Medium Value,Low Risk,Low Priority
0637-YLETY,1529.6,Medium Value,Low Risk,Low Priority
6967-QIQRV,1528.5,Medium Value,Low Risk,Low Priority
9208-OLGAQ,1529.1,Medium Value,Low Risk,Low Priority
4926-UMJZD,1525.2,Medium Value,Low Risk,Low Priority
8903-WMRNW,1526.25,Medium Value,Low Risk,Low Priority
6402-SSEJG,1526.25,Medium Value,Low Risk,Low Priority
4704-ERYFC,1523.5,Medium Value,Low Risk,Low Priority
2481-SBOYW,1525.0,Medium Value,Low Risk,Low Priority
9931-DCEZH,1523.2,Medium Value,Low Risk,Low Priority
2332-TODQS,1202.4,Medium Value,Low Risk,Low Priority
6614-YWYSC,1525.0,Medium Value,Low Risk,Low Priority
5337-IIWKZ,1524.9,Medium Value,Low Risk,Low Priority
3422-WJOYD,1521.8,Medium Value,Low Risk,Low Priority
2569-WGERO,1522.8,Medium Value,Low Risk,Low Priority
1389-WNUIB,1520.0,Medium Value,Low Risk,Low Priority
3663-MITLP,1518.75,Medium Value,Low Risk,Low Priority
6080-LNESI,1262.25,Medium Value,Low Risk,Low Priority
6413-XKKPU,1519.8000000000002,Medium Value,Low Risk,Low Priority
0125-LZQXK,1520.25,Medium Value,Low Risk,Low Priority
3482-ABPKK,1520.4,Medium Value,Low Risk,Low Priority
5950-AAAGJ,1517.4,Medium Value,Low Risk,Low Priority
9025-ZRPVR,170.54999999999998,Low Value,Low Risk,Low Priority
6584-VQMYT,1517.4,Medium Value,Low Risk,Low Priority
0680-DFNNY,1516.5,Medium Value,Low Risk,Low Priority
2851-MMUTZ,1516.05,Medium Value,Low Risk,Low Priority
1792-UXAFY,1515.5500000000002,Medium Value,Low Risk,Low Priority
4237-CLSMM,40.0,Low Value,Low Risk,Low Priority
2144-ESWKO,1513.6,Medium Value,Low Risk,Low Priority
0848-ZGQIJ,1514.4,Medium Value,Low Risk,Low Priority
7608-RGIRO,1512.8,Medium Value,Low Risk,Low Priority
0640-YJTPY,1512.0,Medium Value,Low Risk,Low Priority
4385-GZQXV,1511.2,Medium Value,Low Risk,Low Priority
7776-QWNFX,1512.0,Medium Value,Low Risk,Low Priority
5313-FPXWG,1254.6,Medium Value,Low Risk,Low Priority
1945-XISKS,1316.55,Medium Value,Low Risk,Low Priority
8201-AAXCB,1508.75,Medium Value,Low Risk,Low Priority
8063-RJYNF,1508.0,Medium Value,Low Risk,Low Priority
7108-DGVUU,1505.7,Medium Value,Low Risk,Low Priority
8028-PNXHQ,1503.5,Medium Value,Low Risk,Low Priority
9094-AZPHK,1502.25,Medium Value,Low Risk,Low Priority
3256-EZDBI,1501.95,Medium Value,Low Risk,Low Priority
0603-TPMIB,1501.55,Medium Value,Low Risk,Low Priority
3891-NLXJB,1500.35,Medium Value,Low Risk,Low Priority
6292-TOSSS,1245.0,Medium Value,Low Risk,Low Priority
9087-EYCPR,1500.0,Medium Value,Low Risk,Low Priority
0378-NHQXU,1500.25,Medium Value,Low Risk,Low Priority
7989-VCQOH,1498.5,Medium Value,Low Risk,Low Priority
8544-JNBOX,1497.6,Medium Value,Low Risk,Low Priority
1958-RNRKS,1497.0,Medium Value,Low Risk,Low Priority
6215-NQCPY,1495.5,Medium Value,Low Risk,Low Priority
4109-CYRBD,1496.4,Medium Value,Low Risk,Low Priority
8456-QDAVC,1495.3,Medium Value,Low Risk,Low Priority
2039-JONDJ,1497.15,Medium Value,Low Risk,Low Priority
7562-GSUHK,1491.2,Medium Value,Low Risk,Low Priority
2525-GVKQU,1236.0,Medium Value,Low Risk,Low Priority
2999-AANRQ,1492.05,Medium Value,Low Risk,Low Priority
2545-LXYVJ,1490.4,Medium Value,Low Risk,Low Priority
1293-BSEUN,1490.4,Medium Value,Low Risk,Low Priority
7041-TXQJH,1487.4,Medium Value,Low Risk,Low Priority
0117-LFRMW,1487.4,Medium Value,Low Risk,Low Priority
4785-FCIFB,1488.4,Medium Value,Low Risk,Low Priority
4013-TLDHQ,1486.75,Medium Value,Low Risk,Low Priority
6892-BOGQE,1483.9,Medium Value,Low Risk,Low Priority
1113-IUJYX,1483.3,Medium Value,Low Risk,Low Priority
4302-ZYFEL,1417.95,Medium Value,Low Risk,Low Priority
0285-INHLN,1478.25,Medium Value,Low Risk,Low Priority
6855-VLGOS,1479.6,Medium Value,Low Risk,Low Priority
1927-QEWMY,1476.0,Medium Value,Low Risk,Low Priority
3230-WYKIR,1476.0,Medium Value,Low Risk,Low Priority
4458-KVRBJ,1475.0,Medium Value,Low Risk,Low Priority
8713-IGZSO,49.7,Low Value,Low Risk,Low Priority
5686-CMAWK,1474.75,Medium Value,Low Risk,Low Priority
0784-GTUUK,1472.5,Medium Value,Low Risk,Low Priority
0947-MUGVO,1473.0,Medium Value,Low Risk,Low Priority
1518-OMDIK,1470.15,Medium Value,Low Risk,Low Priority
1403-GYAFU,1403.5,Medium Value,Low Risk,Low Priority
5995-LFTLE,1467.4,Medium Value,Low Risk,Low Priority
2632-TACXW,1466.3,Medium Value,Low Risk,Low Priority
6585-WCEWR,1465.2,Medium Value,Low Risk,Low Priority
1376-HHBDV,1464.0,Medium Value,Low Risk,Low Priority
2263-SFSQZ,1272.45,Medium Value,Low Risk,Low Priority
4583-PARNH,1464.8,Medium Value,Low Risk,Low Priority
7665-NKLAV,1463.4,Medium Value,Low Risk,Low Priority
6207-WIOLX,1465.0,Medium Value,Low Risk,Low Priority
7515-LODFU,1400.7,Medium Value,Low Risk,Low Priority
0794-YVSGE,1461.6,Medium Value,Low Risk,Low Priority
3910-MRQOY,1396.8,Medium Value,Low Risk,Low Priority
7083-MIOPC,1458.0,Medium Value,Low Risk,Low Priority
4534-WGCIR,1458.6999999999998,Medium Value,Low Risk,Low Priority
8229-BUJHX,1455.5,Medium Value,Low Risk,Low Priority
1134-YWTYF,1452.6,Medium Value,Low Risk,Low Priority
9102-IAYHT,1452.65,Medium Value,Low Risk,Low Priority
0112-QAWRZ,1452.8,Medium Value,Low Risk,Low Priority
2073-QBVBI,1453.45,Medium Value,Low Risk,Low Priority
3398-ZOUAA,1451.1,Medium Value,Low Risk,Low Priority
6620-HVDUJ,1450.8000000000002,Medium Value,Low Risk,Low Priority
4032-RMHCI,1451.4,Medium Value,Low Risk,Low Priority
8854-CCVSQ,1451.7,Medium Value,Low Risk,Low Priority
0577-WHMEV,1451.2,Medium Value,Low Risk,Low Priority
7471-WNSUF,1449.0,Medium Value,Low Risk,Low Priority
8490-BXHEO,1449.9,Medium Value,Low Risk,Low Priority
3675-EQOZA,103.25,Low Value,Low Risk,Low Priority
5937-EORGB,1447.5,Medium Value,Low Risk,Low Priority
2159-TURXX,100.25,Low Value,Low Risk,Low Priority
0464-WJTKO,1447.2,Medium Value,Low Risk,Low Priority
4821-WQOYN,1447.2,Medium Value,Low Risk,Low Priority
3500-RMZLT,1444.5,Medium Value,Low Risk,Low Priority
7463-IFMQU,1443.6,Medium Value,Low Risk,Low Priority
5448-VWNAM,1442.1,Medium Value,Low Risk,Low Priority
5075-JSDKI,1442.55,Medium Value,Low Risk,Low Priority
5447-VYTKW,1443.15,Medium Value,Low Risk,Low Priority
4530-NDRKU,800.1,Low Value,Low Risk,Low Priority
2361-FJWNO,1440.0,Medium Value,Low Risk,Low Priority
5730-RIITO,1438.35,Medium Value,Low Risk,Low Priority
1599-EAHXY,1437.0,Medium Value,Low Risk,Low Priority
2507-QZPQS,1435.5,Medium Value,Low Risk,Low Priority
4277-BWBML,1436.4,Medium Value,Low Risk,Low Priority
7184-LRUUR,1435.5,Medium Value,Low Risk,Low Priority
2129-ALKBS,1048.0,Medium Value,Low Risk,Low Priority
9661-JALZV,1432.6,Medium Value,Low Risk,Low Priority
0784-ZQJZX,1432.8,Medium Value,Low Risk,Low Priority
2311-QYMUQ,1431.2,Medium Value,Low Risk,Low Priority
2429-AYKKO,1429.2,Medium Value,Low Risk,Low Priority
0732-OCQOC,1302.6,Medium Value,Low Risk,Low Priority
7853-WNZSY,19.75,Low Value,Low Risk,Low Priority
4946-EDSEW,211.75,Low Value,Low Risk,Low Priority
5315-CKEQK,1428.0,Medium Value,Low Risk,Low Priority
0264-CNITK,1427.1,Medium Value,Low Risk,Low Priority
7606-BPHHN,1425.6,Medium Value,Low Risk,Low Priority
2607-DHDAK,1425.6,Medium Value,Low Risk,Low Priority
6927-WTFIV,1426.0,Medium Value,Low Risk,Low Priority
6261-LHRTG,1423.5,Medium Value,Low Risk,Low Priority
4957-SREEC,1424.5,Medium Value,Low Risk,Low Priority
3454-JFUBC,1360.0,Medium Value,Low Risk,Low Priority
1697-LYYYX,1165.1,Medium Value,Low Risk,Low Priority
3315-IKYZQ,1422.4,Medium Value,Low Risk,Low Priority
5893-KCLGT,1422.0,Medium Value,Low Risk,Low Priority
6583-KQJLK,1419.75,Medium Value,Low Risk,Low Priority
6928-ONTRW,1418.4,Medium Value,Low Risk,Low Priority
2812-ENYMO,1418.3,Medium Value,Low Risk,Low Priority
0404-AHASP,1418.4,Medium Value,Low Risk,Low Priority
0655-YDGFJ,1419.5500000000002,Medium Value,Low Risk,Low Priority
5356-KZCKT,1418.1,Medium Value,Low Risk,Low Priority
6661-EIPZC,1416.0,Medium Value,Low Risk,Low Priority
5468-BPMMO,901.6,Low Value,Low Risk,Low Priority
6087-MVHJH,1415.2,Medium Value,Low Risk,Low Priority
6174-NRBTZ,1414.5,Medium Value,Low Risk,Low Priority
8361-LBRDI,1412.3000000000002,Medium Value,Low Risk,Low Priority
6877-LGWXO,1413.9,Medium Value,Low Risk,Low Priority
1073-XXCZD,1413.5,Medium Value,Low Risk,Low Priority
3973-SKMLN,1412.9,Medium Value,Low Risk,Low Priority
3642-BYHDO,1412.9,Medium Value,Low Risk,Low Priority
1052-QJIBV,1412.9,Medium Value,Low Risk,Low Priority
5902-WBLSE,1410.5,Medium Value,Low Risk,Low Priority
1047-NNCBF,1411.0,Medium Value,Low Risk,Low Priority
8807-OPMBM,1410.75,Medium Value,Low Risk,Low Priority
6833-JMZYP,1410.0,Medium Value,Low Risk,Low Priority
6615-NGGZJ,1407.7,Medium Value,Low Risk,Low Priority
4817-KEQSP,1409.35,Medium Value,Low Risk,Low Priority
1591-XWLGB,1409.35,Medium Value,Low Risk,Low Priority
1166-PQLGG,1407.6,Medium Value,Low Risk,Low Priority
6017-PPLPX,1409.0,Medium Value,Low Risk,Low Priority
1043-YCUTE,1408.4,Medium Value,Low Risk,Low Priority
1623-NLDOT,1409.1,Medium Value,Low Risk,Low Priority
3996-ZNWYK,1405.8,Medium Value,Low Risk,Low Priority
0831-JNISG,1405.8,Medium Value,Low Risk,Low Priority
2739-CACDQ,1405.0500000000002,Medium Value,Low Risk,Low Priority
8496-EJAUI,1403.15,Medium Value,Low Risk,Low Priority
3621-CEOVK,1402.8,Medium Value,Low Risk,Low Priority
0236-HFWSV,1400.25,Medium Value,Low Risk,Low Priority
4465-VDKIQ,1400.4,Medium Value,Low Risk,Low Priority
3173-WSSUE,1398.7,Medium Value,Low Risk,Low Priority
6980-CDGFC,1396.95,Medium Value,Low Risk,Low Priority
3402-XRIUO,1398.1,Medium Value,Low Risk,Low Priority
2908-WGAXL,1397.2,Medium Value,Low Risk,Low Priority
4086-WITJG,1398.7,Medium Value,Low Risk,Low Priority
6625-FLENO,1203.5,Medium Value,Low Risk,Low Priority
8450-UYIBU,1394.75,Medium Value,Low Risk,Low Priority
2848-YXSMW,1396.8,Medium Value,Low Risk,Low Priority
1322-AGOQM,1393.8,Medium Value,Low Risk,Low Priority
7695-PKLCZ,1394.0,Medium Value,Low Risk,Low Priority
4597-ELFTS,1394.4,Medium Value,Low Risk,Low Priority
7558-IMLMT,1393.6,Medium Value,Low Risk,Low Priority
0902-XKXPN,1393.8,Medium Value,Low Risk,Low Priority
6980-IMXXE,1393.8,Medium Value,Low Risk,Low Priority
2718-YSKCS,1391.6,Medium Value,Low Risk,Low Priority
7517-SAWMO,1390.8,Medium Value,Low Risk,Low Priority
7673-BQGKU,1390.35,Medium Value,Low Risk,Low Priority
3976-HXHCE,1389.6,Medium Value,Low Risk,Low Priority
5787-KXGIY,1389.6,Medium Value,Low Risk,Low Priority
8285-ABVLB,1389.5,Medium Value,Low Risk,Low Priority
2108-GLPQB,1388.75,Medium Value,Low Risk,Low Priority
8626-XHBIE,1388.8,Medium Value,Low Risk,Low Priority
6060-QBMGV,1389.5,Medium Value,Low Risk,Low Priority
3606-TWKGI,1389.7,Medium Value,Low Risk,Low Priority
0048-PIHNL,1002.05,Medium Value,Low Risk,Low Priority
8898-KASCD,1386.4499999999998,Medium Value,Low Risk,Low Priority
2075-PUEPR,1064.25,Medium Value,Low Risk,Low Priority
0505-SPOOW,1386.0,Medium Value,Low Risk,Low Priority
3372-KWFBM,1385.6,Medium Value,Low Risk,Low Priority
8750-QWZAJ,1386.0,Medium Value,Low Risk,Low Priority
7395-IGJOS,1385.5,Medium Value,Low Risk,Low Priority
5989-OMNJE,1382.4,Medium Value,Low Risk,Low Priority
1183-CANVH,1380.0,Medium Value,Low Risk,Low Priority
5989-PGKJB,1380.0,Medium Value,Low Risk,Low Priority
3279-DYZQM,1380.95,Medium Value,Low Risk,Low Priority
7758-UJWYS,1378.6999999999998,Medium Value,Low Risk,Low Priority
9069-LGEUL,1378.85,Medium Value,Low Risk,Low Priority
8263-OKETD,1378.0,Medium Value,Low Risk,Low Priority
7706-YLMQA,1379.0,Medium Value,Low Risk,Low Priority
2519-TWKFS,1377.5,Medium Value,Low Risk,Low Priority
8232-UTFOZ,1376.55,Medium Value,Low Risk,Low Priority
1840-BIUOG,1374.0,Medium Value,Low Risk,Low Priority
3633-CDBUW,1374.4499999999998,Medium Value,Low Risk,Low Priority
0397-ZXWQF,1373.5,Medium Value,Low Risk,Low Priority
9537-JALFH,1373.1,Medium Value,Low Risk,Low Priority
9402-ORRAH,1372.5,Medium Value,Low Risk,Low Priority
3703-TTEPD,1372.35,Medium Value,Low Risk,Low Priority
6248-BSHKG,1244.4,Medium Value,Low Risk,Low Priority
9593-CVZKR,1369.2,Medium Value,Low Risk,Low Priority
5451-MHQOF,1369.2,Medium Value,Low Risk,Low Priority
5453-AXEPF,1368.5,Medium Value,Low Risk,Low Priority
2900-PHPLN,1368.5,Medium Value,Low Risk,Low Priority
1042-HFUCW,1368.75,Medium Value,Low Risk,Low Priority
7876-DNYAP,1366.2,Medium Value,Low Risk,Low Priority
1268-ASBGA,1365.6,Medium Value,Low Risk,Low Priority
8292-ITGYJ,1109.25,Medium Value,Low Risk,Low Priority
3583-KRKMD,1366.2,Medium Value,Low Risk,Low Priority
5848-FHRFC,1363.4,Medium Value,Low Risk,Low Priority
2984-RGEYA,1362.75,Medium Value,Low Risk,Low Priority
9121-PHQSR,1360.8,Medium Value,Low Risk,Low Priority
7129-CAKJW,1360.85,Medium Value,Low Risk,Low Priority
8958-JPTRR,1360.8,Medium Value,Low Risk,Low Priority
8966-SNIZF,1361.5,Medium Value,Low Risk,Low Priority
0042-RLHYP,1359.3,Medium Value,Low Risk,Low Priority
6127-ISGTU,1359.2,Medium Value,Low Risk,Low Priority
4011-ARPHK,1359.45,Medium Value,Low Risk,Low Priority
2122-YWVYA,1357.2,Medium Value,Low Risk,Low Priority
2804-ETQDK,1356.3,Medium Value,Low Risk,Low Priority
3099-OONVS,1357.5,Medium Value,Low Risk,Low Priority
7049-GKVZY,1357.4499999999998,Medium Value,Low Risk,Low Priority
3678-MNGZX,1356.6,Medium Value,Low Risk,Low Priority
2181-TIDSV,1356.6,Medium Value,Low Risk,Low Priority
1583-IHQZE,1355.4,Medium Value,Low Risk,Low Priority
0825-CPPQH,1356.1,Medium Value,Low Risk,Low Priority
4360-QRAVE,1356.05,Medium Value,Low Risk,Low Priority
4514-GFCFI,1356.0,Medium Value,Low Risk,Low Priority
4979-HPRFL,1352.4,Medium Value,Low Risk,Low Priority
5716-LIBJC,1353.95,Medium Value,Low Risk,Low Priority
9881-VCZEP,1352.5,Medium Value,Low Risk,Low Priority
5092-STPKP,1352.4,Medium Value,Low Risk,Low Priority
7508-KBIMB,1350.0,Medium Value,Low Risk,Low Priority
8904-OPDCK,1347.3,Medium Value,Low Risk,Low Priority
7401-RUBNK,1346.4,Medium Value,Low Risk,Low Priority
0439-IFYUN,1344.6,Medium Value,Low Risk,Low Priority
0613-WUXUM,1344.0,Medium Value,Low Risk,Low Priority
2150-UWTFY,1345.3,Medium Value,Low Risk,Low Priority
1167-OYZJF,1343.35,Medium Value,Low Risk,Low Priority
7073-QETQY,1343.1,Medium Value,Low Risk,Low Priority
7126-RBHSD,1341.3000000000002,Medium Value,Low Risk,Low Priority
0916-QOFDP,1341.2,Medium Value,Low Risk,Low Priority
4189-NAKJS,1340.3,Medium Value,Low Risk,Low Priority
5346-BZCHP,1338.6,Medium Value,Low Risk,Low Priority
8532-UEFWH,1339.0,Medium Value,Low Risk,Low Priority
7508-SMHXL,1335.0,Medium Value,Low Risk,Low Priority
4459-BBGHE,1335.0,Medium Value,Low Risk,Low Priority
8919-FYFQZ,1335.4,Medium Value,Low Risk,Low Priority
5146-YYFRZ,1336.65,Medium Value,Low Risk,Low Priority
1333-PBMXB,1336.5,Medium Value,Low Risk,Low Priority
7801-KICAO,1334.7,Medium Value,Low Risk,Low Priority
3274-NSDWE,1332.8000000000002,Medium Value,Low Risk,Low Priority
3308-DGHKL,1331.7,Medium Value,Low Risk,Low Priority
6925-BAYGL,1330.3000000000002,Medium Value,Low Risk,Low Priority
6543-JXSOO,1328.25,Medium Value,Low Risk,Low Priority
9135-HSWOC,1260.8,Medium Value,Low Risk,Low Priority
8395-ETZKQ,1326.0,Medium Value,Low Risk,Low Priority
0374-FIUCA,1326.0,Medium Value,Low Risk,Low Priority
3753-TSEMP,1322.25,Medium Value,Low Risk,Low Priority
1666-JZPZT,1323.0,Medium Value,Low Risk,Low Priority
0650-BWOZN,1323.9,Medium Value,Low Risk,Low Priority
9313-CDOGY,744.8000000000001,Low Value,Low Risk,Low Priority
9800-OUIGR,1320.0,Medium Value,Low Risk,Low Priority
9500-WBGRP,1317.9,Medium Value,Low Risk,Low Priority
7114-AEOZE,1191.0,Medium Value,Low Risk,Low Priority
2801-NISEI,1318.8000000000002,Medium Value,Low Risk,Low Priority
9903-LYSAB,1316.7,Medium Value,Low Risk,Low Priority
1764-VUUMT,1316.7,Medium Value,Low Risk,Low Priority
2007-QVGAW,1315.8000000000002,Medium Value,Low Risk,Low Priority
9529-OFXHY,1316.25,Medium Value,Low Risk,Low Priority
3723-BFBGR,1315.1999999999998,Medium Value,Low Risk,Low Priority
6064-PUPMC,1315.6,Medium Value,Low Risk,Low Priority
1353-GHZOS,1314.5,Medium Value,Low Risk,Low Priority
7801-CEDNV,1314.9,Medium Value,Low Risk,Low Priority
7619-ODSGN,1314.0,Medium Value,Low Risk,Low Priority
8510-AWCXC,1310.4,Medium Value,Low Risk,Low Priority
7901-IIDQV,1310.4,Medium Value,Low Risk,Low Priority
7315-WYOAW,1309.75,Medium Value,Low Risk,Low Priority
1853-ARAAQ,1309.1,Medium Value,Low Risk,Low Priority
5046-NUHWD,1305.0,Medium Value,Low Risk,Low Priority
9330-IJWIO,1304.55,Medium Value,Low Risk,Low Priority
3785-KTYSH,1303.8000000000002,Medium Value,Low Risk,Low Priority
6729-FZWSY,1303.15,Medium Value,Low Risk,Low Priority
2626-VEEWG,1299.8,Medium Value,Low Risk,Low Priority
3120-FAZKD,1298.7,Medium Value,Low Risk,Low Priority
2978-XXSOG,1299.1,Medium Value,Low Risk,Low Priority
8711-LOBKY,1171.15,Medium Value,Low Risk,Low Priority
6986-IXNDM,1300.6,Medium Value,Low Risk,Low Priority
5044-XDPYX,1300.5,Medium Value,Low Risk,Low Priority
6038-GCYEC,1299.6,Medium Value,Low Risk,Low Priority
5730-DBDSI,1300.2,Medium Value,Low Risk,Low Priority
2528-HFYZX,1299.65,Medium Value,Low Risk,Low Priority
7717-BICXI,1233.0,Medium Value,Low Risk,Low Priority
8838-GPHZP,1297.8000000000002,Medium Value,Low Risk,Low Priority
7854-EDSSA,1298.0,Medium Value,Low Risk,Low Priority
9560-ARGQJ,1296.0,Medium Value,Low Risk,Low Priority
8992-OBVDG,1294.65,Medium Value,Low Risk,Low Priority
3774-VBNXY,1292.8,Medium Value,Low Risk,Low Priority
7969-FFOWG,1293.5,Medium Value,Low Risk,Low Priority
1153-GNOLC,1290.3,Medium Value,Low Risk,Low Priority
9639-BUJXT,1291.5,Medium Value,Low Risk,Low Priority
6734-JDTTV,1290.25,Medium Value,Low Risk,Low Priority
7061-OVMIM,586.5,Low Value,Low Risk,Low Priority
3842-QTGDL,1292.0,Medium Value,Low Risk,Low Priority
9972-EWRJS,1289.75,Medium Value,Low Risk,Low Priority
1384-RCUXW,1288.8,Medium Value,Low Risk,Low Priority
2189-WWOEW,1288.5,Medium Value,Low Risk,Low Priority
0384-RVBPI,1288.0,Medium Value,Low Risk,Low Priority
1248-DYXUB,1289.6,Medium Value,Low Risk,Low Priority
3920-HIHMQ,1287.0,Medium Value,Low Risk,Low Priority
4104-PVRPS,1286.4,Medium Value,Low Risk,Low Priority
8519-IMDHU,1284.0,Medium Value,Low Risk,Low Priority
5815-HGGHV,1283.0,Medium Value,Low Risk,Low Priority
9894-QMIMJ,1283.4,Medium Value,Low Risk,Low Priority
6139-ZZRBQ,1283.2,Medium Value,Low Risk,Low Priority
6217-TOWGS,1281.8000000000002,Medium Value,Low Risk,Low Priority
6692-UDPJC,1283.1,Medium Value,Low Risk,Low Priority
6719-OXYBR,1279.5,Medium Value,Low Risk,Low Priority
1769-GRUIK,1279.8,Medium Value,Low Risk,Low Priority
2236-HILPA,1280.3,Medium Value,Low Risk,Low Priority
4828-FAZPK,1279.2,Medium Value,Low Risk,Low Priority
4429-WYGFR,1277.9,Medium Value,Low Risk,Low Priority
2207-RYYRL,1276.6,Medium Value,Low Risk,Low Priority
1302-TPUBN,1277.1,Medium Value,Low Risk,Low Priority
0011-IGKFF,1274.0,Medium Value,Low Risk,Low Priority
0396-UKGAI,1271.9,Medium Value,Low Risk,Low Priority
4373-MAVJG,1272.6,Medium Value,Low Risk,Low Priority
3739-YBWAB,1272.6,Medium Value,Low Risk,Low Priority
0057-QBUQH,1079.3,Medium Value,Low Risk,Low Priority
6407-GSJNL,1272.45,Medium Value,Low Risk,Low Priority
7941-RCJOW,1270.75,Medium Value,Low Risk,Low Priority
8652-YHIYU,1272.0,Medium Value,Low Risk,Low Priority
9938-EKRGF,1266.75,Medium Value,Low Risk,Low Priority
7088-FBAWU,1267.35,Medium Value,Low Risk,Low Priority
7268-WNTCP,1267.9,Medium Value,Low Risk,Low Priority
1813-JLKWR,1267.2,Medium Value,Low Risk,Low Priority
7531-GQHME,240.6,Low Value,Low Risk,Low Priority
8220-OCUFY,1265.25,Medium Value,Low Risk,Low Priority
5939-SXWHM,1262.4,Medium Value,Low Risk,Low Priority
3547-LQRIK,1264.3,Medium Value,Low Risk,Low Priority
7145-FEJWU,1263.6,Medium Value,Low Risk,Low Priority
3644-QXEHN,1261.0,Medium Value,Low Risk,Low Priority
8399-YNDCH,1261.05,Medium Value,Low Risk,Low Priority
1697-NVVGY,1261.6,Medium Value,Low Risk,Low Priority
0962-CQPWQ,1258.6,Medium Value,Low Risk,Low Priority
6621-NRZAK,1260.0,Medium Value,Low Risk,Low Priority
1226-IENZN,1260.0,Medium Value,Low Risk,Low Priority
6867-ACCZI,1260.0,Medium Value,Low Risk,Low Priority
0023-UYUPN,1260.0,Medium Value,Low Risk,Low Priority
9436-ZBZCT,1259.3,Medium Value,Low Risk,Low Priority
9290-SHCMB,1259.05,Medium Value,Low Risk,Low Priority
2114-MGINA,1257.2,Medium Value,Low Risk,Low Priority
0281-CNTZX,1256.85,Medium Value,Low Risk,Low Priority
6685-XSHHU,1257.0,Medium Value,Low Risk,Low Priority
8747-UDCOI,1257.75,Medium Value,Low Risk,Low Priority
8630-FJLIB,1256.4,Medium Value,Low Risk,Low Priority
8844-TONUD,1256.45,Medium Value,Low Risk,Low Priority
2908-ZTPNF,1254.6,Medium Value,Low Risk,Low Priority
3970-XGJDU,1190.4,Medium Value,Low Risk,Low Priority
1670-SVOWZ,1255.1,Medium Value,Low Risk,Low Priority
3712-PKXZA,1253.55,Medium Value,Low Risk,Low Priority
8434-VGEQQ,1253.55,Medium Value,Low Risk,Low Priority
9099-FTUHS,1251.2,Medium Value,Low Risk,Low Priority
7771-ZONAT,1248.5,Medium Value,Low Risk,Low Priority
5549-ZGHFB,1247.5,Medium Value,Low Risk,Low Priority
9274-UARKJ,1248.0,Medium Value,Low Risk,Low Priority
6475-VHUIZ,1247.75,Medium Value,Low Risk,Low Priority
2774-LVQUS,1245.75,Medium Value,Low Risk,Low Priority
0696-UKTOX,1245.45,Medium Value,Low Risk,Low Priority
7064-JHXCE,1243.1,Medium Value,Low Risk,Low Priority
8347-GDTMP,1244.8,Medium Value,Low Risk,Low Priority
9139-TWBAS,1244.1,Medium Value,Low Risk,Low Priority
6848-HJTXY,1244.8,Medium Value,Low Risk,Low Priority
3635-QQRQD,1243.1,Medium Value,Low Risk,Low Priority
9625-RZFUK,1241.1,Medium Value,Low Risk,Low Priority
2335-GSODA,922.3,Low Value,Low Risk,Low Priority
6434-TTGJP,537.0,Low Value,Low Risk,Low Priority
0847-HGRML,1240.0,Medium Value,Low Risk,Low Priority
6770-UAYGJ,1237.25,Medium Value,Low Risk,Low Priority
9061-TIHDA,1238.25,Medium Value,Low Risk,Low Priority
4636-TVXVG,1236.9,Medium Value,Low Risk,Low Priority
0661-WCQNQ,1237.5,Medium Value,Low Risk,Low Priority
3793-MMFUH,1235.65,Medium Value,Low Risk,Low Priority
7279-NMVJC,338.29999999999995,Low Value,Low Risk,Low Priority
5837-LXSDN,1235.85,Medium Value,Low Risk,Low Priority
0704-VCUMB,1235.25,Medium Value,Low Risk,Low Priority
8043-PNYSD,1231.65,Medium Value,Low Risk,Low Priority
7799-DSEWS,1230.3,Medium Value,Low Risk,Low Priority
5656-JAMLX,1230.7,Medium Value,Low Risk,Low Priority
7000-WCEVQ,1232.0,Medium Value,Low Risk,Low Priority
3154-HMWUU,1230.0,Medium Value,Low Risk,Low Priority
5799-JRCZO,1228.5,Medium Value,Low Risk,Low Priority
9828-QHFBK,1227.6,Medium Value,Low Risk,Low Priority
4830-FAXFM,457.9,Low Value,Low Risk,Low Priority
3221-CJMSG,1226.4,Medium Value,Low Risk,Low Priority
1386-ZIKUV,132.65,Low Value,Low Risk,Low Priority
6546-OPBBH,1221.45,Medium Value,Low Risk,Low Priority
7852-LECYP,1219.4,Medium Value,Low Risk,Low Priority
7643-RCHXS,1219.0500000000002,Medium Value,Low Risk,Low Priority
8164-OCKUJ,1215.4,Medium Value,Low Risk,Low Priority
3902-FOIGH,1216.1999999999998,Medium Value,Low Risk,Low Priority
6778-JFCMK,1214.4,Medium Value,Low Risk,Low Priority
6214-EDAKZ,1213.3,Medium Value,Low Risk,Low Priority
4576-CSAJH,1213.3,Medium Value,Low Risk,Low Priority
8857-CUPFQ,1212.75,Medium Value,Low Risk,Low Priority
8467-WYNSR,1212.2,Medium Value,Low Risk,Low Priority
9667-EQRXU,1209.0,Medium Value,Low Risk,Low Priority
5640-CAXOA,1210.5,Medium Value,Low Risk,Low Priority
8337-MSSXB,1208.2,Medium Value,Low Risk,Low Priority
9084-OAYKL,1206.4,Medium Value,Low Risk,Low Priority
7508-MYBOG,1205.4,Medium Value,Low Risk,Low Priority
3498-LZGQZ,1206.4499999999998,Medium Value,Low Risk,Low Priority
7895-VONWT,1206.25,Medium Value,Low Risk,Low Priority
1830-IPXVJ,1204.75,Medium Value,Low Risk,Low Priority
9432-VOFYX,1203.6,Medium Value,Low Risk,Low Priority
5433-KYGHE,1204.0,Medium Value,Low Risk,Low Priority
8010-EZLOU,1203.0,Medium Value,Low Risk,Low Priority
1074-WVEVG,1200.65,Medium Value,Low Risk,Low Priority
5146-CBVOE,1201.6,Medium Value,Low Risk,Low Priority
2612-RANWT,1201.8000000000002,Medium Value,Low Risk,Low Priority
9584-EXCDZ,1198.5,Medium Value,Low Risk,Low Priority
1571-SAVHK,1199.4,Medium Value,Low Risk,Low Priority
4468-KAZHE,1200.0,Medium Value,Low Risk,Low Priority
1207-BLKSA,1198.6,Medium Value,Low Risk,Low Priority
2154-KVJFF,1196.25,Medium Value,Low Risk,Low Priority
7783-YKGDV,1196.4,Medium Value,Low Risk,Low Priority
4644-PIZRT,1195.9499999999998,Medium Value,Low Risk,Low Priority
4546-FOKWR,1196.0,Medium Value,Low Risk,Low Priority
3211-ILJTT,1196.8000000000002,Medium Value,Low Risk,Low Priority
2433-KMEAS,1197.9,Medium Value,Low Risk,Low Priority
1460-UZPRJ,1197.0,Medium Value,Low Risk,Low Priority
3507-GASNP,1197.0,Medium Value,Low Risk,Low Priority
1171-TYKUR,1193.8,Medium Value,Low Risk,Low Priority
4779-ZGICK,1130.4,Medium Value,Low Risk,Low Priority
0156-FVPTA,1192.4,Medium Value,Low Risk,Low Priority
7450-NWRTR,1193.4,Medium Value,Low Risk,Low Priority
3521-MNKLV,1192.8000000000002,Medium Value,Low Risk,Low Priority
1955-IBMMB,1191.8,Medium Value,Low Risk,Low Priority
9185-TQCVP,1192.1,Medium Value,Low Risk,Low Priority
5839-SUYVZ,1192.8,Medium Value,Low Risk,Low Priority
0128-MKWSG,1190.8,Medium Value,Low Risk,Low Priority
3703-KBKZP,1191.2,Medium Value,Low Risk,Low Priority
3884-HCSWG,1190.0,Medium Value,Low Risk,Low Priority
3948-XHGNA,1189.1999999999998,Medium Value,Low Risk,Low Priority
2346-LOCWC,1189.0,Medium Value,Low Risk,Low Priority
4315-MURBD,1186.8000000000002,Medium Value,Low Risk,Low Priority
6922-NCEDI,1187.2,Medium Value,Low Risk,Low Priority
9314-IJWSQ,1187.2,Medium Value,Low Risk,Low Priority
9063-ZGTUY,1183.4,Medium Value,Low Risk,Low Priority
1195-OIYEJ,1184.3,Medium Value,Low Risk,Low Priority
2229-VWQJH,1183.1999999999998,Medium Value,Low Risk,Low Priority
9504-DSHWM,1184.0,Medium Value,Low Risk,Low Priority
8727-JQFHV,1182.75,Medium Value,Low Risk,Low Priority
4990-ALDGW,1182.75,Medium Value,Low Risk,Low Priority
7109-MFBYV,1181.7,Medium Value,Low Risk,Low Priority
4652-NNHNY,1181.6,Medium Value,Low Risk,Low Priority
8917-SZTTJ,1179.0,Medium Value,Low Risk,Low Priority
0780-XNZFN,1177.05,Medium Value,Low Risk,Low Priority
2454-RPBRZ,1177.1999999999998,Medium Value,Low Risk,Low Priority
2324-AALNO,1178.4,Medium Value,Low Risk,Low Priority
5567-GZKQY,1177.4,Medium Value,Low Risk,Low Priority
3457-PQBYH,1177.4,Medium Value,Low Risk,Low Priority
7156-MHUGY,1176.5,Medium Value,Low Risk,Low Priority
2239-CFOUJ,20.4,Low Value,Low Risk,Low Priority
2898-LSJGD,1174.95,Medium Value,Low Risk,Low Priority
9824-BEMCV,1173.0,Medium Value,Low Risk,Low Priority
2923-ARZLG,19.7,Low Value,Low Risk,Low Priority
1703-MGIAB,1173.0,Medium Value,Low Risk,Low Priority
5202-IVJNU,1173.9,Medium Value,Low Risk,Low Priority
2946-KIQSP,1170.75,Medium Value,Low Risk,Low Priority
8701-DGLVH,1042.95,Medium Value,Low Risk,Low Priority
7916-VCCPB,1172.0,Medium Value,Low Risk,Low Priority
7493-GVFIO,1171.35,Medium Value,Low Risk,Low Priority
1371-OJCEK,1168.8000000000002,Medium Value,Low Risk,Low Priority
2937-FTHUR,1166.4,Medium Value,Low Risk,Low Priority
3887-PBQAO,1165.5,Medium Value,Low Risk,Low Priority
0040-HALCW,1101.6,Medium Value,Low Risk,Low Priority
3648-GZPHF,1160.0,Medium Value,Low Risk,Low Priority
2320-SLKMB,1155.7,Medium Value,Low Risk,Low Priority
9553-DLCLU,1156.35,Medium Value,Low Risk,Low Priority
4559-UWIHT,1157.1,Medium Value,Low Risk,Low Priority
5968-HYJRZ,1153.85,Medium Value,Low Risk,Low Priority
7293-LSCDV,1155.0,Medium Value,Low Risk,Low Priority
5793-YOLJN,1155.0,Medium Value,Low Risk,Low Priority
7601-DHFWZ,1152.0,Medium Value,Low Risk,Low Priority
3359-DSRKA,1151.3000000000002,Medium Value,Low Risk,Low Priority
2180-DXNEG,1152.0,Medium Value,Low Risk,Low Priority
7526-BEZQB,1152.6,Medium Value,Low Risk,Low Priority
7328-ZJAJO,1150.5,Medium Value,Low Risk,Low Priority
8514-VZHEB,1150.5,Medium Value,Low Risk,Low Priority
6476-YHMGA,1147.5,Medium Value,Low Risk,Low Priority
3143-JQEGI,1148.55,Medium Value,Low Risk,Low Priority
3755-JBMNH,1148.8,Medium Value,Low Risk,Low Priority
8272-ONJLV,1148.4,Medium Value,Low Risk,Low Priority
9746-UGFAC,458.7000000000001,Low Value,Low Risk,Low Priority
5266-PFRQK,1084.2,Medium Value,Low Risk,Low Priority
4538-WNTMJ,1147.7,Medium Value,Low Risk,Low Priority
6727-IOTLZ,1147.3,Medium Value,Low Risk,Low Priority
3284-SVCRO,1147.5,Medium Value,Low Risk,Low Priority
5512-IDZEI,1145.4,Medium Value,Low Risk,Low Priority
5649-VUKMC,1146.0,Medium Value,Low Risk,Low Priority
4338-EYCER,1146.6,Medium Value,Low Risk,Low Priority
6114-TCFID,1145.5,Medium Value,Low Risk,Low Priority
0508-SQWPL,1145.7,Medium Value,Low Risk,Low Priority
8430-TWCBX,1014.3,Medium Value,Low Risk,Low Priority
7811-JIVPF,1143.1,Medium Value,Low Risk,Low Priority
7762-ONLJY,118.2,Low Value,Low Risk,Low Priority
5293-WXJAK,1144.55,Medium Value,Low Risk,Low Priority
0106-GHRQR,1142.4,Medium Value,Low Risk,Low Priority
6323-AYBRX,1141.65,Medium Value,Low Risk,Low Priority
2146-EGVDT,1138.7,Medium Value,Low Risk,Low Priority
3315-TOTBP,1140.0,Medium Value,Low Risk,Low Priority
0489-WMEMG,1137.35,Medium Value,Low Risk,Low Priority
8234-GSZYK,1137.35,Medium Value,Low Risk,Low Priority
5821-MMEIL,1134.3,Medium Value,Low Risk,Low Priority
0529-ONKER,1134.75,Medium Value,Low Risk,Low Priority
0820-FNRNX,1133.9,Medium Value,Low Risk,Low Priority
3777-XROBG,1133.9,Medium Value,Low Risk,Low Priority
6551-GNYDG,1132.6,Medium Value,Low Risk,Low Priority
3733-LSYCE,1130.25,Medium Value,Low Risk,Low Priority
5519-NPHVG,1130.4,Medium Value,Low Risk,Low Priority
0228-MAUWC,1131.45,Medium Value,Low Risk,Low Priority
3935-TBRZZ,1130.8,Medium Value,Low Risk,Low Priority
8020-BWHYL,1129.5,Medium Value,Low Risk,Low Priority
8198-RKSZG,1126.3,Medium Value,Low Risk,Low Priority
7993-NQLJE,1126.5,Medium Value,Low Risk,Low Priority
1399-OUPJN,1125.75,Medium Value,Low Risk,Low Priority
9921-ZVRHG,1126.3,Medium Value,Low Risk,Low Priority
2400-FEQME,1127.5,Medium Value,Low Risk,Low Priority
4163-NCJAK,1124.7,Medium Value,Low Risk,Low Priority
6906-ANDWJ,1123.5,Medium Value,Low Risk,Low Priority
7078-NVFAM,1124.8,Medium Value,Low Risk,Low Priority
3733-ZEECP,1124.2,Medium Value,Low Risk,Low Priority
5599-HVLTW,1124.9,Medium Value,Low Risk,Low Priority
5199-FPUSP,1123.65,Medium Value,Low Risk,Low Priority
8129-GMVGI,1122.8,Medium Value,Low Risk,Low Priority
6688-UZPWD,1122.0,Medium Value,Low Risk,Low Priority
6692-YQHXC,1119.2,Medium Value,Low Risk,Low Priority
5442-BXVND,800.25,Low Value,Low Risk,Low Priority
8544-GOQSH,1120.7,Medium Value,Low Risk,Low Priority
0621-TSSMU,1117.2,Medium Value,Low Risk,Low Priority
2876-GZYZC,1117.35,Medium Value,Low Risk,Low Priority
6217-KDYWC,1117.2,Medium Value,Low Risk,Low Priority
9560-BBZXK,1117.8,Medium Value,Low Risk,Low Priority
0872-JCPIB,1117.75,Medium Value,Low Risk,Low Priority
7416-CKTEP,1117.2,Medium Value,Low Risk,Low Priority
2656-FMOKZ,1116.75,Medium Value,Low Risk,Low Priority
9947-OTFQU,1116.0,Medium Value,Low Risk,Low Priority
6349-JDHQP,1052.0500000000002,Medium Value,Low Risk,Low Priority
8380-MQINP,1116.5,Medium Value,Low Risk,Low Priority
2582-FFFZR,1113.2,Medium Value,Low Risk,Low Priority
5908-QMGOE,1113.0,Medium Value,Low Risk,Low Priority
4584-LBNMK,1111.5,Medium Value,Low Risk,Low Priority
2700-LUEVA,20.75,Low Value,Low Risk,Low Priority
1208-DNHLN,1112.05,Medium Value,Low Risk,Low Priority
1231-YNDEK,1110.6999999999998,Medium Value,Low Risk,Low Priority
8755-OGKNA,1111.5,Medium Value,Low Risk,Low Priority
2418-TPEUN,1108.8,Medium Value,Low Risk,Low Priority
3705-PSNGL,918.0,Low Value,Low Risk,Low Priority
6813-GZQCG,1109.25,Medium Value,Low Risk,Low Priority
1402-PTHGN,1107.0,Medium Value,Low Risk,Low Priority
3662-FXJFO,1107.0,Medium Value,Low Risk,Low Priority
9173-IVZVP,1107.6999999999998,Medium Value,Low Risk,Low Priority
4078-SAYYN,1108.25,Medium Value,Low Risk,Low Priority
0212-ISBBF,1107.7,Medium Value,Low Risk,Low Priority
6296-DDOOR,1105.8,Medium Value,Low Risk,Low Priority
1965-AKTSX,1105.3,Medium Value,Low Risk,Low Priority
4396-KLSEH,79.4,Low Value,Low Risk,Low Priority
7799-LGRDP,1105.1,Medium Value,Low Risk,Low Priority
5016-LIPDW,1105.8,Medium Value,Low Risk,Low Priority
6646-JPPHA,1103.9,Medium Value,Low Risk,Low Priority
3646-ITDGM,1103.2,Medium Value,Low Risk,Low Priority
6532-YLWSI,1102.4,Medium Value,Low Risk,Low Priority
1131-ALZWV,590.4000000000001,Low Value,Low Risk,Low Priority
4652-ODEVH,1100.25,Medium Value,Low Risk,Low Priority
8773-HHUOZ,1099.9,Medium Value,Low Risk,Low Priority
5889-LFOLL,1099.8,Medium Value,Low Risk,Low Priority
1552-CZCLL,1100.0,Medium Value,Low Risk,Low Priority
3137-NYQQI,1101.6,Medium Value,Low Risk,Low Priority
4822-NGOCH,1097.85,Medium Value,Low Risk,Low Priority
7647-GYYKX,1098.9,Medium Value,Low Risk,Low Priority
4139-SUGLD,1097.4,Medium Value,Low Risk,Low Priority
5445-GLVOT,1095.6,Medium Value,Low Risk,Low Priority
3398-FSHON,1095.6,Medium Value,Low Risk,Low Priority
2012-NWRPA,1095.05,Medium Value,Low Risk,Low Priority
3317-VLGQT,1093.4,Medium Value,Low Risk,Low Priority
0897-FEGMU,1094.5,Medium Value,Low Risk,Low Priority
4291-HYEBC,1094.8,Medium Value,Low Risk,Low Priority
3378-AJRAO,1093.4,Medium Value,Low Risk,Low Priority
4299-OPXEJ,1094.8,Medium Value,Low Risk,Low Priority
5840-NVDCG,1092.0,Medium Value,Low Risk,Low Priority
3212-KXOCR,1092.0,Medium Value,Low Risk,Low Priority
0637-UBJRP,1092.65,Medium Value,Low Risk,Low Priority
6620-JDYNW,1090.8,Medium Value,Low Risk,Low Priority
5808-TOTXO,61.650000000000006,Low Value,Low Risk,Low Priority
8050-WYBND,1087.9,Medium Value,Low Risk,Low Priority
2228-BZDEE,1085.4,Medium Value,Low Risk,Low Priority
9764-REAFF,1085.6,Medium Value,Low Risk,Low Priority
8540-ZQGEA,1082.7,Medium Value,Low Risk,Low Priority
6974-DAFLI,1083.5,Medium Value,Low Risk,Low Priority
0689-NKYLF,1081.6,Medium Value,Low Risk,Low Priority
5774-QPLTF,1017.5,Medium Value,Low Risk,Low Priority
1385-TQOZW,184.05,Low Value,Low Risk,Low Priority
9507-HSMMZ,1080.0,Medium Value,Low Risk,Low Priority
8883-GRDWQ,1080.0,Medium Value,Low Risk,Low Priority
8168-UQWWF,1076.35,Medium Value,Low Risk,Low Priority
0135-NMXAP,1077.0,Medium Value,Low Risk,Low Priority
5348-CAGXB,1074.6,Medium Value,Low Risk,Low Priority
9142-XMYJH,561.1500000000001,Low Value,Low Risk,Low Priority
9367-TCUYN,241.2,Low Value,Low Risk,Low Priority
8191-XWSZG,1073.8,Medium Value,Low Risk,Low Priority
7639-SUPCW,1073.6,Medium Value,Low Risk,Low Priority
4644-OBGFZ,1072.5,Medium Value,Low Risk,Low Priority
9504-YAZWB,1073.25,Medium Value,Low Risk,Low Priority
1513-XNPPH,1072.8000000000002,Medium Value,Low Risk,Low Priority
8464-EETCQ,1071.6,Medium Value,Low Risk,Low Priority
7901-HXJVA,1070.3,Medium Value,Low Risk,Low Priority
1722-LDZJS,1070.6,Medium Value,Low Risk,Low Priority
5429-LWCMV,1069.8000000000002,Medium Value,Low Risk,Low Priority
1776-SPBWV,683.4000000000001,Low Value,Low Risk,Low Priority
8096-LOIST,1067.8,Medium Value,Low Risk,Low Priority
5939-XAIXZ,1065.9,Medium Value,Low Risk,Low Priority
2230-XTUWL,938.4,Low Value,Low Risk,Low Priority
1098-KFQEC,1067.0,Medium Value,Low Risk,Low Priority
1564-NTYXF,1066.0,Medium Value,Low Risk,Low Priority
4994-OBRSZ,1065.4,Medium Value,Low Risk,Low Priority
4698-KVLLG,999.6,Low Value,Low Risk,Low Priority
0620-DLSLK,1064.7,Medium Value,Low Risk,Low Priority
8098-TDCBU,1060.5,Medium Value,Low Risk,Low Priority
7427-AUFPY,1061.1,Medium Value,Low Risk,Low Priority
0731-EBJQB,1060.8,Medium Value,Low Risk,Low Priority
3737-GCSPV,1058.2,Medium Value,Low Risk,Low Priority
3285-UCQVC,1058.2,Medium Value,Low Risk,Low Priority
9625-QSTYE,1054.95,Medium Value,Low Risk,Low Priority
1536-YHDOE,1055.7,Medium Value,Low Risk,Low Priority
8519-QJGJD,1054.9,Medium Value,Low Risk,Low Priority
6743-HHQPF,1054.2,Medium Value,Low Risk,Low Priority
9798-DRYDS,1053.15,Medium Value,Low Risk,Low Priority
1657-DYMBM,1054.6999999999998,Medium Value,Low Risk,Low Priority
4807-IZYOZ,1053.15,Medium Value,Low Risk,Low Priority
0608-JDVEC,990.0,Low Value,Low Risk,Low Priority
6051-PTVNS,1053.25,Medium Value,Low Risk,Low Priority
1986-PHGZF,1051.2,Medium Value,Low Risk,Low Priority
5642-MHDQT,1052.0500000000002,Medium Value,Low Risk,Low Priority
8107-KNCIM,1051.4,Medium Value,Low Risk,Low Priority
1839-UMACK,1052.1,Medium Value,Low Risk,Low Priority
0804-YGEQV,1051.35,Medium Value,Low Risk,Low Priority
7009-PCARS,1050.5,Medium Value,Low Risk,Low Priority
0607-DAAHE,1046.75,Medium Value,Low Risk,Low Priority
0928-XUTSN,1046.5,Medium Value,Low Risk,Low Priority
3812-LRZIR,661.5,Low Value,Low Risk,Low Priority
8292-TYSPY,1045.0,Medium Value,Low Risk,Low Priority
0094-OIFMO,1045.0,Medium Value,Low Risk,Low Priority
9257-AZMTZ,1045.2,Medium Value,Low Risk,Low Priority
9578-VRMNM,1043.2,Medium Value,Low Risk,Low Priority
3466-BYAVD,1042.5,Medium Value,Low Risk,Low Priority
5923-GXUOC,1044.0,Medium Value,Low Risk,Low Priority
2208-NKVVH,1042.75,Medium Value,Low Risk,Low Priority
2675-IJRGJ,1041.4499999999998,Medium Value,Low Risk,Low Priority
2272-QAGFO,1040.2,Medium Value,Low Risk,Low Priority
8319-QBEHW,1038.7,Medium Value,Low Risk,Low Priority
9588-YRFHY,975.1,Low Value,Low Risk,Low Priority
8219-VYBVI,975.0,Low Value,Low Risk,Low Priority
7858-GTZSP,1038.6,Medium Value,Low Risk,Low Priority
9093-FPDLG,1036.2,Medium Value,Low Risk,Low Priority
4495-LHSSK,1037.7,Medium Value,Low Risk,Low Priority
5364-EVNIB,1037.4,Medium Value,Low Risk,Low Priority
9788-YTFGE,139.65,Low Value,Low Risk,Low Priority
4827-USJHP,1036.0,Medium Value,Low Risk,Low Priority
7872-BAAZR,1036.15,Medium Value,Low Risk,Low Priority
6243-OZGFH,1033.85,Medium Value,Low Risk,Low Priority
3551-GAEGL,1033.6,Medium Value,Low Risk,Low Priority
9814-AOUDH,1033.5,Medium Value,Low Risk,Low Priority
2982-VPSGI,1034.0,Medium Value,Low Risk,Low Priority
0484-JPBRU,1035.25,Medium Value,Low Risk,Low Priority
1744-JHKYS,839.8,Low Value,Low Risk,Low Priority
4541-RMRLG,134.75,Low Value,Low Risk,Low Priority
1430-SFQSA,1032.4,Medium Value,Low Risk,Low Priority
9371-BITHB,1032.2,Medium Value,Low Risk,Low Priority
1918-ZBFQJ,1030.25,Medium Value,Low Risk,Low Priority
1215-EXRMO,1027.5,Medium Value,Low Risk,Low Priority
6340-DACFT,1027.5,Medium Value,Low Risk,Low Priority
6371-NZYEG,1028.0,Medium Value,Low Risk,Low Priority
7718-RXDGG,1029.0,Medium Value,Low Risk,Low Priority
6518-PPLMZ,1028.1999999999998,Medium Value,Low Risk,Low Priority
3719-TDVQB,1023.3,Medium Value,Low Risk,Low Priority
1241-FPMOF,1021.8,Medium Value,Low Risk,Low Priority
1465-VINDH,1021.0,Medium Value,Low Risk,Low Priority
9503-XJUME,1021.8,Medium Value,Low Risk,Low Priority
7596-LDUXP,1021.8,Medium Value,Low Risk,Low Priority
1087-UDSIH,58.8,Low Value,Low Risk,Low Priority
4536-PLEQY,1020.6,Medium Value,Low Risk,Low Priority
1022-RKXDR,1018.85,Medium Value,Low Risk,Low Priority
9170-ARBTB,1019.2,Medium Value,Low Risk,Low Priority
1574-DYCWE,1017.45,Medium Value,Low Risk,Low Priority
9495-REDIY,1016.25,Medium Value,Low Risk,Low Priority
7517-LDMPS,1015.2,Medium Value,Low Risk,Low Priority
4929-ROART,1012.5,Medium Value,Low Risk,Low Priority
7297-DVYGA,1012.35,Medium Value,Low Risk,Low Priority
7613-LLQFO,1013.4,Medium Value,Low Risk,Low Priority
5520-FVEWJ,1014.0,Medium Value,Low Risk,Low Priority
9754-CLVZW,1010.1,Medium Value,Low Risk,Low Priority
3472-QPRCH,1010.0,Medium Value,Low Risk,Low Priority
3688-FTHLT,1008.8,Medium Value,Low Risk,Low Priority
8800-JOOCF,1008.6,Medium Value,Low Risk,Low Priority
9451-WLYRI,1009.65,Medium Value,Low Risk,Low Priority
3170-NMYVV,1007.5,Medium Value,Low Risk,Low Priority
9602-WCXPI,1007.5,Medium Value,Low Risk,Low Priority
2171-UDMFD,622.4,Low Value,Low Risk,Low Priority
8957-THMOA,1007.5,Medium Value,Low Risk,Low Priority
2968-SSGAA,1006.0,Medium Value,Low Risk,Low Priority
3620-EHIMZ,1006.2,Medium Value,Low Risk,Low Priority
8802-UNOJF,1005.6,Medium Value,Low Risk,Low Priority
5697-GOMBF,1005.2,Medium Value,Low Risk,Low Priority
8763-KIAFH,554.85,Low Value,Low Risk,Low Priority
5299-RULOA,1002.5,Medium Value,Low Risk,Low Priority
1306-RPWXZ,1002.05,Medium Value,Low Risk,Low Priority
2888-ADFAO,1001.1,Medium Value,Low Risk,Low Priority
6705-LNMDD,1000.0,Medium Value,Low Risk,Low Priority
7746-AWNQW,1001.0,Medium Value,Low Risk,Low Priority
9565-AXSMR,998.4,Low Value,Low Risk,Low Priority
8443-WVPSS,998.5,Low Value,Low Risk,Low Priority
6582-PLFUU,997.05,Low Value,Low Risk,Low Priority
2926-JEJJC,161.6,Low Value,Low Risk,Low Priority
3677-TNKIO,994.0,Low Value,Low Risk,Low Priority
7382-DFJTU,993.6,Low Value,Low Risk,Low Priority
6907-CQGPN,994.7,Low Value,Low Risk,Low Priority
5249-QYHEX,992.0,Low Value,Low Risk,Low Priority
9447-YPTBX,992.5,Low Value,Low Risk,Low Priority
0621-CXBKL,991.1,Low Value,Low Risk,Low Priority
1208-NBVFH,992.0,Low Value,Low Risk,Low Priority
1862-QRWPE,991.2,Low Value,Low Risk,Low Priority
7452-FOLON,992.55,Low Value,Low Risk,Low Priority
7321-PKUYW,991.65,Low Value,Low Risk,Low Priority
5296-BFCYD,924.6,Low Value,Low Risk,Low Priority
4080-IIARD,990.6,Low Value,Low Risk,Low Priority
8249-THVEC,989.4,Low Value,Low Risk,Low Priority
9172-ANCRX,987.0,Low Value,Low Risk,Low Priority
2589-AYCRP,987.5,Low Value,Low Risk,Low Priority
0318-ZOPWS,987.35,Low Value,Low Risk,Low Priority
8999-BOHSE,986.7,Low Value,Low Risk,Low Priority
5649-TJHOV,985.5,Low Value,Low Risk,Low Priority
1450-GALXR,985.0,Low Value,Low Risk,Low Priority
1455-UGQVH,985.0,Low Value,Low Risk,Low Priority
1696-MZVAU,984.75,Low Value,Low Risk,Low Priority
5138-WVKYJ,985.5,Low Value,Low Risk,Low Priority
8874-EJNSR,982.8,Low Value,Low Risk,Low Priority
4526-EXKKN,984.0,Low Value,Low Risk,Low Priority
2812-REYAT,982.45,Low Value,Low Risk,Low Priority
7296-PIXQY,982.8,Low Value,Low Risk,Low Priority
4957-TIALW,984.0,Low Value,Low Risk,Low Priority
1173-XZPYF,981.2,Low Value,Low Risk,Low Priority
0557-ASKVU,979.2,Low Value,Low Risk,Low Priority
6509-TSGWN,978.65,Low Value,Low Risk,Low Priority
3016-KSVCP,978.75,Low Value,Low Risk,Low Priority
2157-MXBJS,978.9,Low Value,Low Risk,Low Priority
1508-DFXCU,977.4,Low Value,Low Risk,Low Priority
5899-MQZZL,975.0,Low Value,Low Risk,Low Priority
7798-JVXYM,975.1,Low Value,Low Risk,Low Priority
4163-HFTUK,974.1,Low Value,Low Risk,Low Priority
7105-BENQF,972.75,Low Value,Low Risk,Low Priority
1871-MOWRM,970.2,Low Value,Low Risk,Low Priority
2817-LVCPP,970.0,Low Value,Low Risk,Low Priority
7459-RRWQZ,969.75,Low Value,Low Risk,Low Priority
9798-OPFEM,970.6,Low Value,Low Risk,Low Priority
6599-GZWCM,970.45,Low Value,Low Risk,Low Priority
7033-CLAMM,969.6,Low Value,Low Risk,Low Priority
4893-GYUJU,967.5,Low Value,Low Risk,Low Priority
3059-NGMXB,968.8,Low Value,Low Risk,Low Priority
5176-LMJXE,965.85,Low Value,Low Risk,Low Priority
4211-MMAZN,20.25,Low Value,Low Risk,Low Priority
9620-QJREV,965.85,Low Value,Low Risk,Low Priority
4441-NIHPT,965.9,Low Value,Low Risk,Low Priority
4361-FEBGN,967.2,Low Value,Low Risk,Low Priority
9391-EOYLI,965.4,Low Value,Low Risk,Low Priority
9750-BOOHV,964.8,Low Value,Low Risk,Low Priority
8148-NLEGT,963.9,Low Value,Low Risk,Low Priority
6961-MJKBO,961.15,Low Value,Low Risk,Low Priority
8205-OTCHB,962.5,Low Value,Low Risk,Low Priority
0442-TDYUO,962.4,Low Value,Low Risk,Low Priority
9251-AWQGT,960.0,Low Value,Low Risk,Low Priority
4860-IJUDE,958.75,Low Value,Low Risk,Low Priority
5924-SNGKP,830.25,Low Value,Low Risk,Low Priority
7560-QRBXH,957.6,Low Value,Low Risk,Low Priority
8859-YSTWS,957.6,Low Value,Low Risk,Low Priority
8104-OSKWT,957.6,Low Value,Low Risk,Low Priority
3470-BTGQO,958.65,Low Value,Low Risk,Low Priority
2821-WARNZ,953.05,Low Value,Low Risk,Low Priority
7089-XXAYG,952.5,Low Value,Low Risk,Low Priority
9916-AYHTC,952.8,Low Value,Low Risk,Low Priority
0550-DCXLH,953.55,Low Value,Low Risk,Low Priority
1960-UYCNN,952.5,Low Value,Low Risk,Low Priority
2660-EMUBI,953.5,Low Value,Low Risk,Low Priority
6164-HXUGH,119.1,Low Value,Low Risk,Low Priority
8109-YUOHE,953.7,Low Value,Low Risk,Low Priority
3097-IDVPU,951.9,Low Value,Low Risk,Low Priority
5183-SNMJQ,951.0,Low Value,Low Risk,Low Priority
9081-WWXKP,951.75,Low Value,Low Risk,Low Priority
4415-WNGVR,950.4,Low Value,Low Risk,Low Priority
9650-VBUOG,951.9,Low Value,Low Risk,Low Priority
2754-VDLTR,952.0,Low Value,Low Risk,Low Priority
8679-JOEVF,950.4,Low Value,Low Risk,Low Priority
0932-YIXYU,951.75,Low Value,Low Risk,Low Priority
0178-CIIKR,59.85,Low Value,Low Risk,Low Priority
2858-MOFSQ,949.45,Low Value,Low Risk,Low Priority
3045-XETSH,948.5,Low Value,Low Risk,Low Priority
3797-FKOGQ,948.2,Low Value,Low Risk,Low Priority
8717-VCTXJ,821.1,Low Value,Low Risk,Low Priority
5924-IFQTT,946.4,Low Value,Low Risk,Low Priority
5529-GIBVH,947.05,Low Value,Low Risk,Low Priority
8637-XJIVR,947.4,Low Value,Low Risk,Low Priority
7285-KLOTR,946.2,Low Value,Low Risk,Low Priority
4282-ACRXS,944.3,Low Value,Low Risk,Low Priority
1897-RCFUM,943.8,Low Value,Low Risk,Low Priority
4012-ZTHBR,943.95,Low Value,Low Risk,Low Priority
5206-HPJKM,943.5,Low Value,Low Risk,Low Priority
7634-HLQJR,942.35,Low Value,Low Risk,Low Priority
4456-RHSNB,942.4,Low Value,Low Risk,Low Priority
8902-ZEOVF,942.35,Low Value,Low Risk,Low Priority
5084-OOVCJ,940.95,Low Value,Low Risk,Low Priority
6178-KFNHS,939.6,Low Value,Low Risk,Low Priority
6619-RPLQZ,938.25,Low Value,Low Risk,Low Priority
3096-IZETN,937.2,Low Value,Low Risk,Low Priority
4931-TRZWN,935.35,Low Value,Low Risk,Low Priority
3079-BCHLN,935.3,Low Value,Low Risk,Low Priority
4735-BJKOU,806.0,Low Value,Low Risk,Low Priority
8328-SKJNO,934.95,Low Value,Low Risk,Low Priority
3190-ITQXP,931.5,Low Value,Low Risk,Low Priority
0315-LVCRK,932.8,Low Value,Low Risk,Low Priority
9732-OUYRN,931.0,Low Value,Low Risk,Low Priority
0506-YLVKJ,929.2,Low Value,Low Risk,Low Priority
4501-VCPFK,929.5,Low Value,Low Risk,Low Priority
6937-GCDGQ,930.05,Low Value,Low Risk,Low Priority
7356-AYNJP,95.6,Low Value,Low Risk,Low Priority
7266-GSSJX,224.95,Low Value,Low Risk,Low Priority
9805-FILKB,929.2,Low Value,Low Risk,Low Priority
2958-NHPPS,479.55,Low Value,Low Risk,Low Priority
1709-EJDOX,928.25,Low Value,Low Risk,Low Priority
6576-FBXOJ,928.2,Low Value,Low Risk,Low Priority
2018-PZKMU,927.9,Low Value,Low Risk,Low Priority
8859-AXJZP,928.2,Low Value,Low Risk,Low Priority
5747-PMBSQ,925.0,Low Value,Low Risk,Low Priority
9646-NMHXE,923.55,Low Value,Low Risk,Low Priority
9547-ITEFG,923.4,Low Value,Low Risk,Low Priority
5093-FEGLU,923.55,Low Value,Low Risk,Low Priority
4955-VCWBI,860.0,Low Value,Low Risk,Low Priority
6425-JWTDV,924.0,Low Value,Low Risk,Low Priority
2068-WWXQZ,922.3,Low Value,Low Risk,Low Priority
8461-EFQYM,921.5,Low Value,Low Risk,Low Priority
1689-YQBYY,919.2,Low Value,Low Risk,Low Priority
7683-CBDKJ,916.3,Low Value,Low Risk,Low Priority
5970-GHJAW,917.7,Low Value,Low Risk,Low Priority
2796-NNUFI,917.7,Low Value,Low Risk,Low Priority
5310-NOOVA,917.7,Low Value,Low Risk,Low Priority
6078-VESFR,915.85,Low Value,Low Risk,Low Priority
1729-VLAZJ,402.5,Low Value,Low Risk,Low Priority
9313-QOLTZ,543.4,Low Value,Low Risk,Low Priority
8706-HRADD,914.55,Low Value,Low Risk,Low Priority
5242-UOWHD,915.75,Low Value,Low Risk,Low Priority
9506-UXUSK,911.95,Low Value,Low Risk,Low Priority
5701-YVSVF,911.9,Low Value,Low Risk,Low Priority
8118-TJAFG,913.5,Low Value,Low Risk,Low Priority
2398-YPMUR,911.95,Low Value,Low Risk,Low Priority
7562-UXTPG,911.95,Low Value,Low Risk,Low Priority
4123-FCVCB,910.2,Low Value,Low Risk,Low Priority
6818-DJXAA,911.0,Low Value,Low Risk,Low Priority
9975-GPKZU,908.5,Low Value,Low Risk,Low Priority
9067-SQTNS,906.4,Low Value,Low Risk,Low Priority
4742-TXUEX,907.1,Low Value,Low Risk,Low Priority
8257-RZAHR,905.8,Low Value,Low Risk,Low Priority
5366-OBVMR,905.4,Low Value,Low Risk,Low Priority
3689-MOZGR,904.8,Low Value,Low Risk,Low Priority
8966-KZXXA,903.6,Low Value,Low Risk,Low Priority
0781-LKXBR,904.5,Low Value,Low Risk,Low Priority
7107-UBYKY,901.25,Low Value,Low Risk,Low Priority
0129-QMPDR,902.0,Low Value,Low Risk,Low Priority
5843-TTHGI,900.0,Low Value,Low Risk,Low Priority
2208-MPXIO,900.0,Low Value,Low Risk,Low Priority
9169-BSVIN,897.0,Low Value,Low Risk,Low Priority
8909-BOLNL,63.6,Low Value,Low Risk,Low Priority
4625-LAMOB,897.5999999999999,Low Value,Low Risk,Low Priority
8337-UPOAQ,898.0,Low Value,Low Risk,Low Priority
5651-WYIPH,897.3000000000001,Low Value,Low Risk,Low Priority
4112-LUEIZ,895.0,Low Value,Low Risk,Low Priority
1794-SWWKL,894.75,Low Value,Low Risk,Low Priority
6210-KBBPI,895.0500000000001,Low Value,Low Risk,Low Priority
4163-KIUHY,896.0,Low Value,Low Risk,Low Priority
7746-QYVCO,893.6,Low Value,Low Risk,Low Priority
6184-DYUOB,58.8,Low Value,Low Risk,Low Priority
6762-NSODU,892.4,Low Value,Low Risk,Low Priority
4896-CPRPF,890.75,Low Value,Low Risk,Low Priority
8450-LUGUK,891.7,Low Value,Low Risk,Low Priority
0386-CWRGM,892.4,Low Value,Low Risk,Low Priority
5025-GOOKI,378.0,Low Value,Low Risk,Low Priority
9474-PHLYD,891.75,Low Value,Low Risk,Low Priority
5622-UEJFI,889.0,Low Value,Low Risk,Low Priority
0991-BRRFB,889.1999999999999,Low Value,Low Risk,Low Priority
7077-XJMET,889.8000000000001,Low Value,Low Risk,Low Priority
2657-VPXTA,888.5,Low Value,Low Risk,Low Priority
1432-FPAXX,887.4000000000001,Low Value,Low Risk,Low Priority
3521-HTQTV,887.4000000000001,Low Value,Low Risk,Low Priority
3808-HFKDE,887.0,Low Value,Low Risk,Low Priority
9734-YWGEX,884.6999999999999,Low Value,Low Risk,Low Priority
0851-DFJKB,884.25,Low Value,Low Risk,Low Priority
9860-LISIZ,691.9000000000001,Low Value,Low Risk,Low Priority
0206-OYVOC,885.5,Low Value,Low Risk,Low Priority
6330-JKLPC,885.5,Low Value,Low Risk,Low Priority
3764-MNMOI,883.1999999999999,Low Value,Low Risk,Low Priority
6725-TPKJO,882.2,Low Value,Low Risk,Low Priority
1269-FOYWN,880.0,Low Value,Low Risk,Low Priority
5180-UCIIQ,881.0999999999999,Low Value,Low Risk,Low Priority
8474-UMLNT,881.4,Low Value,Low Risk,Low Priority
8224-DWCKX,879.5999999999999,Low Value,Low Risk,Low Priority
0623-IIHUG,879.9,Low Value,Low Risk,Low Priority
8208-EUMTE,877.6,Low Value,Low Risk,Low Priority
4925-LMHOK,879.0,Low Value,Low Risk,Low Priority
0191-EQUUH,876.2499999999999,Low Value,Low Risk,Low Priority
8896-RAZCR,875.5999999999999,Low Value,Low Risk,Low Priority
1585-MQSSU,875.5,Low Value,Low Risk,Low Priority
6416-YJTTB,874.5,Low Value,Low Risk,Low Priority
5442-XSDCW,874.5,Low Value,Low Risk,Low Priority
2839-RFSQE,41.3,Low Value,Low Risk,Low Priority
5542-NKVRU,871.5,Low Value,Low Risk,Low Priority
4878-BUNFV,869.4,Low Value,Low Risk,Low Priority
5271-DBYSJ,870.6500000000001,Low Value,Low Risk,Low Priority
3088-LHEFH,869.0,Low Value,Low Risk,Low Priority
4707-YNOQA,870.4000000000001,Low Value,Low Risk,Low Priority
3346-BRMIS,870.3000000000001,Low Value,Low Risk,Low Priority
6223-DHJGV,867.3,Low Value,Low Risk,Low Priority
3623-FQBOX,418.95,Low Value,Low Risk,Low Priority
3351-NGXYI,865.6,Low Value,Low Risk,Low Priority
7779-LGOVN,866.5,Low Value,Low Risk,Low Priority
5288-AHOUP,863.5,Low Value,Low Risk,Low Priority
6507-DTJZV,863.2,Low Value,Low Risk,Low Priority
4475-NVTLU,864.0,Low Value,Low Risk,Low Priority
2150-OEGBV,542.7,Low Value,Low Risk,Low Priority
8861-HGGKB,864.5,Low Value,Low Risk,Low Priority
7426-RHZGU,863.1,Low Value,Low Risk,Low Priority
1051-EQPZR,862.4000000000001,Low Value,Low Risk,Low Priority
2436-QBZFP,862.4000000000001,Low Value,Low Risk,Low Priority
1120-BMWUB,862.4,Low Value,Low Risk,Low Priority
1342-JPNKI,860.5,Low Value,Low Risk,Low Priority
9715-SBVSU,859.6,Low Value,Low Risk,Low Priority
4335-UPJSI,474.0,Low Value,Low Risk,Low Priority
7242-EDTYC,860.2,Low Value,Low Risk,Low Priority
0564-JJHGS,859.5,Low Value,Low Risk,Low Priority
7072-MBHEV,859.0999999999999,Low Value,Low Risk,Low Priority
5850-BDWCY,121.2,Low Value,Low Risk,Low Priority
8734-DKSTZ,859.5,Low Value,Low Risk,Low Priority
5519-TEEUH,664.9499999999999,Low Value,Low Risk,Low Priority
8981-FJGLA,858.0,Low Value,Low Risk,Low Priority
2122-SZZZD,858.0,Low Value,Low Risk,Low Priority
6122-EFVKN,858.0,Low Value,Low Risk,Low Priority
3247-ZVOUO,855.5,Low Value,Low Risk,Low Priority
0708-LGSMF,856.05,Low Value,Low Risk,Low Priority
4316-XCSLJ,855.0999999999999,Low Value,Low Risk,Low Priority
1552-TKMXS,854.7,Low Value,Low Risk,Low Priority
7943-RQCHR,852.75,Low Value,Low Risk,Low Priority
7883-ROJOC,853.1,Low Value,Low Risk,Low Priority
0195-IESCP,852.5,Low Value,Low Risk,Low Priority
4081-DYXAV,852.15,Low Value,Low Risk,Low Priority
2344-JMOGN,853.65,Low Value,Low Risk,Low Priority
6345-HOVES,851.7,Low Value,Low Risk,Low Priority
4825-FUREZ,850.5,Low Value,Low Risk,Low Priority
2511-ALLCS,850.5,Low Value,Low Risk,Low Priority
2894-QOJRX,850.0,Low Value,Low Risk,Low Priority
2428-HYUNX,851.4000000000001,Low Value,Low Risk,Low Priority
4518-FZBSX,850.5,Low Value,Low Risk,Low Priority
3572-UUHRS,848.2500000000001,Low Value,Low Risk,Low Priority
3957-SQXML,848.3,Low Value,Low Risk,Low Priority
8402-OOOHJ,846.65,Low Value,Low Risk,Low Priority
0936-NQLJU,846.65,Low Value,Low Risk,Low Priority
8087-LGYHQ,846.4499999999999,Low Value,Low Risk,Low Priority
0875-CABNR,846.0,Low Value,Low Risk,Low Priority
1624-WOIWJ,847.0,Low Value,Low Risk,Low Priority
3389-YGYAI,844.0,Low Value,Low Risk,Low Priority
2346-DJQTB,845.25,Low Value,Low Risk,Low Priority
3978-YNKDD,396.15,Low Value,Low Risk,Low Priority
1985-MBRYP,844.9499999999999,Low Value,Low Risk,Low Priority
7622-NXQZR,842.8000000000001,Low Value,Low Risk,Low Priority
6253-WRFHY,841.75,Low Value,Low Risk,Low Priority
5495-GPSRW,394.0,Low Value,Low Risk,Low Priority
6728-CZFEI,842.25,Low Value,Low Risk,Low Priority
7625-XCQRH,841.5,Low Value,Low Risk,Low Priority
3969-GYXEL,840.4000000000001,Low Value,Low Risk,Low Priority
8215-NGSPE,840.0,Low Value,Low Risk,Low Priority
1047-RNXZV,840.65,Low Value,Low Risk,Low Priority
5546-BYZSM,838.4499999999999,Low Value,Low Risk,Low Priority
0603-OLQDC,838.1999999999999,Low Value,Low Risk,Low Priority
5141-ZUVBH,837.0,Low Value,Low Risk,Low Priority
5035-BVCXS,834.9000000000001,Low Value,Low Risk,Low Priority
8590-OHDIW,771.4,Low Value,Low Risk,Low Priority
1337-BOZWO,835.1999999999999,Low Value,Low Risk,Low Priority
8799-OXZMD,833.0,Low Value,Low Risk,Low Priority
6502-KUGLL,832.3000000000001,Low Value,Low Risk,Low Priority
1686-STUHN,831.6,Low Value,Low Risk,Low Priority
9057-MSWCO,830.25,Low Value,Low Risk,Low Priority
2460-NGXBJ,827.2,Low Value,Low Risk,Low Priority
7089-IVVAZ,826.8,Low Value,Low Risk,Low Priority
6586-PSJOX,828.0,Low Value,Low Risk,Low Priority
5879-SESNB,827.75,Low Value,Low Risk,Low Priority
6000-UKLWI,826.15,Low Value,Low Risk,Low Priority
7228-PAQPD,827.4,Low Value,Low Risk,Low Priority
9940-HPQPG,825.75,Low Value,Low Risk,Low Priority
3653-NCRDJ,825.6,Low Value,Low Risk,Low Priority
1024-VRZHF,824.45,Low Value,Low Risk,Low Priority
4503-BDXBD,824.45,Low Value,Low Risk,Low Priority
1324-NLTJE,825.0,Low Value,Low Risk,Low Priority
5380-XPJNZ,761.9,Low Value,Low Risk,Low Priority
8070-AAWZP,822.0,Low Value,Low Risk,Low Priority
0559-CKHUS,566.95,Low Value,Low Risk,Low Priority
7205-BAIAD,824.0,Low Value,Low Risk,Low Priority
1428-GTBJJ,820.05,Low Value,Low Risk,Low Priority
3097-FQTVJ,820.0,Low Value,Low Risk,Low Priority
3255-GRXMG,821.6999999999999,Low Value,Low Risk,Low Priority
6551-ZCOTS,821.6999999999999,Low Value,Low Risk,Low Priority
9585-KKMFD,820.0,Low Value,Low Risk,Low Priority
6772-WFQRD,816.0,Low Value,Low Risk,Low Priority
1970-KKFWL,815.5,Low Value,Low Risk,Low Priority
9846-GKXAS,817.1999999999999,Low Value,Low Risk,Low Priority
7010-ZMVBF,368.1,Low Value,Low Risk,Low Priority
1222-KJNZD,816.0,Low Value,Low Risk,Low Priority
5231-FIQPA,813.85,Low Value,Low Risk,Low Priority
8922-NPKBJ,812.7,Low Value,Low Risk,Low Priority
2252-ISRNH,813.15,Low Value,Low Risk,Low Priority
2696-NARTR,812.3499999999999,Low Value,Low Risk,Low Priority
8510-BBWMU,809.75,Low Value,Low Risk,Low Priority
7234-FECYN,810.8,Low Value,Low Risk,Low Priority
4817-QRJSX,810.0,Low Value,Low Risk,Low Priority
6048-NJXHX,809.75,Low Value,Low Risk,Low Priority
0302-JOIVN,809.2,Low Value,Low Risk,Low Priority
5006-MXVRN,807.3,Low Value,Low Risk,Low Priority
0940-OUQEC,807.0,Low Value,Low Risk,Low Priority
9938-PRCVK,807.6999999999999,Low Value,Low Risk,Low Priority
5108-ADXWO,808.5,Low Value,Low Risk,Low Priority
7951-QKZPL,808.5,Low Value,Low Risk,Low Priority
4822-RVYBB,804.8,Low Value,Low Risk,Low Priority
6326-MTTXK,806.8,Low Value,Low Risk,Low Priority
9068-FHQHD,806.0,Low Value,Low Risk,Low Priority
7394-FKDNK,805.0500000000001,Low Value,Low Risk,Low Priority
4418-LZMSV,803.4,Low Value,Low Risk,Low Priority
2810-FTLEM,802.4,Low Value,Low Risk,Low Priority
4547-KQRTM,800.5,Low Value,Low Risk,Low Priority
9889-TMAHG,802.4,Low Value,Low Risk,Low Priority
8780-RSYYU,480.0,Low Value,Low Risk,Low Priority
4572-DVCGN,802.5,Low Value,Low Risk,Low Priority
1391-UBDAR,801.9000000000001,Low Value,Low Risk,Low Priority
6581-NQCBA,799.2,Low Value,Low Risk,Low Priority
1184-PJVDB,799.5,Low Value,Low Risk,Low Priority
3594-IVHJZ,40.9,Low Value,Low Risk,Low Priority
9773-PEQBZ,798.5,Low Value,Low Risk,Low Priority
7216-KAOID,799.5,Low Value,Low Risk,Low Priority
7410-OIEDU,798.5,Low Value,Low Risk,Low Priority
9305-CDSKC,797.2,Low Value,Low Risk,Low Priority
6954-OOYZZ,798.3000000000001,Low Value,Low Risk,Low Priority
4884-LEVMQ,797.55,Low Value,Low Risk,Low Priority
8277-RVRSV,796.9499999999999,Low Value,Low Risk,Low Priority
5322-ZSMZY,798.25,Low Value,Low Risk,Low Priority
4633-MKHYU,795.6,Low Value,Low Risk,Low Priority
3298-QEICA,795.8000000000001,Low Value,Low Risk,Low Priority
8225-BTJAU,792.5,Low Value,Low Risk,Low Priority
4123-DVHPH,792.4499999999999,Low Value,Low Risk,Low Priority
5465-BUBFA,791.3000000000001,Low Value,Low Risk,Low Priority
3890-RTCMS,791.2,Low Value,Low Risk,Low Priority
8749-CLJXC,20.05,Low Value,Low Risk,Low Priority
9710-NJERN,785.8499999999999,Low Value,Low Risk,Low Priority
0362-RAOQO,786.0,Low Value,Low Risk,Low Priority
1106-HRLKZ,784.0,Low Value,Low Risk,Low Priority
6169-PPETC,717.5,Low Value,Low Risk,Low Priority
3800-LYTRK,779.8000000000001,Low Value,Low Risk,Low Priority
9184-GALIL,777.1,Low Value,Low Risk,Low Priority
3873-NFTGI,777.0,Low Value,Low Risk,Low Priority
2931-FSOHN,778.6999999999999,Low Value,Low Risk,Low Priority
1755-FZQEC,776.0999999999999,Low Value,Low Risk,Low Priority
1087-GRUYI,775.1999999999999,Low Value,Low Risk,Low Priority
3914-FDRHP,776.25,Low Value,Low Risk,Low Priority
6447-GORXK,775.0,Low Value,Low Risk,Low Priority
5527-ACHSO,775.5,Low Value,Low Risk,Low Priority
4310-KEDTB,774.8000000000001,Low Value,Low Risk,Low Priority
2428-ZMCTB,197.5,Low Value,Low Risk,Low Priority
1839-FBNFR,774.1500000000001,Low Value,Low Risk,Low Priority
3426-NIYYL,773.25,Low Value,Low Risk,Low Priority
0582-AVCLN,771.4,Low Value,Low Risk,Low Priority
7206-PQBBZ,772.2,Low Value,Low Risk,Low Priority
4709-LKHYG,580.0,Low Value,Low Risk,Low Priority
5804-JMYIO,770.25,Low Value,Low Risk,Low Priority
8645-KWHJO,770.0,Low Value,Low Risk,Low Priority
6188-UXBBR,769.5,Low Value,Low Risk,Low Priority
2215-ZAFGX,769.5,Low Value,Low Risk,Low Priority
5569-KGJHX,768.15,Low Value,Low Risk,Low Priority
2691-NZETQ,768.15,Low Value,Low Risk,Low Priority
2384-OVPSA,767.6,Low Value,Low Risk,Low Priority
8577-QSOCG,767.6,Low Value,Low Risk,Low Priority
2959-FENLU,767.6999999999999,Low Value,Low Risk,Low Priority
1101-SSWAG,766.5,Low Value,Low Risk,Low Priority
2642-DTVCO,765.4499999999999,Low Value,Low Risk,Low Priority
5863-OOKCL,188.5,Low Value,Low Risk,Low Priority
4933-BSAIP,764.0,Low Value,Low Risk,Low Priority
1399-UBQIU,762.8499999999999,Low Value,Low Risk,Low Priority
0902-RFHOF,763.8000000000001,Low Value,Low Risk,Low Priority
8058-JMEQO,760.0500000000001,Low Value,Low Risk,Low Priority
2300-RQGOI,761.9,Low Value,Low Risk,Low Priority
6754-WKSHP,760.5,Low Value,Low Risk,Low Priority
6537-OTKMY,761.25,Low Value,Low Risk,Low Priority
6994-ORCWG,759.5,Low Value,Low Risk,Low Priority
5168-MSWXT,758.0,Low Value,Low Risk,Low Priority
5160-UXJED,758.2,Low Value,Low Risk,Low Priority
9418-RUKPH,758.1,Low Value,Low Risk,Low Priority
5652-MSDEY,757.5,Low Value,Low Risk,Low Priority
2782-JEEBU,756.0,Low Value,Low Risk,Low Priority
6199-IPCAO,756.9000000000001,Low Value,Low Risk,Low Priority
0325-XBFAC,757.6,Low Value,Low Risk,Low Priority
2929-ERCFZ,753.6,Low Value,Low Risk,Low Priority
9965-YOKZB,754.65,Low Value,Low Risk,Low Priority
3665-JATSN,754.3000000000001,Low Value,Low Risk,Low Priority
5986-WWXDV,754.6500000000001,Low Value,Low Risk,Low Priority
3217-FZDMN,755.6,Low Value,Low Risk,Low Priority
1567-DSCIC,752.0,Low Value,Low Risk,Low Priority
9518-XXBXE,753.0,Low Value,Low Risk,Low Priority
6609-MXJHJ,753.0,Low Value,Low Risk,Low Priority
5204-QZXPU,753.35,Low Value,Low Risk,Low Priority
2085-JVGAD,752.95,Low Value,Low Risk,Low Priority
2805-AUFQN,495.0,Low Value,Low Risk,Low Priority
5177-RVZNU,751.1,Low Value,Low Risk,Low Priority
9494-MRNYX,750.5,Low Value,Low Risk,Low Priority
7945-PRBVF,750.75,Low Value,Low Risk,Low Priority
4980-URKXC,750.6,Low Value,Low Risk,Low Priority
8931-GJJIQ,749.6999999999999,Low Value,Low Risk,Low Priority
8065-YKXKD,747.5,Low Value,Low Risk,Low Priority
8327-WKMIE,745.55,Low Value,Low Risk,Low Priority
4487-ZYJZK,744.8000000000001,Low Value,Low Risk,Low Priority
6347-DCUIK,741.5,Low Value,Low Risk,Low Priority
2907-ILJBN,226.6,Low Value,Low Risk,Low Priority
8614-VGMMV,736.5,Low Value,Low Risk,Low Priority
9236-NDUCW,737.1,Low Value,Low Risk,Low Priority
4145-UQXUQ,736.8,Low Value,Low Risk,Low Priority
1293-HHSHJ,738.5,Low Value,Low Risk,Low Priority
8917-FAEMR,734.45,Low Value,Low Risk,Low Priority
3898-BSJYF,735.5,Low Value,Low Risk,Low Priority
7446-SFAOA,734.45,Low Value,Low Risk,Low Priority
9624-EGDEQ,732.6,Low Value,Low Risk,Low Priority
5995-WWKKG,732.6,Low Value,Low Risk,Low Priority
7190-XHTWJ,733.4,Low Value,Low Risk,Low Priority
9396-ZSFLL,732.75,Low Value,Low Risk,Low Priority
3982-JGSFD,732.6,Low Value,Low Risk,Low Priority
0969-RGKCU,732.6,Low Value,Low Risk,Low Priority
7696-CFTAT,732.6,Low Value,Low Risk,Low Priority
4299-SIMNS,730.35,Low Value,Low Risk,Low Priority
8992-VONJD,728.0,Low Value,Low Risk,Low Priority
2642-MAWLJ,729.0,Low Value,Low Risk,Low Priority
1373-ORVIZ,729.8499999999999,Low Value,Low Risk,Low Priority
7016-BPGEU,727.9000000000001,Low Value,Low Risk,Low Priority
1984-GPTEH,729.3499999999999,Low Value,Low Risk,Low Priority
1907-UBQFC,728.5,Low Value,Low Risk,Low Priority
9046-DQMTP,726.25,Low Value,Low Risk,Low Priority
1704-NRWYE,727.65,Low Value,Low Risk,Low Priority
9509-MPYOD,726.25,Low Value,Low Risk,Low Priority
4750-UKWJK,725.2,Low Value,Low Risk,Low Priority
4654-GGUII,723.6,Low Value,Low Risk,Low Priority
0570-BFQHT,724.9499999999999,Low Value,Low Risk,Low Priority
9945-PSVIP,467.5,Low Value,Low Risk,Low Priority
4813-HQMGZ,722.0,Low Value,Low Risk,Low Priority
5539-HIVAK,719.6,Low Value,Low Risk,Low Priority
9824-QCJPK,720.0,Low Value,Low Risk,Low Priority
8884-FEEWR,721.0,Low Value,Low Risk,Low Priority
0080-EMYVY,720.3000000000001,Low Value,Low Risk,Low Priority
3417-TSCIC,720.6500000000001,Low Value,Low Risk,Low Priority
1699-HPSBG,717.5999999999999,Low Value,Low Risk,Low Priority
0727-IWKVK,719.1,Low Value,Low Risk,Low Priority
5917-HBSDW,715.95,Low Value,Low Risk,Low Priority
0774-IFUVM,716.6500000000001,Low Value,Low Risk,Low Priority
9987-LUTYD,716.9499999999999,Low Value,Low Risk,Low Priority
2688-BHGOG,715.9499999999999,Low Value,Low Risk,Low Priority
0872-NXJYS,715.9499999999999,Low Value,Low Risk,Low Priority
9891-NQDBD,715.4,Low Value,Low Risk,Low Priority
4910-AQFFX,714.15,Low Value,Low Risk,Low Priority
0625-AFOHS,585.8,Low Value,Low Risk,Low Priority
5756-JYOJT,713.9000000000001,Low Value,Low Risk,Low Priority
6652-YFFJO,713.9000000000001,Low Value,Low Risk,Low Priority
4522-AKYLR,712.4,Low Value,Low Risk,Low Priority
8008-HAWED,710.5,Low Value,Low Risk,Low Priority
4803-LBYPN,707.2,Low Value,Low Risk,Low Priority
9206-GVPEQ,707.85,Low Value,Low Risk,Low Priority
7815-PDTHL,707.0,Low Value,Low Risk,Low Priority
2458-EOMRE,704.55,Low Value,Low Risk,Low Priority
8967-SZQAS,706.3000000000001,Low Value,Low Risk,Low Priority
5087-SUURX,702.9,Low Value,Low Risk,Low Priority
8735-IJJEG,702.8000000000001,Low Value,Low Risk,Low Priority
3468-DRVQJ,703.0,Low Value,Low Risk,Low Priority
5976-JCJRH,703.0,Low Value,Low Risk,Low Priority
4962-CHQPW,575.6500000000001,Low Value,Low Risk,Low Priority
9705-ZJBCG,703.9499999999999,Low Value,Low Risk,Low Priority
5845-BZZIB,703.5,Low Value,Low Risk,Low Priority
3486-NPGST,703.8000000000001,Low Value,Low Risk,Low Priority
0722-SVSFK,702.8000000000001,Low Value,Low Risk,Low Priority
5627-TVBPP,703.5,Low Value,Low Risk,Low Priority
6016-LVTJQ,702.0999999999999,Low Value,Low Risk,Low Priority
6479-SZPLM,700.1999999999999,Low Value,Low Risk,Low Priority
6379-RXJRQ,701.0,Low Value,Low Risk,Low Priority
1757-TCATG,701.75,Low Value,Low Risk,Low Priority
9272-LSVYH,701.5,Low Value,Low Risk,Low Priority
3811-VBYBZ,698.6,Low Value,Low Risk,Low Priority
1360-RCYRT,698.0500000000001,Low Value,Low Risk,Low Priority
9717-IOAAF,697.95,Low Value,Low Risk,Low Priority
5917-RYRMG,633.6,Low Value,Low Risk,Low Priority
3985-HOYPM,504.4,Low Value,Low Risk,Low Priority
4884-ZTHVF,696.8,Low Value,Low Risk,Low Priority
2878-DHMIN,696.5,Low Value,Low Risk,Low Priority
4537-CIBHB,182.25,Low Value,Low Risk,Low Priority
0799-DDIHE,694.5,Low Value,Low Risk,Low Priority
9385-EHGDO,694.75,Low Value,Low Risk,Low Priority
0939-EREMR,694.85,Low Value,Low Risk,Low Priority
3077-RSNTJ,118.2,Low Value,Low Risk,Low Priority
9531-NSBMR,693.0,Low Value,Low Risk,Low Priority
5229-PRWKT,692.4,Low Value,Low Risk,Low Priority
1219-NNDDO,691.65,Low Value,Low Risk,Low Priority
3451-VAWLI,689.5,Low Value,Low Risk,Low Priority
7168-HDQHG,691.1999999999999,Low Value,Low Risk,Low Priority
8008-OTEZX,687.75,Low Value,Low Risk,Low Priority
7994-UYIVZ,685.2,Low Value,Low Risk,Low Priority
5928-QLDHB,686.25,Low Value,Low Risk,Low Priority
7601-GNDYK,686.0,Low Value,Low Risk,Low Priority
3106-ULWFW,681.6,Low Value,Low Risk,Low Priority
1133-KXCGE,361.8,Low Value,Low Risk,Low Priority
1200-TUZHR,681.6,Low Value,Low Risk,Low Priority
1262-OPMFY,681.75,Low Value,Low Risk,Low Priority
6551-VLJMV,681.7,Low Value,Low Risk,Low Priority
8837-VVWLQ,679.6,Low Value,Low Risk,Low Priority
3987-KQDDU,680.4,Low Value,Low Risk,Low Priority
5995-OIGLP,679.8,Low Value,Low Risk,Low Priority
6563-VRERX,679.8000000000001,Low Value,Low Risk,Low Priority
7020-OZKXZ,679.5,Low Value,Low Risk,Low Priority
8382-SHQEH,679.2,Low Value,Low Risk,Low Priority
5639-NTUPK,677.3000000000001,Low Value,Low Risk,Low Priority
0196-JTUQI,676.8000000000001,Low Value,Low Risk,Low Priority
9367-WXLCH,676.0,Low Value,Low Risk,Low Priority
6765-MBQNU,676.0,Low Value,Low Risk,Low Priority
4060-LDNLU,673.4,Low Value,Low Risk,Low Priority
9631-RXVJM,673.75,Low Value,Low Risk,Low Priority
9314-QDMDW,673.75,Low Value,Low Risk,Low Priority
5186-PEIZU,673.75,Low Value,Low Risk,Low Priority
4282-YMKNA,672.75,Low Value,Low Risk,Low Priority
6016-NXBNJ,670.25,Low Value,Low Risk,Low Priority
8859-DZTGQ,671.5500000000001,Low Value,Low Risk,Low Priority
0709-TVGUR,670.9499999999999,Low Value,Low Risk,Low Priority
1518-VOWAV,671.85,Low Value,Low Risk,Low Priority
5383-MMTWC,672.0,Low Value,Low Risk,Low Priority
4116-TZAQJ,668.25,Low Value,Low Risk,Low Priority
2809-ILCYT,670.0,Low Value,Low Risk,Low Priority
3643-AHCFP,669.1999999999999,Low Value,Low Risk,Low Priority
5949-XIKAE,668.4,Low Value,Low Risk,Low Priority
3374-PZLXD,669.8,Low Value,Low Risk,Low Priority
1353-LJWEM,669.9,Low Value,Low Risk,Low Priority
3280-NMUVX,666.4000000000001,Low Value,Low Risk,Low Priority
8357-EQXFO,667.4499999999999,Low Value,Low Risk,Low Priority
0827-ITJPH,667.8000000000001,Low Value,Low Risk,Low Priority
6860-YRJZP,666.4499999999999,Low Value,Low Risk,Low Priority
3472-OAOOR,664.0500000000001,Low Value,Low Risk,Low Priority
6339-YPSAH,664.1999999999999,Low Value,Low Risk,Low Priority
3874-EQOEP,665.0,Low Value,Low Risk,Low Priority
6147-CBCRA,661.65,Low Value,Low Risk,Low Priority
1403-LKLIK,663.3000000000001,Low Value,Low Risk,Low Priority
7446-YPODE,662.75,Low Value,Low Risk,Low Priority
1934-MKPXS,663.3000000000001,Low Value,Low Risk,Low Priority
5505-OVWQW,342.54999999999995,Low Value,Low Risk,Low Priority
6502-HCJTI,662.9,Low Value,Low Risk,Low Priority
3769-MHZNV,663.3000000000001,Low Value,Low Risk,Low Priority
2645-QTLMB,659.75,Low Value,Low Risk,Low Priority
5918-VUKWP,657.6,Low Value,Low Risk,Low Priority
3992-YWPKO,659.4000000000001,Low Value,Low Risk,Low Priority
0260-ZDLGK,656.1,Low Value,Low Risk,Low Priority
5701-ZIKJE,657.15,Low Value,Low Risk,Low Priority
1357-MVDOZ,656.15,Low Value,Low Risk,Low Priority
7321-KKSDU,656.0,Low Value,Low Risk,Low Priority
4626-GYCZP,656.9499999999999,Low Value,Low Risk,Low Priority
2729-VNVAP,653.4,Low Value,Low Risk,Low Priority
5480-XTFFL,651.0,Low Value,Low Risk,Low Priority
8512-WIWYV,651.2,Low Value,Low Risk,Low Priority
1803-BGNBD,651.5999999999999,Low Value,Low Risk,Low Priority
4976-LNFVV,651.6999999999999,Low Value,Low Risk,Low Priority
6447-EGDIV,649.4499999999999,Low Value,Low Risk,Low Priority
8648-PFRMP,648.9,Low Value,Low Risk,Low Priority
9763-GRSKD,649.35,Low Value,Low Risk,Low Priority
1202-KKGFU,650.4000000000001,Low Value,Low Risk,Low Priority
8808-ELEHO,650.0,Low Value,Low Risk,Low Priority
0601-WZHJF,648.9,Low Value,Low Risk,Low Priority
8457-XIGKN,392.0,Low Value,Low Risk,Low Priority
8174-LNWMW,647.9,Low Value,Low Risk,Low Priority
9108-EQPNQ,261.0,Low Value,Low Risk,Low Priority
2320-TZRRH,390.0,Low Value,Low Risk,Low Priority
2397-BRLOM,643.6,Low Value,Low Risk,Low Priority
3863-IUBJR,643.8,Low Value,Low Risk,Low Priority
2650-GYRYL,641.85,Low Value,Low Risk,Low Priority
0301-KOBTQ,641.6,Low Value,Low Risk,Low Priority
4277-PVRAN,640.8,Low Value,Low Risk,Low Priority
1488-SYSFC,640.15,Low Value,Low Risk,Low Priority
6496-JDSSB,640.0,Low Value,Low Risk,Low Priority
3627-FCRDW,639.0,Low Value,Low Risk,Low Priority
0071-NDAFP,637.5,Low Value,Low Risk,Low Priority
3043-SUDUA,636.8,Low Value,Low Risk,Low Priority
3373-DIUUN,637.5,Low Value,Low Risk,Low Priority
8815-LMFLX,635.0,Low Value,Low Risk,Low Priority
5124-EOGYE,633.9499999999999,Low Value,Low Risk,Low Priority
5469-NUJUR,379.05,Low Value,Low Risk,Low Priority
8270-RKSAP,634.5,Low Value,Low Risk,Low Priority
6265-FRMTQ,632.4,Low Value,Low Risk,Low Priority
6133-OZILE,633.6,Low Value,Low Risk,Low Priority
0203-HHYIJ,632.5,Low Value,Low Risk,Low Priority
5871-DGTXZ,633.6,Low Value,Low Risk,Low Priority
1579-KLYDT,633.15,Low Value,Low Risk,Low Priority
2277-AXSDC,632.0,Low Value,Low Risk,Low Priority
3530-VWVGU,437.8,Low Value,Low Risk,Low Priority
6240-EURKS,630.0,Low Value,Low Risk,Low Priority
1304-BCCFO,630.4499999999999,Low Value,Low Risk,Low Priority
5895-QSXOD,630.4499999999999,Low Value,Low Risk,Low Priority
6527-PZFPV,499.2000000000001,Low Value,Low Risk,Low Priority
6838-HVLXG,243.6,Low Value,Low Risk,Low Priority
9134-CEQMF,626.5,Low Value,Low Risk,Low Priority
7479-NITWS,625.4499999999999,Low Value,Low Risk,Low Priority
2599-CZABP,624.4,Low Value,Low Risk,Low Priority
0786-VSSUD,624.0,Low Value,Low Risk,Low Priority
7328-OWMOM,623.1,Low Value,Low Risk,Low Priority
0187-QSXOE,623.0,Low Value,Low Risk,Low Priority
6537-QLGEX,622.4,Low Value,Low Risk,Low Priority
7143-BQIBA,622.5,Low Value,Low Risk,Low Priority
7305-ZWMAJ,621.0,Low Value,Low Risk,Low Priority
8990-ZXLSU,621.4499999999999,Low Value,Low Risk,Low Priority
9643-YBLUR,621.4499999999999,Low Value,Low Risk,Low Priority
6878-GGDWG,620.8,Low Value,Low Risk,Low Priority
6439-LAJXL,620.5500000000001,Low Value,Low Risk,Low Priority
5914-GXMDA,617.6,Low Value,Low Risk,Low Priority
8515-OCTJS,618.75,Low Value,Low Risk,Low Priority
8873-TMKGR,553.9000000000001,Low Value,Low Risk,Low Priority
6625-UTXEW,615.0,Low Value,Low Risk,Low Priority
5311-IHLEI,611.4000000000001,Low Value,Low Risk,Low Priority
4680-KUTAJ,611.6,Low Value,Low Risk,Low Priority
4526-RMTLL,609.2,Low Value,Low Risk,Low Priority
7766-CLTIC,609.5,Low Value,Low Risk,Low Priority
1049-FYSYG,606.05,Low Value,Low Risk,Low Priority
2484-DGXPZ,606.0500000000001,Low Value,Low Risk,Low Priority
9451-LPGOO,607.6,Low Value,Low Risk,Low Priority
3847-BAERP,209.0,Low Value,Low Risk,Low Priority
4635-EJYPD,606.4,Low Value,Low Risk,Low Priority
8584-KMVXD,604.8,Low Value,Low Risk,Low Priority
1925-TIBLE,605.5,Low Value,Low Risk,Low Priority
6859-RKMZJ,605.55,Low Value,Low Risk,Low Priority
4712-AUQZO,604.8000000000001,Low Value,Low Risk,Low Priority
8049-WJCLQ,602.0,Low Value,Low Risk,Low Priority
4285-GYRQC,603.75,Low Value,Low Risk,Low Priority
8182-PNAGI,603.0,Low Value,Low Risk,Low Priority
2011-TRQYE,603.0,Low Value,Low Risk,Low Priority
1535-VTJOQ,603.5999999999999,Low Value,Low Risk,Low Priority
1877-HKBQX,600.6,Low Value,Low Risk,Low Priority
1089-HDMKP,600.05,Low Value,Low Risk,Low Priority
9552-TGUZV,600.0,Low Value,Low Risk,Low Priority
7993-PYKOF,600.0,Low Value,Low Risk,Low Priority
3440-JPSCL,599.7,Low Value,Low Risk,Low Priority
8681-ICONS,598.8499999999999,Low Value,Low Risk,Low Priority
9928-BZVLZ,598.2,Low Value,Low Risk,Low Priority
7176-WIONM,598.2,Low Value,Low Risk,Low Priority
5424-RLQLC,596.5,Low Value,Low Risk,Low Priority
3834-XUIFC,596.4,Low Value,Low Risk,Low Priority
3488-PGMQJ,596.0,Low Value,Low Risk,Low Priority
5174-RNGBH,596.25,Low Value,Low Risk,Low Priority
3235-ETOOB,596.0,Low Value,Low Risk,Low Priority
5405-ZMYXQ,596.8,Low Value,Low Risk,Low Priority
0219-QAERP,594.0,Low Value,Low Risk,Low Priority
2205-YMZZJ,593.6,Low Value,Low Risk,Low Priority
6789-HJBWG,592.8,Low Value,Low Risk,Low Priority
4480-QQRHC,592.4,Low Value,Low Risk,Low Priority
2450-ZKEED,591.8,Low Value,Low Risk,Low Priority
3896-ZVNET,592.8,Low Value,Low Risk,Low Priority
9530-EHPOH,591.25,Low Value,Low Risk,Low Priority
8972-HJWNV,591.85,Low Value,Low Risk,Low Priority
2817-NTQDO,592.15,Low Value,Low Risk,Low Priority
0002-ORFBO,590.4,Low Value,Low Risk,Low Priority
2123-AGEEN,590.4499999999999,Low Value,Low Risk,Low Priority
1270-XKUCC,591.0,Low Value,Low Risk,Low Priority
2446-BEGGB,589.5,Low Value,Low Risk,Low Priority
8205-MQUGY,590.4000000000001,Low Value,Low Risk,Low Priority
8573-JGCZW,334.04999999999995,Low Value,Low Risk,Low Priority
2506-CLAKW,588.9000000000001,Low Value,Low Risk,Low Priority
7026-YMSBE,591.0,Low Value,Low Risk,Low Priority
1577-HKTFG,589.5,Low Value,Low Risk,Low Priority
5789-LDFXO,590.4000000000001,Low Value,Low Risk,Low Priority
1872-EBWSC,590.1500000000001,Low Value,Low Risk,Low Priority
1982-FEBTD,588.8000000000001,Low Value,Low Risk,Low Priority
8791-GFXLZ,588.5999999999999,Low Value,Low Risk,Low Priority
4765-OXPPD,585.0,Low Value,Low Risk,Low Priority
1952-DVVSW,201.0,Low Value,Low Risk,Low Priority
3307-TLCUD,584.8,Low Value,Low Risk,Low Priority
1038-RQOST,391.4,Low Value,Low Risk,Low Priority
4283-IVYCI,584.5500000000001,Low Value,Low Risk,Low Priority
0839-QNXME,582.0,Low Value,Low Risk,Low Priority
3640-JQGJG,582.4,Low Value,Low Risk,Low Priority
3460-TJBWI,580.8,Low Value,Low Risk,Low Priority
3635-JBPSG,582.0,Low Value,Low Risk,Low Priority
9178-JHUVJ,578.4000000000001,Low Value,Low Risk,Low Priority
4641-FROLU,579.0,Low Value,Low Risk,Low Priority
4716-MRVEN,580.0,Low Value,Low Risk,Low Priority
2808-CHTDM,577.3000000000001,Low Value,Low Risk,Low Priority
4950-HKQTE,577.5,Low Value,Low Risk,Low Priority
0536-BGFMZ,574.0,Low Value,Low Risk,Low Priority
3319-DWOEP,574.5,Low Value,Low Risk,Low Priority
1498-DQNRX,575.6500000000001,Low Value,Low Risk,Low Priority
6823-SIDFQ,511.0,Low Value,Low Risk,Low Priority
2829-HYVZP,574.2,Low Value,Low Risk,Low Priority
8082-GHXOP,572.0,Low Value,Low Risk,Low Priority
9648-BCHKM,443.7,Low Value,Low Risk,Low Priority
4774-HHGGS,571.5,Low Value,Low Risk,Low Priority
6510-UPNKS,570.4,Low Value,Low Risk,Low Priority
4646-QZXTF,568.75,Low Value,Low Risk,Low Priority
8735-NBLWT,183.6,Low Value,Low Risk,Low Priority
5445-UTODQ,567.6999999999999,Low Value,Low Risk,Low Priority
4080-OGPJL,569.2,Low Value,Low Risk,Low Priority
3638-DIMPH,569.4,Low Value,Low Risk,Low Priority
3845-JHAMY,568.0,Low Value,Low Risk,Low Priority
9950-MTGYX,568.4,Low Value,Low Risk,Low Priority
0463-ZSDNT,567.5,Low Value,Low Risk,Low Priority
6101-IMRMM,567.0,Low Value,Low Risk,Low Priority
7632-YUTXB,501.25,Low Value,Low Risk,Low Priority
4203-QGNZA,567.0,Low Value,Low Risk,Low Priority
7967-HYCDE,565.6,Low Value,Low Risk,Low Priority
8595-SIZNC,563.2,Low Value,Low Risk,Low Priority
0947-IDHRQ,562.1,Low Value,Low Risk,Low Priority
1596-OQSPS,562.1,Low Value,Low Risk,Low Priority
1627-AFWVJ,562.5999999999999,Low Value,Low Risk,Low Priority
9025-AOMKI,561.3,Low Value,Low Risk,Low Priority
9540-JYROE,560.8,Low Value,Low Risk,Low Priority
9496-IVVRP,561.0,Low Value,Low Risk,Low Priority
0269-XFESX,560.0500000000001,Low Value,Low Risk,Low Priority
9796-BPKIW,559.6,Low Value,Low Risk,Low Priority
2819-GWENI,557.1999999999999,Low Value,Low Risk,Low Priority
8128-YVJRG,557.5500000000001,Low Value,Low Risk,Low Priority
6437-UKHMV,557.9,Low Value,Low Risk,Low Priority
3999-QGRJH,557.6,Low Value,Low Risk,Low Priority
9392-XBGTD,556.2,Low Value,Low Risk,Low Priority
6518-KZXCB,555.5,Low Value,Low Risk,Low Priority
4883-KCPZJ,555.5,Low Value,Low Risk,Low Priority
4324-BZCKL,555.5,Low Value,Low Risk,Low Priority
8108-UXRQN,556.05,Low Value,Low Risk,Low Priority
9796-MVYXX,555.8000000000001,Low Value,Low Risk,Low Priority
2026-TGDHM,555.1,Low Value,Low Risk,Low Priority
7638-QVMVY,553.0,Low Value,Low Risk,Low Priority
3566-VVORZ,550.8,Low Value,Low Risk,Low Priority
2346-CZYIL,549.45,Low Value,Low Risk,Low Priority
3389-KTRXV,548.5500000000001,Low Value,Low Risk,Low Priority
4059-IIEBK,549.85,Low Value,Low Risk,Low Priority
2272-UOINI,549.5,Low Value,Low Risk,Low Priority
1218-VKFPE,228.0,Low Value,Low Risk,Low Priority
8735-DCXNF,549.5,Low Value,Low Risk,Low Priority
7596-IIWYC,546.75,Low Value,Low Risk,Low Priority
9092-GDZKO,546.7,Low Value,Low Risk,Low Priority
6506-EYCNH,547.4,Low Value,Low Risk,Low Priority
5214-CHIWJ,548.1,Low Value,Low Risk,Low Priority
2672-HUYVI,546.5999999999999,Low Value,Low Risk,Low Priority
2472-OVKUP,546.0,Low Value,Low Risk,Low Priority
2957-LOLHO,544.8,Low Value,Low Risk,Low Priority
7966-YOTQW,545.0,Low Value,Low Risk,Low Priority
5392-AKEMH,540.5999999999999,Low Value,Low Risk,Low Priority
8780-IXSTS,540.5999999999999,Low Value,Low Risk,Low Priority
7337-CINUD,156.0,Low Value,Low Risk,Low Priority
5849-ASHZJ,541.35,Low Value,Low Risk,Low Priority
1600-DILPE,540.0,Low Value,Low Risk,Low Priority
9548-LERKT,474.0,Low Value,Low Risk,Low Priority
3462-BJQQA,538.5,Low Value,Low Risk,Low Priority
0003-MKNFE,539.1,Low Value,Low Risk,Low Priority
9534-NSXEM,536.9,Low Value,Low Risk,Low Priority
0345-HKJVM,535.8,Low Value,Low Risk,Low Priority
9030-QGZNL,166.8,Low Value,Low Risk,Low Priority
8035-PWSEV,535.5,Low Value,Low Risk,Low Priority
4609-KNNWG,537.3,Low Value,Low Risk,Low Priority
2990-HWIML,537.0,Low Value,Low Risk,Low Priority
4847-TAJYI,536.0999999999999,Low Value,Low Risk,Low Priority
5171-EPLKN,535.95,Low Value,Low Risk,Low Priority
5778-BVOFB,535.5,Low Value,Low Risk,Low Priority
1907-YLNYW,533.6,Low Value,Low Risk,Low Priority
0164-XAIRP,469.2000000000001,Low Value,Low Risk,Low Priority
3945-GFWQL,534.5999999999999,Low Value,Low Risk,Low Priority
2595-KIWPV,531.9,Low Value,Low Risk,Low Priority
4359-INNWN,340.85,Low Value,Low Risk,Low Priority
3721-WKIIL,529.2,Low Value,Low Risk,Low Priority
2373-NTKOD,530.0,Low Value,Low Risk,Low Priority
4431-EDMIQ,529.9,Low Value,Low Risk,Low Priority
0840-DFEZH,527.4499999999999,Low Value,Low Risk,Low Priority
7797-EJMDP,528.4,Low Value,Low Risk,Low Priority
0142-GVYSN,527.8000000000001,Low Value,Low Risk,Low Priority
7321-ZNSLA,527.15,Low Value,Low Risk,Low Priority
7552-KEYGT,527.85,Low Value,Low Risk,Low Priority
2604-XVDAM,525.5999999999999,Low Value,Low Risk,Low Priority
8325-QRPZR,526.0500000000001,Low Value,Low Risk,Low Priority
6734-GMPVK,526.5,Low Value,Low Risk,Low Priority
5154-VEKBL,526.5,Low Value,Low Risk,Low Priority
9191-MYQKX,526.0500000000001,Low Value,Low Risk,Low Priority
5260-UMPWX,526.5,Low Value,Low Risk,Low Priority
7956-XQWGU,523.8,Low Value,Low Risk,Low Priority
3452-FLHYD,523.75,Low Value,Low Risk,Low Priority
0098-BOWSO,523.8,Low Value,Low Risk,Low Priority
6711-FLDFB,524.3000000000001,Low Value,Low Risk,Low Priority
1271-SJBGZ,523.8,Low Value,Low Risk,Low Priority
8792-AOROI,524.0,Low Value,Low Risk,Low Priority
5568-DMXZS,523.6,Low Value,Low Risk,Low Priority
6100-FJZDG,521.3000000000001,Low Value,Low Risk,Low Priority
0927-LCSMG,522.5500000000001,Low Value,Low Risk,Low Priority
4013-UBXWQ,522.5500000000001,Low Value,Low Risk,Low Priority
2369-UAPKZ,520.5,Low Value,Low Risk,Low Priority
4343-EJVQB,520.4499999999999,Low Value,Low Risk,Low Priority
3486-KHMLI,518.6999999999999,Low Value,Low Risk,Low Priority
3458-IDMFK,518.75,Low Value,Low Risk,Low Priority
1760-CAZHT,520.0,Low Value,Low Risk,Low Priority
3070-DVEYC,516.25,Low Value,Low Risk,Low Priority
9046-JBFWA,517.05,Low Value,Low Risk,Low Priority
0122-OAHPZ,516.9499999999999,Low Value,Low Risk,Low Priority
2709-UQGNP,516.5,Low Value,Low Risk,Low Priority
7996-BPXHY,325.0,Low Value,Low Risk,Low Priority
1998-VHJHK,517.05,Low Value,Low Risk,Low Priority
7407-SUJIZ,515.0,Low Value,Low Risk,Low Priority
4795-UXVCJ,514.8000000000001,Low Value,Low Risk,Low Priority
1196-AMORA,515.1999999999999,Low Value,Low Risk,Low Priority
3629-WEAAM,512.8,Low Value,Low Risk,Low Priority
8229-MYEJZ,512.0,Low Value,Low Risk,Low Priority
3138-BKYAV,512.0999999999999,Low Value,Low Risk,Low Priority
1963-VAUKV,20.4,Low Value,Low Risk,Low Priority
7764-BDPEE,62.55,Low Value,Low Risk,Low Priority
7850-THJMU,510.9,Low Value,Low Risk,Low Priority
4369-HTUIF,510.9,Low Value,Low Risk,Low Priority
6286-ZHAOK,511.0,Low Value,Low Risk,Low Priority
2379-ENZGV,509.1,Low Value,Low Risk,Low Priority
0042-JVWOJ,509.6,Low Value,Low Risk,Low Priority
8067-NIOYM,506.4,Low Value,Low Risk,Low Priority
0196-VULGZ,506.1,Low Value,Low Risk,Low Priority
9621-OUPYD,505.0,Low Value,Low Risk,Low Priority
5868-YWPDW,505.2000000000001,Low Value,Low Risk,Low Priority
0356-ERHVT,504.9,Low Value,Low Risk,Low Priority
0835-DUUIQ,505.2000000000001,Low Value,Low Risk,Low Priority
2120-SMPEX,503.75,Low Value,Low Risk,Low Priority
7267-FRMJW,502.50000000000006,Low Value,Low Risk,Low Priority
8417-FMLZI,501.3,Low Value,Low Risk,Low Priority
0357-NVCRI,501.25,Low Value,Low Risk,Low Priority
9681-OXGVC,502.5,Low Value,Low Risk,Low Priority
3523-BRGUW,501.8,Low Value,Low Risk,Low Priority
1439-LCGVL,499.2,Low Value,Low Risk,Low Priority
1410-RSCMR,499.44999999999993,Low Value,Low Risk,Low Priority
1395-WSWXR,498.0,Low Value,Low Risk,Low Priority
6479-OAUSD,497.5,Low Value,Low Risk,Low Priority
6344-SFJVH,498.0,Low Value,Low Risk,Low Priority
1685-VAYJF,497.2000000000001,Low Value,Low Risk,Low Priority
5859-HZYLF,497.9,Low Value,Low Risk,Low Priority
6061-PQHMK,497.5,Low Value,Low Risk,Low Priority
1069-QJOEE,497.5,Low Value,Low Risk,Low Priority
3727-RJMEO,497.1,Low Value,Low Risk,Low Priority
1750-CSKKM,498.15,Low Value,Low Risk,Low Priority
9210-IAHGH,495.25,Low Value,Low Risk,Low Priority
4236-XPXAV,495.75,Low Value,Low Risk,Low Priority
8865-TNMNX,495.5,Low Value,Low Risk,Low Priority
9873-MNDKV,491.15,Low Value,Low Risk,Low Priority
5931-FLJJF,490.69999999999993,Low Value,Low Risk,Low Priority
7244-KXYZN,490.8,Low Value,Low Risk,Low Priority
5707-ORNDZ,490.95,Low Value,Low Risk,Low Priority
3799-ISUZQ,489.65,Low Value,Low Risk,Low Priority
3594-BDSOA,489.6,Low Value,Low Risk,Low Priority
7319-ZNRTR,490.00000000000006,Low Value,Low Risk,Low Priority
5605-IYGFG,488.94999999999993,Low Value,Low Risk,Low Priority
5590-YRFJT,489.0,Low Value,Low Risk,Low Priority
4464-JCOLN,39.7,Low Value,Low Risk,Low Priority
3701-SFMUH,487.9,Low Value,Low Risk,Low Priority
0516-QREYC,487.2000000000001,Low Value,Low Risk,Low Priority
9489-UTFKA,487.2,Low Value,Low Risk,Low Priority
3129-AAQOU,486.4,Low Value,Low Risk,Low Priority
0428-AXXLJ,487.5,Low Value,Low Risk,Low Priority
4291-SHSBH,486.85,Low Value,Low Risk,Low Priority
5027-QPKTE,485.44999999999993,Low Value,Low Risk,Low Priority
5044-LRQAQ,484.4,Low Value,Low Risk,Low Priority
7369-TRPFD,357.2,Low Value,Low Risk,Low Priority
1834-WULEG,486.0,Low Value,Low Risk,Low Priority
4566-QVRRW,484.55,Low Value,Low Risk,Low Priority
9957-YODKZ,484.8,Low Value,Low Risk,Low Priority
4566-NECEV,482.75,Low Value,Low Risk,Low Priority
5474-LAMUQ,482.4,Low Value,Low Risk,Low Priority
1010-DIAUQ,482.5,Low Value,Low Risk,Low Priority
8993-IZEUX,484.05000000000007,Low Value,Low Risk,Low Priority
2575-GFSOE,483.0,Low Value,Low Risk,Low Priority
4636-QRJKY,483.0,Low Value,Low Risk,Low Priority
3778-FOAQW,483.6,Low Value,Low Risk,Low Priority
7548-SEPYI,481.25,Low Value,Low Risk,Low Priority
6923-AQONU,480.7,Low Value,Low Risk,Low Priority
9152-AMKAK,481.5,Low Value,Low Risk,Low Priority
1849-RJYIG,480.0,Low Value,Low Risk,Low Priority
9862-KJTYK,481.65,Low Value,Low Risk,Low Priority
0306-JAELE,480.5,Low Value,Low Risk,Low Priority
6229-LSCKB,478.2000000000001,Low Value,Low Risk,Low Priority
0487-VVUVK,478.75,Low Value,Low Risk,Low Priority
8194-PEEBY,477.6,Low Value,Low Risk,Low Priority
9467-ROOLM,476.25,Low Value,Low Risk,Low Priority
6419-ZTTLE,477.25,Low Value,Low Risk,Low Priority
7318-EIVKO,474.0,Low Value,Low Risk,Low Priority
3387-VATUS,474.25,Low Value,Low Risk,Low Priority
6400-BWQKW,474.3,Low Value,Low Risk,Low Priority
8173-RXAYP,472.8,Low Value,Low Risk,Low Priority
1356-MKYSK,471.9,Low Value,Low Risk,Low Priority
1089-XZWHH,472.8,Low Value,Low Risk,Low Priority
2995-YWTCD,473.1,Low Value,Low Risk,Low Priority
4192-GORJT,472.25,Low Value,Low Risk,Low Priority
7909-FIOIY,472.15,Low Value,Low Risk,Low Priority
1682-VCOIO,470.35,Low Value,Low Risk,Low Priority
9546-KDTRB,469.3,Low Value,Low Risk,Low Priority
5380-AFSSK,469.5,Low Value,Low Risk,Low Priority
3070-FNFZQ,469.2,Low Value,Low Risk,Low Priority
2680-XKKNJ,465.6,Low Value,Low Risk,Low Priority
8204-TIFGJ,466.9,Low Value,Low Risk,Low Priority
7137-NAXML,463.45,Low Value,Low Risk,Low Priority
5876-QMYLD,461.15,Low Value,Low Risk,Low Priority
2462-XIIJB,462.5,Low Value,Low Risk,Low Priority
0458-HEUZG,460.2,Low Value,Low Risk,Low Priority
1401-FTHFQ,460.0,Low Value,Low Risk,Low Priority
5651-CPDND,460.0,Low Value,Low Risk,Low Priority
6791-YBNAK,459.9,Low Value,Low Risk,Low Priority
8966-OIQHG,456.5,Low Value,Low Risk,Low Priority
8414-MYSHR,457.0,Low Value,Low Risk,Low Priority
6143-JQKEA,458.0,Low Value,Low Risk,Low Priority
2668-TZSPS,20.45,Low Value,Low Risk,Low Priority
8314-DPQHL,457.2,Low Value,Low Risk,Low Priority
0621-TWIEM,455.5,Low Value,Low Risk,Low Priority
9801-NOSHQ,455.4,Low Value,Low Risk,Low Priority
8066-POXGX,456.3,Low Value,Low Risk,Low Priority
7351-KYHQH,454.65,Low Value,Low Risk,Low Priority
8606-OEGQZ,455.4,Low Value,Low Risk,Low Priority
2533-TIBIX,453.0,Low Value,Low Risk,Low Priority
8095-WANWK,452.5,Low Value,Low Risk,Low Priority
7330-WZLNC,454.0,Low Value,Low Risk,Low Priority
8185-UPYBR,453.0,Low Value,Low Risk,Low Priority
8963-MQVYN,452.1,Low Value,Low Risk,Low Priority
7319-VENRZ,450.1,Low Value,Low Risk,Low Priority
1092-WPIVQ,451.8,Low Value,Low Risk,Low Priority
0354-VXMJC,450.8,Low Value,Low Risk,Low Priority
8344-WFMFH,450.9,Low Value,Low Risk,Low Priority
8143-ETQTI,451.95,Low Value,Low Risk,Low Priority
3178-CIFOT,451.95,Low Value,Low Risk,Low Priority
6082-OQFBA,451.95,Low Value,Low Risk,Low Priority
3272-VUHPV,450.4,Low Value,Low Risk,Low Priority
5063-IUOKK,256.75,Low Value,Low Risk,Low Priority
1624-NALOJ,449.0,Low Value,Low Risk,Low Priority
9391-TTOYH,448.5,Low Value,Low Risk,Low Priority
3580-REOAC,448.5,Low Value,Low Risk,Low Priority
4623-ZKHLY,449.9,Low Value,Low Risk,Low Priority
7905-NJMXS,449.4,Low Value,Low Risk,Low Priority
1724-BQUHA,447.5,Low Value,Low Risk,Low Priority
3125-RAHBV,446.6,Low Value,Low Risk,Low Priority
4853-OITSN,445.75,Low Value,Low Risk,Low Priority
9415-TPKRV,446.0,Low Value,Low Risk,Low Priority
5847-MXBEO,446.6,Low Value,Low Risk,Low Priority
4505-EXZHB,446.4,Low Value,Low Risk,Low Priority
8481-YYXWG,446.75,Low Value,Low Risk,Low Priority
6072-NUQCB,445.5,Low Value,Low Risk,Low Priority
7758-XKCBS,445.5,Low Value,Low Risk,Low Priority
0308-IVGOK,444.4,Low Value,Low Risk,Low Priority
9347-AERRL,443.9,Low Value,Low Risk,Low Priority
5842-POCOP,444.5,Low Value,Low Risk,Low Priority
2749-CTKAJ,443.3,Low Value,Low Risk,Low Priority
4018-KJYUY,443.3,Low Value,Low Risk,Low Priority
0423-UDIJQ,442.8,Low Value,Low Risk,Low Priority
5309-TAIKL,439.6,Low Value,Low Risk,Low Priority
2682-KEVRP,441.1,Low Value,Low Risk,Low Priority
9867-NNXLC,441.1,Low Value,Low Risk,Low Priority
5590-ZSKRV,437.2,Low Value,Low Risk,Low Priority
7240-ETPTR,438.75,Low Value,Low Risk,Low Priority
7102-JJVTX,437.4,Low Value,Low Risk,Low Priority
8908-SLFCJ,437.85,Low Value,Low Risk,Low Priority
4632-PAOYU,438.9,Low Value,Low Risk,Low Priority
4280-DLSHD,438.0,Low Value,Low Risk,Low Priority
5515-RUGKN,438.0,Low Value,Low Risk,Low Priority
0277-BKSQP,435.2,Low Value,Low Risk,Low Priority
5372-FBKBN,435.75,Low Value,Low Risk,Low Priority
8069-YQQAJ,435.4,Low Value,Low Risk,Low Priority
6029-CSMJE,436.05,Low Value,Low Risk,Low Priority
0307-BCOPK,304.8,Low Value,Low Risk,Low Priority
8022-BECSI,431.2000000000001,Low Value,Low Risk,Low Priority
4439-JMPMT,428.75,Low Value,Low Risk,Low Priority
1866-ZSLJM,430.5,Low Value,Low Risk,Low Priority
8746-BFOAJ,430.5,Low Value,Low Risk,Low Priority
0567-GGCAC,429.8,Low Value,Low Risk,Low Priority
7527-QNRUS,427.55,Low Value,Low Risk,Low Priority
6432-TWQLB,427.0,Low Value,Low Risk,Low Priority
9229-RQABD,427.5,Low Value,Low Risk,Low Priority
1930-BZLHI,427.35,Low Value,Low Risk,Low Priority
2952-QAYZF,426.5,Low Value,Low Risk,Low Priority
4987-GQWPO,426.7000000000001,Low Value,Low Risk,Low Priority
2135-DQWAQ,426.5,Low Value,Low Risk,Low Priority
4395-PZMSN,427.75,Low Value,Low Risk,Low Priority
4548-SDBKE,426.0,Low Value,Low Risk,Low Priority
0953-LGOVU,426.0,Low Value,Low Risk,Low Priority
6060-DRTNL,424.25,Low Value,Low Risk,Low Priority
9620-ENEJV,423.3,Low Value,Low Risk,Low Priority
9617-UDPEU,423.5,Low Value,Low Risk,Low Priority
8242-SOQUO,423.5,Low Value,Low Risk,Low Priority
1140-UKVZG,421.6,Low Value,Low Risk,Low Priority
1431-CYWMH,419.1,Low Value,Low Risk,Low Priority
7326-RIGQZ,418.8,Low Value,Low Risk,Low Priority
7047-YXDMZ,420.0,Low Value,Low Risk,Low Priority
5685-IIXLY,418.0,Low Value,Low Risk,Low Priority
6015-VVHHE,415.75,Low Value,Low Risk,Low Priority
8779-YIQQA,415.8,Low Value,Low Risk,Low Priority
6435-SRWBJ,413.75,Low Value,Low Risk,Low Priority
3453-RTHJQ,414.6,Low Value,Low Risk,Low Priority
2079-FBMZK,415.5,Low Value,Low Risk,Low Priority
2892-GESUL,348.3,Low Value,Low Risk,Low Priority
7977-HXJKU,411.6,Low Value,Low Risk,Low Priority
0274-JKUJR,411.95,Low Value,Low Risk,Low Priority
4703-MQYKT,411.6,Low Value,Low Risk,Low Priority
4092-OFQZS,413.0,Low Value,Low Risk,Low Priority
7812-FZHPE,409.7000000000001,Low Value,Low Risk,Low Priority
6339-DKLMK,411.45,Low Value,Low Risk,Low Priority
4177-JPDFU,408.0,Low Value,Low Risk,Low Priority
7743-EXURX,408.4,Low Value,Low Risk,Low Priority
7511-YMXVQ,408.6,Low Value,Low Risk,Low Priority
0519-DRGTI,407.0,Low Value,Low Risk,Low Priority
7813-TKCVO,407.0,Low Value,Low Risk,Low Priority
8111-BKVDS,407.0,Low Value,Low Risk,Low Priority
0702-PGIBZ,406.8,Low Value,Low Risk,Low Priority
6410-LEFEN,406.35,Low Value,Low Risk,Low Priority
7649-PHJVR,214.5,Low Value,Low Risk,Low Priority
4143-OOBWZ,406.5,Low Value,Low Risk,Low Priority
0880-TKATG,404.6,Low Value,Low Risk,Low Priority
8718-PTMEZ,403.65,Low Value,Low Risk,Low Priority
4198-VFOEA,403.2000000000001,Low Value,Low Risk,Low Priority
9095-HFAFX,405.0,Low Value,Low Risk,Low Priority
4795-KTRTH,405.0,Low Value,Low Risk,Low Priority
4132-KALRO,403.4,Low Value,Low Risk,Low Priority
6786-OBWQR,404.25,Low Value,Low Risk,Low Priority
3030-YZADT,404.55,Low Value,Low Risk,Low Priority
7563-BIUPC,403.0,Low Value,Low Risk,Low Priority
6458-CYIDZ,403.5,Low Value,Low Risk,Low Priority
6549-NNDYT,401.05,Low Value,Low Risk,Low Priority
2656-TABEH,400.8,Low Value,Low Risk,Low Priority
1223-UNPKS,401.0,Low Value,Low Risk,Low Priority
6918-UMQCG,401.0,Low Value,Low Risk,Low Priority
2164-SOQXL,401.0,Low Value,Low Risk,Low Priority
6941-PMGEP,400.0,Low Value,Low Risk,Low Priority
4712-UYOOI,400.0,Low Value,Low Risk,Low Priority
0587-DMGBH,398.8,Low Value,Low Risk,Low Priority
3556-BVQGL,400.0,Low Value,Low Risk,Low Priority
7693-LCKZL,400.75,Low Value,Low Risk,Low Priority
0495-ZBNGW,399.5,Low Value,Low Risk,Low Priority
3589-PPVKW,399.6,Low Value,Low Risk,Low Priority
9696-RMYBA,400.5,Low Value,Low Risk,Low Priority
0305-SQECB,396.55,Low Value,Low Risk,Low Priority
8775-CEBBJ,397.8,Low Value,Low Risk,Low Priority
2316-ESMLS,397.8,Low Value,Low Risk,Low Priority
2265-CYWIV,398.4,Low Value,Low Risk,Low Priority
3345-PBBFH,396.4,Low Value,Low Risk,Low Priority
3865-ZFZIB,373.35,Low Value,Low Risk,Low Priority
6689-TCZHQ,394.75,Low Value,Low Risk,Low Priority
7610-TVOPG,395.25,Low Value,Low Risk,Low Priority
8314-HTWVE,138.95000000000002,Low Value,Low Risk,Low Priority
5780-INQIK,395.2,Low Value,Low Risk,Low Priority
1964-SVLEA,394.0,Low Value,Low Risk,Low Priority
7295-JOMMD,392.4,Low Value,Low Risk,Low Priority
1569-TTNYJ,393.75,Low Value,Low Risk,Low Priority
1494-EJZDW,201.5,Low Value,Low Risk,Low Priority
5148-HKFIR,394.0,Low Value,Low Risk,Low Priority
2466-FCCPT,394.0,Low Value,Low Risk,Low Priority
4718-DHSMV,393.8,Low Value,Low Risk,Low Priority
6108-OQZDQ,391.8,Low Value,Low Risk,Low Priority
0811-GSDTP,391.95,Low Value,Low Risk,Low Priority
5616-PRTNT,388.0,Low Value,Low Risk,Low Priority
2243-FNMMI,388.0,Low Value,Low Risk,Low Priority
1635-HDGFT,389.5,Low Value,Low Risk,Low Priority
3318-ISQFQ,390.0,Low Value,Low Risk,Low Priority
4425-OWHWB,387.0,Low Value,Low Risk,Low Priority
4804-NCPET,383.8,Low Value,Low Risk,Low Priority
1178-PZGAB,384.75,Low Value,Low Risk,Low Priority
4320-QMLLA,383.95,Low Value,Low Risk,Low Priority
6131-IUNXN,383.8,Low Value,Low Risk,Low Priority
7950-XWOVN,381.7000000000001,Low Value,Low Risk,Low Priority
8098-LLAZX,381.8,Low Value,Low Risk,Low Priority
8999-EXMNO,382.85,Low Value,Low Risk,Low Priority
2788-CJQAQ,252.85,Low Value,Low Risk,Low Priority
9714-EDSUC,379.6,Low Value,Low Risk,Low Priority
6505-OZNPG,380.4,Low Value,Low Risk,Low Priority
7083-YNSKY,381.0,Low Value,Low Risk,Low Priority
3074-GQWYX,379.5,Low Value,Low Risk,Low Priority
9967-ATRFS,378.1,Low Value,Low Risk,Low Priority
2706-QZIHY,378.0,Low Value,Low Risk,Low Priority
6350-XFYGW,379.0,Low Value,Low Risk,Low Priority
9250-WYPLL,377.75,Low Value,Low Risk,Low Priority
8748-HFWBO,378.1,Low Value,Low Risk,Low Priority
8404-VLQFB,378.75,Low Value,Low Risk,Low Priority
6198-ZFIOJ,378.0,Low Value,Low Risk,Low Priority
9763-PDTKK,377.6,Low Value,Low Risk,Low Priority
6112-KTHFQ,250.9,Low Value,Low Risk,Low Priority
1442-BQPVU,378.95,Low Value,Low Risk,Low Priority
8007-YYPWD,375.75,Low Value,Low Risk,Low Priority
1374-DMZUI,377.2,Low Value,Low Risk,Low Priority
6135-OZQVA,375.55,Low Value,Low Risk,Low Priority
1561-BWHIN,376.2,Low Value,Low Risk,Low Priority
0867-LDTTC,375.75,Low Value,Low Risk,Low Priority
5399-ZIMKF,373.25,Low Value,Low Risk,Low Priority
6746-WAUWT,374.3,Low Value,Low Risk,Low Priority
5956-VKDTT,371.75,Low Value,Low Risk,Low Priority
9578-FOMUK,372.0,Low Value,Low Risk,Low Priority
6892-EZDTG,366.6,Low Value,Low Risk,Low Priority
9026-LHEVG,366.75,Low Value,Low Risk,Low Priority
1763-KUAAW,366.3,Low Value,Low Risk,Low Priority
4054-CUMIA,364.5,Low Value,Low Risk,Low Priority
0856-NAOES,365.4,Low Value,Low Risk,Low Priority
0836-SEYLU,365.85,Low Value,Low Risk,Low Priority
0516-VRYBW,362.7,Low Value,Low Risk,Low Priority
4439-YRNVD,362.5,Low Value,Low Risk,Low Priority
1767-TGTKO,363.6,Low Value,Low Risk,Low Priority
4776-XSKYQ,363.0,Low Value,Low Risk,Low Priority
2219-MVUSO,361.2,Low Value,Low Risk,Low Priority
8499-BRXTD,361.8,Low Value,Low Risk,Low Priority
0859-YGKFW,360.9,Low Value,Low Risk,Low Priority
4228-ZGYUW,360.2,Low Value,Low Risk,Low Priority
2333-KWEWW,360.9,Low Value,Low Risk,Low Priority
7542-CYDDM,360.9,Low Value,Low Risk,Low Priority
1328-EUZHC,361.8,Low Value,Low Risk,Low Priority
5816-SCGFC,359.1,Low Value,Low Risk,Low Priority
9565-DJPIB,358.4,Low Value,Low Risk,Low Priority
8246-SHFGA,358.70000000000005,Low Value,Low Risk,Low Priority
6218-KNUBD,356.70000000000005,Low Value,Low Risk,Low Priority
2207-OBZNX,357.0,Low Value,Low Risk,Low Priority
4307-KWMXE,357.5,Low Value,Low Risk,Low Priority
9146-JRIOX,357.7,Low Value,Low Risk,Low Priority
4608-LCIMN,357.2,Low Value,Low Risk,Low Priority
3420-ZDBMA,357.25,Low Value,Low Risk,Low Priority
0895-UADGO,356.4,Low Value,Low Risk,Low Priority
4685-TFLLS,356.40000000000003,Low Value,Low Risk,Low Priority
1273-MTETI,355.4,Low Value,Low Risk,Low Priority
9780-FKVVF,354.9,Low Value,Low Risk,Low Priority
7228-OMTPN,353.8,Low Value,Low Risk,Low Priority
4951-UKAAQ,355.8,Low Value,Low Risk,Low Priority
7636-OWBPG,352.20000000000005,Low Value,Low Risk,Low Priority
9867-JCZSP,352.75,Low Value,Low Risk,Low Priority
1237-WIYYZ,351.90000000000003,Low Value,Low Risk,Low Priority
1057-FOGLZ,353.7,Low Value,Low Risk,Low Priority
8969-PRHFK,353.7,Low Value,Low Risk,Low Priority
3164-AALRN,350.0,Low Value,Low Risk,Low Priority
2815-CPTUL,351.25,Low Value,Low Risk,Low Priority
7677-SJJJK,159.2,Low Value,Low Risk,Low Priority
4933-IKULF,351.04999999999995,Low Value,Low Risk,Low Priority
6715-OFDBP,350.25,Low Value,Low Risk,Low Priority
8901-HJXTF,350.4,Low Value,Low Risk,Low Priority
0282-NVSJS,351.6,Low Value,Low Risk,Low Priority
4378-BZYFP,348.5,Low Value,Low Risk,Low Priority
7021-XSNYE,347.55,Low Value,Low Risk,Low Priority
8563-IIOXK,348.25,Low Value,Low Risk,Low Priority
9430-FRQOC,348.4,Low Value,Low Risk,Low Priority
2058-DCJBE,348.75,Low Value,Low Risk,Low Priority
4544-RXFMG,347.6,Low Value,Low Risk,Low Priority
8485-GJCDN,345.25,Low Value,Low Risk,Low Priority
6082-GLJIX,346.5,Low Value,Low Risk,Low Priority
2408-WITXK,347.0,Low Value,Low Risk,Low Priority
2799-ARNLO,346.75,Low Value,Low Risk,Low Priority
4881-JVQOD,345.5,Low Value,Low Risk,Low Priority
4403-BWPAY,347.2,Low Value,Low Risk,Low Priority
2761-XECQW,346.8,Low Value,Low Risk,Low Priority
4952-YSOGZ,343.8,Low Value,Low Risk,Low Priority
2038-OEQZH,344.2,Low Value,Low Risk,Low Priority
0018-NYROU,344.75,Low Value,Low Risk,Low Priority
1355-KUSBG,341.6,Low Value,Low Risk,Low Priority
2023-VQFDL,342.0,Low Value,Low Risk,Low Priority
0697-ZMSWS,342.6,Low Value,Low Risk,Low Priority
7488-MXJIV,342.6,Low Value,Low Risk,Low Priority
2387-KDZQY,341.70000000000005,Low Value,Low Risk,Low Priority
9847-HNVGP,339.15,Low Value,Low Risk,Low Priority
2100-BDNSN,339.75,Low Value,Low Risk,Low Priority
0219-YTZUE,339.2,Low Value,Low Risk,Low Priority
4958-GZWIY,340.90000000000003,Low Value,Low Risk,Low Priority
4250-FDVOU,337.5,Low Value,Low Risk,Low Priority
8884-MRNSU,338.29999999999995,Low Value,Low Risk,Low Priority
1565-RHDJD,336.2,Low Value,Low Risk,Low Priority
3824-RHKVR,334.9,Low Value,Low Risk,Low Priority
5876-HZVZM,335.4,Low Value,Low Risk,Low Priority
2676-OXPPQ,334.20000000000005,Low Value,Low Risk,Low Priority
7551-DACSP,331.79999999999995,Low Value,Low Risk,Low Priority
5696-EXCYS,330.65,Low Value,Low Risk,Low Priority
7609-NRNCA,332.35,Low Value,Low Risk,Low Priority
0314-TKOSI,330.9,Low Value,Low Risk,Low Priority
8714-CTZJW,331.4,Low Value,Low Risk,Low Priority
3525-DVKFN,329.79999999999995,Low Value,Low Risk,Low Priority
0787-LHDYT,329.6,Low Value,Low Risk,Low Priority
9766-HGEDE,328.95000000000005,Low Value,Low Risk,Low Priority
9332-GYWLO,329.1,Low Value,Low Risk,Low Priority
6599-SFQVE,330.0,Low Value,Low Risk,Low Priority
3058-WQDRE,326.95,Low Value,Low Risk,Low Priority
9761-XUJWD,328.0,Low Value,Low Risk,Low Priority
6696-YDAYZ,328.0,Low Value,Low Risk,Low Priority
1159-WFSGR,326.4,Low Value,Low Risk,Low Priority
4488-PSYCG,324.0,Low Value,Low Risk,Low Priority
4801-JZAZL,325.6,Low Value,Low Risk,Low Priority
2081-VEYEH,323.85,Low Value,Low Risk,Low Priority
5760-IFJOZ,323.85,Low Value,Low Risk,Low Priority
2612-RRIDN,324.0,Low Value,Low Risk,Low Priority
3266-FTKHB,325.54999999999995,Low Value,Low Risk,Low Priority
6648-INWPS,322.4,Low Value,Low Risk,Low Priority
2951-QOQTK,323.2,Low Value,Low Risk,Low Priority
4710-NKCAW,322.0,Low Value,Low Risk,Low Priority
7905-TVXTA,321.75,Low Value,Low Risk,Low Priority
3671-SHRSP,322.4,Low Value,Low Risk,Low Priority
5729-KLZAR,323.4,Low Value,Low Risk,Low Priority
3904-UKFRE,320.4,Low Value,Low Risk,Low Priority
3243-ZHOHY,321.6,Low Value,Low Risk,Low Priority
0999-QXNSA,320.25,Low Value,Low Risk,Low Priority
0793-TWELN,320.6,Low Value,Low Risk,Low Priority
4079-ULGFR,320.0,Low Value,Low Risk,Low Priority
0295-QVKPB,319.75,Low Value,Low Risk,Low Priority
2674-MIAHT,321.2,Low Value,Low Risk,Low Priority
4616-EWBNJ,321.6,Low Value,Low Risk,Low Priority
1251-STYSZ,321.0,Low Value,Low Risk,Low Priority
3372-CDXFJ,318.5,Low Value,Low Risk,Low Priority
9231-ZJYAM,315.4,Low Value,Low Risk,Low Priority
8332-OSJDW,316.79999999999995,Low Value,Low Risk,Low Priority
9227-UAQFT,316.0,Low Value,Low Risk,Low Priority
3855-ONCAR,315.6,Low Value,Low Risk,Low Priority
4210-QFJMF,316.6,Low Value,Low Risk,Low Priority
8573-CGOCC,316.0,Low Value,Low Risk,Low Priority
6496-SLWHQ,315.0,Low Value,Low Risk,Low Priority
3249-ZPQRG,313.8,Low Value,Low Risk,Low Priority
1919-RTPQD,313.25,Low Value,Low Risk,Low Priority
1699-TLDLZ,315.2,Low Value,Low Risk,Low Priority
6036-TTFYU,313.6,Low Value,Low Risk,Low Priority
2332-EFBJY,315.2,Low Value,Low Risk,Low Priority
5057-RKGLH,183.15,Low Value,Low Risk,Low Priority
8242-JSVBO,312.55,Low Value,Low Risk,Low Priority
7786-WBJYI,311.8,Low Value,Low Risk,Low Priority
5533-NHFRF,310.8,Low Value,Low Risk,Low Priority
4311-QTTAI,309.6,Low Value,Low Risk,Low Priority
2096-XOTMO,309.6,Low Value,Low Risk,Low Priority
9483-GCPWE,180.9,Low Value,Low Risk,Low Priority
8887-IPQNC,309.75,Low Value,Low Risk,Low Priority
7634-WSWDB,308.0,Low Value,Low Risk,Low Priority
1915-OAKWD,308.8,Low Value,Low Risk,Low Priority
7998-ZLXWN,306.75,Low Value,Low Risk,Low Priority
4452-QIIEB,307.3,Low Value,Low Risk,Low Priority
0422-OHQHQ,308.25,Low Value,Low Risk,Low Priority
5003-OKNNK,305.25,Low Value,Low Risk,Low Priority
5299-SJCZT,304.65,Low Value,Low Risk,Low Priority
7351-MHQVU,305.70000000000005,Low Value,Low Risk,Low Priority
3683-QKIUE,304.79999999999995,Low Value,Low Risk,Low Priority
8612-GXIDD,304.79999999999995,Low Value,Low Risk,Low Priority
7469-LKBCI,303.2,Low Value,Low Risk,Low Priority
5197-YPYBZ,303.0,Low Value,Low Risk,Low Priority
4749-OJKQU,302.6,Low Value,Low Risk,Low Priority
0221-WMXNQ,301.4,Low Value,Low Risk,Low Priority
0829-DDVLK,301.5,Low Value,Low Risk,Low Priority
1602-IJQQE,301.4,Low Value,Low Risk,Low Priority
8387-UGUSU,300.75,Low Value,Low Risk,Low Priority
8250-ZNGGW,299.5,Low Value,Low Risk,Low Priority
0347-UBKUZ,298.5,Low Value,Low Risk,Low Priority
5688-KZTSN,300.0,Low Value,Low Risk,Low Priority
0722-TROQR,299.6,Low Value,Low Risk,Low Priority
9817-APLHW,300.0,Low Value,Low Risk,Low Priority
7341-LXCAF,298.6,Low Value,Low Risk,Low Priority
3823-KYNQY,299.4,Low Value,Low Risk,Low Priority
9274-CNFMO,299.8,Low Value,Low Risk,Low Priority
2984-MIIZL,299.2,Low Value,Low Risk,Low Priority
9375-MHRRS,300.29999999999995,Low Value,Low Risk,Low Priority
1197-BVMVG,297.8,Low Value,Low Risk,Low Priority
8640-SDGKB,297.6,Low Value,Low Risk,Low Priority
6956-SMUCM,297.0,Low Value,Low Risk,Low Priority
3721-CNZHX,297.0,Low Value,Low Risk,Low Priority
0311-QYWSS,296.70000000000005,Low Value,Low Risk,Low Priority
5577-OTWWW,296.25,Low Value,Low Risk,Low Priority
5384-ZTTWP,297.0,Low Value,Low Risk,Low Priority
5143-EGQFK,296.5,Low Value,Low Risk,Low Priority
7938-OUHIO,296.1,Low Value,Low Risk,Low Priority
8138-EALND,296.25,Low Value,Low Risk,Low Priority
1213-NGCUN,297.9,Low Value,Low Risk,Low Priority
6040-CGACY,294.0,Low Value,Low Risk,Low Priority
1272-ILHFG,294.75,Low Value,Low Risk,Low Priority
4585-HETAI,295.0,Low Value,Low Risk,Low Priority
0621-JFHOL,296.0,Low Value,Low Risk,Low Priority
5016-ETTFF,295.0,Low Value,Low Risk,Low Priority
8124-NZVGJ,295.5,Low Value,Low Risk,Low Priority
4452-ROHMO,294.0,Low Value,Low Risk,Low Priority
3144-AUDBS,294.9,Low Value,Low Risk,Low Priority
5312-TSZVC,294.75,Low Value,Low Risk,Low Priority
9644-UMGQA,294.9,Low Value,Low Risk,Low Priority
4451-RWASJ,292.5,Low Value,Low Risk,Low Priority
7742-MYPGI,292.79999999999995,Low Value,Low Risk,Low Priority
0329-GTIAJ,293.70000000000005,Low Value,Low Risk,Low Priority
2266-FUBDZ,290.25,Low Value,Low Risk,Low Priority
2223-KAGMX,291.0,Low Value,Low Risk,Low Priority
8944-AILEF,291.75,Low Value,Low Risk,Low Priority
9239-ZBZZV,287.70000000000005,Low Value,Low Risk,Low Priority
8111-RKSPX,288.8,Low Value,Low Risk,Low Priority
3549-ZTMNH,288.0,Low Value,Low Risk,Low Priority
6698-OXETB,224.4,Low Value,Low Risk,Low Priority
3049-SOLAY,285.6,Low Value,Low Risk,Low Priority
7817-OMJNA,285.6,Low Value,Low Risk,Low Priority
1245-HARPS,285.6,Low Value,Low Risk,Low Priority
2984-AFWNC,286.20000000000005,Low Value,Low Risk,Low Priority
7398-SKNQZ,284.70000000000005,Low Value,Low Risk,Low Priority
5150-ITWWB,284.54999999999995,Low Value,Low Risk,Low Priority
3376-BMGFE,283.6,Low Value,Low Risk,Low Priority
9944-HKVVB,285.29999999999995,Low Value,Low Risk,Low Priority
5567-WSELE,283.79999999999995,Low Value,Low Risk,Low Priority
3496-LFSZU,282.0,Low Value,Low Risk,Low Priority
6508-NJYRO,282.0,Low Value,Low Risk,Low Priority
0644-OQMDK,282.6,Low Value,Low Risk,Low Priority
4763-PGDPO,281.6,Low Value,Low Risk,Low Priority
2187-LZGPL,280.7,Low Value,Low Risk,Low Priority
3113-IWHLC,279.0,Low Value,Low Risk,Low Priority
2568-BRGYX,280.8,Low Value,Low Risk,Low Priority
7044-YAACC,280.8,Low Value,Low Risk,Low Priority
2608-BHKFN,280.2,Low Value,Low Risk,Low Priority
4482-FTFFX,280.75,Low Value,Low Risk,Low Priority
4324-AHJKS,279.0,Low Value,Low Risk,Low Priority
9408-SSNVZ,280.6,Low Value,Low Risk,Low Priority
3190-FZATL,279.3,Low Value,Low Risk,Low Priority
8317-BVKSO,280.7,Low Value,Low Risk,Low Priority
8217-QYOHV,278.75,Low Value,Low Risk,Low Priority
3223-DWFIO,277.4,Low Value,Low Risk,Low Priority
8120-JDCAM,278.2,Low Value,Low Risk,Low Priority
0804-XBFBV,277.2,Low Value,Low Risk,Low Priority
6921-OZMFH,278.5,Low Value,Low Risk,Low Priority
3061-BCKYI,278.6,Low Value,Low Risk,Low Priority
6674-KVJHG,277.2,Low Value,Low Risk,Low Priority
5442-UTCVD,275.54999999999995,Low Value,Low Risk,Low Priority
3082-WQRVY,275.1,Low Value,Low Risk,Low Priority
9845-QOMAD,276.5,Low Value,Low Risk,Low Priority
2138-VFAPZ,275.8,Low Value,Low Risk,Low Priority
1734-ZMNTZ,275.0,Low Value,Low Risk,Low Priority
3318-NMQXL,276.0,Low Value,Low Risk,Low Priority
7554-AKDQF,273.9,Low Value,Low Risk,Low Priority
3131-NWVFJ,273.7,Low Value,Low Risk,Low Priority
5095-AESKG,274.5,Low Value,Low Risk,Low Priority
2141-RRYGO,274.6,Low Value,Low Risk,Low Priority
4647-XXZAM,273.0,Low Value,Low Risk,Low Priority
4881-GQJTW,274.40000000000003,Low Value,Low Risk,Low Priority
1389-CXMLU,273.15,Low Value,Low Risk,Low Priority
3423-HHXAO,273.0,Low Value,Low Risk,Low Priority
0516-WJVXC,271.0,Low Value,Low Risk,Low Priority
1345-ZUKID,270.90000000000003,Low Value,Low Risk,Low Priority
1843-TLSGD,271.05,Low Value,Low Risk,Low Priority
3071-VBYPO,269.54999999999995,Low Value,Low Risk,Low Priority
5027-XWQHA,268.5,Low Value,Low Risk,Low Priority
4257-GAESD,270.0,Low Value,Low Risk,Low Priority
3258-SANFR,268.20000000000005,Low Value,Low Risk,Low Priority
7593-JNWRU,267.6,Low Value,Low Risk,Low Priority
2235-DWLJU,266.4,Low Value,Low Risk,Low Priority
3752-CQSJI,265.85,Low Value,Low Risk,Low Priority
4486-EFAEB,265.2,Low Value,Low Risk,Low Priority
4184-TJFAN,264.9,Low Value,Low Risk,Low Priority
1790-NESIO,265.2,Low Value,Low Risk,Low Priority
0772-GYEQQ,265.04999999999995,Low Value,Low Risk,Low Priority
5172-MIGPM,262.2,Low Value,Low Risk,Low Priority
6131-JLWZM,263.90000000000003,Low Value,Low Risk,Low Priority
8404-GFGCZ,262.4,Low Value,Low Risk,Low Priority
5039-LZRQT,262.6,Low Value,Low Risk,Low Priority
7473-ZBDSN,263.2,Low Value,Low Risk,Low Priority
4323-ELYYB,260.0,Low Value,Low Risk,Low Priority
7277-KAMWT,260.0,Low Value,Low Risk,Low Priority
4140-MUHUG,260.54999999999995,Low Value,Low Risk,Low Priority
5546-QUERU,259.35,Low Value,Low Risk,Low Priority
9522-ZSINC,259.35,Low Value,Low Risk,Low Priority
0594-UFTUL,258.05,Low Value,Low Risk,Low Priority
1212-GLHMD,258.15,Low Value,Low Risk,Low Priority
3137-LUPIX,257.6,Low Value,Low Risk,Low Priority
5014-GSOUQ,259.35,Low Value,Low Risk,Low Priority
3916-NRPAP,257.1,Low Value,Low Risk,Low Priority
0956-SYCWG,255.45,Low Value,Low Risk,Low Priority
0378-TOVMS,257.4,Low Value,Low Risk,Low Priority
7554-NEWDD,257.0,Low Value,Low Risk,Low Priority
5404-GGUKR,256.75,Low Value,Low Risk,Low Priority
3078-ZKNTS,256.75,Low Value,Low Risk,Low Priority
3198-VELRD,254.25,Low Value,Low Risk,Low Priority
0854-UYHZD,254.15,Low Value,Low Risk,Low Priority
8785-EPNCG,254.65,Low Value,Low Risk,Low Priority
1564-HJUVY,255.0,Low Value,Low Risk,Low Priority
3669-LVWZB,255.0,Low Value,Low Risk,Low Priority
7284-BUYEC,254.75,Low Value,Low Risk,Low Priority
8044-BGWPI,253.8,Low Value,Low Risk,Low Priority
0013-EXCHZ,251.7,Low Value,Low Risk,Low Priority
4130-MZLCC,252.75,Low Value,Low Risk,Low Priority
0225-ZORZP,252.9,Low Value,Low Risk,Low Priority
0547-HURJB,252.6,Low Value,Low Risk,Low Priority
6828-HMKWP,252.6,Low Value,Low Risk,Low Priority
9026-RNUJS,251.75,Low Value,Low Risk,Low Priority
4770-QAZXN,252.85,Low Value,Low Risk,Low Priority
2592-HODOV,250.9,Low Value,Low Risk,Low Priority
1397-XKKWR,247.1,Low Value,Low Risk,Low Priority
0641-EVBOJ,246.9,Low Value,Low Risk,Low Priority
2075-RMJIK,247.0,Low Value,Low Risk,Low Priority
2259-OUUSZ,248.5,Low Value,Low Risk,Low Priority
5555-RNPGT,248.0,Low Value,Low Risk,Low Priority
6476-EPYZR,246.0,Low Value,Low Risk,Low Priority
8942-DBMHZ,245.4,Low Value,Low Risk,Low Priority
8313-KTIHG,245.2,Low Value,Low Risk,Low Priority
1539-LNKHM,244.8,Low Value,Low Risk,Low Priority
5018-HEKFO,245.0,Low Value,Low Risk,Low Priority
6633-MPWBS,246.0,Low Value,Low Risk,Low Priority
4625-EWPTF,243.6,Low Value,Low Risk,Low Priority
3682-YEUWS,244.0,Low Value,Low Risk,Low Priority
0064-SUDOG,243.6,Low Value,Low Risk,Low Priority
0334-GDDSO,244.05,Low Value,Low Risk,Low Priority
3387-PLKUI,244.4,Low Value,Low Risk,Low Priority
2789-HQBOU,241.05,Low Value,Low Risk,Low Priority
9897-KXHCM,240.9,Low Value,Low Risk,Low Priority
4086-YQSNZ,241.2,Low Value,Low Risk,Low Priority
6357-JJPQT,241.5,Low Value,Low Risk,Low Priority
3239-TPHPZ,240.6,Low Value,Low Risk,Low Priority
3191-CSNMG,242.1,Low Value,Low Risk,Low Priority
5993-BQHEA,240.6,Low Value,Low Risk,Low Priority
7777-UNYHB,241.2,Low Value,Low Risk,Low Priority
5777-ZPQNC,241.8,Low Value,Low Risk,Low Priority
8259-NFJTV,242.55,Low Value,Low Risk,Low Priority
6204-IEUXJ,240.3,Low Value,Low Risk,Low Priority
1976-AZZPJ,239.40000000000003,Low Value,Low Risk,Low Priority
6161-UUUTA,239.7,Low Value,Low Risk,Low Priority
4290-BSXUX,238.95,Low Value,Low Risk,Low Priority
2740-JFBOK,240.0,Low Value,Low Risk,Low Priority
1429-UYJSV,236.4,Low Value,Low Risk,Low Priority
7074-IEVOJ,238.2,Low Value,Low Risk,Low Priority
1038-ZAGBI,237.6,Low Value,Low Risk,Low Priority
1678-FYZOW,238.2,Low Value,Low Risk,Low Priority
5442-PPTJY,236.4,Low Value,Low Risk,Low Priority
4587-NUKOX,237.3,Low Value,Low Risk,Low Priority
1680-VDCWW,237.6,Low Value,Low Risk,Low Priority
6110-OHIHY,237.75,Low Value,Low Risk,Low Priority
1563-IWQEX,236.4,Low Value,Low Risk,Low Priority
0224-HJAPT,235.75,Low Value,Low Risk,Low Priority
5233-GEEAX,235.2,Low Value,Low Risk,Low Priority
5133-VRSAB,234.8,Low Value,Low Risk,Low Priority
9837-BMCLM,235.5,Low Value,Low Risk,Low Priority
7421-ZLUPA,234.0,Low Value,Low Risk,Low Priority
1548-ARAGG,234.0,Low Value,Low Risk,Low Priority
4573-JKNAE,232.2,Low Value,Low Risk,Low Priority
2882-DDZPG,233.4,Low Value,Low Risk,Low Priority
3750-RNQKR,233.4,Low Value,Low Risk,Low Priority
8543-MSDMF,232.2,Low Value,Low Risk,Low Priority
5961-VUSRV,232.2,Low Value,Low Risk,Low Priority
0208-BPQEJ,232.8,Low Value,Low Risk,Low Priority
5158-RIVOP,229.9,Low Value,Low Risk,Low Priority
9837-FWLCH,230.4,Low Value,Low Risk,Low Priority
5602-BVFMK,231.6,Low Value,Low Risk,Low Priority
6598-RFFVI,38.6,Low Value,Low Risk,Low Priority
4063-EIKNQ,230.45,Low Value,Low Risk,Low Priority
5835-BEQEU,230.85,Low Value,Low Risk,Low Priority
3317-HRTNN,228.5,Low Value,Low Risk,Low Priority
7576-OYWBN,228.15,Low Value,Low Risk,Low Priority
3370-HXOPH,228.3,Low Value,Low Risk,Low Priority
5122-CYFXA,225.9,Low Value,Low Risk,Low Priority
9708-HPXWZ,227.0,Low Value,Low Risk,Low Priority
8976-OQHGT,226.0,Low Value,Low Risk,Low Priority
4581-SSPWD,227.4,Low Value,Low Risk,Low Priority
6924-TDGMT,226.05,Low Value,Low Risk,Low Priority
5543-QDCRY,225.6,Low Value,Low Risk,Low Priority
8388-FYNPZ,227.0,Low Value,Low Risk,Low Priority
0925-VYDLG,225.75,Low Value,Low Risk,Low Priority
7706-DZNKK,224.95,Low Value,Low Risk,Low Priority
2276-YDAVZ,225.3,Low Value,Low Risk,Low Priority
2800-VEQXM,224.25,Low Value,Low Risk,Low Priority
7823-JSOAG,223.5,Low Value,Low Risk,Low Priority
3411-WLRSQ,223.8,Low Value,Low Risk,Low Priority
9932-WBWIK,223.85,Low Value,Low Risk,Low Priority
6424-ELEYH,224.25,Low Value,Low Risk,Low Priority
7521-AFHAB,224.0,Low Value,Low Risk,Low Priority
5570-PTWEH,225.45,Low Value,Low Risk,Low Priority
6994-KERXL,223.6,Low Value,Low Risk,Low Priority
2371-JUNGC,222.75,Low Value,Low Risk,Low Priority
0404-SWRVG,223.2,Low Value,Low Risk,Low Priority
3055-MJDSB,221.4,Low Value,Low Risk,Low Priority
9306-CPCBC,222.75,Low Value,Low Risk,Low Priority
9398-MMQTO,223.35,Low Value,Low Risk,Low Priority
4854-CIDCF,221.55,Low Value,Low Risk,Low Priority
9850-OWRHQ,222.3,Low Value,Low Risk,Low Priority
3446-QDSZF,222.0,Low Value,Low Risk,Low Priority
8084-OIVBS,220.0,Low Value,Low Risk,Low Priority
6861-OKBCE,221.1,Low Value,Low Risk,Low Priority
0967-BMLBD,220.0,Low Value,Low Risk,Low Priority
9442-JTWDL,220.55,Low Value,Low Risk,Low Priority
1635-FJFCC,220.25,Low Value,Low Risk,Low Priority
8617-ENBDS,220.8,Low Value,Low Risk,Low Priority
4895-TMWIR,219.45,Low Value,Low Risk,Low Priority
1260-TTRXI,217.2,Low Value,Low Risk,Low Priority
5542-DHSXL,218.8,Low Value,Low Risk,Low Priority
6319-QSUSR,216.7,Low Value,Low Risk,Low Priority
6158-DWPZT,216.9,Low Value,Low Risk,Low Priority
8740-XLHDR,216.25,Low Value,Low Risk,Low Priority
0486-LGCCH,216.15,Low Value,Low Risk,Low Priority
1093-YSWCA,215.05,Low Value,Low Risk,Low Priority
2710-WYVXG,213.3,Low Value,Low Risk,Low Priority
7379-POKDZ,210.9,Low Value,Low Risk,Low Priority
8003-EWNDZ,212.0,Low Value,Low Risk,Low Priority
6168-WFVVF,210.9,Low Value,Low Risk,Low Priority
0734-OXWBT,212.1,Low Value,Low Risk,Low Priority
9633-XQABV,210.75,Low Value,Low Risk,Low Priority
2055-PDADH,211.2,Low Value,Low Risk,Low Priority
1875-QIVME,208.8,Low Value,Low Risk,Low Priority
7245-NIIWQ,209.55,Low Value,Low Risk,Low Priority
0455-XFASS,208.65,Low Value,Low Risk,Low Priority
2826-DXLQO,208.6,Low Value,Low Risk,Low Priority
3750-YHRYO,144.54999999999998,Low Value,Low Risk,Low Priority
0909-SDHNU,208.6,Low Value,Low Risk,Low Priority
4919-MOAVT,208.95,Low Value,Low Risk,Low Priority
7159-FVYPK,207.45,Low Value,Low Risk,Low Priority
6923-EFPNL,207.0,Low Value,Low Risk,Low Priority
1784-BXEFA,205.5,Low Value,Low Risk,Low Priority
9512-PHSMG,205.5,Low Value,Low Risk,Low Priority
3724-BSCVH,204.5,Low Value,Low Risk,Low Priority
1636-NTNCO,203.8,Low Value,Low Risk,Low Priority
7665-VIGUD,203.5,Low Value,Low Risk,Low Priority
6464-KEXXH,202.0,Low Value,Low Risk,Low Priority
7009-LGECI,202.2,Low Value,Low Risk,Low Priority
7339-POGZN,202.8,Low Value,Low Risk,Low Priority
0420-BWTPW,204.0,Low Value,Low Risk,Low Priority
2626-URJFX,203.6,Low Value,Low Risk,Low Priority
2235-ZGKPT,203.4,Low Value,Low Risk,Low Priority
8439-LTUGF,200.0,Low Value,Low Risk,Low Priority
7379-FNIUJ,200.4,Low Value,Low Risk,Low Priority
8722-NGNBH,200.0,Low Value,Low Risk,Low Priority
0380-ZCSBI,200.0,Low Value,Low Risk,Low Priority
5071-FBJFS,201.2,Low Value,Low Risk,Low Priority
4860-YZGZM,200.0,Low Value,Low Risk,Low Priority
7094-MSZAO,200.5,Low Value,Low Risk,Low Priority
9462-MJUAW,201.6,Low Value,Low Risk,Low Priority
4182-BGSIQ,198.0,Low Value,Low Risk,Low Priority
3675-YDUPJ,198.5,Low Value,Low Risk,Low Priority
4936-YPJNK,199.0,Low Value,Low Risk,Low Priority
4318-RAJVY,198.0,Low Value,Low Risk,Low Priority
0221-NAUXK,199.5,Low Value,Low Risk,Low Priority
0114-RSRRW,199.5,Low Value,Low Risk,Low Priority
5669-SRAIP,197.5,Low Value,Low Risk,Low Priority
5295-PCJOO,197.6,Low Value,Low Risk,Low Priority
3146-JTQHR,196.0,Low Value,Low Risk,Low Priority
1456-TWCGB,197.0,Low Value,Low Risk,Low Priority
1230-QAJDW,195.75,Low Value,Low Risk,Low Priority
8076-FEZKJ,195.0,Low Value,Low Risk,Low Priority
7089-RKVSZ,195.2,Low Value,Low Risk,Low Priority
2636-OHFMN,194.2,Low Value,Low Risk,Low Priority
5356-CSVSQ,193.8,Low Value,Low Risk,Low Priority
6645-MXQJT,194.2,Low Value,Low Risk,Low Priority
1215-VFYVK,193.0,Low Value,Low Risk,Low Priority
4815-TUMEQ,193.0,Low Value,Low Risk,Low Priority
0754-UKWQP,191.7,Low Value,Low Risk,Low Priority
4957-TREIR,193.2,Low Value,Low Risk,Low Priority
3158-MOERK,192.0,Low Value,Low Risk,Low Priority
8413-VONUO,191.3,Low Value,Low Risk,Low Priority
4398-HSCJH,190.8,Low Value,Low Risk,Low Priority
7851-WZEKY,190.3,Low Value,Low Risk,Low Priority
5649-ANRML,190.2,Low Value,Low Risk,Low Priority
6549-YMFAW,191.25,Low Value,Low Risk,Low Priority
4929-XIHVW,191.0,Low Value,Low Risk,Low Priority
5349-IECLD,189.9,Low Value,Low Risk,Low Priority
2720-WGKHP,188.0,Low Value,Low Risk,Low Priority
4424-TKOPW,187.7,Low Value,Low Risk,Low Priority
7024-OHCCK,187.7,Low Value,Low Risk,Low Priority
9546-CQJSU,182.8,Low Value,Low Risk,Low Priority
2831-EBWRN,183.6,Low Value,Low Risk,Low Priority
5175-AOBHI,184.0,Low Value,Low Risk,Low Priority
2718-GAXQD,184.0,Low Value,Low Risk,Low Priority
4568-TTZRT,183.6,Low Value,Low Risk,Low Priority
5091-HFAZW,182.3,Low Value,Low Risk,Low Priority
7396-VJUZB,181.0,Low Value,Low Risk,Low Priority
2791-SFVEW,181.35,Low Value,Low Risk,Low Priority
4083-EUGRJ,182.25,Low Value,Low Risk,Low Priority
4137-BTIKL,181.5,Low Value,Low Risk,Low Priority
8631-XVRZL,181.35,Low Value,Low Risk,Low Priority
3043-TYBNO,181.95,Low Value,Low Risk,Low Priority
0411-EZJZE,180.75,Low Value,Low Risk,Low Priority
0139-IVFJG,180.7,Low Value,Low Risk,Low Priority
3859-CVCET,182.6,Low Value,Low Risk,Low Priority
6278-FEPBZ,182.25,Low Value,Low Risk,Low Priority
8229-TNIQA,181.2,Low Value,Low Risk,Low Priority
9348-YVOMK,179.2,Low Value,Low Risk,Low Priority
3703-VAVCL,180.0,Low Value,Low Risk,Low Priority
5644-PDMZC,179.0,Low Value,Low Risk,Low Priority
0310-VQXAM,178.65,Low Value,Low Risk,Low Priority
2074-GKOWZ,179.1,Low Value,Low Risk,Low Priority
6202-JVYEU,179.1,Low Value,Low Risk,Low Priority
8075-GXIUB,178.65,Low Value,Low Risk,Low Priority
7878-JGDKK,178.2,Low Value,Low Risk,Low Priority
9424-CMPOG,176.4,Low Value,Low Risk,Low Priority
6624-JDRDS,176.7,Low Value,Low Risk,Low Priority
3352-RICWQ,177.75,Low Value,Low Risk,Low Priority
5396-IZEPB,177.29999999999998,Low Value,Low Risk,Low Priority
4695-WJZUE,177.1,Low Value,Low Risk,Low Priority
5624-RYAMH,175.5,Low Value,Low Risk,Low Priority
5318-IXUZF,174.3,Low Value,Low Risk,Low Priority
0319-QZTCO,176.10000000000002,Low Value,Low Risk,Low Priority
7727-SHVZV,175.5,Low Value,Low Risk,Low Priority
9027-YFHQJ,175.35,Low Value,Low Risk,Low Priority
1329-VHWNP,175.35,Low Value,Low Risk,Low Priority
3097-NQYSN,173.7,Low Value,Low Risk,Low Priority
5215-LNLDJ,172.9,Low Value,Low Risk,Low Priority
0133-BMFZO,172.5,Low Value,Low Risk,Low Priority
6275-YDUVO,172.4,Low Value,Low Risk,Low Priority
5277-ZLOOR,171.1,Low Value,Low Risk,Low Priority
0259-GBZSH,171.3,Low Value,Low Risk,Low Priority
6474-FVJLC,172.0,Low Value,Low Risk,Low Priority
5882-CMAZQ,171.25,Low Value,Low Risk,Low Priority
0220-EBGCE,171.7,Low Value,Low Risk,Low Priority
1991-VOPLL,171.45000000000002,Low Value,Low Risk,Low Priority
9795-VOWON,170.45000000000002,Low Value,Low Risk,Low Priority
7880-XSOJX,169.6,Low Value,Low Risk,Low Priority
8824-RWFXJ,168.45,Low Value,Low Risk,Low Priority
3489-HHPFY,168.1,Low Value,Low Risk,Low Priority
1045-LTCYT,168.4,Low Value,Low Risk,Low Priority
8963-JLGJT,167.7,Low Value,Low Risk,Low Priority
3656-TKRVZ,166.05,Low Value,Low Risk,Low Priority
3717-FDJFU,102.25,Low Value,Low Risk,Low Priority
6407-UTSLV,167.6,Low Value,Low Risk,Low Priority
4484-CGXFK,165.89999999999998,Low Value,Low Risk,Low Priority
9269-CQOOL,164.10000000000002,Low Value,Low Risk,Low Priority
9261-WDCAF,163.95,Low Value,Low Risk,Low Priority
1614-JBEBI,165.6,Low Value,Low Risk,Low Priority
8806-EAGWC,165.45,Low Value,Low Risk,Low Priority
0807-ZABDG,165.3,Low Value,Low Risk,Low Priority
7314-OXENN,164.0,Low Value,Low Risk,Low Priority
7140-ADSMJ,163.6,Low Value,Low Risk,Low Priority
9050-IKDZA,163.0,Low Value,Low Risk,Low Priority
1850-AKQEP,162.8,Low Value,Low Risk,Low Priority
8388-DMKAE,162.0,Low Value,Low Risk,Low Priority
5345-BMKWB,162.0,Low Value,Low Risk,Low Priority
8183-ONMXC,161.5,Low Value,Low Risk,Low Priority
4918-QLLIW,160.2,Low Value,Low Risk,Low Priority
7845-URHJN,161.2,Low Value,Low Risk,Low Priority
4234-XTNEA,159.9,Low Value,Low Risk,Low Priority
0224-NIJLP,161.2,Low Value,Low Risk,Low Priority
2017-CCBLH,160.0,Low Value,Low Risk,Low Priority
8943-URTMR,159.3,Low Value,Low Risk,Low Priority
9317-WZPGV,159.5,Low Value,Low Risk,Low Priority
1981-INRFU,159.5,Low Value,Low Risk,Low Priority
2717-HVIZY,160.4,Low Value,Low Risk,Low Priority
3130-ICDUP,161.1,Low Value,Low Risk,Low Priority
3748-FVMZZ,160.2,Low Value,Low Risk,Low Priority
4741-WWJQZ,160.3,Low Value,Low Risk,Low Priority
4694-PHWFW,159.6,Low Value,Low Risk,Low Priority
8086-OVPWV,160.4,Low Value,Low Risk,Low Priority
5712-PTIWW,159.7,Low Value,Low Risk,Low Priority
7760-OYPDY,161.3,Low Value,Low Risk,Low Priority
6923-JHPMP,160.9,Low Value,Low Risk,Low Priority
8642-GVWRF,159.4,Low Value,Low Risk,Low Priority
9689-PTNPG,160.5,Low Value,Low Risk,Low Priority
4529-CKBCL,160.4,Low Value,Low Risk,Low Priority
2868-SNELZ,161.2,Low Value,Low Risk,Low Priority
3422-GALYP,158.9,Low Value,Low Risk,Low Priority
5726-CVNYA,158.8,Low Value,Low Risk,Low Priority
5647-URDKA,157.6,Low Value,Low Risk,Low Priority
2466-NEJOJ,157.2,Low Value,Low Risk,Low Priority
3420-YJLQT,159.1,Low Value,Low Risk,Low Priority
1222-LRYKO,158.10000000000002,Low Value,Low Risk,Low Priority
1226-JZNKR,158.4,Low Value,Low Risk,Low Priority
5561-NWEVX,158.4,Low Value,Low Risk,Low Priority
2667-WYLWJ,158.0,Low Value,Low Risk,Low Priority
3981-QSVQI,157.6,Low Value,Low Risk,Low Priority
4365-MSDYN,156.4,Low Value,Low Risk,Low Priority
8148-WOCMK,156.8,Low Value,Low Risk,Low Priority
2229-DPMBI,156.0,Low Value,Low Risk,Low Priority
4801-KFYKL,155.6,Low Value,Low Risk,Low Priority
1304-NECVQ,157.1,Low Value,Low Risk,Low Priority
1735-XMJVH,154.8,Low Value,Low Risk,Low Priority
3694-DELSO,154.2,Low Value,Low Risk,Low Priority
0637-KVDLV,153.0,Low Value,Low Risk,Low Priority
9498-FIMXL,153.6,Low Value,Low Risk,Low Priority
6979-TNDEU,153.6,Low Value,Low Risk,Low Priority
9631-XEYKE,151.2,Low Value,Low Risk,Low Priority
8364-TRMMK,151.95,Low Value,Low Risk,Low Priority
2516-VQRRV,150.9,Low Value,Low Risk,Low Priority
6637-KYRCV,152.5,Low Value,Low Risk,Low Priority
8433-WXGNA,151.4,Low Value,Low Risk,Low Priority
3329-WDIOK,151.8,Low Value,Low Risk,Low Priority
2005-DWQZJ,152.4,Low Value,Low Risk,Low Priority
4026-SKKHW,150.75,Low Value,Low Risk,Low Priority
3283-WCWXT,152.39999999999998,Low Value,Low Risk,Low Priority
1763-WQFUK,151.5,Low Value,Low Risk,Low Priority
1597-FZREH,152.8,Low Value,Low Risk,Low Priority
7598-UAASY,152.8,Low Value,Low Risk,Low Priority
1618-CFHME,151.8,Low Value,Low Risk,Low Priority
0929-HYQEW,150.45,Low Value,Low Risk,Low Priority
5896-NPFWW,150.45,Low Value,Low Risk,Low Priority
9575-IWCAZ,150.60000000000002,Low Value,Low Risk,Low Priority
2080-GKCWQ,149.9,Low Value,Low Risk,Low Priority
4770-UEZOX,149.5,Low Value,Low Risk,Low Priority
6221-AVQYL,146.5,Low Value,Low Risk,Low Priority
8878-HMWBV,147.45,Low Value,Low Risk,Low Priority
2983-ZANRP,147.1,Low Value,Low Risk,Low Priority
2880-FPNAE,148.4,Low Value,Low Risk,Low Priority
2351-RRBUE,144.54999999999998,Low Value,Low Risk,Low Priority
3530-CRZSB,144.54999999999998,Low Value,Low Risk,Low Priority
3295-YVUSR,145.2,Low Value,Low Risk,Low Priority
3012-VFFMN,144.54999999999998,Low Value,Low Risk,Low Priority
0750-EKNGL,145.25,Low Value,Low Risk,Low Priority
5774-XZTQC,143.15,Low Value,Low Risk,Low Priority
6671-NGWON,142.45000000000002,Low Value,Low Risk,Low Priority
5619-XZZKR,79.8,Low Value,Low Risk,Low Priority
0508-OOLTO,143.3,Low Value,Low Risk,Low Priority
6235-VDHOM,142.25,Low Value,Low Risk,Low Priority
4450-DLLMH,142.6,Low Value,Low Risk,Low Priority
4797-MIWUM,141.75,Low Value,Low Risk,Low Priority
1383-EZRWL,140.35,Low Value,Low Risk,Low Priority
5119-NZPTV,140.2,Low Value,Low Risk,Low Priority
7353-YOWFP,141.75,Low Value,Low Risk,Low Priority
8835-VSDSE,141.4,Low Value,Low Risk,Low Priority
2260-USTRB,140.4,Low Value,Low Risk,Low Priority
4291-YZODP,140.35,Low Value,Low Risk,Low Priority
9237-HQITU,141.4,Low Value,Low Risk,Low Priority
4629-NRXKX,140.8,Low Value,Low Risk,Low Priority
4732-RRJZC,141.75,Low Value,Low Risk,Low Priority
5804-LEPIM,140.7,Low Value,Low Risk,Low Priority
2905-KFQUV,140.8,Low Value,Low Risk,Low Priority
7321-VGNKU,140.7,Low Value,Low Risk,Low Priority
3866-MDTUB,141.5,Low Value,Low Risk,Low Priority
5028-GZLDO,141.4,Low Value,Low Risk,Low Priority
3234-VKACU,140.6,Low Value,Low Risk,Low Priority
7394-LWLYN,140.3,Low Value,Low Risk,Low Priority
1009-IRMNA,140.0,Low Value,Low Risk,Low Priority
7075-BNDVQ,140.0,Low Value,Low Risk,Low Priority
7538-GWHML,139.3,Low Value,Low Risk,Low Priority
5832-XKAES,139.6,Low Value,Low Risk,Low Priority
9799-CAYJJ,138.6,Low Value,Low Risk,Low Priority
2637-FKFSY,138.3,Low Value,Low Risk,Low Priority
5916-QEWPT,138.0,Low Value,Low Risk,Low Priority
5600-KTXFM,139.9,Low Value,Low Risk,Low Priority
2673-ZALNP,139.29999999999998,Low Value,Low Risk,Low Priority
4482-EWFMI,139.4,Low Value,Low Risk,Low Priority
5276-KQWHG,139.2,Low Value,Low Risk,Low Priority
6993-OHLXR,137.9,Low Value,Low Risk,Low Priority
2897-DOVND,139.6,Low Value,Low Risk,Low Priority
4061-UKJWL,136.35000000000002,Low Value,Low Risk,Low Priority
1015-JPFYW,136.15,Low Value,Low Risk,Low Priority
1589-AGTLK,136.05,Low Value,Low Risk,Low Priority
2550-QHZGP,136.5,Low Value,Low Risk,Low Priority
8295-FHIVV,135.79999999999998,Low Value,Low Risk,Low Priority
3546-GHEAE,136.15,Low Value,Low Risk,Low Priority
0374-IOEGQ,133.8,Low Value,Low Risk,Low Priority
2320-YKQBO,135.1,Low Value,Low Risk,Low Priority
3806-DXQOM,134.6,Low Value,Low Risk,Low Priority
8660-BUETV,134.25,Low Value,Low Risk,Low Priority
7675-OZCZG,135.0,Low Value,Low Risk,Low Priority
7963-GQRMY,132.89999999999998,Low Value,Low Risk,Low Priority
5485-WUYWF,132.8,Low Value,Low Risk,Low Priority
0568-ONFPC,129.5,Low Value,Low Risk,Low Priority
3415-TAILE,131.4,Low Value,Low Risk,Low Priority
5173-WXOQV,128.4,Low Value,Low Risk,Low Priority
1814-DKOLC,127.25,Low Value,Low Risk,Low Priority
5349-AZPEW,125.25,Low Value,Low Risk,Low Priority
5955-EPOAZ,125.7,Low Value,Low Risk,Low Priority
0541-FITGH,124.3,Low Value,Low Risk,Low Priority
7802-EFKNY,124.75,Low Value,Low Risk,Low Priority
6490-FGZAT,123.9,Low Value,Low Risk,Low Priority
4662-EKDPQ,124.1,Low Value,Low Risk,Low Priority
2928-HLDBA,124.2,Low Value,Low Risk,Low Priority
7435-ZNUYY,123.6,Low Value,Low Risk,Low Priority
6351-SCJKT,124.05,Low Value,Low Risk,Low Priority
1791-PQHBB,122.4,Low Value,Low Risk,Low Priority
3090-LETTY,121.9,Low Value,Low Risk,Low Priority
7787-BNTZM,120.9,Low Value,Low Risk,Low Priority
2233-FAGXV,121.5,Low Value,Low Risk,Low Priority
6180-YBIQI,121.5,Low Value,Low Risk,Low Priority
9505-SQFSW,120.9,Low Value,Low Risk,Low Priority
2030-BTZRO,122.4,Low Value,Low Risk,Low Priority
1641-BYBTK,121.2,Low Value,Low Risk,Low Priority
8676-OOQEJ,122.0,Low Value,Low Risk,Low Priority
3995-WFCSM,121.7,Low Value,Low Risk,Low Priority
2587-YNLES,120.6,Low Value,Low Risk,Low Priority
4854-SSLTN,119.0,Low Value,Low Risk,Low Priority
4020-KIUDI,119.1,Low Value,Low Risk,Low Priority
0928-JMXNP,119.6,Low Value,Low Risk,Low Priority
6972-SNKKW,120.0,Low Value,Low Risk,Low Priority
3724-UCSHY,117.3,Low Value,Low Risk,Low Priority
6806-YDEUL,117.0,Low Value,Low Risk,Low Priority
7196-LIWRH,117.3,Low Value,Low Risk,Low Priority
4719-UMSIY,117.9,Low Value,Low Risk,Low Priority
6778-YSNIH,118.0,Low Value,Low Risk,Low Priority
9150-KPBJQ,117.9,Low Value,Low Risk,Low Priority
9626-WEQRM,116.6,Low Value,Low Risk,Low Priority
0895-LNKRC,116.7,Low Value,Low Risk,Low Priority
1345-GKDZZ,117.3,Low Value,Low Risk,Low Priority
9970-QBCDA,118.2,Low Value,Low Risk,Low Priority
7623-HKYRK,118.2,Low Value,Low Risk,Low Priority
7853-OETYL,116.2,Low Value,Low Risk,Low Priority
2862-JVEOY,114.9,Low Value,Low Risk,Low Priority
0661-KQHNK,114.0,Low Value,Low Risk,Low Priority
7968-QUXNS,113.7,Low Value,Low Risk,Low Priority
5208-HFSBT,110.1,Low Value,Low Risk,Low Priority
4430-UZIPO,110.55,Low Value,Low Risk,Low Priority
5493-SDRDQ,110.2,Low Value,Low Risk,Low Priority
3620-MWJNE,108.9,Low Value,Low Risk,Low Priority
9667-TKTVZ,108.7,Low Value,Low Risk,Low Priority
8654-DHAOW,108.3,Low Value,Low Risk,Low Priority
7580-UGXNC,109.7,Low Value,Low Risk,Low Priority
7890-VYYWG,109.35,Low Value,Low Risk,Low Priority
1251-KRREG,108.8,Low Value,Low Risk,Low Priority
2108-XWMPY,106.35,Low Value,Low Risk,Low Priority
3668-QPYBK,107.7,Low Value,Low Risk,Low Priority
2181-UAESM,106.9,Low Value,Low Risk,Low Priority
3050-GBUSH,104.4,Low Value,Low Risk,Low Priority
7384-GHBPI,105.45,Low Value,Low Risk,Low Priority
0278-YXOOG,105.25,Low Value,Low Risk,Low Priority
2732-ISEZX,102.5,Low Value,Low Risk,Low Priority
6629-LADHQ,101.9,Low Value,Low Risk,Low Priority
4430-YHXGG,101.8,Low Value,Low Risk,Low Priority
2969-QWUBZ,102.8,Low Value,Low Risk,Low Priority
2739-CCZMB,101.75,Low Value,Low Risk,Low Priority
6621-YOBKI,101.75,Low Value,Low Risk,Low Priority
3815-SLMEF,102.75,Low Value,Low Risk,Low Priority
7501-VTYLJ,103.1,Low Value,Low Risk,Low Priority
1925-GMVBW,102.75,Low Value,Low Risk,Low Priority
2690-DVRVK,102.75,Low Value,Low Risk,Low Priority
3178-FESZO,100.25,Low Value,Low Risk,Low Priority
7216-EWTRS,100.8,Low Value,Low Risk,Low Priority
6844-DZKRF,100.4,Low Value,Low Risk,Low Priority
4785-NKHCX,100.25,Low Value,Low Risk,Low Priority
0107-YHINA,99.75,Low Value,Low Risk,Low Priority
9294-TDIPC,101.0,Low Value,Low Risk,Low Priority
5419-JPRRN,101.45,Low Value,Low Risk,Low Priority
5167-GBFRE,100.8,Low Value,Low Risk,Low Priority
6377-KSLXC,99.75,Low Value,Low Risk,Low Priority
2439-QKJUL,101.25,Low Value,Low Risk,Low Priority
3363-EWLGO,99.75,Low Value,Low Risk,Low Priority
4815-GBTCD,100.6,Low Value,Low Risk,Low Priority
8746-OQQRW,101.0,Low Value,Low Risk,Low Priority
9350-ZXYJC,101.2,Low Value,Low Risk,Low Priority
3977-QCRSL,100.75,Low Value,Low Risk,Low Priority
8752-IMQOS,100.5,Low Value,Low Risk,Low Priority
4140-WJAWW,99.25,Low Value,Low Risk,Low Priority
0067-DKWBL,98.5,Low Value,Low Risk,Low Priority
3097-NNSPB,98.1,Low Value,Low Risk,Low Priority
5261-QSHQM,97.8,Low Value,Low Risk,Low Priority
8348-HFYIV,98.5,Low Value,Low Risk,Low Priority
5948-UJZLF,98.5,Low Value,Low Risk,Low Priority
9734-UYXQI,98.8,Low Value,Low Risk,Low Priority
1226-UDFZR,99.2,Low Value,Low Risk,Low Priority
6356-ELRKD,95.6,Low Value,Low Risk,Low Priority
1393-IMKZG,95.85,Low Value,Low Risk,Low Priority
5650-VDUDS,97.0,Low Value,Low Risk,Low Priority
7377-DMMRI,95.6,Low Value,Low Risk,Low Priority
4903-UYAVB,96.75,Low Value,Low Risk,Low Priority
1257-SXUXQ,97.25,Low Value,Low Risk,Low Priority
0303-WMMRN,96.25,Low Value,Low Risk,Low Priority
4116-IQRFR,96.4,Low Value,Low Risk,Low Priority
6521-YYTYI,93.3,Low Value,Low Risk,Low Priority
9223-UCPVT,94.4,Low Value,Low Risk,Low Priority
5968-VXZLG,93.2,Low Value,Low Risk,Low Priority
8149-RSOUN,93.85,Low Value,Low Risk,Low Priority
9300-AGZNL,94.0,Low Value,Low Risk,Low Priority
4910-GMJOT,94.6,Low Value,Low Risk,Low Priority
9497-QCMMS,93.55,Low Value,Low Risk,Low Priority
0684-AOSIH,95.0,Low Value,Low Risk,Low Priority
3186-BAXNB,91.7,Low Value,Low Risk,Low Priority
5365-LLFYV,91.7,Low Value,Low Risk,Low Priority
2842-JTCCU,92.1,Low Value,Low Risk,Low Priority
4537-DKTAL,91.1,Low Value,Low Risk,Low Priority
3988-RQIXO,91.3,Low Value,Low Risk,Low Priority
1501-SGHBW,91.7,Low Value,Low Risk,Low Priority
7841-TZDMQ,92.0,Low Value,Low Risk,Low Priority
1078-TDCRN,92.25,Low Value,Low Risk,Low Priority
9725-SCPZG,90.85,Low Value,Low Risk,Low Priority
8167-GJLRN,91.2,Low Value,Low Risk,Low Priority
4671-LXRDQ,90.0,Low Value,Low Risk,Low Priority
4432-ADRLB,89.3,Low Value,Low Risk,Low Priority
4816-JBHOV,89.4,Low Value,Low Risk,Low Priority
2725-KXXWT,90.75,Low Value,Low Risk,Low Priority
3801-HMYNL,89.15,Low Value,Low Risk,Low Priority
7274-RTAPZ,90.55,Low Value,Low Risk,Low Priority
3278-FSIXX,90.5,Low Value,Low Risk,Low Priority
5797-APWZC,90.6,Low Value,Low Risk,Low Priority
9588-OZDMQ,90.0,Low Value,Low Risk,Low Priority
1728-BQDMA,88.9,Low Value,Low Risk,Low Priority
4273-MBHYA,89.35,Low Value,Low Risk,Low Priority
7729-JTEEC,89.0,Low Value,Low Risk,Low Priority
4959-JOSRX,89.2,Low Value,Low Risk,Low Priority
3538-WZPHD,88.80000000000001,Low Value,Low Risk,Low Priority
6519-CFDBX,90.8,Low Value,Low Risk,Low Priority
4592-IWTJI,89.1,Low Value,Low Risk,Low Priority
1455-ESIQH,89.1,Low Value,Low Risk,Low Priority
6817-WTYHE,89.8,Low Value,Low Risk,Low Priority
8775-LHDJH,90.6,Low Value,Low Risk,Low Priority
3068-OMWZA,88.8,Low Value,Low Risk,Low Priority
5960-MVTUK,89.25,Low Value,Low Risk,Low Priority
7577-SWIFR,89.25,Low Value,Low Risk,Low Priority
7294-TMAOP,90.55,Low Value,Low Risk,Low Priority
2737-WFVYW,90.5,Low Value,Low Risk,Low Priority
1415-YFWLT,89.3,Low Value,Low Risk,Low Priority
5156-UMKOW,88.94999999999999,Low Value,Low Risk,Low Priority
7615-ESMYF,89.2,Low Value,Low Risk,Low Priority
3082-VQXNH,89.4,Low Value,Low Risk,Low Priority
3027-ZTDHO,89.9,Low Value,Low Risk,Low Priority
2962-XPMCQ,90.3,Low Value,Low Risk,Low Priority
1941-HOSAM,90.1,Low Value,Low Risk,Low Priority
8603-IJWDN,86.6,Low Value,Low Risk,Low Priority
0224-RLWWD,88.6,Low Value,Low Risk,Low Priority
3798-EPWRR,87.9,Low Value,Low Risk,Low Priority
3754-DXMRT,88.3,Low Value,Low Risk,Low Priority
0975-VOOVL,87.6,Low Value,Low Risk,Low Priority
2372-HWUHI,88.7,Low Value,Low Risk,Low Priority
4844-JJWUY,86.0,Low Value,Low Risk,Low Priority
8937-RDTHP,84.6,Low Value,Low Risk,Low Priority
4826-XTSOH,86.05,Low Value,Low Risk,Low Priority
7120-RFMVS,84.5,Low Value,Low Risk,Low Priority
6877-TJMBR,84.8,Low Value,Low Risk,Low Priority
5597-GLBUC,85.45,Low Value,Low Risk,Low Priority
3049-NDXFL,85.8,Low Value,Low Risk,Low Priority
7503-ZGUZJ,84.65,Low Value,Low Risk,Low Priority
5192-EBGOV,85.7,Low Value,Low Risk,Low Priority
9124-LHCJQ,85.45,Low Value,Low Risk,Low Priority
4912-PIGUY,84.6,Low Value,Low Risk,Low Priority
9282-IZGQK,85.0,Low Value,Low Risk,Low Priority
0742-NXBGR,82.3,Low Value,Low Risk,Low Priority
7219-TLZHO,83.4,Low Value,Low Risk,Low Priority
7976-CICYS,82.8,Low Value,Low Risk,Low Priority
2792-LSHWX,83.4,Low Value,Low Risk,Low Priority
2013-SGDXK,84.3,Low Value,Low Risk,Low Priority
9367-OIUXP,82.8,Low Value,Low Risk,Low Priority
6457-USBER,80.8,Low Value,Low Risk,Low Priority
4397-FRLTA,80.6,Low Value,Low Risk,Low Priority
4614-NUVZD,81.1,Low Value,Low Risk,Low Priority
8189-DUKMV,82.0,Low Value,Low Risk,Low Priority
0137-OCGAB,80.2,Low Value,Low Risk,Low Priority
5712-VBOXD,80.6,Low Value,Low Risk,Low Priority
5494-HECPR,80.25,Low Value,Low Risk,Low Priority
2018-QKYGT,81.05,Low Value,Low Risk,Low Priority
7439-DKZTW,80.55,Low Value,Low Risk,Low Priority
9929-PLVPA,81.6,Low Value,Low Risk,Low Priority
2004-OCQXK,81.95,Low Value,Low Risk,Low Priority
0318-QUUOB,80.55,Low Value,Low Risk,Low Priority
1336-EZFZY,80.2,Low Value,Low Risk,Low Priority
7903-CMPEY,80.3,Low Value,Low Risk,Low Priority
6772-KSATR,81.7,Low Value,Low Risk,Low Priority
5687-DKDTV,81.4,Low Value,Low Risk,Low Priority
2495-TTHBQ,81.6,Low Value,Low Risk,Low Priority
6469-QJKZW,80.6,Low Value,Low Risk,Low Priority
7874-ECPQJ,80.2,Low Value,Low Risk,Low Priority
9618-LFJRU,81.8,Low Value,Low Risk,Low Priority
0031-PVLZI,81.4,Low Value,Low Risk,Low Priority
3345-JHUEO,80.8,Low Value,Low Risk,Low Priority
5673-TIYIB,80.8,Low Value,Low Risk,Low Priority
6231-WFGFH,82.0,Low Value,Low Risk,Low Priority
5275-SQEIZ,80.85,Low Value,Low Risk,Low Priority
8058-INTPH,79.65,Low Value,Low Risk,Low Priority
1761-AEZZR,79.55,Low Value,Low Risk,Low Priority
0495-RVCBF,79.7,Low Value,Low Risk,Low Priority
2777-PHDEI,78.05,Low Value,Low Risk,Low Priority
1285-OKIPP,79.9,Low Value,Low Risk,Low Priority
7493-TPUWZ,79.15,Low Value,Low Risk,Low Priority
0323-XWWTN,79.19999999999999,Low Value,Low Risk,Low Priority
8945-GRKHX,78.65,Low Value,Low Risk,Low Priority
6567-HOOPW,79.2,Low Value,Low Risk,Low Priority
1354-YZFNB,78.2,Low Value,Low Risk,Low Priority
5702-SKUOB,78.4,Low Value,Low Risk,Low Priority
5393-RXQSZ,79.6,Low Value,Low Risk,Low Priority
5919-TMRGD,79.35,Low Value,Low Risk,Low Priority
5960-WPXQM,79.05,Low Value,Low Risk,Low Priority
3097-PYWXL,79.8,Low Value,Low Risk,Low Priority
6618-RYATB,79.55,Low Value,Low Risk,Low Priority
8740-CRYFY,78.95,Low Value,Low Risk,Low Priority
7594-RQHXR,79.6,Low Value,Low Risk,Low Priority
5144-PQCDZ,79.8,Low Value,Low Risk,Low Priority
0690-SRQID,78.6,Low Value,Low Risk,Low Priority
9300-RENDD,79.95,Low Value,Low Risk,Low Priority
6260-XLACS,78.8,Low Value,Low Risk,Low Priority
8580-AECUZ,79.1,Low Value,Low Risk,Low Priority
2868-MZAGQ,79.25,Low Value,Low Risk,Low Priority
4558-CGYCZ,79.0,Low Value,Low Risk,Low Priority
0754-EEBDC,79.6,Low Value,Low Risk,Low Priority
9885-CSMWE,78.45,Low Value,Low Risk,Low Priority
9019-QVLZD,79.55,Low Value,Low Risk,Low Priority
6086-ESGRL,80.15,Low Value,Low Risk,Low Priority
6960-HVYXR,76.0,Low Value,Low Risk,Low Priority
0231-LXVAP,75.9,Low Value,Low Risk,Low Priority
8410-BGQXN,77.6,Low Value,Low Risk,Low Priority
7234-KMNRQ,76.0,Low Value,Low Risk,Low Priority
3296-SILRA,76.4,Low Value,Low Risk,Low Priority
9444-JTXHZ,76.2,Low Value,Low Risk,Low Priority
5222-JCXZT,76.0,Low Value,Low Risk,Low Priority
6368-TZZDT,78.0,Low Value,Low Risk,Low Priority
6894-LFHLY,75.75,Low Value,Low Risk,Low Priority
4102-OQUPX,74.4,Low Value,Low Risk,Low Priority
5054-IEXZT,75.35,Low Value,Low Risk,Low Priority
8687-BAFGU,74.0,Low Value,Low Risk,Low Priority
9743-DQKQW,75.30000000000001,Low Value,Low Risk,Low Priority
2424-WVHPL,74.7,Low Value,Low Risk,Low Priority
2468-SJFLM,74.3,Low Value,Low Risk,Low Priority
5564-NEMQO,75.3,Low Value,Low Risk,Low Priority
8816-VXNZD,75.1,Low Value,Low Risk,Low Priority
9894-EZEWG,74.3,Low Value,Low Risk,Low Priority
3765-JXVKY,74.7,Low Value,Low Risk,Low Priority
1746-TGTWV,75.35,Low Value,Low Risk,Low Priority
6358-LYNGM,74.9,Low Value,Low Risk,Low Priority
9277-JOOMO,73.80000000000001,Low Value,Low Risk,Low Priority
7595-EUIVN,75.8,Low Value,Low Risk,Low Priority
2982-IHMFT,74.45,Low Value,Low Risk,Low Priority
5240-IJOQT,74.7,Low Value,Low Risk,Low Priority
1866-OBPNR,74.6,Low Value,Low Risk,Low Priority
3551-HUAZH,74.4,Low Value,Low Risk,Low Priority
9840-EFJQB,74.35,Low Value,Low Risk,Low Priority
1157-BQCUW,74.95,Low Value,Low Risk,Low Priority
3276-HDUEG,75.05,Low Value,Low Risk,Low Priority
2024-BASKD,74.6,Low Value,Low Risk,Low Priority
6996-KNSML,74.9,Low Value,Low Risk,Low Priority
2592-SEIFQ,74.25,Low Value,Low Risk,Low Priority
5043-TRZWM,75.55,Low Value,Low Risk,Low Priority
4274-OWWYO,74.35,Low Value,Low Risk,Low Priority
0620-XEFWH,75.4,Low Value,Low Risk,Low Priority
9787-XVQIU,75.3,Low Value,Low Risk,Low Priority
1833-VGRUM,74.2,Low Value,Low Risk,Low Priority
8372-JUXUI,74.35,Low Value,Low Risk,Low Priority
9399-APLBT,74.7,Low Value,Low Risk,Low Priority
1452-VOQCH,75.1,Low Value,Low Risk,Low Priority
3746-EUBYR,74.6,Low Value,Low Risk,Low Priority
4988-IQIGL,75.35,Low Value,Low Risk,Low Priority
0723-DRCLG,74.45,Low Value,Low Risk,Low Priority
0817-HSUSE,75.5,Low Value,Low Risk,Low Priority
5834-ASPWA,75.45,Low Value,Low Risk,Low Priority
6390-DSAZX,73.6,Low Value,Low Risk,Low Priority
0021-IKXGC,72.1,Low Value,Low Risk,Low Priority
8473-VUVJN,73.65,Low Value,Low Risk,Low Priority
4075-WKNIU,73.35,Low Value,Low Risk,Low Priority
6513-EECDB,73.55,Low Value,Low Risk,Low Priority
1977-STDKI,73.0,Low Value,Low Risk,Low Priority
8644-XLFBW,71.65,Low Value,Low Risk,Low Priority
3494-JCHRQ,70.05,Low Value,Low Risk,Low Priority
7465-ZZRVX,70.35,Low Value,Low Risk,Low Priority
9605-WGJVW,70.2,Low Value,Low Risk,Low Priority
8309-IEYJD,70.6,Low Value,Low Risk,Low Priority
1031-IIDEO,70.85,Low Value,Low Risk,Low Priority
4702-IOQDC,70.1,Low Value,Low Risk,Low Priority
5940-AHUHD,70.6,Low Value,Low Risk,Low Priority
5583-SXDAG,70.0,Low Value,Low Risk,Low Priority
5032-MIYKT,70.7,Low Value,Low Risk,Low Priority
4550-EVXNY,69.65,Low Value,Low Risk,Low Priority
4603-JANFB,69.85,Low Value,Low Risk,Low Priority
0515-YPMCW,70.45,Low Value,Low Risk,Low Priority
9617-INGJY,70.6,Low Value,Low Risk,Low Priority
0488-GSLFR,69.5,Low Value,Low Risk,Low Priority
7254-IQWOZ,69.65,Low Value,Low Risk,Low Priority
4510-HIMLV,69.8,Low Value,Low Risk,Low Priority
1084-UQCHV,69.75,Low Value,Low Risk,Low Priority
2506-TNFCO,69.55,Low Value,Low Risk,Low Priority
4110-PFEUZ,69.55,Low Value,Low Risk,Low Priority
6140-QNRQQ,71.55,Low Value,Low Risk,Low Priority
0151-ONTOV,70.9,Low Value,Low Risk,Low Priority
0511-JTEOY,71.1,Low Value,Low Risk,Low Priority
7343-EOBEU,70.80000000000001,Low Value,Low Risk,Low Priority
8051-HJRLT,70.55,Low Value,Low Risk,Low Priority
3177-LASXD,71.35,Low Value,Low Risk,Low Priority
6502-MJQAE,69.6,Low Value,Low Risk,Low Priority
5134-IKDAY,69.8,Low Value,Low Risk,Low Priority
7153-OANIO,69.95,Low Value,Low Risk,Low Priority
5539-TMZLF,69.75,Low Value,Low Risk,Low Priority
2262-SLNVK,70.1,Low Value,Low Risk,Low Priority
0812-WUPTB,70.85,Low Value,Low Risk,Low Priority
2585-KTFRE,70.45,Low Value,Low Risk,Low Priority
1640-PLFMP,70.25,Low Value,Low Risk,Low Priority
8040-MNRTF,71.1,Low Value,Low Risk,Low Priority
2636-ALXXZ,69.6,Low Value,Low Risk,Low Priority
9603-OAIHC,70.05,Low Value,Low Risk,Low Priority
1846-XWOQN,70.15,Low Value,Low Risk,Low Priority
1062-LHZOD,69.9,Low Value,Low Risk,Low Priority
8000-REIQB,69.95,Low Value,Low Risk,Low Priority
5550-VFRLC,69.85,Low Value,Low Risk,Low Priority
4501-EQDRN,69.7,Low Value,Low Risk,Low Priority
0519-XUZJU,70.75,Low Value,Low Risk,Low Priority
4759-TRPLW,70.4,Low Value,Low Risk,Low Priority
1915-IOFGU,70.5,Low Value,Low Risk,Low Priority
9985-MWVIX,70.15,Low Value,Low Risk,Low Priority
2446-PLQVO,70.3,Low Value,Low Risk,Low Priority
0328-GRPMV,70.1,Low Value,Low Risk,Low Priority
8062-YBDOE,69.65,Low Value,Low Risk,Low Priority
4871-JTKJF,69.65,Low Value,Low Risk,Low Priority
0968-GSIKN,70.8,Low Value,Low Risk,Low Priority
2619-WFQWU,70.15,Low Value,Low Risk,Low Priority
3878-AVSOQ,71.25,Low Value,Low Risk,Low Priority
7665-TOALD,69.6,Low Value,Low Risk,Low Priority
2920-RNCEZ,69.95,Low Value,Low Risk,Low Priority
6653-CBBOM,70.3,Low Value,Low Risk,Low Priority
3066-RRJIO,69.95,Low Value,Low Risk,Low Priority
1363-TXLSL,70.3,Low Value,Low Risk,Low Priority
8042-JVNFH,71.35,Low Value,Low Risk,Low Priority
9488-HGMJH,71.15,Low Value,Low Risk,Low Priority
5875-YPQFJ,69.9,Low Value,Low Risk,Low Priority
1122-JWTJW,70.65,Low Value,Low Risk,Low Priority
4806-HIPDW,68.95,Low Value,Low Risk,Low Priority
1447-GIQMR,69.15,Low Value,Low Risk,Low Priority
9728-FTTVZ,69.2,Low Value,Low Risk,Low Priority
5884-GCYMI,69.4,Low Value,Low Risk,Low Priority
6416-TVAIH,68.5,Low Value,Low Risk,Low Priority
0822-GAVAP,69.4,Low Value,Low Risk,Low Priority
1086-LXKFY,69.1,Low Value,Low Risk,Low Priority
7206-GZCDC,69.25,Low Value,Low Risk,Low Priority
2856-HYAPG,68.65,Low Value,Low Risk,Low Priority
7660-HDPJV,69.2,Low Value,Low Risk,Low Priority
3871-IKPYH,69.1,Low Value,Low Risk,Low Priority
7908-QCBCA,69.4,Low Value,Low Risk,Low Priority
6457-GIRWB,69.35,Low Value,Low Risk,Low Priority
3428-XZMAZ,69.35,Low Value,Low Risk,Low Priority
6260-ONULR,62.8,Low Value,Low Risk,Low Priority
2775-SEFEE,61.9,Low Value,Low Risk,Low Priority
4030-VPZBD,61.8,Low Value,Low Risk,Low Priority
6394-HHHZM,62.1,Low Value,Low Risk,Low Priority
4390-KYULV,61.650000000000006,Low Value,Low Risk,Low Priority
9770-LXDBK,61.2,Low Value,Low Risk,Low Priority
2792-VPPET,61.5,Low Value,Low Risk,Low Priority
1928-BXYIV,61.15,Low Value,Low Risk,Low Priority
2621-UDNLU,62.55,Low Value,Low Risk,Low Priority
3744-ZBHON,60.6,Low Value,Low Risk,Low Priority
6734-CKRSM,60.0,Low Value,Low Risk,Low Priority
4393-OBCRR,60.75,Low Value,Low Risk,Low Priority
5066-GFJMM,59.7,Low Value,Low Risk,Low Priority
0268-QKIWO,59.25,Low Value,Low Risk,Low Priority
7526-IVLYU,58.95,Low Value,Low Risk,Low Priority
0137-UDEUO,59.55,Low Value,Low Risk,Low Priority
2393-DIVAI,60.0,Low Value,Low Risk,Low Priority
1465-WCZVT,58.95,Low Value,Low Risk,Low Priority
7389-KBFIT,60.5,Low Value,Low Risk,Low Priority
6837-BJYDQ,58.8,Low Value,Low Risk,Low Priority
3407-QGWLG,60.150000000000006,Low Value,Low Risk,Low Priority
5673-FSSMF,60.15,Low Value,Low Risk,Low Priority
3195-TQDZX,60.75,Low Value,Low Risk,Low Priority
0030-FNXPP,59.55,Low Value,Low Risk,Low Priority
1142-WACZW,59.7,Low Value,Low Risk,Low Priority
1449-XQEMT,59.400000000000006,Low Value,Low Risk,Low Priority
4797-AXPXK,60.0,Low Value,Low Risk,Low Priority
2853-CWQFQ,59.55,Low Value,Low Risk,Low Priority
3039-MJSLN,60.6,Low Value,Low Risk,Low Priority
7808-DVWEP,60.0,Low Value,Low Risk,Low Priority
7521-YXVZY,59.85,Low Value,Low Risk,Low Priority
1582-RAFML,60.1,Low Value,Low Risk,Low Priority
6022-KOUQO,58.1,Low Value,Low Risk,Low Priority
7785-RDVIG,57.900000000000006,Low Value,Low Risk,Low Priority
1179-INLAT,58.35,Low Value,Low Risk,Low Priority
9039-ZVJDC,57.3,Low Value,Low Risk,Low Priority
1407-DIGZV,57.3,Low Value,Low Risk,Low Priority
2232-DMLXU,55.2,Low Value,Low Risk,Low Priority
0674-EYYZV,54.65,Low Value,Low Risk,Low Priority
3518-PZXZQ,55.3,Low Value,Low Risk,Low Priority
6629-CZTTH,55.7,Low Value,Low Risk,Low Priority
4727-MCYZG,55.55,Low Value,Low Risk,Low Priority
9822-OAOVB,55.45,Low Value,Low Risk,Low Priority
4074-SJFFA,54.75,Low Value,Low Risk,Low Priority
1371-DWPAZ,56.05,Low Value,Low Risk,Low Priority
3806-YAZOV,56.400000000000006,Low Value,Low Risk,Low Priority
2043-WVTQJ,55.7,Low Value,Low Risk,Low Priority
3577-AMVUX,55.05,Low Value,Low Risk,Low Priority
4351-QLCSU,55.0,Low Value,Low Risk,Low Priority
3583-EKAPL,55.0,Low Value,Low Risk,Low Priority
4201-JMNGR,55.8,Low Value,Low Risk,Low Priority
5909-ECHUI,56.25,Low Value,Low Risk,Low Priority
4472-LVYGI,52.55,Low Value,Low Risk,Low Priority
4349-GFQHK,54.35,Low Value,Low Risk,Low Priority
6907-FLBER,54.3,Low Value,Low Risk,Low Priority
9108-EJFJP,53.55,Low Value,Low Risk,Low Priority
4929-BSTRX,53.55,Low Value,Low Risk,Low Priority
7246-ZGQDF,54.5,Low Value,Low Risk,Low Priority
6689-KXGBO,50.55,Low Value,Low Risk,Low Priority
6888-SBYAI,50.7,Low Value,Low Risk,Low Priority
9637-EIHEQ,50.8,Low Value,Low Risk,Low Priority
7767-UXAGJ,50.45,Low Value,Low Risk,Low Priority
9564-KCLHR,51.25,Low Value,Low Risk,Low Priority
6905-NIQIN,50.65,Low Value,Low Risk,Low Priority
8695-WDYEA,51.25,Low Value,Low Risk,Low Priority
7794-JASDG,50.75,Low Value,Low Risk,Low Priority
2103-ZRXFN,50.75,Low Value,Low Risk,Low Priority
8992-JQYUN,50.35,Low Value,Low Risk,Low Priority
2947-DOMLJ,50.6,Low Value,Low Risk,Low Priority
9058-CBREO,50.55,Low Value,Low Risk,Low Priority
3946-MHCZW,50.9,Low Value,Low Risk,Low Priority
2207-NHRJK,50.8,Low Value,Low Risk,Low Priority
7442-YGZFK,49.8,Low Value,Low Risk,Low Priority
0322-YINQP,48.55,Low Value,Low Risk,Low Priority
2607-FBDFF,49.0,Low Value,Low Risk,Low Priority
8064-RAVOH,49.85,Low Value,Low Risk,Low Priority
0623-GDISB,48.45,Low Value,Low Risk,Low Priority
8885-QSQBX,49.55,Low Value,Low Risk,Low Priority
6876-ADESB,48.95,Low Value,Low Risk,Low Priority
1794-HBQTJ,48.6,Low Value,Low Risk,Low Priority
2722-JMONI,49.55,Low Value,Low Risk,Low Priority
4065-JJAVA,49.5,Low Value,Low Risk,Low Priority
2933-FILNV,48.8,Low Value,Low Risk,Low Priority
0374-AACSZ,50.15,Low Value,Low Risk,Low Priority
1453-RZFON,49.9,Low Value,Low Risk,Low Priority
4236-UJPWO,49.0,Low Value,Low Risk,Low Priority
1777-JYQPJ,48.6,Low Value,Low Risk,Low Priority
4749-VFKVB,50.1,Low Value,Low Risk,Low Priority
1406-PUQVY,49.9,Low Value,Low Risk,Low Priority
7312-XSBAT,49.75,Low Value,Low Risk,Low Priority
5047-LHVLY,50.15,Low Value,Low Risk,Low Priority
3716-UVSPD,49.3,Low Value,Low Risk,Low Priority
0248-IPDFW,50.1,Low Value,Low Risk,Low Priority
2273-QCKXA,49.05,Low Value,Low Risk,Low Priority
1660-HSOOQ,49.65,Low Value,Low Risk,Low Priority
1845-ZLLIG,50.15,Low Value,Low Risk,Low Priority
2740-TVLFN,50.15,Low Value,Low Risk,Low Priority
5482-PLVPE,48.7,Low Value,Low Risk,Low Priority
8263-JQAIK,48.9,Low Value,Low Risk,Low Priority
0746-JTRFU,50.1,Low Value,Low Risk,Low Priority
1976-CFOCS,46.0,Low Value,Low Risk,Low Priority
8286-AFUYI,47.95,Low Value,Low Risk,Low Priority
3669-OYSJI,46.2,Low Value,Low Risk,Low Priority
6185-TASNN,46.3,Low Value,Low Risk,Low Priority
7593-XFKDI,46.3,Low Value,Low Risk,Low Priority
9214-EKVXR,44.0,Low Value,Low Risk,Low Priority
1963-SVUCV,45.3,Low Value,Low Risk,Low Priority
8710-YGLWG,44.9,Low Value,Low Risk,Low Priority
6142-VSJQO,44.35,Low Value,Low Risk,Low Priority
7065-YUNRY,45.3,Low Value,Low Risk,Low Priority
4193-ORFCL,45.1,Low Value,Low Risk,Low Priority
3961-SXAXY,44.05,Low Value,Low Risk,Low Priority
7825-GKXMW,45.8,Low Value,Low Risk,Low Priority
6145-NNPNO,44.15,Low Value,Low Risk,Low Priority
2275-RBYQS,45.4,Low Value,Low Risk,Low Priority
9828-AOQLM,45.7,Low Value,Low Risk,Low Priority
3566-HJGPK,45.55,Low Value,Low Risk,Low Priority
5522-JBWMO,44.0,Low Value,Low Risk,Low Priority
5858-EAFCZ,44.45,Low Value,Low Risk,Low Priority
0082-LDZUE,44.3,Low Value,Low Risk,Low Priority
8705-WZCYL,44.8,Low Value,Low Risk,Low Priority
6128-CZOMY,45.65,Low Value,Low Risk,Low Priority
6650-VJONK,43.85,Low Value,Low Risk,Low Priority
8356-WUAOJ,45.0,Low Value,Low Risk,Low Priority
1612-EOHDH,45.15,Low Value,Low Risk,Low Priority
3926-CUQZX,45.1,Low Value,Low Risk,Low Priority
4373-VVHQL,44.75,Low Value,Low Risk,Low Priority
6595-COKXZ,44.45,Low Value,Low Risk,Low Priority
4847-QNOKA,44.9,Low Value,Low Risk,Low Priority
2082-CEFLT,45.6,Low Value,Low Risk,Low Priority
2833-SLKDQ,45.05,Low Value,Low Risk,Low Priority
5552-ZNFSJ,45.3,Low Value,Low Risk,Low Priority
6127-IYJOZ,45.85,Low Value,Low Risk,Low Priority
0887-HJGAR,45.7,Low Value,Low Risk,Low Priority
7568-PODML,45.3,Low Value,Low Risk,Low Priority
9244-ZVAPM,45.6,Low Value,Low Risk,Low Priority
3085-QUOZK,43.95,Low Value,Low Risk,Low Priority
8950-MTZNV,44.95,Low Value,Low Risk,Low Priority
5077-DXTCG,45.3,Low Value,Low Risk,Low Priority
4361-JEIVL,44.4,Low Value,Low Risk,Low Priority
2903-YYTBW,44.55,Low Value,Low Risk,Low Priority
8180-AKMJV,44.55,Low Value,Low Risk,Low Priority
0415-MOSGF,44.4,Low Value,Low Risk,Low Priority
9448-REEVD,44.7,Low Value,Low Risk,Low Priority
6982-SSHFK,44.4,Low Value,Low Risk,Low Priority
7359-PTSXY,45.75,Low Value,Low Risk,Low Priority
3165-HDOEW,45.85,Low Value,Low Risk,Low Priority
4855-SNKMY,44.1,Low Value,Low Risk,Low Priority
9117-SHLZX,45.7,Low Value,Low Risk,Low Priority
7754-IXRMC,45.35,Low Value,Low Risk,Low Priority
7252-NTGSS,45.15,Low Value,Low Risk,Low Priority
8720-RQSBJ,44.0,Low Value,Low Risk,Low Priority
5696-QURRL,45.05,Low Value,Low Risk,Low Priority
4146-SVFUD,44.6,Low Value,Low Risk,Low Priority
6582-OIVSP,45.3,Low Value,Low Risk,Low Priority
2135-RXIHG,45.65,Low Value,Low Risk,Low Priority
3413-BMNZE,45.25,Low Value,Low Risk,Low Priority
6959-UWKHF,42.9,Low Value,Low Risk,Low Priority
6702-OHFWR,43.3,Low Value,Low Risk,Low Priority
1478-VPOAD,43.8,Low Value,Low Risk,Low Priority
8779-QRDMV,39.65,Low Value,Low Risk,Low Priority
2303-PJYHN,39.7,Low Value,Low Risk,Low Priority
7636-XUHWW,39.8,Low Value,Low Risk,Low Priority
8739-QOTTN,40.7,Low Value,Low Risk,Low Priority
5562-YJQGT,40.7,Low Value,Low Risk,Low Priority
4195-SMMNX,40.7,Low Value,Low Risk,Low Priority
1796-JANOW,39.9,Low Value,Low Risk,Low Priority
4986-MXSFP,40.0,Low Value,Low Risk,Low Priority
2410-CIYFZ,40.8,Low Value,Low Risk,Low Priority
0188-GWFLE,40.1,Low Value,Low Risk,Low Priority
2832-SCUCO,39.8,Low Value,Low Risk,Low Priority
8006-PYCSW,40.2,Low Value,Low Risk,Low Priority
3007-FDPEA,41.4,Low Value,Low Risk,Low Priority
6942-LBFDP,41.1,Low Value,Low Risk,Low Priority
5067-DGXLL,40.5,Low Value,Low Risk,Low Priority
9818-XQCUV,40.7,Low Value,Low Risk,Low Priority
6870-ECSHE,40.9,Low Value,Low Risk,Low Priority
4697-LUPSU,40.4,Low Value,Low Risk,Low Priority
9700-ZCLOT,40.0,Low Value,Low Risk,Low Priority
1755-RMCXH,40.6,Low Value,Low Risk,Low Priority
8150-QUDFX,39.7,Low Value,Low Risk,Low Priority
5173-ZXXXL,39.9,Low Value,Low Risk,Low Priority
7734-DBOAI,40.1,Low Value,Low Risk,Low Priority
8610-ZIKJJ,40.6,Low Value,Low Risk,Low Priority
5919-VCZYM,40.1,Low Value,Low Risk,Low Priority
2342-CKIAO,40.6,Low Value,Low Risk,Low Priority
9514-JDSKI,40.2,Low Value,Low Risk,Low Priority
0871-OPBXW,40.1,Low Value,Low Risk,Low Priority
9137-NOQKA,38.4,Low Value,Low Risk,Low Priority
9426-SXNHE,37.5,Low Value,Low Risk,Low Priority
3936-QQFLL,39.5,Low Value,Low Risk,Low Priority
9101-NTIXF,38.8,Low Value,Low Risk,Low Priority
2640-LYMOV,39.3,Low Value,Low Risk,Low Priority
0396-HUJBP,38.6,Low Value,Low Risk,Low Priority
0883-EIBTI,39.0,Low Value,Low Risk,Low Priority
0366-NQSHS,38.7,Low Value,Low Risk,Low Priority
3845-FXCYS,39.3,Low Value,Low Risk,Low Priority
3156-QLHBO,38.5,Low Value,Low Risk,Low Priority
3091-FYHKI,35.45,Low Value,Low Risk,Low Priority
5378-IKEEG,35.75,Low Value,Low Risk,Low Priority
3776-EKTKM,36.45,Low Value,Low Risk,Low Priority
7854-FOKSF,35.9,Low Value,Low Risk,Low Priority
2049-BAFNW,35.9,Low Value,Low Risk,Low Priority
0375-HVGXO,34.7,Low Value,Low Risk,Low Priority
1740-CSDJP,35.25,Low Value,Low Risk,Low Priority
3751-KTZEL,35.05,Low Value,Low Risk,Low Priority
3841-CONLJ,35.0,Low Value,Low Risk,Low Priority
6917-IAYHD,33.6,Low Value,Low Risk,Low Priority
5868-CZJDR,31.35,Low Value,Low Risk,Low Priority
7590-VHVEG,29.85,Low Value,Low Risk,Low Priority
0032-PGELS,30.5,Low Value,Low Risk,Low Priority
9526-BIHHD,29.7,Low Value,Low Risk,Low Priority
6656-JWRQX,30.55,Low Value,Low Risk,Low Priority
8665-UTDHZ,30.2,Low Value,Low Risk,Low Priority
5999-LCXAO,29.9,Low Value,Low Risk,Low Priority
2209-XADXF,25.25,Low Value,Low Risk,Low Priority
8896-BQTTI,25.0,Low Value,Low Risk,Low Priority
4367-NHWMM,24.9,Low Value,Low Risk,Low Priority
6032-IGALN,25.1,Low Value,Low Risk,Low Priority
3213-VVOLG,25.35,Low Value,Low Risk,Low Priority
2712-SYWAY,25.7,Low Value,Low Risk,Low Priority
0023-HGHWL,25.1,Low Value,Low Risk,Low Priority
2672-DZUOY,25.15,Low Value,Low Risk,Low Priority
8260-NGFNY,25.2,Low Value,Low Risk,Low Priority
7932-WPTDS,24.8,Low Value,Low Risk,Low Priority
7537-RBWEA,25.15,Low Value,Low Risk,Low Priority
4367-NUYAO,25.75,Low Value,Low Risk,Low Priority
2862-PFNIK,24.7,Low Value,Low Risk,Low Priority
1496-GGSUK,25.7,Low Value,Low Risk,Low Priority
7242-QZLXF,25.3,Low Value,Low Risk,Low Priority
2538-OIMXF,24.7,Low Value,Low Risk,Low Priority
6366-ZGQGL,24.8,Low Value,Low Risk,Low Priority
2080-SRCDE,25.4,Low Value,Low Risk,Low Priority
4729-XKASR,24.75,Low Value,Low Risk,Low Priority
0661-XEYAN,25.8,Low Value,Low Risk,Low Priority
4195-NZGTA,25.25,Low Value,Low Risk,Low Priority
0612-RTZZA,25.25,Low Value,Low Risk,Low Priority
3439-GVUSX,24.4,Low Value,Low Risk,Low Priority
7365-BVCJH,24.4,Low Value,Low Risk,Low Priority
3797-VTIDR,23.45,Low Value,Low Risk,Low Priority
5701-SVCWR,24.0,Low Value,Low Risk,Low Priority
9895-VFOXH,24.4,Low Value,Low Risk,Low Priority
9136-ALYBR,24.45,Low Value,Low Risk,Low Priority
1334-FJSVR,24.25,Low Value,Low Risk,Low Priority
2565-JSLRY,24.05,Low Value,Low Risk,Low Priority
9753-OYLBX,20.5,Low Value,Low Risk,Low Priority
4745-LSPLO,20.5,Low Value,Low Risk,Low Priority
0673-IGUQO,20.45,Low Value,Low Risk,Low Priority
6579-JPICP,20.4,Low Value,Low Risk,Low Priority
0426-TIRNE,20.9,Low Value,Low Risk,Low Priority
6728-WYQBC,20.95,Low Value,Low Risk,Low Priority
3803-KMQFW,20.55,Low Value,Low Risk,Low Priority
2592-YKDIF,20.35,Low Value,Low Risk,Low Priority
6982-UQZLY,20.85,Low Value,Low Risk,Low Priority
2480-JZOSN,20.65,Low Value,Low Risk,Low Priority
2111-DWYHN,21.1,Low Value,Low Risk,Low Priority
1099-GODLO,20.35,Low Value,Low Risk,Low Priority
4255-DDUOU,20.5,Low Value,Low Risk,Low Priority
3727-JEZTU,20.4,Low Value,Low Risk,Low Priority
5624-BQSSA,20.95,Low Value,Low Risk,Low Priority
5996-DAOQL,20.45,Low Value,Low Risk,Low Priority
5049-GLYVG,20.6,Low Value,Low Risk,Low Priority
3590-TCXTB,20.35,Low Value,Low Risk,Low Priority
3645-DEYGF,20.75,Low Value,Low Risk,Low Priority
8559-WNQZS,20.45,Low Value,Low Risk,Low Priority
5088-QZLRL,20.65,Low Value,Low Risk,Low Priority
2002-MZHWP,20.5,Low Value,Low Risk,Low Priority
7243-LCGGZ,20.9,Low Value,Low Risk,Low Priority
8267-KFGYD,21.05,Low Value,Low Risk,Low Priority
7434-SHXLS,20.9,Low Value,Low Risk,Low Priority
4634-JLRJT,20.35,Low Value,Low Risk,Low Priority
9708-KFDBY,20.55,Low Value,Low Risk,Low Priority
8262-COGGB,20.45,Low Value,Low Risk,Low Priority
6569-KTMDU,19.1,Low Value,Low Risk,Low Priority
3807-XHCJH,20.0,Low Value,Low Risk,Low Priority
1724-IQWNM,19.3,Low Value,Low Risk,Low Priority
9441-QHEVC,19.1,Low Value,Low Risk,Low Priority
2465-BLLEU,19.75,Low Value,Low Risk,Low Priority
0670-KDOMA,20.25,Low Value,Low Risk,Low Priority
1066-JKSGK,20.15,Low Value,Low Risk,Low Priority
6469-MRVET,20.2,Low Value,Low Risk,Low Priority
5028-HTLJB,20.05,Low Value,Low Risk,Low Priority
7298-IZWLY,19.4,Low Value,Low Risk,Low Priority
8329-IBCTI,19.65,Low Value,Low Risk,Low Priority
0970-QXPXW,19.65,Low Value,Low Risk,Low Priority
6380-ARCEH,20.2,Low Value,Low Risk,Low Priority
7310-EGVHZ,20.2,Low Value,Low Risk,Low Priority
3900-AQPHZ,19.9,Low Value,Low Risk,Low Priority
6849-WLEYG,19.75,Low Value,Low Risk,Low Priority
7878-RTCZG,19.9,Low Value,Low Risk,Low Priority
7853-GVUDZ,20.15,Low Value,Low Risk,Low Priority
9975-SKRNR,18.9,Low Value,Low Risk,Low Priority
7617-EYGLW,19.45,Low Value,Low Risk,Low Priority
7721-DVEKZ,19.65,Low Value,Low Risk,Low Priority
8562-GHPPI,19.8,Low Value,Low Risk,Low Priority
9174-FKWZE,19.45,Low Value,Low Risk,Low Priority
2576-HXMPA,19.55,Low Value,Low Risk,Low Priority
3308-MHOOC,19.2,Low Value,Low Risk,Low Priority
3717-OFRTN,19.75,Low Value,Low Risk,Low Priority
7839-QRKXN,20.2,Low Value,Low Risk,Low Priority
1905-OEILC,19.5,Low Value,Low Risk,Low Priority
2081-KJSQF,20.25,Low Value,Low Risk,Low Priority
1156-ZFYDO,19.75,Low Value,Low Risk,Low Priority
6615-ZGEDR,19.7,Low Value,Low Risk,Low Priority
5906-BFOZT,19.5,Low Value,Low Risk,Low Priority
4661-NJEUX,20.05,Low Value,Low Risk,Low Priority
0107-WESLM,19.85,Low Value,Low Risk,Low Priority
5562-BETPV,19.65,Low Value,Low Risk,Low Priority
8073-IJDCM,20.3,Low Value,Low Risk,Low Priority
5356-RHIPP,20.2,Low Value,Low Risk,Low Priority
2876-VBBBL,20.25,Low Value,Low Risk,Low Priority
1725-MIMXW,19.45,Low Value,Low Risk,Low Priority
1934-SJVJK,20.15,Low Value,Low Risk,Low Priority
7814-LEEVE,20.3,Low Value,Low Risk,Low Priority
2542-HYGIQ,19.95,Low Value,Low Risk,Low Priority
4781-ZXYGU,20.15,Low Value,Low Risk,Low Priority
1135-LMECX,19.85,Low Value,Low Risk,Low Priority
2654-VBVPB,19.9,Low Value,Low Risk,Low Priority
2866-IKBTM,19.55,Low Value,Low Risk,Low Priority
3785-NRHYR,19.65,Low Value,Low Risk,Low Priority
1423-BMPBQ,19.0,Low Value,Low Risk,Low Priority
2220-IAHLS,19.4,Low Value,Low Risk,Low Priority
8974-OVACP,20.15,Low Value,Low Risk,Low Priority
5868-YTYKS,20.25,Low Value,Low Risk,Low Priority
3373-YZZYM,19.2,Low Value,Low Risk,Low Priority
7698-YFGEZ,20.0,Low Value,Low Risk,Low Priority
0927-CNGRH,19.55,Low Value,Low Risk,Low Priority
4588-YBNIB,19.6,Low Value,Low Risk,Low Priority
7291-CDTMJ,19.65,Low Value,Low Risk,Low Priority
3030-ZKIWL,20.05,Low Value,Low Risk,Low Priority
7926-IJOOU,19.3,Low Value,Low Risk,Low Priority
3148-BLQJT,20.1,Low Value,Low Risk,Low Priority
1029-QFBEN,19.55,Low Value,Low Risk,Low Priority
4291-HPAXL,19.85,Low Value,Low Risk,Low Priority
7601-WFVZV,19.55,Low Value,Low Risk,Low Priority
6121-VZNQB,19.1,Low Value,Low Risk,Low Priority
5515-IDEJJ,19.9,Low Value,Low Risk,Low Priority
7644-OMVMY,19.85,Low Value,Low Risk,Low Priority
6124-ACRHJ,19.75,Low Value,Low Risk,Low Priority
8605-ITULD,19.55,Low Value,Low Risk,Low Priority
4232-JGKIY,19.2,Low Value,Low Risk,Low Priority
2812-SFXMJ,20.05,Low Value,Low Risk,Low Priority
2520-SGTTA,20.0,Low Value,Low Risk,Low Priority
2676-ISHSF,20.3,Low Value,Low Risk,Low Priority
4897-QSUYC,20.15,Low Value,Low Risk,Low Priority
0761-AETCS,19.3,Low Value,Low Risk,Low Priority
4800-VHZKI,19.9,Low Value,Low Risk,Low Priority
7551-JOHTI,19.5,Low Value,Low Risk,Low Priority
4760-XOHVN,19.45,Low Value,Low Risk,Low Priority
7989-CHGTL,19.6,Low Value,Low Risk,Low Priority
7096-UCLNH,20.05,Low Value,Low Risk,Low Priority
1064-FBXNK,19.85,Low Value,Low Risk,Low Priority
9318-NKNFC,18.85,Low Value,Low Risk,Low Priority
6141-OOXUQ,19.65,Low Value,Low Risk,Low Priority
8393-JMVMB,19.45,Low Value,Low Risk,Low Priority
8566-YPRGL,19.5,Low Value,Low Risk,Low Priority
0247-SLUJI,19.7,Low Value,Low Risk,Low Priority
4786-UKSNZ,20.2,Low Value,Low Risk,Low Priority
8305-VHZBZ,20.2,Low Value,Low Risk,Low Priority
1663-MHLHE,19.2,Low Value,Low Risk,Low Priority
1349-WXNGG,20.05,Low Value,Low Risk,Low Priority
1000-AJSLD,20.1,Low Value,Low Risk,Low Priority
7302-ZHMHP,19.15,Low Value,Low Risk,Low Priority
1098-TDVUQ,19.25,Low Value,Low Risk,Low Priority
8203-XJZRC,20.25,Low Value,Low Risk,Low Priority
3247-MHJKM,20.2,Low Value,Low Risk,Low Priority
8048-DSDFQ,20.2,Low Value,Low Risk,Low Priority
9103-CXVOK,19.75,Low Value,Low Risk,Low Priority
4877-EVATK,20.0,Low Value,Low Risk,Low Priority
3506-LCJDC,19.95,Low Value,Low Risk,Low Priority
5510-BOIUJ,19.25,Low Value,Low Risk,Low Priority
2320-JRSDE,19.9,Low Value,Low Risk,Low Priority
5143-WMWOG,19.95,Low Value,Low Risk,Low Priority
