customer_id,ltv,churn_probability,customer_segment,retention_priority_score,retention_priority,recommended_action
1751-NCDLI,4547.099999999999,0.86,High Value At Risk,72.87,High,Offer discount / loyalty benefit
5440-VHLUL,7258.8,0.45,VIP Customer,60.96,High,Offer discount / loyalty benefit
6173-GOLSU,6341.55,0.51,VIP Customer,60.27,High,Offer discount / loyalty benefit
2439-LYPMQ,3898.8,0.7,High Value At Risk,60.24,High,Offer discount / loyalty benefit
8375-DKEBR,69.6,0.975,Churn Risk,58.83,High,Offer discount / loyalty benefit
8161-QYMTT,658.6999999999999,0.925,Churn Risk,58.58,High,Offer discount / loyalty benefit
5542-TBBWB,69.9,0.97,Churn Risk,58.53,High,Offer discount / loyalty benefit
9804-ICWBG,69.9,0.97,Churn Risk,58.53,High,Offer discount / loyalty benefit
2452-KDRRH,6793.8,0.435,VIP Customer,57.88,High,Offer discount / loyalty benefit
7278-CKDNC,1932.0,0.81,Churn Risk,57.64,High,Offer discount / loyalty benefit
8739-WWKDU,2237.5,0.78,Churn Risk,57.27,High,Offer discount / loyalty benefit
7056-IMHCC,5400.700000000001,0.53,High Value Customer,57.07,High,Offer discount / loyalty benefit
1820-TQVEV,69.55,0.945,Churn Risk,57.03,High,Offer discount / loyalty benefit
3320-VEOYC,1338.4,0.84,Churn Risk,56.66,High,Offer discount / loyalty benefit
6861-XWTWQ,694.75,0.885,Churn Risk,56.35,High,Offer discount / loyalty benefit
2545-EBUPK,168.1,0.925,Churn Risk,56.29,High,Offer discount / loyalty benefit
2665-NPTGL,2550.6,0.735,Churn Risk,56.03,High,Offer discount / loyalty benefit
0655-RBDUG,686.35,0.88,Churn Risk,56.01,High,Offer discount / loyalty benefit
6543-XRMYR,2991.0,0.7,Churn Risk,55.99,High,Offer discount / loyalty benefit
1069-XAIEM,85.05,0.925,Churn Risk,55.9,High,Offer discount / loyalty benefit
9248-OJYKK,76.45,0.925,Churn Risk,55.86,High,Offer discount / loyalty benefit
3716-BDVDB,69.1,0.925,Churn Risk,55.82,High,Offer discount / loyalty benefit
0295-PPHDO,95.45,0.92,Churn Risk,55.65,High,Offer discount / loyalty benefit
8884-ADFVN,713.65,0.87,Churn Risk,55.54,High,Offer discount / loyalty benefit
1143-NMNQJ,171.4,0.905,Churn Risk,55.1,High,Offer discount / loyalty benefit
6377-WHAOX,6369.0,0.42,VIP Customer,55.0,High,Offer discount / loyalty benefit
2514-GINMM,79.5,0.91,Churn Risk,54.97,High,Offer discount / loyalty benefit
8258-GSTJK,231.0,0.895,Churn Risk,54.78,High,Offer discount / loyalty benefit
8245-UMPYT,1542.4,0.79,Churn Risk,54.62,High,Offer discount / loyalty benefit
2737-YNGYW,161.1,0.89,Churn Risk,54.15,High,Offer discount / loyalty benefit
2800-QQUSO,4212.599999999999,0.57,High Value Customer,53.91,High,Offer discount / loyalty benefit
9057-SIHCH,289.79999999999995,0.875,Churn Risk,53.86,High,Offer discount / loyalty benefit
6651-AZVTJ,4890.2,0.515,High Value Customer,53.78,High,Offer discount / loyalty benefit
2867-UIMSS,80.5,0.89,Churn Risk,53.78,High,Offer discount / loyalty benefit
8709-KRDVL,3300.0,0.635,High Value Customer,53.54,High,Offer discount / loyalty benefit
6328-ZPBGN,1046.65,0.81,Churn Risk,53.5,High,Offer discount / loyalty benefit
7249-WBIYX,856.0,0.825,Churn Risk,53.5,High,Offer discount / loyalty benefit
4415-IJZTP,74.5,0.885,Churn Risk,53.45,High,Offer discount / loyalty benefit
8380-PEFPE,71.65,0.885,Churn Risk,53.44,High,Offer discount / loyalty benefit
4735-ASGMA,2557.1,0.69,Monitor,53.36,High,Offer discount / loyalty benefit
4817-VYYWS,3006.0,0.65,High Value Customer,53.06,High,Offer discount / loyalty benefit
6899-PPEEA,3572.35,0.605,High Value Customer,53.01,High,Offer discount / loyalty benefit
0841-NULXI,35.55,0.88,Churn Risk,52.97,High,Offer discount / loyalty benefit
9221-OTIVJ,1467.9,0.765,Churn Risk,52.77,High,Offer discount / loyalty benefit
5331-RGMTT,5348.7,0.46,High Value Customer,52.62,High,Offer discount / loyalty benefit
1833-TCXKK,4848.75,0.495,High Value Customer,52.38,High,Offer discount / loyalty benefit
4090-KPJIP,224.85,0.855,Churn Risk,52.35,High,Offer discount / loyalty benefit
5178-LMXOP,95.1,0.865,Churn Risk,52.34,High,Offer discount / loyalty benefit
2609-IAICY,77.15,0.865,Churn Risk,52.26,High,Offer discount / loyalty benefit
6023-YEBUP,302.85,0.845,Churn Risk,52.12,High,Offer discount / loyalty benefit
4750-ZRXIU,338.4,0.84,Churn Risk,51.98,High,Offer discount / loyalty benefit
8593-WHYHV,255.9,0.84,Churn Risk,51.6,High,Offer discount / loyalty benefit
6979-ZNSFF,696.4,0.805,Churn Risk,51.56,High,Offer discount / loyalty benefit
7134-MJPDY,6788.099999999999,0.33,VIP Customer,51.56,High,Offer discount / loyalty benefit
4713-LZDRV,159.2,0.845,Churn Risk,51.44,High,Offer discount / loyalty benefit
5196-SGOAK,75.7,0.85,Churn Risk,51.35,High,Offer discount / loyalty benefit
4587-VVTOX,631.8,0.805,Churn Risk,51.26,High,Offer discount / loyalty benefit
2034-GDRCN,180.8,0.84,Churn Risk,51.25,High,Offer discount / loyalty benefit
1240-KNSEZ,20.1,0.8525,Churn Risk,51.24,High,Offer discount / loyalty benefit
6821-BUXUX,1256.45,0.755,Churn Risk,51.18,High,Offer discount / loyalty benefit
7180-PISOG,74.5,0.845,Churn Risk,51.05,High,Offer discount / loyalty benefit
2865-TCHJW,356.8,0.82,Churn Risk,50.87,High,Offer discount / loyalty benefit
5380-WJKOV,3615.9,0.565,High Value Customer,50.82,High,Offer discount / loyalty benefit
8397-MVTAZ,3401.7,0.58,High Value Customer,50.71,High,Offer discount / loyalty benefit
2959-MJHIC,321.4,0.82,Churn Risk,50.7,High,Offer discount / loyalty benefit
8752-STIVR,316.0,0.82,Churn Risk,50.68,High,Offer discount / loyalty benefit
3672-YITQD,3027.6,0.605,High Value Customer,50.46,High,Offer discount / loyalty benefit
1768-ZAIFU,25.2,0.835,Churn Risk,50.22,High,Offer discount / loyalty benefit
2254-DLXRI,79.15,0.825,Churn Risk,49.87,Medium,Monitor and engage
1853-UDXBW,70.0,0.825,Churn Risk,49.83,Medium,Monitor and engage
2985-FMWYF,2150.5,0.66,Monitor,49.66,Medium,Monitor and engage
6856-RAURS,149.8,0.8142,Churn Risk,49.55,Medium,Monitor and engage
6857-VWJDT,95.65,0.8170999999999999,Churn Risk,49.47,Medium,Monitor and engage
3707-GNWHM,74.25,0.8175,Churn Risk,49.4,Medium,Monitor and engage
5382-SOYZL,2092.2,0.66,Monitor,49.39,Medium,Monitor and engage
6661-HBGWL,4399.5,0.48,High Value Customer,49.38,Medium,Monitor and engage
5628-FCGYG,1766.1,0.685,Monitor,49.36,Medium,Monitor and engage
6969-MVBAI,810.9,0.755,Churn Risk,49.09,Medium,Monitor and engage
8622-ZLFKO,544.5,0.775,Churn Risk,49.05,Medium,Monitor and engage
7130-VTEWQ,606.0,0.77,Churn Risk,49.04,Medium,Monitor and engage
8785-CJSHH,5988.0,0.35,High Value Customer,49.01,Medium,Monitor and engage
4342-HENTK,141.3,0.805,Churn Risk,48.96,Medium,Monitor and engage
1035-IPQPU,6520.5,0.305,VIP Customer,48.81,Medium,Monitor and engage
2277-DJJDL,5940.0,0.35,High Value Customer,48.79,Medium,Monitor and engage
8739-XNIKG,420.0,0.78,Churn Risk,48.76,Medium,Monitor and engage
1320-HTRDR,226.5,0.795,Churn Risk,48.76,Medium,Monitor and engage
1587-FKLZB,6567.0,0.3,VIP Customer,48.72,Medium,Monitor and engage
6230-BSUXY,85.0,0.805,Churn Risk,48.7,Medium,Monitor and engage
6372-RFVNS,78.8,0.805,Churn Risk,48.67,Medium,Monitor and engage
6630-UJZMY,333.0,0.785,Churn Risk,48.66,Medium,Monitor and engage
3422-LYEPQ,71.0,0.805,Churn Risk,48.63,Medium,Monitor and engage
3585-ISXZP,765.2,0.75,Churn Risk,48.58,Medium,Monitor and engage
4301-VVZKA,1206.4,0.715,Churn Risk,48.54,Medium,Monitor and engage
7273-TEFQD,123.45,0.795,Churn Risk,48.28,Medium,Monitor and engage
4445-ZJNMU,893.6999999999999,0.735,Churn Risk,48.28,Medium,Monitor and engage
4927-WWOOZ,182.9,0.79,Churn Risk,48.26,Medium,Monitor and engage
8443-ZRDBZ,304.2,0.78,Churn Risk,48.22,Medium,Monitor and engage
6710-HSJRD,6960.099999999999,0.26,VIP Customer,48.16,Medium,Monitor and engage
0376-YMCJC,2083.8,0.64,Monitor,48.15,Medium,Monitor and engage
1628-BIZYP,85.0,0.795,Churn Risk,48.1,Medium,Monitor and engage
0576-WNXXC,2579.85,0.6,Monitor,48.07,Medium,Monitor and engage
3006-XIMLN,188.4,0.785,Churn Risk,47.98,Medium,Monitor and engage
5167-ZFFMM,90.85,0.79,Churn Risk,47.83,Medium,Monitor and engage
2202-CUYXZ,84.85,0.79,Churn Risk,47.8,Medium,Monitor and engage
9611-CTWIH,268.35,0.775,Churn Risk,47.76,Medium,Monitor and engage
7952-OBOYL,269.54999999999995,0.775,Churn Risk,47.76,Medium,Monitor and engage
3756-VNWDH,6548.75,0.285,VIP Customer,47.74,Medium,Monitor and engage
2845-HSJCY,1221.5,0.7,Churn Risk,47.71,Medium,Monitor and engage
4229-CZMLL,449.4,0.76,Churn Risk,47.7,Medium,Monitor and engage
2307-FYNNL,7088.25,0.24,VIP Customer,47.56,Medium,Monitor and engage
7198-GLXTC,158.0,0.78,Churn Risk,47.54,Medium,Monitor and engage
0471-ARVMX,6500.7,0.285,VIP Customer,47.51,Medium,Monitor and engage
9334-GWGOW,523.9499999999999,0.75,Churn Risk,47.45,Medium,Monitor and engage
8058-DMYRU,4862.7,0.41,High Value Customer,47.35,Medium,Monitor and engage
7817-BOQPW,151.1,0.775,Churn Risk,47.21,Medium,Monitor and engage
5698-BQJOH,849.6,0.72,Churn Risk,47.17,Medium,Monitor and engage
2027-FECZV,1280.4,0.685,Monitor,47.09,Medium,Monitor and engage
3729-OWRVL,7172.75,0.225,VIP Customer,47.06,Medium,Monitor and engage
8083-YTZES,297.4,0.76,Churn Risk,46.99,Medium,Monitor and engage
4873-ILOLJ,2168.4,0.61,Monitor,46.74,Medium,Monitor and engage
0531-ZZJWQ,4070.0,0.46,High Value Customer,46.64,Medium,Monitor and engage
1444-VVSGW,8095.5,0.145,VIP Customer,46.57,Medium,Monitor and engage
9507-EXLTT,79.35,0.77,Churn Risk,46.57,Medium,Monitor and engage
8696-JKZNU,2821.25,0.555,Monitor,46.5,Medium,Monitor and engage
1400-MMYXY,317.70000000000005,0.75,Churn Risk,46.49,Medium,Monitor and engage
7036-TYDEC,7176.0,0.215,VIP Customer,46.47,Medium,Monitor and engage
3722-WPXTK,88.35,0.765,Churn Risk,46.31,Medium,Monitor and engage
2077-MPJQO,527.8000000000001,0.73,Churn Risk,46.27,Medium,Monitor and engage
3339-EAQNV,7002.0,0.225,VIP Customer,46.26,Medium,Monitor and engage
0390-DCFDQ,70.45,0.765,Churn Risk,46.23,Medium,Monitor and engage
5186-SAMNZ,69.5,0.765,Churn Risk,46.23,Medium,Monitor and engage
1867-BDVFH,817.8499999999999,0.705,Churn Risk,46.13,Medium,Monitor and engage
3976-NLDEZ,20.6,0.7670999999999999,Churn Risk,46.12,Medium,Monitor and engage
8873-GLDMH,443.1,0.7342,Churn Risk,46.12,Medium,Monitor and engage
1357-BIJKI,4912.5,0.385,High Value Customer,46.08,Medium,Monitor and engage
5144-TVGLP,3600.5,0.485,High Value Customer,45.94,Medium,Monitor and engage
7572-KPVKK,6451.099999999999,0.26,VIP Customer,45.78,Medium,Monitor and engage
3519-ZKXGG,227.55,0.745,Churn Risk,45.76,Medium,Monitor and engage
2386-OWURY,5527.4,0.33,High Value Customer,45.66,Medium,Monitor and engage
7363-QTBIW,717.75,0.705,Churn Risk,45.66,Medium,Monitor and engage
0679-IDSTG,69.25,0.755,Churn Risk,45.62,Medium,Monitor and engage
6892-XPFPU,2502.0,0.565,Monitor,45.61,Medium,Monitor and engage
2798-NYLMZ,7707.05,0.155,VIP Customer,45.36,Medium,Monitor and engage
8775-ERLNB,74.3,0.75,Churn Risk,45.35,Medium,Monitor and engage
5889-JTMUL,4752.5,0.385,High Value Customer,45.33,Medium,Monitor and engage
9844-FELAJ,7553.0,0.165,VIP Customer,45.24,Medium,Monitor and engage
6815-ABQFQ,6006.0,0.285,VIP Customer,45.2,Medium,Monitor and engage
9878-TNQGW,161.9,0.74,Churn Risk,45.16,Medium,Monitor and engage
0970-ETWGE,89.55,0.745,Churn Risk,45.12,Medium,Monitor and engage
0310-MVLET,6048.150000000001,0.28,VIP Customer,45.1,Medium,Monitor and engage
6646-QVXLR,6432.5,0.25,VIP Customer,45.09,Medium,Monitor and engage
5376-DEQCP,70.6,0.745,Churn Risk,45.03,Medium,Monitor and engage
0979-PHULV,6862.05,0.215,VIP Customer,45.0,Medium,Monitor and engage
5442-BHQNG,140.7,0.7367,Churn Risk,44.86,Medium,Monitor and engage
1980-KXVPM,225.15,0.73,Churn Risk,44.85,Medium,Monitor and engage
7748-UMTRK,3039.0,0.51,High Value Customer,44.82,Medium,Monitor and engage
9685-WKZGT,1049.3,0.665,Monitor,44.81,Medium,Monitor and engage
3312-UUMZW,3163.2,0.5,High Value Customer,44.8,Medium,Monitor and engage
9279-CJEOJ,2003.4,0.59,Monitor,44.77,Medium,Monitor and engage
9508-ILZDG,3275.9,0.49,High Value Customer,44.73,Medium,Monitor and engage
3677-IYRBF,60.8,0.74,Churn Risk,44.68,Medium,Monitor and engage
5804-HYIEZ,7423.5,0.165,VIP Customer,44.63,Medium,Monitor and engage
6166-ILMNY,139.5,0.7321,Churn Risk,44.58,Medium,Monitor and engage
2754-SDJRD,801.2,0.68,Monitor,44.55,Medium,Monitor and engage
7460-ITWWP,3874.5,0.44,High Value Customer,44.53,Medium,Monitor and engage
5360-LJCNJ,7465.650000000001,0.16,VIP Customer,44.53,Medium,Monitor and engage
0235-KGSLC,85.55,0.735,Churn Risk,44.5,Medium,Monitor and engage
4846-WHAFZ,2830.5,0.52,Monitor,44.44,Medium,Monitor and engage
3338-CVVEH,1134.6,0.65,Monitor,44.31,Medium,Monitor and engage
8089-UZWLX,7387.55,0.16,VIP Customer,44.16,Medium,Monitor and engage
8699-ASUFO,520.8000000000001,0.695,Monitor,44.14,Medium,Monitor and engage
4937-QPZPO,6093.900000000001,0.26,VIP Customer,44.11,Medium,Monitor and engage
8938-UMKPI,5000.8,0.345,High Value Customer,44.1,Medium,Monitor and engage
9351-HXDMR,7984.8,0.11,VIP Customer,43.96,Medium,Monitor and engage
2659-VXMWZ,7457.099999999999,0.15,VIP Customer,43.89,Medium,Monitor and engage
5650-YLIBA,2515.65,0.535,Monitor,43.87,Medium,Monitor and engage
2025-JKFWI,1287.0,0.63,Monitor,43.82,Medium,Monitor and engage
7209-JCUDS,949.0,0.655,Monitor,43.74,Medium,Monitor and engage
0871-URUWO,1329.25,0.625,Monitor,43.72,Medium,Monitor and engage
4753-PADAS,7081.900000000001,0.175,VIP Customer,43.63,Medium,Monitor and engage
5159-YFPKQ,151.6,0.715,Churn Risk,43.61,Medium,Monitor and engage
2761-OCIAX,149.4,0.715,Churn Risk,43.6,Medium,Monitor and engage
2252-JHJGE,6344.0,0.23,VIP Customer,43.48,Medium,Monitor and engage
0422-UXFAP,5041.349999999999,0.33,High Value Customer,43.39,Medium,Monitor and engage
0665-XHDJU,7156.8,0.165,VIP Customer,43.38,Medium,Monitor and engage
0616-ATFGB,25.05,0.72,Churn Risk,43.32,Medium,Monitor and engage
0486-HECZI,5321.25,0.305,High Value Customer,43.19,Medium,Monitor and engage
1936-UAFEH,7497.0,0.135,VIP Customer,43.17,Medium,Monitor and engage
7067-KSAZT,6906.25,0.18,VIP Customer,43.11,Medium,Monitor and engage
8033-VCZGH,5197.5,0.31,High Value Customer,42.92,Medium,Monitor and engage
3324-OIRTO,7430.150000000001,0.135,VIP Customer,42.86,Medium,Monitor and engage
2495-INZWQ,178.2,0.7,Churn Risk,42.83,Medium,Monitor and engage
4283-FUTGF,1517.15,0.595,Monitor,42.8,Medium,Monitor and engage
3030-YDNRM,598.8,0.665,Monitor,42.7,Medium,Monitor and engage
7571-YXDAD,149.8,0.7,Churn Risk,42.7,Medium,Monitor and engage
7409-KIUTL,71.0,0.705,Churn Risk,42.63,Medium,Monitor and engage
6559-RAKOZ,4799.55,0.335,High Value Customer,42.55,Medium,Monitor and engage
4115-NZRKS,624.0500000000001,0.66,Monitor,42.52,Medium,Monitor and engage
6080-TCMYC,3248.0,0.455,High Value Customer,42.5,Medium,Monitor and engage
7029-RPUAV,1707.65,0.575,Monitor,42.49,Medium,Monitor and engage
9747-DDZOS,73.5,0.7021999999999999,Churn Risk,42.48,Medium,Monitor and engage
0899-LIIBW,3428.9,0.44,High Value Customer,42.44,Medium,Monitor and engage
2522-AHJXR,6567.0,0.195,VIP Customer,42.42,Medium,Monitor and engage
5966-EMAZU,6944.0,0.165,VIP Customer,42.39,Medium,Monitor and engage
4512-ZUIYL,140.0,0.6954,Monitor,42.38,Medium,Monitor and engage
3721-CNEYS,141.9,0.695,Monitor,42.36,Medium,Monitor and engage
0164-APGRB,8272.800000000001,0.06,VIP Customer,42.3,Medium,Monitor and engage
5281-BUZGT,3270.6,0.45,High Value Customer,42.3,Medium,Monitor and engage
7005-CCBKV,506.4,0.665,Monitor,42.27,Medium,Monitor and engage
9715-WZCLW,6901.2,0.165,VIP Customer,42.19,Medium,Monitor and engage
3524-WQDSG,4269.9,0.37,High Value Customer,42.18,Medium,Monitor and engage
7181-BQYBV,102.45,0.695,Monitor,42.18,Medium,Monitor and engage
9278-VZKCD,5673.2,0.26,High Value Customer,42.14,Medium,Monitor and engage
1360-JYXKQ,5351.4,0.285,High Value Customer,42.14,Medium,Monitor and engage
3923-CSIHK,3552.5,0.425,High Value Customer,42.12,Medium,Monitor and engage
3199-XGZCY,602.0,0.65,Monitor,41.82,Medium,Monitor and engage
8433-WPJTV,6753.5,0.17,VIP Customer,41.8,Medium,Monitor and engage
0685-MLYYM,141.5,0.685,Monitor,41.76,Medium,Monitor and engage
4419-UJMUS,6855.15,0.16,VIP Customer,41.67,Medium,Monitor and engage
5373-SFODM,3069.0,0.455,High Value Customer,41.66,Medium,Monitor and engage
5501-TVMGM,55.25,0.69,Monitor,41.66,Medium,Monitor and engage
0524-IAVZO,2550.0,0.495,Monitor,41.63,Medium,Monitor and engage
7861-UVUFT,1264.5,0.595,Monitor,41.62,Medium,Monitor and engage
4627-MIHJH,7607.25,0.1,VIP Customer,41.59,Medium,Monitor and engage
5236-PERKL,6438.150000000001,0.19,VIP Customer,41.52,Medium,Monitor and engage
7279-BUYWN,4641.2,0.33,High Value Customer,41.51,Medium,Monitor and engage
6000-APYLU,727.1999999999999,0.635,Monitor,41.5,Medium,Monitor and engage
8541-QVFKM,588.0,0.645,Monitor,41.45,Medium,Monitor and engage
9128-CPXKI,5652.2,0.25,High Value Customer,41.44,Medium,Monitor and engage
0963-ZBDRN,3078.4,0.45,High Value Customer,41.4,Medium,Monitor and engage
2924-KHUVI,5630.8,0.25,High Value Customer,41.34,Medium,Monitor and engage
2019-HDCZY,6463.799999999999,0.185,VIP Customer,41.34,Medium,Monitor and engage
2101-RANCD,4020.5,0.375,High Value Customer,41.31,Medium,Monitor and engage
4706-AXVKM,932.8,0.615,Monitor,41.26,Medium,Monitor and engage
6845-RGTYS,4641.25,0.325,High Value Customer,41.21,Medium,Monitor and engage
2485-ITVKB,70.2,0.68,Monitor,41.13,Medium,Monitor and engage
2368-GAKKQ,7955.5,0.065,VIP Customer,41.12,Medium,Monitor and engage
0536-ACXIP,7887.599999999999,0.07,VIP Customer,41.1,Medium,Monitor and engage
2750-BJLSB,4873.900000000001,0.305,High Value Customer,41.1,Medium,Monitor and engage
1731-TVIUK,374.0,0.655,Monitor,41.05,Medium,Monitor and engage
1077-HUUJM,497.35,0.645,Monitor,41.03,Medium,Monitor and engage
9079-YEXQJ,5999.4,0.215,High Value Customer,40.97,Medium,Monitor and engage
7534-BFESC,1826.4,0.54,Monitor,40.94,Medium,Monitor and engage
4840-ORQXB,5866.0,0.225,High Value Customer,40.94,Medium,Monitor and engage
1024-GUALD,24.8,0.68,Monitor,40.92,Medium,Monitor and engage
2369-FEVNO,19.9,0.6799,Monitor,40.89,Medium,Monitor and engage
5419-CONWX,399.2,0.65,Monitor,40.87,Medium,Monitor and engage
9822-WMWVG,4366.5,0.34,High Value Customer,40.83,Medium,Monitor and engage
9692-TUSXH,1728.9,0.545,Monitor,40.79,Medium,Monitor and engage
8818-DOPVL,4804.7,0.305,High Value Customer,40.78,Medium,Monitor and engage
7251-XFOIL,5441.2,0.255,High Value Customer,40.76,Medium,Monitor and engage
0106-UGRDO,8004.0,0.055,VIP Customer,40.75,Medium,Monitor and engage
6608-QQLVK,50.5,0.675,Monitor,40.74,Medium,Monitor and engage
5226-NOZFC,2229.5,0.505,Monitor,40.73,Medium,Monitor and engage
3766-EJLFL,7415.4,0.1,VIP Customer,40.69,Medium,Monitor and engage
9054-FOWNV,1952.5,0.525,Monitor,40.63,Medium,Monitor and engage
2272-WUSPA,7974.0,0.055,VIP Customer,40.61,Medium,Monitor and engage
5136-GFPMB,4827.6,0.3,High Value Customer,40.59,Medium,Monitor and engage
5461-QKNTN,4054.9,0.36,High Value Customer,40.57,Medium,Monitor and engage
5480-HPRRX,75.9,0.67,Monitor,40.56,Medium,Monitor and engage
5052-PNLOS,316.04999999999995,0.65,Monitor,40.48,Medium,Monitor and engage
6664-FPDAC,6269.2,0.185,VIP Customer,40.43,Medium,Monitor and engage
3396-DKDEL,8060.5,0.045,VIP Customer,40.41,Medium,Monitor and engage
9070-BCKQP,7930.8,0.055,VIP Customer,40.4,Medium,Monitor and engage
8728-SKJLR,3044.25,0.435,High Value Customer,40.34,Medium,Monitor and engage
2480-EJWYP,5672.4,0.23,High Value Customer,40.34,Medium,Monitor and engage
9907-SWKKF,25.05,0.67,Monitor,40.32,Medium,Monitor and engage
9866-OCCKE,7902.0,0.055,VIP Customer,40.27,Medium,Monitor and engage
1112-CUNAO,1347.75,0.565,Monitor,40.21,Medium,Monitor and engage
8015-IHCGW,8316.0,0.02,VIP Customer,40.11,Medium,Monitor and engage
1016-DJTSV,557.6,0.625,Monitor,40.11,Medium,Monitor and engage
8361-LTMKD,297.6,0.645,Monitor,40.09,Medium,Monitor and engage
1360-XFJMR,7349.900000000001,0.095,VIP Customer,40.09,Medium,Monitor and engage
9576-SYUHJ,3372.55,0.405,High Value Customer,40.08,Medium,Monitor and engage
6777-TGHTM,5668.35,0.225,High Value Customer,40.02,Medium,Monitor and engage
4724-WXVWF,4579.200000000001,0.31,High Value Customer,40.02,Medium,Monitor and engage
7569-NMZYQ,8550.0,0.0,VIP Customer,40.0,Medium,Monitor and engage
1379-FRVEB,1365.0,0.56,Monitor,39.99,Medium,Monitor and engage
8821-XNHVZ,80.05,0.66,Monitor,39.97,Medium,Monitor and engage
1448-PWKYE,80.0,0.66,Monitor,39.97,Medium,Monitor and engage
3292-PBZEJ,1225.4,0.57,Monitor,39.93,Medium,Monitor and engage
6919-ELBGL,8276.4,0.02,VIP Customer,39.92,Medium,Monitor and engage
3858-VOBET,1723.85,0.53,Monitor,39.86,Medium,Monitor and engage
7529-ZDFXI,5121.45,0.265,High Value Customer,39.86,Medium,Monitor and engage
6734-FQAJX,7038.349999999999,0.115,VIP Customer,39.83,Medium,Monitor and engage
9924-JPRMC,8510.4,0.0,VIP Customer,39.81,Medium,Monitor and engage
9298-WGMRW,8316.0,0.015,VIP Customer,39.81,Medium,Monitor and engage
6270-OMFIW,5664.0,0.22,High Value Customer,39.7,Medium,Monitor and engage
2889-FPWRM,8481.6,0.0,VIP Customer,39.68,Medium,Monitor and engage
4983-CLMLV,5340.400000000001,0.245,High Value Customer,39.68,Medium,Monitor and engage
7410-YTJIK,528.15,0.62,Monitor,39.67,Medium,Monitor and engage
6680-WKXRZ,223.2,0.6433,Monitor,39.64,Medium,Monitor and engage
3810-DVDQQ,8467.199999999999,0.0,VIP Customer,39.61,Medium,Monitor and engage
6583-SZVGP,5188.799999999999,0.255,High Value Customer,39.58,Medium,Monitor and engage
9739-JLPQJ,8460.0,0.0,VIP Customer,39.58,Medium,Monitor and engage
6376-GAHQE,311.4,0.635,Monitor,39.56,Medium,Monitor and engage
4304-TSPVK,7813.200000000001,0.05,VIP Customer,39.55,Medium,Monitor and engage
4678-DVQEO,52.2,0.655,Monitor,39.54,Medium,Monitor and engage
6904-JLBGY,8449.199999999999,0.0,VIP Customer,39.53,Medium,Monitor and engage
1236-WFCDV,1266.3,0.56,Monitor,39.52,Medium,Monitor and engage
9819-FBNSV,2673.25,0.45,Monitor,39.51,Medium,Monitor and engage
2293-IJWPS,5742.75,0.21,High Value Customer,39.47,Medium,Monitor and engage
6650-BWFRT,8434.800000000001,0.0,VIP Customer,39.46,Medium,Monitor and engage
7359-WWYJV,8240.4,0.015,VIP Customer,39.45,Medium,Monitor and engage
6507-ZJSUR,2080.35,0.495,Monitor,39.43,Medium,Monitor and engage
1110-KYLGQ,6819.75,0.125,VIP Customer,39.41,Medium,Monitor and engage
8984-HPEMB,8424.15,0.0,VIP Customer,39.41,Medium,Monitor and engage
5574-NXZIU,6879.6,0.12,VIP Customer,39.39,Medium,Monitor and engage
9788-HNGUT,8420.4,0.0,VIP Customer,39.39,Medium,Monitor and engage
1488-PBLJN,8413.199999999999,0.0,VIP Customer,39.36,Medium,Monitor and engage
0017-IUDMW,8409.6,0.0,VIP Customer,39.34,Medium,Monitor and engage
3680-CTHUH,6996.0,0.11,VIP Customer,39.33,Medium,Monitor and engage
9637-CDTKZ,8215.199999999999,0.015,VIP Customer,39.33,Medium,Monitor and engage
8628-MFKAX,8406.0,0.0,VIP Customer,39.33,Medium,Monitor and engage
4806-KEXQR,319.6,0.63,Monitor,39.3,Medium,Monitor and engage
3567-PQTSO,5578.25,0.22,High Value Customer,39.3,Medium,Monitor and engage
2388-LAESQ,8269.199999999999,0.01,VIP Customer,39.29,Medium,Monitor and engage
3258-ZKPAI,8395.199999999999,0.0,VIP Customer,39.28,Medium,Monitor and engage
6374-NTQLP,7495.2,0.07,VIP Customer,39.27,Medium,Monitor and engage
1319-YLZJG,1015.2,0.575,Monitor,39.25,Medium,Monitor and engage
8650-RHRKE,118.6,0.645,Monitor,39.25,Medium,Monitor and engage
3963-RYFNS,8384.4,0.0,VIP Customer,39.23,Medium,Monitor and engage
2860-RANUS,1716.0,0.52,Monitor,39.23,Medium,Monitor and engage
0675-NCDYU,8380.800000000001,0.0,VIP Customer,39.21,Medium,Monitor and engage
9866-QEVEE,1634.0,0.525,Monitor,39.14,Medium,Monitor and engage
6047-YHPVI,348.5,0.625,Monitor,39.13,Medium,Monitor and engage
1480-BKXGA,8355.6,0.0,VIP Customer,39.09,Medium,Monitor and engage
3365-SAIGS,1420.35,0.54,Monitor,39.04,Medium,Monitor and engage
6319-IEJWJ,1804.0,0.51,Monitor,39.04,Medium,Monitor and engage
4376-KFVRS,8211.6,0.01,VIP Customer,39.02,Medium,Monitor and engage
1302-UHBDD,1799.0,0.51,Monitor,39.02,Medium,Monitor and engage
5914-XRFQB,8337.6,0.0,VIP Customer,39.01,Medium,Monitor and engage
6007-TCTST,8337.6,0.0,VIP Customer,39.01,Medium,Monitor and engage
8513-OLYGY,8337.6,0.0,VIP Customer,39.01,Medium,Monitor and engage
0432-CAJZV,272.1,0.6288,Monitor,39.0,Medium,Monitor and engage
5451-YHYPW,8334.0,0.0,VIP Customer,38.99,Medium,Monitor and engage
8606-CIQUL,8334.0,0.0,VIP Customer,38.99,Medium,Monitor and engage
1352-HNSAW,8323.199999999999,0.0,VIP Customer,38.94,Medium,Monitor and engage
8263-QMNTJ,8319.6,0.0,VIP Customer,38.92,Medium,Monitor and engage
9643-AVVWI,240.0,0.63,Monitor,38.92,Medium,Monitor and engage
8676-TRMJS,225.0,0.6312,Monitor,38.92,Medium,Monitor and engage
2121-JAFOM,8319.6,0.0,VIP Customer,38.92,Medium,Monitor and engage
6297-NOOPG,7735.0,0.045,VIP Customer,38.89,Medium,Monitor and engage
6519-ZHPXP,7797.599999999999,0.04,VIP Customer,38.88,Medium,Monitor and engage
0256-LTHVJ,2269.4,0.47,Monitor,38.82,Medium,Monitor and engage
3865-ZYKAD,5858.1,0.19,High Value Customer,38.81,Medium,Monitor and engage
2380-DAMQP,8290.800000000001,0.0,VIP Customer,38.79,Medium,Monitor and engage
0906-QVPMS,8290.800000000001,0.0,VIP Customer,38.79,Medium,Monitor and engage
6797-LNAQX,6881.0,0.11,VIP Customer,38.79,Medium,Monitor and engage
8454-AATJP,8283.6,0.0,VIP Customer,38.75,Medium,Monitor and engage
7495-OOKFY,645.2,0.595,Monitor,38.72,Medium,Monitor and engage
2323-ARSVR,7440.349999999999,0.065,VIP Customer,38.71,Medium,Monitor and engage
9927-DSWDF,2301.2,0.465,Monitor,38.67,Medium,Monitor and engage
1989-PRJHP,2038.5,0.485,Monitor,38.64,Medium,Monitor and engage
8280-MQRQN,50.45,0.64,Monitor,38.64,Medium,Monitor and engage
0186-CAERR,8257.3,0.0,VIP Customer,38.63,Medium,Monitor and engage
9402-ROUMJ,6716.75,0.12,VIP Customer,38.62,Medium,Monitor and engage
1779-PWPMG,8254.800000000001,0.0,VIP Customer,38.62,Medium,Monitor and engage
8879-XUAHX,8253.75,0.0,VIP Customer,38.61,Medium,Monitor and engage
8207-DMRVL,8247.6,0.0,VIP Customer,38.59,Medium,Monitor and engage
1894-IGFSG,1963.5,0.49,Monitor,38.59,Medium,Monitor and engage
9710-ZUSHQ,3949.75,0.335,High Value Customer,38.58,Medium,Monitor and engage
5135-GRQJV,8244.0,0.0,VIP Customer,38.57,Medium,Monitor and engage
8975-SKGRX,8243.1,0.0,VIP Customer,38.56,Medium,Monitor and engage
2040-XBAVJ,8240.4,0.0,VIP Customer,38.55,Medium,Monitor and engage
2223-GDSHL,8239.55,0.0,VIP Customer,38.55,Medium,Monitor and engage
6128-AQBMT,2211.9500000000003,0.47,Monitor,38.55,Medium,Monitor and engage
2587-EKXTS,4906.0,0.26,High Value Customer,38.55,Medium,Monitor and engage
0266-GMEAO,8229.6,0.0,VIP Customer,38.5,Medium,Monitor and engage
3892-NXAZG,8211.6,0.0,VIP Customer,38.42,Medium,Monitor and engage
2277-VWCNI,195.0,0.625,Monitor,38.41,Medium,Monitor and engage
9127-FHJBZ,8208.0,0.0,VIP Customer,38.4,Medium,Monitor and engage
3063-QFSZL,55.4,0.635,Monitor,38.36,Medium,Monitor and engage
0327-WFZSY,3900.0,0.335,High Value Customer,38.35,Medium,Monitor and engage
3258-SYSWS,8193.6,0.0,VIP Customer,38.33,Medium,Monitor and engage
2919-HBCJO,306.6,0.615,Monitor,38.33,Medium,Monitor and engage
6445-TNRXS,7799.6,0.03,VIP Customer,38.29,Medium,Monitor and engage
5038-ETMLM,8182.8,0.0,VIP Customer,38.28,Medium,Monitor and engage
9239-GZHZE,8182.8,0.0,VIP Customer,38.28,Medium,Monitor and engage
0004-TLHLJ,295.6,0.615,Monitor,38.28,Medium,Monitor and engage
3669-WHAFY,8175.650000000001,0.0,VIP Customer,38.25,Medium,Monitor and engage
8029-XYPWT,8168.55,0.0,VIP Customer,38.22,Medium,Monitor and engage
8670-ERCJH,8164.8,0.0,VIP Customer,38.2,Medium,Monitor and engage
7235-NXZCP,149.7,0.625,Monitor,38.2,Medium,Monitor and engage
3795-CAWEX,8158.5,0.0,VIP Customer,38.17,Medium,Monitor and engage
0749-IRGQE,588.9,0.59,Monitor,38.16,Medium,Monitor and engage
5129-JLPIS,2637.5,0.43,Monitor,38.14,Medium,Monitor and engage
0023-XUOPT,1223.3,0.54,Monitor,38.12,Medium,Monitor and engage
6712-OAWRH,2372.5,0.45,Monitor,38.1,Medium,Monitor and engage
6859-QNXIQ,8143.2,0.0,VIP Customer,38.1,Medium,Monitor and engage
2001-EWBQU,6282.0,0.145,VIP Customer,38.09,Medium,Monitor and engage
2001-MCUUW,4997.900000000001,0.245,High Value Customer,38.08,Medium,Monitor and engage
5322-TEUJK,8136.599999999999,0.0,VIP Customer,38.07,Medium,Monitor and engage
9576-ANLXO,208.65,0.6183,Monitor,38.07,Medium,Monitor and engage
4412-YLTKF,2107.35,0.47,Monitor,38.06,Medium,Monitor and engage
9481-IEBZY,8128.8,0.0,VIP Customer,38.03,Medium,Monitor and engage
7471-MQPOS,5175.900000000001,0.23,High Value Customer,38.01,Medium,Monitor and engage
7663-CUXZB,6711.25,0.11,VIP Customer,38.0,Medium,Monitor and engage
6175-IRFIT,393.75,0.6025,Monitor,37.99,Medium,Monitor and engage
0082-OQIQY,2731.8,0.42,Monitor,37.98,Medium,Monitor and engage
8024-XNAFQ,7732.8,0.03,VIP Customer,37.98,Medium,Monitor and engage
5183-KLYEM,8118.0,0.0,VIP Customer,37.98,Medium,Monitor and engage
8778-LMWTJ,673.65,0.58,Monitor,37.95,Medium,Monitor and engage
1074-AMIOH,5737.25,0.185,High Value Customer,37.94,Medium,Monitor and engage
1090-ESELR,7596.0,0.04,VIP Customer,37.94,Medium,Monitor and engage
3520-FJGCV,8107.2,0.0,VIP Customer,37.93,Medium,Monitor and engage
3726-TBHQT,8094.0,0.0,VIP Customer,37.87,Medium,Monitor and engage
4829-ZLJTK,8092.8,0.0,VIP Customer,37.86,Medium,Monitor and engage
7912-SYRQT,525.6999999999999,0.59,Monitor,37.86,Medium,Monitor and engage
0730-KOAVE,2829.0,0.41,Monitor,37.84,Medium,Monitor and engage
0201-OAMXR,8088.5,0.0,VIP Customer,37.84,Medium,Monitor and engage
7255-SSFBC,8082.0,0.0,VIP Customer,37.81,Medium,Monitor and engage
5271-YNWVR,7694.200000000001,0.03,VIP Customer,37.8,Medium,Monitor and engage
7218-HKQFK,188.4,0.615,Monitor,37.78,Medium,Monitor and engage
8915-NNTRC,7754.400000000001,0.025,VIP Customer,37.78,Medium,Monitor and engage
0378-CJKPV,8071.2,0.0,VIP Customer,37.76,Medium,Monitor and engage
9258-CNWAC,8069.150000000001,0.0,VIP Customer,37.75,Medium,Monitor and engage
0958-YHXGP,489.30000000000007,0.5908,Monitor,37.74,Medium,Monitor and engage
4983-CCWMC,208.8,0.6125,Monitor,37.73,Medium,Monitor and engage
5989-AXPUC,8064.799999999999,0.0,VIP Customer,37.73,Medium,Monitor and engage
9944-AEXBM,2740.8,0.415,Monitor,37.72,Medium,Monitor and engage
2193-SFWQW,8060.400000000001,0.0,VIP Customer,37.71,Medium,Monitor and engage
0619-OLYUR,8056.8,0.0,VIP Customer,37.69,Medium,Monitor and engage
1150-WFARN,7286.25,0.06,VIP Customer,37.69,Medium,Monitor and engage
8266-VBFQL,361.6,0.6,Monitor,37.69,Medium,Monitor and engage
5445-PZWGX,6324.0,0.135,VIP Customer,37.69,Medium,Monitor and engage
0181-RITDD,6705.3,0.105,VIP Customer,37.67,Medium,Monitor and engage
9840-DVNDC,483.0,0.59,Monitor,37.66,Medium,Monitor and engage
7176-WRTNX,8046.5,0.0,VIP Customer,37.64,Medium,Monitor and engage
0430-IHCDJ,735.0,0.57,Monitor,37.64,Medium,Monitor and engage
5304-EFJLP,8038.8,0.0,VIP Customer,37.61,Medium,Monitor and engage
2469-DTSGX,8038.8,0.0,VIP Customer,37.61,Medium,Monitor and engage
8853-TZDGH,8035.2,0.0,VIP Customer,37.59,Medium,Monitor and engage
9475-NNDGC,8033.650000000001,0.0,VIP Customer,37.58,Medium,Monitor and engage
4393-GEADV,8032.5,0.0,VIP Customer,37.58,Medium,Monitor and engage
1043-UXOVO,8033.650000000001,0.0,VIP Customer,37.58,Medium,Monitor and engage
8059-UDZFY,3476.55,0.355,High Value Customer,37.56,Medium,Monitor and engage
6022-UGGSO,2380.8,0.44,Monitor,37.54,Medium,Monitor and engage
0530-IJVDB,8022.0,0.0,VIP Customer,37.53,Medium,Monitor and engage
5357-TZHPP,759.6,0.565,Monitor,37.45,Medium,Monitor and engage
7929-SKFGK,8001.0,0.0,VIP Customer,37.43,Medium,Monitor and engage
5696-CEIQJ,6911.05,0.085,VIP Customer,37.43,Medium,Monitor and engage
0019-EFAEP,7293.599999999999,0.055,VIP Customer,37.42,Medium,Monitor and engage
4686-UXDML,2096.85,0.46,Monitor,37.41,Medium,Monitor and engage
1555-DJEQW,7994.0,0.0,VIP Customer,37.4,Medium,Monitor and engage
6284-KMNUF,5488.0,0.195,High Value Customer,37.37,Medium,Monitor and engage
7030-FZTFM,7984.8,0.0,VIP Customer,37.36,Medium,Monitor and engage
2499-AJYUA,7977.599999999999,0.0,VIP Customer,37.32,Medium,Monitor and engage
0322-CHQRU,90.7,0.615,Monitor,37.32,Medium,Monitor and engage
4282-MSACW,7969.6,0.0,VIP Customer,37.28,Medium,Monitor and engage
8823-RLPWL,7966.8,0.0,VIP Customer,37.27,Medium,Monitor and engage
9940-RHLFB,75.3,0.615,Monitor,37.25,Medium,Monitor and engage
1291-CUOCY,7963.2,0.0,VIP Customer,37.25,Medium,Monitor and engage
4806-DXQCE,7955.5,0.0,VIP Customer,37.22,Medium,Monitor and engage
8309-PPCED,7952.400000000001,0.0,VIP Customer,37.2,Medium,Monitor and engage
7602-MVRMB,7952.400000000001,0.0,VIP Customer,37.2,Medium,Monitor and engage
6769-DYBQN,3910.0,0.315,High Value Customer,37.19,Medium,Monitor and engage
3831-YCPUO,7884.0,0.005,VIP Customer,37.18,Medium,Monitor and engage
3580-HYCSP,7941.599999999999,0.0,VIP Customer,37.15,Medium,Monitor and engage
0868-VJRDR,6659.2,0.1,VIP Customer,37.15,Medium,Monitor and engage
3313-QKNKB,5047.45,0.225,High Value Customer,37.11,Medium,Monitor and engage
8199-ZLLSA,7929.45,0.0,VIP Customer,37.1,Medium,Monitor and engage
7566-DSRLQ,7930.8,0.0,VIP Customer,37.1,Medium,Monitor and engage
3244-CQPHU,7927.2,0.0,VIP Customer,37.09,Medium,Monitor and engage
1452-KIOVK,1960.2,0.465,Monitor,37.07,Medium,Monitor and engage
7928-VJYAB,996.6,0.54,Monitor,37.06,Medium,Monitor and engage
1841-YSJGV,7916.400000000001,0.0,VIP Customer,37.04,Medium,Monitor and engage
0254-FNMCI,7912.8,0.0,VIP Customer,37.02,Medium,Monitor and engage
3870-SPZSI,7913.5,0.0,VIP Customer,37.02,Medium,Monitor and engage
0907-HQNTS,7910.0,0.0,VIP Customer,37.01,Medium,Monitor and engage
7881-EVUAD,85.2,0.61,Monitor,37.0,Medium,Monitor and engage
1162-ECVII,7902.0,0.0,VIP Customer,36.97,Medium,Monitor and engage
3508-CFVZL,7902.3,0.0,VIP Customer,36.97,Medium,Monitor and engage
4670-TABXH,7902.0,0.0,VIP Customer,36.97,Medium,Monitor and engage
3540-RZJYU,1293.0,0.515,Monitor,36.95,Medium,Monitor and engage
4909-JOUPP,7898.400000000001,0.0,VIP Customer,36.95,Medium,Monitor and engage
9680-NIAUV,7898.400000000001,0.0,VIP Customer,36.95,Medium,Monitor and engage
0835-JKADZ,7898.75,0.0,VIP Customer,36.95,Medium,Monitor and engage
6295-OSINB,7894.8,0.0,VIP Customer,36.93,Medium,Monitor and engage
5375-XLDOF,7890.15,0.0,VIP Customer,36.91,Medium,Monitor and engage
3518-FSTWG,7887.599999999999,0.0,VIP Customer,36.9,Medium,Monitor and engage
9802-CAQUT,7887.599999999999,0.0,VIP Customer,36.9,Medium,Monitor and engage
9167-APMXZ,1851.3,0.47,Monitor,36.86,Medium,Monitor and engage
7375-WMVMT,6780.5,0.085,VIP Customer,36.82,Medium,Monitor and engage
3886-CERTZ,7866.0,0.0,VIP Customer,36.8,Medium,Monitor and engage
1545-JFUML,7029.0,0.065,VIP Customer,36.78,Medium,Monitor and engage
6614-FHDBO,7862.400000000001,0.0,VIP Customer,36.78,Medium,Monitor and engage
8901-UPRHR,7862.400000000001,0.0,VIP Customer,36.78,Medium,Monitor and engage
2266-SJNAT,7858.8,0.0,VIP Customer,36.77,Medium,Monitor and engage
5027-YOCXN,5612.55,0.175,High Value Customer,36.76,Medium,Monitor and engage
9112-WSNPU,2469.25,0.42,Monitor,36.75,Medium,Monitor and engage
9465-RWMXL,2524.8,0.415,Monitor,36.71,Medium,Monitor and engage
5172-RKOCB,7844.400000000001,0.0,VIP Customer,36.7,Medium,Monitor and engage
7055-JCGNI,7836.5,0.0,VIP Customer,36.66,Medium,Monitor and engage
6910-HADCM,76.35,0.605,Monitor,36.66,Medium,Monitor and engage
2748-MYRVK,6293.700000000001,0.12,VIP Customer,36.64,Medium,Monitor and engage
8714-EUHJO,2825.65,0.39,Low Priority,36.62,Medium,Monitor and engage
7587-RZNME,129.89999999999998,0.6,Monitor,36.61,Medium,Monitor and engage
8132-YPVBX,515.7,0.57,Monitor,36.61,Medium,Monitor and engage
1053-MXTTK,7822.8,0.0,VIP Customer,36.6,Medium,Monitor and engage
3655-SNQYZ,7814.25,0.0,VIP Customer,36.56,Medium,Monitor and engage
5168-MQQCA,7812.0,0.0,VIP Customer,36.55,Medium,Monitor and engage
2419-FSORS,7804.8,0.0,VIP Customer,36.51,Medium,Monitor and engage
1320-GVNHT,7804.8,0.0,VIP Customer,36.51,Medium,Monitor and engage
4378-MYPGO,7157.0,0.05,VIP Customer,36.48,Medium,Monitor and engage
9031-ZVQPT,7790.400000000001,0.0,VIP Customer,36.45,Medium,Monitor and engage
0013-SMEOE,7788.7,0.0,VIP Customer,36.44,Medium,Monitor and engage
9053-JZFKV,7785.400000000001,0.0,VIP Customer,36.42,Medium,Monitor and engage
5760-FXFVO,473.7000000000001,0.57,Monitor,36.42,Medium,Monitor and engage
7134-HBPBS,7783.2,0.0,VIP Customer,36.41,Medium,Monitor and engage
5945-AZYHT,7781.599999999999,0.0,VIP Customer,36.41,Medium,Monitor and engage
9861-PDSZP,7779.599999999999,0.0,VIP Customer,36.4,Medium,Monitor and engage
8071-SBTRN,7780.5,0.0,VIP Customer,36.4,Medium,Monitor and engage
7124-UGSUR,6368.400000000001,0.11,VIP Customer,36.39,Medium,Monitor and engage
7923-IYJWY,7778.7,0.0,VIP Customer,36.39,Medium,Monitor and engage
9741-YLNTD,527.7,0.565,Monitor,36.37,Medium,Monitor and engage
9586-JGQKH,6745.6,0.08,VIP Customer,36.36,Medium,Monitor and engage
6993-YGFJV,7765.95,0.0,VIP Customer,36.33,Medium,Monitor and engage
2599-CIPQE,7760.3,0.0,VIP Customer,36.31,Medium,Monitor and engage
6308-CQRBU,7756.75,0.0,VIP Customer,36.29,Medium,Monitor and engage
8621-MNIHH,3204.5,0.355,High Value Customer,36.29,Medium,Monitor and engage
8378-LKJAF,3843.7,0.305,High Value Customer,36.28,Medium,Monitor and engage
2754-XBHTB,698.85,0.55,Monitor,36.27,Medium,Monitor and engage
9107-UKCKY,4867.8,0.225,High Value Customer,36.27,Medium,Monitor and engage
3312-ZWLGF,2299.7,0.425,Monitor,36.26,Medium,Monitor and engage
4184-VODJZ,5755.049999999999,0.155,High Value Customer,36.22,Medium,Monitor and engage
5954-BDFSG,7740.0,0.0,VIP Customer,36.21,Medium,Monitor and engage
3407-JMJQQ,7739.0,0.0,VIP Customer,36.21,Medium,Monitor and engage
4056-QHXHZ,7736.400000000001,0.0,VIP Customer,36.19,Medium,Monitor and engage
8265-HKSOW,7736.400000000001,0.0,VIP Customer,36.19,Medium,Monitor and engage
1470-PSXNM,4588.85,0.245,High Value Customer,36.17,Medium,Monitor and engage
0410-IPFTY,2599.35,0.4,Monitor,36.16,Medium,Monitor and engage
2325-NBPZG,223.65,0.585,Monitor,36.15,Medium,Monitor and engage
7957-RYHQD,3168.0,0.355,High Value Customer,36.12,Medium,Monitor and engage
2057-ZBLPD,1816.5,0.46,Monitor,36.1,Medium,Monitor and engage
8707-HOEDG,7714.0,0.0,VIP Customer,36.09,Medium,Monitor and engage
7317-GGVPB,7710.599999999999,0.0,VIP Customer,36.07,Medium,Monitor and engage
9420-LOJKX,1486.5,0.485,Monitor,36.05,Medium,Monitor and engage
2972-YDYUW,5397.900000000001,0.18,High Value Customer,36.05,Medium,Monitor and engage
3966-HRMZA,225.15,0.5832999999999999,Monitor,36.05,Medium,Monitor and engage
3717-OEAUQ,141.4,0.5896,Monitor,36.04,Medium,Monitor and engage
9283-LZQOH,967.2,0.525,Monitor,36.02,Medium,Monitor and engage
3786-WOVKF,7693.2,0.0,VIP Customer,35.99,Medium,Monitor and engage
8809-XKHMD,7239.599999999999,0.035,VIP Customer,35.97,Medium,Monitor and engage
6198-PNNSZ,6148.8,0.12,VIP Customer,35.97,Medium,Monitor and engage
4029-HPFVY,210.9,0.5825,Monitor,35.94,Medium,Monitor and engage
8849-GYOKR,5753.7,0.15,High Value Customer,35.92,Medium,Monitor and engage
9330-VOFSZ,6648.0,0.08,VIP Customer,35.9,Medium,Monitor and engage
3207-OYBWH,5429.25,0.175,High Value Customer,35.9,Medium,Monitor and engage
2834-JRTUA,7671.55,0.0,VIP Customer,35.89,Medium,Monitor and engage
4868-AADLV,7672.5,0.0,VIP Customer,35.89,Medium,Monitor and engage
1984-FCOWB,7665.0,0.0,VIP Customer,35.86,Medium,Monitor and engage
7879-CGSFV,5549.5,0.165,High Value Customer,35.86,Medium,Monitor and engage
0748-RDGGM,7665.0,0.0,VIP Customer,35.86,Medium,Monitor and engage
8107-RZLNV,7653.599999999999,0.0,VIP Customer,35.81,Medium,Monitor and engage
7159-NOKYQ,6241.05,0.11,VIP Customer,35.8,Medium,Monitor and engage
0388-EOPEX,148.8,0.585,Monitor,35.8,Medium,Monitor and engage
9405-GPBBG,7072.0,0.045,VIP Customer,35.79,Medium,Monitor and engage
4067-HLYQI,2323.2000000000003,0.415,Monitor,35.77,Medium,Monitor and engage
0052-DCKON,7642.8,0.0,VIP Customer,35.76,Medium,Monitor and engage
3865-YIOTT,7639.2,0.0,VIP Customer,35.74,Medium,Monitor and engage
5668-MEISB,7639.2,0.0,VIP Customer,35.74,Medium,Monitor and engage
1452-UZOSF,7639.2,0.0,VIP Customer,35.74,Medium,Monitor and engage
2615-YVMYX,7632.5,0.0,VIP Customer,35.71,Medium,Monitor and engage
4476-OSWTN,7627.95,0.0,VIP Customer,35.69,Medium,Monitor and engage
0923-PNFUB,251.25,0.575,Monitor,35.68,Medium,Monitor and engage
7733-UDMTP,3135.0,0.35,High Value Customer,35.67,Medium,Monitor and engage
7519-JTWQH,7624.5,0.0,VIP Customer,35.67,Medium,Monitor and engage
5469-CTCWN,6466.0,0.09,VIP Customer,35.65,Medium,Monitor and engage
6137-NICCO,564.3,0.55,Monitor,35.64,Medium,Monitor and engage
8999-XXGNS,7614.0,0.0,VIP Customer,35.62,Medium,Monitor and engage
4818-QIUFN,1583.0,0.47,Monitor,35.61,Medium,Monitor and engage
0853-TWRVK,7603.2,0.0,VIP Customer,35.57,Medium,Monitor and engage
4223-WOZCM,99.9,0.585,Monitor,35.57,Medium,Monitor and engage
0401-WDBXM,7599.599999999999,0.0,VIP Customer,35.55,Medium,Monitor and engage
2632-IVXVF,7599.0,0.0,VIP Customer,35.55,Medium,Monitor and engage
3466-RITXD,2402.4,0.405,Monitor,35.54,Medium,Monitor and engage
4389-UEFCZ,7596.0,0.0,VIP Customer,35.54,Medium,Monitor and engage
2988-QRAJY,7593.45,0.0,VIP Customer,35.52,Medium,Monitor and engage
8393-DLHGA,2397.5,0.405,Monitor,35.52,Medium,Monitor and engage
0136-IFMYD,7586.55,0.0,VIP Customer,35.49,Medium,Monitor and engage
4119-ZYPZY,7582.8,0.0,VIP Customer,35.48,Medium,Monitor and engage
9558-IHEZX,7579.25,0.0,VIP Customer,35.46,Medium,Monitor and engage
9717-QEBGU,140.6,0.58,Monitor,35.46,Medium,Monitor and engage
5965-GGPRW,7578.0,0.0,VIP Customer,35.45,Medium,Monitor and engage
9959-WOFKT,7575.7,0.0,VIP Customer,35.44,Medium,Monitor and engage
1679-JRFBR,7570.5,0.0,VIP Customer,35.42,Medium,Monitor and engage
6726-NNFWD,6350.95,0.095,VIP Customer,35.41,Medium,Monitor and engage
5985-BEHZK,7560.0,0.0,VIP Customer,35.37,Medium,Monitor and engage
0392-BZIUW,7560.0,0.0,VIP Customer,35.37,Medium,Monitor and engage
7203-OYKCT,7556.400000000001,0.0,VIP Customer,35.35,Medium,Monitor and engage
4947-DSMXK,3321.8,0.33,High Value Customer,35.34,Medium,Monitor and engage
4815-YOSUK,7552.8,0.0,VIP Customer,35.33,Medium,Monitor and engage
2664-XJZNO,7552.8,0.0,VIP Customer,35.33,Medium,Monitor and engage
2984-TBYKU,7552.8,0.0,VIP Customer,35.33,Medium,Monitor and engage
5286-YHCVC,7545.599999999999,0.0,VIP Customer,35.3,Medium,Monitor and engage
8819-ZBYNA,6327.799999999999,0.095,VIP Customer,35.3,Medium,Monitor and engage
5339-PXDVH,362.6,0.56,Monitor,35.3,Medium,Monitor and engage
7354-OIJLX,682.65,0.535,Monitor,35.29,Medium,Monitor and engage
9896-UYMIE,7543.8,0.0,VIP Customer,35.29,Medium,Monitor and engage
5795-KTGUD,7534.4,0.0,VIP Customer,35.25,Medium,Monitor and engage
2955-BJZHG,1374.4499999999998,0.48,Monitor,35.23,Medium,Monitor and engage
8561-NMTBD,7527.45,0.0,VIP Customer,35.22,Medium,Monitor and engage
3259-FDWOY,7526.0,0.0,VIP Customer,35.21,Medium,Monitor and engage
1092-GANHU,1303.0500000000002,0.485,Monitor,35.2,Medium,Monitor and engage
5376-PCKNB,7520.400000000001,0.0,VIP Customer,35.18,Medium,Monitor and engage
2172-EJXVF,7518.900000000001,0.0,VIP Customer,35.18,Medium,Monitor and engage
0308-GIQJT,7508.25,0.0,VIP Customer,35.13,Medium,Monitor and engage
5569-IDSEY,7504.7,0.0,VIP Customer,35.11,Medium,Monitor and engage
8213-TAZPM,7503.75,0.0,VIP Customer,35.11,Medium,Monitor and engage
6728-DKUCO,7498.8,0.0,VIP Customer,35.08,Medium,Monitor and engage
0917-EZOLA,7498.8,0.0,VIP Customer,35.08,Medium,Monitor and engage
0952-KMEEH,1275.95,0.485,Monitor,35.07,Medium,Monitor and engage
3363-DTIVD,7494.05,0.0,VIP Customer,35.06,Medium,Monitor and engage
5153-LXKDT,7493.6,0.0,VIP Customer,35.06,Medium,Monitor and engage
0823-HSCDJ,2555.8,0.385,Low Priority,35.06,Medium,Monitor and engage
6834-NXDCA,310.7,0.56,Monitor,35.05,Medium,Monitor and engage
7251-LJBQN,4150.0,0.26,High Value Customer,35.02,Medium,Monitor and engage
7663-YJHSN,7484.400000000001,0.0,VIP Customer,35.01,Medium,Monitor and engage
9958-MEKUC,7484.400000000001,0.0,VIP Customer,35.01,Medium,Monitor and engage
1131-SUEKT,6005.45,0.115,VIP Customer,35.0,Medium,Monitor and engage
1902-XBTFB,1966.8,0.43,Monitor,35.0,Medium,Monitor and engage
5440-FLBQG,7479.6,0.0,VIP Customer,34.99,Medium,Monitor and engage
3192-NQECA,7480.0,0.0,VIP Customer,34.99,Medium,Monitor and engage
4043-MKDTV,7472.75,0.0,VIP Customer,34.96,Medium,Monitor and engage
4822-LPTYJ,7470.0,0.0,VIP Customer,34.95,Medium,Monitor and engage
5140-FOMCQ,6439.85,0.08,VIP Customer,34.93,Medium,Monitor and engage
7691-XVTZH,6116.6,0.105,VIP Customer,34.92,Medium,Monitor and engage
6749-UTDVX,7462.8,0.0,VIP Customer,34.91,Medium,Monitor and engage
5287-QWLKY,7462.099999999999,0.0,VIP Customer,34.91,Medium,Monitor and engage
0913-XWSCN,4702.5,0.215,High Value Customer,34.9,Medium,Monitor and engage
8914-RBTSB,2907.8,0.355,Low Priority,34.9,Medium,Monitor and engage
2773-OVBPK,7457.099999999999,0.0,VIP Customer,34.89,Medium,Monitor and engage
6050-IJRHS,7455.0,0.0,VIP Customer,34.88,Medium,Monitor and engage
3199-NPKCN,7453.75,0.0,VIP Customer,34.87,Medium,Monitor and engage
9777-IQHWP,5977.6,0.115,High Value Customer,34.87,Medium,Monitor and engage
3022-BEXHZ,7450.400000000001,0.0,VIP Customer,34.86,Medium,Monitor and engage
5301-GAUUY,2571.2,0.38,Low Priority,34.83,Medium,Monitor and engage
8809-RIHDD,7444.8,0.0,VIP Customer,34.83,Medium,Monitor and engage
3197-ARFOY,1995.0,0.425,Monitor,34.83,Medium,Monitor and engage
0727-BNRLG,6737.85,0.055,VIP Customer,34.82,Medium,Monitor and engage
8849-AYPTR,3011.25,0.345,High Value Customer,34.79,Medium,Monitor and engage
9544-PYPSJ,5958.2,0.115,High Value Customer,34.77,Medium,Monitor and engage
6994-FGRHH,7430.5,0.0,VIP Customer,34.76,Medium,Monitor and engage
2234-XADUH,7430.400000000001,0.0,VIP Customer,34.76,Medium,Monitor and engage
7250-EQKIY,50.45,0.575,Monitor,34.74,Medium,Monitor and engage
2478-EEWWM,2613.7,0.375,Low Priority,34.73,Medium,Monitor and engage
8565-HBFNN,7396.8,0.0,VIP Customer,34.6,Medium,Monitor and engage
6257-DTAYD,7394.650000000001,0.0,VIP Customer,34.59,Medium,Monitor and engage
2878-RMWXY,7390.8,0.0,VIP Customer,34.58,Medium,Monitor and engage
5678-VFNEQ,7391.099999999999,0.0,VIP Customer,34.58,Medium,Monitor and engage
4323-OHFOW,7388.5,0.0,VIP Customer,34.57,Medium,Monitor and engage
1475-VWVDO,524.3000000000001,0.535,Monitor,34.55,Medium,Monitor and engage
1576-PFZIW,7374.5,0.0,VIP Customer,34.5,Medium,Monitor and engage
3627-FHKBK,75.3,0.5692,Monitor,34.5,Medium,Monitor and engage
4250-ZBWLV,7374.6,0.0,VIP Customer,34.5,Medium,Monitor and engage
8869-LIHMK,7366.4,0.0,VIP Customer,34.46,Medium,Monitor and engage
0795-GMVQO,7363.3,0.0,VIP Customer,34.45,Medium,Monitor and engage
1229-RCALF,7360.0,0.0,VIP Customer,34.43,Medium,Monitor and engage
7426-WEIJX,4857.0,0.195,High Value Customer,34.42,Medium,Monitor and engage
5748-RNCJT,7348.5,0.0,VIP Customer,34.38,Medium,Monitor and engage
7718-UPSKJ,7341.6,0.0,VIP Customer,34.35,Medium,Monitor and engage
5161-UBZXI,7338.15,0.0,VIP Customer,34.33,Medium,Monitor and engage
9450-TRJUU,2910.25,0.345,Low Priority,34.32,Medium,Monitor and engage
0100-DUVFC,7336.0,0.0,VIP Customer,34.32,Medium,Monitor and engage
8849-PRIQJ,7329.8,0.0,VIP Customer,34.29,Medium,Monitor and engage
7821-DPRQE,7323.6,0.0,VIP Customer,34.26,Medium,Monitor and engage
7632-MNYOY,7319.400000000001,0.0,VIP Customer,34.24,Medium,Monitor and engage
9835-ZIITK,7316.099999999999,0.0,VIP Customer,34.23,Medium,Monitor and engage
2604-IJPDU,1931.0,0.42,Monitor,34.23,Medium,Monitor and engage
3597-YASZG,7311.5,0.0,VIP Customer,34.21,Medium,Monitor and engage
7208-PSIHR,7301.0,0.0,VIP Customer,34.16,Medium,Monitor and engage
7971-HLVXI,6084.0,0.095,VIP Customer,34.16,Medium,Monitor and engage
4827-LTQRJ,7299.599999999999,0.0,VIP Customer,34.15,Medium,Monitor and engage
1335-HQMKX,7297.2,0.0,VIP Customer,34.14,Medium,Monitor and engage
5022-JNQEQ,682.65,0.515,Monitor,34.09,Medium,Monitor and engage
1297-VQDRP,7286.200000000001,0.0,VIP Customer,34.09,Medium,Monitor and engage
1346-PJWTK,5743.150000000001,0.12,High Value Customer,34.07,Medium,Monitor and engage
5198-EFNBM,5167.05,0.165,High Value Customer,34.07,Medium,Monitor and engage
4853-RULSV,7280.0,0.0,VIP Customer,34.06,Medium,Monitor and engage
7503-QQRVF,1188.8,0.475,Monitor,34.06,Medium,Monitor and engage
2533-QVMSK,5740.099999999999,0.12,High Value Customer,34.05,Medium,Monitor and engage
9779-DPNEJ,1763.3000000000002,0.43,Monitor,34.05,Medium,Monitor and engage
6048-UWKAL,7272.6,0.0,VIP Customer,34.02,Medium,Monitor and engage
6050-FFXES,7269.15,0.0,VIP Customer,34.01,Medium,Monitor and engage
9848-JQJTX,7264.8,0.0,VIP Customer,33.99,Medium,Monitor and engage
0864-FVJNJ,7254.4,0.0,VIP Customer,33.94,Medium,Monitor and engage
4547-LYTDD,1162.4,0.475,Monitor,33.94,Medium,Monitor and engage
1090-PYKCI,7251.9,0.0,VIP Customer,33.93,Medium,Monitor and engage
4154-AQUGT,1157.65,0.475,Monitor,33.92,Medium,Monitor and engage
0058-EVZWM,4939.0,0.18,High Value Customer,33.91,Medium,Monitor and engage
5781-BKHOP,7246.8,0.0,VIP Customer,33.9,Medium,Monitor and engage
7181-OQCUT,2180.85,0.395,Low Priority,33.9,Medium,Monitor and engage
2187-PKZAY,959.4,0.49,Monitor,33.89,Medium,Monitor and engage
6837-HAEVO,7245.0,0.0,VIP Customer,33.89,Medium,Monitor and engage
2995-UPRYS,3968.0,0.255,High Value Customer,33.86,Medium,Monitor and engage
5734-EJKXG,7234.599999999999,0.0,VIP Customer,33.85,Medium,Monitor and engage
1522-VVDMG,628.25,0.515,Monitor,33.84,Medium,Monitor and engage
5133-POWUA,45.8,0.56,Monitor,33.81,Medium,Monitor and engage
0876-WDUUZ,427.0,0.53,Monitor,33.8,Medium,Monitor and engage
8634-CILSZ,7224.3,0.0,VIP Customer,33.8,Medium,Monitor and engage
6067-NGCEU,7218.25,0.0,VIP Customer,33.77,Medium,Monitor and engage
3442-ZHHCC,5229.200000000001,0.155,High Value Customer,33.76,Medium,Monitor and engage
3617-XLSGQ,7210.5,0.0,VIP Customer,33.73,Medium,Monitor and engage
9286-DOJGF,2848.1,0.34,Low Priority,33.72,Medium,Monitor and engage
4075-JFPGR,4768.5,0.19,High Value Customer,33.71,Medium,Monitor and engage
4550-VBOFE,7206.5,0.0,VIP Customer,33.71,Medium,Monitor and engage
4616-ULAOA,7202.0,0.0,VIP Customer,33.69,Medium,Monitor and engage
9480-BQJEI,5722.599999999999,0.115,High Value Customer,33.67,Medium,Monitor and engage
6234-RAAPL,7192.8,0.0,VIP Customer,33.65,Medium,Monitor and engage
2056-EVGZL,7191.0,0.0,VIP Customer,33.64,Medium,Monitor and engage
6305-YLBMM,7179.45,0.0,VIP Customer,33.59,Medium,Monitor and engage
3658-KIBGF,54.9,0.555,Monitor,33.56,Medium,Monitor and engage
5502-RLUYV,7172.55,0.0,VIP Customer,33.56,Medium,Monitor and engage
5481-NTDOH,7172.349999999999,0.0,VIP Customer,33.55,Medium,Monitor and engage
0959-WHOKV,4158.0,0.235,High Value Customer,33.55,Medium,Monitor and engage
3096-WPXBT,6142.7,0.08,VIP Customer,33.54,Medium,Monitor and engage
9752-ZNQUT,48.6,0.555,Monitor,33.53,Medium,Monitor and engage
8480-PPONV,7164.099999999999,0.0,VIP Customer,33.52,Medium,Monitor and engage
9090-SGQXL,7160.4,0.0,VIP Customer,33.5,Medium,Monitor and engage
5067-XJQFU,7157.7,0.0,VIP Customer,33.49,Medium,Monitor and engage
5055-BRMNE,7148.900000000001,0.0,VIP Customer,33.45,Medium,Monitor and engage
6333-YDVLT,7150.0,0.0,VIP Customer,33.45,Medium,Monitor and engage
6993-YCOBK,6636.0,0.04,VIP Customer,33.45,Medium,Monitor and engage
5228-EXCET,1051.05,0.475,Monitor,33.42,Medium,Monitor and engage
1891-QRQSA,7142.4,0.0,VIP Customer,33.41,Medium,Monitor and engage
6465-GSRCL,7142.2,0.0,VIP Customer,33.41,Medium,Monitor and engage
0742-LAFQK,7138.8,0.0,VIP Customer,33.4,Medium,Monitor and engage
0218-QNVAS,7139.05,0.0,VIP Customer,33.4,Medium,Monitor and engage
0581-MDMPW,2134.8,0.39,Low Priority,33.39,Medium,Monitor and engage
6723-WSNTY,7134.599999999999,0.0,VIP Customer,33.38,Medium,Monitor and engage
6463-HHXJR,7135.5,0.0,VIP Customer,33.38,Medium,Monitor and engage
0786-IVLAW,7134.599999999999,0.0,VIP Customer,33.38,Medium,Monitor and engage
1135-HIORI,7132.8,0.0,VIP Customer,33.37,Medium,Monitor and engage
8894-JVDCV,7133.099999999999,0.0,VIP Customer,33.37,Medium,Monitor and engage
8659-IOOPU,7131.95,0.0,VIP Customer,33.37,Medium,Monitor and engage
1741-WTPON,6487.599999999999,0.05,VIP Customer,33.35,Medium,Monitor and engage
6766-HFKLA,5779.2,0.105,High Value Customer,33.34,Medium,Monitor and engage
3750-CKVKH,135.5,0.545,Monitor,33.33,Medium,Monitor and engage
2623-DRYAM,7122.5,0.0,VIP Customer,33.32,Medium,Monitor and engage
8212-DJRCH,451.75,0.52,Monitor,33.31,Medium,Monitor and engage
9028-LIHRP,7114.2,0.0,VIP Customer,33.28,Medium,Monitor and engage
2067-QYTCF,7113.6,0.0,VIP Customer,33.28,Medium,Monitor and engage
9052-VKDUW,7111.0,0.0,VIP Customer,33.27,Medium,Monitor and engage
4829-AUOAX,4418.3,0.21,High Value Customer,33.27,Medium,Monitor and engage
1163-VIPRI,7104.5,0.0,VIP Customer,33.24,Medium,Monitor and engage
7730-CLDSV,7102.8,0.0,VIP Customer,33.23,Medium,Monitor and engage
5419-KLXBN,2228.75,0.38,Low Priority,33.23,Medium,Monitor and engage
4402-FTBXC,4849.2,0.175,High Value Customer,33.19,Medium,Monitor and engage
3571-RFHAR,7094.75,0.0,VIP Customer,33.19,Medium,Monitor and engage
5671-RQRLP,5295.5,0.14,High Value Customer,33.17,Medium,Monitor and engage
3569-EDBPQ,2024.4,0.395,Low Priority,33.17,Medium,Monitor and engage
1335-NTIUC,224.55,0.535,Monitor,33.15,Medium,Monitor and engage
9659-ZTWSM,7085.099999999999,0.0,VIP Customer,33.15,Medium,Monitor and engage
5663-QBGIS,7081.2,0.0,VIP Customer,33.13,Medium,Monitor and engage
1217-VASWC,4323.65,0.215,High Value Customer,33.13,Medium,Monitor and engage
0266-CLZKZ,7078.55,0.0,VIP Customer,33.12,Medium,Monitor and engage
5453-YBTWV,7077.0,0.0,VIP Customer,33.11,Medium,Monitor and engage
8065-QBYTO,7075.150000000001,0.0,VIP Customer,33.1,Medium,Monitor and engage
5897-ZYEKH,7075.2,0.0,VIP Customer,33.1,Medium,Monitor and engage
2674-MLXMN,7075.150000000001,0.0,VIP Customer,33.1,Medium,Monitor and engage
3761-FLYZI,7072.0,0.0,VIP Customer,33.09,Medium,Monitor and engage
1937-OTUKY,7070.400000000001,0.0,VIP Customer,33.08,Medium,Monitor and engage
2521-NPUZR,7070.0,0.0,VIP Customer,33.08,Medium,Monitor and engage
7504-UWHNB,1743.75,0.415,Monitor,33.06,Medium,Monitor and engage
8085-MSNLK,7064.900000000001,0.0,VIP Customer,33.05,Medium,Monitor and engage
6990-YNRIO,7062.25,0.0,VIP Customer,33.04,Medium,Monitor and engage
1060-ENTOF,7061.8,0.0,VIP Customer,33.04,Medium,Monitor and engage
5174-ITUMV,7061.8,0.0,VIP Customer,33.04,Medium,Monitor and engage
4570-QHXHL,393.75,0.52,Monitor,33.04,Medium,Monitor and engage
2789-CZANW,7059.2,0.0,VIP Customer,33.03,Medium,Monitor and engage
7005-CYUIL,7057.400000000001,0.0,VIP Customer,33.02,Medium,Monitor and engage
0440-UEDAI,5005.85,0.16,High Value Customer,33.02,Medium,Monitor and engage
0862-PRCBS,7055.0,0.0,VIP Customer,33.01,Medium,Monitor and engage
6176-YJWAS,7052.400000000001,0.0,VIP Customer,32.99,Medium,Monitor and engage
1304-SEGFY,7045.2,0.0,VIP Customer,32.96,Medium,Monitor and engage
2277-BKJKN,7043.2,0.0,VIP Customer,32.95,Medium,Monitor and engage
8445-DNBAE,50.05,0.545,Monitor,32.93,Medium,Monitor and engage
3133-PZNSR,7038.0,0.0,VIP Customer,32.93,Medium,Monitor and engage
8903-XEBGX,110.6,0.54,Monitor,32.92,Medium,Monitor and engage
8152-VETUR,7034.400000000001,0.0,VIP Customer,32.91,Medium,Monitor and engage
3230-JCNZS,7029.0,0.0,VIP Customer,32.88,Medium,Monitor and engage
2692-AQCPF,7023.25,0.0,VIP Customer,32.86,Medium,Monitor and engage
3642-GKTCT,7021.099999999999,0.0,VIP Customer,32.85,Medium,Monitor and engage
7017-VFHAY,7021.099999999999,0.0,VIP Customer,32.85,Medium,Monitor and engage
9625-QNLUX,7021.0,0.0,VIP Customer,32.85,Medium,Monitor and engage
7322-OCWHC,6699.599999999999,0.025,VIP Customer,32.84,Medium,Monitor and engage
8466-PZBLH,7008.2,0.0,VIP Customer,32.79,Medium,Monitor and engage
8591-TKMZH,6554.9,0.035,VIP Customer,32.77,Medium,Monitor and engage
9571-EDEBV,7004.150000000001,0.0,VIP Customer,32.77,Medium,Monitor and engage
1063-DHQJF,6358.35,0.05,VIP Customer,32.75,Medium,Monitor and engage
7762-URZQH,6999.3,0.0,VIP Customer,32.75,Medium,Monitor and engage
3096-YXENJ,6997.25,0.0,VIP Customer,32.74,Medium,Monitor and engage
4760-THGOT,4046.3,0.23,High Value Customer,32.73,Medium,Monitor and engage
6425-YQLLO,6992.7,0.0,VIP Customer,32.71,Medium,Monitor and engage
3612-YUNGG,6988.8,0.0,VIP Customer,32.7,Medium,Monitor and engage
5336-UFNZP,6984.25,0.0,VIP Customer,32.67,Medium,Monitor and engage
6719-FGEDO,6984.0,0.0,VIP Customer,32.67,Medium,Monitor and engage
4317-VTEOA,50.75,0.54,Monitor,32.64,Medium,Monitor and engage
7694-VLBWQ,6974.7,0.0,VIP Customer,32.63,Medium,Monitor and engage
0599-XNYDO,1396.0,0.435,Monitor,32.63,Medium,Monitor and engage
8495-LJDFO,6972.8,0.0,VIP Customer,32.62,Medium,Monitor and engage
3186-AJIEK,6972.900000000001,0.0,VIP Customer,32.62,Medium,Monitor and engage
4129-LYCOI,6968.0,0.0,VIP Customer,32.6,Medium,Monitor and engage
4248-QPAVC,1450.9499999999998,0.43,Monitor,32.59,Medium,Monitor and engage
8261-GWDBQ,6963.0,0.0,VIP Customer,32.58,Medium,Monitor and engage
1370-GGAWX,4330.900000000001,0.205,High Value Customer,32.56,Medium,Monitor and engage
2057-BOYKM,6955.2,0.0,VIP Customer,32.54,Medium,Monitor and engage
1325-USMEC,6954.5,0.0,VIP Customer,32.54,Medium,Monitor and engage
6383-ZTSIW,3864.9,0.24,High Value Customer,32.48,Medium,Monitor and engage
1469-LBJQJ,6943.2,0.0,VIP Customer,32.48,Medium,Monitor and engage
6999-CHVCF,6942.799999999999,0.0,VIP Customer,32.48,Medium,Monitor and engage
3331-HQDTW,3733.2,0.25,High Value Customer,32.47,Medium,Monitor and engage
5606-AMZBO,781.5,0.48,Monitor,32.46,Medium,Monitor and engage
4778-IZARL,6936.299999999999,0.0,VIP Customer,32.45,Medium,Monitor and engage
0670-ANMUU,6933.150000000001,0.0,VIP Customer,32.44,Medium,Monitor and engage
3838-OZURD,6930.0,0.0,VIP Customer,32.42,Medium,Monitor and engage
9402-CXWPL,6923.0,0.0,VIP Customer,32.39,Medium,Monitor and engage
5553-AOINX,6923.400000000001,0.0,VIP Customer,32.39,Medium,Monitor and engage
4647-MUZON,1727.1,0.405,Monitor,32.38,Medium,Monitor and engage
1656-DRSMG,6920.549999999999,0.0,VIP Customer,32.38,Medium,Monitor and engage
2250-IVBWA,5187.2,0.135,High Value Customer,32.37,Medium,Monitor and engage
3908-BLSYF,503.4,0.5,Monitor,32.36,Medium,Monitor and engage
6338-AVWCY,120.45,0.53,Monitor,32.36,Medium,Monitor and engage
3882-IYOIJ,6915.0,0.0,VIP Customer,32.35,Medium,Monitor and engage
8580-QVLOC,6656.400000000001,0.02,VIP Customer,32.34,Medium,Monitor and engage
9139-WQQDY,4922.05,0.155,High Value Customer,32.33,Medium,Monitor and engage
4686-GEFRM,6909.0,0.0,VIP Customer,32.32,Medium,Monitor and engage
9972-VAFJJ,4982.0,0.15,High Value Customer,32.31,Medium,Monitor and engage
8080-DDEMJ,45.1,0.535,Monitor,32.31,Medium,Monitor and engage
9512-UIBFX,1712.7,0.405,Monitor,32.31,Medium,Monitor and engage
6797-UCJHZ,6903.599999999999,0.0,VIP Customer,32.3,Medium,Monitor and engage
8639-NHQEI,6904.8,0.0,VIP Customer,32.3,Medium,Monitor and engage
6408-OTUBZ,6900.3,0.0,VIP Customer,32.28,Medium,Monitor and engage
7789-CRUVC,5746.2,0.09,High Value Customer,32.28,Medium,Monitor and engage
0639-TSIQW,6897.650000000001,0.0,VIP Customer,32.27,Medium,Monitor and engage
9992-UJOEL,100.6,0.53,Monitor,32.27,Medium,Monitor and engage
4199-QHJNM,6894.3,0.0,VIP Customer,32.25,Medium,Monitor and engage
6733-LRIZX,3813.25,0.24,High Value Customer,32.24,Medium,Monitor and engage
7537-CBQUZ,6892.200000000001,0.0,VIP Customer,32.24,Medium,Monitor and engage
6500-JVEGC,6891.799999999999,0.0,VIP Customer,32.24,Medium,Monitor and engage
6034-YMTOB,378.25,0.5075,Monitor,32.22,Medium,Monitor and engage
9488-FYQAU,6882.75,0.0,VIP Customer,32.2,Medium,Monitor and engage
8777-MBMTS,6880.25,0.0,VIP Customer,32.19,Medium,Monitor and engage
9821-BESNZ,6880.5,0.0,VIP Customer,32.19,Medium,Monitor and engage
2898-MRKPI,6871.4,0.0,VIP Customer,32.15,Medium,Monitor and engage
9851-KIELU,1101.0,0.45,Monitor,32.15,Medium,Monitor and engage
2272-JKMSI,6869.599999999999,0.0,VIP Customer,32.14,Medium,Monitor and engage
3763-GCZHZ,6867.3,0.0,VIP Customer,32.13,Medium,Monitor and engage
8920-NAVAY,6866.5,0.0,VIP Customer,32.12,Medium,Monitor and engage
6227-FBDXH,6865.5,0.0,VIP Customer,32.12,Medium,Monitor and engage
5575-TPIZQ,4100.900000000001,0.215,High Value Customer,32.09,Medium,Monitor and engage
0363-QJVFX,3460.8,0.265,High Value Customer,32.09,Medium,Monitor and engage
8601-QACRS,253.0,0.515,Monitor,32.08,Medium,Monitor and engage
7207-RMRDB,6857.5,0.0,VIP Customer,32.08,Medium,Monitor and engage
5828-AVIPD,1918.05,0.385,Low Priority,32.07,Medium,Monitor and engage
2694-CIUMO,954.6,0.46,Monitor,32.07,Medium,Monitor and engage
7018-WBJNK,1017.9,0.455,Monitor,32.06,Medium,Monitor and engage
2027-WKXMW,6851.25,0.0,VIP Customer,32.05,Medium,Monitor and engage
7765-LWVVH,6847.2,0.0,VIP Customer,32.03,Medium,Monitor and engage
3419-SNJJD,6841.25,0.0,VIP Customer,32.01,Medium,Monitor and engage
1895-QTKDO,43.95,0.53,Monitor,32.01,Medium,Monitor and engage
3705-RHRFR,6841.35,0.0,VIP Customer,32.01,Medium,Monitor and engage
3841-NFECX,6840.849999999999,0.0,VIP Customer,32.0,Medium,Monitor and engage
8041-TMEID,6835.5,0.0,VIP Customer,31.98,Medium,Monitor and engage
0326-VDYXE,6835.5,0.0,VIP Customer,31.98,Medium,Monitor and engage
2279-AXJJK,4973.8,0.145,High Value Customer,31.97,Medium,Monitor and engage
4631-OACRM,1191.0,0.44,Monitor,31.97,Medium,Monitor and engage
3197-NNYNB,6831.5,0.0,VIP Customer,31.96,Medium,Monitor and engage
5740-YHGTW,6828.5,0.0,VIP Customer,31.95,Medium,Monitor and engage
2560-PPCHE,6828.25,0.0,VIP Customer,31.95,Medium,Monitor and engage
5055-MGMGF,6828.25,0.0,VIP Customer,31.95,Medium,Monitor and engage
6557-BZXLQ,1114.4,0.445,Monitor,31.91,Medium,Monitor and engage
8375-KVTHK,6820.4,0.0,VIP Customer,31.91,Medium,Monitor and engage
0129-KPTWJ,6814.8,0.0,VIP Customer,31.88,Medium,Monitor and engage
0324-BRPCJ,6813.6,0.0,VIP Customer,31.88,Medium,Monitor and engage
3090-HAWSU,6807.599999999999,0.0,VIP Customer,31.85,Medium,Monitor and engage
1442-OKRJE,6807.900000000001,0.0,VIP Customer,31.85,Medium,Monitor and engage
3086-RUCRN,6804.599999999999,0.0,VIP Customer,31.83,Medium,Monitor and engage
2190-PHBHR,6800.400000000001,0.0,VIP Customer,31.81,Medium,Monitor and engage
0020-INWCK,6798.25,0.0,VIP Customer,31.8,Medium,Monitor and engage
0516-UXRMT,5707.099999999999,0.085,High Value Customer,31.8,Medium,Monitor and engage
1696-HXOWK,6791.150000000001,0.0,VIP Customer,31.77,Medium,Monitor and engage
4024-CSNBY,6786.0,0.0,VIP Customer,31.75,Medium,Monitor and engage
2378-VTKDH,6782.75,0.0,VIP Customer,31.73,Medium,Monitor and engage
5207-PLSTK,48.75,0.525,Monitor,31.73,Medium,Monitor and engage
1536-HBSWP,49.9,0.525,Monitor,31.73,Medium,Monitor and engage
6616-AALSR,6779.5,0.0,VIP Customer,31.72,Medium,Monitor and engage
4751-ERMAN,5428.8,0.105,High Value Customer,31.7,Medium,Monitor and engage
2360-RDGRO,6776.25,0.0,VIP Customer,31.7,Medium,Monitor and engage
2778-OCLGR,938.4,0.455,Monitor,31.69,Medium,Monitor and engage
4919-IKATY,422.5,0.495,Monitor,31.68,Medium,Monitor and engage
5473-KHBPS,4976.400000000001,0.14,High Value Customer,31.68,Medium,Monitor and engage
2886-KEFUM,6772.5,0.0,VIP Customer,31.68,Medium,Monitor and engage
9938-TKDGL,6769.4,0.0,VIP Customer,31.67,Medium,Monitor and engage
0960-HUWBM,6766.5,0.0,VIP Customer,31.66,Medium,Monitor and engage
9369-XFEHK,2659.8,0.32,Low Priority,31.64,Medium,Monitor and engage
2722-VOJQL,6761.6,0.0,VIP Customer,31.63,Medium,Monitor and engage
6097-EQISJ,6761.7,0.0,VIP Customer,31.63,Medium,Monitor and engage
8402-EIVQS,6760.3,0.0,VIP Customer,31.63,Medium,Monitor and engage
0201-MIBOL,6758.400000000001,0.0,VIP Customer,31.62,Medium,Monitor and engage
5149-QYTTU,6755.650000000001,0.0,VIP Customer,31.61,Medium,Monitor and engage
8646-JCOMS,5976.3,0.06,High Value Customer,31.56,Medium,Monitor and engage
8984-EYLLL,6736.0,0.0,VIP Customer,31.51,Medium,Monitor and engage
9638-JIQYA,49.8,0.52,Monitor,31.43,Medium,Monitor and engage
8197-BFWVU,6714.0,0.0,VIP Customer,31.41,Medium,Monitor and engage
3967-KXAPS,6645.599999999999,0.005,VIP Customer,31.39,Medium,Monitor and engage
4832-VRBMR,6704.75,0.0,VIP Customer,31.37,Medium,Monitor and engage
3649-JPUGY,6379.2,0.025,VIP Customer,31.34,Medium,Monitor and engage
6705-LXORM,350.25,0.495,Monitor,31.34,Medium,Monitor and engage
5074-FBGHB,6697.6,0.0,VIP Customer,31.33,Medium,Monitor and engage
4208-UFFGW,89.9,0.515,Monitor,31.32,Medium,Monitor and engage
2990-IAJSV,6624.0,0.005,VIP Customer,31.29,Medium,Monitor and engage
9812-GHVRI,3354.0,0.26,High Value Customer,31.29,Medium,Monitor and engage
2324-EFHVG,6681.6,0.0,VIP Customer,31.26,Medium,Monitor and engage
7940-UQQUG,6681.6,0.0,VIP Customer,31.26,Medium,Monitor and engage
6711-VTNRE,3151.8,0.275,High Value Customer,31.25,Medium,Monitor and engage
0244-LGNFY,6670.8,0.0,VIP Customer,31.21,Medium,Monitor and engage
4683-WYDOU,6671.2,0.0,VIP Customer,31.21,Medium,Monitor and engage
5329-KRDTM,5569.2,0.085,High Value Customer,31.15,Medium,Monitor and engage
2167-FQSTQ,6652.8,0.0,VIP Customer,31.12,Medium,Monitor and engage
2530-ENDWQ,6652.7,0.0,VIP Customer,31.12,Medium,Monitor and engage
1013-QCWAM,6652.8,0.0,VIP Customer,31.12,Medium,Monitor and engage
7080-TNUWP,6650.0,0.0,VIP Customer,31.11,Medium,Monitor and engage
2955-PSXOE,20.2,0.5167,Monitor,31.1,Medium,Monitor and engage
4191-XOVOM,6640.200000000001,0.0,VIP Customer,31.07,Medium,Monitor and engage
8174-TBVCF,6636.0,0.0,VIP Customer,31.05,Medium,Monitor and engage
6481-ESCNL,2915.95,0.29,Low Priority,31.04,Medium,Monitor and engage
9778-OGKQZ,6624.0,0.0,VIP Customer,30.99,Medium,Monitor and engage
7426-GSWPO,6624.0,0.0,VIP Customer,30.99,Medium,Monitor and engage
3084-DOWLE,6624.0,0.0,VIP Customer,30.99,Medium,Monitor and engage
2988-PLAHS,209.85,0.5,Monitor,30.98,Medium,Monitor and engage
4718-WXBGI,6620.400000000001,0.0,VIP Customer,30.97,Medium,Monitor and engage
3144-KMTWZ,6620.75,0.0,VIP Customer,30.97,Medium,Monitor and engage
2190-BCXEC,3154.0,0.27,High Value Customer,30.96,Medium,Monitor and engage
3779-OSWCF,6617.2,0.0,VIP Customer,30.96,Medium,Monitor and engage
6265-SXWBU,6606.75,0.0,VIP Customer,30.91,Medium,Monitor and engage
6284-AHOOQ,1991.0,0.36,Low Priority,30.91,Medium,Monitor and engage
2632-UCGVD,6603.3,0.0,VIP Customer,30.89,Medium,Monitor and engage
3552-CTCYF,6602.4,0.0,VIP Customer,30.89,Medium,Monitor and engage
4690-LLKUA,765.8499999999999,0.455,Monitor,30.88,Medium,Monitor and engage
8905-IAZPF,6599.85,0.0,VIP Customer,30.88,Medium,Monitor and engage
1658-TJVOA,444.6,0.48,Monitor,30.88,Medium,Monitor and engage
7868-TMWMZ,6600.0,0.0,VIP Customer,30.88,Medium,Monitor and engage
5193-QLVZB,6599.25,0.0,VIP Customer,30.87,Medium,Monitor and engage
6242-SGYTS,5886.900000000001,0.055,High Value Customer,30.84,Medium,Monitor and engage
0565-JUPYD,6583.5,0.0,VIP Customer,30.8,Medium,Monitor and engage
8755-IWJHN,6579.15,0.0,VIP Customer,30.78,Medium,Monitor and engage
9297-EONCV,6577.2,0.0,VIP Customer,30.77,Medium,Monitor and engage
1017-FBQMM,6575.099999999999,0.0,VIP Customer,30.76,Medium,Monitor and engage
1698-XFZCI,6572.75,0.0,VIP Customer,30.75,Medium,Monitor and engage
2225-ZRGSG,6573.0,0.0,VIP Customer,30.75,Medium,Monitor and engage
6168-YBYNP,6569.65,0.0,VIP Customer,30.74,Medium,Monitor and engage
6244-BESBM,6568.8,0.0,VIP Customer,30.73,Medium,Monitor and engage
1265-XTECC,6565.4,0.0,VIP Customer,30.72,Medium,Monitor and engage
2003-CKLOR,6567.0,0.0,VIP Customer,30.72,Medium,Monitor and engage
1227-UDMZR,6562.8,0.0,VIP Customer,30.7,Medium,Monitor and engage
1347-KTTTA,6556.8,0.0,VIP Customer,30.68,Medium,Monitor and engage
0682-USIXD,1807.05,0.37,Low Priority,30.65,Medium,Monitor and engage
1971-DTCZB,6548.400000000001,0.0,VIP Customer,30.64,Medium,Monitor and engage
3569-JFODW,6548.400000000001,0.0,VIP Customer,30.64,Medium,Monitor and engage
5339-TJFEK,6541.0,0.0,VIP Customer,30.6,Medium,Monitor and engage
5727-MYATE,6537.599999999999,0.0,VIP Customer,30.59,Medium,Monitor and engage
5214-NLTIT,6537.599999999999,0.0,VIP Customer,30.59,Medium,Monitor and engage
8979-CAMGB,6534.4,0.0,VIP Customer,30.57,Medium,Monitor and engage
9076-AXYIK,6534.4,0.0,VIP Customer,30.57,Medium,Monitor and engage
8752-GHJFU,6532.0,0.0,VIP Customer,30.56,Medium,Monitor and engage
3334-CTHOL,49.95,0.505,Monitor,30.53,Medium,Monitor and engage
1951-IEYXM,6523.2,0.0,VIP Customer,30.52,Medium,Monitor and engage
4989-LIXVT,6521.200000000001,0.0,VIP Customer,30.51,Medium,Monitor and engage
3301-VKTGC,5814.0,0.055,High Value Customer,30.5,Medium,Monitor and engage
1343-EHPYB,6514.200000000001,0.0,VIP Customer,30.48,Medium,Monitor and engage
9548-ZMVTX,6512.400000000001,0.0,VIP Customer,30.47,Medium,Monitor and engage
4837-QUSFT,6509.75,0.0,VIP Customer,30.45,Medium,Monitor and engage
5684-FJVYR,6505.2,0.0,VIP Customer,30.43,Medium,Monitor and engage
3587-PMCOY,989.0,0.43,Monitor,30.43,Medium,Monitor and engage
6804-GDMOI,6502.599999999999,0.0,VIP Customer,30.42,Medium,Monitor and engage
1956-YIFGE,2201.1,0.335,Low Priority,30.4,Medium,Monitor and engage
5248-YGIJN,6498.0,0.0,VIP Customer,30.4,Medium,Monitor and engage
2408-TZMJL,6498.85,0.0,VIP Customer,30.4,Medium,Monitor and engage
8535-SFUTN,6493.45,0.0,VIP Customer,30.38,Medium,Monitor and engage
5248-RPYWW,6490.8,0.0,VIP Customer,30.37,Medium,Monitor and engage
4220-TINQT,6487.349999999999,0.0,VIP Customer,30.35,Medium,Monitor and engage
2294-DMMUS,4367.900000000001,0.165,High Value Customer,30.33,Medium,Monitor and engage
7579-KKLOE,6478.75,0.0,VIP Customer,30.31,Medium,Monitor and engage
1548-FEHVL,6478.2,0.0,VIP Customer,30.31,Medium,Monitor and engage
1775-KWJKQ,6469.2,0.0,VIP Customer,30.27,Medium,Monitor and engage
7503-MIOGA,6469.2,0.0,VIP Customer,30.27,Medium,Monitor and engage
7408-OFWXJ,6465.599999999999,0.0,VIP Customer,30.25,Medium,Monitor and engage
1930-QPBVZ,6466.799999999999,0.0,VIP Customer,30.25,Medium,Monitor and engage
5240-CAOYT,4990.349999999999,0.115,High Value Customer,30.25,Medium,Monitor and engage
6341-AEVKX,6466.599999999999,0.0,VIP Customer,30.25,Medium,Monitor and engage
5377-NDTOU,6464.55,0.0,VIP Customer,30.24,Medium,Monitor and engage
7997-EASSD,5115.6,0.105,High Value Customer,30.23,Medium,Monitor and engage
9489-JMTTN,6462.0,0.0,VIP Customer,30.23,Medium,Monitor and engage
0238-WHBIQ,6458.400000000001,0.0,VIP Customer,30.21,Medium,Monitor and engage
5968-XQIVE,6458.400000000001,0.0,VIP Customer,30.21,Medium,Monitor and engage
6196-HBOBZ,6457.75,0.0,VIP Customer,30.21,Medium,Monitor and engage
4658-HCOHW,2158.8,0.335,Low Priority,30.2,Medium,Monitor and engage
2000-DHJUY,6454.0,0.0,VIP Customer,30.19,Medium,Monitor and engage
7233-DRTRF,6451.200000000001,0.0,VIP Customer,30.18,Medium,Monitor and engage
3398-GCPMU,6447.599999999999,0.0,VIP Customer,30.16,Medium,Monitor and engage
2885-HIJDH,5996.1,0.035,High Value Customer,30.15,Medium,Monitor and engage
8065-BVEPF,6441.5,0.0,VIP Customer,30.14,Medium,Monitor and engage
2165-VOEGB,4839.2,0.125,High Value Customer,30.14,Medium,Monitor and engage
0330-IVZHA,349.75,0.475,Monitor,30.14,Medium,Monitor and engage
4446-BZKHU,6438.55,0.0,VIP Customer,30.12,Medium,Monitor and engage
7710-JSYOA,6437.7,0.0,VIP Customer,30.12,Medium,Monitor and engage
5716-EZXZN,6438.25,0.0,VIP Customer,30.12,Medium,Monitor and engage
6408-WHTEF,6436.8,0.0,VIP Customer,30.11,Medium,Monitor and engage
1568-BEKZM,6303.5,0.01,VIP Customer,30.09,Medium,Monitor and engage
3508-VLHCZ,6429.05,0.0,VIP Customer,30.08,Medium,Monitor and engage
7398-HPYZQ,6429.05,0.0,VIP Customer,30.08,Medium,Monitor and engage
9926-PJHDQ,5529.599999999999,0.07,High Value Customer,30.07,Medium,Monitor and engage
6729-GDNGC,1614.0,0.375,Low Priority,30.05,Medium,Monitor and engage
2960-NKRSO,2062.8,0.34,Low Priority,30.05,Medium,Monitor and engage
3374-LXDEV,1162.2,0.41,Monitor,30.04,Medium,Monitor and engage
0795-LAFGP,6418.400000000001,0.0,VIP Customer,30.03,Medium,Monitor and engage
5223-UZAVK,6419.2,0.0,VIP Customer,30.03,Medium,Monitor and engage
0409-WTMPL,6417.700000000001,0.0,VIP Customer,30.02,Medium,Monitor and engage
5248-KWLAR,6414.849999999999,0.0,VIP Customer,30.01,Medium,Monitor and engage
3219-JQRSL,6415.2,0.0,VIP Customer,30.01,Medium,Monitor and engage
5997-OPVFA,6411.599999999999,0.0,VIP Customer,30.0,Medium,Monitor and engage
9701-CDXHR,3526.65,0.225,High Value Customer,30.0,Medium,Monitor and engage
5651-YLPRD,2755.2,0.285,Low Priority,29.99,Medium,Monitor and engage
0730-BGQGF,6411.3,0.0,VIP Customer,29.99,Medium,Monitor and engage
6286-SUUWT,19.95,0.4982,Monitor,29.99,Medium,Monitor and engage
8016-NCFVO,6407.5,0.0,VIP Customer,29.98,Medium,Monitor and engage
2482-CZGBB,700.0,0.445,Monitor,29.97,Medium,Monitor and engage
9518-RWHZL,6403.2,0.0,VIP Customer,29.96,Medium,Monitor and engage
2400-XIWIO,6397.099999999999,0.0,VIP Customer,29.93,Medium,Monitor and engage
6048-QBXKL,113.1,0.49,Monitor,29.93,Medium,Monitor and engage
4329-YPDDQ,2164.0,0.33,Low Priority,29.92,Medium,Monitor and engage
0365-TRTPY,3374.4,0.235,High Value Customer,29.89,Medium,Monitor and engage
6701-YVNQG,6386.400000000001,0.0,VIP Customer,29.88,Medium,Monitor and engage
2925-VDZHY,6386.400000000001,0.0,VIP Customer,29.88,Medium,Monitor and engage
5117-ZSMHQ,6382.900000000001,0.0,VIP Customer,29.86,Medium,Monitor and engage
4674-HGNUA,6382.900000000001,0.0,VIP Customer,29.86,Medium,Monitor and engage
9589-ABEPT,6379.05,0.0,VIP Customer,29.84,Medium,Monitor and engage
2176-LVPNX,6379.349999999999,0.0,VIP Customer,29.84,Medium,Monitor and engage
7873-CVMAW,6375.599999999999,0.0,VIP Customer,29.83,Medium,Monitor and engage
6242-FEGFD,6375.599999999999,0.0,VIP Customer,29.83,Medium,Monitor and engage
1575-KRZZE,220.8,0.48,Monitor,29.83,Medium,Monitor and engage
6874-SGLHU,2910.0,0.27,Low Priority,29.81,Medium,Monitor and engage
8651-ENBZX,6360.0,0.0,VIP Customer,29.75,Medium,Monitor and engage
2988-GBIVW,6359.5,0.0,VIP Customer,29.75,Medium,Monitor and engage
7752-XUSCI,6354.0,0.0,VIP Customer,29.73,Medium,Monitor and engage
5647-FXOTP,6354.0,0.0,VIP Customer,29.73,Medium,Monitor and engage
9570-KYEUA,6352.0,0.0,VIP Customer,29.72,Medium,Monitor and engage
5089-IFSDP,6348.1,0.0,VIP Customer,29.7,Medium,Monitor and engage
9974-JFBHQ,6345.6,0.0,VIP Customer,29.69,Medium,Monitor and engage
3858-XHYJO,4230.0,0.165,High Value Customer,29.69,Medium,Monitor and engage
4488-KQFDT,6340.95,0.0,VIP Customer,29.67,Medium,Monitor and engage
2194-IIQOF,6340.3,0.0,VIP Customer,29.66,Medium,Monitor and engage
5879-HMFFH,6339.599999999999,0.0,VIP Customer,29.66,Medium,Monitor and engage
3146-MSEGF,6339.599999999999,0.0,VIP Customer,29.66,Medium,Monitor and engage
2830-LEWOA,6337.900000000001,0.0,VIP Customer,29.65,Medium,Monitor and engage
2386-LAHRK,53.5,0.49,Monitor,29.65,Medium,Monitor and engage
4049-ZPALD,6336.0,0.0,VIP Customer,29.64,Medium,Monitor and engage
7549-MYGPK,6334.65,0.0,VIP Customer,29.64,Medium,Monitor and engage
4706-DGAHW,45.2,0.49,Monitor,29.61,Medium,Monitor and engage
6365-HITVU,6194.75,0.01,VIP Customer,29.58,Medium,Monitor and engage
3351-NQLDI,6321.45,0.0,VIP Customer,29.57,Medium,Monitor and engage
5504-WSIUR,6317.5,0.0,VIP Customer,29.56,Medium,Monitor and engage
1174-FGIFN,2532.6,0.295,Low Priority,29.55,Medium,Monitor and engage
2227-JRSJX,2082.15,0.33,Low Priority,29.54,Medium,Monitor and engage
3424-NMNBO,6313.299999999999,0.0,VIP Customer,29.54,Medium,Monitor and engage
9919-FZDED,6055.2,0.02,VIP Customer,29.53,Medium,Monitor and engage
3758-CKOQL,6313.0,0.0,VIP Customer,29.53,Medium,Monitor and engage
6122-LJADA,6310.5,0.0,VIP Customer,29.52,Medium,Monitor and engage
5702-KVQRD,5861.05,0.035,High Value Customer,29.52,Medium,Monitor and engage
5921-NGYRH,4707.2,0.125,High Value Customer,29.52,Medium,Monitor and engage
3392-EHMNK,6304.7,0.0,VIP Customer,29.5,Medium,Monitor and engage
4077-HWUYD,6303.599999999999,0.0,VIP Customer,29.49,Medium,Monitor and engage
8715-KKTFG,6301.3,0.0,VIP Customer,29.48,Medium,Monitor and engage
9572-MTILT,6298.25,0.0,VIP Customer,29.47,Medium,Monitor and engage
3170-GWYKC,6297.0,0.0,VIP Customer,29.46,Medium,Monitor and engage
9494-BDNNC,6289.8,0.0,VIP Customer,29.43,Medium,Monitor and engage
4553-DVPZG,6283.7,0.0,VIP Customer,29.4,Medium,Monitor and engage
4701-LKOZD,6282.5,0.0,VIP Customer,29.39,Medium,Monitor and engage
6211-WWLTF,6281.1,0.0,VIP Customer,29.39,Medium,Monitor and engage
8769-KKTPH,6277.950000000001,0.0,VIP Customer,29.37,Medium,Monitor and engage
5980-BDHPY,6271.2,0.0,VIP Customer,29.34,Medium,Monitor and engage
7182-OVLBJ,6271.3,0.0,VIP Customer,29.34,Medium,Monitor and engage
1568-LJSZU,6269.6,0.0,VIP Customer,29.33,Medium,Monitor and engage
9912-OMZDS,6262.85,0.0,VIP Customer,29.3,Medium,Monitor and engage
3571-DPYUH,5492.6,0.06,High Value Customer,29.3,Medium,Monitor and engage
2519-LBNQL,6261.0,0.0,VIP Customer,29.29,Medium,Monitor and engage
8413-YNHNV,6254.85,0.0,VIP Customer,29.26,Medium,Monitor and engage
6900-RBKER,4651.400000000001,0.125,High Value Customer,29.26,Medium,Monitor and engage
1707-HABPF,4199.8,0.16,High Value Customer,29.25,Medium,Monitor and engage
9339-FIIJL,6188.400000000001,0.005,VIP Customer,29.25,Medium,Monitor and engage
2088-IEBAU,5994.200000000001,0.02,High Value Customer,29.24,Medium,Monitor and engage
2000-MPKCA,6249.5,0.0,VIP Customer,29.24,Medium,Monitor and engage
7740-BTPUX,6248.0,0.0,VIP Customer,29.23,Medium,Monitor and engage
6461-SZMCV,6244.45,0.0,VIP Customer,29.21,Medium,Monitor and engage
3733-UOCWF,5218.55,0.08,High Value Customer,29.21,Medium,Monitor and engage
0442-ZXKVS,6242.4,0.0,VIP Customer,29.2,Medium,Monitor and engage
0744-BIKKF,6238.8,0.0,VIP Customer,29.19,Medium,Monitor and engage
4723-BEGSG,6238.8,0.0,VIP Customer,29.19,Medium,Monitor and engage
0103-CSITQ,6235.8,0.0,VIP Customer,29.17,Medium,Monitor and engage
7301-ABVAD,6235.2,0.0,VIP Customer,29.17,Medium,Monitor and engage
1642-HMARX,6235.6,0.0,VIP Customer,29.17,Medium,Monitor and engage
9415-ZNBSX,6230.0,0.0,VIP Customer,29.15,Medium,Monitor and engage
3413-DHLPB,6225.0,0.0,VIP Customer,29.12,Medium,Monitor and engage
1550-LOAHA,2692.8,0.275,Low Priority,29.1,Medium,Monitor and engage
8218-FFJDS,6220.8,0.0,VIP Customer,29.1,Medium,Monitor and engage
2382-BCKQJ,6209.3,0.0,VIP Customer,29.05,Medium,Monitor and engage
0596-BQCEQ,6209.3,0.0,VIP Customer,29.05,Medium,Monitor and engage
4654-DLAMQ,6208.0,0.0,VIP Customer,29.04,Medium,Monitor and engage
7188-CBBBA,6207.5,0.0,VIP Customer,29.04,Medium,Monitor and engage
1891-FZYSA,6206.55,0.0,VIP Customer,29.04,Medium,Monitor and engage
9776-OJUZI,6204.25,0.0,VIP Customer,29.03,Medium,Monitor and engage
4759-PXTAN,4725.9,0.115,High Value Customer,29.01,Medium,Monitor and engage
3327-YBAKM,6201.6,0.0,VIP Customer,29.01,Medium,Monitor and engage
6963-EZQEE,6198.5,0.0,VIP Customer,29.0,Medium,Monitor and engage
8374-UULRV,6195.599999999999,0.0,VIP Customer,28.99,Medium,Monitor and engage
0248-PGHBZ,6194.150000000001,0.0,VIP Customer,28.98,Medium,Monitor and engage
0206-TBWLC,6191.1,0.0,VIP Customer,28.96,Medium,Monitor and engage
2673-CXQEU,6188.0,0.0,VIP Customer,28.95,Medium,Monitor and engage
2226-ICFDO,6184.8,0.0,VIP Customer,28.93,Medium,Monitor and engage
6258-PVZWJ,6174.4,0.0,VIP Customer,28.89,Medium,Monitor and engage
1502-XFCVR,6174.1,0.0,VIP Customer,28.88,Medium,Monitor and engage
3134-DSHVC,6174.0,0.0,VIP Customer,28.88,Medium,Monitor and engage
6077-BDPXA,210.45,0.465,Monitor,28.88,Medium,Monitor and engage
4455-BFSPD,6170.150000000001,0.0,VIP Customer,28.87,Medium,Monitor and engage
0363-SVHYR,6166.349999999999,0.0,VIP Customer,28.85,Medium,Monitor and engage
1095-WGNGG,6164.05,0.0,VIP Customer,28.84,Medium,Monitor and engage
4178-EGMON,6160.0,0.0,VIP Customer,28.82,Medium,Monitor and engage
7472-EQOAV,6155.7,0.0,VIP Customer,28.8,Medium,Monitor and engage
1400-WIVLL,6153.150000000001,0.0,VIP Customer,28.79,Medium,Monitor and engage
4581-LNWUM,638.9499999999999,0.43,Monitor,28.79,Medium,Monitor and engage
3877-JRJIP,59.85,0.475,Monitor,28.78,Medium,Monitor and engage
6631-HMANX,6152.400000000001,0.0,VIP Customer,28.78,Medium,Monitor and engage
0330-BGYZE,6150.0,0.0,VIP Customer,28.77,Medium,Monitor and engage
0506-LVNGN,377.75,0.45,Monitor,28.77,Medium,Monitor and engage
1492-QGCLU,4542.1,0.125,High Value Customer,28.75,Medium,Monitor and engage
1830-GGFNM,6145.75,0.0,VIP Customer,28.75,Medium,Monitor and engage
9385-NXKDA,5950.8,0.015,High Value Customer,28.74,Medium,Monitor and engage
9530-GRMJG,5887.0,0.02,High Value Customer,28.74,Medium,Monitor and engage
6479-VDGRK,6141.599999999999,0.0,VIP Customer,28.73,Medium,Monitor and engage
9225-BZLNZ,6138.0,0.0,VIP Customer,28.72,Medium,Monitor and engage
4159-NAAIX,6139.35,0.0,VIP Customer,28.72,Medium,Monitor and engage
9058-HRZSV,6136.0,0.0,VIP Customer,28.71,Medium,Monitor and engage
1061-PNTHC,6137.599999999999,0.0,VIP Customer,28.71,Medium,Monitor and engage
6339-TBELP,6134.400000000001,0.0,VIP Customer,28.7,Medium,Monitor and engage
8871-JLMHM,6133.6,0.0,VIP Customer,28.7,Medium,Monitor and engage
0078-XZMHT,6130.8,0.0,VIP Customer,28.68,Medium,Monitor and engage
9453-PATOS,6127.2,0.0,VIP Customer,28.67,Medium,Monitor and engage
0193-ESZXP,6119.0,0.0,VIP Customer,28.63,Medium,Monitor and engage
1261-FWTTE,796.9499999999999,0.415,Monitor,28.63,Medium,Monitor and engage
8125-QPFJD,6112.8,0.0,VIP Customer,28.6,Medium,Monitor and engage
9435-JMLSX,6113.099999999999,0.0,VIP Customer,28.6,Medium,Monitor and engage
8565-WUXZU,6105.599999999999,0.0,VIP Customer,28.56,Medium,Monitor and engage
1448-CYWKC,6101.6,0.0,VIP Customer,28.55,Medium,Monitor and engage
7641-TQFHN,3921.45,0.17,High Value Customer,28.55,Medium,Monitor and engage
4905-JEFDW,457.6,0.44,Monitor,28.54,Medium,Monitor and engage
3262-EIDHV,6098.400000000001,0.0,VIP Customer,28.53,Medium,Monitor and engage
8398-TBIYD,6098.400000000001,0.0,VIP Customer,28.53,Medium,Monitor and engage
6654-QGBZZ,19.9,0.4736999999999999,Monitor,28.52,Medium,Monitor and engage
7544-ZVIKX,6092.9,0.0,VIP Customer,28.5,Medium,Monitor and engage
6818-WOBHJ,6092.799999999999,0.0,VIP Customer,28.5,Medium,Monitor and engage
6885-PKOAM,6088.25,0.0,VIP Customer,28.48,Medium,Monitor and engage
5298-GSTLM,6084.0,0.0,VIP Customer,28.46,Medium,Monitor and engage
5766-FTRTS,6080.400000000001,0.0,VIP Customer,28.45,Medium,Monitor and engage
3108-PCCGG,6080.400000000001,0.0,VIP Customer,28.45,Medium,Monitor and engage
9644-KVCNC,6081.900000000001,0.0,VIP Customer,28.45,Medium,Monitor and engage
0623-EJQEG,6080.75,0.0,VIP Customer,28.45,Medium,Monitor and engage
6704-UTUKK,1331.1,0.37,Low Priority,28.43,Medium,Monitor and engage
8661-BOYNW,6076.8,0.0,VIP Customer,28.43,Medium,Monitor and engage
5268-DSMNQ,6072.900000000001,0.0,VIP Customer,28.41,Medium,Monitor and engage
6481-OGDOO,6070.2,0.0,VIP Customer,28.4,Medium,Monitor and engage
3938-YFPXD,6069.599999999999,0.0,VIP Customer,28.4,Medium,Monitor and engage
3685-YLCMQ,6069.700000000001,0.0,VIP Customer,28.4,Medium,Monitor and engage
3716-LRGXK,6069.0,0.0,VIP Customer,28.39,Medium,Monitor and engage
6997-UVGOX,6066.95,0.0,VIP Customer,28.38,Medium,Monitor and engage
6161-ERDGD,6066.95,0.0,VIP Customer,28.38,Medium,Monitor and engage
2790-XUYMV,6066.95,0.0,VIP Customer,28.38,Medium,Monitor and engage
0487-RPVUM,6063.400000000001,0.0,VIP Customer,28.37,Medium,Monitor and engage
2725-TTRIQ,6062.400000000001,0.0,VIP Customer,28.36,Medium,Monitor and engage
4016-BJKTZ,2722.5,0.26,Low Priority,28.34,Medium,Monitor and engage
0707-HOVVN,5285.0,0.06,High Value Customer,28.33,Medium,Monitor and engage
6437-UDQJM,6055.2,0.0,VIP Customer,28.33,Medium,Monitor and engage
6369-MCAKO,6055.4,0.0,VIP Customer,28.33,Medium,Monitor and engage
4227-OJHAL,4964.0,0.085,High Value Customer,28.32,Medium,Monitor and engage
2434-EEVDB,6054.4,0.0,VIP Customer,28.32,Medium,Monitor and engage
3071-MVJCD,5925.599999999999,0.01,High Value Customer,28.32,Medium,Monitor and engage
2904-GGUAZ,6051.599999999999,0.0,VIP Customer,28.31,Medium,Monitor and engage
7975-JMZNT,6052.2,0.0,VIP Customer,28.31,Medium,Monitor and engage
6695-AMZUF,6051.5,0.0,VIP Customer,28.31,Medium,Monitor and engage
6728-VOIFY,6048.0,0.0,VIP Customer,28.29,Medium,Monitor and engage
1493-AMTIE,20.2,0.47,Monitor,28.29,Medium,Monitor and engage
8034-RYTVV,4633.75,0.11,High Value Customer,28.28,Medium,Monitor and engage
8100-PNJMH,6041.799999999999,0.0,VIP Customer,28.27,Medium,Monitor and engage
9767-FFLEM,2641.0,0.265,Low Priority,28.26,Medium,Monitor and engage
4993-JCRGJ,2191.8,0.3,Low Priority,28.25,Medium,Monitor and engage
9705-IOVQQ,6039.0,0.0,VIP Customer,28.25,Medium,Monitor and engage
1265-HVPZB,3917.6,0.165,High Value Customer,28.23,Medium,Monitor and engage
1728-CXQBE,6032.0,0.0,VIP Customer,28.22,Medium,Monitor and engage
0512-FLFDW,6030.0,0.0,VIP Customer,28.21,Medium,Monitor and engage
2041-JIJCI,320.0,0.445,Monitor,28.2,Medium,Monitor and engage
7101-HRBLJ,6026.400000000001,0.0,VIP Customer,28.19,Medium,Monitor and engage
6435-VWCCY,6025.5,0.0,VIP Customer,28.19,Medium,Monitor and engage
3891-PUQOD,59.2,0.465,Monitor,28.18,Medium,Monitor and engage
8707-RMEZH,6023.7,0.0,VIP Customer,28.18,Medium,Monitor and engage
0310-SUCIN,6020.8,0.0,VIP Customer,28.17,Medium,Monitor and engage
1298-PHBTI,6020.8,0.0,VIP Customer,28.17,Medium,Monitor and engage
3544-FBCAS,6019.2,0.0,VIP Customer,28.16,Medium,Monitor and engage
6732-VAILE,6016.5,0.0,VIP Customer,28.15,Medium,Monitor and engage
6656-GULJQ,6015.599999999999,0.0,VIP Customer,28.14,Medium,Monitor and engage
0048-LUMLS,3374.4,0.205,High Value Customer,28.09,Medium,Monitor and engage
7973-DZRKH,6002.7,0.0,VIP Customer,28.08,Medium,Monitor and engage
9350-VLHMB,5999.849999999999,0.0,High Value Customer,28.07,Medium,Monitor and engage
9742-XOKTS,5999.849999999999,0.0,High Value Customer,28.07,Medium,Monitor and engage
3009-JWMPU,5998.5,0.0,High Value Customer,28.06,Medium,Monitor and engage
0839-JTCUD,5933.400000000001,0.005,High Value Customer,28.06,Medium,Monitor and engage
4827-DPADN,5997.599999999999,0.0,High Value Customer,28.06,Medium,Monitor and engage
1543-LLLFT,5996.3,0.0,High Value Customer,28.05,Medium,Monitor and engage
2987-BJXIK,5929.0,0.005,High Value Customer,28.04,Medium,Monitor and engage
4973-MGTON,5992.400000000001,0.0,High Value Customer,28.03,Medium,Monitor and engage
9572-WUKSB,89.69999999999999,0.46,Monitor,28.02,Medium,Monitor and engage
2239-JALAW,5988.5,0.0,High Value Customer,28.02,Medium,Monitor and engage
8690-ZVLCL,5984.0,0.0,High Value Customer,28.0,Medium,Monitor and engage
3893-JRNFS,2713.2,0.255,Low Priority,27.99,Medium,Monitor and engage
5035-PGZXH,5980.8,0.0,High Value Customer,27.98,Medium,Monitor and engage
3070-BDOQC,5979.0,0.0,High Value Customer,27.97,Medium,Monitor and engage
2883-ILGWO,5979.3,0.0,High Value Customer,27.97,Medium,Monitor and engage
5003-XZWWO,5978.2,0.0,High Value Customer,27.97,Medium,Monitor and engage
4010-YLMVT,5969.599999999999,0.0,High Value Customer,27.93,Medium,Monitor and engage
9614-RMGHA,5970.25,0.0,High Value Customer,27.93,Medium,Monitor and engage
6825-UYPFK,1738.8,0.33,Low Priority,27.93,Medium,Monitor and engage
4523-WXCEF,5964.9,0.0,High Value Customer,27.91,Medium,Monitor and engage
1409-PHXTF,5964.3,0.0,High Value Customer,27.9,Medium,Monitor and engage
2971-SGAFL,1023.75,0.385,Low Priority,27.89,Medium,Monitor and engage
9114-DPSIA,5832.0,0.01,High Value Customer,27.88,Medium,Monitor and engage
3870-MQAMG,5958.9,0.0,High Value Customer,27.88,Medium,Monitor and engage
9114-VEPUF,5958.2,0.0,High Value Customer,27.87,Medium,Monitor and engage
6771-XWBDM,5956.5,0.0,High Value Customer,27.87,Medium,Monitor and engage
6234-PFPXL,2109.8,0.3,Low Priority,27.87,Medium,Monitor and engage
3227-WLKLI,5950.75,0.0,High Value Customer,27.84,Medium,Monitor and engage
6352-GIGGQ,5949.599999999999,0.0,High Value Customer,27.83,Medium,Monitor and engage
5312-IRCFR,5942.4,0.0,High Value Customer,27.8,Medium,Monitor and engage
2977-CEBSX,5943.3,0.0,High Value Customer,27.8,Medium,Monitor and engage
3429-IFLEM,5491.849999999999,0.035,High Value Customer,27.79,Medium,Monitor and engage
3932-CMDTD,422.6,0.43,Monitor,27.78,Medium,Monitor and engage
2126-GSEGL,5936.0,0.0,High Value Customer,27.77,Medium,Monitor and engage
0581-BXBUB,291.0,0.44,Monitor,27.76,Medium,Monitor and engage
1725-IQNIY,5926.5,0.0,High Value Customer,27.73,Medium,Monitor and engage
7409-JURKQ,5925.4,0.0,High Value Customer,27.72,Medium,Monitor and engage
4291-TPNFG,5925.599999999999,0.0,High Value Customer,27.72,Medium,Monitor and engage
7964-ZRKKG,5922.8,0.0,High Value Customer,27.71,Medium,Monitor and engage
1414-YADCW,5922.0,0.0,High Value Customer,27.71,Medium,Monitor and engage
4619-EVPHY,1820.0,0.32,Low Priority,27.71,Medium,Monitor and engage
0348-SDKOL,5921.799999999999,0.0,High Value Customer,27.7,Medium,Monitor and engage
0015-UOCOJ,337.40000000000003,0.435,Monitor,27.68,Medium,Monitor and engage
4176-FXYBO,5915.7,0.0,High Value Customer,27.68,Medium,Monitor and engage
5016-IBERQ,1937.75,0.31,Low Priority,27.67,Medium,Monitor and engage
5197-LQXXH,5914.3,0.0,High Value Customer,27.67,Medium,Monitor and engage
9906-NHHVC,3477.5,0.19,High Value Customer,27.67,Medium,Monitor and engage
5285-MVEHD,5913.599999999999,0.0,High Value Customer,27.67,Medium,Monitor and engage
2302-OUZXB,5914.8,0.0,High Value Customer,27.67,Medium,Monitor and engage
8988-ECPJR,2706.4,0.25,Low Priority,27.66,Medium,Monitor and engage
8200-LGKSR,5907.2,0.0,High Value Customer,27.64,Medium,Monitor and engage
8677-HDZEE,5905.2,0.0,High Value Customer,27.63,Medium,Monitor and engage
5090-EMGTC,5902.95,0.0,High Value Customer,27.62,Medium,Monitor and engage
0130-SXOUN,5900.400000000001,0.0,High Value Customer,27.6,Medium,Monitor and engage
0899-WZRSD,5899.599999999999,0.0,High Value Customer,27.6,Medium,Monitor and engage
6908-VVYHM,5892.25,0.0,High Value Customer,27.57,Medium,Monitor and engage
7690-KPNCU,4675.2,0.095,High Value Customer,27.57,Medium,Monitor and engage
1170-SASML,5892.6,0.0,High Value Customer,27.57,Medium,Monitor and engage
0516-OOHAR,2809.8,0.24,Low Priority,27.55,Medium,Monitor and engage
0383-CLDDA,5889.15,0.0,High Value Customer,27.55,Medium,Monitor and engage
7603-USHJS,885.0,0.39,Low Priority,27.54,Medium,Monitor and engage
0898-XCGTF,5886.5,0.0,High Value Customer,27.54,Medium,Monitor and engage
5457-COLHT,5564.85,0.025,High Value Customer,27.53,Medium,Monitor and engage
3638-VBZTA,5882.0,0.0,High Value Customer,27.52,Medium,Monitor and engage
0016-QLJIS,5879.25,0.0,High Value Customer,27.51,Medium,Monitor and engage
4660-IRIBM,1582.2,0.335,Low Priority,27.5,Medium,Monitor and engage
1334-PDUKM,5878.6,0.0,High Value Customer,27.5,Medium,Monitor and engage
0595-ITUDF,5875.2,0.0,High Value Customer,27.49,Medium,Monitor and engage
0575-CUQOV,5877.0,0.0,High Value Customer,27.49,Medium,Monitor and engage
3224-DFQNQ,5874.0,0.0,High Value Customer,27.48,Medium,Monitor and engage
4188-FRABG,5873.849999999999,0.0,High Value Customer,27.48,Medium,Monitor and engage
4782-OSFXZ,5871.7,0.0,High Value Customer,27.47,Medium,Monitor and engage
4791-QRGMF,5870.5,0.0,High Value Customer,27.46,Medium,Monitor and engage
6103-LIANB,5870.5,0.0,High Value Customer,27.46,Medium,Monitor and engage
3349-ANQNH,5870.5,0.0,High Value Customer,27.46,Medium,Monitor and engage
4274-DRSQT,5867.400000000001,0.0,High Value Customer,27.45,Medium,Monitor and engage
6627-CFOSN,5867.55,0.0,High Value Customer,27.45,Medium,Monitor and engage
4612-THJBS,5866.0,0.0,High Value Customer,27.44,Medium,Monitor and engage
8008-ESFLK,5856.5,0.0,High Value Customer,27.4,Medium,Monitor and engage
0431-APWVY,2522.8,0.26,Low Priority,27.4,Medium,Monitor and engage
3092-IGHWF,5855.8,0.0,High Value Customer,27.4,Medium,Monitor and engage
4913-EHYUI,5854.8,0.0,High Value Customer,27.39,Medium,Monitor and engage
7998-WNZEM,5722.599999999999,0.01,High Value Customer,27.37,Medium,Monitor and engage
7398-LXGYX,3731.2,0.165,High Value Customer,27.36,Medium,Monitor and engage
9135-MGVPY,5844.3,0.0,High Value Customer,27.34,Medium,Monitor and engage
6283-GITPX,5459.900000000001,0.03,High Value Customer,27.34,Medium,Monitor and engage
6266-QHOJZ,5840.25,0.0,High Value Customer,27.32,Medium,Monitor and engage
2501-XWWTZ,772.2,0.395,Low Priority,27.31,Medium,Monitor and engage
8079-XRJRS,5833.75,0.0,High Value Customer,27.29,Medium,Monitor and engage
7666-WKRON,3137.55,0.21,High Value Customer,27.28,Medium,Monitor and engage
8782-NUUOL,4740.0,0.085,High Value Customer,27.28,Medium,Monitor and engage
9933-QRGTX,5832.0,0.0,High Value Customer,27.28,Medium,Monitor and engage
2651-ZCBXV,5832.0,0.0,High Value Customer,27.28,Medium,Monitor and engage
3487-EARAT,5187.0,0.05,High Value Customer,27.27,Medium,Monitor and engage
9391-YZEJW,5828.0,0.0,High Value Customer,27.27,Medium,Monitor and engage
0197-PNKNK,5827.05,0.0,High Value Customer,27.26,Medium,Monitor and engage
5494-WOZRZ,5822.0,0.0,High Value Customer,27.24,Medium,Monitor and engage
6847-KJLTS,5823.200000000001,0.0,High Value Customer,27.24,Medium,Monitor and engage
9823-EALYC,5821.2,0.0,High Value Customer,27.23,Medium,Monitor and engage
0988-AADSA,5821.2,0.0,High Value Customer,27.23,Medium,Monitor and engage
8091-TTVAX,5820.299999999999,0.0,High Value Customer,27.23,Medium,Monitor and engage
9675-ICXCT,5817.599999999999,0.0,High Value Customer,27.22,Medium,Monitor and engage
0562-FGDCR,5367.599999999999,0.035,High Value Customer,27.21,Medium,Monitor and engage
8146-QQKZH,5811.349999999999,0.0,High Value Customer,27.19,Medium,Monitor and engage
2211-RMNHO,5800.4,0.0,High Value Customer,27.14,Medium,Monitor and engage
1897-OKVMW,5798.4,0.0,High Value Customer,27.13,Medium,Monitor and engage
5014-WUQMG,4516.7,0.1,High Value Customer,27.13,Medium,Monitor and engage
1027-LKKQQ,5792.400000000001,0.0,High Value Customer,27.1,Medium,Monitor and engage
1813-JYWTO,5792.400000000001,0.0,High Value Customer,27.1,Medium,Monitor and engage
4377-VDHYI,2905.6,0.225,Low Priority,27.09,Medium,Monitor and engage
9979-RGMZT,658.35,0.4,Monitor,27.08,Medium,Monitor and engage
9249-FXSCK,5785.0,0.0,High Value Customer,27.06,Medium,Monitor and engage
2530-FMFXO,5779.2,0.0,High Value Customer,27.04,Medium,Monitor and engage
2378-YIZKA,5780.0,0.0,High Value Customer,27.04,Medium,Monitor and engage
4423-JWZJN,5776.0,0.0,High Value Customer,27.02,Medium,Monitor and engage
4350-ZTLPI,5774.35,0.0,High Value Customer,27.01,Medium,Monitor and engage
4884-TVUQF,5774.099999999999,0.0,High Value Customer,27.01,Medium,Monitor and engage
4900-MSOMT,5774.400000000001,0.0,High Value Customer,27.01,Medium,Monitor and engage
2990-OGYTD,5772.05,0.0,High Value Customer,27.0,Medium,Monitor and engage
0379-DJQHR,5450.45,0.025,High Value Customer,27.0,Medium,Monitor and engage
8840-DQLGN,3517.5,0.175,High Value Customer,26.96,Medium,Monitor and engage
7570-WELNY,5759.6,0.0,High Value Customer,26.95,Medium,Monitor and engage
1320-REHCS,5759.0,0.0,High Value Customer,26.94,Medium,Monitor and engage
4098-NAUKP,5756.200000000001,0.0,High Value Customer,26.93,Medium,Monitor and engage
5998-DZLYR,5755.349999999999,0.0,High Value Customer,26.93,Medium,Monitor and engage
5578-NKCXI,5756.5,0.0,High Value Customer,26.93,Medium,Monitor and engage
5297-MDOIR,5112.450000000001,0.05,High Value Customer,26.92,Medium,Monitor and engage
4237-RLAQD,45.85,0.445,Monitor,26.91,Medium,Monitor and engage
2371-KFUOG,5750.700000000001,0.0,High Value Customer,26.9,Medium,Monitor and engage
0407-BDJKB,5745.0,0.0,High Value Customer,26.88,Medium,Monitor and engage
7277-OZCGZ,1959.1,0.295,Low Priority,26.87,Medium,Monitor and engage
8883-ANODQ,5739.200000000001,0.0,High Value Customer,26.85,Medium,Monitor and engage
2675-DHUTR,5736.200000000001,0.0,High Value Customer,26.84,Medium,Monitor and engage
8384-FZBJK,5734.2,0.0,High Value Customer,26.83,Medium,Monitor and engage
3768-NLUBH,5734.2,0.0,High Value Customer,26.83,Medium,Monitor and engage
4513-CXYIX,5729.7,0.0,High Value Customer,26.81,Medium,Monitor and engage
9479-HYNYL,5729.7,0.0,High Value Customer,26.81,Medium,Monitor and engage
2251-PYLPB,5727.599999999999,0.0,High Value Customer,26.8,Medium,Monitor and engage
4088-YLDSU,5728.25,0.0,High Value Customer,26.8,Medium,Monitor and engage
6304-IJFSQ,149.7,0.435,Monitor,26.8,Medium,Monitor and engage
6331-LWDTQ,721.5,0.39,Low Priority,26.78,Medium,Monitor and engage
9488-FVZCC,5724.0,0.0,High Value Customer,26.78,Medium,Monitor and engage
0946-CLJTI,5724.6,0.0,High Value Customer,26.78,Medium,Monitor and engage
4742-DRORA,5724.0,0.0,High Value Customer,26.78,Medium,Monitor and engage
8226-BXGES,5724.8,0.0,High Value Customer,26.78,Medium,Monitor and engage
6655-LHBYW,5717.5,0.0,High Value Customer,26.75,Medium,Monitor and engage
0265-PSUAE,1611.2,0.32,Low Priority,26.74,Medium,Monitor and engage
4525-VZCZG,5715.9,0.0,High Value Customer,26.74,Medium,Monitor and engage
3214-IYUUQ,5715.7,0.0,High Value Customer,26.74,Medium,Monitor and engage
2234-EOFPT,5713.2,0.0,High Value Customer,26.73,Medium,Monitor and engage
0436-TWFFZ,5711.75,0.0,High Value Customer,26.72,Medium,Monitor and engage
1265-BCFEO,5711.95,0.0,High Value Customer,26.72,Medium,Monitor and engage
7898-PDWQE,5708.400000000001,0.0,High Value Customer,26.71,Medium,Monitor and engage
0036-IHMOT,5703.5,0.0,High Value Customer,26.68,Medium,Monitor and engage
4194-WHFCB,5702.35,0.0,High Value Customer,26.68,Medium,Monitor and engage
2235-EZAIK,5702.400000000001,0.0,High Value Customer,26.68,Medium,Monitor and engage
7560-QJAVJ,5572.0,0.01,High Value Customer,26.67,Medium,Monitor and engage
3005-TYFRD,5700.75,0.0,High Value Customer,26.67,Medium,Monitor and engage
7820-ZYGNY,5698.35,0.0,High Value Customer,26.66,Medium,Monitor and engage
9732-KPKBW,53.95,0.44,Monitor,26.65,Medium,Monitor and engage
7055-VKGDA,5691.6,0.0,High Value Customer,26.63,Medium,Monitor and engage
7564-GHCVB,5691.599999999999,0.0,High Value Customer,26.63,Medium,Monitor and engage
3584-WKTTW,5689.05,0.0,High Value Customer,26.62,Medium,Monitor and engage
9110-HSGTV,5689.05,0.0,High Value Customer,26.62,Medium,Monitor and engage
6946-LMSQS,2226.25,0.27,Low Priority,26.62,Medium,Monitor and engage
7649-SIJJF,5687.099999999999,0.0,High Value Customer,26.61,Medium,Monitor and engage
7851-FLGGQ,44.65,0.44,Monitor,26.61,Medium,Monitor and engage
2868-LLSKM,5688.200000000001,0.0,High Value Customer,26.61,Medium,Monitor and engage
7245-JMTTQ,5686.5,0.0,High Value Customer,26.6,Medium,Monitor and engage
1428-IEDPR,5683.599999999999,0.0,High Value Customer,26.59,Medium,Monitor and engage
2091-GPPIQ,5684.400000000001,0.0,High Value Customer,26.59,Medium,Monitor and engage
7722-CVFXN,5680.8,0.0,High Value Customer,26.58,Medium,Monitor and engage
6736-DHUQI,5681.599999999999,0.0,High Value Customer,26.58,Medium,Monitor and engage
8468-EHYJA,5680.05,0.0,High Value Customer,26.57,Medium,Monitor and engage
9065-ZCPQX,5677.2,0.0,High Value Customer,26.56,Medium,Monitor and engage
9412-ARGBX,4584.0,0.085,High Value Customer,26.55,Medium,Monitor and engage
8405-IGQFX,5673.15,0.0,High Value Customer,26.54,Medium,Monitor and engage
5485-ITNPC,5669.400000000001,0.0,High Value Customer,26.52,Medium,Monitor and engage
3679-XASPY,19.45,0.44,Monitor,26.49,Medium,Monitor and engage
7901-TBKJX,5658.8,0.0,High Value Customer,26.47,Medium,Monitor and engage
2824-DXNKN,5144.400000000001,0.04,High Value Customer,26.47,Medium,Monitor and engage
8645-KOMJQ,5654.55,0.0,High Value Customer,26.45,Medium,Monitor and engage
7173-TETGO,5652.0,0.0,High Value Customer,26.44,Medium,Monitor and engage
1150-FTQGN,5649.0,0.0,High Value Customer,26.43,Medium,Monitor and engage
8336-TAVKX,5648.400000000001,0.0,High Value Customer,26.43,Medium,Monitor and engage
6439-PKTRR,5649.0,0.0,High Value Customer,26.43,Medium,Monitor and engage
5514-YQENT,4557.150000000001,0.085,High Value Customer,26.42,Medium,Monitor and engage
0929-PECLO,5644.799999999999,0.0,High Value Customer,26.41,Medium,Monitor and engage
5334-JLAXU,5646.0,0.0,High Value Customer,26.41,Medium,Monitor and engage
6248-TKCQV,5642.0,0.0,High Value Customer,26.4,Medium,Monitor and engage
1625-JAIIY,5644.0,0.0,High Value Customer,26.4,Medium,Monitor and engage
3791-LGQCY,5636.400000000001,0.0,High Value Customer,26.37,Medium,Monitor and engage
2302-ANTDP,5637.6,0.0,High Value Customer,26.37,Medium,Monitor and engage
3889-VWBID,5633.799999999999,0.0,High Value Customer,26.36,Medium,Monitor and engage
0895-DQHEW,5632.2,0.0,High Value Customer,26.35,Medium,Monitor and engage
1187-WILMM,5632.200000000001,0.0,High Value Customer,26.35,Medium,Monitor and engage
3094-JOJAI,1334.7,0.335,Low Priority,26.34,Medium,Monitor and engage
5816-JMLGY,5628.0,0.0,High Value Customer,26.33,Medium,Monitor and engage
0455-ENTCR,5626.5,0.0,High Value Customer,26.32,Medium,Monitor and engage
9651-GTSAQ,5623.299999999999,0.0,High Value Customer,26.31,Medium,Monitor and engage
6794-HKIAJ,5623.400000000001,0.0,High Value Customer,26.31,Medium,Monitor and engage
5930-GBIWP,5623.5,0.0,High Value Customer,26.31,Medium,Monitor and engage
3657-COGMW,5621.2,0.0,High Value Customer,26.3,Medium,Monitor and engage
6353-BRMMA,5621.4,0.0,High Value Customer,26.3,Medium,Monitor and engage
7581-EBBOU,4209.0,0.11,High Value Customer,26.29,Medium,Monitor and engage
4833-QTJNO,5617.95,0.0,High Value Customer,26.28,Medium,Monitor and engage
4710-FDUIZ,5616.8,0.0,High Value Customer,26.28,Medium,Monitor and engage
9359-UGBTK,4847.45,0.06,High Value Customer,26.28,Medium,Monitor and engage
8766-PAFNE,5616.099999999999,0.0,High Value Customer,26.27,Medium,Monitor and engage
4501-UYKBC,3178.6,0.19,High Value Customer,26.27,Medium,Monitor and engage
7579-OOPEC,100.3,0.43,Monitor,26.27,Medium,Monitor and engage
0877-SDMBN,5613.3,0.0,High Value Customer,26.26,Medium,Monitor and engage
8231-BSWXX,5612.55,0.0,High Value Customer,26.26,Medium,Monitor and engage
9477-LGWQI,5610.5,0.0,High Value Customer,26.25,Medium,Monitor and engage
4526-ZJJTM,2210.0,0.265,Low Priority,26.24,Medium,Monitor and engage
5680-LQOGP,5606.6,0.0,High Value Customer,26.23,Medium,Monitor and engage
6158-HDPXZ,25.35,0.435,Monitor,26.22,Medium,Monitor and engage
4250-WAROZ,5595.0,0.0,High Value Customer,26.18,Medium,Monitor and engage
0678-RLHVP,5594.15,0.0,High Value Customer,26.17,Medium,Monitor and engage
0356-OBMAC,5594.400000000001,0.0,High Value Customer,26.17,Medium,Monitor and engage
0060-FUALY,5590.25,0.0,High Value Customer,26.15,Medium,Monitor and engage
1091-SOZGA,5588.8,0.0,High Value Customer,26.15,Medium,Monitor and engage
1310-QRITU,905.4,0.365,Low Priority,26.14,Medium,Monitor and engage
2805-EDJPQ,5586.0,0.0,High Value Customer,26.13,Medium,Monitor and engage
0254-KCJGT,4232.8,0.105,High Value Customer,26.1,Medium,Monitor and engage
3486-HOOGQ,5579.0,0.0,High Value Customer,26.1,Medium,Monitor and engage
2669-QVCRG,3333.3,0.175,High Value Customer,26.09,Medium,Monitor and engage
3982-DQLUS,5573.75,0.0,High Value Customer,26.08,Medium,Monitor and engage
4137-JOPHL,4485.0,0.085,High Value Customer,26.08,Medium,Monitor and engage
4462-CYWMH,5567.599999999999,0.0,High Value Customer,26.05,Medium,Monitor and engage
8623-ULFNQ,1717.3,0.3,Low Priority,26.03,Medium,Monitor and engage
1573-LGXBA,5560.349999999999,0.0,High Value Customer,26.01,Medium,Monitor and engage
4654-ULTTN,5236.0,0.025,High Value Customer,26.0,Medium,Monitor and engage
8469-SNFFH,5558.0,0.0,High Value Customer,26.0,Medium,Monitor and engage
0744-GKNGE,5555.2,0.0,High Value Customer,25.99,Medium,Monitor and engage
3780-YVMFA,548.4,0.39,Low Priority,25.97,Medium,Monitor and engage
2696-ECXKC,5549.5,0.0,High Value Customer,25.96,Medium,Monitor and engage
2931-VUVJN,5548.95,0.0,High Value Customer,25.96,Medium,Monitor and engage
7639-OPLNG,5547.5,0.0,High Value Customer,25.95,Medium,Monitor and engage
7233-PAHHL,5544.0,0.0,High Value Customer,25.94,Medium,Monitor and engage
6332-FBZRI,4646.45,0.07,High Value Customer,25.94,Medium,Monitor and engage
9050-QLROH,1632.6,0.305,Low Priority,25.94,Medium,Monitor and engage
7520-HQWJU,4451.7,0.085,High Value Customer,25.93,Medium,Monitor and engage
5915-ANOEI,5540.5,0.0,High Value Customer,25.92,Medium,Monitor and engage
3692-JHONH,5538.0,0.0,High Value Customer,25.91,Medium,Monitor and engage
8060-HIWJJ,5539.2,0.0,High Value Customer,25.91,Medium,Monitor and engage
0397-GZBBC,5537.15,0.0,High Value Customer,25.9,Medium,Monitor and engage
7508-DQAKK,5529.6,0.0,High Value Customer,25.87,Medium,Monitor and engage
9073-ZZIAY,5338.2,0.015,High Value Customer,25.87,Medium,Monitor and engage
1427-VERSM,5527.2,0.0,High Value Customer,25.86,Medium,Monitor and engage
2649-HWLYB,4949.75,0.045,High Value Customer,25.86,Medium,Monitor and engage
3374-TTZTK,5527.599999999999,0.0,High Value Customer,25.86,Medium,Monitor and engage
8166-ORCHU,3087.15,0.19,High Value Customer,25.84,Medium,Monitor and engage
1832-PEUTS,5524.2,0.0,High Value Customer,25.84,Medium,Monitor and engage
5828-DWPIL,5524.2,0.0,High Value Customer,25.84,Medium,Monitor and engage
2208-UGTGR,5521.599999999999,0.0,High Value Customer,25.83,Medium,Monitor and engage
2391-SOORI,197.4,0.415,Monitor,25.82,Medium,Monitor and engage
5446-DKWYW,3977.2,0.12,High Value Customer,25.81,Medium,Monitor and engage
9289-LBQVU,4489.6,0.08,High Value Customer,25.8,Medium,Monitor and engage
2927-CVULT,5514.65,0.0,High Value Customer,25.8,Medium,Monitor and engage
6916-HIJSE,5515.25,0.0,High Value Customer,25.8,Medium,Monitor and engage
1036-GUDCL,4743.0,0.06,High Value Customer,25.79,Medium,Monitor and engage
6300-BWMJX,5507.65,0.0,High Value Customer,25.77,Medium,Monitor and engage
3162-KKZXO,5508.25,0.0,High Value Customer,25.77,Medium,Monitor and engage
8722-PRFDV,5506.05,0.0,High Value Customer,25.76,Medium,Monitor and engage
6646-VRFOL,5504.049999999999,0.0,High Value Customer,25.75,Medium,Monitor and engage
2929-QNSRW,5502.0,0.0,High Value Customer,25.74,Medium,Monitor and engage
2203-GHNWN,1911.6,0.28,Low Priority,25.74,Medium,Monitor and engage
0727-BMPLR,5500.0,0.0,High Value Customer,25.73,Medium,Monitor and engage
8338-QIUNR,4788.0,0.055,High Value Customer,25.7,Medium,Monitor and engage
1492-KGETH,5484.5,0.0,High Value Customer,25.66,Medium,Monitor and engage
2200-DSAAL,5484.200000000001,0.0,High Value Customer,25.66,Medium,Monitor and engage
5013-SBUIH,5482.5,0.0,High Value Customer,25.65,Medium,Monitor and engage
0237-YFUTL,5482.5,0.0,High Value Customer,25.65,Medium,Monitor and engage
5736-YEJAX,5482.05,0.0,High Value Customer,25.65,Medium,Monitor and engage
0406-BPDVR,5481.0,0.0,High Value Customer,25.64,Medium,Monitor and engage
9036-CSKBW,5479.95,0.0,High Value Customer,25.64,Medium,Monitor and engage
2040-LDIWQ,5473.0,0.0,High Value Customer,25.6,Medium,Monitor and engage
5887-IKKYO,5472.299999999999,0.0,High Value Customer,25.6,Medium,Monitor and engage
5443-SCMKX,5469.4,0.0,High Value Customer,25.59,Medium,Monitor and engage
2863-IMQDR,5468.650000000001,0.0,High Value Customer,25.58,Medium,Monitor and engage
6670-MFRPK,5464.8,0.0,High Value Customer,25.57,Medium,Monitor and engage
2806-MLNTI,5465.2,0.0,High Value Customer,25.57,Medium,Monitor and engage
4360-PNRQB,1360.8,0.32,Low Priority,25.57,Medium,Monitor and engage
4484-GLZOU,5462.599999999999,0.0,High Value Customer,25.56,Medium,Monitor and engage
6952-OMNWB,5463.799999999999,0.0,High Value Customer,25.56,Medium,Monitor and engage
9541-ZPSEA,5463.799999999999,0.0,High Value Customer,25.56,Medium,Monitor and engage
4006-HKYHO,5462.1,0.0,High Value Customer,25.55,Medium,Monitor and engage
9220-ZNKJI,4884.0,0.045,High Value Customer,25.55,Medium,Monitor and engage
6769-DCQLI,5460.0,0.0,High Value Customer,25.54,Medium,Monitor and engage
3104-OWCGK,5457.0,0.0,High Value Customer,25.53,Medium,Monitor and engage
6848-YLDFR,4361.6,0.085,High Value Customer,25.51,Medium,Monitor and engage
1784-EZDKJ,5446.8,0.0,High Value Customer,25.48,Medium,Monitor and engage
9795-NREXC,5440.0,0.0,High Value Customer,25.45,Medium,Monitor and engage
2144-BFDSO,5437.5,0.0,High Value Customer,25.44,Medium,Monitor and engage
6568-POCUI,4284.0,0.09,High Value Customer,25.44,Medium,Monitor and engage
3005-NFMTA,5434.0,0.0,High Value Customer,25.42,Medium,Monitor and engage
7404-JLKQG,172.64999999999998,0.41,Monitor,25.41,Medium,Monitor and engage
8421-WZOOW,5432.099999999999,0.0,High Value Customer,25.41,Medium,Monitor and engage
5732-IKGQH,5431.400000000001,0.0,High Value Customer,25.41,Medium,Monitor and engage
5827-MWCZK,5429.2,0.0,High Value Customer,25.4,Medium,Monitor and engage
1447-PJGGA,5429.25,0.0,High Value Customer,25.4,Medium,Monitor and engage
9101-BWFSS,5427.5,0.0,High Value Customer,25.39,Medium,Monitor and engage
4007-NHVHI,5423.599999999999,0.0,High Value Customer,25.37,Medium,Monitor and engage
0565-IYCGT,5423.4,0.0,High Value Customer,25.37,Medium,Monitor and engage
5385-SUIRI,5418.400000000001,0.0,High Value Customer,25.35,Medium,Monitor and engage
5708-EVONK,5417.200000000001,0.0,High Value Customer,25.34,Medium,Monitor and engage
8961-QDZZJ,5415.0,0.0,High Value Customer,25.33,Medium,Monitor and engage
9140-CZQZZ,5412.799999999999,0.0,High Value Customer,25.32,Medium,Monitor and engage
7550-WIQVA,5412.5,0.0,High Value Customer,25.32,Medium,Monitor and engage
6869-FGJJC,5412.799999999999,0.0,High Value Customer,25.32,Medium,Monitor and engage
8205-VSLRB,5411.0,0.0,High Value Customer,25.31,Medium,Monitor and engage
3654-ARMGP,5407.650000000001,0.0,High Value Customer,25.3,Medium,Monitor and engage
1676-MQAOA,5407.2,0.0,High Value Customer,25.3,Medium,Monitor and engage
5515-AKOAJ,5405.4,0.0,High Value Customer,25.29,Medium,Monitor and engage
0931-MHTEM,5402.7,0.0,High Value Customer,25.28,Medium,Monitor and engage
6556-DBKZF,5399.55,0.0,High Value Customer,25.26,Medium,Monitor and engage
9700-ISPUP,655.0,0.37,Low Priority,25.26,Medium,Monitor and engage
7803-XOCCZ,4370.599999999999,0.08,High Value Customer,25.25,Medium,Monitor and engage
2636-SJDOU,5395.2,0.0,High Value Customer,25.24,Medium,Monitor and engage
1215-FIGMP,5394.0,0.0,High Value Customer,25.24,Medium,Monitor and engage
6586-MYGKD,5386.5,0.0,High Value Customer,25.2,Medium,Monitor and engage
1930-WNXSB,5385.299999999999,0.0,High Value Customer,25.19,Medium,Monitor and engage
8619-IJNDK,4547.55,0.065,High Value Customer,25.18,Medium,Monitor and engage
8590-YFFQO,4546.5,0.065,High Value Customer,25.17,Medium,Monitor and engage
4468-YDOVK,243.25,0.4,Monitor,25.14,Medium,Monitor and engage
0123-CRBRT,5374.099999999999,0.0,High Value Customer,25.14,Medium,Monitor and engage
3428-MMGUB,5373.0,0.0,High Value Customer,25.14,Medium,Monitor and engage
8099-MZPUJ,5366.4,0.0,High Value Customer,25.11,Medium,Monitor and engage
0924-BJCRC,5367.0,0.0,High Value Customer,25.11,Medium,Monitor and engage
9227-YBAXE,5362.5,0.0,High Value Customer,25.09,Medium,Monitor and engage
4062-HBMOS,5358.599999999999,0.0,High Value Customer,25.07,Medium,Monitor and engage
2267-WTPYD,5358.0,0.0,High Value Customer,25.07,Medium,Monitor and engage
0336-PIKEI,5356.8,0.0,High Value Customer,25.06,Medium,Monitor and engage
7629-WFGLW,5356.400000000001,0.0,High Value Customer,25.06,Medium,Monitor and engage
8468-FZTOE,5353.2,0.0,High Value Customer,25.04,Medium,Monitor and engage
7130-YXBRO,5349.6,0.0,High Value Customer,25.03,Medium,Monitor and engage
0961-ZWLVI,5350.8,0.0,High Value Customer,25.03,Medium,Monitor and engage
4737-HOBAX,5027.4,0.025,High Value Customer,25.02,Medium,Monitor and engage
2070-FNEXE,535.15,0.375,Low Priority,25.0,Medium,Monitor and engage
0716-BQNDX,5343.75,0.0,High Value Customer,25.0,Medium,Monitor and engage
8160-HOWOX,467.94999999999993,0.38,Low Priority,24.99,Low,Standard customer engagement
8152-UOBNY,5340.0,0.0,High Value Customer,24.98,Low,Standard customer engagement
4355-HBJHH,5339.900000000001,0.0,High Value Customer,24.98,Low,Standard customer engagement
1032-MAELW,5334.6,0.0,High Value Customer,24.96,Low,Standard customer engagement
9746-MDMBK,5332.150000000001,0.0,High Value Customer,24.95,Low,Standard customer engagement
0014-BMAQU,5332.950000000001,0.0,High Value Customer,24.95,Low,Standard customer engagement
9348-ROUAI,5327.7,0.0,High Value Customer,24.92,Low,Standard customer engagement
6013-BHCAW,4941.0,0.03,High Value Customer,24.92,Low,Standard customer engagement
6870-ZWMNX,5327.0,0.0,High Value Customer,24.92,Low,Standard customer engagement
1264-BYWMS,5324.0,0.0,High Value Customer,24.91,Low,Standard customer engagement
5447-WZAFP,5315.9,0.0,High Value Customer,24.87,Low,Standard customer engagement
8166-ZZTFS,5316.3,0.0,High Value Customer,24.87,Low,Standard customer engagement
5402-HTOTQ,884.8,0.345,Low Priority,24.84,Low,Standard customer engagement
8444-WRIDW,5309.7,0.0,High Value Customer,24.84,Low,Standard customer engagement
1004-NOZNR,5308.8,0.0,High Value Customer,24.84,Low,Standard customer engagement
4001-TSBTV,5309.9,0.0,High Value Customer,24.84,Low,Standard customer engagement
5213-TWWJU,2548.0,0.215,Low Priority,24.82,Low,Standard customer engagement
8390-FESFV,5239.0,0.005,High Value Customer,24.81,Low,Standard customer engagement
1228-FZFRV,5297.5,0.0,High Value Customer,24.78,Low,Standard customer engagement
6917-YACBP,5295.25,0.0,High Value Customer,24.77,Low,Standard customer engagement
2055-BFOCC,5292.0,0.0,High Value Customer,24.76,Low,Standard customer engagement
6386-SZZKH,5289.55,0.0,High Value Customer,24.75,Low,Standard customer engagement
5327-XOKKY,5288.400000000001,0.0,High Value Customer,24.74,Low,Standard customer engagement
3143-ILDAL,5289.2,0.0,High Value Customer,24.74,Low,Standard customer engagement
9481-WHGWY,5274.5,0.0,High Value Customer,24.68,Low,Standard customer engagement
3166-PNEOF,5273.45,0.0,High Value Customer,24.67,Low,Standard customer engagement
0320-DWVTU,5273.5,0.0,High Value Customer,24.67,Low,Standard customer engagement
5321-NTRKC,5270.099999999999,0.0,High Value Customer,24.66,Low,Standard customer engagement
1100-DDVRV,846.5999999999999,0.345,Low Priority,24.66,Low,Standard customer engagement
6691-CCIHA,5266.900000000001,0.0,High Value Customer,24.64,Low,Standard customer engagement
0661-KBKPA,4173.75,0.085,High Value Customer,24.63,Low,Standard customer engagement
5811-IWXYM,5265.0,0.0,High Value Customer,24.63,Low,Standard customer engagement
2954-PIBKO,4426.35,0.065,High Value Customer,24.61,Low,Standard customer engagement
0459-SPZHJ,5260.5,0.0,High Value Customer,24.61,Low,Standard customer engagement
6384-VMJHP,5256.0,0.0,High Value Customer,24.59,Low,Standard customer engagement
7401-JIXNM,4930.2,0.025,High Value Customer,24.57,Low,Standard customer engagement
7516-GMHUV,5252.5,0.0,High Value Customer,24.57,Low,Standard customer engagement
6035-RIIOM,5248.8,0.0,High Value Customer,24.56,Low,Standard customer engagement
2786-GCDPI,5247.5,0.0,High Value Customer,24.55,Low,Standard customer engagement
8414-OOEEL,5247.0,0.0,High Value Customer,24.55,Low,Standard customer engagement
8631-NBHFZ,5240.400000000001,0.0,High Value Customer,24.52,Low,Standard customer engagement
2139-FQHLM,1709.05,0.275,Low Priority,24.5,Low,Standard customer engagement
1658-XUHBX,5236.25,0.0,High Value Customer,24.5,Low,Standard customer engagement
2957-JIRMN,5235.900000000001,0.0,High Value Customer,24.5,Low,Standard customer engagement
6685-GBWJZ,4460.4,0.06,High Value Customer,24.47,Low,Standard customer engagement
6194-HBGQN,4138.650000000001,0.085,High Value Customer,24.46,Low,Standard customer engagement
6121-TNHBO,5229.0,0.0,High Value Customer,24.46,Low,Standard customer engagement
0988-JRWWP,162.60000000000002,0.395,Low Priority,24.46,Low,Standard customer engagement
2882-WDTBA,5226.75,0.0,High Value Customer,24.45,Low,Standard customer engagement
9770-KXGQU,5225.799999999999,0.0,High Value Customer,24.45,Low,Standard customer engagement
1169-SAOCL,5225.85,0.0,High Value Customer,24.45,Low,Standard customer engagement
5855-EIBDE,5225.85,0.0,High Value Customer,24.45,Low,Standard customer engagement
6402-EJMWF,221.2,0.39,Low Priority,24.43,Low,Standard customer engagement
5802-ADBRC,5220.0,0.0,High Value Customer,24.42,Low,Standard customer engagement
8932-CZHRQ,5219.0,0.0,High Value Customer,24.42,Low,Standard customer engagement
5781-RFZRP,5218.5,0.0,High Value Customer,24.41,Low,Standard customer engagement
1323-OOEPC,5215.200000000001,0.0,High Value Customer,24.4,Low,Standard customer engagement
3470-OBUET,4958.0,0.02,High Value Customer,24.4,Low,Standard customer engagement
8268-YDIXR,5216.400000000001,0.0,High Value Customer,24.4,Low,Standard customer engagement
3253-HKOKL,5215.599999999999,0.0,High Value Customer,24.4,Low,Standard customer engagement
2205-LPVGL,5211.299999999999,0.0,High Value Customer,24.38,Low,Standard customer engagement
3807-BPOMJ,5211.25,0.0,High Value Customer,24.38,Low,Standard customer engagement
4789-KWMXN,5209.95,0.0,High Value Customer,24.37,Low,Standard customer engagement
5676-CFLYY,5207.849999999999,0.0,High Value Customer,24.36,Low,Standard customer engagement
6421-SZVEM,2319.8,0.225,Low Priority,24.35,Low,Standard customer engagement
9659-QEQSY,5204.25,0.0,High Value Customer,24.35,Low,Standard customer engagement
1265-ZFOSD,5203.2,0.0,High Value Customer,24.34,Low,Standard customer engagement
0083-PIVIK,5200.0,0.0,High Value Customer,24.33,Low,Standard customer engagement
3200-MNQTF,4750.3,0.035,High Value Customer,24.32,Low,Standard customer engagement
7271-AJDTL,5194.75,0.0,High Value Customer,24.3,Low,Standard customer engagement
4737-AQCPU,5191.2,0.0,High Value Customer,24.29,Low,Standard customer engagement
3804-RVTGV,5192.5,0.0,High Value Customer,24.29,Low,Standard customer engagement
1842-EZJMK,5185.0,0.0,High Value Customer,24.26,Low,Standard customer engagement
5294-IMHHT,5180.75,0.0,High Value Customer,24.24,Low,Standard customer engagement
7711-YIJWC,5178.900000000001,0.0,High Value Customer,24.23,Low,Standard customer engagement
6953-PBDIN,5106.5,0.005,High Value Customer,24.19,Low,Standard customer engagement
4816-OKWNX,5170.0,0.0,High Value Customer,24.19,Low,Standard customer engagement
4293-ETKAP,5161.0,0.0,High Value Customer,24.15,Low,Standard customer engagement
7855-DIWPO,1441.65,0.29,Low Priority,24.14,Low,Standard customer engagement
5414-OFQCB,5155.650000000001,0.0,High Value Customer,24.12,Low,Standard customer engagement
6394-MFYNG,5155.200000000001,0.0,High Value Customer,24.12,Low,Standard customer engagement
2931-XIQBR,5152.5,0.0,High Value Customer,24.11,Low,Standard customer engagement
4322-RCYMT,5154.4,0.0,High Value Customer,24.11,Low,Standard customer engagement
6599-RCLCJ,5148.849999999999,0.0,High Value Customer,24.09,Low,Standard customer engagement
1346-UFHAX,1040.0,0.32,Low Priority,24.07,Low,Standard customer engagement
9048-JVYVF,208.05,0.385,Low Priority,24.07,Low,Standard customer engagement
8348-JLBUG,5139.2,0.0,High Value Customer,24.04,Low,Standard customer engagement
0621-HJWXJ,5137.65,0.0,High Value Customer,24.04,Low,Standard customer engagement
6838-YAUVY,5135.4,0.0,High Value Customer,24.03,Low,Standard customer engagement
3913-FCUUW,5072.400000000001,0.005,High Value Customer,24.03,Low,Standard customer engagement
9013-AQORL,2186.4,0.23,Low Priority,24.03,Low,Standard customer engagement
5195-KPUNQ,5127.75,0.0,High Value Customer,23.99,Low,Standard customer engagement
1498-NHTLT,5118.25,0.0,High Value Customer,23.95,Low,Standard customer engagement
1732-FEKLD,5116.5,0.0,High Value Customer,23.94,Low,Standard customer engagement
1471-GIQKQ,49.95,0.395,Low Priority,23.93,Low,Standard customer engagement
0013-MHZWF,624.6,0.35,Low Priority,23.92,Low,Standard customer engagement
7524-VRLPL,5112.9,0.0,High Value Customer,23.92,Low,Standard customer engagement
2758-RNWXS,3122.0,0.155,High Value Customer,23.91,Low,Standard customer engagement
7164-BPTUT,5104.349999999999,0.0,High Value Customer,23.88,Low,Standard customer engagement
4472-VESGY,5103.8,0.0,High Value Customer,23.88,Low,Standard customer engagement
1950-KSVVJ,5098.5,0.0,High Value Customer,23.85,Low,Standard customer engagement
7654-YWJUF,3622.75,0.115,High Value Customer,23.85,Low,Standard customer engagement
6901-GOGZG,5097.0,0.0,High Value Customer,23.85,Low,Standard customer engagement
4676-MQUEA,5095.0,0.0,High Value Customer,23.84,Low,Standard customer engagement
1899-VXWXM,5092.799999999999,0.0,High Value Customer,23.83,Low,Standard customer engagement
9822-BIIGN,3808.05,0.1,High Value Customer,23.82,Low,Standard customer engagement
0973-KYVNF,5086.8,0.0,High Value Customer,23.8,Low,Standard customer engagement
9391-LMANN,5085.35,0.0,High Value Customer,23.79,Low,Standard customer engagement
7103-ZGVNT,5085.3,0.0,High Value Customer,23.79,Low,Standard customer engagement
2858-EIMXH,5080.049999999999,0.0,High Value Customer,23.77,Low,Standard customer engagement
0956-ACVZC,5081.4,0.0,High Value Customer,23.77,Low,Standard customer engagement
0280-XJGEX,5081.3,0.0,High Value Customer,23.77,Low,Standard customer engagement
5803-NQJZO,4881.599999999999,0.015,High Value Customer,23.74,Low,Standard customer engagement
9943-VSZUV,5071.900000000001,0.0,High Value Customer,23.73,Low,Standard customer engagement
1020-JPQOW,5070.8,0.0,High Value Customer,23.72,Low,Standard customer engagement
7576-JMYWV,5069.2,0.0,High Value Customer,23.72,Low,Standard customer engagement
8311-UEUAB,5058.5,0.0,High Value Customer,23.67,Low,Standard customer engagement
0691-IFBQW,5060.0,0.0,High Value Customer,23.67,Low,Standard customer engagement
2796-UUZZO,5058.9,0.0,High Value Customer,23.67,Low,Standard customer engagement
6741-QRLUP,5058.9,0.0,High Value Customer,23.67,Low,Standard customer engagement
0909-SELIE,4928.8,0.01,High Value Customer,23.66,Low,Standard customer engagement
6891-JPYFF,5052.0,0.0,High Value Customer,23.64,Low,Standard customer engagement
1599-MMYRQ,5049.900000000001,0.0,High Value Customer,23.63,Low,Standard customer engagement
6253-GNHWH,5048.099999999999,0.0,High Value Customer,23.62,Low,Standard customer engagement
6480-YAGIY,5049.0,0.0,High Value Customer,23.62,Low,Standard customer engagement
5649-RXQTV,5049.0,0.0,High Value Customer,23.62,Low,Standard customer engagement
8133-ANHHJ,5047.0,0.0,High Value Customer,23.61,Low,Standard customer engagement
5103-MHMHY,45.95,0.39,Low Priority,23.61,Low,Standard customer engagement
5118-MUEYH,5044.799999999999,0.0,High Value Customer,23.6,Low,Standard customer engagement
4566-GOLUK,5045.45,0.0,High Value Customer,23.6,Low,Standard customer engagement
2911-WDXMV,1449.9,0.28,Low Priority,23.58,Low,Standard customer engagement
9470-YFUYI,5041.0,0.0,High Value Customer,23.58,Low,Standard customer engagement
1088-CNNKB,5040.0,0.0,High Value Customer,23.58,Low,Standard customer engagement
3055-VTCGS,3688.65,0.105,High Value Customer,23.56,Low,Standard customer engagement
9389-ACWBI,349.75,0.365,Low Priority,23.54,Low,Standard customer engagement
9251-WNSOD,5031.7,0.0,High Value Customer,23.54,Low,Standard customer engagement
5671-UUNXD,5032.5,0.0,High Value Customer,23.54,Low,Standard customer engagement
5846-NEQVZ,5030.349999999999,0.0,High Value Customer,23.53,Low,Standard customer engagement
0270-THENM,5029.2,0.0,High Value Customer,23.53,Low,Standard customer engagement
4671-VJLCL,5030.549999999999,0.0,High Value Customer,23.53,Low,Standard customer engagement
8992-CEUEN,18.85,0.3904999999999999,Low Priority,23.52,Low,Standard customer engagement
0691-JVSYA,5027.049999999999,0.0,High Value Customer,23.52,Low,Standard customer engagement
1935-IMVBB,5023.2,0.0,High Value Customer,23.5,Low,Standard customer engagement
6418-PIQSP,5022.0,0.0,High Value Customer,23.49,Low,Standard customer engagement
2325-ZUSFD,3995.7,0.08,High Value Customer,23.49,Low,Standard customer engagement
9199-PWQVC,5021.1,0.0,High Value Customer,23.49,Low,Standard customer engagement
3795-GWTRD,4759.65,0.02,High Value Customer,23.47,Low,Standard customer engagement
8552-OBVRU,5016.0,0.0,High Value Customer,23.47,Low,Standard customer engagement
0229-LFJAF,5014.8,0.0,High Value Customer,23.46,Low,Standard customer engagement
4366-CTOUZ,5010.0,0.0,High Value Customer,23.44,Low,Standard customer engagement
0345-XMMUG,5009.400000000001,0.0,High Value Customer,23.44,Low,Standard customer engagement
4238-HFHSN,5011.150000000001,0.0,High Value Customer,23.44,Low,Standard customer engagement
1527-SXDPN,5005.0,0.0,High Value Customer,23.42,Low,Standard customer engagement
5934-TSSAU,1731.9,0.255,Low Priority,23.4,Low,Standard customer engagement
5630-IXDXV,4998.45,0.0,High Value Customer,23.38,Low,Standard customer engagement
3927-NLNRY,4995.25,0.0,High Value Customer,23.37,Low,Standard customer engagement
2178-PMGCJ,1533.4,0.27,Low Priority,23.37,Low,Standard customer engagement
7470-MCQTK,633.75,0.34,Low Priority,23.36,Low,Standard customer engagement
9909-DFRJA,2492.1,0.195,Low Priority,23.36,Low,Standard customer engagement
3259-QMXUN,4993.799999999999,0.0,High Value Customer,23.36,Low,Standard customer engagement
5498-IBWPI,3260.4,0.135,High Value Customer,23.35,Low,Standard customer engagement
8276-MQBYC,4987.8,0.0,High Value Customer,23.33,Low,Standard customer engagement
2038-LLMLM,4984.799999999999,0.0,High Value Customer,23.32,Low,Standard customer engagement
2363-BJLSL,4984.8,0.0,High Value Customer,23.32,Low,Standard customer engagement
4355-CVPVS,4978.400000000001,0.0,High Value Customer,23.29,Low,Standard customer engagement
5628-RKIFK,4975.95,0.0,High Value Customer,23.28,Low,Standard customer engagement
4307-KTUMW,4976.700000000001,0.0,High Value Customer,23.28,Low,Standard customer engagement
4918-FYJNT,4974.75,0.0,High Value Customer,23.27,Low,Standard customer engagement
7449-HVPIV,4972.0,0.0,High Value Customer,23.26,Low,Standard customer engagement
7103-IPXPJ,4970.0,0.0,High Value Customer,23.25,Low,Standard customer engagement
5893-PYOLZ,4580.8,0.03,High Value Customer,23.23,Low,Standard customer engagement
2256-YLYLP,4960.6,0.0,High Value Customer,23.21,Low,Standard customer engagement
9691-HKOVS,4958.25,0.0,High Value Customer,23.2,Low,Standard customer engagement
3569-VLDHH,4956.599999999999,0.0,High Value Customer,23.19,Low,Standard customer engagement
6120-RJKLU,4956.900000000001,0.0,High Value Customer,23.19,Low,Standard customer engagement
4800-CZMPC,4956.0,0.0,High Value Customer,23.19,Low,Standard customer engagement
0887-WBJVH,4952.85,0.0,High Value Customer,23.17,Low,Standard customer engagement
4685-ERGHK,4953.3,0.0,High Value Customer,23.17,Low,Standard customer engagement
8039-ACLPL,4950.0,0.0,High Value Customer,23.16,Low,Standard customer engagement
8993-PHFWD,75.75,0.38,Low Priority,23.15,Low,Standard customer engagement
1557-EMYVT,4947.15,0.0,High Value Customer,23.14,Low,Standard customer engagement
9548-LIGTA,4944.05,0.0,High Value Customer,23.13,Low,Standard customer engagement
2040-VZIKE,4941.65,0.0,High Value Customer,23.12,Low,Standard customer engagement
7446-KQISO,4938.75,0.0,High Value Customer,23.11,Low,Standard customer engagement
6754-LZUKA,4934.900000000001,0.0,High Value Customer,23.09,Low,Standard customer engagement
1541-ETJZO,62.05,0.38,Low Priority,23.09,Low,Standard customer engagement
4785-QRJHC,2755.4,0.17,Low Priority,23.09,Low,Standard customer engagement
5278-PNYOX,4931.85,0.0,High Value Customer,23.07,Low,Standard customer engagement
3190-XFANI,4929.4,0.0,High Value Customer,23.06,Low,Standard customer engagement
7169-YWAMK,4924.8,0.0,High Value Customer,23.04,Low,Standard customer engagement
0771-CHWSK,4923.599999999999,0.0,High Value Customer,23.03,Low,Standard customer engagement
9432-RUVSL,4920.0,0.0,High Value Customer,23.02,Low,Standard customer engagement
5609-IMCGG,1265.25,0.285,Low Priority,23.02,Low,Standard customer engagement
4070-OKWVH,4919.2,0.0,High Value Customer,23.01,Low,Standard customer engagement
1810-BOHSY,4916.400000000001,0.0,High Value Customer,23.0,Low,Standard customer engagement
8760-ZRHKE,4913.2,0.0,High Value Customer,22.99,Low,Standard customer engagement
7346-MEDWM,4911.75,0.0,High Value Customer,22.98,Low,Standard customer engagement
6087-YPWHO,4906.8,0.0,High Value Customer,22.96,Low,Standard customer engagement
3162-ZJZFU,4905.15,0.0,High Value Customer,22.95,Low,Standard customer engagement
1096-ADRUX,4900.5,0.0,High Value Customer,22.93,Low,Standard customer engagement
5161-XEUVX,3489.1,0.11,High Value Customer,22.92,Low,Standard customer engagement
9227-LUNBG,24.6,0.38,Low Priority,22.92,Low,Standard customer engagement
5136-RGMZO,2202.55,0.21,Low Priority,22.9,Low,Standard customer engagement
8406-LNMHF,4894.05,0.0,High Value Customer,22.9,Low,Standard customer engagement
3384-CTMSF,4892.7,0.0,High Value Customer,22.89,Low,Standard customer engagement
5641-DMBFJ,4889.4,0.0,High Value Customer,22.87,Low,Standard customer engagement
0258-NOKBL,271.20000000000005,0.36,Low Priority,22.87,Low,Standard customer engagement
4560-WQAQW,4053.3,0.065,High Value Customer,22.86,Low,Standard customer engagement
4892-VLANZ,19.8,0.3792999999999999,Low Priority,22.85,Low,Standard customer engagement
1023-BQXZE,4237.95,0.05,High Value Customer,22.83,Low,Standard customer engagement
3244-DCJWY,70.25,0.375,Low Priority,22.83,Low,Standard customer engagement
1216-BGTSP,4880.25,0.0,High Value Customer,22.83,Low,Standard customer engagement
9732-EQMWY,4870.6,0.0,High Value Customer,22.79,Low,Standard customer engagement
2612-PHGOX,4870.4,0.0,High Value Customer,22.79,Low,Standard customer engagement
2284-VFLKH,4863.25,0.0,High Value Customer,22.75,Low,Standard customer engagement
5458-CQJTA,4862.0,0.0,High Value Customer,22.75,Low,Standard customer engagement
5536-RTPWK,4853.45,0.0,High Value Customer,22.71,Low,Standard customer engagement
4531-AUZNK,4852.650000000001,0.0,High Value Customer,22.7,Low,Standard customer engagement
1485-YDHMM,4849.0,0.0,High Value Customer,22.69,Low,Standard customer engagement
7975-TZMLR,4845.7,0.0,High Value Customer,22.67,Low,Standard customer engagement
9500-IWPXQ,4843.400000000001,0.0,High Value Customer,22.66,Low,Standard customer engagement
9489-DEDVP,4844.0,0.0,High Value Customer,22.66,Low,Standard customer engagement
0880-FVFWF,4838.400000000001,0.0,High Value Customer,22.64,Low,Standard customer engagement
5115-GZDEL,4838.400000000001,0.0,High Value Customer,22.64,Low,Standard customer engagement
8495-PRWFH,2337.3,0.195,Low Priority,22.63,Low,Standard customer engagement
6988-CJEYV,4836.3,0.0,High Value Customer,22.63,Low,Standard customer engagement
8945-MUQUF,4834.8,0.0,High Value Customer,22.62,Low,Standard customer engagement
5394-MEITZ,4836.0,0.0,High Value Customer,22.62,Low,Standard customer engagement
2054-PJOCK,4833.0,0.0,High Value Customer,22.61,Low,Standard customer engagement
7402-PWYJJ,4830.950000000001,0.0,High Value Customer,22.6,Low,Standard customer engagement
6689-VRRTK,4831.2,0.0,High Value Customer,22.6,Low,Standard customer engagement
3325-FUYCG,2970.8,0.145,Low Priority,22.6,Low,Standard customer engagement
5364-XYIRR,4827.150000000001,0.0,High Value Customer,22.58,Low,Standard customer engagement
4915-BFSXL,4826.5,0.0,High Value Customer,22.58,Low,Standard customer engagement
1965-DDBWU,1424.8,0.265,Low Priority,22.57,Low,Standard customer engagement
3533-UVMOM,4824.6,0.0,High Value Customer,22.57,Low,Standard customer engagement
2077-DDHJK,4821.200000000001,0.0,High Value Customer,22.56,Low,Standard customer engagement
2753-JMMCV,4823.0,0.0,High Value Customer,22.56,Low,Standard customer engagement
3545-CNWRG,4819.15,0.0,High Value Customer,22.55,Low,Standard customer engagement
9297-FVVDH,4816.5,0.0,High Value Customer,22.53,Low,Standard customer engagement
1266-NZYUI,4813.2,0.0,High Value Customer,22.52,Low,Standard customer engagement
9378-FXTIZ,3788.1,0.08,High Value Customer,22.52,Low,Standard customer engagement
3500-NSDOA,4814.4,0.0,High Value Customer,22.52,Low,Standard customer engagement
8189-HBVRW,4812.4,0.0,High Value Customer,22.51,Low,Standard customer engagement
0365-GXEZS,1407.6,0.265,Low Priority,22.49,Low,Standard customer engagement
9711-FJTBX,4807.599999999999,0.0,High Value Customer,22.49,Low,Standard customer engagement
7399-QHBJS,4806.0,0.0,High Value Customer,22.48,Low,Standard customer engagement
2669-OIDSD,4802.4,0.0,High Value Customer,22.47,Low,Standard customer engagement
6603-QWSPR,4802.400000000001,0.0,High Value Customer,22.47,Low,Standard customer engagement
7622-FWGEW,4796.400000000001,0.0,High Value Customer,22.44,Low,Standard customer engagement
0769-MURVM,4730.400000000001,0.005,High Value Customer,22.43,Low,Standard customer engagement
7921-LMDFQ,4794.0,0.0,High Value Customer,22.43,Low,Standard customer engagement
5018-GWURO,4793.599999999999,0.0,High Value Customer,22.43,Low,Standard customer engagement
3115-JPJDD,4793.75,0.0,High Value Customer,22.43,Low,Standard customer engagement
9565-JSNFM,2677.1,0.165,Low Priority,22.42,Low,Standard customer engagement
1122-YJBCS,3701.85,0.085,High Value Customer,22.42,Low,Standard customer engagement
7480-QNVZJ,4785.0,0.0,High Value Customer,22.39,Low,Standard customer engagement
6212-ATMLK,4785.0,0.0,High Value Customer,22.39,Low,Standard customer engagement
1545-ACTAS,4785.6,0.0,High Value Customer,22.39,Low,Standard customer engagement
4057-FKCZK,4785.0,0.0,High Value Customer,22.39,Low,Standard customer engagement
0301-FIDRB,4593.599999999999,0.015,High Value Customer,22.39,Low,Standard customer engagement
3062-ICYZQ,4783.8,0.0,High Value Customer,22.38,Low,Standard customer engagement
8749-JMNKX,4783.8,0.0,High Value Customer,22.38,Low,Standard customer engagement
1136-XGEQU,4207.5,0.045,High Value Customer,22.38,Low,Standard customer engagement
9968-FFVVH,4334.4,0.035,High Value Customer,22.38,Low,Standard customer engagement
2720-FVBQP,293.70000000000005,0.35,Low Priority,22.37,Low,Standard customer engagement
8659-HDIYE,4777.6,0.0,High Value Customer,22.35,Low,Standard customer engagement
1816-FLZDK,29.15,0.37,Low Priority,22.34,Low,Standard customer engagement
1591-MQJTP,4776.150000000001,0.0,High Value Customer,22.34,Low,Standard customer engagement
3902-MIVLE,4769.1,0.0,High Value Customer,22.31,Low,Standard customer engagement
5099-BAILX,4762.25,0.0,High Value Customer,22.28,Low,Standard customer engagement
1455-HFBXA,4763.2,0.0,High Value Customer,22.28,Low,Standard customer engagement
5148-ORICT,4758.4,0.0,High Value Customer,22.26,Low,Standard customer engagement
5208-FVQKB,4756.5,0.0,High Value Customer,22.25,Low,Standard customer engagement
2782-LFZVW,648.45,0.32,Low Priority,22.23,Low,Standard customer engagement
0233-FTHAV,4752.0,0.0,High Value Customer,22.23,Low,Standard customer engagement
7064-FRRSW,4752.0,0.0,High Value Customer,22.23,Low,Standard customer engagement
4079-VTGLK,2245.5,0.195,Low Priority,22.21,Low,Standard customer engagement
9803-FTJCG,4746.349999999999,0.0,High Value Customer,22.21,Low,Standard customer engagement
7047-FWEYA,4744.900000000001,0.0,High Value Customer,22.2,Low,Standard customer engagement
0750-EBAIU,4745.0,0.0,High Value Customer,22.2,Low,Standard customer engagement
1866-DIOQZ,4742.8,0.0,High Value Customer,22.19,Low,Standard customer engagement
9079-LWTFD,4735.25,0.0,High Value Customer,22.15,Low,Standard customer engagement
3896-RCYYE,3577.8,0.09,High Value Customer,22.14,Low,Standard customer engagement
9408-HRXRK,4731.75,0.0,High Value Customer,22.14,Low,Standard customer engagement
2480-SQIOB,179.2,0.355,Low Priority,22.14,Low,Standard customer engagement
5360-XGYAZ,4726.8,0.0,High Value Customer,22.11,Low,Standard customer engagement
2672-OJQZP,44.75,0.365,Low Priority,22.11,Low,Standard customer engagement
8908-NMQTX,4723.2,0.0,High Value Customer,22.1,Low,Standard customer engagement
0434-CSFON,4723.5,0.0,High Value Customer,22.1,Low,Standard customer engagement
2267-FPIMA,4720.0,0.0,High Value Customer,22.08,Low,Standard customer engagement
4079-WWQQQ,4719.599999999999,0.0,High Value Customer,22.08,Low,Standard customer engagement
6115-ZTBFQ,4716.0,0.0,High Value Customer,22.06,Low,Standard customer engagement
5655-JSMZM,4713.8,0.0,High Value Customer,22.05,Low,Standard customer engagement
3780-DDGSE,2661.75,0.16,Low Priority,22.05,Low,Standard customer engagement
9360-AHGNL,4710.65,0.0,High Value Customer,22.04,Low,Standard customer engagement
2890-WFBHU,4711.15,0.0,High Value Customer,22.04,Low,Standard customer engagement
0687-ZVTHB,4709.25,0.0,High Value Customer,22.03,Low,Standard customer engagement
7609-YBPXG,4703.4,0.0,High Value Customer,22.0,Low,Standard customer engagement
8634-MPHTR,4702.349999999999,0.0,High Value Customer,22.0,Low,Standard customer engagement
0533-BNWKF,4699.75,0.0,High Value Customer,21.99,Low,Standard customer engagement
3850-OKINF,4700.2,0.0,High Value Customer,21.99,Low,Standard customer engagement
9443-JUBUO,4698.0,0.0,High Value Customer,21.98,Low,Standard customer engagement
7860-UXCRM,4693.5,0.0,High Value Customer,21.96,Low,Standard customer engagement
7781-HVGMK,4694.400000000001,0.0,High Value Customer,21.96,Low,Standard customer engagement
4361-BKAXE,4694.5,0.0,High Value Customer,21.96,Low,Standard customer engagement
9242-TKFSV,4687.2,0.0,High Value Customer,21.93,Low,Standard customer engagement
4648-YPBTM,3916.7,0.06,High Value Customer,21.92,Low,Standard customer engagement
8610-WFCJF,4684.4,0.0,High Value Customer,21.92,Low,Standard customer engagement
4128-ETESU,4685.900000000001,0.0,High Value Customer,21.92,Low,Standard customer engagement
5996-EBTKM,4683.3,0.0,High Value Customer,21.91,Low,Standard customer engagement
2404-JIBFC,4680.5,0.0,High Value Customer,21.9,Low,Standard customer engagement
3541-ZNUHK,4680.5,0.0,High Value Customer,21.9,Low,Standard customer engagement
7824-PANSQ,4677.700000000001,0.0,High Value Customer,21.88,Low,Standard customer engagement
4334-HOWRP,4676.400000000001,0.0,High Value Customer,21.88,Low,Standard customer engagement
8016-ZMGMO,4676.099999999999,0.0,High Value Customer,21.88,Low,Standard customer engagement
3316-UWXUY,4675.0,0.0,High Value Customer,21.87,Low,Standard customer engagement
0701-RFGFI,4674.6,0.0,High Value Customer,21.87,Low,Standard customer engagement
9845-PEEKO,4672.8,0.0,High Value Customer,21.86,Low,Standard customer engagement
9115-YQHGA,2044.0,0.205,Low Priority,21.86,Low,Standard customer engagement
6467-CHFZW,4669.45,0.0,High Value Customer,21.85,Low,Standard customer engagement
3948-KXDUF,4537.5,0.01,High Value Customer,21.83,Low,Standard customer engagement
5275-PMFUT,4665.599999999999,0.0,High Value Customer,21.83,Low,Standard customer engagement
8204-YJCLA,4665.599999999999,0.0,High Value Customer,21.83,Low,Standard customer engagement
4393-RYCRE,4666.2,0.0,High Value Customer,21.83,Low,Standard customer engagement
5820-PTRYM,3833.2,0.065,High Value Customer,21.83,Low,Standard customer engagement
3932-IJWDZ,4664.25,0.0,High Value Customer,21.82,Low,Standard customer engagement
9499-XPZXM,4662.0,0.0,High Value Customer,21.81,Low,Standard customer engagement
9158-VCTQB,4657.599999999999,0.0,High Value Customer,21.79,Low,Standard customer engagement
6166-YIPFO,4658.400000000001,0.0,High Value Customer,21.79,Low,Standard customer engagement
3594-KADLU,105.3,0.355,Low Priority,21.79,Low,Standard customer engagement
6821-JPCDC,4658.4,0.0,High Value Customer,21.79,Low,Standard customer engagement
0292-WEGCH,4654.8,0.0,High Value Customer,21.78,Low,Standard customer engagement
8626-PTQGE,4143.45,0.04,High Value Customer,21.78,Low,Standard customer engagement
2014-MKGMH,4650.599999999999,0.0,High Value Customer,21.76,Low,Standard customer engagement
6179-GJPSO,4650.45,0.0,High Value Customer,21.76,Low,Standard customer engagement
5327-CNLUQ,4651.200000000001,0.0,High Value Customer,21.76,Low,Standard customer engagement
4433-JCGCG,4646.0,0.0,High Value Customer,21.74,Low,Standard customer engagement
5524-KHNJP,2466.75,0.17,Low Priority,21.74,Low,Standard customer engagement
6322-PJJDJ,4645.2,0.0,High Value Customer,21.73,Low,Standard customer engagement
5456-ITGIC,4640.400000000001,0.0,High Value Customer,21.71,Low,Standard customer engagement
7860-KSUGX,4640.400000000001,0.0,High Value Customer,21.71,Low,Standard customer engagement
7109-CQYUZ,4641.0,0.0,High Value Customer,21.71,Low,Standard customer engagement
4139-DETXS,4640.400000000001,0.0,High Value Customer,21.71,Low,Standard customer engagement
7197-VOJMM,4636.400000000001,0.0,High Value Customer,21.69,Low,Standard customer engagement
7191-ADRGF,2389.2,0.175,Low Priority,21.68,Low,Standard customer engagement
7641-EUYET,4632.2,0.0,High Value Customer,21.67,Low,Standard customer engagement
1867-TJHTS,4628.4,0.0,High Value Customer,21.65,Low,Standard customer engagement
8327-LZKAS,4624.65,0.0,High Value Customer,21.64,Low,Standard customer engagement
4695-VADHF,1034.1,0.28,Low Priority,21.64,Low,Standard customer engagement
2176-OSJUV,4625.650000000001,0.0,High Value Customer,21.64,Low,Standard customer engagement
0420-TXVSG,4362.599999999999,0.02,High Value Customer,21.61,Low,Standard customer engagement
9769-TSBZE,4620.0,0.0,High Value Customer,21.61,Low,Standard customer engagement
8990-YOZLV,4616.1,0.0,High Value Customer,21.6,Low,Standard customer engagement
2661-GKBTK,4617.0,0.0,High Value Customer,21.6,Low,Standard customer engagement
4877-TSOFF,4166.25,0.035,High Value Customer,21.59,Low,Standard customer engagement
2296-DKZFP,4615.0,0.0,High Value Customer,21.59,Low,Standard customer engagement
5397-TUPSH,4611.75,0.0,High Value Customer,21.58,Low,Standard customer engagement
6199-IWKGC,4611.5,0.0,High Value Customer,21.57,Low,Standard customer engagement
1710-RCXUS,4607.849999999999,0.0,High Value Customer,21.56,Low,Standard customer engagement
9610-WCESF,2941.3,0.13,Low Priority,21.56,Low,Standard customer engagement
8190-ZTQFB,2105.35,0.195,Low Priority,21.55,Low,Standard customer engagement
3658-QQJYD,4606.599999999999,0.0,High Value Customer,21.55,Low,Standard customer engagement
9537-VHDTA,51.2,0.355,Low Priority,21.54,Low,Standard customer engagement
7054-LGEQW,45.95,0.355,Low Priority,21.51,Low,Standard customer engagement
9419-IPPBE,4597.650000000001,0.0,High Value Customer,21.51,Low,Standard customer engagement
5002-GCQFH,4598.65,0.0,High Value Customer,21.51,Low,Standard customer engagement
0481-SUMCB,4596.75,0.0,High Value Customer,21.51,Low,Standard customer engagement
9068-VPWQQ,4596.349999999999,0.0,High Value Customer,21.5,Low,Standard customer engagement
5204-HMGYF,4272.8,0.025,High Value Customer,21.49,Low,Standard customer engagement
8631-WUXGY,4590.8,0.0,High Value Customer,21.48,Low,Standard customer engagement
2403-BCASL,4589.95,0.0,High Value Customer,21.47,Low,Standard customer engagement
4967-WPNCF,4586.400000000001,0.0,High Value Customer,21.46,Low,Standard customer engagement
0572-ZJKLT,4583.900000000001,0.0,High Value Customer,21.45,Low,Standard customer engagement
9168-INPSZ,4582.6,0.0,High Value Customer,21.44,Low,Standard customer engagement
3563-SVYLG,4260.2,0.025,High Value Customer,21.43,Low,Standard customer engagement
3512-IZIKN,4571.0,0.0,High Value Customer,21.38,Low,Standard customer engagement
3957-HHLMR,4564.0,0.0,High Value Customer,21.35,Low,Standard customer engagement
9254-RBFON,1676.1999999999998,0.225,Low Priority,21.34,Low,Standard customer engagement
5056-FIMPT,4558.0,0.0,High Value Customer,21.32,Low,Standard customer engagement
6250-CGGUN,4557.6,0.0,High Value Customer,21.32,Low,Standard customer engagement
3050-RLLXC,4550.0,0.0,High Value Customer,21.29,Low,Standard customer engagement
6362-QHAFM,4548.599999999999,0.0,High Value Customer,21.28,Low,Standard customer engagement
9993-LHIEB,4545.95,0.0,High Value Customer,21.27,Low,Standard customer engagement
8597-CTXVJ,4546.5,0.0,High Value Customer,21.27,Low,Standard customer engagement
3259-KNMRR,4545.75,0.0,High Value Customer,21.27,Low,Standard customer engagement
2274-XUATA,4543.2,0.0,High Value Customer,21.25,Low,Standard customer engagement
9661-MHUMO,49.25,0.35,Low Priority,21.23,Low,Standard customer engagement
7881-INRLC,4538.25,0.0,High Value Customer,21.23,Low,Standard customer engagement
8671-KKKOS,2095.3,0.19,Low Priority,21.2,Low,Standard customer engagement
0674-GCDXG,4529.700000000001,0.0,High Value Customer,21.19,Low,Standard customer engagement
4869-EPIUS,4530.400000000001,0.0,High Value Customer,21.19,Low,Standard customer engagement
0843-WTBXE,4528.85,0.0,High Value Customer,21.19,Low,Standard customer engagement
8097-OMULG,4528.25,0.0,High Value Customer,21.18,Low,Standard customer engagement
9565-FLVCG,4520.75,0.0,High Value Customer,21.15,Low,Standard customer engagement
2535-PBCGC,4518.5,0.0,High Value Customer,21.14,Low,Standard customer engagement
0853-NWIFK,4513.5,0.0,High Value Customer,21.12,Low,Standard customer engagement
5351-QESIO,24.2,0.35,Low Priority,21.11,Low,Standard customer engagement
8295-KMENE,4510.55,0.0,High Value Customer,21.1,Low,Standard customer engagement
2828-SLQPF,855.0,0.285,Low Priority,21.1,Low,Standard customer engagement
7838-LAZFO,3546.0,0.075,High Value Customer,21.09,Low,Standard customer engagement
9233-PSYHO,4506.75,0.0,High Value Customer,21.08,Low,Standard customer engagement
6893-ODYYE,4505.0,0.0,High Value Customer,21.08,Low,Standard customer engagement
4890-VMUAV,4504.5,0.0,High Value Customer,21.07,Low,Standard customer engagement
7501-IWUNG,4501.8,0.0,High Value Customer,21.06,Low,Standard customer engagement
6542-LWGXJ,75.0,0.345,Low Priority,21.05,Low,Standard customer engagement
1525-LNLOJ,4177.8,0.025,High Value Customer,21.05,Low,Standard customer engagement
1206-EHBDD,4496.8,0.0,High Value Customer,21.04,Low,Standard customer engagement
6680-NENYN,4497.8,0.0,High Value Customer,21.04,Low,Standard customer engagement
7359-SSBJK,4492.8,0.0,High Value Customer,21.02,Low,Standard customer engagement
4667-QONEA,4491.0,0.0,High Value Customer,21.01,Low,Standard customer engagement
4713-ZBURT,4486.5,0.0,High Value Customer,20.99,Low,Standard customer engagement
9677-AVKED,4483.799999999999,0.0,High Value Customer,20.98,Low,Standard customer engagement
9154-QDGTH,4484.9,0.0,High Value Customer,20.98,Low,Standard customer engagement
6968-GMKPR,4485.25,0.0,High Value Customer,20.98,Low,Standard customer engagement
0604-THJFP,4481.05,0.0,High Value Customer,20.96,Low,Standard customer engagement
3946-JEWRQ,4474.400000000001,0.0,High Value Customer,20.93,Low,Standard customer engagement
4567-AKPIA,4473.099999999999,0.0,High Value Customer,20.93,Low,Standard customer engagement
6968-MHOMU,2610.0,0.145,Low Priority,20.91,Low,Standard customer engagement
1095-JUDTC,4467.349999999999,0.0,High Value Customer,20.9,Low,Standard customer engagement
1142-IHLOO,4465.05,0.0,High Value Customer,20.89,Low,Standard customer engagement
5130-YPIRV,4464.0,0.0,High Value Customer,20.88,Low,Standard customer engagement
6732-FZUGP,4460.3,0.0,High Value Customer,20.87,Low,Standard customer engagement
0689-DSXGL,4461.599999999999,0.0,High Value Customer,20.87,Low,Standard customer engagement
4450-MDZFX,4461.0,0.0,High Value Customer,20.87,Low,Standard customer engagement
7599-FKVXZ,4458.3,0.0,High Value Customer,20.86,Low,Standard customer engagement
2558-BUOZZ,4455.599999999999,0.0,High Value Customer,20.84,Low,Standard customer engagement
5973-EJGDP,4454.849999999999,0.0,High Value Customer,20.84,Low,Standard customer engagement
5020-ZSTTY,4452.3,0.0,High Value Customer,20.83,Low,Standard customer engagement
7481-ATQQS,4451.65,0.0,High Value Customer,20.83,Low,Standard customer engagement
4640-UHDOS,727.35,0.29,Low Priority,20.8,Low,Standard customer engagement
7856-GANIL,4441.5,0.0,High Value Customer,20.78,Low,Standard customer engagement
1088-AUUZZ,4247.599999999999,0.015,High Value Customer,20.77,Low,Standard customer engagement
4143-HHPMK,4438.2,0.0,High Value Customer,20.76,Low,Standard customer engagement
9091-WTUUY,4432.0,0.0,High Value Customer,20.73,Low,Standard customer engagement
7142-HVGBG,4429.0,0.0,High Value Customer,20.72,Low,Standard customer engagement
4717-GHADL,3980.0,0.035,High Value Customer,20.72,Low,Standard customer engagement
5131-PONJI,4429.6,0.0,High Value Customer,20.72,Low,Standard customer engagement
8184-WMOFI,4426.8,0.0,High Value Customer,20.71,Low,Standard customer engagement
2252-NKNSI,4427.8,0.0,High Value Customer,20.71,Low,Standard customer engagement
8761-NSOBC,4424.2,0.0,High Value Customer,20.7,Low,Standard customer engagement
9661-ACXBS,4418.400000000001,0.0,High Value Customer,20.67,Low,Standard customer engagement
7789-HKSBS,4418.400000000001,0.0,High Value Customer,20.67,Low,Standard customer engagement
5176-OLSKT,4415.400000000001,0.0,High Value Customer,20.66,Low,Standard customer engagement
4554-YGZIH,4412.45,0.0,High Value Customer,20.64,Low,Standard customer engagement
8757-TFHHJ,49.8,0.34,Low Priority,20.63,Low,Standard customer engagement
0336-KXKFK,4406.400000000001,0.0,High Value Customer,20.61,Low,Standard customer engagement
2578-JQPHZ,4404.4,0.0,High Value Customer,20.61,Low,Standard customer engagement
2931-SVLTV,4404.0,0.0,High Value Customer,20.6,Low,Standard customer engagement
4908-XAXAY,4402.65,0.0,High Value Customer,20.6,Low,Standard customer engagement
6583-QGCSI,4402.5,0.0,High Value Customer,20.6,Low,Standard customer engagement
9134-WYRVP,4403.849999999999,0.0,High Value Customer,20.6,Low,Standard customer engagement
4102-HLENU,4398.55,0.0,High Value Customer,20.58,Low,Standard customer engagement
8910-ICHIU,4399.900000000001,0.0,High Value Customer,20.58,Low,Standard customer engagement
4672-FOTSD,807.0,0.28,Low Priority,20.58,Low,Standard customer engagement
5320-BRKGK,4396.4,0.0,High Value Customer,20.57,Low,Standard customer engagement
8805-JNRAZ,98.4,0.335,Low Priority,20.56,Low,Standard customer engagement
6625-IUTTT,4391.849999999999,0.0,High Value Customer,20.55,Low,Standard customer engagement
7722-VJRQD,4388.400000000001,0.0,High Value Customer,20.53,Low,Standard customer engagement
4013-GUXND,20.8,0.3404999999999999,Low Priority,20.53,Low,Standard customer engagement
0654-PQKDW,4386.5,0.0,High Value Customer,20.52,Low,Standard customer engagement
0484-FFVBJ,2075.2,0.18,Low Priority,20.51,Low,Standard customer engagement
4187-CINZD,4381.5,0.0,High Value Customer,20.5,Low,Standard customer engagement
0361-HJRDX,4375.799999999999,0.0,High Value Customer,20.47,Low,Standard customer engagement
6418-HNFED,4245.75,0.01,High Value Customer,20.46,Low,Standard customer engagement
2834-SPCJV,4373.2,0.0,High Value Customer,20.46,Low,Standard customer engagement
2432-TFSMK,1612.8,0.215,Low Priority,20.45,Low,Standard customer engagement
2845-KDHVX,4371.2,0.0,High Value Customer,20.45,Low,Standard customer engagement
2573-GYRUU,4370.4,0.0,High Value Customer,20.45,Low,Standard customer engagement
6227-HWPWX,1035.0,0.26,Low Priority,20.44,Low,Standard customer engagement
7148-XZPHA,4367.0,0.0,High Value Customer,20.43,Low,Standard customer engagement
3898-GUYTS,4367.25,0.0,High Value Customer,20.43,Low,Standard customer engagement
2379-GYFLQ,4365.400000000001,0.0,High Value Customer,20.42,Low,Standard customer engagement
1530-ZTDOZ,1991.85,0.185,Low Priority,20.42,Low,Standard customer engagement
3930-ZGWVE,19.75,0.3387,Low Priority,20.41,Low,Standard customer engagement
7239-HZZCX,19.75,0.3387,Low Priority,20.41,Low,Standard customer engagement
9600-NAXZN,4360.2,0.0,High Value Customer,20.4,Low,Standard customer engagement
1084-MNSMJ,4360.5,0.0,High Value Customer,20.4,Low,Standard customer engagement
9138-EFSMO,2052.7000000000003,0.18,Low Priority,20.4,Low,Standard customer engagement
9919-YLNNG,4359.599999999999,0.0,High Value Customer,20.4,Low,Standard customer engagement
9253-VIFJQ,4358.25,0.0,High Value Customer,20.39,Low,Standard customer engagement
0337-CNPZE,4358.3,0.0,High Value Customer,20.39,Low,Standard customer engagement
9281-CEDRU,4358.799999999999,0.0,High Value Customer,20.39,Low,Standard customer engagement
8705-DWKTI,4357.599999999999,0.0,High Value Customer,20.39,Low,Standard customer engagement
3911-RSNHI,4359.4,0.0,High Value Customer,20.39,Low,Standard customer engagement
4973-RLZVI,2239.5,0.165,Low Priority,20.38,Low,Standard customer engagement
0824-VWDPO,4353.75,0.0,High Value Customer,20.37,Low,Standard customer engagement
2770-NSVDG,698.4000000000001,0.285,Low Priority,20.37,Low,Standard customer engagement
2927-QRRQV,4353.900000000001,0.0,High Value Customer,20.37,Low,Standard customer engagement
8144-DGHXP,4352.4,0.0,High Value Customer,20.36,Low,Standard customer engagement
7113-HIPFI,4346.099999999999,0.0,High Value Customer,20.33,Low,Standard customer engagement
8374-XGEJJ,4343.0,0.0,High Value Customer,20.32,Low,Standard customer engagement
0531-XBKMM,4336.2,0.0,High Value Customer,20.29,Low,Standard customer engagement
2040-OBMLJ,2532.7000000000003,0.14,Low Priority,20.25,Low,Standard customer engagement
2451-YMUXS,4324.849999999999,0.0,High Value Customer,20.23,Low,Standard customer engagement
9681-KYGYB,4321.8,0.0,High Value Customer,20.22,Low,Standard customer engagement
0440-QEXBZ,2206.6,0.165,Low Priority,20.22,Low,Standard customer engagement
9880-TDQAC,4320.0,0.0,High Value Customer,20.21,Low,Standard customer engagement
0134-XWXCE,3293.4,0.08,High Value Customer,20.21,Low,Standard customer engagement
6950-TWMYB,4317.3,0.0,High Value Customer,20.2,Low,Standard customer engagement
9495-SKLKD,4317.75,0.0,High Value Customer,20.2,Low,Standard customer engagement
3466-WAESX,1105.6,0.25,Low Priority,20.17,Low,Standard customer engagement
5243-SAOTC,4311.9,0.0,High Value Customer,20.17,Low,Standard customer engagement
8178-EYZUO,4310.2,0.0,High Value Customer,20.16,Low,Standard customer engagement
9381-NDKME,975.6,0.26,Low Priority,20.16,Low,Standard customer engagement
3915-ODIYG,4305.0,0.0,High Value Customer,20.14,Low,Standard customer engagement
0885-HMGPY,4302.8,0.0,High Value Customer,20.13,Low,Standard customer engagement
8023-QHAIO,4303.599999999999,0.0,High Value Customer,20.13,Low,Standard customer engagement
7921-BEPCI,4302.0,0.0,High Value Customer,20.13,Low,Standard customer engagement
7486-KSRVI,4300.0,0.0,High Value Customer,20.12,Low,Standard customer engagement
8623-TMRBY,4294.2,0.0,High Value Customer,20.09,Low,Standard customer engagement
2330-PQGDQ,4294.2,0.0,High Value Customer,20.09,Low,Standard customer engagement
6987-XQSJT,4293.0,0.0,High Value Customer,20.08,Low,Standard customer engagement
9851-QXEEQ,4292.7,0.0,High Value Customer,20.08,Low,Standard customer engagement
2080-CAZNM,4280.400000000001,0.0,High Value Customer,20.03,Low,Standard customer engagement
8952-WCVCD,4282.45,0.0,High Value Customer,20.03,Low,Standard customer engagement
0813-TAXXS,4279.0,0.0,High Value Customer,20.02,Low,Standard customer engagement
3720-DBRWL,4276.349999999999,0.0,High Value Customer,20.01,Low,Standard customer engagement
5536-SLHPM,4276.25,0.0,High Value Customer,20.01,Low,Standard customer engagement
3537-HPKQT,4276.25,0.0,High Value Customer,20.01,Low,Standard customer engagement
7607-QKKTJ,4275.0,0.0,High Value Customer,20.0,Low,Standard customer engagement
5206-XZZQI,4271.799999999999,0.0,High Value Customer,19.99,Low,Standard customer engagement
1723-HKXJQ,4273.5,0.0,High Value Customer,19.99,Low,Standard customer engagement
0916-KNFAJ,4263.900000000001,0.0,High Value Customer,19.95,Low,Standard customer engagement
4332-MUOEZ,1886.0,0.185,Low Priority,19.92,Low,Standard customer engagement
3069-SSVSN,25.85,0.33,Low Priority,19.92,Low,Standard customer engagement
5076-YVXCM,4253.400000000001,0.0,High Value Customer,19.9,Low,Standard customer engagement
2123-VSCOT,4253.9,0.0,High Value Customer,19.9,Low,Standard customer engagement
9224-VTYID,4253.5,0.0,High Value Customer,19.9,Low,Standard customer engagement
3585-YNADK,4252.2,0.0,High Value Customer,19.89,Low,Standard customer engagement
4369-NYSCF,4242.0,0.0,High Value Customer,19.85,Low,Standard customer engagement
6023-GSSXW,4240.05,0.0,High Value Customer,19.84,Low,Standard customer engagement
8564-LDKFL,4240.0,0.0,High Value Customer,19.84,Low,Standard customer engagement
0774-RMNUW,4238.7,0.0,High Value Customer,19.83,Low,Standard customer engagement
9640-ZSLDC,3211.8,0.08,High Value Customer,19.83,Low,Standard customer engagement
0691-NIKRI,4238.0,0.0,High Value Customer,19.83,Low,Standard customer engagement
9220-CXRSC,4236.599999999999,0.0,High Value Customer,19.82,Low,Standard customer engagement
3796-ENZGF,4236.75,0.0,High Value Customer,19.82,Low,Standard customer engagement
8647-SDTWQ,4235.099999999999,0.0,High Value Customer,19.81,Low,Standard customer engagement
6169-PGNCD,4235.099999999999,0.0,High Value Customer,19.81,Low,Standard customer engagement
4942-VZZOM,4233.6,0.0,High Value Customer,19.81,Low,Standard customer engagement
3154-CFSZG,4232.349999999999,0.0,High Value Customer,19.8,Low,Standard customer engagement
1459-QNFQT,4165.0,0.005,High Value Customer,19.79,Low,Standard customer engagement
5980-NOPLP,4228.4,0.0,High Value Customer,19.78,Low,Standard customer engagement
1608-GMEWB,4225.5,0.0,High Value Customer,19.77,Low,Standard customer engagement
7781-EWARA,4224.5,0.0,High Value Customer,19.76,Low,Standard customer engagement
3194-ORPIK,4220.0,0.0,High Value Customer,19.74,Low,Standard customer engagement
4701-AHWMW,3000.25,0.095,High Value Customer,19.74,Low,Standard customer engagement
8216-AZUUZ,4216.8,0.0,High Value Customer,19.73,Low,Standard customer engagement
5387-ASZNZ,4214.1,0.0,High Value Customer,19.72,Low,Standard customer engagement
8548-AWOFC,4214.1,0.0,High Value Customer,19.72,Low,Standard customer engagement
9055-MOJJJ,4211.2,0.0,High Value Customer,19.7,Low,Standard customer engagement
9541-PWTWO,4209.400000000001,0.0,High Value Customer,19.69,Low,Standard customer engagement
9356-AXGMP,4206.6,0.0,High Value Customer,19.68,Low,Standard customer engagement
3161-ONRWK,3951.0,0.02,High Value Customer,19.68,Low,Standard customer engagement
7055-HNEOJ,167.39999999999998,0.315,Low Priority,19.68,Low,Standard customer engagement
3058-HJCUY,4206.599999999999,0.0,High Value Customer,19.68,Low,Standard customer engagement
1309-XGFSN,4204.2,0.0,High Value Customer,19.67,Low,Standard customer engagement
9842-EFSYY,228.8,0.31,Low Priority,19.67,Low,Standard customer engagement
9308-ANMVE,2599.1,0.125,Low Priority,19.66,Low,Standard customer engagement
9955-QOPOY,4195.2,0.0,High Value Customer,19.63,Low,Standard customer engagement
4135-FRWKJ,4193.75,0.0,High Value Customer,19.62,Low,Standard customer engagement
9412-GHEEC,4192.0,0.0,High Value Customer,19.61,Low,Standard customer engagement
0725-CXOTM,3227.4,0.075,High Value Customer,19.6,Low,Standard customer engagement
2270-CHBFN,4184.4,0.0,High Value Customer,19.58,Low,Standard customer engagement
7432-FFVAR,4183.7,0.0,High Value Customer,19.57,Low,Standard customer engagement
0093-XWZFY,4180.0,0.0,High Value Customer,19.56,Low,Standard customer engagement
0419-YAAPX,4179.7,0.0,High Value Customer,19.55,Low,Standard customer engagement
8985-OOPOS,74.1,0.32,Low Priority,19.55,Low,Standard customer engagement
8019-ENHXU,4176.900000000001,0.0,High Value Customer,19.54,Low,Standard customer engagement
5343-SGUBI,4170.400000000001,0.0,High Value Customer,19.51,Low,Standard customer engagement
5371-VYLSX,4170.0,0.0,High Value Customer,19.51,Low,Standard customer engagement
0580-PIQHM,4165.599999999999,0.0,High Value Customer,19.49,Low,Standard customer engagement
4981-FLTMF,3716.4,0.035,High Value Customer,19.49,Low,Standard customer engagement
6614-YOLAC,4164.15,0.0,High Value Customer,19.48,Low,Standard customer engagement
8181-YHCMF,4100.4,0.005,High Value Customer,19.48,Low,Standard customer engagement
3982-XWFZQ,2110.5,0.16,Low Priority,19.47,Low,Standard customer engagement
0815-MFZGM,4158.0,0.0,High Value Customer,19.45,Low,Standard customer engagement
8039-EQPIM,4157.25,0.0,High Value Customer,19.45,Low,Standard customer engagement
3410-MHHUM,4153.6,0.0,High Value Customer,19.43,Low,Standard customer engagement
7162-WPHPM,4152.799999999999,0.0,High Value Customer,19.43,Low,Standard customer engagement
2541-YGPKE,2675.4,0.115,Low Priority,19.42,Low,Standard customer engagement
6897-RWMUB,4151.05,0.0,High Value Customer,19.42,Low,Standard customer engagement
7048-GXDAY,4149.6,0.0,High Value Customer,19.41,Low,Standard customer engagement
7639-LIAYI,4147.0,0.0,High Value Customer,19.4,Low,Standard customer engagement
9825-YCXWZ,4145.099999999999,0.0,High Value Customer,19.39,Low,Standard customer engagement
3714-NTNFO,4140.5,0.0,High Value Customer,19.37,Low,Standard customer engagement
6172-FECYY,4140.5,0.0,High Value Customer,19.37,Low,Standard customer engagement
3787-TRIAL,547.0500000000001,0.28,Low Priority,19.36,Low,Standard customer engagement
0114-IGABW,4135.75,0.0,High Value Customer,19.35,Low,Standard customer engagement
1450-SKCVI,4135.599999999999,0.0,High Value Customer,19.35,Low,Standard customer engagement
1205-WNWPJ,416.5,0.29,Low Priority,19.35,Low,Standard customer engagement
0112-QWPNC,4133.15,0.0,High Value Customer,19.34,Low,Standard customer engagement
2408-PSJVE,2723.6,0.11,Low Priority,19.34,Low,Standard customer engagement
4138-NAXED,4131.0,0.0,High Value Customer,19.33,Low,Standard customer engagement
8404-VIOMB,4125.0,0.0,High Value Customer,19.3,Low,Standard customer engagement
3696-XRIEN,4125.0,0.0,High Value Customer,19.3,Low,Standard customer engagement
5906-DVAPM,4125.0,0.0,High Value Customer,19.3,Low,Standard customer engagement
6075-QMNRR,2587.0,0.12,Low Priority,19.3,Low,Standard customer engagement
0993-OSGPT,4124.2,0.0,High Value Customer,19.29,Low,Standard customer engagement
7306-YDSOI,4122.75,0.0,High Value Customer,19.29,Low,Standard customer engagement
8331-ZXFOE,4123.799999999999,0.0,High Value Customer,19.29,Low,Standard customer engagement
2309-OSFEU,339.0,0.295,Low Priority,19.29,Low,Standard customer engagement
8111-SLLHI,4120.35,0.0,High Value Customer,19.28,Low,Standard customer engagement
1960-UOTYM,4118.400000000001,0.0,High Value Customer,19.27,Low,Standard customer engagement
3404-JNXAX,4118.25,0.0,High Value Customer,19.27,Low,Standard customer engagement
5951-AOFIH,2191.2000000000003,0.15,Low Priority,19.25,Low,Standard customer engagement
6898-MDLZW,645.0,0.27,Low Priority,19.22,Low,Standard customer engagement
3352-ALMCK,4106.0,0.0,High Value Customer,19.21,Low,Standard customer engagement
4849-PYRLQ,4102.0,0.0,High Value Customer,19.19,Low,Standard customer engagement
7247-XOZPB,4102.200000000001,0.0,High Value Customer,19.19,Low,Standard customer engagement
1936-CZAKF,2432.85,0.13,Low Priority,19.18,Low,Standard customer engagement
0178-SZBHO,4098.400000000001,0.0,High Value Customer,19.17,Low,Standard customer engagement
9357-UJRUN,1400.4,0.21,Low Priority,19.15,Low,Standard customer engagement
2845-AFFTX,4091.8,0.0,High Value Customer,19.14,Low,Standard customer engagement
8821-KVZKQ,4088.0,0.0,High Value Customer,19.13,Low,Standard customer engagement
0943-ZQPXH,4089.8,0.0,High Value Customer,19.13,Low,Standard customer engagement
8400-WZICQ,3063.5,0.08,High Value Customer,19.13,Low,Standard customer engagement
0840-DCNZE,4086.65,0.0,High Value Customer,19.12,Low,Standard customer engagement
6164-HAQTX,3830.45,0.02,High Value Customer,19.12,Low,Standard customer engagement
5693-PIPCS,4085.65,0.0,High Value Customer,19.11,Low,Standard customer engagement
1837-YQUCE,4084.5,0.0,High Value Customer,19.11,Low,Standard customer engagement
2359-QWQUL,4083.3,0.0,High Value Customer,19.1,Low,Standard customer engagement
3740-RLMVT,4083.65,0.0,High Value Customer,19.1,Low,Standard customer engagement
0743-HRVFF,2863.65,0.095,Low Priority,19.1,Low,Standard customer engagement
5600-PDUJF,297.0,0.295,Low Priority,19.09,Low,Standard customer engagement
1591-NFNLQ,4080.0,0.0,High Value Customer,19.09,Low,Standard customer engagement
9833-TGFHX,4078.2,0.0,High Value Customer,19.08,Low,Standard customer engagement
5795-BKOYE,4077.9,0.0,High Value Customer,19.08,Low,Standard customer engagement
0872-CASZJ,4076.9,0.0,High Value Customer,19.07,Low,Standard customer engagement
2474-BRUCM,4074.0,0.0,High Value Customer,19.06,Low,Standard customer engagement
8401-EMUWF,2914.8,0.09,Low Priority,19.04,Low,Standard customer engagement
4295-YURET,4065.6,0.0,High Value Customer,19.02,Low,Standard customer engagement
0556-FJEGU,4065.8,0.0,High Value Customer,19.02,Low,Standard customer engagement
9699-UBQFS,4063.5,0.0,High Value Customer,19.01,Low,Standard customer engagement
0549-CYCQN,4059.6,0.0,High Value Customer,18.99,Low,Standard customer engagement
8597-CWYHH,4057.05,0.0,High Value Customer,18.98,Low,Standard customer engagement
6872-HXFNF,3734.4,0.025,High Value Customer,18.97,Low,Standard customer engagement
2969-VAPYH,4053.5,0.0,High Value Customer,18.96,Low,Standard customer engagement
0533-UCAAU,4052.7,0.0,High Value Customer,18.96,Low,Standard customer engagement
4289-DTDKW,4052.0,0.0,High Value Customer,18.96,Low,Standard customer engagement
5229-DTFYB,4050.8,0.0,High Value Customer,18.95,Low,Standard customer engagement
5317-FLPJF,4049.1,0.0,High Value Customer,18.94,Low,Standard customer engagement
6695-FRVEC,4046.8,0.0,High Value Customer,18.93,Low,Standard customer engagement
0214-JHPFW,4046.0,0.0,High Value Customer,18.93,Low,Standard customer engagement
3452-ABWRL,4044.35,0.0,High Value Customer,18.92,Low,Standard customer engagement
4039-PIMHX,2440.2,0.125,Low Priority,18.92,Low,Standard customer engagement
1221-GHZEP,4036.2,0.0,High Value Customer,18.88,Low,Standard customer engagement
9801-GDWGV,4034.55,0.0,High Value Customer,18.88,Low,Standard customer engagement
3128-YOVTD,4036.65,0.0,High Value Customer,18.88,Low,Standard customer engagement
5993-JSUWV,4035.9,0.0,High Value Customer,18.88,Low,Standard customer engagement
1866-RZZQS,4034.4,0.0,High Value Customer,18.87,Low,Standard customer engagement
6288-CHQJB,3777.3,0.02,High Value Customer,18.87,Low,Standard customer engagement
3594-UVONA,3008.25,0.08,High Value Customer,18.87,Low,Standard customer engagement
9209-NWPGU,2877.6000000000004,0.09,Low Priority,18.86,Low,Standard customer engagement
0536-ESJEP,4025.7,0.0,High Value Customer,18.83,Low,Standard customer engagement
5196-WPYOW,4023.35,0.0,High Value Customer,18.82,Low,Standard customer engagement
5312-UXESG,4020.05,0.0,High Value Customer,18.81,Low,Standard customer engagement
2869-ADAWR,4018.5,0.0,High Value Customer,18.8,Low,Standard customer engagement
6686-YPGHK,4018.5,0.0,High Value Customer,18.8,Low,Standard customer engagement
6233-HXJMX,4018.5,0.0,High Value Customer,18.8,Low,Standard customer engagement
2195-VVRJF,1063.8,0.23,Low Priority,18.78,Low,Standard customer engagement
4626-OZDTJ,4011.15,0.0,High Value Customer,18.77,Low,Standard customer engagement
4690-PKDQG,4013.1,0.0,High Value Customer,18.77,Low,Standard customer engagement
4702-HDRKD,3306.4500000000003,0.055,High Value Customer,18.77,Low,Standard customer engagement
0945-TSONX,4009.1,0.0,High Value Customer,18.76,Low,Standard customer engagement
4188-PCPIG,4009.95,0.0,High Value Customer,18.76,Low,Standard customer engagement
2195-ZRVAX,4009.1,0.0,High Value Customer,18.76,Low,Standard customer engagement
2639-UGMAZ,4007.95,0.0,High Value Customer,18.75,Low,Standard customer engagement
2314-TNDJQ,4006.8,0.0,High Value Customer,18.75,Low,Standard customer engagement
8822-KNBHV,4005.6,0.0,High Value Customer,18.74,Low,Standard customer engagement
7248-VZQLC,4004.4,0.0,High Value Customer,18.73,Low,Standard customer engagement
5073-RZGBK,4002.5,0.0,High Value Customer,18.73,Low,Standard customer engagement
9786-YWNHU,4003.65,0.0,High Value Customer,18.73,Low,Standard customer engagement
7547-EKNFS,4000.5,0.0,High Value Customer,18.72,Low,Standard customer engagement
9374-YOLBJ,19.25,0.31,Low Priority,18.69,Low,Standard customer engagement
5188-HGMLP,3996.0,0.0,High Value Customer,18.69,Low,Standard customer engagement
9978-HYCIN,3992.65,0.0,High Value Customer,18.68,Low,Standard customer engagement
3179-GBRWV,1363.95,0.205,Low Priority,18.68,Low,Standard customer engagement
6348-SNFUS,3992.4,0.0,High Value Customer,18.68,Low,Standard customer engagement
3951-NJCVI,3992.1,0.0,High Value Customer,18.68,Low,Standard customer engagement
4111-BNXIF,3989.85,0.0,High Value Customer,18.67,Low,Standard customer engagement
6518-LGAOV,3990.0,0.0,High Value Customer,18.67,Low,Standard customer engagement
2580-ATZSQ,3987.75,0.0,High Value Customer,18.66,Low,Standard customer engagement
8679-LZBMD,3988.6,0.0,High Value Customer,18.66,Low,Standard customer engagement
8050-DVOJX,3986.15,0.0,High Value Customer,18.65,Low,Standard customer engagement
6807-SIWJI,3984.3,0.0,High Value Customer,18.64,Low,Standard customer engagement
6463-MVYRY,3981.45,0.0,High Value Customer,18.63,Low,Standard customer engagement
4524-QCSSM,1160.9,0.22,Low Priority,18.63,Low,Standard customer engagement
4992-LTJNE,3981.6,0.0,High Value Customer,18.63,Low,Standard customer engagement
8158-WPEZG,392.15,0.28,Low Priority,18.63,Low,Standard customer engagement
5977-CKHON,3979.65,0.0,High Value Customer,18.62,Low,Standard customer engagement
8782-LKFPK,3977.6,0.0,High Value Customer,18.61,Low,Standard customer engagement
0602-DDUML,3975.75,0.0,High Value Customer,18.6,Low,Standard customer engagement
0263-FJTQO,3525.0,0.035,High Value Customer,18.59,Low,Standard customer engagement
6061-GWWAV,2878.2000000000003,0.085,Low Priority,18.57,Low,Standard customer engagement
1474-JUWSM,3967.2,0.0,High Value Customer,18.56,Low,Standard customer engagement
5197-PYEPU,3966.9,0.0,High Value Customer,18.56,Low,Standard customer engagement
2347-WKKAE,3964.8,0.0,High Value Customer,18.55,Low,Standard customer engagement
9786-IJYDL,3962.0,0.0,High Value Customer,18.54,Low,Standard customer engagement
6152-ONASV,3961.0,0.0,High Value Customer,18.53,Low,Standard customer engagement
8708-XPXHZ,3956.4,0.0,High Value Customer,18.51,Low,Standard customer engagement
9776-CLUJA,3952.5,0.0,High Value Customer,18.49,Low,Standard customer engagement
4374-YMUSQ,3952.5,0.0,High Value Customer,18.49,Low,Standard customer engagement
9695-IDRZR,3949.1,0.0,High Value Customer,18.48,Low,Standard customer engagement
3413-CSSTH,2283.7000000000003,0.13,Low Priority,18.48,Low,Standard customer engagement
0147-ESWWR,3948.75,0.0,High Value Customer,18.47,Low,Standard customer engagement
8232-CTLKO,3943.5,0.0,High Value Customer,18.45,Low,Standard customer engagement
5712-AHQNN,3940.95,0.0,High Value Customer,18.44,Low,Standard customer engagement
2832-KJCRD,3938.7,0.0,High Value Customer,18.43,Low,Standard customer engagement
7716-YTYHG,3938.4,0.0,High Value Customer,18.43,Low,Standard customer engagement
0297-RBCSG,1241.65,0.21,Low Priority,18.41,Low,Standard customer engagement
0668-OGMHD,598.5,0.26,Low Priority,18.4,Low,Standard customer engagement
6388-TABGU,3481.3,0.035,High Value Customer,18.39,Low,Standard customer engagement
7619-PLRLP,3927.3,0.0,High Value Customer,18.37,Low,Standard customer engagement
5996-NRVXR,3926.0,0.0,High Value Customer,18.37,Low,Standard customer engagement
6439-GTPCA,3926.25,0.0,High Value Customer,18.37,Low,Standard customer engagement
5857-TYBCJ,3924.8,0.0,High Value Customer,18.36,Low,Standard customer engagement
5681-LLOEI,3923.75,0.0,High Value Customer,18.36,Low,Standard customer engagement
9391-DXGGG,3922.6,0.0,High Value Customer,18.35,Low,Standard customer engagement
2108-YKQTY,202.8,0.29,Low Priority,18.35,Low,Standard customer engagement
2546-KZAAT,3920.8,0.0,High Value Customer,18.34,Low,Standard customer engagement
6173-ITPWD,3917.45,0.0,High Value Customer,18.33,Low,Standard customer engagement
1116-DXXDF,3917.55,0.0,High Value Customer,18.33,Low,Standard customer engagement
5533-RJFTJ,1479.8,0.19,Low Priority,18.32,Low,Standard customer engagement
5318-YKDPV,3403.4500000000003,0.04,High Value Customer,18.32,Low,Standard customer engagement
3055-OYMSE,3911.4,0.0,High Value Customer,18.3,Low,Standard customer engagement
2746-DIJLO,2308.3,0.125,Low Priority,18.3,Low,Standard customer engagement
9633-DENPU,2754.2000000000003,0.09,Low Priority,18.29,Low,Standard customer engagement
5756-OZRIO,3907.05,0.0,High Value Customer,18.28,Low,Standard customer engagement
2606-RMDHZ,183.0,0.29,Low Priority,18.26,Low,Standard customer engagement
6034-ZRYCV,3902.4,0.0,High Value Customer,18.26,Low,Standard customer engagement
8169-SAEJD,3901.95,0.0,High Value Customer,18.25,Low,Standard customer engagement
3572-UOLYZ,3900.8,0.0,High Value Customer,18.25,Low,Standard customer engagement
9386-LDCZR,3897.95,0.0,High Value Customer,18.24,Low,Standard customer engagement
0089-IIQKO,3898.05,0.0,High Value Customer,18.24,Low,Standard customer engagement
7833-PKIHD,3896.4,0.0,High Value Customer,18.23,Low,Standard customer engagement
8316-BBQAY,3896.75,0.0,High Value Customer,18.23,Low,Standard customer engagement
0096-BXERS,302.1,0.28,Low Priority,18.21,Low,Standard customer engagement
2453-SAFNS,3893.4,0.0,High Value Customer,18.21,Low,Standard customer engagement
0420-HLGXF,3890.25,0.0,High Value Customer,18.2,Low,Standard customer engagement
2359-KLTEK,3890.9,0.0,High Value Customer,18.2,Low,Standard customer engagement
6345-ULYRW,3889.6,0.0,High Value Customer,18.2,Low,Standard customer engagement
1972-XMUWV,3887.0,0.0,High Value Customer,18.18,Low,Standard customer engagement
6898-RBTLU,3885.7,0.0,High Value Customer,18.18,Low,Standard customer engagement
7945-HLKEA,3885.0,0.0,High Value Customer,18.18,Low,Standard customer engagement
5981-ITEMU,3884.0,0.0,High Value Customer,18.17,Low,Standard customer engagement
8012-SOUDQ,3880.75,0.0,High Value Customer,18.16,Low,Standard customer engagement
9688-YGXVR,3878.6,0.0,High Value Customer,18.15,Low,Standard customer engagement
5439-WIKXB,3876.55,0.0,High Value Customer,18.14,Low,Standard customer engagement
4118-CEVPF,3878.0,0.0,High Value Customer,18.14,Low,Standard customer engagement
1697-BCSHV,3874.4,0.0,High Value Customer,18.13,Low,Standard customer engagement
0239-OXEXL,3875.5,0.0,High Value Customer,18.13,Low,Standard customer engagement
7876-BEUTG,732.0,0.245,Low Priority,18.12,Low,Standard customer engagement
7596-ZYWBB,3874.0,0.0,High Value Customer,18.12,Low,Standard customer engagement
0739-UUAJR,3873.6,0.0,High Value Customer,18.12,Low,Standard customer engagement
4879-GZLFH,3870.3,0.0,High Value Customer,18.11,Low,Standard customer engagement
7688-AWMDX,3869.5,0.0,High Value Customer,18.1,Low,Standard customer engagement
5274-XHAKY,3866.3,0.0,High Value Customer,18.09,Low,Standard customer engagement
5370-IIVVL,3866.5,0.0,High Value Customer,18.09,Low,Standard customer engagement
2581-VKIRT,3864.5,0.0,High Value Customer,18.08,Low,Standard customer engagement
3704-IEAXF,3862.8,0.0,High Value Customer,18.07,Low,Standard customer engagement
7129-ACFOG,269.0,0.28,Low Priority,18.06,Low,Standard customer engagement
6563-VNPMN,3856.5,0.0,High Value Customer,18.04,Low,Standard customer engagement
5751-USDBL,3726.0,0.01,High Value Customer,18.03,Low,Standard customer engagement
4657-FWVFY,3854.0,0.0,High Value Customer,18.03,Low,Standard customer engagement
5791-KAJFD,3850.0,0.0,High Value Customer,18.01,Low,Standard customer engagement
2856-NNASM,3850.65,0.0,High Value Customer,18.01,Low,Standard customer engagement
4114-QMKVN,3850.0,0.0,High Value Customer,18.01,Low,Standard customer engagement
0810-DHDBD,3848.0,0.0,High Value Customer,18.0,Low,Standard customer engagement
3174-RKMOW,3848.25,0.0,High Value Customer,18.0,Low,Standard customer engagement
4256-ZWTZI,255.0,0.28,Low Priority,17.99,Low,Standard customer engagement
9888-ZCUMM,3843.2,0.0,High Value Customer,17.98,Low,Standard customer engagement
3167-SNQPL,3843.7,0.0,High Value Customer,17.98,Low,Standard customer engagement
9795-SHUHB,3841.2,0.0,High Value Customer,17.97,Low,Standard customer engagement
9962-BFPDU,20.05,0.298,Low Priority,17.97,Low,Standard customer engagement
8630-QSGXK,3835.2,0.0,High Value Customer,17.94,Low,Standard customer engagement
1209-VFFOC,3835.2,0.0,High Value Customer,17.94,Low,Standard customer engagement
8450-JOVAH,113.4,0.29,Low Priority,17.93,Low,Standard customer engagement
9359-JANWS,3828.5,0.0,High Value Customer,17.91,Low,Standard customer engagement
0253-ZTEOB,3823.2,0.0,High Value Customer,17.89,Low,Standard customer engagement
7696-AMHOD,3822.0,0.0,High Value Customer,17.88,Low,Standard customer engagement
4906-ZHGPK,3817.8,0.0,High Value Customer,17.86,Low,Standard customer engagement
1621-YNCJH,3817.8,0.0,High Value Customer,17.86,Low,Standard customer engagement
3863-QSTYI,3814.35,0.0,High Value Customer,17.84,Low,Standard customer engagement
6317-YPKDH,29.95,0.295,Low Priority,17.84,Low,Standard customer engagement
4012-YCFAI,3681.0,0.01,High Value Customer,17.82,Low,Standard customer engagement
9758-MFWGD,1435.1999999999998,0.185,Low Priority,17.81,Low,Standard customer engagement
6770-XUAGN,21.0,0.295,Low Priority,17.8,Low,Standard customer engagement
8868-GAGIO,3804.75,0.0,High Value Customer,17.8,Low,Standard customer engagement
3067-SVMTC,3801.2,0.0,High Value Customer,17.78,Low,Standard customer engagement
1303-SRDOK,3797.75,0.0,High Value Customer,17.77,Low,Standard customer engagement
8999-YPYBV,3795.75,0.0,High Value Customer,17.76,Low,Standard customer engagement
7693-QPEFS,3793.4,0.0,High Value Customer,17.75,Low,Standard customer engagement
8741-LQOBK,1612.3,0.17,Low Priority,17.74,Low,Standard customer engagement
5981-ZVXOT,3792.25,0.0,High Value Customer,17.74,Low,Standard customer engagement
6522-OIQSX,3791.55,0.0,High Value Customer,17.74,Low,Standard customer engagement
1194-BHJYC,3791.15,0.0,High Value Customer,17.74,Low,Standard customer engagement
8777-PVYGU,3343.6,0.035,High Value Customer,17.74,Low,Standard customer engagement
9917-KWRBE,3212.35,0.045,High Value Customer,17.73,Low,Standard customer engagement
6339-RZCBJ,3787.2,0.0,High Value Customer,17.72,Low,Standard customer engagement
5120-ZBLAI,3785.0,0.0,High Value Customer,17.71,Low,Standard customer engagement
3969-JQABI,3784.5,0.0,High Value Customer,17.71,Low,Standard customer engagement
1264-FUHCX,2758.7,0.08,Low Priority,17.71,Low,Standard customer engagement
4803-AXVYP,3782.9,0.0,High Value Customer,17.7,Low,Standard customer engagement
9372-TXXPS,3591.0,0.015,High Value Customer,17.7,Low,Standard customer engagement
9898-KZQDZ,3782.0,0.0,High Value Customer,17.69,Low,Standard customer engagement
4091-TVOCN,3780.0,0.0,High Value Customer,17.68,Low,Standard customer engagement
3308-JSGML,3778.95,0.0,High Value Customer,17.68,Low,Standard customer engagement
0643-OKLRP,3776.45,0.0,High Value Customer,17.67,Low,Standard customer engagement
8097-VBQTZ,3774.6,0.0,High Value Customer,17.66,Low,Standard customer engagement
0679-TDGAK,3775.0,0.0,High Value Customer,17.66,Low,Standard customer engagement
4480-MBMLB,3772.8,0.0,High Value Customer,17.65,Low,Standard customer engagement
3523-QRQLL,1529.0,0.175,Low Priority,17.65,Low,Standard customer engagement
0402-CQAJN,3770.3,0.0,High Value Customer,17.64,Low,Standard customer engagement
2519-FAKOD,3771.5,0.0,High Value Customer,17.64,Low,Standard customer engagement
7623-TRNQN,49.9,0.29,Low Priority,17.63,Low,Standard customer engagement
5614-DNZCE,3764.2,0.0,High Value Customer,17.61,Low,Standard customer engagement
8123-QBNAZ,3762.0,0.0,High Value Customer,17.6,Low,Standard customer engagement
5759-RCVCB,105.6,0.285,Low Priority,17.59,Low,Standard customer engagement
4304-XUMGI,3757.500000000001,0.0,High Value Customer,17.58,Low,Standard customer engagement
0723-FDLAY,3751.0,0.0,High Value Customer,17.55,Low,Standard customer engagement
9755-JHNMN,3302.6000000000004,0.035,High Value Customer,17.55,Low,Standard customer engagement
4891-NLUBA,3748.45,0.0,High Value Customer,17.54,Low,Standard customer engagement
3237-AJGEH,93.0,0.285,Low Priority,17.54,Low,Standard customer engagement
1394-SUIUH,3746.6,0.0,High Value Customer,17.53,Low,Standard customer engagement
8165-CBKXO,3745.5,0.0,High Value Customer,17.52,Low,Standard customer engagement
9137-UIYPG,3741.5,0.0,High Value Customer,17.5,Low,Standard customer engagement
6029-WTIPC,3740.7,0.0,High Value Customer,17.5,Low,Standard customer engagement
1685-BQULA,3736.0,0.0,High Value Customer,17.48,Low,Standard customer engagement
0230-WEQUW,3735.6,0.0,High Value Customer,17.48,Low,Standard customer engagement
4720-VSTSI,3731.2,0.0,High Value Customer,17.46,Low,Standard customer engagement
6543-CPZMK,269.55,0.27,Low Priority,17.46,Low,Standard customer engagement
0870-VEMYL,269.25,0.27,Low Priority,17.46,Low,Standard customer engagement
5825-XJOCM,3091.2000000000003,0.05,High Value Customer,17.46,Low,Standard customer engagement
7395-XWZOY,1100.0,0.205,Low Priority,17.45,Low,Standard customer engagement
0440-EKDCF,3729.3,0.0,High Value Customer,17.45,Low,Standard customer engagement
3269-ATYWD,3730.35,0.0,High Value Customer,17.45,Low,Standard customer engagement
2237-ZFSMY,3726.45,0.0,High Value Customer,17.43,Low,Standard customer engagement
9103-TCIHJ,835.5,0.225,Low Priority,17.41,Low,Standard customer engagement
5129-HHMZC,3717.35,0.0,High Value Customer,17.39,Low,Standard customer engagement
9995-HOTOH,3717.0,0.0,High Value Customer,17.39,Low,Standard customer engagement
3528-HFRIQ,3713.3,0.0,High Value Customer,17.37,Low,Standard customer engagement
7636-PEPNS,2557.8,0.09,Low Priority,17.37,Low,Standard customer engagement
5816-QVHRX,3711.1,0.0,High Value Customer,17.36,Low,Standard customer engagement
8627-ZYGSZ,3708.3,0.0,High Value Customer,17.35,Low,Standard customer engagement
2511-MORQY,2745.0,0.075,Low Priority,17.34,Low,Standard customer engagement
5482-NUPNA,241.6,0.27,Low Priority,17.33,Low,Standard customer engagement
9971-ZWPBF,3702.6,0.0,High Value Customer,17.32,Low,Standard customer engagement
1666-JXLKU,3701.85,0.0,High Value Customer,17.32,Low,Standard customer engagement
6094-ZIVKX,3702.6,0.0,High Value Customer,17.32,Low,Standard customer engagement
2716-GFZOR,3702.3,0.0,High Value Customer,17.32,Low,Standard customer engagement
9577-WJVCQ,3702.6,0.0,High Value Customer,17.32,Low,Standard customer engagement
1099-BTKWT,3699.2,0.0,High Value Customer,17.31,Low,Standard customer engagement
8930-XOTDP,1007.1,0.21,Low Priority,17.31,Low,Standard customer engagement
6961-VCPMC,3698.4,0.0,High Value Customer,17.3,Low,Standard customer engagement
5949-HGVJL,1899.3,0.14,Low Priority,17.29,Low,Standard customer engagement
5707-ZMDJP,3694.1,0.0,High Value Customer,17.28,Low,Standard customer engagement
1172-VIYBP,3694.1,0.0,High Value Customer,17.28,Low,Standard customer engagement
0617-FHSGK,3684.8,0.0,High Value Customer,17.24,Low,Standard customer engagement
1699-UOTXU,3684.0,0.0,High Value Customer,17.24,Low,Standard customer engagement
1139-WUOAH,3040.9500000000003,0.05,High Value Customer,17.23,Low,Standard customer engagement
4489-SNOJF,2528.75,0.09,Low Priority,17.23,Low,Standard customer engagement
2568-OIADY,3681.5,0.0,High Value Customer,17.22,Low,Standard customer engagement
7356-IWLFW,3680.0,0.0,High Value Customer,17.22,Low,Standard customer engagement
8819-WFGGJ,3678.8,0.0,High Value Customer,17.21,Low,Standard customer engagement
7872-RDDLZ,3678.3,0.0,High Value Customer,17.21,Low,Standard customer engagement
8345-MVDYC,3674.250000000001,0.0,High Value Customer,17.19,Low,Standard customer engagement
0895-LMRSF,1492.7,0.17,Low Priority,17.18,Low,Standard customer engagement
7025-IWFHT,3671.55,0.0,High Value Customer,17.18,Low,Standard customer engagement
2153-MREFK,3670.4,0.0,High Value Customer,17.17,Low,Standard customer engagement
2826-UWHIS,3663.000000000001,0.0,High Value Customer,17.14,Low,Standard customer engagement
0093-EXYQL,3662.0,0.0,High Value Customer,17.13,Low,Standard customer engagement
7925-PNRGI,3658.5,0.0,High Value Customer,17.12,Low,Standard customer engagement
7156-MXBJE,3659.3,0.0,High Value Customer,17.12,Low,Standard customer engagement
9053-EJUNL,3657.2,0.0,High Value Customer,17.11,Low,Standard customer engagement
3452-SRFEG,3655.4,0.0,High Value Customer,17.1,Low,Standard customer engagement
5394-SVGJV,3655.6,0.0,High Value Customer,17.1,Low,Standard customer engagement
6681-ZSEXG,3332.0,0.025,High Value Customer,17.09,Low,Standard customer engagement
5127-BZENZ,3651.2,0.0,High Value Customer,17.08,Low,Standard customer engagement
6549-BTYPG,3648.0,0.0,High Value Customer,17.07,Low,Standard customer engagement
0447-BEMNG,2174.4,0.115,Low Priority,17.07,Low,Standard customer engagement
0487-CRLZF,3648.05,0.0,High Value Customer,17.07,Low,Standard customer engagement
5019-GQVCR,3648.55,0.0,High Value Customer,17.07,Low,Standard customer engagement
7839-NUIAA,3647.8,0.0,High Value Customer,17.07,Low,Standard customer engagement
3336-JORSO,3644.85,0.0,High Value Customer,17.05,Low,Standard customer engagement
3230-IUALN,3645.0,0.0,High Value Customer,17.05,Low,Standard customer engagement
6366-XIVKZ,820.9499999999999,0.22,Low Priority,17.04,Low,Standard customer engagement
2933-XEUJM,3643.2,0.0,High Value Customer,17.04,Low,Standard customer engagement
6968-URWQU,2423.05,0.095,Low Priority,17.04,Low,Standard customer engagement
7663-RGWBC,44.15,0.28,Low Priority,17.01,Low,Standard customer engagement
0334-ZFJSR,3632.75,0.0,High Value Customer,17.0,Low,Standard customer engagement
5010-IPEAQ,3631.4,0.0,High Value Customer,16.99,Low,Standard customer engagement
5067-WJEUN,3631.4,0.0,High Value Customer,16.99,Low,Standard customer engagement
9626-VFRGG,3628.5,0.0,High Value Customer,16.98,Low,Standard customer engagement
7139-JZFVG,3630.0,0.0,High Value Customer,16.98,Low,Standard customer engagement
3489-VSFRD,3374.0,0.02,High Value Customer,16.98,Low,Standard customer engagement
0177-PXBAT,3626.7,0.0,High Value Customer,16.97,Low,Standard customer engagement
2676-SSLTO,3241.3500000000004,0.03,High Value Customer,16.96,Low,Standard customer engagement
5696-JVVQY,3364.8,0.02,High Value Customer,16.94,Low,Standard customer engagement
8970-ANWXO,1696.25,0.15,Low Priority,16.94,Low,Standard customer engagement
4872-VXRIL,3620.400000000001,0.0,High Value Customer,16.94,Low,Standard customer engagement
8788-DOXSU,3619.65,0.0,High Value Customer,16.93,Low,Standard customer engagement
2430-RRYUW,3616.8,0.0,High Value Customer,16.92,Low,Standard customer engagement
6075-SLNIL,3613.8,0.0,High Value Customer,16.91,Low,Standard customer engagement
8847-GEOOQ,3612.0,0.0,High Value Customer,16.9,Low,Standard customer engagement
4083-BFNYK,3610.0,0.0,High Value Customer,16.89,Low,Standard customer engagement
7123-WQUHX,3610.0,0.0,High Value Customer,16.89,Low,Standard customer engagement
1169-WCVAK,1687.2,0.15,Low Priority,16.89,Low,Standard customer engagement
7621-VPNET,3607.8,0.0,High Value Customer,16.88,Low,Standard customer engagement
5176-LDKUH,3607.2,0.0,High Value Customer,16.88,Low,Standard customer engagement
3745-HRPHI,3606.9,0.0,High Value Customer,16.87,Low,Standard customer engagement
8465-SBRXP,3606.2,0.0,High Value Customer,16.87,Low,Standard customer engagement
2197-OMWGI,3604.0,0.0,High Value Customer,16.86,Low,Standard customer engagement
2037-SGXHH,3596.7000000000003,0.0,High Value Customer,16.83,Low,Standard customer engagement
9481-SFCQY,837.1999999999999,0.215,Low Priority,16.82,Low,Standard customer engagement
7131-ZQZNK,3591.0,0.0,High Value Customer,16.8,Low,Standard customer engagement
1752-OZXFY,3588.0,0.0,High Value Customer,16.79,Low,Standard customer engagement
8498-XXGWA,3584.75,0.0,High Value Customer,16.77,Low,Standard customer engagement
6906-MPARY,3584.0,0.0,High Value Customer,16.77,Low,Standard customer engagement
2697-NQBPF,3581.9,0.0,High Value Customer,16.76,Low,Standard customer engagement
2133-TSRRM,3581.9,0.0,High Value Customer,16.76,Low,Standard customer engagement
0520-FDVVT,3582.25,0.0,High Value Customer,16.76,Low,Standard customer engagement
6203-HBZPA,3322.8,0.02,High Value Customer,16.75,Low,Standard customer engagement
4578-PHJYZ,3575.0,0.0,High Value Customer,16.73,Low,Standard customer engagement
3181-VTHOE,3573.5,0.0,High Value Customer,16.72,Low,Standard customer engagement
2874-YXVVA,3573.4,0.0,High Value Customer,16.72,Low,Standard customer engagement
4238-JSSWH,3571.75,0.0,High Value Customer,16.71,Low,Standard customer engagement
1942-OQFRW,44.0,0.275,Low Priority,16.71,Low,Standard customer engagement
6907-NZZIJ,3569.4,0.0,High Value Customer,16.7,Low,Standard customer engagement
9018-PCIOK,3561.25,0.0,High Value Customer,16.66,Low,Standard customer engagement
6322-HRPFA,2920.4,0.05,Low Priority,16.66,Low,Standard customer engagement
0743-HNPFG,3557.25,0.0,High Value Customer,16.64,Low,Standard customer engagement
6862-CQUMB,3555.7,0.0,High Value Customer,16.63,Low,Standard customer engagement
9490-DFPMD,3555.3,0.0,High Value Customer,16.63,Low,Standard customer engagement
3229-USWAR,2718.3,0.065,Low Priority,16.62,Low,Standard customer engagement
4958-XCBDQ,3549.0,0.0,High Value Customer,16.6,Low,Standard customer engagement
0114-PEGZZ,3549.15,0.0,High Value Customer,16.6,Low,Standard customer engagement
2160-GPFXD,3545.1000000000004,0.0,High Value Customer,16.59,Low,Standard customer engagement
2452-SNHFZ,3546.15,0.0,High Value Customer,16.59,Low,Standard customer engagement
0607-MVMGC,3543.75,0.0,High Value Customer,16.58,Low,Standard customer engagement
7445-WMRBW,3544.8,0.0,High Value Customer,16.58,Low,Standard customer engagement
2192-CKRLV,3542.4,0.0,High Value Customer,16.57,Low,Standard customer engagement
9194-GFVOI,3542.7,0.0,High Value Customer,16.57,Low,Standard customer engagement
7670-ZBPOQ,3540.9,0.0,High Value Customer,16.57,Low,Standard customer engagement
3021-VLNRJ,3540.0,0.0,High Value Customer,16.56,Low,Standard customer engagement
4471-KXAUH,3540.6,0.0,High Value Customer,16.56,Low,Standard customer engagement
9281-OFDMF,3537.3,0.0,High Value Customer,16.55,Low,Standard customer engagement
5651-CRHKQ,3534.2000000000003,0.0,High Value Customer,16.53,Low,Standard customer engagement
7753-USQYQ,3531.0,0.0,High Value Customer,16.52,Low,Standard customer engagement
4097-YODCF,3529.2,0.0,High Value Customer,16.51,Low,Standard customer engagement
6851-WEFYX,3528.0,0.0,High Value Customer,16.51,Low,Standard customer engagement
7054-DMVAS,3526.2,0.0,High Value Customer,16.5,Low,Standard customer engagement
2824-MYYBN,3524.25,0.0,High Value Customer,16.49,Low,Standard customer engagement
2155-AMQRX,1537.2,0.155,Low Priority,16.49,Low,Standard customer engagement
7994-XIRTR,3523.5,0.0,High Value Customer,16.48,Low,Standard customer engagement
5982-FPVQN,3520.55,0.0,High Value Customer,16.47,Low,Standard customer engagement
1814-WFGVS,3520.8,0.0,High Value Customer,16.47,Low,Standard customer engagement
4700-UBQMV,1593.9,0.15,Low Priority,16.46,Low,Standard customer engagement
4726-DLWQN,3517.4999999999995,0.0,High Value Customer,16.46,Low,Standard customer engagement
5915-DGNVC,3518.2,0.0,High Value Customer,16.46,Low,Standard customer engagement
9174-IHETN,3517.4999999999995,0.0,High Value Customer,16.46,Low,Standard customer engagement
5949-EBSQK,245.8,0.255,Low Priority,16.45,Low,Standard customer engagement
7233-IOQNP,1462.0,0.16,Low Priority,16.44,Low,Standard customer engagement
0939-YAPAF,3508.75,0.0,High Value Customer,16.42,Low,Standard customer engagement
2731-GJRDG,3505.6,0.0,High Value Customer,16.4,Low,Standard customer engagement
9097-ZUBYC,683.1999999999999,0.22,Low Priority,16.4,Low,Standard customer engagement
9445-SZLCH,3504.6,0.0,High Value Customer,16.4,Low,Standard customer engagement
6559-ILWKJ,3503.85,0.0,High Value Customer,16.39,Low,Standard customer engagement
1730-VFMWO,1706.8000000000002,0.14,Low Priority,16.39,Low,Standard customer engagement
5232-NXPAY,3499.15,0.0,High Value Customer,16.37,Low,Standard customer engagement
5181-OABFK,3432.8,0.005,High Value Customer,16.36,Low,Standard customer engagement
0378-XSZPU,3497.4,0.0,High Value Customer,16.36,Low,Standard customer engagement
5256-SKJGO,3494.4,0.0,High Value Customer,16.35,Low,Standard customer engagement
9831-BPFRI,3492.45,0.0,High Value Customer,16.34,Low,Standard customer engagement
0230-UBYPQ,2274.3,0.095,Low Priority,16.34,Low,Standard customer engagement
4312-GVYNH,3489.5,0.0,High Value Customer,16.33,Low,Standard customer engagement
8329-GWVPJ,3487.5,0.0,High Value Customer,16.32,Low,Standard customer engagement
3717-LNXKW,3484.6,0.0,High Value Customer,16.3,Low,Standard customer engagement
3018-TFTSU,980.4,0.195,Low Priority,16.29,Low,Standard customer engagement
2391-IPLOP,3482.5000000000005,0.0,High Value Customer,16.29,Low,Standard customer engagement
3557-HTYWR,3480.35,0.0,High Value Customer,16.28,Low,Standard customer engagement
7138-GIRSH,3475.0,0.0,High Value Customer,16.26,Low,Standard customer engagement
0080-OROZO,3473.75,0.0,High Value Customer,16.25,Low,Standard customer engagement
3638-WEABW,3474.2,0.0,High Value Customer,16.25,Low,Standard customer engagement
4039-HEUNW,3474.0,0.0,High Value Customer,16.25,Low,Standard customer engagement
6854-EXGSF,524.0,0.23,Low Priority,16.25,Low,Standard customer engagement
3588-WSTTJ,3466.75,0.0,High Value Customer,16.22,Low,Standard customer engagement
7028-DVOIQ,3466.75,0.0,High Value Customer,16.22,Low,Standard customer engagement
6762-QVYJO,3465.5,0.0,High Value Customer,16.21,Low,Standard customer engagement
4945-RVMTE,1667.4,0.14,Low Priority,16.2,Low,Standard customer engagement
8313-AFGBW,3459.2,0.0,High Value Customer,16.18,Low,Standard customer engagement
3503-TYDAY,3459.35,0.0,High Value Customer,16.18,Low,Standard customer engagement
9286-BHDQG,3258.0,0.015,High Value Customer,16.14,Low,Standard customer engagement
7868-BGSZA,3448.6,0.0,High Value Customer,16.13,Low,Standard customer engagement
4323-SADQS,241.5,0.25,Low Priority,16.13,Low,Standard customer engagement
7691-KGKGP,3445.0,0.0,High Value Customer,16.12,Low,Standard customer engagement
5219-YIPTK,3445.2000000000003,0.0,High Value Customer,16.12,Low,Standard customer engagement
4254-QPEDE,3445.0,0.0,High Value Customer,16.12,Low,Standard customer engagement
8259-DZLIZ,3446.4,0.0,High Value Customer,16.12,Low,Standard customer engagement
6572-ADKRS,3440.8,0.0,High Value Customer,16.1,Low,Standard customer engagement
7483-IQWIB,3439.15,0.0,High Value Customer,16.09,Low,Standard customer engagement
0396-YCHWO,3434.4,0.0,High Value Customer,16.07,Low,Standard customer engagement
2479-BRAMR,3433.75,0.0,High Value Customer,16.06,Low,Standard customer engagement
8455-HIRAQ,355.6,0.24,Low Priority,16.06,Low,Standard customer engagement
8267-ZNYVZ,3423.75,0.0,High Value Customer,16.02,Low,Standard customer engagement
5136-KCKGI,3422.1,0.0,High Value Customer,16.01,Low,Standard customer engagement
3990-QYKBE,3422.5,0.0,High Value Customer,16.01,Low,Standard customer engagement
0757-WCUUZ,3420.9,0.0,High Value Customer,16.0,Low,Standard customer engagement
5119-KEPFY,3420.0,0.0,High Value Customer,16.0,Low,Standard customer engagement
6784-XYJAE,2008.8,0.11,Low Priority,16.0,Low,Standard customer engagement
6959-GQEGV,3417.75,0.0,High Value Customer,15.99,Low,Standard customer engagement
1194-SPVSP,19.65,0.2648,Low Priority,15.98,Low,Standard customer engagement
6116-RFVHN,3415.3,0.0,High Value Customer,15.98,Low,Standard customer engagement
3813-DHBBB,3413.65,0.0,High Value Customer,15.97,Low,Standard customer engagement
7982-VCELR,3412.8,0.0,High Value Customer,15.97,Low,Standard customer engagement
3511-BFTJW,2772.0,0.05,Low Priority,15.97,Low,Standard customer engagement
1121-QSIVB,3412.2,0.0,High Value Customer,15.96,Low,Standard customer engagement
1472-TNCWL,3409.2000000000003,0.0,High Value Customer,15.95,Low,Standard customer engagement
0257-KXZGU,1998.4,0.11,Low Priority,15.95,Low,Standard customer engagement
5397-NSKQG,3410.3,0.0,High Value Customer,15.95,Low,Standard customer engagement
6773-LQTVT,1033.85,0.185,Low Priority,15.94,Low,Standard customer engagement
1661-CZBAU,3405.6000000000004,0.0,High Value Customer,15.93,Low,Standard customer engagement
7633-MVPUY,3405.75,0.0,High Value Customer,15.93,Low,Standard customer engagement
3757-NJYBX,3403.2,0.0,High Value Customer,15.92,Low,Standard customer engagement
4851-BQDNX,3402.0,0.0,High Value Customer,15.92,Low,Standard customer engagement
1465-LNTLJ,515.2,0.225,Low Priority,15.91,Low,Standard customer engagement
1177-XZBJL,3399.9500000000003,0.0,High Value Customer,15.91,Low,Standard customer engagement
7586-ZATGZ,3396.0,0.0,High Value Customer,15.89,Low,Standard customer engagement
9052-DHNKM,1600.3,0.14,Low Priority,15.89,Low,Standard customer engagement
3950-VPYJB,3397.2000000000003,0.0,High Value Customer,15.89,Low,Standard customer engagement
2873-ZLIWT,3394.0,0.0,High Value Customer,15.88,Low,Standard customer engagement
0380-NEAVX,3394.9,0.0,High Value Customer,15.88,Low,Standard customer engagement
8050-XGRVL,3394.5,0.0,High Value Customer,15.88,Low,Standard customer engagement
1996-DBMUS,3391.2000000000003,0.0,High Value Customer,15.87,Low,Standard customer engagement
0848-SOMKO,3388.0,0.0,High Value Customer,15.85,Low,Standard customer engagement
9027-TMATR,3388.4,0.0,High Value Customer,15.85,Low,Standard customer engagement
0733-VUNUW,1335.6,0.16,Low Priority,15.85,Low,Standard customer engagement
1024-KPRBB,3385.8,0.0,High Value Customer,15.84,Low,Standard customer engagement
8550-XSXUQ,3386.4,0.0,High Value Customer,15.84,Low,Standard customer engagement
8587-XYZSF,3386.85,0.0,High Value Customer,15.84,Low,Standard customer engagement
8547-NSBBO,3386.25,0.0,High Value Customer,15.84,Low,Standard customer engagement
0254-WWRKD,3386.85,0.0,High Value Customer,15.84,Low,Standard customer engagement
7779-ORAEL,3381.7500000000005,0.0,High Value Customer,15.82,Low,Standard customer engagement
4522-XRWWI,3378.9,0.0,High Value Customer,15.81,Low,Standard customer engagement
4872-JCVCA,3379.6,0.0,High Value Customer,15.81,Low,Standard customer engagement
7153-CHRBV,3380.1,0.0,High Value Customer,15.81,Low,Standard customer engagement
1809-DMJHQ,230.0,0.245,Low Priority,15.78,Low,Standard customer engagement
1436-ZMJAN,678.0,0.21,Low Priority,15.77,Low,Standard customer engagement
0376-OIWME,3369.6,0.0,High Value Customer,15.76,Low,Standard customer engagement
2257-BOVXD,932.4,0.19,Low Priority,15.76,Low,Standard customer engagement
6986-IJDHX,3365.7,0.0,High Value Customer,15.75,Low,Standard customer engagement
3604-WLABM,542.5,0.22,Low Priority,15.74,Low,Standard customer engagement
3400-ESFUW,3165.25,0.015,High Value Customer,15.71,Low,Standard customer engagement
9003-CPATH,3355.8,0.0,High Value Customer,15.7,Low,Standard customer engagement
3001-CBHLQ,3356.8,0.0,High Value Customer,15.7,Low,Standard customer engagement
9629-NHXFW,19.4,0.26,Low Priority,15.69,Low,Standard customer engagement
2911-IJORQ,3352.2,0.0,High Value Customer,15.68,Low,Standard customer engagement
0699-NDKJM,3348.75,0.0,High Value Customer,15.67,Low,Standard customer engagement
7128-GGCNO,3348.8,0.0,High Value Customer,15.67,Low,Standard customer engagement
7018-FPXHH,3348.8,0.0,High Value Customer,15.67,Low,Standard customer engagement
0475-RIJEP,3347.55,0.0,High Value Customer,15.66,Low,Standard customer engagement
4342-HFXWS,3345.6000000000004,0.0,High Value Customer,15.65,Low,Standard customer engagement
8670-MEFCP,3344.4,0.0,High Value Customer,15.65,Low,Standard customer engagement
9469-WEJBT,3342.95,0.0,High Value Customer,15.64,Low,Standard customer engagement
5302-BDJNT,3342.5,0.0,High Value Customer,15.64,Low,Standard customer engagement
3318-OSATS,3340.75,0.0,High Value Customer,15.63,Low,Standard customer engagement
7110-BDTWG,3340.55,0.0,High Value Customer,15.63,Low,Standard customer engagement
0667-NSRGI,3338.4,0.0,High Value Customer,15.62,Low,Standard customer engagement
5630-AHZIL,193.5,0.245,Low Priority,15.61,Low,Standard customer engagement
0277-ORXQS,3336.3,0.0,High Value Customer,15.61,Low,Standard customer engagement
1307-TVUFB,3332.7,0.0,High Value Customer,15.59,Low,Standard customer engagement
5566-SOEZD,2177.55,0.09,Low Priority,15.59,Low,Standard customer engagement
3011-WQKSZ,380.0,0.23,Low Priority,15.58,Low,Standard customer engagement
4632-XJMEX,3331.05,0.0,High Value Customer,15.58,Low,Standard customer engagement
2325-WINES,3329.6,0.0,High Value Customer,15.58,Low,Standard customer engagement
2207-QPJED,3330.0,0.0,High Value Customer,15.58,Low,Standard customer engagement
4693-VWVBO,58.650000000000006,0.255,Low Priority,15.57,Low,Standard customer engagement
1506-YJTYT,3323.2499999999995,0.0,High Value Customer,15.55,Low,Standard customer engagement
6393-WRYZE,3320.1000000000004,0.0,High Value Customer,15.53,Low,Standard customer engagement
1932-UEDCX,3319.8,0.0,High Value Customer,15.53,Low,Standard customer engagement
1271-UODNO,2100.15,0.095,Low Priority,15.53,Low,Standard customer engagement
9039-RBEEE,1909.05,0.11,Low Priority,15.53,Low,Standard customer engagement
4701-MLJPN,1712.75,0.125,Low Priority,15.51,Low,Standard customer engagement
1732-VHUBQ,3315.85,0.0,High Value Customer,15.51,Low,Standard customer engagement
6647-ZEDXT,3313.5,0.0,High Value Customer,15.5,Low,Standard customer engagement
1395-OFUWC,1259.9,0.16,Low Priority,15.49,Low,Standard customer engagement
9143-CANJF,1323.6,0.155,Low Priority,15.49,Low,Standard customer engagement
2974-GGUXS,3310.2000000000003,0.0,High Value Customer,15.49,Low,Standard customer engagement
2192-OZITF,3309.75,0.0,High Value Customer,15.48,Low,Standard customer engagement
6522-YRBXD,3309.25,0.0,High Value Customer,15.48,Low,Standard customer engagement
0440-MOGPM,3302.55,0.0,High Value Customer,15.45,Low,Standard customer engagement
3605-JISKB,3300.0,0.0,High Value Customer,15.44,Low,Standard customer engagement
9327-QSDED,348.4,0.23,Low Priority,15.43,Low,Standard customer engagement
8434-PNQZX,3294.9,0.0,High Value Customer,15.41,Low,Standard customer engagement
4636-OLWOE,3294.0,0.0,High Value Customer,15.41,Low,Standard customer engagement
5227-JSCFE,3290.85,0.0,High Value Customer,15.4,Low,Standard customer engagement
4568-KNYWR,3289.0,0.0,High Value Customer,15.39,Low,Standard customer engagement
3481-JHUZH,3290.25,0.0,High Value Customer,15.39,Low,Standard customer engagement
7919-ZODZZ,659.0,0.205,Low Priority,15.38,Low,Standard customer engagement
2672-TGEFF,3285.6,0.0,High Value Customer,15.37,Low,Standard customer engagement
3474-BAFSJ,3277.5,0.0,High Value Customer,15.33,Low,Standard customer engagement
9170-GYZJC,3275.9,0.0,High Value Customer,15.33,Low,Standard customer engagement
5236-XMZJY,2505.3,0.06,Low Priority,15.32,Low,Standard customer engagement
8387-MOJJT,3273.9,0.0,High Value Customer,15.32,Low,Standard customer engagement
8879-ZKJOF,3273.85,0.0,High Value Customer,15.32,Low,Standard customer engagement
4547-FZJWE,3269.75,0.0,High Value Customer,15.3,Low,Standard customer engagement
0778-NELLA,312.3,0.23,Low Priority,15.26,Low,Standard customer engagement
4002-BQWPQ,2043.75,0.095,Low Priority,15.26,Low,Standard customer engagement
5975-BAICR,2293.2000000000003,0.075,Low Priority,15.23,Low,Standard customer engagement
0412-UCCNP,3256.0,0.0,High Value Customer,15.23,Low,Standard customer engagement
3173-NVMPX,497.7,0.215,Low Priority,15.23,Low,Standard customer engagement
5186-EJEGL,625.5,0.205,Low Priority,15.23,Low,Standard customer engagement
5438-QMDDL,1136.2,0.165,Low Priority,15.22,Low,Standard customer engagement
6896-SRVYQ,3249.4,0.0,High Value Customer,15.2,Low,Standard customer engagement
2361-UPSND,3247.6,0.0,High Value Customer,15.19,Low,Standard customer engagement
7037-MTYVW,3245.2000000000003,0.0,High Value Customer,15.18,Low,Standard customer engagement
2809-ZMYOQ,3243.2,0.0,High Value Customer,15.17,Low,Standard customer engagement
9720-JJJOR,2472.3,0.06,Low Priority,15.17,Low,Standard customer engagement
2842-BCQGE,3240.05,0.0,High Value Customer,15.16,Low,Standard customer engagement
4194-FJARJ,3240.0,0.0,High Value Customer,15.16,Low,Standard customer engagement
7470-DYNOE,3238.3,0.0,High Value Customer,15.15,Low,Standard customer engagement
6682-QJDGB,2210.0,0.08,Low Priority,15.14,Low,Standard customer engagement
7629-WIXZF,413.7,0.22,Low Priority,15.14,Low,Standard customer engagement
1559-DTODC,477.85,0.215,Low Priority,15.14,Low,Standard customer engagement
2351-BKRZW,3233.6,0.0,High Value Customer,15.13,Low,Standard customer engagement
7730-IUTDZ,3233.6,0.0,High Value Customer,15.13,Low,Standard customer engagement
1550-EENBN,3234.85,0.0,High Value Customer,15.13,Low,Standard customer engagement
2896-TBNBE,3232.0,0.0,High Value Customer,15.12,Low,Standard customer engagement
8510-TMWYB,3229.2,0.0,High Value Customer,15.11,Low,Standard customer engagement
4077-CROMM,3230.2000000000003,0.0,High Value Customer,15.11,Low,Standard customer engagement
7013-PSXHK,3230.0,0.0,High Value Customer,15.11,Low,Standard customer engagement
8800-ZKRFW,3225.0,0.0,High Value Customer,15.09,Low,Standard customer engagement
6504-VBLFL,3223.0,0.0,High Value Customer,15.08,Low,Standard customer engagement
4003-FUSHP,1169.45,0.16,Low Priority,15.07,Low,Standard customer engagement
6473-ULUHT,1358.4,0.145,Low Priority,15.06,Low,Standard customer engagement
4859-ZSRDZ,3219.0,0.0,High Value Customer,15.06,Low,Standard customer engagement
2516-XSJKX,3216.4500000000003,0.0,High Value Customer,15.05,Low,Standard customer engagement
5110-CHOPY,3216.0,0.0,High Value Customer,15.05,Low,Standard customer engagement
1641-RQDAY,3212.8,0.0,High Value Customer,15.03,Low,Standard customer engagement
7774-OJSXI,3206.9500000000003,0.0,High Value Customer,15.0,Low,Standard customer engagement
3639-XJHKQ,1151.4,0.16,Low Priority,14.99,Low,Standard customer engagement
2794-XIMMO,3203.8500000000004,0.0,High Value Customer,14.99,Low,Standard customer engagement
7530-HDYDS,3201.5,0.0,High Value Customer,14.98,Low,Standard customer engagement
6745-JEFZB,3202.5,0.0,High Value Customer,14.98,Low,Standard customer engagement
0585-EGDDA,3200.0,0.0,High Value Customer,14.97,Low,Standard customer engagement
9102-OXKFY,3194.85,0.0,High Value Customer,14.95,Low,Standard customer engagement
5032-USPKF,3195.8,0.0,High Value Customer,14.95,Low,Standard customer engagement
9738-QLWTP,3194.1000000000004,0.0,High Value Customer,14.94,Low,Standard customer engagement
5135-RDDQL,3190.95,0.0,High Value Customer,14.93,Low,Standard customer engagement
1552-AAGRX,3192.0,0.0,High Value Customer,14.93,Low,Standard customer engagement
3566-CAAYU,3190.4,0.0,High Value Customer,14.93,Low,Standard customer engagement
3884-UEBXB,2422.05,0.06,Low Priority,14.93,Low,Standard customer engagement
2253-KPMNB,3191.25,0.0,High Value Customer,14.93,Low,Standard customer engagement
1702-CCFNJ,3190.2000000000003,0.0,High Value Customer,14.92,Low,Standard customer engagement
1193-RTSLK,3188.2000000000003,0.0,High Value Customer,14.92,Low,Standard customer engagement
0979-MOZQI,2418.0,0.06,Low Priority,14.91,Low,Standard customer engagement
8818-XYFCQ,3185.6,0.0,High Value Customer,14.9,Low,Standard customer engagement
2378-HTWFW,3185.0,0.0,High Value Customer,14.9,Low,Standard customer engagement
2634-HCZGT,3182.65,0.0,High Value Customer,14.89,Low,Standard customer engagement
7502-BNYGS,3178.6,0.0,High Value Customer,14.87,Low,Standard customer engagement
7776-QGYJC,3178.5,0.0,High Value Customer,14.87,Low,Standard customer engagement
7672-VFMXZ,3174.9,0.0,High Value Customer,14.85,Low,Standard customer engagement
1848-LBZHY,352.1,0.22,Low Priority,14.85,Low,Standard customer engagement
9762-YAQAA,3174.6000000000004,0.0,High Value Customer,14.85,Low,Standard customer engagement
2921-XWDJH,3171.1,0.0,High Value Customer,14.84,Low,Standard customer engagement
1421-HCERK,3171.0,0.0,High Value Customer,14.84,Low,Standard customer engagement
7137-RYLPP,3170.9,0.0,High Value Customer,14.83,Low,Standard customer engagement
3537-RYBHH,3170.15,0.0,High Value Customer,14.83,Low,Standard customer engagement
7136-RVDTZ,3167.5,0.0,High Value Customer,14.82,Low,Standard customer engagement
6088-BXMRG,3163.2,0.0,High Value Customer,14.8,Low,Standard customer engagement
2037-XJFUP,3161.4,0.0,High Value Customer,14.79,Low,Standard customer engagement
1768-HNVGJ,3152.25,0.0,High Value Customer,14.75,Low,Standard customer engagement
9114-AAFQH,3151.2000000000003,0.0,High Value Customer,14.74,Low,Standard customer engagement
2603-HVKCG,3143.4,0.0,High Value Customer,14.71,Low,Standard customer engagement
0289-IVARM,2119.25,0.08,Low Priority,14.71,Low,Standard customer engagement
5886-VLQVU,3144.75,0.0,High Value Customer,14.71,Low,Standard customer engagement
9921-EZKBY,3144.9,0.0,High Value Customer,14.71,Low,Standard customer engagement
2522-WLNSF,2182.8,0.075,Low Priority,14.71,Low,Standard customer engagement
5198-HQAEN,3139.5,0.0,High Value Customer,14.69,Low,Standard customer engagement
9470-XCCEM,3137.75,0.0,High Value Customer,14.68,Low,Standard customer engagement
2105-PHWON,3135.0,0.0,High Value Customer,14.67,Low,Standard customer engagement
6701-DHKWQ,3132.35,0.0,High Value Customer,14.65,Low,Standard customer engagement
8780-YRMTT,3128.4,0.0,High Value Customer,14.64,Low,Standard customer engagement
4667-OHGKG,19.3,0.2425,Low Priority,14.64,Low,Standard customer engagement
5095-ETBRJ,3124.0,0.0,High Value Customer,14.62,Low,Standard customer engagement
0562-KBDVM,3122.0,0.0,High Value Customer,14.61,Low,Standard customer engagement
2107-FBPTK,3123.0,0.0,High Value Customer,14.61,Low,Standard customer engagement
4682-BLBUC,3121.8,0.0,High Value Customer,14.6,Low,Standard customer engagement
4106-HADHQ,3120.0,0.0,High Value Customer,14.6,Low,Standard customer engagement
5244-IRFIH,3118.5,0.0,High Value Customer,14.59,Low,Standard customer engagement
6195-MELTI,3115.05,0.0,High Value Customer,14.57,Low,Standard customer engagement
3714-JTVOV,3114.3,0.0,High Value Customer,14.57,Low,Standard customer engagement
7669-LCRSD,675.5999999999999,0.19,Low Priority,14.56,Low,Standard customer engagement
5792-JALQC,3112.2000000000003,0.0,High Value Customer,14.56,Low,Standard customer engagement
2240-HSJQD,3110.3,0.0,High Value Customer,14.55,Low,Standard customer engagement
9931-KGHOA,2530.0,0.045,Low Priority,14.54,Low,Standard customer engagement
6261-RCVNS,3103.8,0.0,High Value Customer,14.52,Low,Standard customer engagement
6030-REHUX,3103.8,0.0,High Value Customer,14.52,Low,Standard customer engagement
5499-ECUTN,3104.35,0.0,High Value Customer,14.52,Low,Standard customer engagement
1254-IZEYF,3098.4500000000003,0.0,High Value Customer,14.5,Low,Standard customer engagement
1644-IRKSF,3095.4,0.0,High Value Customer,14.48,Low,Standard customer engagement
2405-LBMUW,3092.7000000000003,0.0,High Value Customer,14.47,Low,Standard customer engagement
7100-FQPRV,3091.7000000000003,0.0,High Value Customer,14.46,Low,Standard customer engagement
7951-VRDVK,3090.6,0.0,High Value Customer,14.46,Low,Standard customer engagement
8878-RYUKI,3091.4,0.0,High Value Customer,14.46,Low,Standard customer engagement
2239-CGBUZ,3085.5,0.0,High Value Customer,14.44,Low,Standard customer engagement
3399-BMLVW,3085.5,0.0,High Value Customer,14.44,Low,Standard customer engagement
1282-IHQAC,3083.5,0.0,High Value Customer,14.43,Low,Standard customer engagement
6374-AFWOX,3019.9,0.005,High Value Customer,14.43,Low,Standard customer engagement
7954-MLBUN,3082.9500000000003,0.0,High Value Customer,14.42,Low,Standard customer engagement
7422-WNBTY,3080.55,0.0,High Value Customer,14.41,Low,Standard customer engagement
6516-NKQBO,3078.0,0.0,High Value Customer,14.4,Low,Standard customer engagement
5959-BELXA,3076.8,0.0,High Value Customer,14.39,Low,Standard customer engagement
5269-NRGDP,3072.3,0.0,High Value Customer,14.37,Low,Standard customer engagement
7876-AEHIG,3067.65,0.0,High Value Customer,14.35,Low,Standard customer engagement
5913-INRQV,3065.1000000000004,0.0,High Value Customer,14.34,Low,Standard customer engagement
0354-WYROK,3065.9,0.0,High Value Customer,14.34,Low,Standard customer engagement
5155-AZQPB,1397.2,0.13,Low Priority,14.34,Low,Standard customer engagement
7576-ASEJU,3062.7000000000003,0.0,High Value Customer,14.33,Low,Standard customer engagement
0617-AQNWT,3062.4,0.0,High Value Customer,14.33,Low,Standard customer engagement
3164-YAXFY,3063.75,0.0,High Value Customer,14.33,Low,Standard customer engagement
3161-GETRM,3061.7,0.0,High Value Customer,14.32,Low,Standard customer engagement
8591-NXRCV,3060.65,0.0,High Value Customer,14.32,Low,Standard customer engagement
1163-ONYEY,3056.55,0.0,High Value Customer,14.3,Low,Standard customer engagement
8756-RDDLT,3056.6000000000004,0.0,High Value Customer,14.3,Low,Standard customer engagement
0362-ZBZWJ,3056.4,0.0,High Value Customer,14.3,Low,Standard customer engagement
3865-QBWSJ,3057.1,0.0,High Value Customer,14.3,Low,Standard customer engagement
7682-AZNDK,3054.9,0.0,High Value Customer,14.29,Low,Standard customer engagement
3401-URHDA,3054.9,0.0,High Value Customer,14.29,Low,Standard customer engagement
4381-MHQDC,3055.0,0.0,High Value Customer,14.29,Low,Standard customer engagement
5762-TJXGK,3055.0,0.0,High Value Customer,14.29,Low,Standard customer engagement
2321-OMBXY,3051.4,0.0,High Value Customer,14.28,Low,Standard customer engagement
7130-CTCUS,872.8,0.17,Low Priority,14.28,Low,Standard customer engagement
9501-UKKNL,3050.3,0.0,High Value Customer,14.27,Low,Standard customer engagement
8996-ZROXE,3049.5,0.0,High Value Customer,14.27,Low,Standard customer engagement
2362-IBOOY,3051.0,0.0,High Value Customer,14.27,Low,Standard customer engagement
5073-WXOYN,3048.0,0.0,High Value Customer,14.26,Low,Standard customer engagement
2930-UOTMB,2022.75,0.08,Low Priority,14.26,Low,Standard customer engagement
2137-DQMEV,3046.4,0.0,High Value Customer,14.25,Low,Standard customer engagement
1028-FFNJK,3045.0,0.0,High Value Customer,14.25,Low,Standard customer engagement
2550-AEVRU,3046.65,0.0,High Value Customer,14.25,Low,Standard customer engagement
5049-MUBWG,1950.0,0.085,Low Priority,14.22,Low,Standard customer engagement
5150-LJNSR,3039.55,0.0,High Value Customer,14.22,Low,Standard customer engagement
1335-MXCSE,3038.75,0.0,High Value Customer,14.22,Low,Standard customer engagement
9820-RMCQV,534.05,0.195,Low Priority,14.2,Low,Standard customer engagement
7032-LMBHI,2392.05,0.05,Low Priority,14.19,Low,Standard customer engagement
0567-XRHCU,3032.55,0.0,High Value Customer,14.19,Low,Standard customer engagement
8947-YRTDV,3033.6,0.0,High Value Customer,14.19,Low,Standard customer engagement
0526-SXDJP,3031.2000000000003,0.0,High Value Customer,14.18,Low,Standard customer engagement
1534-OULXE,3031.7000000000003,0.0,High Value Customer,14.18,Low,Standard customer engagement
9142-KZXOP,3029.4,0.0,High Value Customer,14.17,Low,Standard customer engagement
9200-NLNPD,3026.8,0.0,High Value Customer,14.16,Low,Standard customer engagement
9782-LGXMC,3025.75,0.0,High Value Customer,14.16,Low,Standard customer engagement
6352-TWCAU,3025.75,0.0,High Value Customer,14.16,Low,Standard customer engagement
8869-TORSS,2896.8,0.01,Low Priority,14.15,Low,Standard customer engagement
6257-RJOHI,203.2,0.22,Low Priority,14.15,Low,Standard customer engagement
5294-CDGWY,3024.3,0.0,High Value Customer,14.15,Low,Standard customer engagement
4636-JGAAI,3020.9,0.0,High Value Customer,14.13,Low,Standard customer engagement
7599-NTMDP,3019.4,0.0,High Value Customer,14.13,Low,Standard customer engagement
9948-YPTDG,3019.1,0.0,High Value Customer,14.12,Low,Standard customer engagement
4998-IKFSE,3013.5,0.0,High Value Customer,14.1,Low,Standard customer engagement
3001-UNBTL,3014.55,0.0,High Value Customer,14.1,Low,Standard customer engagement
4549-ZDQYY,3013.4,0.0,High Value Customer,14.1,Low,Standard customer engagement
1482-OXZSY,3012.0,0.0,High Value Customer,14.09,Low,Standard customer engagement
9089-UOWJG,700.2,0.18,Low Priority,14.08,Low,Standard customer engagement
0111-KLBQG,3006.4,0.0,High Value Customer,14.07,Low,Standard customer engagement
5386-THSLQ,3006.3,0.0,High Value Customer,14.06,Low,Standard customer engagement
4611-ANLQC,3003.0,0.0,High Value Customer,14.05,Low,Standard customer engagement
9647-ERGBE,3001.5,0.0,High Value Customer,14.04,Low,Standard customer engagement
4000-VGMQP,3000.1,0.0,High Value Customer,14.04,Low,Standard customer engagement
7771-CFQRQ,2998.6,0.0,Low Priority,14.03,Low,Standard customer engagement
1097-FSPVW,2291.1,0.055,Low Priority,14.02,Low,Standard customer engagement
6008-NAIXK,2994.3,0.0,Low Priority,14.01,Low,Standard customer engagement
7813-ZGGAW,2994.6,0.0,Low Priority,14.01,Low,Standard customer engagement
0471-LVHGK,2993.0,0.0,Low Priority,14.0,Low,Standard customer engagement
4826-TZEVA,2992.0,0.0,Low Priority,14.0,Low,Standard customer engagement
2495-KZNFB,2991.4500000000003,0.0,Low Priority,14.0,Low,Standard customer engagement
0674-DGMAQ,2992.0,0.0,Low Priority,14.0,Low,Standard customer engagement
6429-SHBCB,1322.4,0.13,Low Priority,13.99,Low,Standard customer engagement
6578-KRMAW,2988.8,0.0,Low Priority,13.98,Low,Standard customer engagement
3842-IYKUE,2985.5,0.0,Low Priority,13.97,Low,Standard customer engagement
1258-YMZNM,2983.5,0.0,Low Priority,13.96,Low,Standard customer engagement
3999-WRNGR,2985.0,0.0,Low Priority,13.96,Low,Standard customer engagement
2985-JUUBZ,2982.0,0.0,Low Priority,13.95,Low,Standard customer engagement
8290-YWKHZ,2982.4,0.0,Low Priority,13.95,Low,Standard customer engagement
4628-WQCQQ,2980.25,0.0,Low Priority,13.94,Low,Standard customer engagement
3957-LXOLK,2972.2000000000003,0.0,Low Priority,13.91,Low,Standard customer engagement
5498-TXHLF,2973.3,0.0,Low Priority,13.91,Low,Standard customer engagement
1051-GEJLJ,39.0,0.2287,Low Priority,13.9,Low,Standard customer engagement
1114-CENIM,2970.0,0.0,Low Priority,13.89,Low,Standard customer engagement
9000-PLFUZ,2967.0,0.0,Low Priority,13.88,Low,Standard customer engagement
9693-XMUOB,2964.75,0.0,Low Priority,13.87,Low,Standard customer engagement
1104-TNLZA,2962.4,0.0,Low Priority,13.86,Low,Standard customer engagement
2402-TAIRZ,2961.85,0.0,Low Priority,13.86,Low,Standard customer engagement
8868-WOZGU,2959.6,0.0,Low Priority,13.85,Low,Standard customer engagement
3174-AKMAS,2953.2000000000003,0.0,Low Priority,13.82,Low,Standard customer engagement
9150-HEPMB,2951.2000000000003,0.0,Low Priority,13.81,Low,Standard customer engagement
2091-MJTFX,1536.0,0.11,Low Priority,13.79,Low,Standard customer engagement
2692-BUCFV,2942.05,0.0,Low Priority,13.76,Low,Standard customer engagement
6723-CEGQI,2941.25,0.0,Low Priority,13.76,Low,Standard customer engagement
4622-YNKIJ,2935.35,0.0,Low Priority,13.73,Low,Standard customer engagement
3208-YPIOE,2934.75,0.0,Low Priority,13.73,Low,Standard customer engagement
7892-POOKP,2934.4,0.0,Low Priority,13.73,Low,Standard customer engagement
9592-ERDKV,2932.25,0.0,Low Priority,13.72,Low,Standard customer engagement
5899-OUVKV,2929.5,0.0,Low Priority,13.71,Low,Standard customer engagement
0298-XACET,2610.4,0.025,Low Priority,13.71,Low,Standard customer engagement
8624-GIOUT,2927.75,0.0,Low Priority,13.7,Low,Standard customer engagement
5846-QFDFI,2923.8,0.0,Low Priority,13.68,Low,Standard customer engagement
9904-EHEVJ,2923.2,0.0,Low Priority,13.68,Low,Standard customer engagement
7627-JKIAZ,2921.15,0.0,Low Priority,13.67,Low,Standard customer engagement
1929-ZCBHE,1894.1,0.08,Low Priority,13.66,Low,Standard customer engagement
3714-XPXBW,2919.3,0.0,Low Priority,13.66,Low,Standard customer engagement
0104-PPXDV,2917.4,0.0,Low Priority,13.65,Low,Standard customer engagement
7663-ZTEGJ,2915.95,0.0,Low Priority,13.64,Low,Standard customer engagement
5222-IMUKT,2913.6,0.0,Low Priority,13.63,Low,Standard customer engagement
7739-LAXOG,2913.6,0.0,Low Priority,13.63,Low,Standard customer engagement
6229-UOLQL,2912.0,0.0,Low Priority,13.62,Low,Standard customer engagement
8189-XRIKE,2910.4,0.0,Low Priority,13.62,Low,Standard customer engagement
5944-UGLLK,2909.7,0.0,Low Priority,13.61,Low,Standard customer engagement
0657-DOGUM,2908.8,0.0,Low Priority,13.61,Low,Standard customer engagement
1855-AGAWH,2907.8,0.0,Low Priority,13.6,Low,Standard customer engagement
8582-KRHPJ,1750.0,0.09,Low Priority,13.59,Low,Standard customer engagement
5153-RTHKF,2901.9,0.0,Low Priority,13.58,Low,Standard customer engagement
4940-KHCWD,2262.0,0.05,Low Priority,13.58,Low,Standard customer engagement
9830-ECLEN,2900.0,0.0,Low Priority,13.57,Low,Standard customer engagement
0666-UXTJO,2896.8,0.0,Low Priority,13.55,Low,Standard customer engagement
1910-FMXJM,2894.4,0.0,Low Priority,13.54,Low,Standard customer engagement
2357-COQEK,2892.4,0.0,Low Priority,13.53,Low,Standard customer engagement
6313-GIDIT,2885.8500000000004,0.0,Low Priority,13.5,Low,Standard customer engagement
5788-YPOEG,2881.5,0.0,Low Priority,13.48,Low,Standard customer engagement
2245-ADZFJ,2497.05,0.03,Low Priority,13.48,Low,Standard customer engagement
1041-RXHRA,2880.25,0.0,Low Priority,13.47,Low,Standard customer engagement
9060-HJJRW,2876.4,0.0,Low Priority,13.46,Low,Standard customer engagement
3565-UNOCC,2872.45,0.0,Low Priority,13.44,Low,Standard customer engagement
4821-SJHJV,2867.2,0.0,Low Priority,13.41,Low,Standard customer engagement
5692-FPTAH,45.4,0.22,Low Priority,13.41,Low,Standard customer engagement
0468-YRPXN,2865.2,0.0,Low Priority,13.4,Low,Standard customer engagement
4902-OHLSK,2860.8500000000004,0.0,Low Priority,13.38,Low,Standard customer engagement
8949-JTMAY,2859.4,0.0,Low Priority,13.38,Low,Standard customer engagement
3192-LNKRK,2857.7,0.0,Low Priority,13.37,Low,Standard customer engagement
1480-IVEVR,2856.0,0.0,Low Priority,13.36,Low,Standard customer engagement
4021-RQSNY,2856.5,0.0,Low Priority,13.36,Low,Standard customer engagement
8149-AIQCG,2852.8500000000004,0.0,Low Priority,13.35,Low,Standard customer engagement
3908-MKIMJ,2852.6000000000004,0.0,Low Priority,13.35,Low,Standard customer engagement
7136-IHZJA,2854.0,0.0,Low Priority,13.35,Low,Standard customer engagement
6092-QZVPP,2851.2000000000003,0.0,Low Priority,13.34,Low,Standard customer engagement
2475-MROZF,2850.0,0.0,Low Priority,13.33,Low,Standard customer engagement
6171-ZTVYB,2848.75,0.0,Low Priority,13.33,Low,Standard customer engagement
3621-CHYVB,2844.3,0.0,Low Priority,13.31,Low,Standard customer engagement
3023-GFLBR,2842.9500000000003,0.0,Low Priority,13.3,Low,Standard customer engagement
8738-JOKAR,2843.4,0.0,Low Priority,13.3,Low,Standard customer engagement
2055-SIFSS,2840.75,0.0,Low Priority,13.29,Low,Standard customer engagement
4598-ZADCK,2840.8,0.0,Low Priority,13.29,Low,Standard customer engagement
2212-LYASK,1237.95,0.125,Low Priority,13.29,Low,Standard customer engagement
5569-OUICF,2836.4,0.0,Low Priority,13.27,Low,Standard customer engagement
9574-RKJIF,2832.0,0.0,Low Priority,13.25,Low,Standard customer engagement
8294-UIMBA,2832.0,0.0,Low Priority,13.25,Low,Standard customer engagement
0635-WKOLD,2830.0,0.0,Low Priority,13.24,Low,Standard customer engagement
6941-KXRRV,2829.6000000000004,0.0,Low Priority,13.24,Low,Standard customer engagement
8329-UTMVM,2825.55,0.0,Low Priority,13.22,Low,Standard customer engagement
3976-BWUCK,2823.0,0.0,Low Priority,13.21,Low,Standard customer engagement
4353-HYOJD,1345.95,0.115,Low Priority,13.2,Low,Standard customer engagement
0022-TCJCI,2821.5,0.0,Low Priority,13.2,Low,Standard customer engagement
9600-UDOPK,2821.5,0.0,Low Priority,13.2,Low,Standard customer engagement
8571-ZCMCX,2820.0,0.0,Low Priority,13.19,Low,Standard customer engagement
1629-DQQVB,701.4,0.165,Low Priority,13.18,Low,Standard customer engagement
9670-BPNXF,2814.75,0.0,Low Priority,13.17,Low,Standard customer engagement
3096-JRDSO,2816.1,0.0,Low Priority,13.17,Low,Standard customer engagement
1921-KYSAY,2812.6,0.0,Low Priority,13.16,Low,Standard customer engagement
8608-OZTLB,2813.9,0.0,Low Priority,13.16,Low,Standard customer engagement
5692-ICXLW,2811.7000000000003,0.0,Low Priority,13.15,Low,Standard customer engagement
6486-LHTMA,2811.7000000000003,0.0,Low Priority,13.15,Low,Standard customer engagement
1338-CECEE,2808.5,0.0,Low Priority,13.14,Low,Standard customer engagement
6211-WHMYA,2806.4,0.0,Low Priority,13.13,Low,Standard customer engagement
5325-UWTWJ,2807.05,0.0,Low Priority,13.13,Low,Standard customer engagement
7272-QDCKA,2805.6,0.0,Low Priority,13.13,Low,Standard customer engagement
7241-AJHFS,2804.8,0.0,Low Priority,13.12,Low,Standard customer engagement
6933-FHBZC,1457.3,0.105,Low Priority,13.12,Low,Standard customer engagement
5245-VDBUR,1843.4,0.075,Low Priority,13.12,Low,Standard customer engagement
2996-XAUVF,2803.5,0.0,Low Priority,13.12,Low,Standard customer engagement
9500-LTVBP,2801.75,0.0,Low Priority,13.11,Low,Standard customer engagement
7025-WCBNE,2801.2000000000003,0.0,Low Priority,13.11,Low,Standard customer engagement
8668-KNZTI,2795.0,0.0,Low Priority,13.08,Low,Standard customer engagement
5862-BRIXZ,2794.5,0.0,Low Priority,13.07,Low,Standard customer engagement
4615-PIVVU,2793.0,0.0,Low Priority,13.07,Low,Standard customer engagement
6718-BDGHG,2788.55,0.0,Low Priority,13.05,Low,Standard customer engagement
9351-LZYGF,2788.8,0.0,Low Priority,13.05,Low,Standard customer engagement
3640-PHQXK,2786.9,0.0,Low Priority,13.04,Low,Standard customer engagement
2338-BQEZT,2780.25,0.0,Low Priority,13.01,Low,Standard customer engagement
1771-OADNZ,2781.1000000000004,0.0,Low Priority,13.01,Low,Standard customer engagement
2877-VDUER,1431.5,0.105,Low Priority,13.0,Low,Standard customer engagement
3026-ATZYV,2778.7,0.0,Low Priority,13.0,Low,Standard customer engagement
1855-CFULU,80.2,0.21,Low Priority,12.98,Low,Standard customer engagement
2675-OTVVJ,2772.9500000000003,0.0,Low Priority,12.97,Low,Standard customer engagement
5813-UECBU,2767.05,0.0,Low Priority,12.95,Low,Standard customer engagement
5898-IGSLP,2768.3,0.0,Low Priority,12.95,Low,Standard customer engagement
4565-EVZMJ,2768.3,0.0,Low Priority,12.95,Low,Standard customer engagement
3926-YZVVX,2052.05,0.055,Low Priority,12.9,Low,Standard customer engagement
1925-LFCZZ,2752.75,0.0,Low Priority,12.88,Low,Standard customer engagement
9323-HGFWY,2751.3,0.0,Low Priority,12.87,Low,Standard customer engagement
2684-EIWEO,2751.0,0.0,Low Priority,12.87,Low,Standard customer engagement
5307-DZCVC,2750.4,0.0,Low Priority,12.87,Low,Standard customer engagement
3550-SAHFP,2750.55,0.0,Low Priority,12.87,Low,Standard customer engagement
0930-EHUZA,2748.6,0.0,Low Priority,12.86,Low,Standard customer engagement
1622-HSHSF,19.55,0.2128,Low Priority,12.86,Low,Standard customer engagement
8100-HZZLJ,2749.85,0.0,Low Priority,12.86,Low,Standard customer engagement
6900-PXRMS,2749.5,0.0,Low Priority,12.86,Low,Standard customer engagement
9777-WJJPR,2748.15,0.0,Low Priority,12.86,Low,Standard customer engagement
9972-NKTFD,1530.2,0.095,Low Priority,12.86,Low,Standard customer engagement
4831-EOBFE,2744.8500000000004,0.0,Low Priority,12.84,Low,Standard customer engagement
0479-HMSWA,2741.7000000000003,0.0,Low Priority,12.83,Low,Standard customer engagement
8242-PDSGJ,2740.5,0.0,Low Priority,12.82,Low,Standard customer engagement
9253-QXKBE,2739.05,0.0,Low Priority,12.81,Low,Standard customer engagement
3948-FVVRP,493.2,0.175,Low Priority,12.81,Low,Standard customer engagement
0886-QGENL,2733.75,0.0,Low Priority,12.79,Low,Standard customer engagement
5766-ZJYBB,19.4,0.2116,Low Priority,12.79,Low,Standard customer engagement
9040-KZVWO,1963.0,0.06,Low Priority,12.78,Low,Standard customer engagement
3536-IQCTX,2729.6,0.0,Low Priority,12.77,Low,Standard customer engagement
4174-LPGTI,2726.5,0.0,Low Priority,12.76,Low,Standard customer engagement
7587-AOVVU,2720.25,0.0,Low Priority,12.73,Low,Standard customer engagement
9606-PBKBQ,2720.0,0.0,Low Priority,12.73,Low,Standard customer engagement
6483-OATDN,410.4,0.18,Low Priority,12.72,Low,Standard customer engagement
1866-NXPSP,2719.8,0.0,Low Priority,12.72,Low,Standard customer engagement
1716-LSAMB,2459.25,0.02,Low Priority,12.71,Low,Standard customer engagement
4673-KKSLS,2715.6,0.0,Low Priority,12.7,Low,Standard customer engagement
1852-XEMDW,1431.1,0.1,Low Priority,12.7,Low,Standard customer engagement
6741-EGCBI,2715.0,0.0,Low Priority,12.7,Low,Standard customer engagement
5724-BIDBU,2712.15,0.0,Low Priority,12.69,Low,Standard customer engagement
8496-DMZUK,2712.0,0.0,Low Priority,12.69,Low,Standard customer engagement
8982-NHAVY,2713.5,0.0,Low Priority,12.69,Low,Standard customer engagement
1431-AIDJQ,2709.3,0.0,Low Priority,12.68,Low,Standard customer engagement
7274-CGTOD,2709.4,0.0,Low Priority,12.68,Low,Standard customer engagement
6032-KRXXO,2707.5,0.0,Low Priority,12.67,Low,Standard customer engagement
6967-PEJLL,1487.4,0.095,Low Priority,12.66,Low,Standard customer engagement
2348-KCJLT,2706.0,0.0,Low Priority,12.66,Low,Standard customer engagement
3249-VHRIP,2703.2000000000003,0.0,Low Priority,12.65,Low,Standard customer engagement
6635-CPNUN,2704.8,0.0,Low Priority,12.65,Low,Standard customer engagement
6267-DCFFZ,2701.5,0.0,Low Priority,12.64,Low,Standard customer engagement
0742-MOABM,200.2,0.195,Low Priority,12.64,Low,Standard customer engagement
8882-TLVRW,2697.9,0.0,Low Priority,12.62,Low,Standard customer engagement
4811-JBUVU,2697.0,0.0,Low Priority,12.62,Low,Standard customer engagement
6873-UDNLD,2698.0,0.0,Low Priority,12.62,Low,Standard customer engagement
4948-WBBKL,2696.4,0.0,Low Priority,12.61,Low,Standard customer engagement
3707-LRWZD,2689.6,0.0,Low Priority,12.58,Low,Standard customer engagement
7129-AZJDE,2684.3,0.0,Low Priority,12.56,Low,Standard customer engagement
4911-BANWH,2683.05,0.0,Low Priority,12.55,Low,Standard customer engagement
1154-HYWWO,2682.8,0.0,Low Priority,12.55,Low,Standard customer engagement
3282-ZISZV,2678.4,0.0,Low Priority,12.53,Low,Standard customer engagement
5306-BVTKJ,2678.4,0.0,Low Priority,12.53,Low,Standard customer engagement
5061-PBXFW,1964.8,0.055,Low Priority,12.49,Low,Standard customer engagement
5872-OEQNH,2667.0,0.0,Low Priority,12.48,Low,Standard customer engagement
2843-CQMEG,1192.8000000000002,0.115,Low Priority,12.48,Low,Standard customer engagement
9938-ZREHM,2667.7,0.0,Low Priority,12.48,Low,Standard customer engagement
4825-XJGDM,2665.7000000000003,0.0,Low Priority,12.47,Low,Standard customer engagement
7657-DYEPJ,2665.7000000000003,0.0,Low Priority,12.47,Low,Standard customer engagement
0303-UNCIP,2665.0,0.0,Low Priority,12.47,Low,Standard customer engagement
6177-PEVRA,2664.0,0.0,Low Priority,12.46,Low,Standard customer engagement
6890-PFRQX,1251.0,0.11,Low Priority,12.45,Low,Standard customer engagement
1689-MRZQR,2662.2,0.0,Low Priority,12.45,Low,Standard customer engagement
7459-IMVYU,2658.1,0.0,Low Priority,12.44,Low,Standard customer engagement
0454-OKRCT,2659.8,0.0,Low Priority,12.44,Low,Standard customer engagement
5130-IEKQT,2648.75,0.0,Low Priority,12.39,Low,Standard customer engagement
1834-ABKHQ,2649.4,0.0,Low Priority,12.39,Low,Standard customer engagement
5472-CVMDX,2645.2,0.0,Low Priority,12.38,Low,Standard customer engagement
1481-ZUWZA,2646.0,0.0,Low Priority,12.38,Low,Standard customer engagement
2242-MFOTG,2643.3,0.0,Low Priority,12.37,Low,Standard customer engagement
0513-RBGPE,2323.6,0.025,Low Priority,12.37,Low,Standard customer engagement
8690-UPCZI,2002.45,0.05,Low Priority,12.37,Low,Standard customer engagement
1596-BBVTG,2637.25,0.0,Low Priority,12.34,Low,Standard customer engagement
7674-YTAFD,2638.35,0.0,Low Priority,12.34,Low,Standard customer engagement
9127-QRZMH,2633.4,0.0,Low Priority,12.32,Low,Standard customer engagement
9821-POOTN,2632.0,0.0,Low Priority,12.31,Low,Standard customer engagement
5216-WASFJ,2630.35,0.0,Low Priority,12.31,Low,Standard customer engagement
5018-LXQQG,1989.0,0.05,Low Priority,12.31,Low,Standard customer engagement
8224-UAXBZ,2630.3,0.0,Low Priority,12.31,Low,Standard customer engagement
3445-HXXGF,2627.4,0.0,Low Priority,12.29,Low,Standard customer engagement
0523-VNGTF,2626.0,0.0,Low Priority,12.29,Low,Standard customer engagement
2455-USLMV,2627.25,0.0,Low Priority,12.29,Low,Standard customer engagement
9086-YJYXS,2624.8,0.0,Low Priority,12.28,Low,Standard customer engagement
6992-TKNYO,2622.0,0.0,Low Priority,12.27,Low,Standard customer engagement
9601-BRXPO,2623.75,0.0,Low Priority,12.27,Low,Standard customer engagement
9033-EOXWV,888.5999999999999,0.135,Low Priority,12.26,Low,Standard customer engagement
2725-IWWBA,2617.4,0.0,Low Priority,12.25,Low,Standard customer engagement
2087-QAREY,1203.4,0.11,Low Priority,12.23,Low,Standard customer engagement
6574-MCOEH,2611.9500000000003,0.0,Low Priority,12.22,Low,Standard customer engagement
7016-NVRIC,2612.9,0.0,Low Priority,12.22,Low,Standard customer engagement
7714-YXSMB,2613.0,0.0,Low Priority,12.22,Low,Standard customer engagement
6538-POCHL,2607.0,0.0,Low Priority,12.2,Low,Standard customer engagement
7147-AYBAA,2602.95,0.0,Low Priority,12.18,Low,Standard customer engagement
4795-WRNVT,2604.0,0.0,Low Priority,12.18,Low,Standard customer engagement
5149-CUZUJ,2601.2000000000003,0.0,Low Priority,12.17,Low,Standard customer engagement
6897-UUBNU,2599.8500000000004,0.0,Low Priority,12.16,Low,Standard customer engagement
0719-SYFRB,739.8,0.145,Low Priority,12.16,Low,Standard customer engagement
3441-CGZJH,2597.2,0.0,Low Priority,12.15,Low,Standard customer engagement
6259-WJQLC,2595.2,0.0,Low Priority,12.14,Low,Standard customer engagement
8812-ZRHFP,2593.5,0.0,Low Priority,12.13,Low,Standard customer engagement
6368-NWMCE,2589.7000000000003,0.0,Low Priority,12.12,Low,Standard customer engagement
3348-CFRNX,2585.8,0.0,Low Priority,12.1,Low,Standard customer engagement
2082-OJVTK,2586.8,0.0,Low Priority,12.1,Low,Standard customer engagement
7893-IXHRQ,20.55,0.2,Low Priority,12.1,Low,Standard customer engagement
5307-UVGNB,2581.1000000000004,0.0,Low Priority,12.08,Low,Standard customer engagement
3597-MVHJT,2581.2,0.0,Low Priority,12.08,Low,Standard customer engagement
8417-GSODA,2581.6,0.0,Low Priority,12.08,Low,Standard customer engagement
3397-AVTKU,2580.0,0.0,Low Priority,12.07,Low,Standard customer engagement
0628-CNQRM,1485.0,0.085,Low Priority,12.05,Low,Standard customer engagement
0866-QLSIR,2189.6000000000004,0.03,Low Priority,12.04,Low,Standard customer engagement
2577-GVSIL,2570.75,0.0,Low Priority,12.03,Low,Standard customer engagement
5389-FFVKB,2569.6,0.0,Low Priority,12.02,Low,Standard customer engagement
8695-ARGXZ,2568.7,0.0,Low Priority,12.02,Low,Standard customer engagement
6402-ZFPPI,2570.0,0.0,Low Priority,12.02,Low,Standard customer engagement
6461-PPAXN,1923.25,0.05,Low Priority,12.0,Low,Standard customer engagement
9362-MWODR,2564.0,0.0,Low Priority,12.0,Low,Standard customer engagement
6559-PDZLR,2564.9,0.0,Low Priority,12.0,Low,Standard customer engagement
1194-HVAIF,2565.0,0.0,Low Priority,12.0,Low,Standard customer engagement
3370-GQEAL,2563.5,0.0,Low Priority,11.99,Low,Standard customer engagement
6635-MYYYZ,2560.5,0.0,Low Priority,11.98,Low,Standard customer engagement
6416-JNVRK,2559.9,0.0,Low Priority,11.98,Low,Standard customer engagement
5125-CNDSP,2557.8,0.0,Low Priority,11.97,Low,Standard customer engagement
3132-TVFDZ,2556.4500000000003,0.0,Low Priority,11.96,Low,Standard customer engagement
2150-WLKUW,2556.0,0.0,Low Priority,11.96,Low,Standard customer engagement
3126-WQMGH,2555.35,0.0,Low Priority,11.95,Low,Standard customer engagement
7927-AUXBZ,2554.5,0.0,Low Priority,11.95,Low,Standard customer engagement
2851-STERV,2555.0,0.0,Low Priority,11.95,Low,Standard customer engagement
3736-BLEPA,2555.0,0.0,Low Priority,11.95,Low,Standard customer engagement
4971-PUYQO,2552.85,0.0,Low Priority,11.94,Low,Standard customer engagement
3209-ZPKFI,2549.75,0.0,Low Priority,11.93,Low,Standard customer engagement
5294-DMSFH,2546.2,0.0,Low Priority,11.91,Low,Standard customer engagement
4186-ZBUEW,2545.2000000000003,0.0,Low Priority,11.91,Low,Standard customer engagement
1730-ZMAME,2544.0,0.0,Low Priority,11.9,Low,Standard customer engagement
9029-FEGVJ,2537.6,0.0,Low Priority,11.87,Low,Standard customer engagement
0701-TJSEF,614.25,0.15,Low Priority,11.87,Low,Standard customer engagement
7614-QVWQL,2538.2,0.0,Low Priority,11.87,Low,Standard customer engagement
0222-CNVPT,2537.6,0.0,Low Priority,11.87,Low,Standard customer engagement
1422-DGUBX,2536.0,0.0,Low Priority,11.86,Low,Standard customer engagement
2625-TRCZQ,2532.15,0.0,Low Priority,11.85,Low,Standard customer engagement
0215-BQKGS,2529.0,0.0,Low Priority,11.83,Low,Standard customer engagement
4445-KWOKW,2526.3,0.0,Low Priority,11.82,Low,Standard customer engagement
4826-DXMUP,2523.5,0.0,Low Priority,11.81,Low,Standard customer engagement
0019-GFNTW,2522.8,0.0,Low Priority,11.8,Low,Standard customer engagement
6252-DFGTK,2519.7,0.0,Low Priority,11.79,Low,Standard customer engagement
8182-BJDSI,2518.6,0.0,Low Priority,11.78,Low,Standard customer engagement
8751-EDEKA,2517.2000000000003,0.0,Low Priority,11.78,Low,Standard customer engagement
6341-JVQGF,2515.65,0.0,Low Priority,11.77,Low,Standard customer engagement
3038-PQIUY,2513.7000000000003,0.0,Low Priority,11.76,Low,Standard customer engagement
6599-CEBNN,2514.3,0.0,Low Priority,11.76,Low,Standard customer engagement
8625-AZYZY,2511.6000000000004,0.0,Low Priority,11.75,Low,Standard customer engagement
6128-DAFVY,2511.6,0.0,Low Priority,11.75,Low,Standard customer engagement
5060-TQUQN,2506.5,0.0,Low Priority,11.73,Low,Standard customer engagement
3393-FMZPV,2506.25,0.0,Low Priority,11.73,Low,Standard customer engagement
7253-UVNDW,2500.1,0.0,Low Priority,11.7,Low,Standard customer engagement
9674-EHPPG,1858.4,0.05,Low Priority,11.69,Low,Standard customer engagement
8313-NDOIA,2499.6000000000004,0.0,Low Priority,11.69,Low,Standard customer engagement
9207-ZPANB,2495.65,0.0,Low Priority,11.68,Low,Standard customer engagement
8819-IMISP,2493.9500000000003,0.0,Low Priority,11.67,Low,Standard customer engagement
4676-WLUHT,2494.8,0.0,Low Priority,11.67,Low,Standard customer engagement
8053-WWDRO,117.0,0.185,Low Priority,11.65,Low,Standard customer engagement
9885-AIBVB,2488.2,0.0,Low Priority,11.64,Low,Standard customer engagement
4009-ALQFH,2487.5,0.0,Low Priority,11.64,Low,Standard customer engagement
5126-RCXYW,2484.0,0.0,Low Priority,11.62,Low,Standard customer engagement
0384-LPITE,2482.0,0.0,Low Priority,11.61,Low,Standard customer engagement
8929-KSWIH,2482.5,0.0,Low Priority,11.61,Low,Standard customer engagement
8727-XDPUD,1324.6,0.09,Low Priority,11.6,Low,Standard customer engagement
2162-FRZAA,2479.05,0.0,Low Priority,11.6,Low,Standard customer engagement
7269-JISCY,2477.75,0.0,Low Priority,11.59,Low,Standard customer engagement
6103-QCKFX,2475.0,0.0,Low Priority,11.58,Low,Standard customer engagement
3814-MLAXC,2475.35,0.0,Low Priority,11.58,Low,Standard customer engagement
7707-PYBBH,2476.0,0.0,Low Priority,11.58,Low,Standard customer engagement
1597-LHYNC,2470.0,0.0,Low Priority,11.56,Low,Standard customer engagement
2034-CGRHZ,2470.8,0.0,Low Priority,11.56,Low,Standard customer engagement
0983-TATYJ,1697.85,0.06,Low Priority,11.54,Low,Standard customer engagement
9591-YVTEB,2466.75,0.0,Low Priority,11.54,Low,Standard customer engagement
4115-UMJFQ,2466.75,0.0,Low Priority,11.54,Low,Standard customer engagement
1766-GKNMI,2462.1000000000004,0.0,Low Priority,11.52,Low,Standard customer engagement
4767-HZZHQ,2461.5,0.0,Low Priority,11.52,Low,Standard customer engagement
6302-JGYRJ,2462.9500000000003,0.0,Low Priority,11.52,Low,Standard customer engagement
4598-XLKNJ,2462.5,0.0,Low Priority,11.52,Low,Standard customer engagement
0076-LVEPS,1305.0,0.09,Low Priority,11.51,Low,Standard customer engagement
2884-GBPFB,2460.5,0.0,Low Priority,11.51,Low,Standard customer engagement
2486-WYVVE,2458.3,0.0,Low Priority,11.5,Low,Standard customer engagement
3410-YOQBQ,2455.2000000000003,0.0,Low Priority,11.49,Low,Standard customer engagement
3160-TYXLT,2453.9,0.0,Low Priority,11.48,Low,Standard customer engagement
8620-RJPZN,20.7,0.1895,Low Priority,11.47,Low,Standard customer engagement
4086-ATNFV,2067.2,0.03,Low Priority,11.47,Low,Standard customer engagement
2683-BPJSO,2449.05,0.0,Low Priority,11.46,Low,Standard customer engagement
8118-LSUEL,2447.2000000000003,0.0,Low Priority,11.45,Low,Standard customer engagement
5753-QQWPW,1677.2,0.06,Low Priority,11.45,Low,Standard customer engagement
5117-IFGPS,2444.7,0.0,Low Priority,11.44,Low,Standard customer engagement
7854-EKTJL,39.2,0.1875,Low Priority,11.43,Low,Standard customer engagement
5619-PTMIK,2442.6,0.0,Low Priority,11.43,Low,Standard customer engagement
9912-GVSEQ,2440.1,0.0,Low Priority,11.42,Low,Standard customer engagement
8672-OAUPW,2440.35,0.0,Low Priority,11.42,Low,Standard customer engagement
0017-DINOC,2440.8,0.0,Low Priority,11.42,Low,Standard customer engagement
5393-HJZSM,2441.6,0.0,Low Priority,11.42,Low,Standard customer engagement
6289-CPNLD,2438.7000000000003,0.0,Low Priority,11.41,Low,Standard customer engagement
5906-CVLHP,2436.75,0.0,Low Priority,11.4,Low,Standard customer engagement
7402-EYFXX,2433.6,0.0,Low Priority,11.39,Low,Standard customer engagement
1173-NOEYG,2434.05,0.0,Low Priority,11.39,Low,Standard customer engagement
4183-WCSEP,2431.9500000000003,0.0,Low Priority,11.38,Low,Standard customer engagement
8910-LEDAG,2432.7,0.0,Low Priority,11.38,Low,Standard customer engagement
4597-NUCQV,2430.0,0.0,Low Priority,11.37,Low,Standard customer engagement
7349-ALMUX,2427.2,0.0,Low Priority,11.36,Low,Standard customer engagement
2430-USGXP,2425.2,0.0,Low Priority,11.35,Low,Standard customer engagement
0942-KOWSM,2424.0,0.0,Low Priority,11.34,Low,Standard customer engagement
7721-JXEAW,2421.95,0.0,Low Priority,11.33,Low,Standard customer engagement
9473-CBZOP,1652.0,0.06,Low Priority,11.33,Low,Standard customer engagement
8221-HVAYI,2420.25,0.0,Low Priority,11.32,Low,Standard customer engagement
3522-CDKHF,2416.0,0.0,Low Priority,11.3,Low,Standard customer engagement
4385-ZKVNW,2415.6,0.0,Low Priority,11.3,Low,Standard customer engagement
4580-TMHJU,2414.45,0.0,Low Priority,11.3,Low,Standard customer engagement
9609-BENEA,2415.0,0.0,Low Priority,11.3,Low,Standard customer engagement
9364-YKUVW,297.0,0.165,Low Priority,11.29,Low,Standard customer engagement
2692-PFYTJ,25.75,0.1862,Low Priority,11.29,Low,Standard customer engagement
2292-XQWSV,2412.0,0.0,Low Priority,11.28,Low,Standard customer engagement
4190-MFLUW,552.0,0.145,Low Priority,11.28,Low,Standard customer engagement
1818-ESQMW,2408.4,0.0,Low Priority,11.27,Low,Standard customer engagement
5995-SNNEW,2402.35,0.0,Low Priority,11.24,Low,Standard customer engagement
2616-UUTFK,2400.75,0.0,Low Priority,11.23,Low,Standard customer engagement
3794-NFNCH,1500.0,0.07,Low Priority,11.22,Low,Standard customer engagement
7284-ZZLOH,2398.5,0.0,Low Priority,11.22,Low,Standard customer engagement
3521-SYVOR,2395.75,0.0,Low Priority,11.21,Low,Standard customer engagement
0265-EDXBD,2396.8,0.0,Low Priority,11.21,Low,Standard customer engagement
8046-DNVTL,2393.2000000000003,0.0,Low Priority,11.2,Low,Standard customer engagement
4391-RESHN,2393.15,0.0,Low Priority,11.2,Low,Standard customer engagement
7750-EYXWZ,727.8,0.13,Low Priority,11.2,Low,Standard customer engagement
4226-KKDON,533.2,0.145,Low Priority,11.19,Low,Standard customer engagement
5985-TBABQ,2392.0,0.0,Low Priority,11.19,Low,Standard customer engagement
0447-RXSGD,2391.6000000000004,0.0,Low Priority,11.19,Low,Standard customer engagement
7011-CVEUC,2392.5,0.0,Low Priority,11.19,Low,Standard customer engagement
8069-RHUXK,2391.9,0.0,Low Priority,11.19,Low,Standard customer engagement
1785-BPHTP,2392.6,0.0,Low Priority,11.19,Low,Standard customer engagement
6064-ZATLR,1426.95,0.075,Low Priority,11.18,Low,Standard customer engagement
6981-TDRFT,2389.2,0.0,Low Priority,11.18,Low,Standard customer engagement
4248-HCETZ,2389.5,0.0,Low Priority,11.18,Low,Standard customer engagement
6397-JNZZG,2388.65,0.0,Low Priority,11.17,Low,Standard customer engagement
0504-HHAPI,2384.1,0.0,Low Priority,11.15,Low,Standard customer engagement
9619-GSATL,2384.35,0.0,Low Priority,11.15,Low,Standard customer engagement
5480-TBGPH,2383.2,0.0,Low Priority,11.15,Low,Standard customer engagement
7029-IJEJK,2381.4,0.0,Low Priority,11.14,Low,Standard customer engagement
5081-NWSUP,649.0,0.135,Low Priority,11.14,Low,Standard customer engagement
6641-XRPSU,2380.0,0.0,Low Priority,11.13,Low,Standard customer engagement
3003-CMDUU,2378.75,0.0,Low Priority,11.13,Low,Standard customer engagement
5583-EJXRD,2378.2,0.0,Low Priority,11.13,Low,Standard customer engagement
8080-POTJR,2379.0,0.0,Low Priority,11.13,Low,Standard customer engagement
6738-ISCBM,2376.0,0.0,Low Priority,11.12,Low,Standard customer engagement
0343-QLUZP,2376.0,0.0,Low Priority,11.12,Low,Standard customer engagement
8627-EHGIP,2373.8,0.0,Low Priority,11.11,Low,Standard customer engagement
0463-WZZKO,62.25,0.18,Low Priority,11.09,Low,Standard customer engagement
7079-QRCBC,2370.0,0.0,Low Priority,11.09,Low,Standard customer engagement
7931-PXHFC,2367.4,0.0,Low Priority,11.08,Low,Standard customer engagement
0148-DCDOS,2367.5,0.0,Low Priority,11.08,Low,Standard customer engagement
9172-JITSM,2360.8,0.0,Low Priority,11.04,Low,Standard customer engagement
9330-DHBFL,1523.75,0.065,Low Priority,11.03,Low,Standard customer engagement
8486-AYEQH,2357.55,0.0,Low Priority,11.03,Low,Standard customer engagement
2498-XLDZR,2355.2,0.0,Low Priority,11.02,Low,Standard customer engagement
7995-ZHHNZ,2356.2000000000003,0.0,Low Priority,11.02,Low,Standard customer engagement
7541-YLXCL,2354.4,0.0,Low Priority,11.01,Low,Standard customer engagement
7594-LZNWR,2351.1000000000004,0.0,Low Priority,11.0,Low,Standard customer engagement
2969-WGHQO,486.15,0.145,Low Priority,10.97,Low,Standard customer engagement
8745-PVESG,2342.7000000000003,0.0,Low Priority,10.96,Low,Standard customer engagement
0975-UYDTX,2342.6,0.0,Low Priority,10.96,Low,Standard customer engagement
2616-FLVQC,1251.2,0.085,Low Priority,10.95,Low,Standard customer engagement
4508-OEBEY,2340.5,0.0,Low Priority,10.95,Low,Standard customer engagement
0052-YNYOT,1376.85,0.075,Low Priority,10.94,Low,Standard customer engagement
5419-JKZNQ,2337.0,0.0,Low Priority,10.93,Low,Standard customer engagement
7338-ERIVA,1756.9499999999998,0.045,Low Priority,10.92,Low,Standard customer engagement
0141-YEAYS,2334.15,0.0,Low Priority,10.92,Low,Standard customer engagement
9526-JAWYF,2334.8,0.0,Low Priority,10.92,Low,Standard customer engagement
0115-TFERT,2335.2000000000003,0.0,Low Priority,10.92,Low,Standard customer engagement
8033-ATFAS,2334.15,0.0,Low Priority,10.92,Low,Standard customer engagement
6047-SUHPR,2332.2,0.0,Low Priority,10.91,Low,Standard customer engagement
6663-JOCQO,2332.75,0.0,Low Priority,10.91,Low,Standard customer engagement
9730-DRTMJ,2329.6,0.0,Low Priority,10.9,Low,Standard customer engagement
3347-YJZZE,2322.9,0.0,Low Priority,10.87,Low,Standard customer engagement
4818-DRBQT,2324.3500000000004,0.0,Low Priority,10.87,Low,Standard customer engagement
6726-WEXXK,2319.3,0.0,Low Priority,10.85,Low,Standard customer engagement
6005-OBZPH,2317.9,0.0,Low Priority,10.84,Low,Standard customer engagement
7826-VVKWT,2317.2,0.0,Low Priority,10.84,Low,Standard customer engagement
4328-VUFWD,2312.7,0.0,Low Priority,10.82,Low,Standard customer engagement
4819-HJPIW,452.7,0.145,Low Priority,10.82,Low,Standard customer engagement
0311-UNPFF,2308.8,0.0,Low Priority,10.8,Low,Standard customer engagement
0074-HDKDG,1540.0,0.06,Low Priority,10.8,Low,Standard customer engagement
6365-MTGZX,2304.0,0.0,Low Priority,10.78,Low,Standard customer engagement
2446-ZKVAF,1022.4,0.1,Low Priority,10.78,Low,Standard customer engagement
8063-GBATB,2301.75,0.0,Low Priority,10.77,Low,Standard customer engagement
9746-YKGXB,2301.0,0.0,Low Priority,10.76,Low,Standard customer engagement
1708-PBBOA,2299.5,0.0,Low Priority,10.76,Low,Standard customer engagement
9871-ELEYA,2300.1000000000004,0.0,Low Priority,10.76,Low,Standard customer engagement
9445-ZUEQE,2300.4,0.0,Low Priority,10.76,Low,Standard customer engagement
3511-APPBJ,2298.85,0.0,Low Priority,10.75,Low,Standard customer engagement
0320-JDNQG,2296.55,0.0,Low Priority,10.74,Low,Standard customer engagement
1094-BKOSX,2295.0,0.0,Low Priority,10.74,Low,Standard customer engagement
5382-TEMLV,2290.5,0.0,Low Priority,10.72,Low,Standard customer engagement
2959-EEXWB,2290.5,0.0,Low Priority,10.72,Low,Standard customer engagement
2091-RFFBA,2290.9,0.0,Low Priority,10.72,Low,Standard customer engagement
9774-NRNAU,2289.6,0.0,Low Priority,10.71,Low,Standard customer engagement
6752-APNJL,2289.0,0.0,Low Priority,10.71,Low,Standard customer engagement
6311-UEUME,2288.1000000000004,0.0,Low Priority,10.7,Low,Standard customer engagement
1898-JSNDC,2285.4,0.0,Low Priority,10.69,Low,Standard customer engagement
3934-HXCFZ,2282.75,0.0,Low Priority,10.68,Low,Standard customer engagement
8106-GWQOK,2280.0,0.0,Low Priority,10.67,Low,Standard customer engagement
6360-SVNWV,2280.05,0.0,Low Priority,10.67,Low,Standard customer engagement
1015-OWJKI,19.05,0.1762,Low Priority,10.66,Low,Standard customer engagement
5338-YHWYT,2273.65,0.0,Low Priority,10.64,Low,Standard customer engagement
4160-AMJTL,157.2,0.165,Low Priority,10.64,Low,Standard customer engagement
9256-JTBNZ,223.3,0.16,Low Priority,10.64,Low,Standard customer engagement
9163-GHAYE,732.75,0.12,Low Priority,10.63,Low,Standard customer engagement
4500-HKANN,1373.1,0.07,Low Priority,10.62,Low,Standard customer engagement
9058-MJLZC,2270.4,0.0,Low Priority,10.62,Low,Standard customer engagement
9133-AYJZG,2270.1,0.0,Low Priority,10.62,Low,Standard customer engagement
4139-JPIAM,2266.9500000000003,0.0,Low Priority,10.61,Low,Standard customer engagement
6156-UZDLF,2265.9,0.0,Low Priority,10.6,Low,Standard customer engagement
8017-UVSZU,2264.0,0.0,Low Priority,10.59,Low,Standard customer engagement
0822-QGCXA,2263.95,0.0,Low Priority,10.59,Low,Standard customer engagement
7605-SNLQG,2261.25,0.0,Low Priority,10.58,Low,Standard customer engagement
9360-OMDZZ,2258.4,0.0,Low Priority,10.57,Low,Standard customer engagement
4607-CHPCA,2260.0,0.0,Low Priority,10.57,Low,Standard customer engagement
3956-MGXOG,2256.8,0.0,Low Priority,10.56,Low,Standard customer engagement
6478-HRRCZ,2256.0,0.0,Low Priority,10.55,Low,Standard customer engagement
8404-FYDIB,2252.9,0.0,Low Priority,10.54,Low,Standard customer engagement
7112-OPOTK,2252.25,0.0,Low Priority,10.54,Low,Standard customer engagement
5324-KTGCG,1480.35,0.06,Low Priority,10.53,Low,Standard customer engagement
9518-IMLHK,2245.9500000000003,0.0,Low Priority,10.51,Low,Standard customer engagement
9189-JWSHV,2245.2,0.0,Low Priority,10.5,Low,Standard customer engagement
0191-ZHSKZ,2242.5,0.0,Low Priority,10.49,Low,Standard customer engagement
8922-LIEGH,2242.5,0.0,Low Priority,10.49,Low,Standard customer engagement
9702-AIUJO,2240.0,0.0,Low Priority,10.48,Low,Standard customer engagement
4628-CTTLA,2240.1,0.0,Low Priority,10.48,Low,Standard customer engagement
2840-XANRC,2235.6000000000004,0.0,Low Priority,10.46,Low,Standard customer engagement
5201-USSQZ,2233.4,0.0,Low Priority,10.45,Low,Standard customer engagement
4883-QICIH,2232.0,0.0,Low Priority,10.44,Low,Standard customer engagement
2460-FPSYH,2232.0,0.0,Low Priority,10.44,Low,Standard customer engagement
2371-JQHZZ,2232.0,0.0,Low Priority,10.44,Low,Standard customer engagement
7157-SMCFK,1204.75,0.08,Low Priority,10.44,Low,Standard customer engagement
1371-WEPDS,2232.0,0.0,Low Priority,10.44,Low,Standard customer engagement
0118-JPNOY,2230.8,0.0,Low Priority,10.44,Low,Standard customer engagement
3323-CPBWR,2228.7000000000003,0.0,Low Priority,10.43,Low,Standard customer engagement
8429-XIBUM,2229.7,0.0,Low Priority,10.43,Low,Standard customer engagement
1309-BXVOQ,2228.1,0.0,Low Priority,10.42,Low,Standard customer engagement
2685-SREOM,2227.5,0.0,Low Priority,10.42,Low,Standard customer engagement
0869-PAPRP,2228.2000000000003,0.0,Low Priority,10.42,Low,Standard customer engagement
7244-QWYHG,2222.5,0.0,Low Priority,10.4,Low,Standard customer engagement
6595-YGXIT,2223.75,0.0,Low Priority,10.4,Low,Standard customer engagement
7017-VFULY,40.2,0.17,Low Priority,10.39,Low,Standard customer engagement
5590-BYNII,2216.5,0.0,Low Priority,10.37,Low,Standard customer engagement
8570-KLJYJ,1960.2,0.02,Low Priority,10.37,Low,Standard customer engagement
7392-YYPYJ,2214.3,0.0,Low Priority,10.36,Low,Standard customer engagement
3709-OIJEA,2215.2000000000003,0.0,Low Priority,10.36,Low,Standard customer engagement
0708-SJDIS,2210.0,0.0,Low Priority,10.34,Low,Standard customer engagement
2657-ALMWY,2208.7000000000003,0.0,Low Priority,10.33,Low,Standard customer engagement
9513-DXHDA,2205.9,0.0,Low Priority,10.32,Low,Standard customer engagement
6682-VCIXC,2203.75,0.0,Low Priority,10.31,Low,Standard customer engagement
2476-YGEFM,2204.0,0.0,Low Priority,10.31,Low,Standard customer engagement
0818-OCPZO,2199.15,0.0,Low Priority,10.29,Low,Standard customer engagement
5022-KVDQT,2195.1,0.0,Low Priority,10.27,Low,Standard customer engagement
5149-TGWDZ,2195.55,0.0,Low Priority,10.27,Low,Standard customer engagement
0654-HMSHN,2192.4,0.0,Low Priority,10.26,Low,Standard customer engagement
4423-YLHDV,2192.4,0.0,Low Priority,10.26,Low,Standard customer engagement
4115-BNPJY,2190.95,0.0,Low Priority,10.25,Low,Standard customer engagement
9793-WECQC,2191.9,0.0,Low Priority,10.25,Low,Standard customer engagement
5956-YHHRX,2191.35,0.0,Low Priority,10.25,Low,Standard customer engagement
5203-XEHAX,2187.9,0.0,Low Priority,10.24,Low,Standard customer engagement
8409-WQJUX,1355.0,0.065,Low Priority,10.24,Low,Standard customer engagement
6242-MBHPK,2187.3,0.0,Low Priority,10.23,Low,Standard customer engagement
4730-AWNAU,2185.2000000000003,0.0,Low Priority,10.22,Low,Standard customer engagement
3014-WJKSM,2183.7,0.0,Low Priority,10.22,Low,Standard customer engagement
5832-TRLPB,2185.15,0.0,Low Priority,10.22,Low,Standard customer engagement
5519-YLDGW,2181.9,0.0,Low Priority,10.21,Low,Standard customer engagement
3223-WZWJM,2182.7000000000003,0.0,Low Priority,10.21,Low,Standard customer engagement
7336-RLLRH,2182.95,0.0,Low Priority,10.21,Low,Standard customer engagement
9411-TPQQV,2182.0,0.0,Low Priority,10.21,Low,Standard customer engagement
8017-LXHFA,2179.25,0.0,Low Priority,10.2,Low,Standard customer engagement
2911-UREFD,2180.1,0.0,Low Priority,10.2,Low,Standard customer engagement
8436-BJUMM,2177.5,0.0,Low Priority,10.19,Low,Standard customer engagement
4808-YNLEU,2175.25,0.0,Low Priority,10.18,Low,Standard customer engagement
5233-AOZUF,2173.55,0.0,Low Priority,10.17,Low,Standard customer engagement
2027-DNKIV,2173.75,0.0,Low Priority,10.17,Low,Standard customer engagement
5062-CJJKH,1341.25,0.065,Low Priority,10.17,Low,Standard customer engagement
7979-CORPM,2173.2,0.0,Low Priority,10.17,Low,Standard customer engagement
8980-WQFWL,2173.5,0.0,Low Priority,10.17,Low,Standard customer engagement
4510-PYUSH,2171.7,0.0,Low Priority,10.16,Low,Standard customer engagement
0234-TEVTT,2160.0,0.0,Low Priority,10.11,Low,Standard customer engagement
6281-FKEWS,2158.2,0.0,Low Priority,10.1,Low,Standard customer engagement
1247-QBVSH,2158.6,0.0,Low Priority,10.1,Low,Standard customer engagement
8565-CLBZW,2156.4,0.0,Low Priority,10.09,Low,Standard customer engagement
3002-WQZWT,2151.8,0.0,Low Priority,10.07,Low,Standard customer engagement
6598-KELSS,2152.5,0.0,Low Priority,10.07,Low,Standard customer engagement
6137-MFAJN,2150.4,0.0,Low Priority,10.06,Low,Standard customer engagement
1307-ATKGB,2149.2,0.0,Low Priority,10.05,Low,Standard customer engagement
5666-CYCYZ,2149.2,0.0,Low Priority,10.05,Low,Standard customer engagement
5522-NYKPB,2147.5,0.0,Low Priority,10.05,Low,Standard customer engagement
2640-PMGFL,2146.5,0.0,Low Priority,10.04,Low,Standard customer engagement
1125-SNVCK,2146.2,0.0,Low Priority,10.04,Low,Standard customer engagement
2305-MRGLV,2143.4,0.0,Low Priority,10.03,Low,Standard customer engagement
6119-SPUDB,1759.5,0.03,Low Priority,10.03,Low,Standard customer engagement
3090-QFUVD,20.3,0.1655,Low Priority,10.02,Low,Standard customer engagement
3727-OWVYD,2142.0,0.0,Low Priority,10.02,Low,Standard customer engagement
7030-NJVDP,2142.0,0.0,Low Priority,10.02,Low,Standard customer engagement
4716-HHKQH,2141.0,0.0,Low Priority,10.02,Low,Standard customer engagement
2724-FJDYW,2139.15,0.0,Low Priority,10.01,Low,Standard customer engagement
8221-EQDGL,2135.0,0.0,Low Priority,9.99,Low,Standard customer engagement
9259-PACGQ,2130.1,0.0,Low Priority,9.97,Low,Standard customer engagement
4223-BKEOR,1361.85,0.06,Low Priority,9.97,Low,Standard customer engagement
9470-RTWDV,2132.0,0.0,Low Priority,9.97,Low,Standard customer engagement
2208-NQBCT,2130.7000000000003,0.0,Low Priority,9.97,Low,Standard customer engagement
8731-WBBMB,2129.4,0.0,Low Priority,9.96,Low,Standard customer engagement
9809-IMGCQ,2127.4,0.0,Low Priority,9.95,Low,Standard customer engagement
4822-YCXMX,2120.0,0.0,Low Priority,9.92,Low,Standard customer engagement
2249-YPRNG,2117.0,0.0,Low Priority,9.9,Low,Standard customer engagement
5537-UXXVS,385.0,0.135,Low Priority,9.9,Low,Standard customer engagement
3196-NVXLZ,2115.0,0.0,Low Priority,9.89,Low,Standard customer engagement
0068-FIGTF,2111.4,0.0,Low Priority,9.88,Low,Standard customer engagement
2364-UFROM,2112.0,0.0,Low Priority,9.88,Low,Standard customer engagement
2027-OAQQC,2109.15,0.0,Low Priority,9.87,Low,Standard customer engagement
1137-DGOWI,2107.5,0.0,Low Priority,9.86,Low,Standard customer engagement
6103-BOCOU,2098.2000000000003,0.0,Low Priority,9.82,Low,Standard customer engagement
0618-XWMSS,2097.2000000000003,0.0,Low Priority,9.81,Low,Standard customer engagement
5982-PSMKW,2095.3,0.0,Low Priority,9.8,Low,Standard customer engagement
5998-VVEJY,2093.0,0.0,Low Priority,9.79,Low,Standard customer engagement
4391-LNRXK,2088.9,0.0,Low Priority,9.77,Low,Standard customer engagement
6131-FOYAS,2086.0,0.0,Low Priority,9.76,Low,Standard customer engagement
3647-GMGDH,2083.4,0.0,Low Priority,9.75,Low,Standard customer engagement
0997-YTLNY,927.2,0.09,Low Priority,9.74,Low,Standard customer engagement
4124-MMETB,2082.3,0.0,Low Priority,9.74,Low,Standard customer engagement
0020-JDNXP,2082.5,0.0,Low Priority,9.74,Low,Standard customer engagement
3570-YUEKJ,2081.1,0.0,Low Priority,9.74,Low,Standard customer engagement
4504-YOULA,2080.75,0.0,Low Priority,9.73,Low,Standard customer engagement
3450-WXOAT,2079.2000000000003,0.0,Low Priority,9.73,Low,Standard customer engagement
0980-FEXWF,1309.1,0.06,Low Priority,9.72,Low,Standard customer engagement
4132-POCZS,2074.8,0.0,Low Priority,9.71,Low,Standard customer engagement
9921-QFQUL,2073.4500000000003,0.0,Low Priority,9.7,Low,Standard customer engagement
3280-MRDOF,2073.0,0.0,Low Priority,9.7,Low,Standard customer engagement
0634-SZPQA,2071.15,0.0,Low Priority,9.69,Low,Standard customer engagement
9555-SAHUZ,2071.0,0.0,Low Priority,9.69,Low,Standard customer engagement
5709-LVOEQ,80.85,0.155,Low Priority,9.68,Low,Standard customer engagement
2322-VCZHZ,2070.0,0.0,Low Priority,9.68,Low,Standard customer engagement
2925-MXLSX,2068.5,0.0,Low Priority,9.68,Low,Standard customer engagement
2202-OUTMO,2068.9,0.0,Low Priority,9.68,Low,Standard customer engagement
0842-IWYCP,2067.7000000000003,0.0,Low Priority,9.67,Low,Standard customer engagement
6985-HAYWX,2061.8,0.0,Low Priority,9.65,Low,Standard customer engagement
2065-MMKGR,2059.0,0.0,Low Priority,9.63,Low,Standard customer engagement
7036-ZZKBD,2058.4,0.0,Low Priority,9.63,Low,Standard customer engagement
4903-CNOZC,2056.1000000000004,0.0,Low Priority,9.62,Low,Standard customer engagement
9309-BZGNT,2056.2000000000003,0.0,Low Priority,9.62,Low,Standard customer engagement
2523-EWWZL,2054.7,0.0,Low Priority,9.61,Low,Standard customer engagement
9581-GVBXT,2053.2,0.0,Low Priority,9.61,Low,Standard customer engagement
9722-UJOJR,2051.75,0.0,Low Priority,9.6,Low,Standard customer engagement
2683-JXWQQ,2049.6,0.0,Low Priority,9.59,Low,Standard customer engagement
9355-NPPFS,2048.8,0.0,Low Priority,9.59,Low,Standard customer engagement
5482-VXSXJ,2050.4,0.0,Low Priority,9.59,Low,Standard customer engagement
0064-YIJGF,2045.25,0.0,Low Priority,9.57,Low,Standard customer engagement
0816-TSPHQ,41.5,0.1562,Low Priority,9.57,Low,Standard customer engagement
7969-AULMZ,2044.35,0.0,Low Priority,9.56,Low,Standard customer engagement
3737-XBQDD,2036.4,0.0,Low Priority,9.53,Low,Standard customer engagement
5151-HQRDG,2036.85,0.0,Low Priority,9.53,Low,Standard customer engagement
0980-PVMRC,2034.0,0.0,Low Priority,9.52,Low,Standard customer engagement
6840-RESVB,2035.2,0.0,Low Priority,9.52,Low,Standard customer engagement
2811-POVEX,2034.35,0.0,Low Priority,9.52,Low,Standard customer engagement
7963-SHNDT,2033.2,0.0,Low Priority,9.51,Low,Standard customer engagement
9122-UMROB,20.3,0.157,Low Priority,9.51,Low,Standard customer engagement
9961-JBNMK,2032.8,0.0,Low Priority,9.51,Low,Standard customer engagement
0257-ZESQC,2030.4,0.0,Low Priority,9.5,Low,Standard customer engagement
1810-MVMAI,2028.0,0.0,Low Priority,9.49,Low,Standard customer engagement
7825-ECJRF,2025.4,0.0,Low Priority,9.48,Low,Standard customer engagement
5656-MJEFC,2022.3,0.0,Low Priority,9.46,Low,Standard customer engagement
9281-PKKZE,2021.7,0.0,Low Priority,9.46,Low,Standard customer engagement
6481-LXPWL,2021.6,0.0,Low Priority,9.46,Low,Standard customer engagement
8241-JUIQO,1186.45,0.065,Low Priority,9.45,Low,Standard customer engagement
6603-YRDCJ,2014.65,0.0,Low Priority,9.43,Low,Standard customer engagement
5170-PTRKA,1754.1999999999998,0.02,Low Priority,9.41,Low,Standard customer engagement
0187-WZNAB,2008.8,0.0,Low Priority,9.4,Low,Standard customer engagement
5478-JJVZK,2009.7,0.0,Low Priority,9.4,Low,Standard customer engagement
5777-KJIRB,2010.0,0.0,Low Priority,9.4,Low,Standard customer engagement
3506-OVLKD,917.0,0.085,Low Priority,9.39,Low,Standard customer engagement
3391-JSQEW,2006.0,0.0,Low Priority,9.38,Low,Standard customer engagement
4213-HKBJO,848.1,0.09,Low Priority,9.37,Low,Standard customer engagement
5766-XQXMQ,1996.65,0.0,Low Priority,9.34,Low,Standard customer engagement
7133-VBDCG,1996.25,0.0,Low Priority,9.34,Low,Standard customer engagement
2504-DSHIH,1996.4,0.0,Low Priority,9.34,Low,Standard customer engagement
2294-SALNE,1996.4,0.0,Low Priority,9.34,Low,Standard customer engagement
5593-SUAOO,1995.6,0.0,Low Priority,9.34,Low,Standard customer engagement
1452-XRSJV,1990.95,0.0,Low Priority,9.31,Low,Standard customer engagement
9853-JFZDU,1989.75,0.0,Low Priority,9.31,Low,Standard customer engagement
3933-DQPWX,1985.0,0.0,Low Priority,9.29,Low,Standard customer engagement
4003-OCTMP,1984.0,0.0,Low Priority,9.28,Low,Standard customer engagement
6096-EGVTU,1593.6,0.03,Low Priority,9.26,Low,Standard customer engagement
9919-KNPOO,1980.3,0.0,Low Priority,9.26,Low,Standard customer engagement
4094-NSEDU,1979.25,0.0,Low Priority,9.26,Low,Standard customer engagement
5057-LCOUI,1979.25,0.0,Low Priority,9.26,Low,Standard customer engagement
7270-BDIOA,1980.0,0.0,Low Priority,9.26,Low,Standard customer engagement
4747-LCAQL,1975.0,0.0,Low Priority,9.24,Low,Standard customer engagement
1754-GKYPY,1974.5,0.0,Low Priority,9.24,Low,Standard customer engagement
4450-YOOHP,1975.35,0.0,Low Priority,9.24,Low,Standard customer engagement
9074-KGVOX,1972.5,0.0,Low Priority,9.23,Low,Standard customer engagement
0463-TXOAK,1331.2,0.05,Low Priority,9.23,Low,Standard customer engagement
6683-VLCTZ,1971.0,0.0,Low Priority,9.22,Low,Standard customer engagement
0369-ZGOVK,1971.2000000000005,0.0,Low Priority,9.22,Low,Standard customer engagement
3211-AAPKX,1971.0,0.0,Low Priority,9.22,Low,Standard customer engagement
7892-QVYKW,1968.8,0.0,Low Priority,9.21,Low,Standard customer engagement
4837-PZTIC,1969.3,0.0,Low Priority,9.21,Low,Standard customer engagement
4521-WFJAI,1453.2,0.04,Low Priority,9.2,Low,Standard customer engagement
4664-NJCMS,1965.15,0.0,Low Priority,9.19,Low,Standard customer engagement
5449-FIBXJ,1962.7,0.0,Low Priority,9.18,Low,Standard customer engagement
0121-SNYRK,1770.0,0.015,Low Priority,9.18,Low,Standard customer engagement
2045-BMBTJ,1961.85,0.0,Low Priority,9.18,Low,Standard customer engagement
8383-SGHJU,1960.2,0.0,Low Priority,9.17,Low,Standard customer engagement
0584-BJQGZ,1958.75,0.0,Low Priority,9.16,Low,Standard customer engagement
2038-YSEZE,1956.05,0.0,Low Priority,9.15,Low,Standard customer engagement
3943-KDREE,1948.7,0.0,Low Priority,9.12,Low,Standard customer engagement
3340-QBBFM,1947.6,0.0,Low Priority,9.11,Low,Standard customer engagement
6693-DJWTY,1946.0,0.0,Low Priority,9.1,Low,Standard customer engagement
4999-IEZLT,1943.7,0.0,Low Priority,9.09,Low,Standard customer engagement
4835-YSJMR,1942.2,0.0,Low Priority,9.09,Low,Standard customer engagement
4277-UDIEF,1944.0,0.0,Low Priority,9.09,Low,Standard customer engagement
7299-GNVPL,1941.2,0.0,Low Priority,9.08,Low,Standard customer engagement
9909-IDLEK,1936.0,0.0,Low Priority,9.06,Low,Standard customer engagement
5575-GNVDE,1936.3,0.0,Low Priority,9.06,Low,Standard customer engagement
8845-LWKGE,1935.0,0.0,Low Priority,9.05,Low,Standard customer engagement
0096-FCPUF,1935.0,0.0,Low Priority,9.05,Low,Standard customer engagement
6440-DKQGE,1935.0,0.0,Low Priority,9.05,Low,Standard customer engagement
3057-VJJQE,1933.75,0.0,Low Priority,9.05,Low,Standard customer engagement
2188-SXWVT,1870.0,0.005,Low Priority,9.05,Low,Standard customer engagement
2703-AMTUL,1931.4,0.0,Low Priority,9.04,Low,Standard customer engagement
1352-VHKAJ,1933.2,0.0,Low Priority,9.04,Low,Standard customer engagement
5844-QVTAT,1928.85,0.0,Low Priority,9.02,Low,Standard customer engagement
0461-CVKMU,1927.4,0.0,Low Priority,9.02,Low,Standard customer engagement
2359-KMGLI,1926.0,0.0,Low Priority,9.01,Low,Standard customer engagement
0027-KWYKW,1926.25,0.0,Low Priority,9.01,Low,Standard customer engagement
9863-JZAIC,1925.0,0.0,Low Priority,9.01,Low,Standard customer engagement
7989-AWGEH,1920.8,0.0,Low Priority,8.99,Low,Standard customer engagement
6776-TLWOI,59.55,0.145,Low Priority,8.98,Low,Standard customer engagement
7567-ECMCM,1916.4,0.0,Low Priority,8.97,Low,Standard customer engagement
7410-KTVFV,891.9,0.08,Low Priority,8.97,Low,Standard customer engagement
0537-QYZZN,1916.4,0.0,Low Priority,8.97,Low,Standard customer engagement
3301-LSLWQ,1916.9,0.0,Low Priority,8.97,Low,Standard customer engagement
1085-LDWAM,1404.15,0.04,Low Priority,8.97,Low,Standard customer engagement
0428-IKYCP,1914.0,0.0,Low Priority,8.95,Low,Standard customer engagement
6633-SYEUS,1913.6,0.0,Low Priority,8.95,Low,Standard customer engagement
9522-BNTHX,1912.5,0.0,Low Priority,8.95,Low,Standard customer engagement
4922-CVPDX,1911.0,0.0,Low Priority,8.94,Low,Standard customer engagement
0564-MUUQK,1910.0,0.0,Low Priority,8.94,Low,Standard customer engagement
2773-MADBQ,1911.6,0.0,Low Priority,8.94,Low,Standard customer engagement
7096-ZNBZI,1904.4,0.0,Low Priority,8.91,Low,Standard customer engagement
7795-CFOCW,1903.5,0.0,Low Priority,8.91,Low,Standard customer engagement
7175-NTIXE,1903.75,0.0,Low Priority,8.91,Low,Standard customer engagement
9365-SRSZE,1904.85,0.0,Low Priority,8.91,Low,Standard customer engagement
6849-OYAMU,1900.0,0.0,Low Priority,8.89,Low,Standard customer engagement
5883-GTGVD,1899.05,0.0,Low Priority,8.88,Low,Standard customer engagement
9986-BONCE,83.8,0.1415,Low Priority,8.88,Low,Standard customer engagement
9388-ZEYVT,1898.45,0.0,Low Priority,8.88,Low,Standard customer engagement
3941-XTSKM,1894.2,0.0,Low Priority,8.86,Low,Standard customer engagement
1626-ERCMM,1891.0,0.0,Low Priority,8.85,Low,Standard customer engagement
4183-MYFRB,1891.05,0.0,Low Priority,8.85,Low,Standard customer engagement
1116-FRYVH,1891.2,0.0,Low Priority,8.85,Low,Standard customer engagement
2956-GGUCQ,1892.4,0.0,Low Priority,8.85,Low,Standard customer engagement
4625-XMOYM,1890.0,0.0,Low Priority,8.84,Low,Standard customer engagement
6427-FEFIG,1886.4,0.0,Low Priority,8.83,Low,Standard customer engagement
1216-JWVUX,1887.5,0.0,Low Priority,8.83,Low,Standard customer engagement
6617-WLBQC,1882.55,0.0,Low Priority,8.81,Low,Standard customer engagement
0810-BDHAW,1881.6,0.0,Low Priority,8.8,Low,Standard customer engagement
5609-CEBID,1882.0,0.0,Low Priority,8.8,Low,Standard customer engagement
9838-BFCQT,1879.2,0.0,Low Priority,8.79,Low,Standard customer engagement
1845-CSBRZ,1877.7,0.0,Low Priority,8.78,Low,Standard customer engagement
9992-RRAMN,1872.2,0.0,Low Priority,8.76,Low,Standard customer engagement
6917-FIJHC,1872.0,0.0,Low Priority,8.76,Low,Standard customer engagement
1544-JJMYL,1872.45,0.0,Low Priority,8.76,Low,Standard customer engagement
9430-NKQLY,1807.2,0.005,Low Priority,8.75,Low,Standard customer engagement
5334-AFQJB,1807.2,0.005,Low Priority,8.75,Low,Standard customer engagement
7054-ENNGU,457.65,0.11,Low Priority,8.74,Low,Standard customer engagement
3088-FVYWK,1354.15,0.04,Low Priority,8.74,Low,Standard customer engagement
2483-XSSMZ,1866.15,0.0,Low Priority,8.73,Low,Standard customer engagement
7978-DKUQH,1865.0,0.0,Low Priority,8.73,Low,Standard customer engagement
7703-ZEKEF,1863.0,0.0,Low Priority,8.72,Low,Standard customer engagement
8725-JEDFD,1864.35,0.0,Low Priority,8.72,Low,Standard customer engagement
9129-UXERG,1864.8,0.0,Low Priority,8.72,Low,Standard customer engagement
5934-RMPOV,1864.5,0.0,Low Priority,8.72,Low,Standard customer engagement
6810-VCAEX,1863.55,0.0,Low Priority,8.72,Low,Standard customer engagement
4707-MAXGU,1861.2,0.0,Low Priority,8.71,Low,Standard customer engagement
8318-LCNBW,1860.25,0.0,Low Priority,8.7,Low,Standard customer engagement
5201-FRKKS,1857.5,0.0,Low Priority,8.69,Low,Standard customer engagement
6933-VLYFX,1858.45,0.0,Low Priority,8.69,Low,Standard customer engagement
4404-HIBDJ,1857.5,0.0,Low Priority,8.69,Low,Standard customer engagement
5572-ZDXHY,1854.6,0.0,Low Priority,8.68,Low,Standard customer engagement
2887-JPYLU,1853.2,0.0,Low Priority,8.67,Low,Standard customer engagement
2509-TFPJU,1854.0,0.0,Low Priority,8.67,Low,Standard customer engagement
2452-MRMZF,1850.4,0.0,Low Priority,8.66,Low,Standard customer engagement
8734-FNWVH,1850.7,0.0,Low Priority,8.66,Low,Standard customer engagement
0377-JBKKT,1274.9,0.045,Low Priority,8.66,Low,Standard customer engagement
1767-CJKBA,1656.6,0.015,Low Priority,8.65,Low,Standard customer engagement
4231-LZUYM,1846.8,0.0,Low Priority,8.64,Low,Standard customer engagement
7816-VGHTO,243.3,0.125,Low Priority,8.64,Low,Standard customer engagement
2961-VNFKL,1842.45,0.0,Low Priority,8.62,Low,Standard customer engagement
6285-FTQBF,1839.6,0.0,Low Priority,8.61,Low,Standard customer engagement
0480-BIXDE,1839.2,0.0,Low Priority,8.6,Low,Standard customer engagement
0788-DXBFY,1133.9,0.055,Low Priority,8.6,Low,Standard customer engagement
4072-IPYLT,1837.8,0.0,Low Priority,8.6,Low,Standard customer engagement
5598-IKHQQ,1832.4,0.0,Low Priority,8.57,Low,Standard customer engagement
0373-AIVNJ,355.95,0.115,Low Priority,8.57,Low,Standard customer engagement
0578-SKVMF,1832.6,0.0,Low Priority,8.57,Low,Standard customer engagement
0795-XCCTE,1828.8,0.0,Low Priority,8.56,Low,Standard customer engagement
4312-KFRXN,1828.8,0.0,Low Priority,8.56,Low,Standard customer engagement
7869-ZYDST,1830.55,0.0,Low Priority,8.56,Low,Standard customer engagement
8774-GSBUN,1828.8,0.0,Low Priority,8.56,Low,Standard customer engagement
0921-OHLVP,1827.1,0.0,Low Priority,8.55,Low,Standard customer engagement
2070-XYMFH,1825.05,0.0,Low Priority,8.54,Low,Standard customer engagement
9067-YGSCA,1823.5,0.0,Low Priority,8.53,Low,Standard customer engagement
6693-FRIRW,1823.4,0.0,Low Priority,8.53,Low,Standard customer engagement
4816-LXZYW,1820.45,0.0,Low Priority,8.52,Low,Standard customer engagement
9190-MFJLN,1822.1,0.0,Low Priority,8.52,Low,Standard customer engagement
9867-XOBQA,1116.15,0.055,Low Priority,8.52,Low,Standard customer engagement
8207-VVMYB,1820.0,0.0,Low Priority,8.51,Low,Standard customer engagement
1926-QUZNN,1818.0,0.0,Low Priority,8.51,Low,Standard customer engagement
5701-GUXDC,920.4,0.07,Low Priority,8.51,Low,Standard customer engagement
6288-LBEAR,1819.3,0.0,Low Priority,8.51,Low,Standard customer engagement
7658-UYUQS,1817.55,0.0,Low Priority,8.5,Low,Standard customer engagement
2169-RRLFW,1817.6,0.0,Low Priority,8.5,Low,Standard customer engagement
1891-UAWWU,1816.0,0.0,Low Priority,8.5,Low,Standard customer engagement
9066-QRSDU,1814.7,0.0,Low Priority,8.49,Low,Standard customer engagement
6024-RUGGH,1814.4,0.0,Low Priority,8.49,Low,Standard customer engagement
5743-KHMNA,1814.05,0.0,Low Priority,8.49,Low,Standard customer engagement
6976-BWGLQ,1814.4,0.0,Low Priority,8.49,Low,Standard customer engagement
3771-PZOBW,1814.0,0.0,Low Priority,8.49,Low,Standard customer engagement
6591-QGOYB,1813.05,0.0,Low Priority,8.48,Low,Standard customer engagement
8155-IBNHG,1809.6,0.0,Low Priority,8.47,Low,Standard customer engagement
4659-NZRUF,1807.85,0.0,Low Priority,8.46,Low,Standard customer engagement
1635-NZATJ,1806.95,0.0,Low Priority,8.45,Low,Standard customer engagement
0771-WLCLA,1807.2,0.0,Low Priority,8.45,Low,Standard customer engagement
3261-CQXOL,1806.95,0.0,Low Priority,8.45,Low,Standard customer engagement
7673-LPRNY,1806.65,0.0,Low Priority,8.45,Low,Standard customer engagement
8663-UPDGF,1807.0,0.0,Low Priority,8.45,Low,Standard customer engagement
5884-FBCTL,1807.2,0.0,Low Priority,8.45,Low,Standard customer engagement
9342-VNIMQ,1803.45,0.0,Low Priority,8.44,Low,Standard customer engagement
7361-YPXFS,1804.6,0.0,Low Priority,8.44,Low,Standard customer engagement
1104-FEJAM,1803.2000000000005,0.0,Low Priority,8.44,Low,Standard customer engagement
3452-GWUIN,1804.05,0.0,Low Priority,8.44,Low,Standard customer engagement
2519-ERQOJ,1801.8,0.0,Low Priority,8.43,Low,Standard customer engagement
0174-QRVVY,1799.85,0.0,Low Priority,8.42,Low,Standard customer engagement
5605-XNWEN,1800.0,0.0,Low Priority,8.42,Low,Standard customer engagement
8224-KDLKN,1800.0,0.0,Low Priority,8.42,Low,Standard customer engagement
4836-WNFNO,1800.0,0.0,Low Priority,8.42,Low,Standard customer engagement
4824-GUCBY,1797.4,0.0,Low Priority,8.41,Low,Standard customer engagement
8784-CGILN,1797.3,0.0,Low Priority,8.41,Low,Standard customer engagement
7240-FQLHE,1795.5,0.0,Low Priority,8.4,Low,Standard customer engagement
1820-DJFPH,1731.6,0.005,Low Priority,8.4,Low,Standard customer engagement
6778-EICRF,1795.1999999999998,0.0,Low Priority,8.4,Low,Standard customer engagement
1025-FALIX,1795.3,0.0,Low Priority,8.4,Low,Standard customer engagement
7480-SPLEF,1794.0,0.0,Low Priority,8.39,Low,Standard customer engagement
7980-MHFLQ,1792.8,0.0,Low Priority,8.39,Low,Standard customer engagement
7780-OTDSO,1789.2,0.0,Low Priority,8.37,Low,Standard customer engagement
8237-ULIXL,1789.2,0.0,Low Priority,8.37,Low,Standard customer engagement
6827-IEAUQ,1786.0500000000002,0.0,Low Priority,8.36,Low,Standard customer engagement
0829-XXPLX,1788.0,0.0,Low Priority,8.36,Low,Standard customer engagement
0496-AHOOK,1785.6,0.0,Low Priority,8.35,Low,Standard customer engagement
8749-TZYEC,1785.6,0.0,Low Priority,8.35,Low,Standard customer engagement
5626-MGTUK,1782.0,0.0,Low Priority,8.34,Low,Standard customer engagement
8092-NLTGF,1782.0,0.0,Low Priority,8.34,Low,Standard customer engagement
6181-AXXYF,1782.0,0.0,Low Priority,8.34,Low,Standard customer engagement
4193-IBKSW,1782.0,0.0,Low Priority,8.34,Low,Standard customer engagement
3354-OADJP,434.0,0.105,Low Priority,8.33,Low,Standard customer engagement
0611-DFXKO,1780.0,0.0,Low Priority,8.33,Low,Standard customer engagement
5854-KSRBJ,1778.0,0.0,Low Priority,8.32,Low,Standard customer engagement
1987-AUELQ,1778.55,0.0,Low Priority,8.32,Low,Standard customer engagement
7167-PCEYD,1326.6,0.035,Low Priority,8.31,Low,Standard customer engagement
8851-RAGOV,1776.25,0.0,Low Priority,8.31,Low,Standard customer engagement
3082-YVEKW,1774.45,0.0,Low Priority,8.3,Low,Standard customer engagement
2115-BFTIW,1773.75,0.0,Low Priority,8.3,Low,Standard customer engagement
9153-BTBVV,1775.0,0.0,Low Priority,8.3,Low,Standard customer engagement
5366-IJEQJ,1774.0,0.0,Low Priority,8.3,Low,Standard customer engagement
7841-FCRQD,1773.75,0.0,Low Priority,8.3,Low,Standard customer engagement
3810-PJUHR,1774.5,0.0,Low Priority,8.3,Low,Standard customer engagement
7115-IRDHS,1774.8,0.0,Low Priority,8.3,Low,Standard customer engagement
9874-QLCLH,1771.4,0.0,Low Priority,8.29,Low,Standard customer engagement
5296-PSYVW,1767.6,0.0,Low Priority,8.27,Low,Standard customer engagement
2696-RZVZW,1703.4,0.005,Low Priority,8.27,Low,Standard customer engagement
5115-SQAAU,1766.4,0.0,Low Priority,8.26,Low,Standard customer engagement
3836-FZSDJ,1764.35,0.0,Low Priority,8.25,Low,Standard customer engagement
6010-DDPPW,1760.5,0.0,Low Priority,8.24,Low,Standard customer engagement
0394-YONDK,1760.5,0.0,Low Priority,8.24,Low,Standard customer engagement
6651-RLGGM,1762.1,0.0,Low Priority,8.24,Low,Standard customer engagement
0402-OAMEN,1760.4,0.0,Low Priority,8.24,Low,Standard customer engagement
8212-CRQXP,1760.0,0.0,Low Priority,8.23,Low,Standard customer engagement
4443-EMBNA,1757.25,0.0,Low Priority,8.22,Low,Standard customer engagement
4422-QVIJA,1755.25,0.0,Low Priority,8.21,Low,Standard customer engagement
3118-UHVVQ,1754.4,0.0,Low Priority,8.21,Low,Standard customer engagement
7711-GQBZC,1753.7,0.0,Low Priority,8.2,Low,Standard customer engagement
7684-XSZIY,1749.6,0.0,Low Priority,8.19,Low,Standard customer engagement
8735-SDUFN,1749.6,0.0,Low Priority,8.19,Low,Standard customer engagement
4565-NLZBV,1750.15,0.0,Low Priority,8.19,Low,Standard customer engagement
5699-BNCAS,1750.15,0.0,Low Priority,8.19,Low,Standard customer engagement
7225-IILWY,1751.0,0.0,Low Priority,8.19,Low,Standard customer engagement
6035-BXTTY,1748.8,0.0,Low Priority,8.18,Low,Standard customer engagement
1240-HCBOH,1748.7,0.0,Low Priority,8.18,Low,Standard customer engagement
6298-QDFNH,1745.6999999999998,0.0,Low Priority,8.17,Low,Standard customer engagement
5832-EXGTT,1745.8000000000002,0.0,Low Priority,8.17,Low,Standard customer engagement
0480-KYJVA,1746.0,0.0,Low Priority,8.17,Low,Standard customer engagement
7340-KEFQE,1744.2,0.0,Low Priority,8.16,Low,Standard customer engagement
0365-BZUWY,1743.35,0.0,Low Priority,8.16,Low,Standard customer engagement
2189-UXTKY,1742.4,0.0,Low Priority,8.15,Low,Standard customer engagement
4121-AGSIN,1421.0,0.025,Low Priority,8.15,Low,Standard customer engagement
5406-KGRMX,1743.05,0.0,Low Priority,8.15,Low,Standard customer engagement
9839-ETQOE,1739.35,0.0,Low Priority,8.14,Low,Standard customer engagement
9668-PUGNU,1739.5,0.0,Low Priority,8.14,Low,Standard customer engagement
0626-QXNGV,1738.8,0.0,Low Priority,8.13,Low,Standard customer engagement
6575-SUVOI,1737.5,0.0,Low Priority,8.13,Low,Standard customer engagement
7010-BRBUU,1735.2,0.0,Low Priority,8.12,Low,Standard customer engagement
5846-ABOBJ,1735.95,0.0,Low Priority,8.12,Low,Standard customer engagement
3612-YVGSJ,1735.95,0.0,Low Priority,8.12,Low,Standard customer engagement
5175-WLYXL,1734.6999999999998,0.0,Low Priority,8.12,Low,Standard customer engagement
3580-GICBM,1476.2,0.02,Low Priority,8.11,Low,Standard customer engagement
5423-BHIXO,1734.4,0.0,Low Priority,8.11,Low,Standard customer engagement
7924-GJZFI,1732.5,0.0,Low Priority,8.11,Low,Standard customer engagement
3956-CJUST,1734.2,0.0,Low Priority,8.11,Low,Standard customer engagement
3696-DFHHB,1734.0,0.0,Low Priority,8.11,Low,Standard customer engagement
9964-WBQDJ,1732.4,0.0,Low Priority,8.1,Low,Standard customer engagement
3629-ZNKXA,1730.6,0.0,Low Priority,8.1,Low,Standard customer engagement
3967-VQOGC,1668.3,0.005,Low Priority,8.1,Low,Standard customer engagement
9365-CSLBQ,1728.85,0.0,Low Priority,8.09,Low,Standard customer engagement
7163-OCEQI,1730.3000000000002,0.0,Low Priority,8.09,Low,Standard customer engagement
1299-AURJA,1729.0,0.0,Low Priority,8.09,Low,Standard customer engagement
3744-ZRRDZ,1729.35,0.0,Low Priority,8.09,Low,Standard customer engagement
9574-BOSMD,1727.1999999999998,0.0,Low Priority,8.08,Low,Standard customer engagement
7850-VWJUU,1725.0,0.0,Low Priority,8.07,Low,Standard customer engagement
3251-YMVWZ,1274.65,0.035,Low Priority,8.06,Low,Standard customer engagement
4950-BDEUX,1722.0,0.0,Low Priority,8.06,Low,Standard customer engagement
5982-XMDEX,1722.5,0.0,Low Priority,8.06,Low,Standard customer engagement
7014-ZZXAW,1721.75,0.0,Low Priority,8.05,Low,Standard customer engagement
3148-AOIQT,1721.55,0.0,Low Priority,8.05,Low,Standard customer engagement
4325-NFSKC,1721.4,0.0,Low Priority,8.05,Low,Standard customer engagement
1658-BYGOY,1718.1,0.0,Low Priority,8.04,Low,Standard customer engagement
2072-ZVJJX,1717.0,0.0,Low Priority,8.03,Low,Standard customer engagement
2834-JKOOW,688.5,0.08,Low Priority,8.02,Low,Standard customer engagement
8441-SHIPE,1715.2,0.0,Low Priority,8.02,Low,Standard customer engagement
3873-WOSBC,1715.2,0.0,Low Priority,8.02,Low,Standard customer engagement
2823-LKABH,1710.9,0.0,Low Priority,8.0,Low,Standard customer engagement
8165-ZJRNM,1710.0,0.0,Low Priority,8.0,Low,Standard customer engagement
4134-BSXLX,1705.2,0.0,Low Priority,7.98,Low,Standard customer engagement
6331-EWIEB,1705.0,0.0,Low Priority,7.98,Low,Standard customer engagement
3096-GKWEB,1705.5,0.0,Low Priority,7.98,Low,Standard customer engagement
5922-ABDVO,1703.35,0.0,Low Priority,7.97,Low,Standard customer engagement
8680-CGLTP,1703.75,0.0,Low Priority,7.97,Low,Standard customer engagement
5955-ERIHD,1704.6,0.0,Low Priority,7.97,Low,Standard customer engagement
3694-GLTJM,98.25,0.125,Low Priority,7.96,Low,Standard customer engagement
1131-QQZEB,1700.45,0.0,Low Priority,7.96,Low,Standard customer engagement
8200-KLNYW,1698.9,0.0,Low Priority,7.95,Low,Standard customer engagement
9397-TZSHA,1697.4,0.0,Low Priority,7.94,Low,Standard customer engagement
1555-HAPSU,1696.9,0.0,Low Priority,7.94,Low,Standard customer engagement
3727-OVPRY,1696.2,0.0,Low Priority,7.94,Low,Standard customer engagement
0562-HKHML,1696.9,0.0,Low Priority,7.94,Low,Standard customer engagement
2186-QZEYA,1697.9499999999998,0.0,Low Priority,7.94,Low,Standard customer engagement
1619-YWUBB,1696.6,0.0,Low Priority,7.94,Low,Standard customer engagement
4589-IUAJB,1697.5,0.0,Low Priority,7.94,Low,Standard customer engagement
6668-CNMFP,1697.65,0.0,Low Priority,7.94,Low,Standard customer engagement
5666-MBJPT,1631.5,0.005,Low Priority,7.93,Low,Standard customer engagement
8035-BUYVG,1694.0,0.0,Low Priority,7.93,Low,Standard customer engagement
6734-PSBAW,1695.6,0.0,Low Priority,7.93,Low,Standard customer engagement
8148-BPLZQ,1693.1999999999998,0.0,Low Priority,7.92,Low,Standard customer engagement
7161-DFHUF,1693.35,0.0,Low Priority,7.92,Low,Standard customer engagement
3427-GGZZI,1692.9,0.0,Low Priority,7.92,Low,Standard customer engagement
2474-LCNUE,1693.95,0.0,Low Priority,7.92,Low,Standard customer engagement
7268-IGMFD,1690.2,0.0,Low Priority,7.91,Low,Standard customer engagement
2143-LJULT,1691.75,0.0,Low Priority,7.91,Low,Standard customer engagement
2050-ONYDQ,1690.0,0.0,Low Priority,7.91,Low,Standard customer engagement
7964-VEXDG,1687.35,0.0,Low Priority,7.89,Low,Standard customer engagement
8875-AKBYH,1687.0,0.0,Low Priority,7.89,Low,Standard customer engagement
8644-XYTSV,1686.3,0.0,Low Priority,7.89,Low,Standard customer engagement
4195-PNGZS,1687.05,0.0,Low Priority,7.89,Low,Standard customer engagement
7217-JYHOQ,1687.1999999999998,0.0,Low Priority,7.89,Low,Standard customer engagement
5012-YSPJJ,1684.85,0.0,Low Priority,7.88,Low,Standard customer engagement
2061-VVFST,721.5,0.075,Low Priority,7.88,Low,Standard customer engagement
6963-KQYQB,1683.5,0.0,Low Priority,7.88,Low,Standard customer engagement
2282-YGNOR,1682.0,0.0,Low Priority,7.87,Low,Standard customer engagement
4176-RELJR,1681.7,0.0,Low Priority,7.87,Low,Standard customer engagement
8042-RNLKO,1679.7,0.0,Low Priority,7.86,Low,Standard customer engagement
3275-RHRNE,1680.0,0.0,Low Priority,7.86,Low,Standard customer engagement
7492-TAFJD,269.85,0.11,Low Priority,7.86,Low,Standard customer engagement
2580-ASVVY,1679.8,0.0,Low Priority,7.86,Low,Standard customer engagement
3509-GWQGF,1680.0,0.0,Low Priority,7.86,Low,Standard customer engagement
2560-QTSBS,1677.6,0.0,Low Priority,7.85,Low,Standard customer engagement
3254-YRILK,1675.8,0.0,Low Priority,7.84,Low,Standard customer engagement
2097-YVPKN,1673.75,0.0,Low Priority,7.83,Low,Standard customer engagement
0971-QIFJK,1673.25,0.0,Low Priority,7.83,Low,Standard customer engagement
6202-DYYFX,1672.0,0.0,Low Priority,7.82,Low,Standard customer engagement
7008-LZVOZ,1669.8,0.0,Low Priority,7.81,Low,Standard customer engagement
1821-BUCWY,1669.5,0.0,Low Priority,7.81,Low,Standard customer engagement
9337-SRRNI,1669.8,0.0,Low Priority,7.81,Low,Standard customer engagement
6484-LATFU,1669.4,0.0,Low Priority,7.81,Low,Standard customer engagement
2308-STERM,38.8,0.127,Low Priority,7.8,Low,Standard customer engagement
7661-CPURM,1666.3,0.0,Low Priority,7.8,Low,Standard customer engagement
6614-VBEGU,1666.8000000000002,0.0,Low Priority,7.8,Low,Standard customer engagement
9800-ONTFE,1667.6,0.0,Low Priority,7.8,Low,Standard customer engagement
3768-VHXQO,1664.95,0.0,Low Priority,7.79,Low,Standard customer engagement
3034-ZBEQN,1665.6,0.0,Low Priority,7.79,Low,Standard customer engagement
4692-NNQRU,1663.2,0.0,Low Priority,7.78,Low,Standard customer engagement
4018-PPNDW,1470.1,0.015,Low Priority,7.78,Low,Standard customer engagement
7996-MHXLW,1659.9,0.0,Low Priority,7.77,Low,Standard customer engagement
6865-JZNKO,1659.0,0.0,Low Priority,7.76,Low,Standard customer engagement
1580-BMCMR,1658.7,0.0,Low Priority,7.76,Low,Standard customer engagement
8807-ARQET,1654.35,0.0,Low Priority,7.74,Low,Standard customer engagement
4656-CAURT,1652.55,0.0,Low Priority,7.73,Low,Standard customer engagement
6857-TKDJV,1651.55,0.0,Low Priority,7.73,Low,Standard customer engagement
9373-WSLOY,1650.0,0.0,Low Priority,7.72,Low,Standard customer engagement
0168-XZKBB,1650.15,0.0,Low Priority,7.72,Low,Standard customer engagement
7611-YKYTC,1650.0,0.0,Low Priority,7.72,Low,Standard customer engagement
0867-MKZVY,1648.0,0.0,Low Priority,7.71,Low,Standard customer engagement
4923-ADWXJ,1645.0,0.0,Low Priority,7.7,Low,Standard customer engagement
2799-TSLAG,1644.5,0.0,Low Priority,7.69,Low,Standard customer engagement
2085-BOJKI,1643.0500000000002,0.0,Low Priority,7.69,Low,Standard customer engagement
1080-BWSYE,1641.6,0.0,Low Priority,7.68,Low,Standard customer engagement
2586-CWXVV,1641.6,0.0,Low Priority,7.68,Low,Standard customer engagement
2560-WBWXF,1642.1999999999998,0.0,Low Priority,7.68,Low,Standard customer engagement
8685-WHQPW,1636.8000000000002,0.0,Low Priority,7.66,Low,Standard customer engagement
6497-TILVL,354.90000000000003,0.1,Low Priority,7.66,Low,Standard customer engagement
3913-RDSJZ,1635.2,0.0,Low Priority,7.65,Low,Standard customer engagement
5220-AGAAX,1632.0,0.0,Low Priority,7.64,Low,Standard customer engagement
9554-DFKIC,1633.5,0.0,Low Priority,7.64,Low,Standard customer engagement
4612-SSVHJ,1629.0,0.0,Low Priority,7.62,Low,Standard customer engagement
8559-CIZFV,1627.5,0.0,Low Priority,7.61,Low,Standard customer engagement
3853-LYGAM,1626.0500000000002,0.0,Low Priority,7.61,Low,Standard customer engagement
0056-EPFBG,788.0,0.065,Low Priority,7.59,Low,Standard customer engagement
9885-MFVSU,1622.25,0.0,Low Priority,7.59,Low,Standard customer engagement
9524-EGPJC,1621.8,0.0,Low Priority,7.59,Low,Standard customer engagement
9492-TOKRI,1620.0,0.0,Low Priority,7.58,Low,Standard customer engagement
7595-EHCDL,1619.2,0.0,Low Priority,7.58,Low,Standard customer engagement
7929-DMBCV,1620.0,0.0,Low Priority,7.58,Low,Standard customer engagement
5857-XRECV,41.0,0.1225,Low Priority,7.54,Low,Standard customer engagement
2662-NNTDK,1612.0,0.0,Low Priority,7.54,Low,Standard customer engagement
6485-QXWWE,1612.0,0.0,Low Priority,7.54,Low,Standard customer engagement
7225-CBZPL,1611.6,0.0,Low Priority,7.54,Low,Standard customer engagement
2916-BQZLN,1610.25,0.0,Low Priority,7.53,Low,Standard customer engagement
2606-PKWJB,1610.0,0.0,Low Priority,7.53,Low,Standard customer engagement
0485-ZBSLN,1608.75,0.0,Low Priority,7.53,Low,Standard customer engagement
3115-CZMZD,20.25,0.1236999999999999,Low Priority,7.52,Low,Standard customer engagement
1301-LOPVR,1605.15,0.0,Low Priority,7.51,Low,Standard customer engagement
8292-FRFZQ,1604.85,0.0,Low Priority,7.51,Low,Standard customer engagement
2979-SXESE,1604.8000000000002,0.0,Low Priority,7.51,Low,Standard customer engagement
9658-WYUFB,1604.8000000000002,0.0,Low Priority,7.51,Low,Standard customer engagement
4939-KYYPY,1605.15,0.0,Low Priority,7.51,Low,Standard customer engagement
6303-KFWSL,1602.25,0.0,Low Priority,7.5,Low,Standard customer engagement
8350-NYMVI,1602.9,0.0,Low Priority,7.5,Low,Standard customer engagement
3027-YNWZU,1600.0,0.0,Low Priority,7.49,Low,Standard customer engagement
3473-XIIIT,1600.0,0.0,Low Priority,7.49,Low,Standard customer engagement
5935-FCCNB,1601.4,0.0,Low Priority,7.49,Low,Standard customer engagement
4335-BSMJS,1599.6,0.0,Low Priority,7.48,Low,Standard customer engagement
4521-YEEHE,1599.3,0.0,Low Priority,7.48,Low,Standard customer engagement
1684-FLBGS,1598.5,0.0,Low Priority,7.48,Low,Standard customer engagement
2719-BDAQO,1595.4499999999998,0.0,Low Priority,7.46,Low,Standard customer engagement
6814-ZPWFQ,1275.0,0.025,Low Priority,7.46,Low,Standard customer engagement
5940-NFXKV,1589.35,0.0,Low Priority,7.44,Low,Standard customer engagement
8946-BFWSG,1590.75,0.0,Low Priority,7.44,Low,Standard customer engagement
9953-ZMKSM,1590.75,0.0,Low Priority,7.44,Low,Standard customer engagement
7964-YESJC,1591.1999999999998,0.0,Low Priority,7.44,Low,Standard customer engagement
2233-TXSIU,755.6500000000001,0.065,Low Priority,7.44,Low,Standard customer engagement
9415-DPEWS,1590.3,0.0,Low Priority,7.44,Low,Standard customer engagement
1705-GUHPV,1524.6,0.005,Low Priority,7.43,Low,Standard customer engagement
1852-QSWCD,1587.2,0.0,Low Priority,7.43,Low,Standard customer engagement
7602-DBTOU,1391.6,0.015,Low Priority,7.41,Low,Standard customer engagement
7074-STDCN,1583.4,0.0,Low Priority,7.41,Low,Standard customer engagement
8592-PLTMQ,1580.8,0.0,Low Priority,7.4,Low,Standard customer engagement
1228-ZLNBX,1581.3,0.0,Low Priority,7.4,Low,Standard customer engagement
5829-NVSQN,1581.25,0.0,Low Priority,7.4,Low,Standard customer engagement
6713-OKOMC,297.5,0.1,Low Priority,7.39,Low,Standard customer engagement
5947-SGKCL,1580.25,0.0,Low Priority,7.39,Low,Standard customer engagement
6134-KWTBV,1450.8,0.01,Low Priority,7.39,Low,Standard customer engagement
1075-BGWOH,1580.0,0.0,Low Priority,7.39,Low,Standard customer engagement
7105-MXJLL,1578.2,0.0,Low Priority,7.38,Low,Standard customer engagement
0207-MDKNV,1576.5,0.0,Low Priority,7.38,Low,Standard customer engagement
2074-GUHPQ,1575.9,0.0,Low Priority,7.37,Low,Standard customer engagement
3955-JBZZM,1576.0,0.0,Low Priority,7.37,Low,Standard customer engagement
6258-NGCNG,164.5,0.11,Low Priority,7.37,Low,Standard customer engagement
6198-RTPMF,1574.1999999999998,0.0,Low Priority,7.36,Low,Standard customer engagement
7668-XCFYV,1573.35,0.0,Low Priority,7.36,Low,Standard customer engagement
7311-MQJCH,97.75,0.115,Low Priority,7.36,Low,Standard customer engagement
6100-QQHEB,1573.35,0.0,Low Priority,7.36,Low,Standard customer engagement
1862-SKORY,1572.0,0.0,Low Priority,7.35,Low,Standard customer engagement
7325-ENZFI,1571.6999999999998,0.0,Low Priority,7.35,Low,Standard customer engagement
5353-WILCI,1569.4,0.0,Low Priority,7.34,Low,Standard customer engagement
6345-FZOQH,1373.1,0.015,Low Priority,7.32,Low,Standard customer engagement
0946-FKYTX,1565.2,0.0,Low Priority,7.32,Low,Standard customer engagement
1468-DEFNC,1561.6,0.0,Low Priority,7.31,Low,Standard customer engagement
4023-RTIQM,1562.4,0.0,Low Priority,7.31,Low,Standard customer engagement
4558-FANTW,1561.4499999999998,0.0,Low Priority,7.31,Low,Standard customer engagement
9361-YNQWJ,1561.6,0.0,Low Priority,7.31,Low,Standard customer engagement
6839-ITVZJ,1561.3,0.0,Low Priority,7.3,Low,Standard customer engagement
7729-XBTWX,1303.5,0.02,Low Priority,7.3,Low,Standard customer engagement
2967-MXRAV,18.8,0.12,Low Priority,7.29,Low,Standard customer engagement
1396-QWFBJ,1555.05,0.0,Low Priority,7.28,Low,Standard customer engagement
8780-IHCRN,1552.9499999999998,0.0,Low Priority,7.27,Low,Standard customer engagement
3606-SBKRY,1551.55,0.0,Low Priority,7.26,Low,Standard customer engagement
1241-EZFMJ,1552.45,0.0,Low Priority,7.26,Low,Standard customer engagement
4298-OYIFC,1551.75,0.0,Low Priority,7.26,Low,Standard customer engagement
0756-MPZRL,1550.2,0.0,Low Priority,7.25,Low,Standard customer engagement
0491-KAPQG,1547.7,0.0,Low Priority,7.24,Low,Standard customer engagement
7605-BDWDC,1545.35,0.0,Low Priority,7.23,Low,Standard customer engagement
3205-MXZRA,1545.7,0.0,Low Priority,7.23,Low,Standard customer engagement
1904-WAJAA,1544.4,0.0,Low Priority,7.23,Low,Standard customer engagement
8563-OYMQY,1546.15,0.0,Low Priority,7.23,Low,Standard customer engagement
6370-ZVHDV,1543.3,0.0,Low Priority,7.22,Low,Standard customer engagement
2027-CWDNU,1540.8,0.0,Low Priority,7.21,Low,Standard customer engagement
0723-VSOBE,1539.0000000000002,0.0,Low Priority,7.2,Low,Standard customer engagement
7503-EPSZW,1539.2,0.0,Low Priority,7.2,Low,Standard customer engagement
5914-DVBWJ,1538.1,0.0,Low Priority,7.2,Low,Standard customer engagement
5565-FILXA,1538.4,0.0,Low Priority,7.2,Low,Standard customer engagement
5201-CBWYG,1537.6,0.0,Low Priority,7.19,Low,Standard customer engagement
3181-MIZBN,316.0,0.095,Low Priority,7.18,Low,Standard customer engagement
5760-WRAHC,1534.5,0.0,Low Priority,7.18,Low,Standard customer engagement
7831-QGOXH,1533.6,0.0,Low Priority,7.17,Low,Standard customer engagement
7740-KKCXF,1532.55,0.0,Low Priority,7.17,Low,Standard customer engagement
9170-CCKOU,1533.4,0.0,Low Priority,7.17,Low,Standard customer engagement
8224-IVVPA,1530.9,0.0,Low Priority,7.16,Low,Standard customer engagement
0637-YLETY,1529.6,0.0,Low Priority,7.16,Low,Standard customer engagement
6967-QIQRV,1528.5,0.0,Low Priority,7.15,Low,Standard customer engagement
9208-OLGAQ,1529.1,0.0,Low Priority,7.15,Low,Standard customer engagement
4926-UMJZD,1525.2,0.0,Low Priority,7.14,Low,Standard customer engagement
8903-WMRNW,1526.25,0.0,Low Priority,7.14,Low,Standard customer engagement
6402-SSEJG,1526.25,0.0,Low Priority,7.14,Low,Standard customer engagement
4704-ERYFC,1523.5,0.0,Low Priority,7.13,Low,Standard customer engagement
2481-SBOYW,1525.0,0.0,Low Priority,7.13,Low,Standard customer engagement
9931-DCEZH,1523.2,0.0,Low Priority,7.13,Low,Standard customer engagement
2332-TODQS,1202.4,0.025,Low Priority,7.13,Low,Standard customer engagement
6614-YWYSC,1525.0,0.0,Low Priority,7.13,Low,Standard customer engagement
5337-IIWKZ,1524.9,0.0,Low Priority,7.13,Low,Standard customer engagement
3422-WJOYD,1521.8,0.0,Low Priority,7.12,Low,Standard customer engagement
2569-WGERO,1522.8,0.0,Low Priority,7.12,Low,Standard customer engagement
1389-WNUIB,1520.0,0.0,Low Priority,7.11,Low,Standard customer engagement
3663-MITLP,1518.75,0.0,Low Priority,7.11,Low,Standard customer engagement
6080-LNESI,1262.25,0.02,Low Priority,7.11,Low,Standard customer engagement
6413-XKKPU,1519.8000000000002,0.0,Low Priority,7.11,Low,Standard customer engagement
0125-LZQXK,1520.25,0.0,Low Priority,7.11,Low,Standard customer engagement
3482-ABPKK,1520.4,0.0,Low Priority,7.11,Low,Standard customer engagement
5950-AAAGJ,1517.4,0.0,Low Priority,7.1,Low,Standard customer engagement
9025-ZRPVR,170.54999999999998,0.105,Low Priority,7.1,Low,Standard customer engagement
6584-VQMYT,1517.4,0.0,Low Priority,7.1,Low,Standard customer engagement
0680-DFNNY,1516.5,0.0,Low Priority,7.09,Low,Standard customer engagement
2851-MMUTZ,1516.05,0.0,Low Priority,7.09,Low,Standard customer engagement
1792-UXAFY,1515.5500000000002,0.0,Low Priority,7.09,Low,Standard customer engagement
4237-CLSMM,40.0,0.115,Low Priority,7.09,Low,Standard customer engagement
2144-ESWKO,1513.6,0.0,Low Priority,7.08,Low,Standard customer engagement
0848-ZGQIJ,1514.4,0.0,Low Priority,7.08,Low,Standard customer engagement
7608-RGIRO,1512.8,0.0,Low Priority,7.08,Low,Standard customer engagement
0640-YJTPY,1512.0,0.0,Low Priority,7.07,Low,Standard customer engagement
4385-GZQXV,1511.2,0.0,Low Priority,7.07,Low,Standard customer engagement
7776-QWNFX,1512.0,0.0,Low Priority,7.07,Low,Standard customer engagement
5313-FPXWG,1254.6,0.02,Low Priority,7.07,Low,Standard customer engagement
1945-XISKS,1316.55,0.015,Low Priority,7.06,Low,Standard customer engagement
8201-AAXCB,1508.75,0.0,Low Priority,7.06,Low,Standard customer engagement
8063-RJYNF,1508.0,0.0,Low Priority,7.05,Low,Standard customer engagement
7108-DGVUU,1505.7,0.0,Low Priority,7.04,Low,Standard customer engagement
8028-PNXHQ,1503.5,0.0,Low Priority,7.03,Low,Standard customer engagement
9094-AZPHK,1502.25,0.0,Low Priority,7.03,Low,Standard customer engagement
3256-EZDBI,1501.95,0.0,Low Priority,7.03,Low,Standard customer engagement
0603-TPMIB,1501.55,0.0,Low Priority,7.02,Low,Standard customer engagement
3891-NLXJB,1500.35,0.0,Low Priority,7.02,Low,Standard customer engagement
6292-TOSSS,1245.0,0.02,Low Priority,7.02,Low,Standard customer engagement
9087-EYCPR,1500.0,0.0,Low Priority,7.02,Low,Standard customer engagement
0378-NHQXU,1500.25,0.0,Low Priority,7.02,Low,Standard customer engagement
7989-VCQOH,1498.5,0.0,Low Priority,7.01,Low,Standard customer engagement
8544-JNBOX,1497.6,0.0,Low Priority,7.01,Low,Standard customer engagement
1958-RNRKS,1497.0,0.0,Low Priority,7.0,Low,Standard customer engagement
6215-NQCPY,1495.5,0.0,Low Priority,7.0,Low,Standard customer engagement
4109-CYRBD,1496.4,0.0,Low Priority,7.0,Low,Standard customer engagement
8456-QDAVC,1495.3,0.0,Low Priority,7.0,Low,Standard customer engagement
2039-JONDJ,1497.15,0.0,Low Priority,7.0,Low,Standard customer engagement
7562-GSUHK,1491.2,0.0,Low Priority,6.98,Low,Standard customer engagement
2525-GVKQU,1236.0,0.02,Low Priority,6.98,Low,Standard customer engagement
2999-AANRQ,1492.05,0.0,Low Priority,6.98,Low,Standard customer engagement
2545-LXYVJ,1490.4,0.0,Low Priority,6.97,Low,Standard customer engagement
1293-BSEUN,1490.4,0.0,Low Priority,6.97,Low,Standard customer engagement
7041-TXQJH,1487.4,0.0,Low Priority,6.96,Low,Standard customer engagement
0117-LFRMW,1487.4,0.0,Low Priority,6.96,Low,Standard customer engagement
4785-FCIFB,1488.4,0.0,Low Priority,6.96,Low,Standard customer engagement
4013-TLDHQ,1486.75,0.0,Low Priority,6.96,Low,Standard customer engagement
6892-BOGQE,1483.9,0.0,Low Priority,6.94,Low,Standard customer engagement
1113-IUJYX,1483.3,0.0,Low Priority,6.94,Low,Standard customer engagement
4302-ZYFEL,1417.95,0.005,Low Priority,6.93,Low,Standard customer engagement
0285-INHLN,1478.25,0.0,Low Priority,6.92,Low,Standard customer engagement
6855-VLGOS,1479.6,0.0,Low Priority,6.92,Low,Standard customer engagement
1927-QEWMY,1476.0,0.0,Low Priority,6.91,Low,Standard customer engagement
3230-WYKIR,1476.0,0.0,Low Priority,6.91,Low,Standard customer engagement
4458-KVRBJ,1475.0,0.0,Low Priority,6.9,Low,Standard customer engagement
8713-IGZSO,49.7,0.1112,Low Priority,6.9,Low,Standard customer engagement
5686-CMAWK,1474.75,0.0,Low Priority,6.9,Low,Standard customer engagement
0784-GTUUK,1472.5,0.0,Low Priority,6.89,Low,Standard customer engagement
0947-MUGVO,1473.0,0.0,Low Priority,6.89,Low,Standard customer engagement
1518-OMDIK,1470.15,0.0,Low Priority,6.88,Low,Standard customer engagement
1403-GYAFU,1403.5,0.005,Low Priority,6.87,Low,Standard customer engagement
5995-LFTLE,1467.4,0.0,Low Priority,6.87,Low,Standard customer engagement
2632-TACXW,1466.3,0.0,Low Priority,6.86,Low,Standard customer engagement
6585-WCEWR,1465.2,0.0,Low Priority,6.85,Low,Standard customer engagement
1376-HHBDV,1464.0,0.0,Low Priority,6.85,Low,Standard customer engagement
2263-SFSQZ,1272.45,0.015,Low Priority,6.85,Low,Standard customer engagement
4583-PARNH,1464.8,0.0,Low Priority,6.85,Low,Standard customer engagement
7665-NKLAV,1463.4,0.0,Low Priority,6.85,Low,Standard customer engagement
6207-WIOLX,1465.0,0.0,Low Priority,6.85,Low,Standard customer engagement
7515-LODFU,1400.7,0.005,Low Priority,6.85,Low,Standard customer engagement
0794-YVSGE,1461.6,0.0,Low Priority,6.84,Low,Standard customer engagement
3910-MRQOY,1396.8,0.005,Low Priority,6.83,Low,Standard customer engagement
7083-MIOPC,1458.0,0.0,Low Priority,6.82,Low,Standard customer engagement
4534-WGCIR,1458.6999999999998,0.0,Low Priority,6.82,Low,Standard customer engagement
8229-BUJHX,1455.5,0.0,Low Priority,6.81,Low,Standard customer engagement
1134-YWTYF,1452.6,0.0,Low Priority,6.8,Low,Standard customer engagement
9102-IAYHT,1452.65,0.0,Low Priority,6.8,Low,Standard customer engagement
0112-QAWRZ,1452.8,0.0,Low Priority,6.8,Low,Standard customer engagement
2073-QBVBI,1453.45,0.0,Low Priority,6.8,Low,Standard customer engagement
3398-ZOUAA,1451.1,0.0,Low Priority,6.79,Low,Standard customer engagement
6620-HVDUJ,1450.8000000000002,0.0,Low Priority,6.79,Low,Standard customer engagement
4032-RMHCI,1451.4,0.0,Low Priority,6.79,Low,Standard customer engagement
8854-CCVSQ,1451.7,0.0,Low Priority,6.79,Low,Standard customer engagement
0577-WHMEV,1451.2,0.0,Low Priority,6.79,Low,Standard customer engagement
7471-WNSUF,1449.0,0.0,Low Priority,6.78,Low,Standard customer engagement
8490-BXHEO,1449.9,0.0,Low Priority,6.78,Low,Standard customer engagement
3675-EQOZA,103.25,0.105,Low Priority,6.78,Low,Standard customer engagement
5937-EORGB,1447.5,0.0,Low Priority,6.77,Low,Standard customer engagement
2159-TURXX,100.25,0.105,Low Priority,6.77,Low,Standard customer engagement
0464-WJTKO,1447.2,0.0,Low Priority,6.77,Low,Standard customer engagement
4821-WQOYN,1447.2,0.0,Low Priority,6.77,Low,Standard customer engagement
3500-RMZLT,1444.5,0.0,Low Priority,6.76,Low,Standard customer engagement
7463-IFMQU,1443.6,0.0,Low Priority,6.75,Low,Standard customer engagement
5448-VWNAM,1442.1,0.0,Low Priority,6.75,Low,Standard customer engagement
5075-JSDKI,1442.55,0.0,Low Priority,6.75,Low,Standard customer engagement
5447-VYTKW,1443.15,0.0,Low Priority,6.75,Low,Standard customer engagement
4530-NDRKU,800.1,0.05,Low Priority,6.74,Low,Standard customer engagement
2361-FJWNO,1440.0,0.0,Low Priority,6.74,Low,Standard customer engagement
5730-RIITO,1438.35,0.0,Low Priority,6.73,Low,Standard customer engagement
1599-EAHXY,1437.0,0.0,Low Priority,6.72,Low,Standard customer engagement
2507-QZPQS,1435.5,0.0,Low Priority,6.72,Low,Standard customer engagement
4277-BWBML,1436.4,0.0,Low Priority,6.72,Low,Standard customer engagement
7184-LRUUR,1435.5,0.0,Low Priority,6.72,Low,Standard customer engagement
2129-ALKBS,1048.0,0.03,Low Priority,6.7,Low,Standard customer engagement
9661-JALZV,1432.6,0.0,Low Priority,6.7,Low,Standard customer engagement
0784-ZQJZX,1432.8,0.0,Low Priority,6.7,Low,Standard customer engagement
2311-QYMUQ,1431.2,0.0,Low Priority,6.7,Low,Standard customer engagement
2429-AYKKO,1429.2,0.0,Low Priority,6.69,Low,Standard customer engagement
0732-OCQOC,1302.6,0.01,Low Priority,6.69,Low,Standard customer engagement
7853-WNZSY,19.75,0.11,Low Priority,6.69,Low,Standard customer engagement
4946-EDSEW,211.75,0.095,Low Priority,6.69,Low,Standard customer engagement
5315-CKEQK,1428.0,0.0,Low Priority,6.68,Low,Standard customer engagement
0264-CNITK,1427.1,0.0,Low Priority,6.68,Low,Standard customer engagement
7606-BPHHN,1425.6,0.0,Low Priority,6.67,Low,Standard customer engagement
2607-DHDAK,1425.6,0.0,Low Priority,6.67,Low,Standard customer engagement
6927-WTFIV,1426.0,0.0,Low Priority,6.67,Low,Standard customer engagement
6261-LHRTG,1423.5,0.0,Low Priority,6.66,Low,Standard customer engagement
4957-SREEC,1424.5,0.0,Low Priority,6.66,Low,Standard customer engagement
3454-JFUBC,1360.0,0.005,Low Priority,6.66,Low,Standard customer engagement
1697-LYYYX,1165.1,0.02,Low Priority,6.65,Low,Standard customer engagement
3315-IKYZQ,1422.4,0.0,Low Priority,6.65,Low,Standard customer engagement
5893-KCLGT,1422.0,0.0,Low Priority,6.65,Low,Standard customer engagement
6583-KQJLK,1419.75,0.0,Low Priority,6.64,Low,Standard customer engagement
6928-ONTRW,1418.4,0.0,Low Priority,6.64,Low,Standard customer engagement
2812-ENYMO,1418.3,0.0,Low Priority,6.64,Low,Standard customer engagement
0404-AHASP,1418.4,0.0,Low Priority,6.64,Low,Standard customer engagement
0655-YDGFJ,1419.5500000000002,0.0,Low Priority,6.64,Low,Standard customer engagement
5356-KZCKT,1418.1,0.0,Low Priority,6.63,Low,Standard customer engagement
6661-EIPZC,1416.0,0.0,Low Priority,6.62,Low,Standard customer engagement
5468-BPMMO,901.6,0.04,Low Priority,6.62,Low,Standard customer engagement
6087-MVHJH,1415.2,0.0,Low Priority,6.62,Low,Standard customer engagement
6174-NRBTZ,1414.5,0.0,Low Priority,6.62,Low,Standard customer engagement
8361-LBRDI,1412.3000000000002,0.0,Low Priority,6.61,Low,Standard customer engagement
6877-LGWXO,1413.9,0.0,Low Priority,6.61,Low,Standard customer engagement
1073-XXCZD,1413.5,0.0,Low Priority,6.61,Low,Standard customer engagement
3973-SKMLN,1412.9,0.0,Low Priority,6.61,Low,Standard customer engagement
3642-BYHDO,1412.9,0.0,Low Priority,6.61,Low,Standard customer engagement
1052-QJIBV,1412.9,0.0,Low Priority,6.61,Low,Standard customer engagement
5902-WBLSE,1410.5,0.0,Low Priority,6.6,Low,Standard customer engagement
1047-NNCBF,1411.0,0.0,Low Priority,6.6,Low,Standard customer engagement
8807-OPMBM,1410.75,0.0,Low Priority,6.6,Low,Standard customer engagement
6833-JMZYP,1410.0,0.0,Low Priority,6.6,Low,Standard customer engagement
6615-NGGZJ,1407.7,0.0,Low Priority,6.59,Low,Standard customer engagement
4817-KEQSP,1409.35,0.0,Low Priority,6.59,Low,Standard customer engagement
1591-XWLGB,1409.35,0.0,Low Priority,6.59,Low,Standard customer engagement
1166-PQLGG,1407.6,0.0,Low Priority,6.59,Low,Standard customer engagement
6017-PPLPX,1409.0,0.0,Low Priority,6.59,Low,Standard customer engagement
1043-YCUTE,1408.4,0.0,Low Priority,6.59,Low,Standard customer engagement
1623-NLDOT,1409.1,0.0,Low Priority,6.59,Low,Standard customer engagement
3996-ZNWYK,1405.8,0.0,Low Priority,6.58,Low,Standard customer engagement
0831-JNISG,1405.8,0.0,Low Priority,6.58,Low,Standard customer engagement
2739-CACDQ,1405.0500000000002,0.0,Low Priority,6.57,Low,Standard customer engagement
8496-EJAUI,1403.15,0.0,Low Priority,6.56,Low,Standard customer engagement
3621-CEOVK,1402.8,0.0,Low Priority,6.56,Low,Standard customer engagement
0236-HFWSV,1400.25,0.0,Low Priority,6.55,Low,Standard customer engagement
4465-VDKIQ,1400.4,0.0,Low Priority,6.55,Low,Standard customer engagement
3173-WSSUE,1398.7,0.0,Low Priority,6.54,Low,Standard customer engagement
6980-CDGFC,1396.95,0.0,Low Priority,6.54,Low,Standard customer engagement
3402-XRIUO,1398.1,0.0,Low Priority,6.54,Low,Standard customer engagement
2908-WGAXL,1397.2,0.0,Low Priority,6.54,Low,Standard customer engagement
4086-WITJG,1398.7,0.0,Low Priority,6.54,Low,Standard customer engagement
6625-FLENO,1203.5,0.015,Low Priority,6.53,Low,Standard customer engagement
8450-UYIBU,1394.75,0.0,Low Priority,6.53,Low,Standard customer engagement
2848-YXSMW,1396.8,0.0,Low Priority,6.53,Low,Standard customer engagement
1322-AGOQM,1393.8,0.0,Low Priority,6.52,Low,Standard customer engagement
7695-PKLCZ,1394.0,0.0,Low Priority,6.52,Low,Standard customer engagement
4597-ELFTS,1394.4,0.0,Low Priority,6.52,Low,Standard customer engagement
7558-IMLMT,1393.6,0.0,Low Priority,6.52,Low,Standard customer engagement
0902-XKXPN,1393.8,0.0,Low Priority,6.52,Low,Standard customer engagement
6980-IMXXE,1393.8,0.0,Low Priority,6.52,Low,Standard customer engagement
2718-YSKCS,1391.6,0.0,Low Priority,6.51,Low,Standard customer engagement
7517-SAWMO,1390.8,0.0,Low Priority,6.51,Low,Standard customer engagement
7673-BQGKU,1390.35,0.0,Low Priority,6.5,Low,Standard customer engagement
3976-HXHCE,1389.6,0.0,Low Priority,6.5,Low,Standard customer engagement
5787-KXGIY,1389.6,0.0,Low Priority,6.5,Low,Standard customer engagement
8285-ABVLB,1389.5,0.0,Low Priority,6.5,Low,Standard customer engagement
2108-GLPQB,1388.75,0.0,Low Priority,6.5,Low,Standard customer engagement
8626-XHBIE,1388.8,0.0,Low Priority,6.5,Low,Standard customer engagement
6060-QBMGV,1389.5,0.0,Low Priority,6.5,Low,Standard customer engagement
3606-TWKGI,1389.7,0.0,Low Priority,6.5,Low,Standard customer engagement
0048-PIHNL,1002.05,0.03,Low Priority,6.49,Low,Standard customer engagement
8898-KASCD,1386.4499999999998,0.0,Low Priority,6.49,Low,Standard customer engagement
2075-PUEPR,1064.25,0.025,Low Priority,6.48,Low,Standard customer engagement
0505-SPOOW,1386.0,0.0,Low Priority,6.48,Low,Standard customer engagement
3372-KWFBM,1385.6,0.0,Low Priority,6.48,Low,Standard customer engagement
8750-QWZAJ,1386.0,0.0,Low Priority,6.48,Low,Standard customer engagement
7395-IGJOS,1385.5,0.0,Low Priority,6.48,Low,Standard customer engagement
5989-OMNJE,1382.4,0.0,Low Priority,6.47,Low,Standard customer engagement
1183-CANVH,1380.0,0.0,Low Priority,6.46,Low,Standard customer engagement
5989-PGKJB,1380.0,0.0,Low Priority,6.46,Low,Standard customer engagement
3279-DYZQM,1380.95,0.0,Low Priority,6.46,Low,Standard customer engagement
7758-UJWYS,1378.6999999999998,0.0,Low Priority,6.45,Low,Standard customer engagement
9069-LGEUL,1378.85,0.0,Low Priority,6.45,Low,Standard customer engagement
8263-OKETD,1378.0,0.0,Low Priority,6.45,Low,Standard customer engagement
7706-YLMQA,1379.0,0.0,Low Priority,6.45,Low,Standard customer engagement
2519-TWKFS,1377.5,0.0,Low Priority,6.44,Low,Standard customer engagement
8232-UTFOZ,1376.55,0.0,Low Priority,6.44,Low,Standard customer engagement
1840-BIUOG,1374.0,0.0,Low Priority,6.43,Low,Standard customer engagement
3633-CDBUW,1374.4499999999998,0.0,Low Priority,6.43,Low,Standard customer engagement
0397-ZXWQF,1373.5,0.0,Low Priority,6.43,Low,Standard customer engagement
9537-JALFH,1373.1,0.0,Low Priority,6.42,Low,Standard customer engagement
9402-ORRAH,1372.5,0.0,Low Priority,6.42,Low,Standard customer engagement
3703-TTEPD,1372.35,0.0,Low Priority,6.42,Low,Standard customer engagement
6248-BSHKG,1244.4,0.01,Low Priority,6.42,Low,Standard customer engagement
9593-CVZKR,1369.2,0.0,Low Priority,6.41,Low,Standard customer engagement
5451-MHQOF,1369.2,0.0,Low Priority,6.41,Low,Standard customer engagement
5453-AXEPF,1368.5,0.0,Low Priority,6.4,Low,Standard customer engagement
2900-PHPLN,1368.5,0.0,Low Priority,6.4,Low,Standard customer engagement
1042-HFUCW,1368.75,0.0,Low Priority,6.4,Low,Standard customer engagement
7876-DNYAP,1366.2,0.0,Low Priority,6.39,Low,Standard customer engagement
1268-ASBGA,1365.6,0.0,Low Priority,6.39,Low,Standard customer engagement
8292-ITGYJ,1109.25,0.02,Low Priority,6.39,Low,Standard customer engagement
3583-KRKMD,1366.2,0.0,Low Priority,6.39,Low,Standard customer engagement
5848-FHRFC,1363.4,0.0,Low Priority,6.38,Low,Standard customer engagement
2984-RGEYA,1362.75,0.0,Low Priority,6.38,Low,Standard customer engagement
9121-PHQSR,1360.8,0.0,Low Priority,6.37,Low,Standard customer engagement
7129-CAKJW,1360.85,0.0,Low Priority,6.37,Low,Standard customer engagement
8958-JPTRR,1360.8,0.0,Low Priority,6.37,Low,Standard customer engagement
8966-SNIZF,1361.5,0.0,Low Priority,6.37,Low,Standard customer engagement
0042-RLHYP,1359.3,0.0,Low Priority,6.36,Low,Standard customer engagement
6127-ISGTU,1359.2,0.0,Low Priority,6.36,Low,Standard customer engagement
4011-ARPHK,1359.45,0.0,Low Priority,6.36,Low,Standard customer engagement
2122-YWVYA,1357.2,0.0,Low Priority,6.35,Low,Standard customer engagement
2804-ETQDK,1356.3,0.0,Low Priority,6.35,Low,Standard customer engagement
3099-OONVS,1357.5,0.0,Low Priority,6.35,Low,Standard customer engagement
7049-GKVZY,1357.4499999999998,0.0,Low Priority,6.35,Low,Standard customer engagement
3678-MNGZX,1356.6,0.0,Low Priority,6.35,Low,Standard customer engagement
2181-TIDSV,1356.6,0.0,Low Priority,6.35,Low,Standard customer engagement
1583-IHQZE,1355.4,0.0,Low Priority,6.34,Low,Standard customer engagement
0825-CPPQH,1356.1,0.0,Low Priority,6.34,Low,Standard customer engagement
4360-QRAVE,1356.05,0.0,Low Priority,6.34,Low,Standard customer engagement
4514-GFCFI,1356.0,0.0,Low Priority,6.34,Low,Standard customer engagement
4979-HPRFL,1352.4,0.0,Low Priority,6.33,Low,Standard customer engagement
5716-LIBJC,1353.95,0.0,Low Priority,6.33,Low,Standard customer engagement
9881-VCZEP,1352.5,0.0,Low Priority,6.33,Low,Standard customer engagement
5092-STPKP,1352.4,0.0,Low Priority,6.33,Low,Standard customer engagement
7508-KBIMB,1350.0,0.0,Low Priority,6.32,Low,Standard customer engagement
8904-OPDCK,1347.3,0.0,Low Priority,6.3,Low,Standard customer engagement
7401-RUBNK,1346.4,0.0,Low Priority,6.3,Low,Standard customer engagement
0439-IFYUN,1344.6,0.0,Low Priority,6.29,Low,Standard customer engagement
0613-WUXUM,1344.0,0.0,Low Priority,6.29,Low,Standard customer engagement
2150-UWTFY,1345.3,0.0,Low Priority,6.29,Low,Standard customer engagement
1167-OYZJF,1343.35,0.0,Low Priority,6.28,Low,Standard customer engagement
7073-QETQY,1343.1,0.0,Low Priority,6.28,Low,Standard customer engagement
7126-RBHSD,1341.3000000000002,0.0,Low Priority,6.28,Low,Standard customer engagement
0916-QOFDP,1341.2,0.0,Low Priority,6.27,Low,Standard customer engagement
4189-NAKJS,1340.3,0.0,Low Priority,6.27,Low,Standard customer engagement
5346-BZCHP,1338.6,0.0,Low Priority,6.26,Low,Standard customer engagement
8532-UEFWH,1339.0,0.0,Low Priority,6.26,Low,Standard customer engagement
7508-SMHXL,1335.0,0.0,Low Priority,6.25,Low,Standard customer engagement
4459-BBGHE,1335.0,0.0,Low Priority,6.25,Low,Standard customer engagement
8919-FYFQZ,1335.4,0.0,Low Priority,6.25,Low,Standard customer engagement
5146-YYFRZ,1336.65,0.0,Low Priority,6.25,Low,Standard customer engagement
1333-PBMXB,1336.5,0.0,Low Priority,6.25,Low,Standard customer engagement
7801-KICAO,1334.7,0.0,Low Priority,6.24,Low,Standard customer engagement
3274-NSDWE,1332.8000000000002,0.0,Low Priority,6.24,Low,Standard customer engagement
3308-DGHKL,1331.7,0.0,Low Priority,6.23,Low,Standard customer engagement
6925-BAYGL,1330.3000000000002,0.0,Low Priority,6.22,Low,Standard customer engagement
6543-JXSOO,1328.25,0.0,Low Priority,6.21,Low,Standard customer engagement
9135-HSWOC,1260.8,0.005,Low Priority,6.2,Low,Standard customer engagement
8395-ETZKQ,1326.0,0.0,Low Priority,6.2,Low,Standard customer engagement
0374-FIUCA,1326.0,0.0,Low Priority,6.2,Low,Standard customer engagement
3753-TSEMP,1322.25,0.0,Low Priority,6.19,Low,Standard customer engagement
1666-JZPZT,1323.0,0.0,Low Priority,6.19,Low,Standard customer engagement
0650-BWOZN,1323.9,0.0,Low Priority,6.19,Low,Standard customer engagement
9313-CDOGY,744.8000000000001,0.045,Low Priority,6.18,Low,Standard customer engagement
9800-OUIGR,1320.0,0.0,Low Priority,6.18,Low,Standard customer engagement
9500-WBGRP,1317.9,0.0,Low Priority,6.17,Low,Standard customer engagement
7114-AEOZE,1191.0,0.01,Low Priority,6.17,Low,Standard customer engagement
2801-NISEI,1318.8000000000002,0.0,Low Priority,6.17,Low,Standard customer engagement
9903-LYSAB,1316.7,0.0,Low Priority,6.16,Low,Standard customer engagement
1764-VUUMT,1316.7,0.0,Low Priority,6.16,Low,Standard customer engagement
2007-QVGAW,1315.8000000000002,0.0,Low Priority,6.16,Low,Standard customer engagement
9529-OFXHY,1316.25,0.0,Low Priority,6.16,Low,Standard customer engagement
3723-BFBGR,1315.1999999999998,0.0,Low Priority,6.15,Low,Standard customer engagement
6064-PUPMC,1315.6,0.0,Low Priority,6.15,Low,Standard customer engagement
1353-GHZOS,1314.5,0.0,Low Priority,6.15,Low,Standard customer engagement
7801-CEDNV,1314.9,0.0,Low Priority,6.15,Low,Standard customer engagement
7619-ODSGN,1314.0,0.0,Low Priority,6.15,Low,Standard customer engagement
8510-AWCXC,1310.4,0.0,Low Priority,6.13,Low,Standard customer engagement
7901-IIDQV,1310.4,0.0,Low Priority,6.13,Low,Standard customer engagement
7315-WYOAW,1309.75,0.0,Low Priority,6.13,Low,Standard customer engagement
1853-ARAAQ,1309.1,0.0,Low Priority,6.12,Low,Standard customer engagement
5046-NUHWD,1305.0,0.0,Low Priority,6.11,Low,Standard customer engagement
9330-IJWIO,1304.55,0.0,Low Priority,6.1,Low,Standard customer engagement
3785-KTYSH,1303.8000000000002,0.0,Low Priority,6.1,Low,Standard customer engagement
6729-FZWSY,1303.15,0.0,Low Priority,6.1,Low,Standard customer engagement
2626-VEEWG,1299.8,0.0,Low Priority,6.08,Low,Standard customer engagement
3120-FAZKD,1298.7,0.0,Low Priority,6.08,Low,Standard customer engagement
2978-XXSOG,1299.1,0.0,Low Priority,6.08,Low,Standard customer engagement
8711-LOBKY,1171.15,0.01,Low Priority,6.08,Low,Standard customer engagement
6986-IXNDM,1300.6,0.0,Low Priority,6.08,Low,Standard customer engagement
5044-XDPYX,1300.5,0.0,Low Priority,6.08,Low,Standard customer engagement
6038-GCYEC,1299.6,0.0,Low Priority,6.08,Low,Standard customer engagement
5730-DBDSI,1300.2,0.0,Low Priority,6.08,Low,Standard customer engagement
2528-HFYZX,1299.65,0.0,Low Priority,6.08,Low,Standard customer engagement
7717-BICXI,1233.0,0.005,Low Priority,6.07,Low,Standard customer engagement
8838-GPHZP,1297.8000000000002,0.0,Low Priority,6.07,Low,Standard customer engagement
7854-EDSSA,1298.0,0.0,Low Priority,6.07,Low,Standard customer engagement
9560-ARGQJ,1296.0,0.0,Low Priority,6.06,Low,Standard customer engagement
8992-OBVDG,1294.65,0.0,Low Priority,6.06,Low,Standard customer engagement
3774-VBNXY,1292.8,0.0,Low Priority,6.05,Low,Standard customer engagement
7969-FFOWG,1293.5,0.0,Low Priority,6.05,Low,Standard customer engagement
1153-GNOLC,1290.3,0.0,Low Priority,6.04,Low,Standard customer engagement
9639-BUJXT,1291.5,0.0,Low Priority,6.04,Low,Standard customer engagement
6734-JDTTV,1290.25,0.0,Low Priority,6.04,Low,Standard customer engagement
7061-OVMIM,586.5,0.055,Low Priority,6.04,Low,Standard customer engagement
3842-QTGDL,1292.0,0.0,Low Priority,6.04,Low,Standard customer engagement
9972-EWRJS,1289.75,0.0,Low Priority,6.03,Low,Standard customer engagement
1384-RCUXW,1288.8,0.0,Low Priority,6.03,Low,Standard customer engagement
2189-WWOEW,1288.5,0.0,Low Priority,6.03,Low,Standard customer engagement
0384-RVBPI,1288.0,0.0,Low Priority,6.03,Low,Standard customer engagement
1248-DYXUB,1289.6,0.0,Low Priority,6.03,Low,Standard customer engagement
3920-HIHMQ,1287.0,0.0,Low Priority,6.02,Low,Standard customer engagement
4104-PVRPS,1286.4,0.0,Low Priority,6.02,Low,Standard customer engagement
8519-IMDHU,1284.0,0.0,Low Priority,6.01,Low,Standard customer engagement
5815-HGGHV,1283.0,0.0,Low Priority,6.0,Low,Standard customer engagement
9894-QMIMJ,1283.4,0.0,Low Priority,6.0,Low,Standard customer engagement
6139-ZZRBQ,1283.2,0.0,Low Priority,6.0,Low,Standard customer engagement
6217-TOWGS,1281.8000000000002,0.0,Low Priority,6.0,Low,Standard customer engagement
6692-UDPJC,1283.1,0.0,Low Priority,6.0,Low,Standard customer engagement
6719-OXYBR,1279.5,0.0,Low Priority,5.99,Low,Standard customer engagement
1769-GRUIK,1279.8,0.0,Low Priority,5.99,Low,Standard customer engagement
2236-HILPA,1280.3,0.0,Low Priority,5.99,Low,Standard customer engagement
4828-FAZPK,1279.2,0.0,Low Priority,5.98,Low,Standard customer engagement
4429-WYGFR,1277.9,0.0,Low Priority,5.98,Low,Standard customer engagement
2207-RYYRL,1276.6,0.0,Low Priority,5.97,Low,Standard customer engagement
1302-TPUBN,1277.1,0.0,Low Priority,5.97,Low,Standard customer engagement
0011-IGKFF,1274.0,0.0,Low Priority,5.96,Low,Standard customer engagement
0396-UKGAI,1271.9,0.0,Low Priority,5.95,Low,Standard customer engagement
4373-MAVJG,1272.6,0.0,Low Priority,5.95,Low,Standard customer engagement
3739-YBWAB,1272.6,0.0,Low Priority,5.95,Low,Standard customer engagement
0057-QBUQH,1079.3,0.015,Low Priority,5.95,Low,Standard customer engagement
6407-GSJNL,1272.45,0.0,Low Priority,5.95,Low,Standard customer engagement
7941-RCJOW,1270.75,0.0,Low Priority,5.95,Low,Standard customer engagement
8652-YHIYU,1272.0,0.0,Low Priority,5.95,Low,Standard customer engagement
9938-EKRGF,1266.75,0.0,Low Priority,5.93,Low,Standard customer engagement
7088-FBAWU,1267.35,0.0,Low Priority,5.93,Low,Standard customer engagement
7268-WNTCP,1267.9,0.0,Low Priority,5.93,Low,Standard customer engagement
1813-JLKWR,1267.2,0.0,Low Priority,5.93,Low,Standard customer engagement
7531-GQHME,240.6,0.08,Low Priority,5.93,Low,Standard customer engagement
8220-OCUFY,1265.25,0.0,Low Priority,5.92,Low,Standard customer engagement
5939-SXWHM,1262.4,0.0,Low Priority,5.91,Low,Standard customer engagement
3547-LQRIK,1264.3,0.0,Low Priority,5.91,Low,Standard customer engagement
7145-FEJWU,1263.6,0.0,Low Priority,5.91,Low,Standard customer engagement
3644-QXEHN,1261.0,0.0,Low Priority,5.9,Low,Standard customer engagement
8399-YNDCH,1261.05,0.0,Low Priority,5.9,Low,Standard customer engagement
1697-NVVGY,1261.6,0.0,Low Priority,5.9,Low,Standard customer engagement
0962-CQPWQ,1258.6,0.0,Low Priority,5.89,Low,Standard customer engagement
6621-NRZAK,1260.0,0.0,Low Priority,5.89,Low,Standard customer engagement
1226-IENZN,1260.0,0.0,Low Priority,5.89,Low,Standard customer engagement
6867-ACCZI,1260.0,0.0,Low Priority,5.89,Low,Standard customer engagement
0023-UYUPN,1260.0,0.0,Low Priority,5.89,Low,Standard customer engagement
9436-ZBZCT,1259.3,0.0,Low Priority,5.89,Low,Standard customer engagement
9290-SHCMB,1259.05,0.0,Low Priority,5.89,Low,Standard customer engagement
2114-MGINA,1257.2,0.0,Low Priority,5.88,Low,Standard customer engagement
0281-CNTZX,1256.85,0.0,Low Priority,5.88,Low,Standard customer engagement
6685-XSHHU,1257.0,0.0,Low Priority,5.88,Low,Standard customer engagement
8747-UDCOI,1257.75,0.0,Low Priority,5.88,Low,Standard customer engagement
8630-FJLIB,1256.4,0.0,Low Priority,5.88,Low,Standard customer engagement
8844-TONUD,1256.45,0.0,Low Priority,5.88,Low,Standard customer engagement
2908-ZTPNF,1254.6,0.0,Low Priority,5.87,Low,Standard customer engagement
3970-XGJDU,1190.4,0.005,Low Priority,5.87,Low,Standard customer engagement
1670-SVOWZ,1255.1,0.0,Low Priority,5.87,Low,Standard customer engagement
3712-PKXZA,1253.55,0.0,Low Priority,5.86,Low,Standard customer engagement
8434-VGEQQ,1253.55,0.0,Low Priority,5.86,Low,Standard customer engagement
9099-FTUHS,1251.2,0.0,Low Priority,5.85,Low,Standard customer engagement
7771-ZONAT,1248.5,0.0,Low Priority,5.84,Low,Standard customer engagement
5549-ZGHFB,1247.5,0.0,Low Priority,5.84,Low,Standard customer engagement
9274-UARKJ,1248.0,0.0,Low Priority,5.84,Low,Standard customer engagement
6475-VHUIZ,1247.75,0.0,Low Priority,5.84,Low,Standard customer engagement
2774-LVQUS,1245.75,0.0,Low Priority,5.83,Low,Standard customer engagement
0696-UKTOX,1245.45,0.0,Low Priority,5.83,Low,Standard customer engagement
7064-JHXCE,1243.1,0.0,Low Priority,5.82,Low,Standard customer engagement
8347-GDTMP,1244.8,0.0,Low Priority,5.82,Low,Standard customer engagement
9139-TWBAS,1244.1,0.0,Low Priority,5.82,Low,Standard customer engagement
6848-HJTXY,1244.8,0.0,Low Priority,5.82,Low,Standard customer engagement
3635-QQRQD,1243.1,0.0,Low Priority,5.82,Low,Standard customer engagement
9625-RZFUK,1241.1,0.0,Low Priority,5.81,Low,Standard customer engagement
2335-GSODA,922.3,0.025,Low Priority,5.81,Low,Standard customer engagement
6434-TTGJP,537.0,0.055,Low Priority,5.81,Low,Standard customer engagement
0847-HGRML,1240.0,0.0,Low Priority,5.8,Low,Standard customer engagement
6770-UAYGJ,1237.25,0.0,Low Priority,5.79,Low,Standard customer engagement
9061-TIHDA,1238.25,0.0,Low Priority,5.79,Low,Standard customer engagement
4636-TVXVG,1236.9,0.0,Low Priority,5.79,Low,Standard customer engagement
0661-WCQNQ,1237.5,0.0,Low Priority,5.79,Low,Standard customer engagement
3793-MMFUH,1235.65,0.0,Low Priority,5.78,Low,Standard customer engagement
7279-NMVJC,338.29999999999995,0.07,Low Priority,5.78,Low,Standard customer engagement
5837-LXSDN,1235.85,0.0,Low Priority,5.78,Low,Standard customer engagement
0704-VCUMB,1235.25,0.0,Low Priority,5.78,Low,Standard customer engagement
8043-PNYSD,1231.65,0.0,Low Priority,5.76,Low,Standard customer engagement
7799-DSEWS,1230.3,0.0,Low Priority,5.76,Low,Standard customer engagement
5656-JAMLX,1230.7,0.0,Low Priority,5.76,Low,Standard customer engagement
7000-WCEVQ,1232.0,0.0,Low Priority,5.76,Low,Standard customer engagement
3154-HMWUU,1230.0,0.0,Low Priority,5.75,Low,Standard customer engagement
5799-JRCZO,1228.5,0.0,Low Priority,5.75,Low,Standard customer engagement
9828-QHFBK,1227.6,0.0,Low Priority,5.74,Low,Standard customer engagement
4830-FAXFM,457.9,0.06,Low Priority,5.74,Low,Standard customer engagement
3221-CJMSG,1226.4,0.0,Low Priority,5.74,Low,Standard customer engagement
1386-ZIKUV,132.65,0.085,Low Priority,5.72,Low,Standard customer engagement
6546-OPBBH,1221.45,0.0,Low Priority,5.71,Low,Standard customer engagement
7852-LECYP,1219.4,0.0,Low Priority,5.7,Low,Standard customer engagement
7643-RCHXS,1219.0500000000002,0.0,Low Priority,5.7,Low,Standard customer engagement
8164-OCKUJ,1215.4,0.0,Low Priority,5.69,Low,Standard customer engagement
3902-FOIGH,1216.1999999999998,0.0,Low Priority,5.69,Low,Standard customer engagement
6778-JFCMK,1214.4,0.0,Low Priority,5.68,Low,Standard customer engagement
6214-EDAKZ,1213.3,0.0,Low Priority,5.68,Low,Standard customer engagement
4576-CSAJH,1213.3,0.0,Low Priority,5.68,Low,Standard customer engagement
8857-CUPFQ,1212.75,0.0,Low Priority,5.67,Low,Standard customer engagement
8467-WYNSR,1212.2,0.0,Low Priority,5.67,Low,Standard customer engagement
9667-EQRXU,1209.0,0.0,Low Priority,5.66,Low,Standard customer engagement
5640-CAXOA,1210.5,0.0,Low Priority,5.66,Low,Standard customer engagement
8337-MSSXB,1208.2,0.0,Low Priority,5.65,Low,Standard customer engagement
9084-OAYKL,1206.4,0.0,Low Priority,5.64,Low,Standard customer engagement
7508-MYBOG,1205.4,0.0,Low Priority,5.64,Low,Standard customer engagement
3498-LZGQZ,1206.4499999999998,0.0,Low Priority,5.64,Low,Standard customer engagement
7895-VONWT,1206.25,0.0,Low Priority,5.64,Low,Standard customer engagement
1830-IPXVJ,1204.75,0.0,Low Priority,5.64,Low,Standard customer engagement
9432-VOFYX,1203.6,0.0,Low Priority,5.63,Low,Standard customer engagement
5433-KYGHE,1204.0,0.0,Low Priority,5.63,Low,Standard customer engagement
8010-EZLOU,1203.0,0.0,Low Priority,5.63,Low,Standard customer engagement
1074-WVEVG,1200.65,0.0,Low Priority,5.62,Low,Standard customer engagement
5146-CBVOE,1201.6,0.0,Low Priority,5.62,Low,Standard customer engagement
2612-RANWT,1201.8000000000002,0.0,Low Priority,5.62,Low,Standard customer engagement
9584-EXCDZ,1198.5,0.0,Low Priority,5.61,Low,Standard customer engagement
1571-SAVHK,1199.4,0.0,Low Priority,5.61,Low,Standard customer engagement
4468-KAZHE,1200.0,0.0,Low Priority,5.61,Low,Standard customer engagement
1207-BLKSA,1198.6,0.0,Low Priority,5.61,Low,Standard customer engagement
2154-KVJFF,1196.25,0.0,Low Priority,5.6,Low,Standard customer engagement
7783-YKGDV,1196.4,0.0,Low Priority,5.6,Low,Standard customer engagement
4644-PIZRT,1195.9499999999998,0.0,Low Priority,5.6,Low,Standard customer engagement
4546-FOKWR,1196.0,0.0,Low Priority,5.6,Low,Standard customer engagement
3211-ILJTT,1196.8000000000002,0.0,Low Priority,5.6,Low,Standard customer engagement
2433-KMEAS,1197.9,0.0,Low Priority,5.6,Low,Standard customer engagement
1460-UZPRJ,1197.0,0.0,Low Priority,5.6,Low,Standard customer engagement
3507-GASNP,1197.0,0.0,Low Priority,5.6,Low,Standard customer engagement
1171-TYKUR,1193.8,0.0,Low Priority,5.59,Low,Standard customer engagement
4779-ZGICK,1130.4,0.005,Low Priority,5.59,Low,Standard customer engagement
0156-FVPTA,1192.4,0.0,Low Priority,5.58,Low,Standard customer engagement
7450-NWRTR,1193.4,0.0,Low Priority,5.58,Low,Standard customer engagement
3521-MNKLV,1192.8000000000002,0.0,Low Priority,5.58,Low,Standard customer engagement
1955-IBMMB,1191.8,0.0,Low Priority,5.58,Low,Standard customer engagement
9185-TQCVP,1192.1,0.0,Low Priority,5.58,Low,Standard customer engagement
5839-SUYVZ,1192.8,0.0,Low Priority,5.58,Low,Standard customer engagement
0128-MKWSG,1190.8,0.0,Low Priority,5.57,Low,Standard customer engagement
3703-KBKZP,1191.2,0.0,Low Priority,5.57,Low,Standard customer engagement
3884-HCSWG,1190.0,0.0,Low Priority,5.57,Low,Standard customer engagement
3948-XHGNA,1189.1999999999998,0.0,Low Priority,5.56,Low,Standard customer engagement
2346-LOCWC,1189.0,0.0,Low Priority,5.56,Low,Standard customer engagement
4315-MURBD,1186.8000000000002,0.0,Low Priority,5.55,Low,Standard customer engagement
6922-NCEDI,1187.2,0.0,Low Priority,5.55,Low,Standard customer engagement
9314-IJWSQ,1187.2,0.0,Low Priority,5.55,Low,Standard customer engagement
9063-ZGTUY,1183.4,0.0,Low Priority,5.54,Low,Standard customer engagement
1195-OIYEJ,1184.3,0.0,Low Priority,5.54,Low,Standard customer engagement
2229-VWQJH,1183.1999999999998,0.0,Low Priority,5.54,Low,Standard customer engagement
9504-DSHWM,1184.0,0.0,Low Priority,5.54,Low,Standard customer engagement
8727-JQFHV,1182.75,0.0,Low Priority,5.53,Low,Standard customer engagement
4990-ALDGW,1182.75,0.0,Low Priority,5.53,Low,Standard customer engagement
7109-MFBYV,1181.7,0.0,Low Priority,5.53,Low,Standard customer engagement
4652-NNHNY,1181.6,0.0,Low Priority,5.53,Low,Standard customer engagement
8917-SZTTJ,1179.0,0.0,Low Priority,5.52,Low,Standard customer engagement
0780-XNZFN,1177.05,0.0,Low Priority,5.51,Low,Standard customer engagement
2454-RPBRZ,1177.1999999999998,0.0,Low Priority,5.51,Low,Standard customer engagement
2324-AALNO,1178.4,0.0,Low Priority,5.51,Low,Standard customer engagement
5567-GZKQY,1177.4,0.0,Low Priority,5.51,Low,Standard customer engagement
3457-PQBYH,1177.4,0.0,Low Priority,5.51,Low,Standard customer engagement
7156-MHUGY,1176.5,0.0,Low Priority,5.5,Low,Standard customer engagement
2239-CFOUJ,20.4,0.09,Low Priority,5.5,Low,Standard customer engagement
2898-LSJGD,1174.95,0.0,Low Priority,5.5,Low,Standard customer engagement
9824-BEMCV,1173.0,0.0,Low Priority,5.49,Low,Standard customer engagement
2923-ARZLG,19.7,0.09,Low Priority,5.49,Low,Standard customer engagement
1703-MGIAB,1173.0,0.0,Low Priority,5.49,Low,Standard customer engagement
5202-IVJNU,1173.9,0.0,Low Priority,5.49,Low,Standard customer engagement
2946-KIQSP,1170.75,0.0,Low Priority,5.48,Low,Standard customer engagement
8701-DGLVH,1042.95,0.01,Low Priority,5.48,Low,Standard customer engagement
7916-VCCPB,1172.0,0.0,Low Priority,5.48,Low,Standard customer engagement
7493-GVFIO,1171.35,0.0,Low Priority,5.48,Low,Standard customer engagement
1371-OJCEK,1168.8000000000002,0.0,Low Priority,5.47,Low,Standard customer engagement
2937-FTHUR,1166.4,0.0,Low Priority,5.46,Low,Standard customer engagement
3887-PBQAO,1165.5,0.0,Low Priority,5.45,Low,Standard customer engagement
0040-HALCW,1101.6,0.005,Low Priority,5.45,Low,Standard customer engagement
3648-GZPHF,1160.0,0.0,Low Priority,5.43,Low,Standard customer engagement
2320-SLKMB,1155.7,0.0,Low Priority,5.41,Low,Standard customer engagement
9553-DLCLU,1156.35,0.0,Low Priority,5.41,Low,Standard customer engagement
4559-UWIHT,1157.1,0.0,Low Priority,5.41,Low,Standard customer engagement
5968-HYJRZ,1153.85,0.0,Low Priority,5.4,Low,Standard customer engagement
7293-LSCDV,1155.0,0.0,Low Priority,5.4,Low,Standard customer engagement
5793-YOLJN,1155.0,0.0,Low Priority,5.4,Low,Standard customer engagement
7601-DHFWZ,1152.0,0.0,Low Priority,5.39,Low,Standard customer engagement
3359-DSRKA,1151.3000000000002,0.0,Low Priority,5.39,Low,Standard customer engagement
2180-DXNEG,1152.0,0.0,Low Priority,5.39,Low,Standard customer engagement
7526-BEZQB,1152.6,0.0,Low Priority,5.39,Low,Standard customer engagement
7328-ZJAJO,1150.5,0.0,Low Priority,5.38,Low,Standard customer engagement
8514-VZHEB,1150.5,0.0,Low Priority,5.38,Low,Standard customer engagement
6476-YHMGA,1147.5,0.0,Low Priority,5.37,Low,Standard customer engagement
3143-JQEGI,1148.55,0.0,Low Priority,5.37,Low,Standard customer engagement
3755-JBMNH,1148.8,0.0,Low Priority,5.37,Low,Standard customer engagement
8272-ONJLV,1148.4,0.0,Low Priority,5.37,Low,Standard customer engagement
9746-UGFAC,458.7000000000001,0.0538,Low Priority,5.37,Low,Standard customer engagement
5266-PFRQK,1084.2,0.005,Low Priority,5.37,Low,Standard customer engagement
4538-WNTMJ,1147.7,0.0,Low Priority,5.37,Low,Standard customer engagement
6727-IOTLZ,1147.3,0.0,Low Priority,5.37,Low,Standard customer engagement
3284-SVCRO,1147.5,0.0,Low Priority,5.37,Low,Standard customer engagement
5512-IDZEI,1145.4,0.0,Low Priority,5.36,Low,Standard customer engagement
5649-VUKMC,1146.0,0.0,Low Priority,5.36,Low,Standard customer engagement
4338-EYCER,1146.6,0.0,Low Priority,5.36,Low,Standard customer engagement
6114-TCFID,1145.5,0.0,Low Priority,5.36,Low,Standard customer engagement
0508-SQWPL,1145.7,0.0,Low Priority,5.36,Low,Standard customer engagement
8430-TWCBX,1014.3,0.01,Low Priority,5.35,Low,Standard customer engagement
7811-JIVPF,1143.1,0.0,Low Priority,5.35,Low,Standard customer engagement
7762-ONLJY,118.2,0.08,Low Priority,5.35,Low,Standard customer engagement
5293-WXJAK,1144.55,0.0,Low Priority,5.35,Low,Standard customer engagement
0106-GHRQR,1142.4,0.0,Low Priority,5.34,Low,Standard customer engagement
6323-AYBRX,1141.65,0.0,Low Priority,5.34,Low,Standard customer engagement
2146-EGVDT,1138.7,0.0,Low Priority,5.33,Low,Standard customer engagement
3315-TOTBP,1140.0,0.0,Low Priority,5.33,Low,Standard customer engagement
0489-WMEMG,1137.35,0.0,Low Priority,5.32,Low,Standard customer engagement
8234-GSZYK,1137.35,0.0,Low Priority,5.32,Low,Standard customer engagement
5821-MMEIL,1134.3,0.0,Low Priority,5.31,Low,Standard customer engagement
0529-ONKER,1134.75,0.0,Low Priority,5.31,Low,Standard customer engagement
0820-FNRNX,1133.9,0.0,Low Priority,5.3,Low,Standard customer engagement
3777-XROBG,1133.9,0.0,Low Priority,5.3,Low,Standard customer engagement
6551-GNYDG,1132.6,0.0,Low Priority,5.3,Low,Standard customer engagement
3733-LSYCE,1130.25,0.0,Low Priority,5.29,Low,Standard customer engagement
5519-NPHVG,1130.4,0.0,Low Priority,5.29,Low,Standard customer engagement
0228-MAUWC,1131.45,0.0,Low Priority,5.29,Low,Standard customer engagement
3935-TBRZZ,1130.8,0.0,Low Priority,5.29,Low,Standard customer engagement
8020-BWHYL,1129.5,0.0,Low Priority,5.28,Low,Standard customer engagement
8198-RKSZG,1126.3,0.0,Low Priority,5.27,Low,Standard customer engagement
7993-NQLJE,1126.5,0.0,Low Priority,5.27,Low,Standard customer engagement
1399-OUPJN,1125.75,0.0,Low Priority,5.27,Low,Standard customer engagement
9921-ZVRHG,1126.3,0.0,Low Priority,5.27,Low,Standard customer engagement
2400-FEQME,1127.5,0.0,Low Priority,5.27,Low,Standard customer engagement
4163-NCJAK,1124.7,0.0,Low Priority,5.26,Low,Standard customer engagement
6906-ANDWJ,1123.5,0.0,Low Priority,5.26,Low,Standard customer engagement
7078-NVFAM,1124.8,0.0,Low Priority,5.26,Low,Standard customer engagement
3733-ZEECP,1124.2,0.0,Low Priority,5.26,Low,Standard customer engagement
5599-HVLTW,1124.9,0.0,Low Priority,5.26,Low,Standard customer engagement
5199-FPUSP,1123.65,0.0,Low Priority,5.26,Low,Standard customer engagement
8129-GMVGI,1122.8,0.0,Low Priority,5.25,Low,Standard customer engagement
6688-UZPWD,1122.0,0.0,Low Priority,5.25,Low,Standard customer engagement
6692-YQHXC,1119.2,0.0,Low Priority,5.24,Low,Standard customer engagement
5442-BXVND,800.25,0.025,Low Priority,5.24,Low,Standard customer engagement
8544-GOQSH,1120.7,0.0,Low Priority,5.24,Low,Standard customer engagement
0621-TSSMU,1117.2,0.0,Low Priority,5.23,Low,Standard customer engagement
2876-GZYZC,1117.35,0.0,Low Priority,5.23,Low,Standard customer engagement
6217-KDYWC,1117.2,0.0,Low Priority,5.23,Low,Standard customer engagement
9560-BBZXK,1117.8,0.0,Low Priority,5.23,Low,Standard customer engagement
0872-JCPIB,1117.75,0.0,Low Priority,5.23,Low,Standard customer engagement
7416-CKTEP,1117.2,0.0,Low Priority,5.23,Low,Standard customer engagement
2656-FMOKZ,1116.75,0.0,Low Priority,5.22,Low,Standard customer engagement
9947-OTFQU,1116.0,0.0,Low Priority,5.22,Low,Standard customer engagement
6349-JDHQP,1052.0500000000002,0.005,Low Priority,5.22,Low,Standard customer engagement
8380-MQINP,1116.5,0.0,Low Priority,5.22,Low,Standard customer engagement
2582-FFFZR,1113.2,0.0,Low Priority,5.21,Low,Standard customer engagement
5908-QMGOE,1113.0,0.0,Low Priority,5.21,Low,Standard customer engagement
4584-LBNMK,1111.5,0.0,Low Priority,5.2,Low,Standard customer engagement
2700-LUEVA,20.75,0.085,Low Priority,5.2,Low,Standard customer engagement
1208-DNHLN,1112.05,0.0,Low Priority,5.2,Low,Standard customer engagement
1231-YNDEK,1110.6999999999998,0.0,Low Priority,5.2,Low,Standard customer engagement
8755-OGKNA,1111.5,0.0,Low Priority,5.2,Low,Standard customer engagement
2418-TPEUN,1108.8,0.0,Low Priority,5.19,Low,Standard customer engagement
3705-PSNGL,918.0,0.015,Low Priority,5.19,Low,Standard customer engagement
6813-GZQCG,1109.25,0.0,Low Priority,5.19,Low,Standard customer engagement
1402-PTHGN,1107.0,0.0,Low Priority,5.18,Low,Standard customer engagement
3662-FXJFO,1107.0,0.0,Low Priority,5.18,Low,Standard customer engagement
9173-IVZVP,1107.6999999999998,0.0,Low Priority,5.18,Low,Standard customer engagement
4078-SAYYN,1108.25,0.0,Low Priority,5.18,Low,Standard customer engagement
0212-ISBBF,1107.7,0.0,Low Priority,5.18,Low,Standard customer engagement
6296-DDOOR,1105.8,0.0,Low Priority,5.17,Low,Standard customer engagement
1965-AKTSX,1105.3,0.0,Low Priority,5.17,Low,Standard customer engagement
4396-KLSEH,79.4,0.08,Low Priority,5.17,Low,Standard customer engagement
7799-LGRDP,1105.1,0.0,Low Priority,5.17,Low,Standard customer engagement
5016-LIPDW,1105.8,0.0,Low Priority,5.17,Low,Standard customer engagement
6646-JPPHA,1103.9,0.0,Low Priority,5.16,Low,Standard customer engagement
3646-ITDGM,1103.2,0.0,Low Priority,5.16,Low,Standard customer engagement
6532-YLWSI,1102.4,0.0,Low Priority,5.16,Low,Standard customer engagement
1131-ALZWV,590.4000000000001,0.04,Low Priority,5.16,Low,Standard customer engagement
4652-ODEVH,1100.25,0.0,Low Priority,5.15,Low,Standard customer engagement
8773-HHUOZ,1099.9,0.0,Low Priority,5.15,Low,Standard customer engagement
5889-LFOLL,1099.8,0.0,Low Priority,5.15,Low,Standard customer engagement
1552-CZCLL,1100.0,0.0,Low Priority,5.15,Low,Standard customer engagement
3137-NYQQI,1101.6,0.0,Low Priority,5.15,Low,Standard customer engagement
4822-NGOCH,1097.85,0.0,Low Priority,5.14,Low,Standard customer engagement
7647-GYYKX,1098.9,0.0,Low Priority,5.14,Low,Standard customer engagement
4139-SUGLD,1097.4,0.0,Low Priority,5.13,Low,Standard customer engagement
5445-GLVOT,1095.6,0.0,Low Priority,5.13,Low,Standard customer engagement
3398-FSHON,1095.6,0.0,Low Priority,5.13,Low,Standard customer engagement
2012-NWRPA,1095.05,0.0,Low Priority,5.12,Low,Standard customer engagement
3317-VLGQT,1093.4,0.0,Low Priority,5.12,Low,Standard customer engagement
0897-FEGMU,1094.5,0.0,Low Priority,5.12,Low,Standard customer engagement
4291-HYEBC,1094.8,0.0,Low Priority,5.12,Low,Standard customer engagement
3378-AJRAO,1093.4,0.0,Low Priority,5.12,Low,Standard customer engagement
4299-OPXEJ,1094.8,0.0,Low Priority,5.12,Low,Standard customer engagement
5840-NVDCG,1092.0,0.0,Low Priority,5.11,Low,Standard customer engagement
3212-KXOCR,1092.0,0.0,Low Priority,5.11,Low,Standard customer engagement
0637-UBJRP,1092.65,0.0,Low Priority,5.11,Low,Standard customer engagement
6620-JDYNW,1090.8,0.0,Low Priority,5.1,Low,Standard customer engagement
5808-TOTXO,61.650000000000006,0.08,Low Priority,5.09,Low,Standard customer engagement
8050-WYBND,1087.9,0.0,Low Priority,5.09,Low,Standard customer engagement
2228-BZDEE,1085.4,0.0,Low Priority,5.08,Low,Standard customer engagement
9764-REAFF,1085.6,0.0,Low Priority,5.08,Low,Standard customer engagement
8540-ZQGEA,1082.7,0.0,Low Priority,5.07,Low,Standard customer engagement
6974-DAFLI,1083.5,0.0,Low Priority,5.07,Low,Standard customer engagement
0689-NKYLF,1081.6,0.0,Low Priority,5.06,Low,Standard customer engagement
5774-QPLTF,1017.5,0.005,Low Priority,5.06,Low,Standard customer engagement
1385-TQOZW,184.05,0.07,Low Priority,5.06,Low,Standard customer engagement
9507-HSMMZ,1080.0,0.0,Low Priority,5.05,Low,Standard customer engagement
8883-GRDWQ,1080.0,0.0,Low Priority,5.05,Low,Standard customer engagement
8168-UQWWF,1076.35,0.0,Low Priority,5.04,Low,Standard customer engagement
0135-NMXAP,1077.0,0.0,Low Priority,5.04,Low,Standard customer engagement
5348-CAGXB,1074.6,0.0,Low Priority,5.03,Low,Standard customer engagement
9142-XMYJH,561.1500000000001,0.04,Low Priority,5.03,Low,Standard customer engagement
9367-TCUYN,241.2,0.065,Low Priority,5.03,Low,Standard customer engagement
8191-XWSZG,1073.8,0.0,Low Priority,5.02,Low,Standard customer engagement
7639-SUPCW,1073.6,0.0,Low Priority,5.02,Low,Standard customer engagement
4644-OBGFZ,1072.5,0.0,Low Priority,5.02,Low,Standard customer engagement
9504-YAZWB,1073.25,0.0,Low Priority,5.02,Low,Standard customer engagement
1513-XNPPH,1072.8000000000002,0.0,Low Priority,5.02,Low,Standard customer engagement
8464-EETCQ,1071.6,0.0,Low Priority,5.01,Low,Standard customer engagement
7901-HXJVA,1070.3,0.0,Low Priority,5.01,Low,Standard customer engagement
1722-LDZJS,1070.6,0.0,Low Priority,5.01,Low,Standard customer engagement
5429-LWCMV,1069.8000000000002,0.0,Low Priority,5.0,Low,Standard customer engagement
1776-SPBWV,683.4000000000001,0.03,Low Priority,5.0,Low,Standard customer engagement
8096-LOIST,1067.8,0.0,Low Priority,5.0,Low,Standard customer engagement
5939-XAIXZ,1065.9,0.0,Low Priority,4.99,Low,Standard customer engagement
2230-XTUWL,938.4,0.01,Low Priority,4.99,Low,Standard customer engagement
1098-KFQEC,1067.0,0.0,Low Priority,4.99,Low,Standard customer engagement
1564-NTYXF,1066.0,0.0,Low Priority,4.99,Low,Standard customer engagement
4994-OBRSZ,1065.4,0.0,Low Priority,4.98,Low,Standard customer engagement
4698-KVLLG,999.6,0.005,Low Priority,4.98,Low,Standard customer engagement
0620-DLSLK,1064.7,0.0,Low Priority,4.98,Low,Standard customer engagement
8098-TDCBU,1060.5,0.0,Low Priority,4.96,Low,Standard customer engagement
7427-AUFPY,1061.1,0.0,Low Priority,4.96,Low,Standard customer engagement
0731-EBJQB,1060.8,0.0,Low Priority,4.96,Low,Standard customer engagement
3737-GCSPV,1058.2,0.0,Low Priority,4.95,Low,Standard customer engagement
3285-UCQVC,1058.2,0.0,Low Priority,4.95,Low,Standard customer engagement
9625-QSTYE,1054.95,0.0,Low Priority,4.94,Low,Standard customer engagement
1536-YHDOE,1055.7,0.0,Low Priority,4.94,Low,Standard customer engagement
8519-QJGJD,1054.9,0.0,Low Priority,4.94,Low,Standard customer engagement
6743-HHQPF,1054.2,0.0,Low Priority,4.93,Low,Standard customer engagement
9798-DRYDS,1053.15,0.0,Low Priority,4.93,Low,Standard customer engagement
1657-DYMBM,1054.6999999999998,0.0,Low Priority,4.93,Low,Standard customer engagement
4807-IZYOZ,1053.15,0.0,Low Priority,4.93,Low,Standard customer engagement
0608-JDVEC,990.0,0.005,Low Priority,4.93,Low,Standard customer engagement
6051-PTVNS,1053.25,0.0,Low Priority,4.93,Low,Standard customer engagement
1986-PHGZF,1051.2,0.0,Low Priority,4.92,Low,Standard customer engagement
5642-MHDQT,1052.0500000000002,0.0,Low Priority,4.92,Low,Standard customer engagement
8107-KNCIM,1051.4,0.0,Low Priority,4.92,Low,Standard customer engagement
1839-UMACK,1052.1,0.0,Low Priority,4.92,Low,Standard customer engagement
0804-YGEQV,1051.35,0.0,Low Priority,4.92,Low,Standard customer engagement
7009-PCARS,1050.5,0.0,Low Priority,4.91,Low,Standard customer engagement
0607-DAAHE,1046.75,0.0,Low Priority,4.9,Low,Standard customer engagement
0928-XUTSN,1046.5,0.0,Low Priority,4.9,Low,Standard customer engagement
3812-LRZIR,661.5,0.03,Low Priority,4.89,Low,Standard customer engagement
8292-TYSPY,1045.0,0.0,Low Priority,4.89,Low,Standard customer engagement
0094-OIFMO,1045.0,0.0,Low Priority,4.89,Low,Standard customer engagement
9257-AZMTZ,1045.2,0.0,Low Priority,4.89,Low,Standard customer engagement
9578-VRMNM,1043.2,0.0,Low Priority,4.88,Low,Standard customer engagement
3466-BYAVD,1042.5,0.0,Low Priority,4.88,Low,Standard customer engagement
5923-GXUOC,1044.0,0.0,Low Priority,4.88,Low,Standard customer engagement
2208-NKVVH,1042.75,0.0,Low Priority,4.88,Low,Standard customer engagement
2675-IJRGJ,1041.4499999999998,0.0,Low Priority,4.87,Low,Standard customer engagement
2272-QAGFO,1040.2,0.0,Low Priority,4.87,Low,Standard customer engagement
8319-QBEHW,1038.7,0.0,Low Priority,4.86,Low,Standard customer engagement
9588-YRFHY,975.1,0.005,Low Priority,4.86,Low,Standard customer engagement
8219-VYBVI,975.0,0.005,Low Priority,4.86,Low,Standard customer engagement
7858-GTZSP,1038.6,0.0,Low Priority,4.86,Low,Standard customer engagement
9093-FPDLG,1036.2,0.0,Low Priority,4.85,Low,Standard customer engagement
4495-LHSSK,1037.7,0.0,Low Priority,4.85,Low,Standard customer engagement
5364-EVNIB,1037.4,0.0,Low Priority,4.85,Low,Standard customer engagement
9788-YTFGE,139.65,0.07,Low Priority,4.85,Low,Standard customer engagement
4827-USJHP,1036.0,0.0,Low Priority,4.85,Low,Standard customer engagement
7872-BAAZR,1036.15,0.0,Low Priority,4.85,Low,Standard customer engagement
6243-OZGFH,1033.85,0.0,Low Priority,4.84,Low,Standard customer engagement
3551-GAEGL,1033.6,0.0,Low Priority,4.84,Low,Standard customer engagement
9814-AOUDH,1033.5,0.0,Low Priority,4.84,Low,Standard customer engagement
2982-VPSGI,1034.0,0.0,Low Priority,4.84,Low,Standard customer engagement
0484-JPBRU,1035.25,0.0,Low Priority,4.84,Low,Standard customer engagement
1744-JHKYS,839.8,0.015,Low Priority,4.83,Low,Standard customer engagement
4541-RMRLG,134.75,0.07,Low Priority,4.83,Low,Standard customer engagement
1430-SFQSA,1032.4,0.0,Low Priority,4.83,Low,Standard customer engagement
9371-BITHB,1032.2,0.0,Low Priority,4.83,Low,Standard customer engagement
1918-ZBFQJ,1030.25,0.0,Low Priority,4.82,Low,Standard customer engagement
1215-EXRMO,1027.5,0.0,Low Priority,4.81,Low,Standard customer engagement
6340-DACFT,1027.5,0.0,Low Priority,4.81,Low,Standard customer engagement
6371-NZYEG,1028.0,0.0,Low Priority,4.81,Low,Standard customer engagement
7718-RXDGG,1029.0,0.0,Low Priority,4.81,Low,Standard customer engagement
6518-PPLMZ,1028.1999999999998,0.0,Low Priority,4.81,Low,Standard customer engagement
3719-TDVQB,1023.3,0.0,Low Priority,4.79,Low,Standard customer engagement
1241-FPMOF,1021.8,0.0,Low Priority,4.78,Low,Standard customer engagement
1465-VINDH,1021.0,0.0,Low Priority,4.78,Low,Standard customer engagement
9503-XJUME,1021.8,0.0,Low Priority,4.78,Low,Standard customer engagement
7596-LDUXP,1021.8,0.0,Low Priority,4.78,Low,Standard customer engagement
1087-UDSIH,58.8,0.075,Low Priority,4.78,Low,Standard customer engagement
4536-PLEQY,1020.6,0.0,Low Priority,4.77,Low,Standard customer engagement
1022-RKXDR,1018.85,0.0,Low Priority,4.77,Low,Standard customer engagement
9170-ARBTB,1019.2,0.0,Low Priority,4.77,Low,Standard customer engagement
1574-DYCWE,1017.45,0.0,Low Priority,4.76,Low,Standard customer engagement
9495-REDIY,1016.25,0.0,Low Priority,4.75,Low,Standard customer engagement
7517-LDMPS,1015.2,0.0,Low Priority,4.75,Low,Standard customer engagement
4929-ROART,1012.5,0.0,Low Priority,4.74,Low,Standard customer engagement
7297-DVYGA,1012.35,0.0,Low Priority,4.74,Low,Standard customer engagement
7613-LLQFO,1013.4,0.0,Low Priority,4.74,Low,Standard customer engagement
5520-FVEWJ,1014.0,0.0,Low Priority,4.74,Low,Standard customer engagement
9754-CLVZW,1010.1,0.0,Low Priority,4.73,Low,Standard customer engagement
3472-QPRCH,1010.0,0.0,Low Priority,4.73,Low,Standard customer engagement
3688-FTHLT,1008.8,0.0,Low Priority,4.72,Low,Standard customer engagement
8800-JOOCF,1008.6,0.0,Low Priority,4.72,Low,Standard customer engagement
9451-WLYRI,1009.65,0.0,Low Priority,4.72,Low,Standard customer engagement
3170-NMYVV,1007.5,0.0,Low Priority,4.71,Low,Standard customer engagement
9602-WCXPI,1007.5,0.0,Low Priority,4.71,Low,Standard customer engagement
2171-UDMFD,622.4,0.03,Low Priority,4.71,Low,Standard customer engagement
8957-THMOA,1007.5,0.0,Low Priority,4.71,Low,Standard customer engagement
2968-SSGAA,1006.0,0.0,Low Priority,4.71,Low,Standard customer engagement
3620-EHIMZ,1006.2,0.0,Low Priority,4.71,Low,Standard customer engagement
8802-UNOJF,1005.6,0.0,Low Priority,4.7,Low,Standard customer engagement
5697-GOMBF,1005.2,0.0,Low Priority,4.7,Low,Standard customer engagement
8763-KIAFH,554.85,0.035,Low Priority,4.7,Low,Standard customer engagement
5299-RULOA,1002.5,0.0,Low Priority,4.69,Low,Standard customer engagement
1306-RPWXZ,1002.05,0.0,Low Priority,4.69,Low,Standard customer engagement
2888-ADFAO,1001.1,0.0,Low Priority,4.68,Low,Standard customer engagement
6705-LNMDD,1000.0,0.0,Low Priority,4.68,Low,Standard customer engagement
7746-AWNQW,1001.0,0.0,Low Priority,4.68,Low,Standard customer engagement
9565-AXSMR,998.4,0.0,Low Priority,4.67,Low,Standard customer engagement
8443-WVPSS,998.5,0.0,Low Priority,4.67,Low,Standard customer engagement
6582-PLFUU,997.05,0.0,Low Priority,4.66,Low,Standard customer engagement
2926-JEJJC,161.6,0.065,Low Priority,4.66,Low,Standard customer engagement
3677-TNKIO,994.0,0.0,Low Priority,4.65,Low,Standard customer engagement
7382-DFJTU,993.6,0.0,Low Priority,4.65,Low,Standard customer engagement
6907-CQGPN,994.7,0.0,Low Priority,4.65,Low,Standard customer engagement
5249-QYHEX,992.0,0.0,Low Priority,4.64,Low,Standard customer engagement
9447-YPTBX,992.5,0.0,Low Priority,4.64,Low,Standard customer engagement
0621-CXBKL,991.1,0.0,Low Priority,4.64,Low,Standard customer engagement
1208-NBVFH,992.0,0.0,Low Priority,4.64,Low,Standard customer engagement
1862-QRWPE,991.2,0.0,Low Priority,4.64,Low,Standard customer engagement
7452-FOLON,992.55,0.0,Low Priority,4.64,Low,Standard customer engagement
7321-PKUYW,991.65,0.0,Low Priority,4.64,Low,Standard customer engagement
5296-BFCYD,924.6,0.005,Low Priority,4.63,Low,Standard customer engagement
4080-IIARD,990.6,0.0,Low Priority,4.63,Low,Standard customer engagement
8249-THVEC,989.4,0.0,Low Priority,4.63,Low,Standard customer engagement
9172-ANCRX,987.0,0.0,Low Priority,4.62,Low,Standard customer engagement
2589-AYCRP,987.5,0.0,Low Priority,4.62,Low,Standard customer engagement
0318-ZOPWS,987.35,0.0,Low Priority,4.62,Low,Standard customer engagement
8999-BOHSE,986.7,0.0,Low Priority,4.62,Low,Standard customer engagement
5649-TJHOV,985.5,0.0,Low Priority,4.61,Low,Standard customer engagement
1450-GALXR,985.0,0.0,Low Priority,4.61,Low,Standard customer engagement
1455-UGQVH,985.0,0.0,Low Priority,4.61,Low,Standard customer engagement
1696-MZVAU,984.75,0.0,Low Priority,4.61,Low,Standard customer engagement
5138-WVKYJ,985.5,0.0,Low Priority,4.61,Low,Standard customer engagement
8874-EJNSR,982.8,0.0,Low Priority,4.6,Low,Standard customer engagement
4526-EXKKN,984.0,0.0,Low Priority,4.6,Low,Standard customer engagement
2812-REYAT,982.45,0.0,Low Priority,4.6,Low,Standard customer engagement
7296-PIXQY,982.8,0.0,Low Priority,4.6,Low,Standard customer engagement
4957-TIALW,984.0,0.0,Low Priority,4.6,Low,Standard customer engagement
1173-XZPYF,981.2,0.0,Low Priority,4.59,Low,Standard customer engagement
0557-ASKVU,979.2,0.0,Low Priority,4.58,Low,Standard customer engagement
6509-TSGWN,978.65,0.0,Low Priority,4.58,Low,Standard customer engagement
3016-KSVCP,978.75,0.0,Low Priority,4.58,Low,Standard customer engagement
2157-MXBJS,978.9,0.0,Low Priority,4.58,Low,Standard customer engagement
1508-DFXCU,977.4,0.0,Low Priority,4.57,Low,Standard customer engagement
5899-MQZZL,975.0,0.0,Low Priority,4.56,Low,Standard customer engagement
7798-JVXYM,975.1,0.0,Low Priority,4.56,Low,Standard customer engagement
4163-HFTUK,974.1,0.0,Low Priority,4.56,Low,Standard customer engagement
7105-BENQF,972.75,0.0,Low Priority,4.55,Low,Standard customer engagement
1871-MOWRM,970.2,0.0,Low Priority,4.54,Low,Standard customer engagement
2817-LVCPP,970.0,0.0,Low Priority,4.54,Low,Standard customer engagement
7459-RRWQZ,969.75,0.0,Low Priority,4.54,Low,Standard customer engagement
9798-OPFEM,970.6,0.0,Low Priority,4.54,Low,Standard customer engagement
6599-GZWCM,970.45,0.0,Low Priority,4.54,Low,Standard customer engagement
7033-CLAMM,969.6,0.0,Low Priority,4.54,Low,Standard customer engagement
4893-GYUJU,967.5,0.0,Low Priority,4.53,Low,Standard customer engagement
3059-NGMXB,968.8,0.0,Low Priority,4.53,Low,Standard customer engagement
5176-LMJXE,965.85,0.0,Low Priority,4.52,Low,Standard customer engagement
4211-MMAZN,20.25,0.0738,Low Priority,4.52,Low,Standard customer engagement
9620-QJREV,965.85,0.0,Low Priority,4.52,Low,Standard customer engagement
4441-NIHPT,965.9,0.0,Low Priority,4.52,Low,Standard customer engagement
4361-FEBGN,967.2,0.0,Low Priority,4.52,Low,Standard customer engagement
9391-EOYLI,965.4,0.0,Low Priority,4.52,Low,Standard customer engagement
9750-BOOHV,964.8,0.0,Low Priority,4.51,Low,Standard customer engagement
8148-NLEGT,963.9,0.0,Low Priority,4.51,Low,Standard customer engagement
6961-MJKBO,961.15,0.0,Low Priority,4.5,Low,Standard customer engagement
8205-OTCHB,962.5,0.0,Low Priority,4.5,Low,Standard customer engagement
0442-TDYUO,962.4,0.0,Low Priority,4.5,Low,Standard customer engagement
9251-AWQGT,960.0,0.0,Low Priority,4.49,Low,Standard customer engagement
4860-IJUDE,958.75,0.0,Low Priority,4.49,Low,Standard customer engagement
5924-SNGKP,830.25,0.01,Low Priority,4.48,Low,Standard customer engagement
7560-QRBXH,957.6,0.0,Low Priority,4.48,Low,Standard customer engagement
8859-YSTWS,957.6,0.0,Low Priority,4.48,Low,Standard customer engagement
8104-OSKWT,957.6,0.0,Low Priority,4.48,Low,Standard customer engagement
3470-BTGQO,958.65,0.0,Low Priority,4.48,Low,Standard customer engagement
2821-WARNZ,953.05,0.0,Low Priority,4.46,Low,Standard customer engagement
7089-XXAYG,952.5,0.0,Low Priority,4.46,Low,Standard customer engagement
9916-AYHTC,952.8,0.0,Low Priority,4.46,Low,Standard customer engagement
0550-DCXLH,953.55,0.0,Low Priority,4.46,Low,Standard customer engagement
1960-UYCNN,952.5,0.0,Low Priority,4.46,Low,Standard customer engagement
2660-EMUBI,953.5,0.0,Low Priority,4.46,Low,Standard customer engagement
6164-HXUGH,119.1,0.065,Low Priority,4.46,Low,Standard customer engagement
8109-YUOHE,953.7,0.0,Low Priority,4.46,Low,Standard customer engagement
3097-IDVPU,951.9,0.0,Low Priority,4.45,Low,Standard customer engagement
5183-SNMJQ,951.0,0.0,Low Priority,4.45,Low,Standard customer engagement
9081-WWXKP,951.75,0.0,Low Priority,4.45,Low,Standard customer engagement
4415-WNGVR,950.4,0.0,Low Priority,4.45,Low,Standard customer engagement
9650-VBUOG,951.9,0.0,Low Priority,4.45,Low,Standard customer engagement
2754-VDLTR,952.0,0.0,Low Priority,4.45,Low,Standard customer engagement
8679-JOEVF,950.4,0.0,Low Priority,4.45,Low,Standard customer engagement
0932-YIXYU,951.75,0.0,Low Priority,4.45,Low,Standard customer engagement
0178-CIIKR,59.85,0.0695,Low Priority,4.45,Low,Standard customer engagement
2858-MOFSQ,949.45,0.0,Low Priority,4.44,Low,Standard customer engagement
3045-XETSH,948.5,0.0,Low Priority,4.44,Low,Standard customer engagement
3797-FKOGQ,948.2,0.0,Low Priority,4.44,Low,Standard customer engagement
8717-VCTXJ,821.1,0.01,Low Priority,4.44,Low,Standard customer engagement
5924-IFQTT,946.4,0.0,Low Priority,4.43,Low,Standard customer engagement
5529-GIBVH,947.05,0.0,Low Priority,4.43,Low,Standard customer engagement
8637-XJIVR,947.4,0.0,Low Priority,4.43,Low,Standard customer engagement
7285-KLOTR,946.2,0.0,Low Priority,4.43,Low,Standard customer engagement
4282-ACRXS,944.3,0.0,Low Priority,4.42,Low,Standard customer engagement
1897-RCFUM,943.8,0.0,Low Priority,4.42,Low,Standard customer engagement
4012-ZTHBR,943.95,0.0,Low Priority,4.42,Low,Standard customer engagement
5206-HPJKM,943.5,0.0,Low Priority,4.41,Low,Standard customer engagement
7634-HLQJR,942.35,0.0,Low Priority,4.41,Low,Standard customer engagement
4456-RHSNB,942.4,0.0,Low Priority,4.41,Low,Standard customer engagement
8902-ZEOVF,942.35,0.0,Low Priority,4.41,Low,Standard customer engagement
5084-OOVCJ,940.95,0.0,Low Priority,4.4,Low,Standard customer engagement
6178-KFNHS,939.6,0.0,Low Priority,4.4,Low,Standard customer engagement
6619-RPLQZ,938.25,0.0,Low Priority,4.39,Low,Standard customer engagement
3096-IZETN,937.2,0.0,Low Priority,4.38,Low,Standard customer engagement
4931-TRZWN,935.35,0.0,Low Priority,4.38,Low,Standard customer engagement
3079-BCHLN,935.3,0.0,Low Priority,4.38,Low,Standard customer engagement
4735-BJKOU,806.0,0.01,Low Priority,4.37,Low,Standard customer engagement
8328-SKJNO,934.95,0.0,Low Priority,4.37,Low,Standard customer engagement
3190-ITQXP,931.5,0.0,Low Priority,4.36,Low,Standard customer engagement
0315-LVCRK,932.8,0.0,Low Priority,4.36,Low,Standard customer engagement
9732-OUYRN,931.0,0.0,Low Priority,4.36,Low,Standard customer engagement
0506-YLVKJ,929.2,0.0,Low Priority,4.35,Low,Standard customer engagement
4501-VCPFK,929.5,0.0,Low Priority,4.35,Low,Standard customer engagement
6937-GCDGQ,930.05,0.0,Low Priority,4.35,Low,Standard customer engagement
7356-AYNJP,95.6,0.065,Low Priority,4.35,Low,Standard customer engagement
7266-GSSJX,224.95,0.055,Low Priority,4.35,Low,Standard customer engagement
9805-FILKB,929.2,0.0,Low Priority,4.35,Low,Standard customer engagement
2958-NHPPS,479.55,0.035,Low Priority,4.34,Low,Standard customer engagement
1709-EJDOX,928.25,0.0,Low Priority,4.34,Low,Standard customer engagement
6576-FBXOJ,928.2,0.0,Low Priority,4.34,Low,Standard customer engagement
2018-PZKMU,927.9,0.0,Low Priority,4.34,Low,Standard customer engagement
8859-AXJZP,928.2,0.0,Low Priority,4.34,Low,Standard customer engagement
5747-PMBSQ,925.0,0.0,Low Priority,4.33,Low,Standard customer engagement
9646-NMHXE,923.55,0.0,Low Priority,4.32,Low,Standard customer engagement
9547-ITEFG,923.4,0.0,Low Priority,4.32,Low,Standard customer engagement
5093-FEGLU,923.55,0.0,Low Priority,4.32,Low,Standard customer engagement
4955-VCWBI,860.0,0.005,Low Priority,4.32,Low,Standard customer engagement
6425-JWTDV,924.0,0.0,Low Priority,4.32,Low,Standard customer engagement
2068-WWXQZ,922.3,0.0,Low Priority,4.31,Low,Standard customer engagement
8461-EFQYM,921.5,0.0,Low Priority,4.31,Low,Standard customer engagement
1689-YQBYY,919.2,0.0,Low Priority,4.3,Low,Standard customer engagement
7683-CBDKJ,916.3,0.0,Low Priority,4.29,Low,Standard customer engagement
5970-GHJAW,917.7,0.0,Low Priority,4.29,Low,Standard customer engagement
2796-NNUFI,917.7,0.0,Low Priority,4.29,Low,Standard customer engagement
5310-NOOVA,917.7,0.0,Low Priority,4.29,Low,Standard customer engagement
6078-VESFR,915.85,0.0,Low Priority,4.28,Low,Standard customer engagement
1729-VLAZJ,402.5,0.04,Low Priority,4.28,Low,Standard customer engagement
9313-QOLTZ,543.4,0.0289999999999999,Low Priority,4.28,Low,Standard customer engagement
8706-HRADD,914.55,0.0,Low Priority,4.28,Low,Standard customer engagement
5242-UOWHD,915.75,0.0,Low Priority,4.28,Low,Standard customer engagement
9506-UXUSK,911.95,0.0,Low Priority,4.27,Low,Standard customer engagement
5701-YVSVF,911.9,0.0,Low Priority,4.27,Low,Standard customer engagement
8118-TJAFG,913.5,0.0,Low Priority,4.27,Low,Standard customer engagement
2398-YPMUR,911.95,0.0,Low Priority,4.27,Low,Standard customer engagement
7562-UXTPG,911.95,0.0,Low Priority,4.27,Low,Standard customer engagement
4123-FCVCB,910.2,0.0,Low Priority,4.26,Low,Standard customer engagement
6818-DJXAA,911.0,0.0,Low Priority,4.26,Low,Standard customer engagement
9975-GPKZU,908.5,0.0,Low Priority,4.25,Low,Standard customer engagement
9067-SQTNS,906.4,0.0,Low Priority,4.24,Low,Standard customer engagement
4742-TXUEX,907.1,0.0,Low Priority,4.24,Low,Standard customer engagement
8257-RZAHR,905.8,0.0,Low Priority,4.24,Low,Standard customer engagement
5366-OBVMR,905.4,0.0,Low Priority,4.24,Low,Standard customer engagement
3689-MOZGR,904.8,0.0,Low Priority,4.23,Low,Standard customer engagement
8966-KZXXA,903.6,0.0,Low Priority,4.23,Low,Standard customer engagement
0781-LKXBR,904.5,0.0,Low Priority,4.23,Low,Standard customer engagement
7107-UBYKY,901.25,0.0,Low Priority,4.22,Low,Standard customer engagement
0129-QMPDR,902.0,0.0,Low Priority,4.22,Low,Standard customer engagement
5843-TTHGI,900.0,0.0,Low Priority,4.21,Low,Standard customer engagement
2208-MPXIO,900.0,0.0,Low Priority,4.21,Low,Standard customer engagement
9169-BSVIN,897.0,0.0,Low Priority,4.2,Low,Standard customer engagement
8909-BOLNL,63.6,0.065,Low Priority,4.2,Low,Standard customer engagement
4625-LAMOB,897.5999999999999,0.0,Low Priority,4.2,Low,Standard customer engagement
8337-UPOAQ,898.0,0.0,Low Priority,4.2,Low,Standard customer engagement
5651-WYIPH,897.3000000000001,0.0,Low Priority,4.2,Low,Standard customer engagement
4112-LUEIZ,895.0,0.0,Low Priority,4.19,Low,Standard customer engagement
1794-SWWKL,894.75,0.0,Low Priority,4.19,Low,Standard customer engagement
6210-KBBPI,895.0500000000001,0.0,Low Priority,4.19,Low,Standard customer engagement
4163-KIUHY,896.0,0.0,Low Priority,4.19,Low,Standard customer engagement
7746-QYVCO,893.6,0.0,Low Priority,4.18,Low,Standard customer engagement
6184-DYUOB,58.8,0.065,Low Priority,4.18,Low,Standard customer engagement
6762-NSODU,892.4,0.0,Low Priority,4.17,Low,Standard customer engagement
4896-CPRPF,890.75,0.0,Low Priority,4.17,Low,Standard customer engagement
8450-LUGUK,891.7,0.0,Low Priority,4.17,Low,Standard customer engagement
0386-CWRGM,892.4,0.0,Low Priority,4.17,Low,Standard customer engagement
5025-GOOKI,378.0,0.04,Low Priority,4.17,Low,Standard customer engagement
9474-PHLYD,891.75,0.0,Low Priority,4.17,Low,Standard customer engagement
5622-UEJFI,889.0,0.0,Low Priority,4.16,Low,Standard customer engagement
0991-BRRFB,889.1999999999999,0.0,Low Priority,4.16,Low,Standard customer engagement
7077-XJMET,889.8000000000001,0.0,Low Priority,4.16,Low,Standard customer engagement
2657-VPXTA,888.5,0.0,Low Priority,4.16,Low,Standard customer engagement
1432-FPAXX,887.4000000000001,0.0,Low Priority,4.15,Low,Standard customer engagement
3521-HTQTV,887.4000000000001,0.0,Low Priority,4.15,Low,Standard customer engagement
3808-HFKDE,887.0,0.0,Low Priority,4.15,Low,Standard customer engagement
9734-YWGEX,884.6999999999999,0.0,Low Priority,4.14,Low,Standard customer engagement
0851-DFJKB,884.25,0.0,Low Priority,4.14,Low,Standard customer engagement
9860-LISIZ,691.9000000000001,0.015,Low Priority,4.14,Low,Standard customer engagement
0206-OYVOC,885.5,0.0,Low Priority,4.14,Low,Standard customer engagement
6330-JKLPC,885.5,0.0,Low Priority,4.14,Low,Standard customer engagement
3764-MNMOI,883.1999999999999,0.0,Low Priority,4.13,Low,Standard customer engagement
6725-TPKJO,882.2,0.0,Low Priority,4.13,Low,Standard customer engagement
1269-FOYWN,880.0,0.0,Low Priority,4.12,Low,Standard customer engagement
5180-UCIIQ,881.0999999999999,0.0,Low Priority,4.12,Low,Standard customer engagement
8474-UMLNT,881.4,0.0,Low Priority,4.12,Low,Standard customer engagement
8224-DWCKX,879.5999999999999,0.0,Low Priority,4.12,Low,Standard customer engagement
0623-IIHUG,879.9,0.0,Low Priority,4.12,Low,Standard customer engagement
8208-EUMTE,877.6,0.0,Low Priority,4.11,Low,Standard customer engagement
4925-LMHOK,879.0,0.0,Low Priority,4.11,Low,Standard customer engagement
0191-EQUUH,876.2499999999999,0.0,Low Priority,4.1,Low,Standard customer engagement
8896-RAZCR,875.5999999999999,0.0,Low Priority,4.1,Low,Standard customer engagement
1585-MQSSU,875.5,0.0,Low Priority,4.1,Low,Standard customer engagement
6416-YJTTB,874.5,0.0,Low Priority,4.09,Low,Standard customer engagement
5442-XSDCW,874.5,0.0,Low Priority,4.09,Low,Standard customer engagement
2839-RFSQE,41.3,0.065,Low Priority,4.09,Low,Standard customer engagement
5542-NKVRU,871.5,0.0,Low Priority,4.08,Low,Standard customer engagement
4878-BUNFV,869.4,0.0,Low Priority,4.07,Low,Standard customer engagement
5271-DBYSJ,870.6500000000001,0.0,Low Priority,4.07,Low,Standard customer engagement
3088-LHEFH,869.0,0.0,Low Priority,4.07,Low,Standard customer engagement
4707-YNOQA,870.4000000000001,0.0,Low Priority,4.07,Low,Standard customer engagement
3346-BRMIS,870.3000000000001,0.0,Low Priority,4.07,Low,Standard customer engagement
6223-DHJGV,867.3,0.0,Low Priority,4.06,Low,Standard customer engagement
3623-FQBOX,418.95,0.035,Low Priority,4.06,Low,Standard customer engagement
3351-NGXYI,865.6,0.0,Low Priority,4.05,Low,Standard customer engagement
7779-LGOVN,866.5,0.0,Low Priority,4.05,Low,Standard customer engagement
5288-AHOUP,863.5,0.0,Low Priority,4.04,Low,Standard customer engagement
6507-DTJZV,863.2,0.0,Low Priority,4.04,Low,Standard customer engagement
4475-NVTLU,864.0,0.0,Low Priority,4.04,Low,Standard customer engagement
2150-OEGBV,542.7,0.025,Low Priority,4.04,Low,Standard customer engagement
8861-HGGKB,864.5,0.0,Low Priority,4.04,Low,Standard customer engagement
7426-RHZGU,863.1,0.0,Low Priority,4.04,Low,Standard customer engagement
1051-EQPZR,862.4000000000001,0.0,Low Priority,4.03,Low,Standard customer engagement
2436-QBZFP,862.4000000000001,0.0,Low Priority,4.03,Low,Standard customer engagement
1120-BMWUB,862.4,0.0,Low Priority,4.03,Low,Standard customer engagement
1342-JPNKI,860.5,0.0,Low Priority,4.03,Low,Standard customer engagement
9715-SBVSU,859.6,0.0,Low Priority,4.02,Low,Standard customer engagement
4335-UPJSI,474.0,0.03,Low Priority,4.02,Low,Standard customer engagement
7242-EDTYC,860.2,0.0,Low Priority,4.02,Low,Standard customer engagement
0564-JJHGS,859.5,0.0,Low Priority,4.02,Low,Standard customer engagement
7072-MBHEV,859.0999999999999,0.0,Low Priority,4.02,Low,Standard customer engagement
5850-BDWCY,121.2,0.0575,Low Priority,4.02,Low,Standard customer engagement
8734-DKSTZ,859.5,0.0,Low Priority,4.02,Low,Standard customer engagement
5519-TEEUH,664.9499999999999,0.015,Low Priority,4.01,Low,Standard customer engagement
8981-FJGLA,858.0,0.0,Low Priority,4.01,Low,Standard customer engagement
2122-SZZZD,858.0,0.0,Low Priority,4.01,Low,Standard customer engagement
6122-EFVKN,858.0,0.0,Low Priority,4.01,Low,Standard customer engagement
3247-ZVOUO,855.5,0.0,Low Priority,4.0,Low,Standard customer engagement
0708-LGSMF,856.05,0.0,Low Priority,4.0,Low,Standard customer engagement
4316-XCSLJ,855.0999999999999,0.0,Low Priority,4.0,Low,Standard customer engagement
1552-TKMXS,854.7,0.0,Low Priority,4.0,Low,Standard customer engagement
7943-RQCHR,852.75,0.0,Low Priority,3.99,Low,Standard customer engagement
7883-ROJOC,853.1,0.0,Low Priority,3.99,Low,Standard customer engagement
0195-IESCP,852.5,0.0,Low Priority,3.99,Low,Standard customer engagement
4081-DYXAV,852.15,0.0,Low Priority,3.99,Low,Standard customer engagement
2344-JMOGN,853.65,0.0,Low Priority,3.99,Low,Standard customer engagement
6345-HOVES,851.7,0.0,Low Priority,3.98,Low,Standard customer engagement
4825-FUREZ,850.5,0.0,Low Priority,3.98,Low,Standard customer engagement
2511-ALLCS,850.5,0.0,Low Priority,3.98,Low,Standard customer engagement
2894-QOJRX,850.0,0.0,Low Priority,3.98,Low,Standard customer engagement
2428-HYUNX,851.4000000000001,0.0,Low Priority,3.98,Low,Standard customer engagement
4518-FZBSX,850.5,0.0,Low Priority,3.98,Low,Standard customer engagement
3572-UUHRS,848.2500000000001,0.0,Low Priority,3.97,Low,Standard customer engagement
3957-SQXML,848.3,0.0,Low Priority,3.97,Low,Standard customer engagement
8402-OOOHJ,846.65,0.0,Low Priority,3.96,Low,Standard customer engagement
0936-NQLJU,846.65,0.0,Low Priority,3.96,Low,Standard customer engagement
8087-LGYHQ,846.4499999999999,0.0,Low Priority,3.96,Low,Standard customer engagement
0875-CABNR,846.0,0.0,Low Priority,3.96,Low,Standard customer engagement
1624-WOIWJ,847.0,0.0,Low Priority,3.96,Low,Standard customer engagement
3389-YGYAI,844.0,0.0,Low Priority,3.95,Low,Standard customer engagement
2346-DJQTB,845.25,0.0,Low Priority,3.95,Low,Standard customer engagement
3978-YNKDD,396.15,0.035,Low Priority,3.95,Low,Standard customer engagement
1985-MBRYP,844.9499999999999,0.0,Low Priority,3.95,Low,Standard customer engagement
7622-NXQZR,842.8000000000001,0.0,Low Priority,3.94,Low,Standard customer engagement
6253-WRFHY,841.75,0.0,Low Priority,3.94,Low,Standard customer engagement
5495-GPSRW,394.0,0.035,Low Priority,3.94,Low,Standard customer engagement
6728-CZFEI,842.25,0.0,Low Priority,3.94,Low,Standard customer engagement
7625-XCQRH,841.5,0.0,Low Priority,3.94,Low,Standard customer engagement
3969-GYXEL,840.4000000000001,0.0,Low Priority,3.93,Low,Standard customer engagement
8215-NGSPE,840.0,0.0,Low Priority,3.93,Low,Standard customer engagement
1047-RNXZV,840.65,0.0,Low Priority,3.93,Low,Standard customer engagement
5546-BYZSM,838.4499999999999,0.0,Low Priority,3.92,Low,Standard customer engagement
0603-OLQDC,838.1999999999999,0.0,Low Priority,3.92,Low,Standard customer engagement
5141-ZUVBH,837.0,0.0,Low Priority,3.92,Low,Standard customer engagement
5035-BVCXS,834.9000000000001,0.0,Low Priority,3.91,Low,Standard customer engagement
8590-OHDIW,771.4,0.005,Low Priority,3.91,Low,Standard customer engagement
1337-BOZWO,835.1999999999999,0.0,Low Priority,3.91,Low,Standard customer engagement
8799-OXZMD,833.0,0.0,Low Priority,3.9,Low,Standard customer engagement
6502-KUGLL,832.3000000000001,0.0,Low Priority,3.89,Low,Standard customer engagement
1686-STUHN,831.6,0.0,Low Priority,3.89,Low,Standard customer engagement
9057-MSWCO,830.25,0.0,Low Priority,3.88,Low,Standard customer engagement
2460-NGXBJ,827.2,0.0,Low Priority,3.87,Low,Standard customer engagement
7089-IVVAZ,826.8,0.0,Low Priority,3.87,Low,Standard customer engagement
6586-PSJOX,828.0,0.0,Low Priority,3.87,Low,Standard customer engagement
5879-SESNB,827.75,0.0,Low Priority,3.87,Low,Standard customer engagement
6000-UKLWI,826.15,0.0,Low Priority,3.87,Low,Standard customer engagement
7228-PAQPD,827.4,0.0,Low Priority,3.87,Low,Standard customer engagement
9940-HPQPG,825.75,0.0,Low Priority,3.86,Low,Standard customer engagement
3653-NCRDJ,825.6,0.0,Low Priority,3.86,Low,Standard customer engagement
1024-VRZHF,824.45,0.0,Low Priority,3.86,Low,Standard customer engagement
4503-BDXBD,824.45,0.0,Low Priority,3.86,Low,Standard customer engagement
1324-NLTJE,825.0,0.0,Low Priority,3.86,Low,Standard customer engagement
5380-XPJNZ,761.9,0.005,Low Priority,3.86,Low,Standard customer engagement
8070-AAWZP,822.0,0.0,Low Priority,3.85,Low,Standard customer engagement
0559-CKHUS,566.95,0.02,Low Priority,3.85,Low,Standard customer engagement
7205-BAIAD,824.0,0.0,Low Priority,3.85,Low,Standard customer engagement
1428-GTBJJ,820.05,0.0,Low Priority,3.84,Low,Standard customer engagement
3097-FQTVJ,820.0,0.0,Low Priority,3.84,Low,Standard customer engagement
3255-GRXMG,821.6999999999999,0.0,Low Priority,3.84,Low,Standard customer engagement
6551-ZCOTS,821.6999999999999,0.0,Low Priority,3.84,Low,Standard customer engagement
9585-KKMFD,820.0,0.0,Low Priority,3.84,Low,Standard customer engagement
6772-WFQRD,816.0,0.0,Low Priority,3.82,Low,Standard customer engagement
1970-KKFWL,815.5,0.0,Low Priority,3.82,Low,Standard customer engagement
9846-GKXAS,817.1999999999999,0.0,Low Priority,3.82,Low,Standard customer engagement
7010-ZMVBF,368.1,0.035,Low Priority,3.82,Low,Standard customer engagement
1222-KJNZD,816.0,0.0,Low Priority,3.82,Low,Standard customer engagement
5231-FIQPA,813.85,0.0,Low Priority,3.81,Low,Standard customer engagement
8922-NPKBJ,812.7,0.0,Low Priority,3.8,Low,Standard customer engagement
2252-ISRNH,813.15,0.0,Low Priority,3.8,Low,Standard customer engagement
2696-NARTR,812.3499999999999,0.0,Low Priority,3.8,Low,Standard customer engagement
8510-BBWMU,809.75,0.0,Low Priority,3.79,Low,Standard customer engagement
7234-FECYN,810.8,0.0,Low Priority,3.79,Low,Standard customer engagement
4817-QRJSX,810.0,0.0,Low Priority,3.79,Low,Standard customer engagement
6048-NJXHX,809.75,0.0,Low Priority,3.79,Low,Standard customer engagement
0302-JOIVN,809.2,0.0,Low Priority,3.79,Low,Standard customer engagement
5006-MXVRN,807.3,0.0,Low Priority,3.78,Low,Standard customer engagement
0940-OUQEC,807.0,0.0,Low Priority,3.78,Low,Standard customer engagement
9938-PRCVK,807.6999999999999,0.0,Low Priority,3.78,Low,Standard customer engagement
5108-ADXWO,808.5,0.0,Low Priority,3.78,Low,Standard customer engagement
7951-QKZPL,808.5,0.0,Low Priority,3.78,Low,Standard customer engagement
4822-RVYBB,804.8,0.0,Low Priority,3.77,Low,Standard customer engagement
6326-MTTXK,806.8,0.0,Low Priority,3.77,Low,Standard customer engagement
9068-FHQHD,806.0,0.0,Low Priority,3.77,Low,Standard customer engagement
7394-FKDNK,805.0500000000001,0.0,Low Priority,3.77,Low,Standard customer engagement
4418-LZMSV,803.4,0.0,Low Priority,3.76,Low,Standard customer engagement
2810-FTLEM,802.4,0.0,Low Priority,3.75,Low,Standard customer engagement
4547-KQRTM,800.5,0.0,Low Priority,3.75,Low,Standard customer engagement
9889-TMAHG,802.4,0.0,Low Priority,3.75,Low,Standard customer engagement
8780-RSYYU,480.0,0.025,Low Priority,3.75,Low,Standard customer engagement
4572-DVCGN,802.5,0.0,Low Priority,3.75,Low,Standard customer engagement
1391-UBDAR,801.9000000000001,0.0,Low Priority,3.75,Low,Standard customer engagement
6581-NQCBA,799.2,0.0,Low Priority,3.74,Low,Standard customer engagement
1184-PJVDB,799.5,0.0,Low Priority,3.74,Low,Standard customer engagement
3594-IVHJZ,40.9,0.0592,Low Priority,3.74,Low,Standard customer engagement
9773-PEQBZ,798.5,0.0,Low Priority,3.74,Low,Standard customer engagement
7216-KAOID,799.5,0.0,Low Priority,3.74,Low,Standard customer engagement
7410-OIEDU,798.5,0.0,Low Priority,3.74,Low,Standard customer engagement
9305-CDSKC,797.2,0.0,Low Priority,3.73,Low,Standard customer engagement
6954-OOYZZ,798.3000000000001,0.0,Low Priority,3.73,Low,Standard customer engagement
4884-LEVMQ,797.55,0.0,Low Priority,3.73,Low,Standard customer engagement
8277-RVRSV,796.9499999999999,0.0,Low Priority,3.73,Low,Standard customer engagement
5322-ZSMZY,798.25,0.0,Low Priority,3.73,Low,Standard customer engagement
4633-MKHYU,795.6,0.0,Low Priority,3.72,Low,Standard customer engagement
3298-QEICA,795.8000000000001,0.0,Low Priority,3.72,Low,Standard customer engagement
8225-BTJAU,792.5,0.0,Low Priority,3.71,Low,Standard customer engagement
4123-DVHPH,792.4499999999999,0.0,Low Priority,3.71,Low,Standard customer engagement
5465-BUBFA,791.3000000000001,0.0,Low Priority,3.7,Low,Standard customer engagement
3890-RTCMS,791.2,0.0,Low Priority,3.7,Low,Standard customer engagement
8749-CLJXC,20.05,0.06,Low Priority,3.69,Low,Standard customer engagement
9710-NJERN,785.8499999999999,0.0,Low Priority,3.68,Low,Standard customer engagement
0362-RAOQO,786.0,0.0,Low Priority,3.68,Low,Standard customer engagement
1106-HRLKZ,784.0,0.0,Low Priority,3.67,Low,Standard customer engagement
6169-PPETC,717.5,0.005,Low Priority,3.66,Low,Standard customer engagement
3800-LYTRK,779.8000000000001,0.0,Low Priority,3.65,Low,Standard customer engagement
9184-GALIL,777.1,0.0,Low Priority,3.64,Low,Standard customer engagement
3873-NFTGI,777.0,0.0,Low Priority,3.64,Low,Standard customer engagement
2931-FSOHN,778.6999999999999,0.0,Low Priority,3.64,Low,Standard customer engagement
1755-FZQEC,776.0999999999999,0.0,Low Priority,3.63,Low,Standard customer engagement
1087-GRUYI,775.1999999999999,0.0,Low Priority,3.63,Low,Standard customer engagement
3914-FDRHP,776.25,0.0,Low Priority,3.63,Low,Standard customer engagement
6447-GORXK,775.0,0.0,Low Priority,3.63,Low,Standard customer engagement
5527-ACHSO,775.5,0.0,Low Priority,3.63,Low,Standard customer engagement
4310-KEDTB,774.8000000000001,0.0,Low Priority,3.62,Low,Standard customer engagement
2428-ZMCTB,197.5,0.045,Low Priority,3.62,Low,Standard customer engagement
1839-FBNFR,774.1500000000001,0.0,Low Priority,3.62,Low,Standard customer engagement
3426-NIYYL,773.25,0.0,Low Priority,3.62,Low,Standard customer engagement
0582-AVCLN,771.4,0.0,Low Priority,3.61,Low,Standard customer engagement
7206-PQBBZ,772.2,0.0,Low Priority,3.61,Low,Standard customer engagement
4709-LKHYG,580.0,0.015,Low Priority,3.61,Low,Standard customer engagement
5804-JMYIO,770.25,0.0,Low Priority,3.6,Low,Standard customer engagement
8645-KWHJO,770.0,0.0,Low Priority,3.6,Low,Standard customer engagement
6188-UXBBR,769.5,0.0,Low Priority,3.6,Low,Standard customer engagement
2215-ZAFGX,769.5,0.0,Low Priority,3.6,Low,Standard customer engagement
5569-KGJHX,768.15,0.0,Low Priority,3.59,Low,Standard customer engagement
2691-NZETQ,768.15,0.0,Low Priority,3.59,Low,Standard customer engagement
2384-OVPSA,767.6,0.0,Low Priority,3.59,Low,Standard customer engagement
8577-QSOCG,767.6,0.0,Low Priority,3.59,Low,Standard customer engagement
2959-FENLU,767.6999999999999,0.0,Low Priority,3.59,Low,Standard customer engagement
1101-SSWAG,766.5,0.0,Low Priority,3.59,Low,Standard customer engagement
2642-DTVCO,765.4499999999999,0.0,Low Priority,3.58,Low,Standard customer engagement
5863-OOKCL,188.5,0.045,Low Priority,3.58,Low,Standard customer engagement
4933-BSAIP,764.0,0.0,Low Priority,3.57,Low,Standard customer engagement
1399-UBQIU,762.8499999999999,0.0,Low Priority,3.57,Low,Standard customer engagement
0902-RFHOF,763.8000000000001,0.0,Low Priority,3.57,Low,Standard customer engagement
8058-JMEQO,760.0500000000001,0.0,Low Priority,3.56,Low,Standard customer engagement
2300-RQGOI,761.9,0.0,Low Priority,3.56,Low,Standard customer engagement
6754-WKSHP,760.5,0.0,Low Priority,3.56,Low,Standard customer engagement
6537-OTKMY,761.25,0.0,Low Priority,3.56,Low,Standard customer engagement
6994-ORCWG,759.5,0.0,Low Priority,3.55,Low,Standard customer engagement
5168-MSWXT,758.0,0.0,Low Priority,3.55,Low,Standard customer engagement
5160-UXJED,758.2,0.0,Low Priority,3.55,Low,Standard customer engagement
9418-RUKPH,758.1,0.0,Low Priority,3.55,Low,Standard customer engagement
5652-MSDEY,757.5,0.0,Low Priority,3.54,Low,Standard customer engagement
2782-JEEBU,756.0,0.0,Low Priority,3.54,Low,Standard customer engagement
6199-IPCAO,756.9000000000001,0.0,Low Priority,3.54,Low,Standard customer engagement
0325-XBFAC,757.6,0.0,Low Priority,3.54,Low,Standard customer engagement
2929-ERCFZ,753.6,0.0,Low Priority,3.53,Low,Standard customer engagement
9965-YOKZB,754.65,0.0,Low Priority,3.53,Low,Standard customer engagement
3665-JATSN,754.3000000000001,0.0,Low Priority,3.53,Low,Standard customer engagement
5986-WWXDV,754.6500000000001,0.0,Low Priority,3.53,Low,Standard customer engagement
3217-FZDMN,755.6,0.0,Low Priority,3.53,Low,Standard customer engagement
1567-DSCIC,752.0,0.0,Low Priority,3.52,Low,Standard customer engagement
9518-XXBXE,753.0,0.0,Low Priority,3.52,Low,Standard customer engagement
6609-MXJHJ,753.0,0.0,Low Priority,3.52,Low,Standard customer engagement
5204-QZXPU,753.35,0.0,Low Priority,3.52,Low,Standard customer engagement
2085-JVGAD,752.95,0.0,Low Priority,3.52,Low,Standard customer engagement
2805-AUFQN,495.0,0.02,Low Priority,3.52,Low,Standard customer engagement
5177-RVZNU,751.1,0.0,Low Priority,3.51,Low,Standard customer engagement
9494-MRNYX,750.5,0.0,Low Priority,3.51,Low,Standard customer engagement
7945-PRBVF,750.75,0.0,Low Priority,3.51,Low,Standard customer engagement
4980-URKXC,750.6,0.0,Low Priority,3.51,Low,Standard customer engagement
8931-GJJIQ,749.6999999999999,0.0,Low Priority,3.51,Low,Standard customer engagement
8065-YKXKD,747.5,0.0,Low Priority,3.5,Low,Standard customer engagement
8327-WKMIE,745.55,0.0,Low Priority,3.49,Low,Standard customer engagement
4487-ZYJZK,744.8000000000001,0.0,Low Priority,3.48,Low,Standard customer engagement
6347-DCUIK,741.5,0.0,Low Priority,3.47,Low,Standard customer engagement
2907-ILJBN,226.6,0.04,Low Priority,3.46,Low,Standard customer engagement
8614-VGMMV,736.5,0.0,Low Priority,3.45,Low,Standard customer engagement
9236-NDUCW,737.1,0.0,Low Priority,3.45,Low,Standard customer engagement
4145-UQXUQ,736.8,0.0,Low Priority,3.45,Low,Standard customer engagement
1293-HHSHJ,738.5,0.0,Low Priority,3.45,Low,Standard customer engagement
8917-FAEMR,734.45,0.0,Low Priority,3.44,Low,Standard customer engagement
3898-BSJYF,735.5,0.0,Low Priority,3.44,Low,Standard customer engagement
7446-SFAOA,734.45,0.0,Low Priority,3.44,Low,Standard customer engagement
9624-EGDEQ,732.6,0.0,Low Priority,3.43,Low,Standard customer engagement
5995-WWKKG,732.6,0.0,Low Priority,3.43,Low,Standard customer engagement
7190-XHTWJ,733.4,0.0,Low Priority,3.43,Low,Standard customer engagement
9396-ZSFLL,732.75,0.0,Low Priority,3.43,Low,Standard customer engagement
3982-JGSFD,732.6,0.0,Low Priority,3.43,Low,Standard customer engagement
0969-RGKCU,732.6,0.0,Low Priority,3.43,Low,Standard customer engagement
7696-CFTAT,732.6,0.0,Low Priority,3.43,Low,Standard customer engagement
4299-SIMNS,730.35,0.0,Low Priority,3.42,Low,Standard customer engagement
8992-VONJD,728.0,0.0,Low Priority,3.41,Low,Standard customer engagement
2642-MAWLJ,729.0,0.0,Low Priority,3.41,Low,Standard customer engagement
1373-ORVIZ,729.8499999999999,0.0,Low Priority,3.41,Low,Standard customer engagement
7016-BPGEU,727.9000000000001,0.0,Low Priority,3.41,Low,Standard customer engagement
1984-GPTEH,729.3499999999999,0.0,Low Priority,3.41,Low,Standard customer engagement
1907-UBQFC,728.5,0.0,Low Priority,3.41,Low,Standard customer engagement
9046-DQMTP,726.25,0.0,Low Priority,3.4,Low,Standard customer engagement
1704-NRWYE,727.65,0.0,Low Priority,3.4,Low,Standard customer engagement
9509-MPYOD,726.25,0.0,Low Priority,3.4,Low,Standard customer engagement
4750-UKWJK,725.2,0.0,Low Priority,3.39,Low,Standard customer engagement
4654-GGUII,723.6,0.0,Low Priority,3.39,Low,Standard customer engagement
0570-BFQHT,724.9499999999999,0.0,Low Priority,3.39,Low,Standard customer engagement
9945-PSVIP,467.5,0.02,Low Priority,3.39,Low,Standard customer engagement
4813-HQMGZ,722.0,0.0,Low Priority,3.38,Low,Standard customer engagement
5539-HIVAK,719.6,0.0,Low Priority,3.37,Low,Standard customer engagement
9824-QCJPK,720.0,0.0,Low Priority,3.37,Low,Standard customer engagement
8884-FEEWR,721.0,0.0,Low Priority,3.37,Low,Standard customer engagement
0080-EMYVY,720.3000000000001,0.0,Low Priority,3.37,Low,Standard customer engagement
3417-TSCIC,720.6500000000001,0.0,Low Priority,3.37,Low,Standard customer engagement
1699-HPSBG,717.5999999999999,0.0,Low Priority,3.36,Low,Standard customer engagement
0727-IWKVK,719.1,0.0,Low Priority,3.36,Low,Standard customer engagement
5917-HBSDW,715.95,0.0,Low Priority,3.35,Low,Standard customer engagement
0774-IFUVM,716.6500000000001,0.0,Low Priority,3.35,Low,Standard customer engagement
9987-LUTYD,716.9499999999999,0.0,Low Priority,3.35,Low,Standard customer engagement
2688-BHGOG,715.9499999999999,0.0,Low Priority,3.35,Low,Standard customer engagement
0872-NXJYS,715.9499999999999,0.0,Low Priority,3.35,Low,Standard customer engagement
9891-NQDBD,715.4,0.0,Low Priority,3.35,Low,Standard customer engagement
4910-AQFFX,714.15,0.0,Low Priority,3.34,Low,Standard customer engagement
0625-AFOHS,585.8,0.01,Low Priority,3.34,Low,Standard customer engagement
5756-JYOJT,713.9000000000001,0.0,Low Priority,3.34,Low,Standard customer engagement
6652-YFFJO,713.9000000000001,0.0,Low Priority,3.34,Low,Standard customer engagement
4522-AKYLR,712.4,0.0,Low Priority,3.33,Low,Standard customer engagement
8008-HAWED,710.5,0.0,Low Priority,3.32,Low,Standard customer engagement
4803-LBYPN,707.2,0.0,Low Priority,3.31,Low,Standard customer engagement
9206-GVPEQ,707.85,0.0,Low Priority,3.31,Low,Standard customer engagement
7815-PDTHL,707.0,0.0,Low Priority,3.31,Low,Standard customer engagement
2458-EOMRE,704.55,0.0,Low Priority,3.3,Low,Standard customer engagement
8967-SZQAS,706.3000000000001,0.0,Low Priority,3.3,Low,Standard customer engagement
5087-SUURX,702.9,0.0,Low Priority,3.29,Low,Standard customer engagement
8735-IJJEG,702.8000000000001,0.0,Low Priority,3.29,Low,Standard customer engagement
3468-DRVQJ,703.0,0.0,Low Priority,3.29,Low,Standard customer engagement
5976-JCJRH,703.0,0.0,Low Priority,3.29,Low,Standard customer engagement
4962-CHQPW,575.6500000000001,0.01,Low Priority,3.29,Low,Standard customer engagement
9705-ZJBCG,703.9499999999999,0.0,Low Priority,3.29,Low,Standard customer engagement
5845-BZZIB,703.5,0.0,Low Priority,3.29,Low,Standard customer engagement
3486-NPGST,703.8000000000001,0.0,Low Priority,3.29,Low,Standard customer engagement
0722-SVSFK,702.8000000000001,0.0,Low Priority,3.29,Low,Standard customer engagement
5627-TVBPP,703.5,0.0,Low Priority,3.29,Low,Standard customer engagement
6016-LVTJQ,702.0999999999999,0.0,Low Priority,3.28,Low,Standard customer engagement
6479-SZPLM,700.1999999999999,0.0,Low Priority,3.28,Low,Standard customer engagement
6379-RXJRQ,701.0,0.0,Low Priority,3.28,Low,Standard customer engagement
1757-TCATG,701.75,0.0,Low Priority,3.28,Low,Standard customer engagement
9272-LSVYH,701.5,0.0,Low Priority,3.28,Low,Standard customer engagement
3811-VBYBZ,698.6,0.0,Low Priority,3.27,Low,Standard customer engagement
1360-RCYRT,698.0500000000001,0.0,Low Priority,3.27,Low,Standard customer engagement
9717-IOAAF,697.95,0.0,Low Priority,3.27,Low,Standard customer engagement
5917-RYRMG,633.6,0.005,Low Priority,3.26,Low,Standard customer engagement
3985-HOYPM,504.4,0.015,Low Priority,3.26,Low,Standard customer engagement
4884-ZTHVF,696.8,0.0,Low Priority,3.26,Low,Standard customer engagement
2878-DHMIN,696.5,0.0,Low Priority,3.26,Low,Standard customer engagement
4537-CIBHB,182.25,0.04,Low Priority,3.25,Low,Standard customer engagement
0799-DDIHE,694.5,0.0,Low Priority,3.25,Low,Standard customer engagement
9385-EHGDO,694.75,0.0,Low Priority,3.25,Low,Standard customer engagement
0939-EREMR,694.85,0.0,Low Priority,3.25,Low,Standard customer engagement
3077-RSNTJ,118.2,0.045,Low Priority,3.25,Low,Standard customer engagement
9531-NSBMR,693.0,0.0,Low Priority,3.24,Low,Standard customer engagement
5229-PRWKT,692.4,0.0,Low Priority,3.24,Low,Standard customer engagement
1219-NNDDO,691.65,0.0,Low Priority,3.24,Low,Standard customer engagement
3451-VAWLI,689.5,0.0,Low Priority,3.23,Low,Standard customer engagement
7168-HDQHG,691.1999999999999,0.0,Low Priority,3.23,Low,Standard customer engagement
8008-OTEZX,687.75,0.0,Low Priority,3.22,Low,Standard customer engagement
7994-UYIVZ,685.2,0.0,Low Priority,3.21,Low,Standard customer engagement
5928-QLDHB,686.25,0.0,Low Priority,3.21,Low,Standard customer engagement
7601-GNDYK,686.0,0.0,Low Priority,3.21,Low,Standard customer engagement
3106-ULWFW,681.6,0.0,Low Priority,3.19,Low,Standard customer engagement
1133-KXCGE,361.8,0.025,Low Priority,3.19,Low,Standard customer engagement
1200-TUZHR,681.6,0.0,Low Priority,3.19,Low,Standard customer engagement
1262-OPMFY,681.75,0.0,Low Priority,3.19,Low,Standard customer engagement
6551-VLJMV,681.7,0.0,Low Priority,3.19,Low,Standard customer engagement
8837-VVWLQ,679.6,0.0,Low Priority,3.18,Low,Standard customer engagement
3987-KQDDU,680.4,0.0,Low Priority,3.18,Low,Standard customer engagement
5995-OIGLP,679.8,0.0,Low Priority,3.18,Low,Standard customer engagement
6563-VRERX,679.8000000000001,0.0,Low Priority,3.18,Low,Standard customer engagement
7020-OZKXZ,679.5,0.0,Low Priority,3.18,Low,Standard customer engagement
8382-SHQEH,679.2,0.0,Low Priority,3.18,Low,Standard customer engagement
5639-NTUPK,677.3000000000001,0.0,Low Priority,3.17,Low,Standard customer engagement
0196-JTUQI,676.8000000000001,0.0,Low Priority,3.17,Low,Standard customer engagement
9367-WXLCH,676.0,0.0,Low Priority,3.16,Low,Standard customer engagement
6765-MBQNU,676.0,0.0,Low Priority,3.16,Low,Standard customer engagement
4060-LDNLU,673.4,0.0,Low Priority,3.15,Low,Standard customer engagement
9631-RXVJM,673.75,0.0,Low Priority,3.15,Low,Standard customer engagement
9314-QDMDW,673.75,0.0,Low Priority,3.15,Low,Standard customer engagement
5186-PEIZU,673.75,0.0,Low Priority,3.15,Low,Standard customer engagement
4282-YMKNA,672.75,0.0,Low Priority,3.15,Low,Standard customer engagement
6016-NXBNJ,670.25,0.0,Low Priority,3.14,Low,Standard customer engagement
8859-DZTGQ,671.5500000000001,0.0,Low Priority,3.14,Low,Standard customer engagement
0709-TVGUR,670.9499999999999,0.0,Low Priority,3.14,Low,Standard customer engagement
1518-VOWAV,671.85,0.0,Low Priority,3.14,Low,Standard customer engagement
5383-MMTWC,672.0,0.0,Low Priority,3.14,Low,Standard customer engagement
4116-TZAQJ,668.25,0.0,Low Priority,3.13,Low,Standard customer engagement
2809-ILCYT,670.0,0.0,Low Priority,3.13,Low,Standard customer engagement
3643-AHCFP,669.1999999999999,0.0,Low Priority,3.13,Low,Standard customer engagement
5949-XIKAE,668.4,0.0,Low Priority,3.13,Low,Standard customer engagement
3374-PZLXD,669.8,0.0,Low Priority,3.13,Low,Standard customer engagement
1353-LJWEM,669.9,0.0,Low Priority,3.13,Low,Standard customer engagement
3280-NMUVX,666.4000000000001,0.0,Low Priority,3.12,Low,Standard customer engagement
8357-EQXFO,667.4499999999999,0.0,Low Priority,3.12,Low,Standard customer engagement
0827-ITJPH,667.8000000000001,0.0,Low Priority,3.12,Low,Standard customer engagement
6860-YRJZP,666.4499999999999,0.0,Low Priority,3.12,Low,Standard customer engagement
3472-OAOOR,664.0500000000001,0.0,Low Priority,3.11,Low,Standard customer engagement
6339-YPSAH,664.1999999999999,0.0,Low Priority,3.11,Low,Standard customer engagement
3874-EQOEP,665.0,0.0,Low Priority,3.11,Low,Standard customer engagement
6147-CBCRA,661.65,0.0,Low Priority,3.1,Low,Standard customer engagement
1403-LKLIK,663.3000000000001,0.0,Low Priority,3.1,Low,Standard customer engagement
7446-YPODE,662.75,0.0,Low Priority,3.1,Low,Standard customer engagement
1934-MKPXS,663.3000000000001,0.0,Low Priority,3.1,Low,Standard customer engagement
5505-OVWQW,342.54999999999995,0.025,Low Priority,3.1,Low,Standard customer engagement
6502-HCJTI,662.9,0.0,Low Priority,3.1,Low,Standard customer engagement
3769-MHZNV,663.3000000000001,0.0,Low Priority,3.1,Low,Standard customer engagement
2645-QTLMB,659.75,0.0,Low Priority,3.09,Low,Standard customer engagement
5918-VUKWP,657.6,0.0,Low Priority,3.08,Low,Standard customer engagement
3992-YWPKO,659.4000000000001,0.0,Low Priority,3.08,Low,Standard customer engagement
0260-ZDLGK,656.1,0.0,Low Priority,3.07,Low,Standard customer engagement
5701-ZIKJE,657.15,0.0,Low Priority,3.07,Low,Standard customer engagement
1357-MVDOZ,656.15,0.0,Low Priority,3.07,Low,Standard customer engagement
7321-KKSDU,656.0,0.0,Low Priority,3.07,Low,Standard customer engagement
4626-GYCZP,656.9499999999999,0.0,Low Priority,3.07,Low,Standard customer engagement
2729-VNVAP,653.4,0.0,Low Priority,3.06,Low,Standard customer engagement
5480-XTFFL,651.0,0.0,Low Priority,3.05,Low,Standard customer engagement
8512-WIWYV,651.2,0.0,Low Priority,3.05,Low,Standard customer engagement
1803-BGNBD,651.5999999999999,0.0,Low Priority,3.05,Low,Standard customer engagement
4976-LNFVV,651.6999999999999,0.0,Low Priority,3.05,Low,Standard customer engagement
6447-EGDIV,649.4499999999999,0.0,Low Priority,3.04,Low,Standard customer engagement
8648-PFRMP,648.9,0.0,Low Priority,3.04,Low,Standard customer engagement
9763-GRSKD,649.35,0.0,Low Priority,3.04,Low,Standard customer engagement
1202-KKGFU,650.4000000000001,0.0,Low Priority,3.04,Low,Standard customer engagement
8808-ELEHO,650.0,0.0,Low Priority,3.04,Low,Standard customer engagement
0601-WZHJF,648.9,0.0,Low Priority,3.04,Low,Standard customer engagement
8457-XIGKN,392.0,0.02,Low Priority,3.03,Low,Standard customer engagement
8174-LNWMW,647.9,0.0,Low Priority,3.03,Low,Standard customer engagement
9108-EQPNQ,261.0,0.03,Low Priority,3.02,Low,Standard customer engagement
2320-TZRRH,390.0,0.02,Low Priority,3.02,Low,Standard customer engagement
2397-BRLOM,643.6,0.0,Low Priority,3.01,Low,Standard customer engagement
3863-IUBJR,643.8,0.0,Low Priority,3.01,Low,Standard customer engagement
2650-GYRYL,641.85,0.0,Low Priority,3.0,Low,Standard customer engagement
0301-KOBTQ,641.6,0.0,Low Priority,3.0,Low,Standard customer engagement
4277-PVRAN,640.8,0.0,Low Priority,3.0,Low,Standard customer engagement
1488-SYSFC,640.15,0.0,Low Priority,2.99,Low,Standard customer engagement
6496-JDSSB,640.0,0.0,Low Priority,2.99,Low,Standard customer engagement
3627-FCRDW,639.0,0.0,Low Priority,2.99,Low,Standard customer engagement
0071-NDAFP,637.5,0.0,Low Priority,2.98,Low,Standard customer engagement
3043-SUDUA,636.8,0.0,Low Priority,2.98,Low,Standard customer engagement
3373-DIUUN,637.5,0.0,Low Priority,2.98,Low,Standard customer engagement
8815-LMFLX,635.0,0.0,Low Priority,2.97,Low,Standard customer engagement
5124-EOGYE,633.9499999999999,0.0,Low Priority,2.97,Low,Standard customer engagement
5469-NUJUR,379.05,0.02,Low Priority,2.97,Low,Standard customer engagement
8270-RKSAP,634.5,0.0,Low Priority,2.97,Low,Standard customer engagement
6265-FRMTQ,632.4,0.0,Low Priority,2.96,Low,Standard customer engagement
6133-OZILE,633.6,0.0,Low Priority,2.96,Low,Standard customer engagement
0203-HHYIJ,632.5,0.0,Low Priority,2.96,Low,Standard customer engagement
5871-DGTXZ,633.6,0.0,Low Priority,2.96,Low,Standard customer engagement
1579-KLYDT,633.15,0.0,Low Priority,2.96,Low,Standard customer engagement
2277-AXSDC,632.0,0.0,Low Priority,2.96,Low,Standard customer engagement
3530-VWVGU,437.8,0.015,Low Priority,2.95,Low,Standard customer engagement
6240-EURKS,630.0,0.0,Low Priority,2.95,Low,Standard customer engagement
1304-BCCFO,630.4499999999999,0.0,Low Priority,2.95,Low,Standard customer engagement
5895-QSXOD,630.4499999999999,0.0,Low Priority,2.95,Low,Standard customer engagement
6527-PZFPV,499.2000000000001,0.01,Low Priority,2.94,Low,Standard customer engagement
6838-HVLXG,243.6,0.03,Low Priority,2.94,Low,Standard customer engagement
9134-CEQMF,626.5,0.0,Low Priority,2.93,Low,Standard customer engagement
7479-NITWS,625.4499999999999,0.0,Low Priority,2.93,Low,Standard customer engagement
2599-CZABP,624.4,0.0,Low Priority,2.92,Low,Standard customer engagement
0786-VSSUD,624.0,0.0,Low Priority,2.92,Low,Standard customer engagement
7328-OWMOM,623.1,0.0,Low Priority,2.92,Low,Standard customer engagement
0187-QSXOE,623.0,0.0,Low Priority,2.91,Low,Standard customer engagement
6537-QLGEX,622.4,0.0,Low Priority,2.91,Low,Standard customer engagement
7143-BQIBA,622.5,0.0,Low Priority,2.91,Low,Standard customer engagement
7305-ZWMAJ,621.0,0.0,Low Priority,2.91,Low,Standard customer engagement
8990-ZXLSU,621.4499999999999,0.0,Low Priority,2.91,Low,Standard customer engagement
9643-YBLUR,621.4499999999999,0.0,Low Priority,2.91,Low,Standard customer engagement
6878-GGDWG,620.8,0.0,Low Priority,2.9,Low,Standard customer engagement
6439-LAJXL,620.5500000000001,0.0,Low Priority,2.9,Low,Standard customer engagement
5914-GXMDA,617.6,0.0,Low Priority,2.89,Low,Standard customer engagement
8515-OCTJS,618.75,0.0,Low Priority,2.89,Low,Standard customer engagement
8873-TMKGR,553.9000000000001,0.005,Low Priority,2.89,Low,Standard customer engagement
6625-UTXEW,615.0,0.0,Low Priority,2.88,Low,Standard customer engagement
5311-IHLEI,611.4000000000001,0.0,Low Priority,2.86,Low,Standard customer engagement
4680-KUTAJ,611.6,0.0,Low Priority,2.86,Low,Standard customer engagement
4526-RMTLL,609.2,0.0,Low Priority,2.85,Low,Standard customer engagement
7766-CLTIC,609.5,0.0,Low Priority,2.85,Low,Standard customer engagement
1049-FYSYG,606.05,0.0,Low Priority,2.84,Low,Standard customer engagement
2484-DGXPZ,606.0500000000001,0.0,Low Priority,2.84,Low,Standard customer engagement
9451-LPGOO,607.6,0.0,Low Priority,2.84,Low,Standard customer engagement
3847-BAERP,209.0,0.0311,Low Priority,2.84,Low,Standard customer engagement
4635-EJYPD,606.4,0.0,Low Priority,2.84,Low,Standard customer engagement
8584-KMVXD,604.8,0.0,Low Priority,2.83,Low,Standard customer engagement
1925-TIBLE,605.5,0.0,Low Priority,2.83,Low,Standard customer engagement
6859-RKMZJ,605.55,0.0,Low Priority,2.83,Low,Standard customer engagement
4712-AUQZO,604.8000000000001,0.0,Low Priority,2.83,Low,Standard customer engagement
8049-WJCLQ,602.0,0.0,Low Priority,2.82,Low,Standard customer engagement
4285-GYRQC,603.75,0.0,Low Priority,2.82,Low,Standard customer engagement
8182-PNAGI,603.0,0.0,Low Priority,2.82,Low,Standard customer engagement
2011-TRQYE,603.0,0.0,Low Priority,2.82,Low,Standard customer engagement
1535-VTJOQ,603.5999999999999,0.0,Low Priority,2.82,Low,Standard customer engagement
1877-HKBQX,600.6,0.0,Low Priority,2.81,Low,Standard customer engagement
1089-HDMKP,600.05,0.0,Low Priority,2.81,Low,Standard customer engagement
9552-TGUZV,600.0,0.0,Low Priority,2.81,Low,Standard customer engagement
7993-PYKOF,600.0,0.0,Low Priority,2.81,Low,Standard customer engagement
3440-JPSCL,599.7,0.0,Low Priority,2.81,Low,Standard customer engagement
8681-ICONS,598.8499999999999,0.0,Low Priority,2.8,Low,Standard customer engagement
9928-BZVLZ,598.2,0.0,Low Priority,2.8,Low,Standard customer engagement
7176-WIONM,598.2,0.0,Low Priority,2.8,Low,Standard customer engagement
5424-RLQLC,596.5,0.0,Low Priority,2.79,Low,Standard customer engagement
3834-XUIFC,596.4,0.0,Low Priority,2.79,Low,Standard customer engagement
3488-PGMQJ,596.0,0.0,Low Priority,2.79,Low,Standard customer engagement
5174-RNGBH,596.25,0.0,Low Priority,2.79,Low,Standard customer engagement
3235-ETOOB,596.0,0.0,Low Priority,2.79,Low,Standard customer engagement
5405-ZMYXQ,596.8,0.0,Low Priority,2.79,Low,Standard customer engagement
0219-QAERP,594.0,0.0,Low Priority,2.78,Low,Standard customer engagement
2205-YMZZJ,593.6,0.0,Low Priority,2.78,Low,Standard customer engagement
6789-HJBWG,592.8,0.0,Low Priority,2.77,Low,Standard customer engagement
4480-QQRHC,592.4,0.0,Low Priority,2.77,Low,Standard customer engagement
2450-ZKEED,591.8,0.0,Low Priority,2.77,Low,Standard customer engagement
3896-ZVNET,592.8,0.0,Low Priority,2.77,Low,Standard customer engagement
9530-EHPOH,591.25,0.0,Low Priority,2.77,Low,Standard customer engagement
8972-HJWNV,591.85,0.0,Low Priority,2.77,Low,Standard customer engagement
2817-NTQDO,592.15,0.0,Low Priority,2.77,Low,Standard customer engagement
0002-ORFBO,590.4,0.0,Low Priority,2.76,Low,Standard customer engagement
2123-AGEEN,590.4499999999999,0.0,Low Priority,2.76,Low,Standard customer engagement
1270-XKUCC,591.0,0.0,Low Priority,2.76,Low,Standard customer engagement
2446-BEGGB,589.5,0.0,Low Priority,2.76,Low,Standard customer engagement
8205-MQUGY,590.4000000000001,0.0,Low Priority,2.76,Low,Standard customer engagement
8573-JGCZW,334.04999999999995,0.02,Low Priority,2.76,Low,Standard customer engagement
2506-CLAKW,588.9000000000001,0.0,Low Priority,2.76,Low,Standard customer engagement
7026-YMSBE,591.0,0.0,Low Priority,2.76,Low,Standard customer engagement
1577-HKTFG,589.5,0.0,Low Priority,2.76,Low,Standard customer engagement
5789-LDFXO,590.4000000000001,0.0,Low Priority,2.76,Low,Standard customer engagement
1872-EBWSC,590.1500000000001,0.0,Low Priority,2.76,Low,Standard customer engagement
1982-FEBTD,588.8000000000001,0.0,Low Priority,2.75,Low,Standard customer engagement
8791-GFXLZ,588.5999999999999,0.0,Low Priority,2.75,Low,Standard customer engagement
4765-OXPPD,585.0,0.0,Low Priority,2.74,Low,Standard customer engagement
1952-DVVSW,201.0,0.03,Low Priority,2.74,Low,Standard customer engagement
3307-TLCUD,584.8,0.0,Low Priority,2.74,Low,Standard customer engagement
1038-RQOST,391.4,0.015,Low Priority,2.73,Low,Standard customer engagement
4283-IVYCI,584.5500000000001,0.0,Low Priority,2.73,Low,Standard customer engagement
0839-QNXME,582.0,0.0,Low Priority,2.72,Low,Standard customer engagement
3640-JQGJG,582.4,0.0,Low Priority,2.72,Low,Standard customer engagement
3460-TJBWI,580.8,0.0,Low Priority,2.72,Low,Standard customer engagement
3635-JBPSG,582.0,0.0,Low Priority,2.72,Low,Standard customer engagement
9178-JHUVJ,578.4000000000001,0.0,Low Priority,2.71,Low,Standard customer engagement
4641-FROLU,579.0,0.0,Low Priority,2.71,Low,Standard customer engagement
4716-MRVEN,580.0,0.0,Low Priority,2.71,Low,Standard customer engagement
2808-CHTDM,577.3000000000001,0.0,Low Priority,2.7,Low,Standard customer engagement
4950-HKQTE,577.5,0.0,Low Priority,2.7,Low,Standard customer engagement
0536-BGFMZ,574.0,0.0,Low Priority,2.69,Low,Standard customer engagement
3319-DWOEP,574.5,0.0,Low Priority,2.69,Low,Standard customer engagement
1498-DQNRX,575.6500000000001,0.0,Low Priority,2.69,Low,Standard customer engagement
6823-SIDFQ,511.0,0.005,Low Priority,2.69,Low,Standard customer engagement
2829-HYVZP,574.2,0.0,Low Priority,2.69,Low,Standard customer engagement
8082-GHXOP,572.0,0.0,Low Priority,2.68,Low,Standard customer engagement
9648-BCHKM,443.7,0.01,Low Priority,2.68,Low,Standard customer engagement
4774-HHGGS,571.5,0.0,Low Priority,2.67,Low,Standard customer engagement
6510-UPNKS,570.4,0.0,Low Priority,2.67,Low,Standard customer engagement
4646-QZXTF,568.75,0.0,Low Priority,2.66,Low,Standard customer engagement
8735-NBLWT,183.6,0.03,Low Priority,2.66,Low,Standard customer engagement
5445-UTODQ,567.6999999999999,0.0,Low Priority,2.66,Low,Standard customer engagement
4080-OGPJL,569.2,0.0,Low Priority,2.66,Low,Standard customer engagement
3638-DIMPH,569.4,0.0,Low Priority,2.66,Low,Standard customer engagement
3845-JHAMY,568.0,0.0,Low Priority,2.66,Low,Standard customer engagement
9950-MTGYX,568.4,0.0,Low Priority,2.66,Low,Standard customer engagement
0463-ZSDNT,567.5,0.0,Low Priority,2.65,Low,Standard customer engagement
6101-IMRMM,567.0,0.0,Low Priority,2.65,Low,Standard customer engagement
7632-YUTXB,501.25,0.005,Low Priority,2.65,Low,Standard customer engagement
4203-QGNZA,567.0,0.0,Low Priority,2.65,Low,Standard customer engagement
7967-HYCDE,565.6,0.0,Low Priority,2.65,Low,Standard customer engagement
8595-SIZNC,563.2,0.0,Low Priority,2.63,Low,Standard customer engagement
0947-IDHRQ,562.1,0.0,Low Priority,2.63,Low,Standard customer engagement
1596-OQSPS,562.1,0.0,Low Priority,2.63,Low,Standard customer engagement
1627-AFWVJ,562.5999999999999,0.0,Low Priority,2.63,Low,Standard customer engagement
9025-AOMKI,561.3,0.0,Low Priority,2.63,Low,Standard customer engagement
9540-JYROE,560.8,0.0,Low Priority,2.62,Low,Standard customer engagement
9496-IVVRP,561.0,0.0,Low Priority,2.62,Low,Standard customer engagement
0269-XFESX,560.0500000000001,0.0,Low Priority,2.62,Low,Standard customer engagement
9796-BPKIW,559.6,0.0,Low Priority,2.62,Low,Standard customer engagement
2819-GWENI,557.1999999999999,0.0,Low Priority,2.61,Low,Standard customer engagement
8128-YVJRG,557.5500000000001,0.0,Low Priority,2.61,Low,Standard customer engagement
6437-UKHMV,557.9,0.0,Low Priority,2.61,Low,Standard customer engagement
3999-QGRJH,557.6,0.0,Low Priority,2.61,Low,Standard customer engagement
9392-XBGTD,556.2,0.0,Low Priority,2.6,Low,Standard customer engagement
6518-KZXCB,555.5,0.0,Low Priority,2.6,Low,Standard customer engagement
4883-KCPZJ,555.5,0.0,Low Priority,2.6,Low,Standard customer engagement
4324-BZCKL,555.5,0.0,Low Priority,2.6,Low,Standard customer engagement
8108-UXRQN,556.05,0.0,Low Priority,2.6,Low,Standard customer engagement
9796-MVYXX,555.8000000000001,0.0,Low Priority,2.6,Low,Standard customer engagement
2026-TGDHM,555.1,0.0,Low Priority,2.6,Low,Standard customer engagement
7638-QVMVY,553.0,0.0,Low Priority,2.59,Low,Standard customer engagement
3566-VVORZ,550.8,0.0,Low Priority,2.58,Low,Standard customer engagement
2346-CZYIL,549.45,0.0,Low Priority,2.57,Low,Standard customer engagement
3389-KTRXV,548.5500000000001,0.0,Low Priority,2.57,Low,Standard customer engagement
4059-IIEBK,549.85,0.0,Low Priority,2.57,Low,Standard customer engagement
2272-UOINI,549.5,0.0,Low Priority,2.57,Low,Standard customer engagement
1218-VKFPE,228.0,0.025,Low Priority,2.57,Low,Standard customer engagement
8735-DCXNF,549.5,0.0,Low Priority,2.57,Low,Standard customer engagement
7596-IIWYC,546.75,0.0,Low Priority,2.56,Low,Standard customer engagement
9092-GDZKO,546.7,0.0,Low Priority,2.56,Low,Standard customer engagement
6506-EYCNH,547.4,0.0,Low Priority,2.56,Low,Standard customer engagement
5214-CHIWJ,548.1,0.0,Low Priority,2.56,Low,Standard customer engagement
2672-HUYVI,546.5999999999999,0.0,Low Priority,2.56,Low,Standard customer engagement
2472-OVKUP,546.0,0.0,Low Priority,2.55,Low,Standard customer engagement
2957-LOLHO,544.8,0.0,Low Priority,2.55,Low,Standard customer engagement
7966-YOTQW,545.0,0.0,Low Priority,2.55,Low,Standard customer engagement
5392-AKEMH,540.5999999999999,0.0,Low Priority,2.53,Low,Standard customer engagement
8780-IXSTS,540.5999999999999,0.0,Low Priority,2.53,Low,Standard customer engagement
7337-CINUD,156.0,0.03,Low Priority,2.53,Low,Standard customer engagement
5849-ASHZJ,541.35,0.0,Low Priority,2.53,Low,Standard customer engagement
1600-DILPE,540.0,0.0,Low Priority,2.53,Low,Standard customer engagement
9548-LERKT,474.0,0.005,Low Priority,2.52,Low,Standard customer engagement
3462-BJQQA,538.5,0.0,Low Priority,2.52,Low,Standard customer engagement
0003-MKNFE,539.1,0.0,Low Priority,2.52,Low,Standard customer engagement
9534-NSXEM,536.9,0.0,Low Priority,2.51,Low,Standard customer engagement
0345-HKJVM,535.8,0.0,Low Priority,2.51,Low,Standard customer engagement
9030-QGZNL,166.8,0.0288,Low Priority,2.51,Low,Standard customer engagement
8035-PWSEV,535.5,0.0,Low Priority,2.51,Low,Standard customer engagement
4609-KNNWG,537.3,0.0,Low Priority,2.51,Low,Standard customer engagement
2990-HWIML,537.0,0.0,Low Priority,2.51,Low,Standard customer engagement
4847-TAJYI,536.0999999999999,0.0,Low Priority,2.51,Low,Standard customer engagement
5171-EPLKN,535.95,0.0,Low Priority,2.51,Low,Standard customer engagement
5778-BVOFB,535.5,0.0,Low Priority,2.51,Low,Standard customer engagement
1907-YLNYW,533.6,0.0,Low Priority,2.5,Low,Standard customer engagement
0164-XAIRP,469.2000000000001,0.005,Low Priority,2.5,Low,Standard customer engagement
3945-GFWQL,534.5999999999999,0.0,Low Priority,2.5,Low,Standard customer engagement
2595-KIWPV,531.9,0.0,Low Priority,2.49,Low,Standard customer engagement
4359-INNWN,340.85,0.015,Low Priority,2.49,Low,Standard customer engagement
3721-WKIIL,529.2,0.0,Low Priority,2.48,Low,Standard customer engagement
2373-NTKOD,530.0,0.0,Low Priority,2.48,Low,Standard customer engagement
4431-EDMIQ,529.9,0.0,Low Priority,2.48,Low,Standard customer engagement
0840-DFEZH,527.4499999999999,0.0,Low Priority,2.47,Low,Standard customer engagement
7797-EJMDP,528.4,0.0,Low Priority,2.47,Low,Standard customer engagement
0142-GVYSN,527.8000000000001,0.0,Low Priority,2.47,Low,Standard customer engagement
7321-ZNSLA,527.15,0.0,Low Priority,2.47,Low,Standard customer engagement
7552-KEYGT,527.85,0.0,Low Priority,2.47,Low,Standard customer engagement
2604-XVDAM,525.5999999999999,0.0,Low Priority,2.46,Low,Standard customer engagement
8325-QRPZR,526.0500000000001,0.0,Low Priority,2.46,Low,Standard customer engagement
6734-GMPVK,526.5,0.0,Low Priority,2.46,Low,Standard customer engagement
5154-VEKBL,526.5,0.0,Low Priority,2.46,Low,Standard customer engagement
9191-MYQKX,526.0500000000001,0.0,Low Priority,2.46,Low,Standard customer engagement
5260-UMPWX,526.5,0.0,Low Priority,2.46,Low,Standard customer engagement
7956-XQWGU,523.8,0.0,Low Priority,2.45,Low,Standard customer engagement
3452-FLHYD,523.75,0.0,Low Priority,2.45,Low,Standard customer engagement
0098-BOWSO,523.8,0.0,Low Priority,2.45,Low,Standard customer engagement
6711-FLDFB,524.3000000000001,0.0,Low Priority,2.45,Low,Standard customer engagement
1271-SJBGZ,523.8,0.0,Low Priority,2.45,Low,Standard customer engagement
8792-AOROI,524.0,0.0,Low Priority,2.45,Low,Standard customer engagement
5568-DMXZS,523.6,0.0,Low Priority,2.45,Low,Standard customer engagement
6100-FJZDG,521.3000000000001,0.0,Low Priority,2.44,Low,Standard customer engagement
0927-LCSMG,522.5500000000001,0.0,Low Priority,2.44,Low,Standard customer engagement
4013-UBXWQ,522.5500000000001,0.0,Low Priority,2.44,Low,Standard customer engagement
2369-UAPKZ,520.5,0.0,Low Priority,2.44,Low,Standard customer engagement
4343-EJVQB,520.4499999999999,0.0,Low Priority,2.43,Low,Standard customer engagement
3486-KHMLI,518.6999999999999,0.0,Low Priority,2.43,Low,Standard customer engagement
3458-IDMFK,518.75,0.0,Low Priority,2.43,Low,Standard customer engagement
1760-CAZHT,520.0,0.0,Low Priority,2.43,Low,Standard customer engagement
3070-DVEYC,516.25,0.0,Low Priority,2.42,Low,Standard customer engagement
9046-JBFWA,517.05,0.0,Low Priority,2.42,Low,Standard customer engagement
0122-OAHPZ,516.9499999999999,0.0,Low Priority,2.42,Low,Standard customer engagement
2709-UQGNP,516.5,0.0,Low Priority,2.42,Low,Standard customer engagement
7996-BPXHY,325.0,0.015,Low Priority,2.42,Low,Standard customer engagement
1998-VHJHK,517.05,0.0,Low Priority,2.42,Low,Standard customer engagement
7407-SUJIZ,515.0,0.0,Low Priority,2.41,Low,Standard customer engagement
4795-UXVCJ,514.8000000000001,0.0,Low Priority,2.41,Low,Standard customer engagement
1196-AMORA,515.1999999999999,0.0,Low Priority,2.41,Low,Standard customer engagement
3629-WEAAM,512.8,0.0,Low Priority,2.4,Low,Standard customer engagement
8229-MYEJZ,512.0,0.0,Low Priority,2.4,Low,Standard customer engagement
3138-BKYAV,512.0999999999999,0.0,Low Priority,2.4,Low,Standard customer engagement
1963-VAUKV,20.4,0.0384,Low Priority,2.4,Low,Standard customer engagement
7764-BDPEE,62.55,0.035,Low Priority,2.39,Low,Standard customer engagement
7850-THJMU,510.9,0.0,Low Priority,2.39,Low,Standard customer engagement
4369-HTUIF,510.9,0.0,Low Priority,2.39,Low,Standard customer engagement
6286-ZHAOK,511.0,0.0,Low Priority,2.39,Low,Standard customer engagement
2379-ENZGV,509.1,0.0,Low Priority,2.38,Low,Standard customer engagement
0042-JVWOJ,509.6,0.0,Low Priority,2.38,Low,Standard customer engagement
8067-NIOYM,506.4,0.0,Low Priority,2.37,Low,Standard customer engagement
0196-VULGZ,506.1,0.0,Low Priority,2.37,Low,Standard customer engagement
9621-OUPYD,505.0,0.0,Low Priority,2.36,Low,Standard customer engagement
5868-YWPDW,505.2000000000001,0.0,Low Priority,2.36,Low,Standard customer engagement
0356-ERHVT,504.9,0.0,Low Priority,2.36,Low,Standard customer engagement
0835-DUUIQ,505.2000000000001,0.0,Low Priority,2.36,Low,Standard customer engagement
2120-SMPEX,503.75,0.0,Low Priority,2.36,Low,Standard customer engagement
7267-FRMJW,502.50000000000006,0.0,Low Priority,2.35,Low,Standard customer engagement
8417-FMLZI,501.3,0.0,Low Priority,2.35,Low,Standard customer engagement
0357-NVCRI,501.25,0.0,Low Priority,2.35,Low,Standard customer engagement
9681-OXGVC,502.5,0.0,Low Priority,2.35,Low,Standard customer engagement
3523-BRGUW,501.8,0.0,Low Priority,2.35,Low,Standard customer engagement
1439-LCGVL,499.2,0.0,Low Priority,2.34,Low,Standard customer engagement
1410-RSCMR,499.44999999999993,0.0,Low Priority,2.34,Low,Standard customer engagement
1395-WSWXR,498.0,0.0,Low Priority,2.33,Low,Standard customer engagement
6479-OAUSD,497.5,0.0,Low Priority,2.33,Low,Standard customer engagement
6344-SFJVH,498.0,0.0,Low Priority,2.33,Low,Standard customer engagement
1685-VAYJF,497.2000000000001,0.0,Low Priority,2.33,Low,Standard customer engagement
5859-HZYLF,497.9,0.0,Low Priority,2.33,Low,Standard customer engagement
6061-PQHMK,497.5,0.0,Low Priority,2.33,Low,Standard customer engagement
1069-QJOEE,497.5,0.0,Low Priority,2.33,Low,Standard customer engagement
3727-RJMEO,497.1,0.0,Low Priority,2.33,Low,Standard customer engagement
1750-CSKKM,498.15,0.0,Low Priority,2.33,Low,Standard customer engagement
9210-IAHGH,495.25,0.0,Low Priority,2.32,Low,Standard customer engagement
4236-XPXAV,495.75,0.0,Low Priority,2.32,Low,Standard customer engagement
8865-TNMNX,495.5,0.0,Low Priority,2.32,Low,Standard customer engagement
9873-MNDKV,491.15,0.0,Low Priority,2.3,Low,Standard customer engagement
5931-FLJJF,490.69999999999993,0.0,Low Priority,2.3,Low,Standard customer engagement
7244-KXYZN,490.8,0.0,Low Priority,2.3,Low,Standard customer engagement
5707-ORNDZ,490.95,0.0,Low Priority,2.3,Low,Standard customer engagement
3799-ISUZQ,489.65,0.0,Low Priority,2.29,Low,Standard customer engagement
3594-BDSOA,489.6,0.0,Low Priority,2.29,Low,Standard customer engagement
7319-ZNRTR,490.00000000000006,0.0,Low Priority,2.29,Low,Standard customer engagement
5605-IYGFG,488.94999999999993,0.0,Low Priority,2.29,Low,Standard customer engagement
5590-YRFJT,489.0,0.0,Low Priority,2.29,Low,Standard customer engagement
4464-JCOLN,39.7,0.035,Low Priority,2.29,Low,Standard customer engagement
3701-SFMUH,487.9,0.0,Low Priority,2.28,Low,Standard customer engagement
0516-QREYC,487.2000000000001,0.0,Low Priority,2.28,Low,Standard customer engagement
9489-UTFKA,487.2,0.0,Low Priority,2.28,Low,Standard customer engagement
3129-AAQOU,486.4,0.0,Low Priority,2.28,Low,Standard customer engagement
0428-AXXLJ,487.5,0.0,Low Priority,2.28,Low,Standard customer engagement
4291-SHSBH,486.85,0.0,Low Priority,2.28,Low,Standard customer engagement
5027-QPKTE,485.44999999999993,0.0,Low Priority,2.27,Low,Standard customer engagement
5044-LRQAQ,484.4,0.0,Low Priority,2.27,Low,Standard customer engagement
7369-TRPFD,357.2,0.01,Low Priority,2.27,Low,Standard customer engagement
1834-WULEG,486.0,0.0,Low Priority,2.27,Low,Standard customer engagement
4566-QVRRW,484.55,0.0,Low Priority,2.27,Low,Standard customer engagement
9957-YODKZ,484.8,0.0,Low Priority,2.27,Low,Standard customer engagement
4566-NECEV,482.75,0.0,Low Priority,2.26,Low,Standard customer engagement
5474-LAMUQ,482.4,0.0,Low Priority,2.26,Low,Standard customer engagement
1010-DIAUQ,482.5,0.0,Low Priority,2.26,Low,Standard customer engagement
8993-IZEUX,484.05000000000007,0.0,Low Priority,2.26,Low,Standard customer engagement
2575-GFSOE,483.0,0.0,Low Priority,2.26,Low,Standard customer engagement
4636-QRJKY,483.0,0.0,Low Priority,2.26,Low,Standard customer engagement
3778-FOAQW,483.6,0.0,Low Priority,2.26,Low,Standard customer engagement
7548-SEPYI,481.25,0.0,Low Priority,2.25,Low,Standard customer engagement
6923-AQONU,480.7,0.0,Low Priority,2.25,Low,Standard customer engagement
9152-AMKAK,481.5,0.0,Low Priority,2.25,Low,Standard customer engagement
1849-RJYIG,480.0,0.0,Low Priority,2.25,Low,Standard customer engagement
9862-KJTYK,481.65,0.0,Low Priority,2.25,Low,Standard customer engagement
0306-JAELE,480.5,0.0,Low Priority,2.25,Low,Standard customer engagement
6229-LSCKB,478.2000000000001,0.0,Low Priority,2.24,Low,Standard customer engagement
0487-VVUVK,478.75,0.0,Low Priority,2.24,Low,Standard customer engagement
8194-PEEBY,477.6,0.0,Low Priority,2.23,Low,Standard customer engagement
9467-ROOLM,476.25,0.0,Low Priority,2.23,Low,Standard customer engagement
6419-ZTTLE,477.25,0.0,Low Priority,2.23,Low,Standard customer engagement
7318-EIVKO,474.0,0.0,Low Priority,2.22,Low,Standard customer engagement
3387-VATUS,474.25,0.0,Low Priority,2.22,Low,Standard customer engagement
6400-BWQKW,474.3,0.0,Low Priority,2.22,Low,Standard customer engagement
8173-RXAYP,472.8,0.0,Low Priority,2.21,Low,Standard customer engagement
1356-MKYSK,471.9,0.0,Low Priority,2.21,Low,Standard customer engagement
1089-XZWHH,472.8,0.0,Low Priority,2.21,Low,Standard customer engagement
2995-YWTCD,473.1,0.0,Low Priority,2.21,Low,Standard customer engagement
4192-GORJT,472.25,0.0,Low Priority,2.21,Low,Standard customer engagement
7909-FIOIY,472.15,0.0,Low Priority,2.21,Low,Standard customer engagement
1682-VCOIO,470.35,0.0,Low Priority,2.2,Low,Standard customer engagement
9546-KDTRB,469.3,0.0,Low Priority,2.2,Low,Standard customer engagement
5380-AFSSK,469.5,0.0,Low Priority,2.2,Low,Standard customer engagement
3070-FNFZQ,469.2,0.0,Low Priority,2.2,Low,Standard customer engagement
2680-XKKNJ,465.6,0.0,Low Priority,2.18,Low,Standard customer engagement
8204-TIFGJ,466.9,0.0,Low Priority,2.18,Low,Standard customer engagement
7137-NAXML,463.45,0.0,Low Priority,2.17,Low,Standard customer engagement
5876-QMYLD,461.15,0.0,Low Priority,2.16,Low,Standard customer engagement
2462-XIIJB,462.5,0.0,Low Priority,2.16,Low,Standard customer engagement
0458-HEUZG,460.2,0.0,Low Priority,2.15,Low,Standard customer engagement
1401-FTHFQ,460.0,0.0,Low Priority,2.15,Low,Standard customer engagement
5651-CPDND,460.0,0.0,Low Priority,2.15,Low,Standard customer engagement
6791-YBNAK,459.9,0.0,Low Priority,2.15,Low,Standard customer engagement
8966-OIQHG,456.5,0.0,Low Priority,2.14,Low,Standard customer engagement
8414-MYSHR,457.0,0.0,Low Priority,2.14,Low,Standard customer engagement
6143-JQKEA,458.0,0.0,Low Priority,2.14,Low,Standard customer engagement
2668-TZSPS,20.45,0.034,Low Priority,2.14,Low,Standard customer engagement
8314-DPQHL,457.2,0.0,Low Priority,2.14,Low,Standard customer engagement
0621-TWIEM,455.5,0.0,Low Priority,2.13,Low,Standard customer engagement
9801-NOSHQ,455.4,0.0,Low Priority,2.13,Low,Standard customer engagement
8066-POXGX,456.3,0.0,Low Priority,2.13,Low,Standard customer engagement
7351-KYHQH,454.65,0.0,Low Priority,2.13,Low,Standard customer engagement
8606-OEGQZ,455.4,0.0,Low Priority,2.13,Low,Standard customer engagement
2533-TIBIX,453.0,0.0,Low Priority,2.12,Low,Standard customer engagement
8095-WANWK,452.5,0.0,Low Priority,2.12,Low,Standard customer engagement
7330-WZLNC,454.0,0.0,Low Priority,2.12,Low,Standard customer engagement
8185-UPYBR,453.0,0.0,Low Priority,2.12,Low,Standard customer engagement
8963-MQVYN,452.1,0.0,Low Priority,2.12,Low,Standard customer engagement
7319-VENRZ,450.1,0.0,Low Priority,2.11,Low,Standard customer engagement
1092-WPIVQ,451.8,0.0,Low Priority,2.11,Low,Standard customer engagement
0354-VXMJC,450.8,0.0,Low Priority,2.11,Low,Standard customer engagement
8344-WFMFH,450.9,0.0,Low Priority,2.11,Low,Standard customer engagement
8143-ETQTI,451.95,0.0,Low Priority,2.11,Low,Standard customer engagement
3178-CIFOT,451.95,0.0,Low Priority,2.11,Low,Standard customer engagement
6082-OQFBA,451.95,0.0,Low Priority,2.11,Low,Standard customer engagement
3272-VUHPV,450.4,0.0,Low Priority,2.11,Low,Standard customer engagement
5063-IUOKK,256.75,0.015,Low Priority,2.1,Low,Standard customer engagement
1624-NALOJ,449.0,0.0,Low Priority,2.1,Low,Standard customer engagement
9391-TTOYH,448.5,0.0,Low Priority,2.1,Low,Standard customer engagement
3580-REOAC,448.5,0.0,Low Priority,2.1,Low,Standard customer engagement
4623-ZKHLY,449.9,0.0,Low Priority,2.1,Low,Standard customer engagement
7905-NJMXS,449.4,0.0,Low Priority,2.1,Low,Standard customer engagement
1724-BQUHA,447.5,0.0,Low Priority,2.09,Low,Standard customer engagement
3125-RAHBV,446.6,0.0,Low Priority,2.09,Low,Standard customer engagement
4853-OITSN,445.75,0.0,Low Priority,2.09,Low,Standard customer engagement
9415-TPKRV,446.0,0.0,Low Priority,2.09,Low,Standard customer engagement
5847-MXBEO,446.6,0.0,Low Priority,2.09,Low,Standard customer engagement
4505-EXZHB,446.4,0.0,Low Priority,2.09,Low,Standard customer engagement
8481-YYXWG,446.75,0.0,Low Priority,2.09,Low,Standard customer engagement
6072-NUQCB,445.5,0.0,Low Priority,2.08,Low,Standard customer engagement
7758-XKCBS,445.5,0.0,Low Priority,2.08,Low,Standard customer engagement
0308-IVGOK,444.4,0.0,Low Priority,2.08,Low,Standard customer engagement
9347-AERRL,443.9,0.0,Low Priority,2.08,Low,Standard customer engagement
5842-POCOP,444.5,0.0,Low Priority,2.08,Low,Standard customer engagement
2749-CTKAJ,443.3,0.0,Low Priority,2.07,Low,Standard customer engagement
4018-KJYUY,443.3,0.0,Low Priority,2.07,Low,Standard customer engagement
0423-UDIJQ,442.8,0.0,Low Priority,2.07,Low,Standard customer engagement
5309-TAIKL,439.6,0.0,Low Priority,2.06,Low,Standard customer engagement
2682-KEVRP,441.1,0.0,Low Priority,2.06,Low,Standard customer engagement
9867-NNXLC,441.1,0.0,Low Priority,2.06,Low,Standard customer engagement
5590-ZSKRV,437.2,0.0,Low Priority,2.05,Low,Standard customer engagement
7240-ETPTR,438.75,0.0,Low Priority,2.05,Low,Standard customer engagement
7102-JJVTX,437.4,0.0,Low Priority,2.05,Low,Standard customer engagement
8908-SLFCJ,437.85,0.0,Low Priority,2.05,Low,Standard customer engagement
4632-PAOYU,438.9,0.0,Low Priority,2.05,Low,Standard customer engagement
4280-DLSHD,438.0,0.0,Low Priority,2.05,Low,Standard customer engagement
5515-RUGKN,438.0,0.0,Low Priority,2.05,Low,Standard customer engagement
0277-BKSQP,435.2,0.0,Low Priority,2.04,Low,Standard customer engagement
5372-FBKBN,435.75,0.0,Low Priority,2.04,Low,Standard customer engagement
8069-YQQAJ,435.4,0.0,Low Priority,2.04,Low,Standard customer engagement
6029-CSMJE,436.05,0.0,Low Priority,2.04,Low,Standard customer engagement
0307-BCOPK,304.8,0.01,Low Priority,2.03,Low,Standard customer engagement
8022-BECSI,431.2000000000001,0.0,Low Priority,2.02,Low,Standard customer engagement
4439-JMPMT,428.75,0.0,Low Priority,2.01,Low,Standard customer engagement
1866-ZSLJM,430.5,0.0,Low Priority,2.01,Low,Standard customer engagement
8746-BFOAJ,430.5,0.0,Low Priority,2.01,Low,Standard customer engagement
0567-GGCAC,429.8,0.0,Low Priority,2.01,Low,Standard customer engagement
7527-QNRUS,427.55,0.0,Low Priority,2.0,Low,Standard customer engagement
6432-TWQLB,427.0,0.0,Low Priority,2.0,Low,Standard customer engagement
9229-RQABD,427.5,0.0,Low Priority,2.0,Low,Standard customer engagement
1930-BZLHI,427.35,0.0,Low Priority,2.0,Low,Standard customer engagement
2952-QAYZF,426.5,0.0,Low Priority,2.0,Low,Standard customer engagement
4987-GQWPO,426.7000000000001,0.0,Low Priority,2.0,Low,Standard customer engagement
2135-DQWAQ,426.5,0.0,Low Priority,2.0,Low,Standard customer engagement
4395-PZMSN,427.75,0.0,Low Priority,2.0,Low,Standard customer engagement
4548-SDBKE,426.0,0.0,Low Priority,1.99,Low,Standard customer engagement
0953-LGOVU,426.0,0.0,Low Priority,1.99,Low,Standard customer engagement
6060-DRTNL,424.25,0.0,Low Priority,1.98,Low,Standard customer engagement
9620-ENEJV,423.3,0.0,Low Priority,1.98,Low,Standard customer engagement
9617-UDPEU,423.5,0.0,Low Priority,1.98,Low,Standard customer engagement
8242-SOQUO,423.5,0.0,Low Priority,1.98,Low,Standard customer engagement
1140-UKVZG,421.6,0.0,Low Priority,1.97,Low,Standard customer engagement
1431-CYWMH,419.1,0.0,Low Priority,1.96,Low,Standard customer engagement
7326-RIGQZ,418.8,0.0,Low Priority,1.96,Low,Standard customer engagement
7047-YXDMZ,420.0,0.0,Low Priority,1.96,Low,Standard customer engagement
5685-IIXLY,418.0,0.0,Low Priority,1.96,Low,Standard customer engagement
6015-VVHHE,415.75,0.0,Low Priority,1.95,Low,Standard customer engagement
8779-YIQQA,415.8,0.0,Low Priority,1.95,Low,Standard customer engagement
6435-SRWBJ,413.75,0.0,Low Priority,1.94,Low,Standard customer engagement
3453-RTHJQ,414.6,0.0,Low Priority,1.94,Low,Standard customer engagement
2079-FBMZK,415.5,0.0,Low Priority,1.94,Low,Standard customer engagement
2892-GESUL,348.3,0.005,Low Priority,1.93,Low,Standard customer engagement
7977-HXJKU,411.6,0.0,Low Priority,1.93,Low,Standard customer engagement
0274-JKUJR,411.95,0.0,Low Priority,1.93,Low,Standard customer engagement
4703-MQYKT,411.6,0.0,Low Priority,1.93,Low,Standard customer engagement
4092-OFQZS,413.0,0.0,Low Priority,1.93,Low,Standard customer engagement
7812-FZHPE,409.7000000000001,0.0,Low Priority,1.92,Low,Standard customer engagement
6339-DKLMK,411.45,0.0,Low Priority,1.92,Low,Standard customer engagement
4177-JPDFU,408.0,0.0,Low Priority,1.91,Low,Standard customer engagement
7743-EXURX,408.4,0.0,Low Priority,1.91,Low,Standard customer engagement
7511-YMXVQ,408.6,0.0,Low Priority,1.91,Low,Standard customer engagement
0519-DRGTI,407.0,0.0,Low Priority,1.9,Low,Standard customer engagement
7813-TKCVO,407.0,0.0,Low Priority,1.9,Low,Standard customer engagement
8111-BKVDS,407.0,0.0,Low Priority,1.9,Low,Standard customer engagement
0702-PGIBZ,406.8,0.0,Low Priority,1.9,Low,Standard customer engagement
6410-LEFEN,406.35,0.0,Low Priority,1.9,Low,Standard customer engagement
7649-PHJVR,214.5,0.015,Low Priority,1.9,Low,Standard customer engagement
4143-OOBWZ,406.5,0.0,Low Priority,1.9,Low,Standard customer engagement
0880-TKATG,404.6,0.0,Low Priority,1.89,Low,Standard customer engagement
8718-PTMEZ,403.65,0.0,Low Priority,1.89,Low,Standard customer engagement
4198-VFOEA,403.2000000000001,0.0,Low Priority,1.89,Low,Standard customer engagement
9095-HFAFX,405.0,0.0,Low Priority,1.89,Low,Standard customer engagement
4795-KTRTH,405.0,0.0,Low Priority,1.89,Low,Standard customer engagement
4132-KALRO,403.4,0.0,Low Priority,1.89,Low,Standard customer engagement
6786-OBWQR,404.25,0.0,Low Priority,1.89,Low,Standard customer engagement
3030-YZADT,404.55,0.0,Low Priority,1.89,Low,Standard customer engagement
7563-BIUPC,403.0,0.0,Low Priority,1.89,Low,Standard customer engagement
6458-CYIDZ,403.5,0.0,Low Priority,1.89,Low,Standard customer engagement
6549-NNDYT,401.05,0.0,Low Priority,1.88,Low,Standard customer engagement
2656-TABEH,400.8,0.0,Low Priority,1.88,Low,Standard customer engagement
1223-UNPKS,401.0,0.0,Low Priority,1.88,Low,Standard customer engagement
6918-UMQCG,401.0,0.0,Low Priority,1.88,Low,Standard customer engagement
2164-SOQXL,401.0,0.0,Low Priority,1.88,Low,Standard customer engagement
6941-PMGEP,400.0,0.0,Low Priority,1.87,Low,Standard customer engagement
4712-UYOOI,400.0,0.0,Low Priority,1.87,Low,Standard customer engagement
0587-DMGBH,398.8,0.0,Low Priority,1.87,Low,Standard customer engagement
3556-BVQGL,400.0,0.0,Low Priority,1.87,Low,Standard customer engagement
7693-LCKZL,400.75,0.0,Low Priority,1.87,Low,Standard customer engagement
0495-ZBNGW,399.5,0.0,Low Priority,1.87,Low,Standard customer engagement
3589-PPVKW,399.6,0.0,Low Priority,1.87,Low,Standard customer engagement
9696-RMYBA,400.5,0.0,Low Priority,1.87,Low,Standard customer engagement
0305-SQECB,396.55,0.0,Low Priority,1.86,Low,Standard customer engagement
8775-CEBBJ,397.8,0.0,Low Priority,1.86,Low,Standard customer engagement
2316-ESMLS,397.8,0.0,Low Priority,1.86,Low,Standard customer engagement
2265-CYWIV,398.4,0.0,Low Priority,1.86,Low,Standard customer engagement
3345-PBBFH,396.4,0.0,Low Priority,1.85,Low,Standard customer engagement
3865-ZFZIB,373.35,0.0017,Low Priority,1.85,Low,Standard customer engagement
6689-TCZHQ,394.75,0.0,Low Priority,1.85,Low,Standard customer engagement
7610-TVOPG,395.25,0.0,Low Priority,1.85,Low,Standard customer engagement
8314-HTWVE,138.95000000000002,0.02,Low Priority,1.85,Low,Standard customer engagement
5780-INQIK,395.2,0.0,Low Priority,1.85,Low,Standard customer engagement
1964-SVLEA,394.0,0.0,Low Priority,1.84,Low,Standard customer engagement
7295-JOMMD,392.4,0.0,Low Priority,1.84,Low,Standard customer engagement
1569-TTNYJ,393.75,0.0,Low Priority,1.84,Low,Standard customer engagement
1494-EJZDW,201.5,0.015,Low Priority,1.84,Low,Standard customer engagement
5148-HKFIR,394.0,0.0,Low Priority,1.84,Low,Standard customer engagement
2466-FCCPT,394.0,0.0,Low Priority,1.84,Low,Standard customer engagement
4718-DHSMV,393.8,0.0,Low Priority,1.84,Low,Standard customer engagement
6108-OQZDQ,391.8,0.0,Low Priority,1.83,Low,Standard customer engagement
0811-GSDTP,391.95,0.0,Low Priority,1.83,Low,Standard customer engagement
5616-PRTNT,388.0,0.0,Low Priority,1.82,Low,Standard customer engagement
2243-FNMMI,388.0,0.0,Low Priority,1.82,Low,Standard customer engagement
1635-HDGFT,389.5,0.0,Low Priority,1.82,Low,Standard customer engagement
3318-ISQFQ,390.0,0.0,Low Priority,1.82,Low,Standard customer engagement
4425-OWHWB,387.0,0.0,Low Priority,1.81,Low,Standard customer engagement
4804-NCPET,383.8,0.0,Low Priority,1.8,Low,Standard customer engagement
1178-PZGAB,384.75,0.0,Low Priority,1.8,Low,Standard customer engagement
4320-QMLLA,383.95,0.0,Low Priority,1.8,Low,Standard customer engagement
6131-IUNXN,383.8,0.0,Low Priority,1.8,Low,Standard customer engagement
7950-XWOVN,381.7000000000001,0.0,Low Priority,1.79,Low,Standard customer engagement
8098-LLAZX,381.8,0.0,Low Priority,1.79,Low,Standard customer engagement
8999-EXMNO,382.85,0.0,Low Priority,1.79,Low,Standard customer engagement
2788-CJQAQ,252.85,0.01,Low Priority,1.78,Low,Standard customer engagement
9714-EDSUC,379.6,0.0,Low Priority,1.78,Low,Standard customer engagement
6505-OZNPG,380.4,0.0,Low Priority,1.78,Low,Standard customer engagement
7083-YNSKY,381.0,0.0,Low Priority,1.78,Low,Standard customer engagement
3074-GQWYX,379.5,0.0,Low Priority,1.78,Low,Standard customer engagement
9967-ATRFS,378.1,0.0,Low Priority,1.77,Low,Standard customer engagement
2706-QZIHY,378.0,0.0,Low Priority,1.77,Low,Standard customer engagement
6350-XFYGW,379.0,0.0,Low Priority,1.77,Low,Standard customer engagement
9250-WYPLL,377.75,0.0,Low Priority,1.77,Low,Standard customer engagement
8748-HFWBO,378.1,0.0,Low Priority,1.77,Low,Standard customer engagement
8404-VLQFB,378.75,0.0,Low Priority,1.77,Low,Standard customer engagement
6198-ZFIOJ,378.0,0.0,Low Priority,1.77,Low,Standard customer engagement
9763-PDTKK,377.6,0.0,Low Priority,1.77,Low,Standard customer engagement
6112-KTHFQ,250.9,0.01,Low Priority,1.77,Low,Standard customer engagement
1442-BQPVU,378.95,0.0,Low Priority,1.77,Low,Standard customer engagement
8007-YYPWD,375.75,0.0,Low Priority,1.76,Low,Standard customer engagement
1374-DMZUI,377.2,0.0,Low Priority,1.76,Low,Standard customer engagement
6135-OZQVA,375.55,0.0,Low Priority,1.76,Low,Standard customer engagement
1561-BWHIN,376.2,0.0,Low Priority,1.76,Low,Standard customer engagement
0867-LDTTC,375.75,0.0,Low Priority,1.76,Low,Standard customer engagement
5399-ZIMKF,373.25,0.0,Low Priority,1.75,Low,Standard customer engagement
6746-WAUWT,374.3,0.0,Low Priority,1.75,Low,Standard customer engagement
5956-VKDTT,371.75,0.0,Low Priority,1.74,Low,Standard customer engagement
9578-FOMUK,372.0,0.0,Low Priority,1.74,Low,Standard customer engagement
6892-EZDTG,366.6,0.0,Low Priority,1.72,Low,Standard customer engagement
9026-LHEVG,366.75,0.0,Low Priority,1.72,Low,Standard customer engagement
1763-KUAAW,366.3,0.0,Low Priority,1.71,Low,Standard customer engagement
4054-CUMIA,364.5,0.0,Low Priority,1.71,Low,Standard customer engagement
0856-NAOES,365.4,0.0,Low Priority,1.71,Low,Standard customer engagement
0836-SEYLU,365.85,0.0,Low Priority,1.71,Low,Standard customer engagement
0516-VRYBW,362.7,0.0,Low Priority,1.7,Low,Standard customer engagement
4439-YRNVD,362.5,0.0,Low Priority,1.7,Low,Standard customer engagement
1767-TGTKO,363.6,0.0,Low Priority,1.7,Low,Standard customer engagement
4776-XSKYQ,363.0,0.0,Low Priority,1.7,Low,Standard customer engagement
2219-MVUSO,361.2,0.0,Low Priority,1.69,Low,Standard customer engagement
8499-BRXTD,361.8,0.0,Low Priority,1.69,Low,Standard customer engagement
0859-YGKFW,360.9,0.0,Low Priority,1.69,Low,Standard customer engagement
4228-ZGYUW,360.2,0.0,Low Priority,1.69,Low,Standard customer engagement
2333-KWEWW,360.9,0.0,Low Priority,1.69,Low,Standard customer engagement
7542-CYDDM,360.9,0.0,Low Priority,1.69,Low,Standard customer engagement
1328-EUZHC,361.8,0.0,Low Priority,1.69,Low,Standard customer engagement
5816-SCGFC,359.1,0.0,Low Priority,1.68,Low,Standard customer engagement
9565-DJPIB,358.4,0.0,Low Priority,1.68,Low,Standard customer engagement
8246-SHFGA,358.70000000000005,0.0,Low Priority,1.68,Low,Standard customer engagement
6218-KNUBD,356.70000000000005,0.0,Low Priority,1.67,Low,Standard customer engagement
2207-OBZNX,357.0,0.0,Low Priority,1.67,Low,Standard customer engagement
4307-KWMXE,357.5,0.0,Low Priority,1.67,Low,Standard customer engagement
9146-JRIOX,357.7,0.0,Low Priority,1.67,Low,Standard customer engagement
4608-LCIMN,357.2,0.0,Low Priority,1.67,Low,Standard customer engagement
3420-ZDBMA,357.25,0.0,Low Priority,1.67,Low,Standard customer engagement
0895-UADGO,356.4,0.0,Low Priority,1.67,Low,Standard customer engagement
4685-TFLLS,356.40000000000003,0.0,Low Priority,1.67,Low,Standard customer engagement
1273-MTETI,355.4,0.0,Low Priority,1.66,Low,Standard customer engagement
9780-FKVVF,354.9,0.0,Low Priority,1.66,Low,Standard customer engagement
7228-OMTPN,353.8,0.0,Low Priority,1.66,Low,Standard customer engagement
4951-UKAAQ,355.8,0.0,Low Priority,1.66,Low,Standard customer engagement
7636-OWBPG,352.20000000000005,0.0,Low Priority,1.65,Low,Standard customer engagement
9867-JCZSP,352.75,0.0,Low Priority,1.65,Low,Standard customer engagement
1237-WIYYZ,351.90000000000003,0.0,Low Priority,1.65,Low,Standard customer engagement
1057-FOGLZ,353.7,0.0,Low Priority,1.65,Low,Standard customer engagement
8969-PRHFK,353.7,0.0,Low Priority,1.65,Low,Standard customer engagement
3164-AALRN,350.0,0.0,Low Priority,1.64,Low,Standard customer engagement
2815-CPTUL,351.25,0.0,Low Priority,1.64,Low,Standard customer engagement
7677-SJJJK,159.2,0.015,Low Priority,1.64,Low,Standard customer engagement
4933-IKULF,351.04999999999995,0.0,Low Priority,1.64,Low,Standard customer engagement
6715-OFDBP,350.25,0.0,Low Priority,1.64,Low,Standard customer engagement
8901-HJXTF,350.4,0.0,Low Priority,1.64,Low,Standard customer engagement
0282-NVSJS,351.6,0.0,Low Priority,1.64,Low,Standard customer engagement
4378-BZYFP,348.5,0.0,Low Priority,1.63,Low,Standard customer engagement
7021-XSNYE,347.55,0.0,Low Priority,1.63,Low,Standard customer engagement
8563-IIOXK,348.25,0.0,Low Priority,1.63,Low,Standard customer engagement
9430-FRQOC,348.4,0.0,Low Priority,1.63,Low,Standard customer engagement
2058-DCJBE,348.75,0.0,Low Priority,1.63,Low,Standard customer engagement
4544-RXFMG,347.6,0.0,Low Priority,1.63,Low,Standard customer engagement
8485-GJCDN,345.25,0.0,Low Priority,1.62,Low,Standard customer engagement
6082-GLJIX,346.5,0.0,Low Priority,1.62,Low,Standard customer engagement
2408-WITXK,347.0,0.0,Low Priority,1.62,Low,Standard customer engagement
2799-ARNLO,346.75,0.0,Low Priority,1.62,Low,Standard customer engagement
4881-JVQOD,345.5,0.0,Low Priority,1.62,Low,Standard customer engagement
4403-BWPAY,347.2,0.0,Low Priority,1.62,Low,Standard customer engagement
2761-XECQW,346.8,0.0,Low Priority,1.62,Low,Standard customer engagement
4952-YSOGZ,343.8,0.0,Low Priority,1.61,Low,Standard customer engagement
2038-OEQZH,344.2,0.0,Low Priority,1.61,Low,Standard customer engagement
0018-NYROU,344.75,0.0,Low Priority,1.61,Low,Standard customer engagement
1355-KUSBG,341.6,0.0,Low Priority,1.6,Low,Standard customer engagement
2023-VQFDL,342.0,0.0,Low Priority,1.6,Low,Standard customer engagement
0697-ZMSWS,342.6,0.0,Low Priority,1.6,Low,Standard customer engagement
7488-MXJIV,342.6,0.0,Low Priority,1.6,Low,Standard customer engagement
2387-KDZQY,341.70000000000005,0.0,Low Priority,1.6,Low,Standard customer engagement
9847-HNVGP,339.15,0.0,Low Priority,1.59,Low,Standard customer engagement
2100-BDNSN,339.75,0.0,Low Priority,1.59,Low,Standard customer engagement
0219-YTZUE,339.2,0.0,Low Priority,1.59,Low,Standard customer engagement
4958-GZWIY,340.90000000000003,0.0,Low Priority,1.59,Low,Standard customer engagement
4250-FDVOU,337.5,0.0,Low Priority,1.58,Low,Standard customer engagement
8884-MRNSU,338.29999999999995,0.0,Low Priority,1.58,Low,Standard customer engagement
1565-RHDJD,336.2,0.0,Low Priority,1.57,Low,Standard customer engagement
3824-RHKVR,334.9,0.0,Low Priority,1.57,Low,Standard customer engagement
5876-HZVZM,335.4,0.0,Low Priority,1.57,Low,Standard customer engagement
2676-OXPPQ,334.20000000000005,0.0,Low Priority,1.56,Low,Standard customer engagement
7551-DACSP,331.79999999999995,0.0,Low Priority,1.55,Low,Standard customer engagement
5696-EXCYS,330.65,0.0,Low Priority,1.55,Low,Standard customer engagement
7609-NRNCA,332.35,0.0,Low Priority,1.55,Low,Standard customer engagement
0314-TKOSI,330.9,0.0,Low Priority,1.55,Low,Standard customer engagement
8714-CTZJW,331.4,0.0,Low Priority,1.55,Low,Standard customer engagement
3525-DVKFN,329.79999999999995,0.0,Low Priority,1.54,Low,Standard customer engagement
0787-LHDYT,329.6,0.0,Low Priority,1.54,Low,Standard customer engagement
9766-HGEDE,328.95000000000005,0.0,Low Priority,1.54,Low,Standard customer engagement
9332-GYWLO,329.1,0.0,Low Priority,1.54,Low,Standard customer engagement
6599-SFQVE,330.0,0.0,Low Priority,1.54,Low,Standard customer engagement
3058-WQDRE,326.95,0.0,Low Priority,1.53,Low,Standard customer engagement
9761-XUJWD,328.0,0.0,Low Priority,1.53,Low,Standard customer engagement
6696-YDAYZ,328.0,0.0,Low Priority,1.53,Low,Standard customer engagement
1159-WFSGR,326.4,0.0,Low Priority,1.53,Low,Standard customer engagement
4488-PSYCG,324.0,0.0,Low Priority,1.52,Low,Standard customer engagement
4801-JZAZL,325.6,0.0,Low Priority,1.52,Low,Standard customer engagement
2081-VEYEH,323.85,0.0,Low Priority,1.52,Low,Standard customer engagement
5760-IFJOZ,323.85,0.0,Low Priority,1.52,Low,Standard customer engagement
2612-RRIDN,324.0,0.0,Low Priority,1.52,Low,Standard customer engagement
3266-FTKHB,325.54999999999995,0.0,Low Priority,1.52,Low,Standard customer engagement
6648-INWPS,322.4,0.0,Low Priority,1.51,Low,Standard customer engagement
2951-QOQTK,323.2,0.0,Low Priority,1.51,Low,Standard customer engagement
4710-NKCAW,322.0,0.0,Low Priority,1.51,Low,Standard customer engagement
7905-TVXTA,321.75,0.0,Low Priority,1.51,Low,Standard customer engagement
3671-SHRSP,322.4,0.0,Low Priority,1.51,Low,Standard customer engagement
5729-KLZAR,323.4,0.0,Low Priority,1.51,Low,Standard customer engagement
3904-UKFRE,320.4,0.0,Low Priority,1.5,Low,Standard customer engagement
3243-ZHOHY,321.6,0.0,Low Priority,1.5,Low,Standard customer engagement
0999-QXNSA,320.25,0.0,Low Priority,1.5,Low,Standard customer engagement
0793-TWELN,320.6,0.0,Low Priority,1.5,Low,Standard customer engagement
4079-ULGFR,320.0,0.0,Low Priority,1.5,Low,Standard customer engagement
0295-QVKPB,319.75,0.0,Low Priority,1.5,Low,Standard customer engagement
2674-MIAHT,321.2,0.0,Low Priority,1.5,Low,Standard customer engagement
4616-EWBNJ,321.6,0.0,Low Priority,1.5,Low,Standard customer engagement
1251-STYSZ,321.0,0.0,Low Priority,1.5,Low,Standard customer engagement
3372-CDXFJ,318.5,0.0,Low Priority,1.49,Low,Standard customer engagement
9231-ZJYAM,315.4,0.0,Low Priority,1.48,Low,Standard customer engagement
8332-OSJDW,316.79999999999995,0.0,Low Priority,1.48,Low,Standard customer engagement
9227-UAQFT,316.0,0.0,Low Priority,1.48,Low,Standard customer engagement
3855-ONCAR,315.6,0.0,Low Priority,1.48,Low,Standard customer engagement
4210-QFJMF,316.6,0.0,Low Priority,1.48,Low,Standard customer engagement
8573-CGOCC,316.0,0.0,Low Priority,1.48,Low,Standard customer engagement
6496-SLWHQ,315.0,0.0,Low Priority,1.47,Low,Standard customer engagement
3249-ZPQRG,313.8,0.0,Low Priority,1.47,Low,Standard customer engagement
1919-RTPQD,313.25,0.0,Low Priority,1.47,Low,Standard customer engagement
1699-TLDLZ,315.2,0.0,Low Priority,1.47,Low,Standard customer engagement
6036-TTFYU,313.6,0.0,Low Priority,1.47,Low,Standard customer engagement
2332-EFBJY,315.2,0.0,Low Priority,1.47,Low,Standard customer engagement
5057-RKGLH,183.15,0.01,Low Priority,1.46,Low,Standard customer engagement
8242-JSVBO,312.55,0.0,Low Priority,1.46,Low,Standard customer engagement
7786-WBJYI,311.8,0.0,Low Priority,1.46,Low,Standard customer engagement
5533-NHFRF,310.8,0.0,Low Priority,1.45,Low,Standard customer engagement
4311-QTTAI,309.6,0.0,Low Priority,1.45,Low,Standard customer engagement
2096-XOTMO,309.6,0.0,Low Priority,1.45,Low,Standard customer engagement
9483-GCPWE,180.9,0.01,Low Priority,1.45,Low,Standard customer engagement
8887-IPQNC,309.75,0.0,Low Priority,1.45,Low,Standard customer engagement
7634-WSWDB,308.0,0.0,Low Priority,1.44,Low,Standard customer engagement
1915-OAKWD,308.8,0.0,Low Priority,1.44,Low,Standard customer engagement
7998-ZLXWN,306.75,0.0,Low Priority,1.44,Low,Standard customer engagement
4452-QIIEB,307.3,0.0,Low Priority,1.44,Low,Standard customer engagement
0422-OHQHQ,308.25,0.0,Low Priority,1.44,Low,Standard customer engagement
5003-OKNNK,305.25,0.0,Low Priority,1.43,Low,Standard customer engagement
5299-SJCZT,304.65,0.0,Low Priority,1.43,Low,Standard customer engagement
7351-MHQVU,305.70000000000005,0.0,Low Priority,1.43,Low,Standard customer engagement
3683-QKIUE,304.79999999999995,0.0,Low Priority,1.43,Low,Standard customer engagement
8612-GXIDD,304.79999999999995,0.0,Low Priority,1.43,Low,Standard customer engagement
7469-LKBCI,303.2,0.0,Low Priority,1.42,Low,Standard customer engagement
5197-YPYBZ,303.0,0.0,Low Priority,1.42,Low,Standard customer engagement
4749-OJKQU,302.6,0.0,Low Priority,1.42,Low,Standard customer engagement
0221-WMXNQ,301.4,0.0,Low Priority,1.41,Low,Standard customer engagement
0829-DDVLK,301.5,0.0,Low Priority,1.41,Low,Standard customer engagement
1602-IJQQE,301.4,0.0,Low Priority,1.41,Low,Standard customer engagement
8387-UGUSU,300.75,0.0,Low Priority,1.41,Low,Standard customer engagement
8250-ZNGGW,299.5,0.0,Low Priority,1.4,Low,Standard customer engagement
0347-UBKUZ,298.5,0.0,Low Priority,1.4,Low,Standard customer engagement
5688-KZTSN,300.0,0.0,Low Priority,1.4,Low,Standard customer engagement
0722-TROQR,299.6,0.0,Low Priority,1.4,Low,Standard customer engagement
9817-APLHW,300.0,0.0,Low Priority,1.4,Low,Standard customer engagement
7341-LXCAF,298.6,0.0,Low Priority,1.4,Low,Standard customer engagement
3823-KYNQY,299.4,0.0,Low Priority,1.4,Low,Standard customer engagement
9274-CNFMO,299.8,0.0,Low Priority,1.4,Low,Standard customer engagement
2984-MIIZL,299.2,0.0,Low Priority,1.4,Low,Standard customer engagement
9375-MHRRS,300.29999999999995,0.0,Low Priority,1.4,Low,Standard customer engagement
1197-BVMVG,297.8,0.0,Low Priority,1.39,Low,Standard customer engagement
8640-SDGKB,297.6,0.0,Low Priority,1.39,Low,Standard customer engagement
6956-SMUCM,297.0,0.0,Low Priority,1.39,Low,Standard customer engagement
3721-CNZHX,297.0,0.0,Low Priority,1.39,Low,Standard customer engagement
0311-QYWSS,296.70000000000005,0.0,Low Priority,1.39,Low,Standard customer engagement
5577-OTWWW,296.25,0.0,Low Priority,1.39,Low,Standard customer engagement
5384-ZTTWP,297.0,0.0,Low Priority,1.39,Low,Standard customer engagement
5143-EGQFK,296.5,0.0,Low Priority,1.39,Low,Standard customer engagement
7938-OUHIO,296.1,0.0,Low Priority,1.39,Low,Standard customer engagement
8138-EALND,296.25,0.0,Low Priority,1.39,Low,Standard customer engagement
1213-NGCUN,297.9,0.0,Low Priority,1.39,Low,Standard customer engagement
6040-CGACY,294.0,0.0,Low Priority,1.38,Low,Standard customer engagement
1272-ILHFG,294.75,0.0,Low Priority,1.38,Low,Standard customer engagement
4585-HETAI,295.0,0.0,Low Priority,1.38,Low,Standard customer engagement
0621-JFHOL,296.0,0.0,Low Priority,1.38,Low,Standard customer engagement
5016-ETTFF,295.0,0.0,Low Priority,1.38,Low,Standard customer engagement
8124-NZVGJ,295.5,0.0,Low Priority,1.38,Low,Standard customer engagement
4452-ROHMO,294.0,0.0,Low Priority,1.38,Low,Standard customer engagement
3144-AUDBS,294.9,0.0,Low Priority,1.38,Low,Standard customer engagement
5312-TSZVC,294.75,0.0,Low Priority,1.38,Low,Standard customer engagement
9644-UMGQA,294.9,0.0,Low Priority,1.38,Low,Standard customer engagement
4451-RWASJ,292.5,0.0,Low Priority,1.37,Low,Standard customer engagement
7742-MYPGI,292.79999999999995,0.0,Low Priority,1.37,Low,Standard customer engagement
0329-GTIAJ,293.70000000000005,0.0,Low Priority,1.37,Low,Standard customer engagement
2266-FUBDZ,290.25,0.0,Low Priority,1.36,Low,Standard customer engagement
2223-KAGMX,291.0,0.0,Low Priority,1.36,Low,Standard customer engagement
8944-AILEF,291.75,0.0,Low Priority,1.36,Low,Standard customer engagement
9239-ZBZZV,287.70000000000005,0.0,Low Priority,1.35,Low,Standard customer engagement
8111-RKSPX,288.8,0.0,Low Priority,1.35,Low,Standard customer engagement
3549-ZTMNH,288.0,0.0,Low Priority,1.35,Low,Standard customer engagement
6698-OXETB,224.4,0.005,Low Priority,1.35,Low,Standard customer engagement
3049-SOLAY,285.6,0.0,Low Priority,1.34,Low,Standard customer engagement
7817-OMJNA,285.6,0.0,Low Priority,1.34,Low,Standard customer engagement
1245-HARPS,285.6,0.0,Low Priority,1.34,Low,Standard customer engagement
2984-AFWNC,286.20000000000005,0.0,Low Priority,1.34,Low,Standard customer engagement
7398-SKNQZ,284.70000000000005,0.0,Low Priority,1.33,Low,Standard customer engagement
5150-ITWWB,284.54999999999995,0.0,Low Priority,1.33,Low,Standard customer engagement
3376-BMGFE,283.6,0.0,Low Priority,1.33,Low,Standard customer engagement
9944-HKVVB,285.29999999999995,0.0,Low Priority,1.33,Low,Standard customer engagement
5567-WSELE,283.79999999999995,0.0,Low Priority,1.33,Low,Standard customer engagement
3496-LFSZU,282.0,0.0,Low Priority,1.32,Low,Standard customer engagement
6508-NJYRO,282.0,0.0,Low Priority,1.32,Low,Standard customer engagement
0644-OQMDK,282.6,0.0,Low Priority,1.32,Low,Standard customer engagement
4763-PGDPO,281.6,0.0,Low Priority,1.32,Low,Standard customer engagement
2187-LZGPL,280.7,0.0,Low Priority,1.31,Low,Standard customer engagement
3113-IWHLC,279.0,0.0,Low Priority,1.31,Low,Standard customer engagement
2568-BRGYX,280.8,0.0,Low Priority,1.31,Low,Standard customer engagement
7044-YAACC,280.8,0.0,Low Priority,1.31,Low,Standard customer engagement
2608-BHKFN,280.2,0.0,Low Priority,1.31,Low,Standard customer engagement
4482-FTFFX,280.75,0.0,Low Priority,1.31,Low,Standard customer engagement
4324-AHJKS,279.0,0.0,Low Priority,1.31,Low,Standard customer engagement
9408-SSNVZ,280.6,0.0,Low Priority,1.31,Low,Standard customer engagement
3190-FZATL,279.3,0.0,Low Priority,1.31,Low,Standard customer engagement
8317-BVKSO,280.7,0.0,Low Priority,1.31,Low,Standard customer engagement
8217-QYOHV,278.75,0.0,Low Priority,1.3,Low,Standard customer engagement
3223-DWFIO,277.4,0.0,Low Priority,1.3,Low,Standard customer engagement
8120-JDCAM,278.2,0.0,Low Priority,1.3,Low,Standard customer engagement
0804-XBFBV,277.2,0.0,Low Priority,1.3,Low,Standard customer engagement
6921-OZMFH,278.5,0.0,Low Priority,1.3,Low,Standard customer engagement
3061-BCKYI,278.6,0.0,Low Priority,1.3,Low,Standard customer engagement
6674-KVJHG,277.2,0.0,Low Priority,1.3,Low,Standard customer engagement
5442-UTCVD,275.54999999999995,0.0,Low Priority,1.29,Low,Standard customer engagement
3082-WQRVY,275.1,0.0,Low Priority,1.29,Low,Standard customer engagement
9845-QOMAD,276.5,0.0,Low Priority,1.29,Low,Standard customer engagement
2138-VFAPZ,275.8,0.0,Low Priority,1.29,Low,Standard customer engagement
1734-ZMNTZ,275.0,0.0,Low Priority,1.29,Low,Standard customer engagement
3318-NMQXL,276.0,0.0,Low Priority,1.29,Low,Standard customer engagement
7554-AKDQF,273.9,0.0,Low Priority,1.28,Low,Standard customer engagement
3131-NWVFJ,273.7,0.0,Low Priority,1.28,Low,Standard customer engagement
5095-AESKG,274.5,0.0,Low Priority,1.28,Low,Standard customer engagement
2141-RRYGO,274.6,0.0,Low Priority,1.28,Low,Standard customer engagement
4647-XXZAM,273.0,0.0,Low Priority,1.28,Low,Standard customer engagement
4881-GQJTW,274.40000000000003,0.0,Low Priority,1.28,Low,Standard customer engagement
1389-CXMLU,273.15,0.0,Low Priority,1.28,Low,Standard customer engagement
3423-HHXAO,273.0,0.0,Low Priority,1.28,Low,Standard customer engagement
0516-WJVXC,271.0,0.0,Low Priority,1.27,Low,Standard customer engagement
1345-ZUKID,270.90000000000003,0.0,Low Priority,1.27,Low,Standard customer engagement
1843-TLSGD,271.05,0.0,Low Priority,1.27,Low,Standard customer engagement
3071-VBYPO,269.54999999999995,0.0,Low Priority,1.26,Low,Standard customer engagement
5027-XWQHA,268.5,0.0,Low Priority,1.26,Low,Standard customer engagement
4257-GAESD,270.0,0.0,Low Priority,1.26,Low,Standard customer engagement
3258-SANFR,268.20000000000005,0.0,Low Priority,1.25,Low,Standard customer engagement
7593-JNWRU,267.6,0.0,Low Priority,1.25,Low,Standard customer engagement
2235-DWLJU,266.4,0.0,Low Priority,1.25,Low,Standard customer engagement
3752-CQSJI,265.85,0.0,Low Priority,1.24,Low,Standard customer engagement
4486-EFAEB,265.2,0.0,Low Priority,1.24,Low,Standard customer engagement
4184-TJFAN,264.9,0.0,Low Priority,1.24,Low,Standard customer engagement
1790-NESIO,265.2,0.0,Low Priority,1.24,Low,Standard customer engagement
0772-GYEQQ,265.04999999999995,0.0,Low Priority,1.24,Low,Standard customer engagement
5172-MIGPM,262.2,0.0,Low Priority,1.23,Low,Standard customer engagement
6131-JLWZM,263.90000000000003,0.0,Low Priority,1.23,Low,Standard customer engagement
8404-GFGCZ,262.4,0.0,Low Priority,1.23,Low,Standard customer engagement
5039-LZRQT,262.6,0.0,Low Priority,1.23,Low,Standard customer engagement
7473-ZBDSN,263.2,0.0,Low Priority,1.23,Low,Standard customer engagement
4323-ELYYB,260.0,0.0,Low Priority,1.22,Low,Standard customer engagement
7277-KAMWT,260.0,0.0,Low Priority,1.22,Low,Standard customer engagement
4140-MUHUG,260.54999999999995,0.0,Low Priority,1.22,Low,Standard customer engagement
5546-QUERU,259.35,0.0,Low Priority,1.21,Low,Standard customer engagement
9522-ZSINC,259.35,0.0,Low Priority,1.21,Low,Standard customer engagement
0594-UFTUL,258.05,0.0,Low Priority,1.21,Low,Standard customer engagement
1212-GLHMD,258.15,0.0,Low Priority,1.21,Low,Standard customer engagement
3137-LUPIX,257.6,0.0,Low Priority,1.21,Low,Standard customer engagement
5014-GSOUQ,259.35,0.0,Low Priority,1.21,Low,Standard customer engagement
3916-NRPAP,257.1,0.0,Low Priority,1.2,Low,Standard customer engagement
0956-SYCWG,255.45,0.0,Low Priority,1.2,Low,Standard customer engagement
0378-TOVMS,257.4,0.0,Low Priority,1.2,Low,Standard customer engagement
7554-NEWDD,257.0,0.0,Low Priority,1.2,Low,Standard customer engagement
5404-GGUKR,256.75,0.0,Low Priority,1.2,Low,Standard customer engagement
3078-ZKNTS,256.75,0.0,Low Priority,1.2,Low,Standard customer engagement
3198-VELRD,254.25,0.0,Low Priority,1.19,Low,Standard customer engagement
0854-UYHZD,254.15,0.0,Low Priority,1.19,Low,Standard customer engagement
8785-EPNCG,254.65,0.0,Low Priority,1.19,Low,Standard customer engagement
1564-HJUVY,255.0,0.0,Low Priority,1.19,Low,Standard customer engagement
3669-LVWZB,255.0,0.0,Low Priority,1.19,Low,Standard customer engagement
7284-BUYEC,254.75,0.0,Low Priority,1.19,Low,Standard customer engagement
8044-BGWPI,253.8,0.0,Low Priority,1.19,Low,Standard customer engagement
0013-EXCHZ,251.7,0.0,Low Priority,1.18,Low,Standard customer engagement
4130-MZLCC,252.75,0.0,Low Priority,1.18,Low,Standard customer engagement
0225-ZORZP,252.9,0.0,Low Priority,1.18,Low,Standard customer engagement
0547-HURJB,252.6,0.0,Low Priority,1.18,Low,Standard customer engagement
6828-HMKWP,252.6,0.0,Low Priority,1.18,Low,Standard customer engagement
9026-RNUJS,251.75,0.0,Low Priority,1.18,Low,Standard customer engagement
4770-QAZXN,252.85,0.0,Low Priority,1.18,Low,Standard customer engagement
2592-HODOV,250.9,0.0,Low Priority,1.17,Low,Standard customer engagement
1397-XKKWR,247.1,0.0,Low Priority,1.16,Low,Standard customer engagement
0641-EVBOJ,246.9,0.0,Low Priority,1.16,Low,Standard customer engagement
2075-RMJIK,247.0,0.0,Low Priority,1.16,Low,Standard customer engagement
2259-OUUSZ,248.5,0.0,Low Priority,1.16,Low,Standard customer engagement
5555-RNPGT,248.0,0.0,Low Priority,1.16,Low,Standard customer engagement
6476-EPYZR,246.0,0.0,Low Priority,1.15,Low,Standard customer engagement
8942-DBMHZ,245.4,0.0,Low Priority,1.15,Low,Standard customer engagement
8313-KTIHG,245.2,0.0,Low Priority,1.15,Low,Standard customer engagement
1539-LNKHM,244.8,0.0,Low Priority,1.15,Low,Standard customer engagement
5018-HEKFO,245.0,0.0,Low Priority,1.15,Low,Standard customer engagement
6633-MPWBS,246.0,0.0,Low Priority,1.15,Low,Standard customer engagement
4625-EWPTF,243.6,0.0,Low Priority,1.14,Low,Standard customer engagement
3682-YEUWS,244.0,0.0,Low Priority,1.14,Low,Standard customer engagement
0064-SUDOG,243.6,0.0,Low Priority,1.14,Low,Standard customer engagement
0334-GDDSO,244.05,0.0,Low Priority,1.14,Low,Standard customer engagement
3387-PLKUI,244.4,0.0,Low Priority,1.14,Low,Standard customer engagement
2789-HQBOU,241.05,0.0,Low Priority,1.13,Low,Standard customer engagement
9897-KXHCM,240.9,0.0,Low Priority,1.13,Low,Standard customer engagement
4086-YQSNZ,241.2,0.0,Low Priority,1.13,Low,Standard customer engagement
6357-JJPQT,241.5,0.0,Low Priority,1.13,Low,Standard customer engagement
3239-TPHPZ,240.6,0.0,Low Priority,1.13,Low,Standard customer engagement
3191-CSNMG,242.1,0.0,Low Priority,1.13,Low,Standard customer engagement
5993-BQHEA,240.6,0.0,Low Priority,1.13,Low,Standard customer engagement
7777-UNYHB,241.2,0.0,Low Priority,1.13,Low,Standard customer engagement
5777-ZPQNC,241.8,0.0,Low Priority,1.13,Low,Standard customer engagement
8259-NFJTV,242.55,0.0,Low Priority,1.13,Low,Standard customer engagement
6204-IEUXJ,240.3,0.0,Low Priority,1.12,Low,Standard customer engagement
1976-AZZPJ,239.40000000000003,0.0,Low Priority,1.12,Low,Standard customer engagement
6161-UUUTA,239.7,0.0,Low Priority,1.12,Low,Standard customer engagement
4290-BSXUX,238.95,0.0,Low Priority,1.12,Low,Standard customer engagement
2740-JFBOK,240.0,0.0,Low Priority,1.12,Low,Standard customer engagement
1429-UYJSV,236.4,0.0,Low Priority,1.11,Low,Standard customer engagement
7074-IEVOJ,238.2,0.0,Low Priority,1.11,Low,Standard customer engagement
1038-ZAGBI,237.6,0.0,Low Priority,1.11,Low,Standard customer engagement
1678-FYZOW,238.2,0.0,Low Priority,1.11,Low,Standard customer engagement
5442-PPTJY,236.4,0.0,Low Priority,1.11,Low,Standard customer engagement
4587-NUKOX,237.3,0.0,Low Priority,1.11,Low,Standard customer engagement
1680-VDCWW,237.6,0.0,Low Priority,1.11,Low,Standard customer engagement
6110-OHIHY,237.75,0.0,Low Priority,1.11,Low,Standard customer engagement
1563-IWQEX,236.4,0.0,Low Priority,1.11,Low,Standard customer engagement
0224-HJAPT,235.75,0.0,Low Priority,1.1,Low,Standard customer engagement
5233-GEEAX,235.2,0.0,Low Priority,1.1,Low,Standard customer engagement
5133-VRSAB,234.8,0.0,Low Priority,1.1,Low,Standard customer engagement
9837-BMCLM,235.5,0.0,Low Priority,1.1,Low,Standard customer engagement
7421-ZLUPA,234.0,0.0,Low Priority,1.09,Low,Standard customer engagement
1548-ARAGG,234.0,0.0,Low Priority,1.09,Low,Standard customer engagement
4573-JKNAE,232.2,0.0,Low Priority,1.09,Low,Standard customer engagement
2882-DDZPG,233.4,0.0,Low Priority,1.09,Low,Standard customer engagement
3750-RNQKR,233.4,0.0,Low Priority,1.09,Low,Standard customer engagement
8543-MSDMF,232.2,0.0,Low Priority,1.09,Low,Standard customer engagement
5961-VUSRV,232.2,0.0,Low Priority,1.09,Low,Standard customer engagement
0208-BPQEJ,232.8,0.0,Low Priority,1.09,Low,Standard customer engagement
5158-RIVOP,229.9,0.0,Low Priority,1.08,Low,Standard customer engagement
9837-FWLCH,230.4,0.0,Low Priority,1.08,Low,Standard customer engagement
5602-BVFMK,231.6,0.0,Low Priority,1.08,Low,Standard customer engagement
6598-RFFVI,38.6,0.015,Low Priority,1.08,Low,Standard customer engagement
4063-EIKNQ,230.45,0.0,Low Priority,1.08,Low,Standard customer engagement
5835-BEQEU,230.85,0.0,Low Priority,1.08,Low,Standard customer engagement
3317-HRTNN,228.5,0.0,Low Priority,1.07,Low,Standard customer engagement
7576-OYWBN,228.15,0.0,Low Priority,1.07,Low,Standard customer engagement
3370-HXOPH,228.3,0.0,Low Priority,1.07,Low,Standard customer engagement
5122-CYFXA,225.9,0.0,Low Priority,1.06,Low,Standard customer engagement
9708-HPXWZ,227.0,0.0,Low Priority,1.06,Low,Standard customer engagement
8976-OQHGT,226.0,0.0,Low Priority,1.06,Low,Standard customer engagement
4581-SSPWD,227.4,0.0,Low Priority,1.06,Low,Standard customer engagement
6924-TDGMT,226.05,0.0,Low Priority,1.06,Low,Standard customer engagement
5543-QDCRY,225.6,0.0,Low Priority,1.06,Low,Standard customer engagement
8388-FYNPZ,227.0,0.0,Low Priority,1.06,Low,Standard customer engagement
0925-VYDLG,225.75,0.0,Low Priority,1.06,Low,Standard customer engagement
7706-DZNKK,224.95,0.0,Low Priority,1.05,Low,Standard customer engagement
2276-YDAVZ,225.3,0.0,Low Priority,1.05,Low,Standard customer engagement
2800-VEQXM,224.25,0.0,Low Priority,1.05,Low,Standard customer engagement
7823-JSOAG,223.5,0.0,Low Priority,1.05,Low,Standard customer engagement
3411-WLRSQ,223.8,0.0,Low Priority,1.05,Low,Standard customer engagement
9932-WBWIK,223.85,0.0,Low Priority,1.05,Low,Standard customer engagement
6424-ELEYH,224.25,0.0,Low Priority,1.05,Low,Standard customer engagement
7521-AFHAB,224.0,0.0,Low Priority,1.05,Low,Standard customer engagement
5570-PTWEH,225.45,0.0,Low Priority,1.05,Low,Standard customer engagement
6994-KERXL,223.6,0.0,Low Priority,1.05,Low,Standard customer engagement
2371-JUNGC,222.75,0.0,Low Priority,1.04,Low,Standard customer engagement
0404-SWRVG,223.2,0.0,Low Priority,1.04,Low,Standard customer engagement
3055-MJDSB,221.4,0.0,Low Priority,1.04,Low,Standard customer engagement
9306-CPCBC,222.75,0.0,Low Priority,1.04,Low,Standard customer engagement
9398-MMQTO,223.35,0.0,Low Priority,1.04,Low,Standard customer engagement
4854-CIDCF,221.55,0.0,Low Priority,1.04,Low,Standard customer engagement
9850-OWRHQ,222.3,0.0,Low Priority,1.04,Low,Standard customer engagement
3446-QDSZF,222.0,0.0,Low Priority,1.04,Low,Standard customer engagement
8084-OIVBS,220.0,0.0,Low Priority,1.03,Low,Standard customer engagement
6861-OKBCE,221.1,0.0,Low Priority,1.03,Low,Standard customer engagement
0967-BMLBD,220.0,0.0,Low Priority,1.03,Low,Standard customer engagement
9442-JTWDL,220.55,0.0,Low Priority,1.03,Low,Standard customer engagement
1635-FJFCC,220.25,0.0,Low Priority,1.03,Low,Standard customer engagement
8617-ENBDS,220.8,0.0,Low Priority,1.03,Low,Standard customer engagement
4895-TMWIR,219.45,0.0,Low Priority,1.03,Low,Standard customer engagement
1260-TTRXI,217.2,0.0,Low Priority,1.02,Low,Standard customer engagement
5542-DHSXL,218.8,0.0,Low Priority,1.02,Low,Standard customer engagement
6319-QSUSR,216.7,0.0,Low Priority,1.01,Low,Standard customer engagement
6158-DWPZT,216.9,0.0,Low Priority,1.01,Low,Standard customer engagement
8740-XLHDR,216.25,0.0,Low Priority,1.01,Low,Standard customer engagement
0486-LGCCH,216.15,0.0,Low Priority,1.01,Low,Standard customer engagement
1093-YSWCA,215.05,0.0,Low Priority,1.01,Low,Standard customer engagement
2710-WYVXG,213.3,0.0,Low Priority,1.0,Low,Standard customer engagement
7379-POKDZ,210.9,0.0,Low Priority,0.99,Low,Standard customer engagement
8003-EWNDZ,212.0,0.0,Low Priority,0.99,Low,Standard customer engagement
6168-WFVVF,210.9,0.0,Low Priority,0.99,Low,Standard customer engagement
0734-OXWBT,212.1,0.0,Low Priority,0.99,Low,Standard customer engagement
9633-XQABV,210.75,0.0,Low Priority,0.99,Low,Standard customer engagement
2055-PDADH,211.2,0.0,Low Priority,0.99,Low,Standard customer engagement
1875-QIVME,208.8,0.0,Low Priority,0.98,Low,Standard customer engagement
7245-NIIWQ,209.55,0.0,Low Priority,0.98,Low,Standard customer engagement
0455-XFASS,208.65,0.0,Low Priority,0.98,Low,Standard customer engagement
2826-DXLQO,208.6,0.0,Low Priority,0.98,Low,Standard customer engagement
3750-YHRYO,144.54999999999998,0.005,Low Priority,0.98,Low,Standard customer engagement
0909-SDHNU,208.6,0.0,Low Priority,0.98,Low,Standard customer engagement
4919-MOAVT,208.95,0.0,Low Priority,0.98,Low,Standard customer engagement
7159-FVYPK,207.45,0.0,Low Priority,0.97,Low,Standard customer engagement
6923-EFPNL,207.0,0.0,Low Priority,0.97,Low,Standard customer engagement
1784-BXEFA,205.5,0.0,Low Priority,0.96,Low,Standard customer engagement
9512-PHSMG,205.5,0.0,Low Priority,0.96,Low,Standard customer engagement
3724-BSCVH,204.5,0.0,Low Priority,0.96,Low,Standard customer engagement
1636-NTNCO,203.8,0.0,Low Priority,0.95,Low,Standard customer engagement
7665-VIGUD,203.5,0.0,Low Priority,0.95,Low,Standard customer engagement
6464-KEXXH,202.0,0.0,Low Priority,0.95,Low,Standard customer engagement
7009-LGECI,202.2,0.0,Low Priority,0.95,Low,Standard customer engagement
7339-POGZN,202.8,0.0,Low Priority,0.95,Low,Standard customer engagement
0420-BWTPW,204.0,0.0,Low Priority,0.95,Low,Standard customer engagement
2626-URJFX,203.6,0.0,Low Priority,0.95,Low,Standard customer engagement
2235-ZGKPT,203.4,0.0,Low Priority,0.95,Low,Standard customer engagement
8439-LTUGF,200.0,0.0,Low Priority,0.94,Low,Standard customer engagement
7379-FNIUJ,200.4,0.0,Low Priority,0.94,Low,Standard customer engagement
8722-NGNBH,200.0,0.0,Low Priority,0.94,Low,Standard customer engagement
0380-ZCSBI,200.0,0.0,Low Priority,0.94,Low,Standard customer engagement
5071-FBJFS,201.2,0.0,Low Priority,0.94,Low,Standard customer engagement
4860-YZGZM,200.0,0.0,Low Priority,0.94,Low,Standard customer engagement
7094-MSZAO,200.5,0.0,Low Priority,0.94,Low,Standard customer engagement
9462-MJUAW,201.6,0.0,Low Priority,0.94,Low,Standard customer engagement
4182-BGSIQ,198.0,0.0,Low Priority,0.93,Low,Standard customer engagement
3675-YDUPJ,198.5,0.0,Low Priority,0.93,Low,Standard customer engagement
4936-YPJNK,199.0,0.0,Low Priority,0.93,Low,Standard customer engagement
4318-RAJVY,198.0,0.0,Low Priority,0.93,Low,Standard customer engagement
0221-NAUXK,199.5,0.0,Low Priority,0.93,Low,Standard customer engagement
0114-RSRRW,199.5,0.0,Low Priority,0.93,Low,Standard customer engagement
5669-SRAIP,197.5,0.0,Low Priority,0.92,Low,Standard customer engagement
5295-PCJOO,197.6,0.0,Low Priority,0.92,Low,Standard customer engagement
3146-JTQHR,196.0,0.0,Low Priority,0.92,Low,Standard customer engagement
1456-TWCGB,197.0,0.0,Low Priority,0.92,Low,Standard customer engagement
1230-QAJDW,195.75,0.0,Low Priority,0.92,Low,Standard customer engagement
8076-FEZKJ,195.0,0.0,Low Priority,0.91,Low,Standard customer engagement
7089-RKVSZ,195.2,0.0,Low Priority,0.91,Low,Standard customer engagement
2636-OHFMN,194.2,0.0,Low Priority,0.91,Low,Standard customer engagement
5356-CSVSQ,193.8,0.0,Low Priority,0.91,Low,Standard customer engagement
6645-MXQJT,194.2,0.0,Low Priority,0.91,Low,Standard customer engagement
1215-VFYVK,193.0,0.0,Low Priority,0.9,Low,Standard customer engagement
4815-TUMEQ,193.0,0.0,Low Priority,0.9,Low,Standard customer engagement
0754-UKWQP,191.7,0.0,Low Priority,0.9,Low,Standard customer engagement
4957-TREIR,193.2,0.0,Low Priority,0.9,Low,Standard customer engagement
3158-MOERK,192.0,0.0,Low Priority,0.9,Low,Standard customer engagement
8413-VONUO,191.3,0.0,Low Priority,0.89,Low,Standard customer engagement
4398-HSCJH,190.8,0.0,Low Priority,0.89,Low,Standard customer engagement
7851-WZEKY,190.3,0.0,Low Priority,0.89,Low,Standard customer engagement
5649-ANRML,190.2,0.0,Low Priority,0.89,Low,Standard customer engagement
6549-YMFAW,191.25,0.0,Low Priority,0.89,Low,Standard customer engagement
4929-XIHVW,191.0,0.0,Low Priority,0.89,Low,Standard customer engagement
5349-IECLD,189.9,0.0,Low Priority,0.89,Low,Standard customer engagement
2720-WGKHP,188.0,0.0,Low Priority,0.88,Low,Standard customer engagement
4424-TKOPW,187.7,0.0,Low Priority,0.88,Low,Standard customer engagement
7024-OHCCK,187.7,0.0,Low Priority,0.88,Low,Standard customer engagement
9546-CQJSU,182.8,0.0,Low Priority,0.86,Low,Standard customer engagement
2831-EBWRN,183.6,0.0,Low Priority,0.86,Low,Standard customer engagement
5175-AOBHI,184.0,0.0,Low Priority,0.86,Low,Standard customer engagement
2718-GAXQD,184.0,0.0,Low Priority,0.86,Low,Standard customer engagement
4568-TTZRT,183.6,0.0,Low Priority,0.86,Low,Standard customer engagement
5091-HFAZW,182.3,0.0,Low Priority,0.85,Low,Standard customer engagement
7396-VJUZB,181.0,0.0,Low Priority,0.85,Low,Standard customer engagement
2791-SFVEW,181.35,0.0,Low Priority,0.85,Low,Standard customer engagement
4083-EUGRJ,182.25,0.0,Low Priority,0.85,Low,Standard customer engagement
4137-BTIKL,181.5,0.0,Low Priority,0.85,Low,Standard customer engagement
8631-XVRZL,181.35,0.0,Low Priority,0.85,Low,Standard customer engagement
3043-TYBNO,181.95,0.0,Low Priority,0.85,Low,Standard customer engagement
0411-EZJZE,180.75,0.0,Low Priority,0.85,Low,Standard customer engagement
0139-IVFJG,180.7,0.0,Low Priority,0.85,Low,Standard customer engagement
3859-CVCET,182.6,0.0,Low Priority,0.85,Low,Standard customer engagement
6278-FEPBZ,182.25,0.0,Low Priority,0.85,Low,Standard customer engagement
8229-TNIQA,181.2,0.0,Low Priority,0.85,Low,Standard customer engagement
9348-YVOMK,179.2,0.0,Low Priority,0.84,Low,Standard customer engagement
3703-VAVCL,180.0,0.0,Low Priority,0.84,Low,Standard customer engagement
5644-PDMZC,179.0,0.0,Low Priority,0.84,Low,Standard customer engagement
0310-VQXAM,178.65,0.0,Low Priority,0.84,Low,Standard customer engagement
2074-GKOWZ,179.1,0.0,Low Priority,0.84,Low,Standard customer engagement
6202-JVYEU,179.1,0.0,Low Priority,0.84,Low,Standard customer engagement
8075-GXIUB,178.65,0.0,Low Priority,0.84,Low,Standard customer engagement
7878-JGDKK,178.2,0.0,Low Priority,0.83,Low,Standard customer engagement
9424-CMPOG,176.4,0.0,Low Priority,0.83,Low,Standard customer engagement
6624-JDRDS,176.7,0.0,Low Priority,0.83,Low,Standard customer engagement
3352-RICWQ,177.75,0.0,Low Priority,0.83,Low,Standard customer engagement
5396-IZEPB,177.29999999999998,0.0,Low Priority,0.83,Low,Standard customer engagement
4695-WJZUE,177.1,0.0,Low Priority,0.83,Low,Standard customer engagement
5624-RYAMH,175.5,0.0,Low Priority,0.82,Low,Standard customer engagement
5318-IXUZF,174.3,0.0,Low Priority,0.82,Low,Standard customer engagement
0319-QZTCO,176.10000000000002,0.0,Low Priority,0.82,Low,Standard customer engagement
7727-SHVZV,175.5,0.0,Low Priority,0.82,Low,Standard customer engagement
9027-YFHQJ,175.35,0.0,Low Priority,0.82,Low,Standard customer engagement
1329-VHWNP,175.35,0.0,Low Priority,0.82,Low,Standard customer engagement
3097-NQYSN,173.7,0.0,Low Priority,0.81,Low,Standard customer engagement
5215-LNLDJ,172.9,0.0,Low Priority,0.81,Low,Standard customer engagement
0133-BMFZO,172.5,0.0,Low Priority,0.81,Low,Standard customer engagement
6275-YDUVO,172.4,0.0,Low Priority,0.81,Low,Standard customer engagement
5277-ZLOOR,171.1,0.0,Low Priority,0.8,Low,Standard customer engagement
0259-GBZSH,171.3,0.0,Low Priority,0.8,Low,Standard customer engagement
6474-FVJLC,172.0,0.0,Low Priority,0.8,Low,Standard customer engagement
5882-CMAZQ,171.25,0.0,Low Priority,0.8,Low,Standard customer engagement
0220-EBGCE,171.7,0.0,Low Priority,0.8,Low,Standard customer engagement
1991-VOPLL,171.45000000000002,0.0,Low Priority,0.8,Low,Standard customer engagement
9795-VOWON,170.45000000000002,0.0,Low Priority,0.8,Low,Standard customer engagement
7880-XSOJX,169.6,0.0,Low Priority,0.79,Low,Standard customer engagement
8824-RWFXJ,168.45,0.0,Low Priority,0.79,Low,Standard customer engagement
3489-HHPFY,168.1,0.0,Low Priority,0.79,Low,Standard customer engagement
1045-LTCYT,168.4,0.0,Low Priority,0.79,Low,Standard customer engagement
8963-JLGJT,167.7,0.0,Low Priority,0.78,Low,Standard customer engagement
3656-TKRVZ,166.05,0.0,Low Priority,0.78,Low,Standard customer engagement
3717-FDJFU,102.25,0.005,Low Priority,0.78,Low,Standard customer engagement
6407-UTSLV,167.6,0.0,Low Priority,0.78,Low,Standard customer engagement
4484-CGXFK,165.89999999999998,0.0,Low Priority,0.78,Low,Standard customer engagement
9269-CQOOL,164.10000000000002,0.0,Low Priority,0.77,Low,Standard customer engagement
9261-WDCAF,163.95,0.0,Low Priority,0.77,Low,Standard customer engagement
1614-JBEBI,165.6,0.0,Low Priority,0.77,Low,Standard customer engagement
8806-EAGWC,165.45,0.0,Low Priority,0.77,Low,Standard customer engagement
0807-ZABDG,165.3,0.0,Low Priority,0.77,Low,Standard customer engagement
7314-OXENN,164.0,0.0,Low Priority,0.77,Low,Standard customer engagement
7140-ADSMJ,163.6,0.0,Low Priority,0.77,Low,Standard customer engagement
9050-IKDZA,163.0,0.0,Low Priority,0.76,Low,Standard customer engagement
1850-AKQEP,162.8,0.0,Low Priority,0.76,Low,Standard customer engagement
8388-DMKAE,162.0,0.0,Low Priority,0.76,Low,Standard customer engagement
5345-BMKWB,162.0,0.0,Low Priority,0.76,Low,Standard customer engagement
8183-ONMXC,161.5,0.0,Low Priority,0.76,Low,Standard customer engagement
4918-QLLIW,160.2,0.0,Low Priority,0.75,Low,Standard customer engagement
7845-URHJN,161.2,0.0,Low Priority,0.75,Low,Standard customer engagement
4234-XTNEA,159.9,0.0,Low Priority,0.75,Low,Standard customer engagement
0224-NIJLP,161.2,0.0,Low Priority,0.75,Low,Standard customer engagement
2017-CCBLH,160.0,0.0,Low Priority,0.75,Low,Standard customer engagement
8943-URTMR,159.3,0.0,Low Priority,0.75,Low,Standard customer engagement
9317-WZPGV,159.5,0.0,Low Priority,0.75,Low,Standard customer engagement
1981-INRFU,159.5,0.0,Low Priority,0.75,Low,Standard customer engagement
2717-HVIZY,160.4,0.0,Low Priority,0.75,Low,Standard customer engagement
3130-ICDUP,161.1,0.0,Low Priority,0.75,Low,Standard customer engagement
3748-FVMZZ,160.2,0.0,Low Priority,0.75,Low,Standard customer engagement
4741-WWJQZ,160.3,0.0,Low Priority,0.75,Low,Standard customer engagement
4694-PHWFW,159.6,0.0,Low Priority,0.75,Low,Standard customer engagement
8086-OVPWV,160.4,0.0,Low Priority,0.75,Low,Standard customer engagement
5712-PTIWW,159.7,0.0,Low Priority,0.75,Low,Standard customer engagement
7760-OYPDY,161.3,0.0,Low Priority,0.75,Low,Standard customer engagement
6923-JHPMP,160.9,0.0,Low Priority,0.75,Low,Standard customer engagement
8642-GVWRF,159.4,0.0,Low Priority,0.75,Low,Standard customer engagement
9689-PTNPG,160.5,0.0,Low Priority,0.75,Low,Standard customer engagement
4529-CKBCL,160.4,0.0,Low Priority,0.75,Low,Standard customer engagement
2868-SNELZ,161.2,0.0,Low Priority,0.75,Low,Standard customer engagement
3422-GALYP,158.9,0.0,Low Priority,0.74,Low,Standard customer engagement
5726-CVNYA,158.8,0.0,Low Priority,0.74,Low,Standard customer engagement
5647-URDKA,157.6,0.0,Low Priority,0.74,Low,Standard customer engagement
2466-NEJOJ,157.2,0.0,Low Priority,0.74,Low,Standard customer engagement
3420-YJLQT,159.1,0.0,Low Priority,0.74,Low,Standard customer engagement
1222-LRYKO,158.10000000000002,0.0,Low Priority,0.74,Low,Standard customer engagement
1226-JZNKR,158.4,0.0,Low Priority,0.74,Low,Standard customer engagement
5561-NWEVX,158.4,0.0,Low Priority,0.74,Low,Standard customer engagement
2667-WYLWJ,158.0,0.0,Low Priority,0.74,Low,Standard customer engagement
3981-QSVQI,157.6,0.0,Low Priority,0.74,Low,Standard customer engagement
4365-MSDYN,156.4,0.0,Low Priority,0.73,Low,Standard customer engagement
8148-WOCMK,156.8,0.0,Low Priority,0.73,Low,Standard customer engagement
2229-DPMBI,156.0,0.0,Low Priority,0.73,Low,Standard customer engagement
4801-KFYKL,155.6,0.0,Low Priority,0.73,Low,Standard customer engagement
1304-NECVQ,157.1,0.0,Low Priority,0.73,Low,Standard customer engagement
1735-XMJVH,154.8,0.0,Low Priority,0.72,Low,Standard customer engagement
3694-DELSO,154.2,0.0,Low Priority,0.72,Low,Standard customer engagement
0637-KVDLV,153.0,0.0,Low Priority,0.72,Low,Standard customer engagement
9498-FIMXL,153.6,0.0,Low Priority,0.72,Low,Standard customer engagement
6979-TNDEU,153.6,0.0,Low Priority,0.72,Low,Standard customer engagement
9631-XEYKE,151.2,0.0,Low Priority,0.71,Low,Standard customer engagement
8364-TRMMK,151.95,0.0,Low Priority,0.71,Low,Standard customer engagement
2516-VQRRV,150.9,0.0,Low Priority,0.71,Low,Standard customer engagement
6637-KYRCV,152.5,0.0,Low Priority,0.71,Low,Standard customer engagement
8433-WXGNA,151.4,0.0,Low Priority,0.71,Low,Standard customer engagement
3329-WDIOK,151.8,0.0,Low Priority,0.71,Low,Standard customer engagement
2005-DWQZJ,152.4,0.0,Low Priority,0.71,Low,Standard customer engagement
4026-SKKHW,150.75,0.0,Low Priority,0.71,Low,Standard customer engagement
3283-WCWXT,152.39999999999998,0.0,Low Priority,0.71,Low,Standard customer engagement
1763-WQFUK,151.5,0.0,Low Priority,0.71,Low,Standard customer engagement
1597-FZREH,152.8,0.0,Low Priority,0.71,Low,Standard customer engagement
7598-UAASY,152.8,0.0,Low Priority,0.71,Low,Standard customer engagement
1618-CFHME,151.8,0.0,Low Priority,0.71,Low,Standard customer engagement
0929-HYQEW,150.45,0.0,Low Priority,0.7,Low,Standard customer engagement
5896-NPFWW,150.45,0.0,Low Priority,0.7,Low,Standard customer engagement
9575-IWCAZ,150.60000000000002,0.0,Low Priority,0.7,Low,Standard customer engagement
2080-GKCWQ,149.9,0.0,Low Priority,0.7,Low,Standard customer engagement
4770-UEZOX,149.5,0.0,Low Priority,0.7,Low,Standard customer engagement
6221-AVQYL,146.5,0.0,Low Priority,0.69,Low,Standard customer engagement
8878-HMWBV,147.45,0.0,Low Priority,0.69,Low,Standard customer engagement
2983-ZANRP,147.1,0.0,Low Priority,0.69,Low,Standard customer engagement
2880-FPNAE,148.4,0.0,Low Priority,0.69,Low,Standard customer engagement
2351-RRBUE,144.54999999999998,0.0,Low Priority,0.68,Low,Standard customer engagement
3530-CRZSB,144.54999999999998,0.0,Low Priority,0.68,Low,Standard customer engagement
3295-YVUSR,145.2,0.0,Low Priority,0.68,Low,Standard customer engagement
3012-VFFMN,144.54999999999998,0.0,Low Priority,0.68,Low,Standard customer engagement
0750-EKNGL,145.25,0.0,Low Priority,0.68,Low,Standard customer engagement
5774-XZTQC,143.15,0.0,Low Priority,0.67,Low,Standard customer engagement
6671-NGWON,142.45000000000002,0.0,Low Priority,0.67,Low,Standard customer engagement
5619-XZZKR,79.8,0.005,Low Priority,0.67,Low,Standard customer engagement
0508-OOLTO,143.3,0.0,Low Priority,0.67,Low,Standard customer engagement
6235-VDHOM,142.25,0.0,Low Priority,0.67,Low,Standard customer engagement
4450-DLLMH,142.6,0.0,Low Priority,0.67,Low,Standard customer engagement
4797-MIWUM,141.75,0.0,Low Priority,0.66,Low,Standard customer engagement
1383-EZRWL,140.35,0.0,Low Priority,0.66,Low,Standard customer engagement
5119-NZPTV,140.2,0.0,Low Priority,0.66,Low,Standard customer engagement
7353-YOWFP,141.75,0.0,Low Priority,0.66,Low,Standard customer engagement
8835-VSDSE,141.4,0.0,Low Priority,0.66,Low,Standard customer engagement
2260-USTRB,140.4,0.0,Low Priority,0.66,Low,Standard customer engagement
4291-YZODP,140.35,0.0,Low Priority,0.66,Low,Standard customer engagement
9237-HQITU,141.4,0.0,Low Priority,0.66,Low,Standard customer engagement
4629-NRXKX,140.8,0.0,Low Priority,0.66,Low,Standard customer engagement
4732-RRJZC,141.75,0.0,Low Priority,0.66,Low,Standard customer engagement
5804-LEPIM,140.7,0.0,Low Priority,0.66,Low,Standard customer engagement
2905-KFQUV,140.8,0.0,Low Priority,0.66,Low,Standard customer engagement
7321-VGNKU,140.7,0.0,Low Priority,0.66,Low,Standard customer engagement
3866-MDTUB,141.5,0.0,Low Priority,0.66,Low,Standard customer engagement
5028-GZLDO,141.4,0.0,Low Priority,0.66,Low,Standard customer engagement
3234-VKACU,140.6,0.0,Low Priority,0.66,Low,Standard customer engagement
7394-LWLYN,140.3,0.0,Low Priority,0.66,Low,Standard customer engagement
1009-IRMNA,140.0,0.0,Low Priority,0.65,Low,Standard customer engagement
7075-BNDVQ,140.0,0.0,Low Priority,0.65,Low,Standard customer engagement
7538-GWHML,139.3,0.0,Low Priority,0.65,Low,Standard customer engagement
5832-XKAES,139.6,0.0,Low Priority,0.65,Low,Standard customer engagement
9799-CAYJJ,138.6,0.0,Low Priority,0.65,Low,Standard customer engagement
2637-FKFSY,138.3,0.0,Low Priority,0.65,Low,Standard customer engagement
5916-QEWPT,138.0,0.0,Low Priority,0.65,Low,Standard customer engagement
5600-KTXFM,139.9,0.0,Low Priority,0.65,Low,Standard customer engagement
2673-ZALNP,139.29999999999998,0.0,Low Priority,0.65,Low,Standard customer engagement
4482-EWFMI,139.4,0.0,Low Priority,0.65,Low,Standard customer engagement
5276-KQWHG,139.2,0.0,Low Priority,0.65,Low,Standard customer engagement
6993-OHLXR,137.9,0.0,Low Priority,0.65,Low,Standard customer engagement
2897-DOVND,139.6,0.0,Low Priority,0.65,Low,Standard customer engagement
4061-UKJWL,136.35000000000002,0.0,Low Priority,0.64,Low,Standard customer engagement
1015-JPFYW,136.15,0.0,Low Priority,0.64,Low,Standard customer engagement
1589-AGTLK,136.05,0.0,Low Priority,0.64,Low,Standard customer engagement
2550-QHZGP,136.5,0.0,Low Priority,0.64,Low,Standard customer engagement
8295-FHIVV,135.79999999999998,0.0,Low Priority,0.64,Low,Standard customer engagement
3546-GHEAE,136.15,0.0,Low Priority,0.64,Low,Standard customer engagement
0374-IOEGQ,133.8,0.0,Low Priority,0.63,Low,Standard customer engagement
2320-YKQBO,135.1,0.0,Low Priority,0.63,Low,Standard customer engagement
3806-DXQOM,134.6,0.0,Low Priority,0.63,Low,Standard customer engagement
8660-BUETV,134.25,0.0,Low Priority,0.63,Low,Standard customer engagement
7675-OZCZG,135.0,0.0,Low Priority,0.63,Low,Standard customer engagement
7963-GQRMY,132.89999999999998,0.0,Low Priority,0.62,Low,Standard customer engagement
5485-WUYWF,132.8,0.0,Low Priority,0.62,Low,Standard customer engagement
0568-ONFPC,129.5,0.0,Low Priority,0.61,Low,Standard customer engagement
3415-TAILE,131.4,0.0,Low Priority,0.61,Low,Standard customer engagement
5173-WXOQV,128.4,0.0,Low Priority,0.6,Low,Standard customer engagement
1814-DKOLC,127.25,0.0,Low Priority,0.6,Low,Standard customer engagement
5349-AZPEW,125.25,0.0,Low Priority,0.59,Low,Standard customer engagement
5955-EPOAZ,125.7,0.0,Low Priority,0.59,Low,Standard customer engagement
0541-FITGH,124.3,0.0,Low Priority,0.58,Low,Standard customer engagement
7802-EFKNY,124.75,0.0,Low Priority,0.58,Low,Standard customer engagement
6490-FGZAT,123.9,0.0,Low Priority,0.58,Low,Standard customer engagement
4662-EKDPQ,124.1,0.0,Low Priority,0.58,Low,Standard customer engagement
2928-HLDBA,124.2,0.0,Low Priority,0.58,Low,Standard customer engagement
7435-ZNUYY,123.6,0.0,Low Priority,0.58,Low,Standard customer engagement
6351-SCJKT,124.05,0.0,Low Priority,0.58,Low,Standard customer engagement
1791-PQHBB,122.4,0.0,Low Priority,0.57,Low,Standard customer engagement
3090-LETTY,121.9,0.0,Low Priority,0.57,Low,Standard customer engagement
7787-BNTZM,120.9,0.0,Low Priority,0.57,Low,Standard customer engagement
2233-FAGXV,121.5,0.0,Low Priority,0.57,Low,Standard customer engagement
6180-YBIQI,121.5,0.0,Low Priority,0.57,Low,Standard customer engagement
9505-SQFSW,120.9,0.0,Low Priority,0.57,Low,Standard customer engagement
2030-BTZRO,122.4,0.0,Low Priority,0.57,Low,Standard customer engagement
1641-BYBTK,121.2,0.0,Low Priority,0.57,Low,Standard customer engagement
8676-OOQEJ,122.0,0.0,Low Priority,0.57,Low,Standard customer engagement
3995-WFCSM,121.7,0.0,Low Priority,0.57,Low,Standard customer engagement
2587-YNLES,120.6,0.0,Low Priority,0.56,Low,Standard customer engagement
4854-SSLTN,119.0,0.0,Low Priority,0.56,Low,Standard customer engagement
4020-KIUDI,119.1,0.0,Low Priority,0.56,Low,Standard customer engagement
0928-JMXNP,119.6,0.0,Low Priority,0.56,Low,Standard customer engagement
6972-SNKKW,120.0,0.0,Low Priority,0.56,Low,Standard customer engagement
3724-UCSHY,117.3,0.0,Low Priority,0.55,Low,Standard customer engagement
6806-YDEUL,117.0,0.0,Low Priority,0.55,Low,Standard customer engagement
7196-LIWRH,117.3,0.0,Low Priority,0.55,Low,Standard customer engagement
4719-UMSIY,117.9,0.0,Low Priority,0.55,Low,Standard customer engagement
6778-YSNIH,118.0,0.0,Low Priority,0.55,Low,Standard customer engagement
9150-KPBJQ,117.9,0.0,Low Priority,0.55,Low,Standard customer engagement
9626-WEQRM,116.6,0.0,Low Priority,0.55,Low,Standard customer engagement
0895-LNKRC,116.7,0.0,Low Priority,0.55,Low,Standard customer engagement
1345-GKDZZ,117.3,0.0,Low Priority,0.55,Low,Standard customer engagement
9970-QBCDA,118.2,0.0,Low Priority,0.55,Low,Standard customer engagement
7623-HKYRK,118.2,0.0,Low Priority,0.55,Low,Standard customer engagement
7853-OETYL,116.2,0.0,Low Priority,0.54,Low,Standard customer engagement
2862-JVEOY,114.9,0.0,Low Priority,0.54,Low,Standard customer engagement
0661-KQHNK,114.0,0.0,Low Priority,0.53,Low,Standard customer engagement
7968-QUXNS,113.7,0.0,Low Priority,0.53,Low,Standard customer engagement
5208-HFSBT,110.1,0.0,Low Priority,0.52,Low,Standard customer engagement
4430-UZIPO,110.55,0.0,Low Priority,0.52,Low,Standard customer engagement
5493-SDRDQ,110.2,0.0,Low Priority,0.52,Low,Standard customer engagement
3620-MWJNE,108.9,0.0,Low Priority,0.51,Low,Standard customer engagement
9667-TKTVZ,108.7,0.0,Low Priority,0.51,Low,Standard customer engagement
8654-DHAOW,108.3,0.0,Low Priority,0.51,Low,Standard customer engagement
7580-UGXNC,109.7,0.0,Low Priority,0.51,Low,Standard customer engagement
7890-VYYWG,109.35,0.0,Low Priority,0.51,Low,Standard customer engagement
1251-KRREG,108.8,0.0,Low Priority,0.51,Low,Standard customer engagement
2108-XWMPY,106.35,0.0,Low Priority,0.5,Low,Standard customer engagement
3668-QPYBK,107.7,0.0,Low Priority,0.5,Low,Standard customer engagement
2181-UAESM,106.9,0.0,Low Priority,0.5,Low,Standard customer engagement
3050-GBUSH,104.4,0.0,Low Priority,0.49,Low,Standard customer engagement
7384-GHBPI,105.45,0.0,Low Priority,0.49,Low,Standard customer engagement
0278-YXOOG,105.25,0.0,Low Priority,0.49,Low,Standard customer engagement
2732-ISEZX,102.5,0.0,Low Priority,0.48,Low,Standard customer engagement
6629-LADHQ,101.9,0.0,Low Priority,0.48,Low,Standard customer engagement
4430-YHXGG,101.8,0.0,Low Priority,0.48,Low,Standard customer engagement
2969-QWUBZ,102.8,0.0,Low Priority,0.48,Low,Standard customer engagement
2739-CCZMB,101.75,0.0,Low Priority,0.48,Low,Standard customer engagement
6621-YOBKI,101.75,0.0,Low Priority,0.48,Low,Standard customer engagement
3815-SLMEF,102.75,0.0,Low Priority,0.48,Low,Standard customer engagement
7501-VTYLJ,103.1,0.0,Low Priority,0.48,Low,Standard customer engagement
1925-GMVBW,102.75,0.0,Low Priority,0.48,Low,Standard customer engagement
2690-DVRVK,102.75,0.0,Low Priority,0.48,Low,Standard customer engagement
3178-FESZO,100.25,0.0,Low Priority,0.47,Low,Standard customer engagement
7216-EWTRS,100.8,0.0,Low Priority,0.47,Low,Standard customer engagement
6844-DZKRF,100.4,0.0,Low Priority,0.47,Low,Standard customer engagement
4785-NKHCX,100.25,0.0,Low Priority,0.47,Low,Standard customer engagement
0107-YHINA,99.75,0.0,Low Priority,0.47,Low,Standard customer engagement
9294-TDIPC,101.0,0.0,Low Priority,0.47,Low,Standard customer engagement
5419-JPRRN,101.45,0.0,Low Priority,0.47,Low,Standard customer engagement
5167-GBFRE,100.8,0.0,Low Priority,0.47,Low,Standard customer engagement
6377-KSLXC,99.75,0.0,Low Priority,0.47,Low,Standard customer engagement
2439-QKJUL,101.25,0.0,Low Priority,0.47,Low,Standard customer engagement
3363-EWLGO,99.75,0.0,Low Priority,0.47,Low,Standard customer engagement
4815-GBTCD,100.6,0.0,Low Priority,0.47,Low,Standard customer engagement
8746-OQQRW,101.0,0.0,Low Priority,0.47,Low,Standard customer engagement
9350-ZXYJC,101.2,0.0,Low Priority,0.47,Low,Standard customer engagement
3977-QCRSL,100.75,0.0,Low Priority,0.47,Low,Standard customer engagement
8752-IMQOS,100.5,0.0,Low Priority,0.47,Low,Standard customer engagement
4140-WJAWW,99.25,0.0,Low Priority,0.46,Low,Standard customer engagement
0067-DKWBL,98.5,0.0,Low Priority,0.46,Low,Standard customer engagement
3097-NNSPB,98.1,0.0,Low Priority,0.46,Low,Standard customer engagement
5261-QSHQM,97.8,0.0,Low Priority,0.46,Low,Standard customer engagement
8348-HFYIV,98.5,0.0,Low Priority,0.46,Low,Standard customer engagement
5948-UJZLF,98.5,0.0,Low Priority,0.46,Low,Standard customer engagement
9734-UYXQI,98.8,0.0,Low Priority,0.46,Low,Standard customer engagement
1226-UDFZR,99.2,0.0,Low Priority,0.46,Low,Standard customer engagement
6356-ELRKD,95.6,0.0,Low Priority,0.45,Low,Standard customer engagement
1393-IMKZG,95.85,0.0,Low Priority,0.45,Low,Standard customer engagement
5650-VDUDS,97.0,0.0,Low Priority,0.45,Low,Standard customer engagement
7377-DMMRI,95.6,0.0,Low Priority,0.45,Low,Standard customer engagement
4903-UYAVB,96.75,0.0,Low Priority,0.45,Low,Standard customer engagement
1257-SXUXQ,97.25,0.0,Low Priority,0.45,Low,Standard customer engagement
0303-WMMRN,96.25,0.0,Low Priority,0.45,Low,Standard customer engagement
4116-IQRFR,96.4,0.0,Low Priority,0.45,Low,Standard customer engagement
6521-YYTYI,93.3,0.0,Low Priority,0.44,Low,Standard customer engagement
9223-UCPVT,94.4,0.0,Low Priority,0.44,Low,Standard customer engagement
5968-VXZLG,93.2,0.0,Low Priority,0.44,Low,Standard customer engagement
8149-RSOUN,93.85,0.0,Low Priority,0.44,Low,Standard customer engagement
9300-AGZNL,94.0,0.0,Low Priority,0.44,Low,Standard customer engagement
4910-GMJOT,94.6,0.0,Low Priority,0.44,Low,Standard customer engagement
9497-QCMMS,93.55,0.0,Low Priority,0.44,Low,Standard customer engagement
0684-AOSIH,95.0,0.0,Low Priority,0.44,Low,Standard customer engagement
3186-BAXNB,91.7,0.0,Low Priority,0.43,Low,Standard customer engagement
5365-LLFYV,91.7,0.0,Low Priority,0.43,Low,Standard customer engagement
2842-JTCCU,92.1,0.0,Low Priority,0.43,Low,Standard customer engagement
4537-DKTAL,91.1,0.0,Low Priority,0.43,Low,Standard customer engagement
3988-RQIXO,91.3,0.0,Low Priority,0.43,Low,Standard customer engagement
1501-SGHBW,91.7,0.0,Low Priority,0.43,Low,Standard customer engagement
7841-TZDMQ,92.0,0.0,Low Priority,0.43,Low,Standard customer engagement
1078-TDCRN,92.25,0.0,Low Priority,0.43,Low,Standard customer engagement
9725-SCPZG,90.85,0.0,Low Priority,0.43,Low,Standard customer engagement
8167-GJLRN,91.2,0.0,Low Priority,0.43,Low,Standard customer engagement
4671-LXRDQ,90.0,0.0,Low Priority,0.42,Low,Standard customer engagement
4432-ADRLB,89.3,0.0,Low Priority,0.42,Low,Standard customer engagement
4816-JBHOV,89.4,0.0,Low Priority,0.42,Low,Standard customer engagement
2725-KXXWT,90.75,0.0,Low Priority,0.42,Low,Standard customer engagement
3801-HMYNL,89.15,0.0,Low Priority,0.42,Low,Standard customer engagement
7274-RTAPZ,90.55,0.0,Low Priority,0.42,Low,Standard customer engagement
3278-FSIXX,90.5,0.0,Low Priority,0.42,Low,Standard customer engagement
5797-APWZC,90.6,0.0,Low Priority,0.42,Low,Standard customer engagement
9588-OZDMQ,90.0,0.0,Low Priority,0.42,Low,Standard customer engagement
1728-BQDMA,88.9,0.0,Low Priority,0.42,Low,Standard customer engagement
4273-MBHYA,89.35,0.0,Low Priority,0.42,Low,Standard customer engagement
7729-JTEEC,89.0,0.0,Low Priority,0.42,Low,Standard customer engagement
4959-JOSRX,89.2,0.0,Low Priority,0.42,Low,Standard customer engagement
3538-WZPHD,88.80000000000001,0.0,Low Priority,0.42,Low,Standard customer engagement
6519-CFDBX,90.8,0.0,Low Priority,0.42,Low,Standard customer engagement
4592-IWTJI,89.1,0.0,Low Priority,0.42,Low,Standard customer engagement
1455-ESIQH,89.1,0.0,Low Priority,0.42,Low,Standard customer engagement
6817-WTYHE,89.8,0.0,Low Priority,0.42,Low,Standard customer engagement
8775-LHDJH,90.6,0.0,Low Priority,0.42,Low,Standard customer engagement
3068-OMWZA,88.8,0.0,Low Priority,0.42,Low,Standard customer engagement
5960-MVTUK,89.25,0.0,Low Priority,0.42,Low,Standard customer engagement
7577-SWIFR,89.25,0.0,Low Priority,0.42,Low,Standard customer engagement
7294-TMAOP,90.55,0.0,Low Priority,0.42,Low,Standard customer engagement
2737-WFVYW,90.5,0.0,Low Priority,0.42,Low,Standard customer engagement
1415-YFWLT,89.3,0.0,Low Priority,0.42,Low,Standard customer engagement
5156-UMKOW,88.94999999999999,0.0,Low Priority,0.42,Low,Standard customer engagement
7615-ESMYF,89.2,0.0,Low Priority,0.42,Low,Standard customer engagement
3082-VQXNH,89.4,0.0,Low Priority,0.42,Low,Standard customer engagement
3027-ZTDHO,89.9,0.0,Low Priority,0.42,Low,Standard customer engagement
2962-XPMCQ,90.3,0.0,Low Priority,0.42,Low,Standard customer engagement
1941-HOSAM,90.1,0.0,Low Priority,0.42,Low,Standard customer engagement
8603-IJWDN,86.6,0.0,Low Priority,0.41,Low,Standard customer engagement
0224-RLWWD,88.6,0.0,Low Priority,0.41,Low,Standard customer engagement
3798-EPWRR,87.9,0.0,Low Priority,0.41,Low,Standard customer engagement
3754-DXMRT,88.3,0.0,Low Priority,0.41,Low,Standard customer engagement
0975-VOOVL,87.6,0.0,Low Priority,0.41,Low,Standard customer engagement
2372-HWUHI,88.7,0.0,Low Priority,0.41,Low,Standard customer engagement
4844-JJWUY,86.0,0.0,Low Priority,0.4,Low,Standard customer engagement
8937-RDTHP,84.6,0.0,Low Priority,0.4,Low,Standard customer engagement
4826-XTSOH,86.05,0.0,Low Priority,0.4,Low,Standard customer engagement
7120-RFMVS,84.5,0.0,Low Priority,0.4,Low,Standard customer engagement
6877-TJMBR,84.8,0.0,Low Priority,0.4,Low,Standard customer engagement
5597-GLBUC,85.45,0.0,Low Priority,0.4,Low,Standard customer engagement
3049-NDXFL,85.8,0.0,Low Priority,0.4,Low,Standard customer engagement
7503-ZGUZJ,84.65,0.0,Low Priority,0.4,Low,Standard customer engagement
5192-EBGOV,85.7,0.0,Low Priority,0.4,Low,Standard customer engagement
9124-LHCJQ,85.45,0.0,Low Priority,0.4,Low,Standard customer engagement
4912-PIGUY,84.6,0.0,Low Priority,0.4,Low,Standard customer engagement
9282-IZGQK,85.0,0.0,Low Priority,0.4,Low,Standard customer engagement
0742-NXBGR,82.3,0.0,Low Priority,0.39,Low,Standard customer engagement
7219-TLZHO,83.4,0.0,Low Priority,0.39,Low,Standard customer engagement
7976-CICYS,82.8,0.0,Low Priority,0.39,Low,Standard customer engagement
2792-LSHWX,83.4,0.0,Low Priority,0.39,Low,Standard customer engagement
2013-SGDXK,84.3,0.0,Low Priority,0.39,Low,Standard customer engagement
9367-OIUXP,82.8,0.0,Low Priority,0.39,Low,Standard customer engagement
6457-USBER,80.8,0.0,Low Priority,0.38,Low,Standard customer engagement
4397-FRLTA,80.6,0.0,Low Priority,0.38,Low,Standard customer engagement
4614-NUVZD,81.1,0.0,Low Priority,0.38,Low,Standard customer engagement
8189-DUKMV,82.0,0.0,Low Priority,0.38,Low,Standard customer engagement
0137-OCGAB,80.2,0.0,Low Priority,0.38,Low,Standard customer engagement
5712-VBOXD,80.6,0.0,Low Priority,0.38,Low,Standard customer engagement
5494-HECPR,80.25,0.0,Low Priority,0.38,Low,Standard customer engagement
2018-QKYGT,81.05,0.0,Low Priority,0.38,Low,Standard customer engagement
7439-DKZTW,80.55,0.0,Low Priority,0.38,Low,Standard customer engagement
9929-PLVPA,81.6,0.0,Low Priority,0.38,Low,Standard customer engagement
2004-OCQXK,81.95,0.0,Low Priority,0.38,Low,Standard customer engagement
0318-QUUOB,80.55,0.0,Low Priority,0.38,Low,Standard customer engagement
1336-EZFZY,80.2,0.0,Low Priority,0.38,Low,Standard customer engagement
7903-CMPEY,80.3,0.0,Low Priority,0.38,Low,Standard customer engagement
6772-KSATR,81.7,0.0,Low Priority,0.38,Low,Standard customer engagement
5687-DKDTV,81.4,0.0,Low Priority,0.38,Low,Standard customer engagement
2495-TTHBQ,81.6,0.0,Low Priority,0.38,Low,Standard customer engagement
6469-QJKZW,80.6,0.0,Low Priority,0.38,Low,Standard customer engagement
7874-ECPQJ,80.2,0.0,Low Priority,0.38,Low,Standard customer engagement
9618-LFJRU,81.8,0.0,Low Priority,0.38,Low,Standard customer engagement
0031-PVLZI,81.4,0.0,Low Priority,0.38,Low,Standard customer engagement
3345-JHUEO,80.8,0.0,Low Priority,0.38,Low,Standard customer engagement
5673-TIYIB,80.8,0.0,Low Priority,0.38,Low,Standard customer engagement
6231-WFGFH,82.0,0.0,Low Priority,0.38,Low,Standard customer engagement
5275-SQEIZ,80.85,0.0,Low Priority,0.38,Low,Standard customer engagement
8058-INTPH,79.65,0.0,Low Priority,0.37,Low,Standard customer engagement
1761-AEZZR,79.55,0.0,Low Priority,0.37,Low,Standard customer engagement
0495-RVCBF,79.7,0.0,Low Priority,0.37,Low,Standard customer engagement
2777-PHDEI,78.05,0.0,Low Priority,0.37,Low,Standard customer engagement
1285-OKIPP,79.9,0.0,Low Priority,0.37,Low,Standard customer engagement
7493-TPUWZ,79.15,0.0,Low Priority,0.37,Low,Standard customer engagement
0323-XWWTN,79.19999999999999,0.0,Low Priority,0.37,Low,Standard customer engagement
8945-GRKHX,78.65,0.0,Low Priority,0.37,Low,Standard customer engagement
6567-HOOPW,79.2,0.0,Low Priority,0.37,Low,Standard customer engagement
1354-YZFNB,78.2,0.0,Low Priority,0.37,Low,Standard customer engagement
5702-SKUOB,78.4,0.0,Low Priority,0.37,Low,Standard customer engagement
5393-RXQSZ,79.6,0.0,Low Priority,0.37,Low,Standard customer engagement
5919-TMRGD,79.35,0.0,Low Priority,0.37,Low,Standard customer engagement
5960-WPXQM,79.05,0.0,Low Priority,0.37,Low,Standard customer engagement
3097-PYWXL,79.8,0.0,Low Priority,0.37,Low,Standard customer engagement
6618-RYATB,79.55,0.0,Low Priority,0.37,Low,Standard customer engagement
8740-CRYFY,78.95,0.0,Low Priority,0.37,Low,Standard customer engagement
7594-RQHXR,79.6,0.0,Low Priority,0.37,Low,Standard customer engagement
5144-PQCDZ,79.8,0.0,Low Priority,0.37,Low,Standard customer engagement
0690-SRQID,78.6,0.0,Low Priority,0.37,Low,Standard customer engagement
9300-RENDD,79.95,0.0,Low Priority,0.37,Low,Standard customer engagement
6260-XLACS,78.8,0.0,Low Priority,0.37,Low,Standard customer engagement
8580-AECUZ,79.1,0.0,Low Priority,0.37,Low,Standard customer engagement
2868-MZAGQ,79.25,0.0,Low Priority,0.37,Low,Standard customer engagement
4558-CGYCZ,79.0,0.0,Low Priority,0.37,Low,Standard customer engagement
0754-EEBDC,79.6,0.0,Low Priority,0.37,Low,Standard customer engagement
9885-CSMWE,78.45,0.0,Low Priority,0.37,Low,Standard customer engagement
9019-QVLZD,79.55,0.0,Low Priority,0.37,Low,Standard customer engagement
6086-ESGRL,80.15,0.0,Low Priority,0.37,Low,Standard customer engagement
6960-HVYXR,76.0,0.0,Low Priority,0.36,Low,Standard customer engagement
0231-LXVAP,75.9,0.0,Low Priority,0.36,Low,Standard customer engagement
8410-BGQXN,77.6,0.0,Low Priority,0.36,Low,Standard customer engagement
7234-KMNRQ,76.0,0.0,Low Priority,0.36,Low,Standard customer engagement
3296-SILRA,76.4,0.0,Low Priority,0.36,Low,Standard customer engagement
9444-JTXHZ,76.2,0.0,Low Priority,0.36,Low,Standard customer engagement
5222-JCXZT,76.0,0.0,Low Priority,0.36,Low,Standard customer engagement
6368-TZZDT,78.0,0.0,Low Priority,0.36,Low,Standard customer engagement
6894-LFHLY,75.75,0.0,Low Priority,0.35,Low,Standard customer engagement
4102-OQUPX,74.4,0.0,Low Priority,0.35,Low,Standard customer engagement
5054-IEXZT,75.35,0.0,Low Priority,0.35,Low,Standard customer engagement
8687-BAFGU,74.0,0.0,Low Priority,0.35,Low,Standard customer engagement
9743-DQKQW,75.30000000000001,0.0,Low Priority,0.35,Low,Standard customer engagement
2424-WVHPL,74.7,0.0,Low Priority,0.35,Low,Standard customer engagement
2468-SJFLM,74.3,0.0,Low Priority,0.35,Low,Standard customer engagement
5564-NEMQO,75.3,0.0,Low Priority,0.35,Low,Standard customer engagement
8816-VXNZD,75.1,0.0,Low Priority,0.35,Low,Standard customer engagement
9894-EZEWG,74.3,0.0,Low Priority,0.35,Low,Standard customer engagement
3765-JXVKY,74.7,0.0,Low Priority,0.35,Low,Standard customer engagement
1746-TGTWV,75.35,0.0,Low Priority,0.35,Low,Standard customer engagement
6358-LYNGM,74.9,0.0,Low Priority,0.35,Low,Standard customer engagement
9277-JOOMO,73.80000000000001,0.0,Low Priority,0.35,Low,Standard customer engagement
7595-EUIVN,75.8,0.0,Low Priority,0.35,Low,Standard customer engagement
2982-IHMFT,74.45,0.0,Low Priority,0.35,Low,Standard customer engagement
5240-IJOQT,74.7,0.0,Low Priority,0.35,Low,Standard customer engagement
1866-OBPNR,74.6,0.0,Low Priority,0.35,Low,Standard customer engagement
3551-HUAZH,74.4,0.0,Low Priority,0.35,Low,Standard customer engagement
9840-EFJQB,74.35,0.0,Low Priority,0.35,Low,Standard customer engagement
1157-BQCUW,74.95,0.0,Low Priority,0.35,Low,Standard customer engagement
3276-HDUEG,75.05,0.0,Low Priority,0.35,Low,Standard customer engagement
2024-BASKD,74.6,0.0,Low Priority,0.35,Low,Standard customer engagement
6996-KNSML,74.9,0.0,Low Priority,0.35,Low,Standard customer engagement
2592-SEIFQ,74.25,0.0,Low Priority,0.35,Low,Standard customer engagement
5043-TRZWM,75.55,0.0,Low Priority,0.35,Low,Standard customer engagement
4274-OWWYO,74.35,0.0,Low Priority,0.35,Low,Standard customer engagement
0620-XEFWH,75.4,0.0,Low Priority,0.35,Low,Standard customer engagement
9787-XVQIU,75.3,0.0,Low Priority,0.35,Low,Standard customer engagement
1833-VGRUM,74.2,0.0,Low Priority,0.35,Low,Standard customer engagement
8372-JUXUI,74.35,0.0,Low Priority,0.35,Low,Standard customer engagement
9399-APLBT,74.7,0.0,Low Priority,0.35,Low,Standard customer engagement
1452-VOQCH,75.1,0.0,Low Priority,0.35,Low,Standard customer engagement
3746-EUBYR,74.6,0.0,Low Priority,0.35,Low,Standard customer engagement
4988-IQIGL,75.35,0.0,Low Priority,0.35,Low,Standard customer engagement
0723-DRCLG,74.45,0.0,Low Priority,0.35,Low,Standard customer engagement
0817-HSUSE,75.5,0.0,Low Priority,0.35,Low,Standard customer engagement
5834-ASPWA,75.45,0.0,Low Priority,0.35,Low,Standard customer engagement
6390-DSAZX,73.6,0.0,Low Priority,0.34,Low,Standard customer engagement
0021-IKXGC,72.1,0.0,Low Priority,0.34,Low,Standard customer engagement
8473-VUVJN,73.65,0.0,Low Priority,0.34,Low,Standard customer engagement
4075-WKNIU,73.35,0.0,Low Priority,0.34,Low,Standard customer engagement
6513-EECDB,73.55,0.0,Low Priority,0.34,Low,Standard customer engagement
1977-STDKI,73.0,0.0,Low Priority,0.34,Low,Standard customer engagement
8644-XLFBW,71.65,0.0,Low Priority,0.34,Low,Standard customer engagement
3494-JCHRQ,70.05,0.0,Low Priority,0.33,Low,Standard customer engagement
7465-ZZRVX,70.35,0.0,Low Priority,0.33,Low,Standard customer engagement
9605-WGJVW,70.2,0.0,Low Priority,0.33,Low,Standard customer engagement
8309-IEYJD,70.6,0.0,Low Priority,0.33,Low,Standard customer engagement
1031-IIDEO,70.85,0.0,Low Priority,0.33,Low,Standard customer engagement
4702-IOQDC,70.1,0.0,Low Priority,0.33,Low,Standard customer engagement
5940-AHUHD,70.6,0.0,Low Priority,0.33,Low,Standard customer engagement
5583-SXDAG,70.0,0.0,Low Priority,0.33,Low,Standard customer engagement
5032-MIYKT,70.7,0.0,Low Priority,0.33,Low,Standard customer engagement
4550-EVXNY,69.65,0.0,Low Priority,0.33,Low,Standard customer engagement
4603-JANFB,69.85,0.0,Low Priority,0.33,Low,Standard customer engagement
0515-YPMCW,70.45,0.0,Low Priority,0.33,Low,Standard customer engagement
9617-INGJY,70.6,0.0,Low Priority,0.33,Low,Standard customer engagement
0488-GSLFR,69.5,0.0,Low Priority,0.33,Low,Standard customer engagement
7254-IQWOZ,69.65,0.0,Low Priority,0.33,Low,Standard customer engagement
4510-HIMLV,69.8,0.0,Low Priority,0.33,Low,Standard customer engagement
1084-UQCHV,69.75,0.0,Low Priority,0.33,Low,Standard customer engagement
2506-TNFCO,69.55,0.0,Low Priority,0.33,Low,Standard customer engagement
4110-PFEUZ,69.55,0.0,Low Priority,0.33,Low,Standard customer engagement
6140-QNRQQ,71.55,0.0,Low Priority,0.33,Low,Standard customer engagement
0151-ONTOV,70.9,0.0,Low Priority,0.33,Low,Standard customer engagement
0511-JTEOY,71.1,0.0,Low Priority,0.33,Low,Standard customer engagement
7343-EOBEU,70.80000000000001,0.0,Low Priority,0.33,Low,Standard customer engagement
8051-HJRLT,70.55,0.0,Low Priority,0.33,Low,Standard customer engagement
3177-LASXD,71.35,0.0,Low Priority,0.33,Low,Standard customer engagement
6502-MJQAE,69.6,0.0,Low Priority,0.33,Low,Standard customer engagement
5134-IKDAY,69.8,0.0,Low Priority,0.33,Low,Standard customer engagement
7153-OANIO,69.95,0.0,Low Priority,0.33,Low,Standard customer engagement
5539-TMZLF,69.75,0.0,Low Priority,0.33,Low,Standard customer engagement
2262-SLNVK,70.1,0.0,Low Priority,0.33,Low,Standard customer engagement
0812-WUPTB,70.85,0.0,Low Priority,0.33,Low,Standard customer engagement
2585-KTFRE,70.45,0.0,Low Priority,0.33,Low,Standard customer engagement
1640-PLFMP,70.25,0.0,Low Priority,0.33,Low,Standard customer engagement
8040-MNRTF,71.1,0.0,Low Priority,0.33,Low,Standard customer engagement
2636-ALXXZ,69.6,0.0,Low Priority,0.33,Low,Standard customer engagement
9603-OAIHC,70.05,0.0,Low Priority,0.33,Low,Standard customer engagement
1846-XWOQN,70.15,0.0,Low Priority,0.33,Low,Standard customer engagement
1062-LHZOD,69.9,0.0,Low Priority,0.33,Low,Standard customer engagement
8000-REIQB,69.95,0.0,Low Priority,0.33,Low,Standard customer engagement
5550-VFRLC,69.85,0.0,Low Priority,0.33,Low,Standard customer engagement
4501-EQDRN,69.7,0.0,Low Priority,0.33,Low,Standard customer engagement
0519-XUZJU,70.75,0.0,Low Priority,0.33,Low,Standard customer engagement
4759-TRPLW,70.4,0.0,Low Priority,0.33,Low,Standard customer engagement
1915-IOFGU,70.5,0.0,Low Priority,0.33,Low,Standard customer engagement
9985-MWVIX,70.15,0.0,Low Priority,0.33,Low,Standard customer engagement
2446-PLQVO,70.3,0.0,Low Priority,0.33,Low,Standard customer engagement
0328-GRPMV,70.1,0.0,Low Priority,0.33,Low,Standard customer engagement
8062-YBDOE,69.65,0.0,Low Priority,0.33,Low,Standard customer engagement
4871-JTKJF,69.65,0.0,Low Priority,0.33,Low,Standard customer engagement
0968-GSIKN,70.8,0.0,Low Priority,0.33,Low,Standard customer engagement
2619-WFQWU,70.15,0.0,Low Priority,0.33,Low,Standard customer engagement
3878-AVSOQ,71.25,0.0,Low Priority,0.33,Low,Standard customer engagement
7665-TOALD,69.6,0.0,Low Priority,0.33,Low,Standard customer engagement
2920-RNCEZ,69.95,0.0,Low Priority,0.33,Low,Standard customer engagement
6653-CBBOM,70.3,0.0,Low Priority,0.33,Low,Standard customer engagement
3066-RRJIO,69.95,0.0,Low Priority,0.33,Low,Standard customer engagement
1363-TXLSL,70.3,0.0,Low Priority,0.33,Low,Standard customer engagement
8042-JVNFH,71.35,0.0,Low Priority,0.33,Low,Standard customer engagement
9488-HGMJH,71.15,0.0,Low Priority,0.33,Low,Standard customer engagement
5875-YPQFJ,69.9,0.0,Low Priority,0.33,Low,Standard customer engagement
1122-JWTJW,70.65,0.0,Low Priority,0.33,Low,Standard customer engagement
4806-HIPDW,68.95,0.0,Low Priority,0.32,Low,Standard customer engagement
1447-GIQMR,69.15,0.0,Low Priority,0.32,Low,Standard customer engagement
9728-FTTVZ,69.2,0.0,Low Priority,0.32,Low,Standard customer engagement
5884-GCYMI,69.4,0.0,Low Priority,0.32,Low,Standard customer engagement
6416-TVAIH,68.5,0.0,Low Priority,0.32,Low,Standard customer engagement
0822-GAVAP,69.4,0.0,Low Priority,0.32,Low,Standard customer engagement
1086-LXKFY,69.1,0.0,Low Priority,0.32,Low,Standard customer engagement
7206-GZCDC,69.25,0.0,Low Priority,0.32,Low,Standard customer engagement
2856-HYAPG,68.65,0.0,Low Priority,0.32,Low,Standard customer engagement
7660-HDPJV,69.2,0.0,Low Priority,0.32,Low,Standard customer engagement
3871-IKPYH,69.1,0.0,Low Priority,0.32,Low,Standard customer engagement
7908-QCBCA,69.4,0.0,Low Priority,0.32,Low,Standard customer engagement
6457-GIRWB,69.35,0.0,Low Priority,0.32,Low,Standard customer engagement
3428-XZMAZ,69.35,0.0,Low Priority,0.32,Low,Standard customer engagement
6260-ONULR,62.8,0.0,Low Priority,0.29,Low,Standard customer engagement
2775-SEFEE,61.9,0.0,Low Priority,0.29,Low,Standard customer engagement
4030-VPZBD,61.8,0.0,Low Priority,0.29,Low,Standard customer engagement
6394-HHHZM,62.1,0.0,Low Priority,0.29,Low,Standard customer engagement
4390-KYULV,61.650000000000006,0.0,Low Priority,0.29,Low,Standard customer engagement
9770-LXDBK,61.2,0.0,Low Priority,0.29,Low,Standard customer engagement
2792-VPPET,61.5,0.0,Low Priority,0.29,Low,Standard customer engagement
1928-BXYIV,61.15,0.0,Low Priority,0.29,Low,Standard customer engagement
2621-UDNLU,62.55,0.0,Low Priority,0.29,Low,Standard customer engagement
3744-ZBHON,60.6,0.0,Low Priority,0.28,Low,Standard customer engagement
6734-CKRSM,60.0,0.0,Low Priority,0.28,Low,Standard customer engagement
4393-OBCRR,60.75,0.0,Low Priority,0.28,Low,Standard customer engagement
5066-GFJMM,59.7,0.0,Low Priority,0.28,Low,Standard customer engagement
0268-QKIWO,59.25,0.0,Low Priority,0.28,Low,Standard customer engagement
7526-IVLYU,58.95,0.0,Low Priority,0.28,Low,Standard customer engagement
0137-UDEUO,59.55,0.0,Low Priority,0.28,Low,Standard customer engagement
2393-DIVAI,60.0,0.0,Low Priority,0.28,Low,Standard customer engagement
1465-WCZVT,58.95,0.0,Low Priority,0.28,Low,Standard customer engagement
7389-KBFIT,60.5,0.0,Low Priority,0.28,Low,Standard customer engagement
6837-BJYDQ,58.8,0.0,Low Priority,0.28,Low,Standard customer engagement
3407-QGWLG,60.150000000000006,0.0,Low Priority,0.28,Low,Standard customer engagement
5673-FSSMF,60.15,0.0,Low Priority,0.28,Low,Standard customer engagement
3195-TQDZX,60.75,0.0,Low Priority,0.28,Low,Standard customer engagement
0030-FNXPP,59.55,0.0,Low Priority,0.28,Low,Standard customer engagement
1142-WACZW,59.7,0.0,Low Priority,0.28,Low,Standard customer engagement
1449-XQEMT,59.400000000000006,0.0,Low Priority,0.28,Low,Standard customer engagement
4797-AXPXK,60.0,0.0,Low Priority,0.28,Low,Standard customer engagement
2853-CWQFQ,59.55,0.0,Low Priority,0.28,Low,Standard customer engagement
3039-MJSLN,60.6,0.0,Low Priority,0.28,Low,Standard customer engagement
7808-DVWEP,60.0,0.0,Low Priority,0.28,Low,Standard customer engagement
7521-YXVZY,59.85,0.0,Low Priority,0.28,Low,Standard customer engagement
1582-RAFML,60.1,0.0,Low Priority,0.28,Low,Standard customer engagement
6022-KOUQO,58.1,0.0,Low Priority,0.27,Low,Standard customer engagement
7785-RDVIG,57.900000000000006,0.0,Low Priority,0.27,Low,Standard customer engagement
1179-INLAT,58.35,0.0,Low Priority,0.27,Low,Standard customer engagement
9039-ZVJDC,57.3,0.0,Low Priority,0.27,Low,Standard customer engagement
1407-DIGZV,57.3,0.0,Low Priority,0.27,Low,Standard customer engagement
2232-DMLXU,55.2,0.0,Low Priority,0.26,Low,Standard customer engagement
0674-EYYZV,54.65,0.0,Low Priority,0.26,Low,Standard customer engagement
3518-PZXZQ,55.3,0.0,Low Priority,0.26,Low,Standard customer engagement
6629-CZTTH,55.7,0.0,Low Priority,0.26,Low,Standard customer engagement
4727-MCYZG,55.55,0.0,Low Priority,0.26,Low,Standard customer engagement
9822-OAOVB,55.45,0.0,Low Priority,0.26,Low,Standard customer engagement
4074-SJFFA,54.75,0.0,Low Priority,0.26,Low,Standard customer engagement
1371-DWPAZ,56.05,0.0,Low Priority,0.26,Low,Standard customer engagement
3806-YAZOV,56.400000000000006,0.0,Low Priority,0.26,Low,Standard customer engagement
2043-WVTQJ,55.7,0.0,Low Priority,0.26,Low,Standard customer engagement
3577-AMVUX,55.05,0.0,Low Priority,0.26,Low,Standard customer engagement
4351-QLCSU,55.0,0.0,Low Priority,0.26,Low,Standard customer engagement
3583-EKAPL,55.0,0.0,Low Priority,0.26,Low,Standard customer engagement
4201-JMNGR,55.8,0.0,Low Priority,0.26,Low,Standard customer engagement
5909-ECHUI,56.25,0.0,Low Priority,0.26,Low,Standard customer engagement
4472-LVYGI,52.55,0.0,Low Priority,0.25,Low,Standard customer engagement
4349-GFQHK,54.35,0.0,Low Priority,0.25,Low,Standard customer engagement
6907-FLBER,54.3,0.0,Low Priority,0.25,Low,Standard customer engagement
9108-EJFJP,53.55,0.0,Low Priority,0.25,Low,Standard customer engagement
4929-BSTRX,53.55,0.0,Low Priority,0.25,Low,Standard customer engagement
7246-ZGQDF,54.5,0.0,Low Priority,0.25,Low,Standard customer engagement
6689-KXGBO,50.55,0.0,Low Priority,0.24,Low,Standard customer engagement
6888-SBYAI,50.7,0.0,Low Priority,0.24,Low,Standard customer engagement
9637-EIHEQ,50.8,0.0,Low Priority,0.24,Low,Standard customer engagement
7767-UXAGJ,50.45,0.0,Low Priority,0.24,Low,Standard customer engagement
9564-KCLHR,51.25,0.0,Low Priority,0.24,Low,Standard customer engagement
6905-NIQIN,50.65,0.0,Low Priority,0.24,Low,Standard customer engagement
8695-WDYEA,51.25,0.0,Low Priority,0.24,Low,Standard customer engagement
7794-JASDG,50.75,0.0,Low Priority,0.24,Low,Standard customer engagement
2103-ZRXFN,50.75,0.0,Low Priority,0.24,Low,Standard customer engagement
8992-JQYUN,50.35,0.0,Low Priority,0.24,Low,Standard customer engagement
2947-DOMLJ,50.6,0.0,Low Priority,0.24,Low,Standard customer engagement
9058-CBREO,50.55,0.0,Low Priority,0.24,Low,Standard customer engagement
3946-MHCZW,50.9,0.0,Low Priority,0.24,Low,Standard customer engagement
2207-NHRJK,50.8,0.0,Low Priority,0.24,Low,Standard customer engagement
7442-YGZFK,49.8,0.0,Low Priority,0.23,Low,Standard customer engagement
0322-YINQP,48.55,0.0,Low Priority,0.23,Low,Standard customer engagement
2607-FBDFF,49.0,0.0,Low Priority,0.23,Low,Standard customer engagement
8064-RAVOH,49.85,0.0,Low Priority,0.23,Low,Standard customer engagement
0623-GDISB,48.45,0.0,Low Priority,0.23,Low,Standard customer engagement
8885-QSQBX,49.55,0.0,Low Priority,0.23,Low,Standard customer engagement
6876-ADESB,48.95,0.0,Low Priority,0.23,Low,Standard customer engagement
1794-HBQTJ,48.6,0.0,Low Priority,0.23,Low,Standard customer engagement
2722-JMONI,49.55,0.0,Low Priority,0.23,Low,Standard customer engagement
4065-JJAVA,49.5,0.0,Low Priority,0.23,Low,Standard customer engagement
2933-FILNV,48.8,0.0,Low Priority,0.23,Low,Standard customer engagement
0374-AACSZ,50.15,0.0,Low Priority,0.23,Low,Standard customer engagement
1453-RZFON,49.9,0.0,Low Priority,0.23,Low,Standard customer engagement
4236-UJPWO,49.0,0.0,Low Priority,0.23,Low,Standard customer engagement
1777-JYQPJ,48.6,0.0,Low Priority,0.23,Low,Standard customer engagement
4749-VFKVB,50.1,0.0,Low Priority,0.23,Low,Standard customer engagement
1406-PUQVY,49.9,0.0,Low Priority,0.23,Low,Standard customer engagement
7312-XSBAT,49.75,0.0,Low Priority,0.23,Low,Standard customer engagement
5047-LHVLY,50.15,0.0,Low Priority,0.23,Low,Standard customer engagement
3716-UVSPD,49.3,0.0,Low Priority,0.23,Low,Standard customer engagement
0248-IPDFW,50.1,0.0,Low Priority,0.23,Low,Standard customer engagement
2273-QCKXA,49.05,0.0,Low Priority,0.23,Low,Standard customer engagement
1660-HSOOQ,49.65,0.0,Low Priority,0.23,Low,Standard customer engagement
1845-ZLLIG,50.15,0.0,Low Priority,0.23,Low,Standard customer engagement
2740-TVLFN,50.15,0.0,Low Priority,0.23,Low,Standard customer engagement
5482-PLVPE,48.7,0.0,Low Priority,0.23,Low,Standard customer engagement
8263-JQAIK,48.9,0.0,Low Priority,0.23,Low,Standard customer engagement
0746-JTRFU,50.1,0.0,Low Priority,0.23,Low,Standard customer engagement
1976-CFOCS,46.0,0.0,Low Priority,0.22,Low,Standard customer engagement
8286-AFUYI,47.95,0.0,Low Priority,0.22,Low,Standard customer engagement
3669-OYSJI,46.2,0.0,Low Priority,0.22,Low,Standard customer engagement
6185-TASNN,46.3,0.0,Low Priority,0.22,Low,Standard customer engagement
7593-XFKDI,46.3,0.0,Low Priority,0.22,Low,Standard customer engagement
9214-EKVXR,44.0,0.0,Low Priority,0.21,Low,Standard customer engagement
1963-SVUCV,45.3,0.0,Low Priority,0.21,Low,Standard customer engagement
8710-YGLWG,44.9,0.0,Low Priority,0.21,Low,Standard customer engagement
6142-VSJQO,44.35,0.0,Low Priority,0.21,Low,Standard customer engagement
7065-YUNRY,45.3,0.0,Low Priority,0.21,Low,Standard customer engagement
4193-ORFCL,45.1,0.0,Low Priority,0.21,Low,Standard customer engagement
3961-SXAXY,44.05,0.0,Low Priority,0.21,Low,Standard customer engagement
7825-GKXMW,45.8,0.0,Low Priority,0.21,Low,Standard customer engagement
6145-NNPNO,44.15,0.0,Low Priority,0.21,Low,Standard customer engagement
2275-RBYQS,45.4,0.0,Low Priority,0.21,Low,Standard customer engagement
9828-AOQLM,45.7,0.0,Low Priority,0.21,Low,Standard customer engagement
3566-HJGPK,45.55,0.0,Low Priority,0.21,Low,Standard customer engagement
5522-JBWMO,44.0,0.0,Low Priority,0.21,Low,Standard customer engagement
5858-EAFCZ,44.45,0.0,Low Priority,0.21,Low,Standard customer engagement
0082-LDZUE,44.3,0.0,Low Priority,0.21,Low,Standard customer engagement
8705-WZCYL,44.8,0.0,Low Priority,0.21,Low,Standard customer engagement
6128-CZOMY,45.65,0.0,Low Priority,0.21,Low,Standard customer engagement
6650-VJONK,43.85,0.0,Low Priority,0.21,Low,Standard customer engagement
8356-WUAOJ,45.0,0.0,Low Priority,0.21,Low,Standard customer engagement
1612-EOHDH,45.15,0.0,Low Priority,0.21,Low,Standard customer engagement
3926-CUQZX,45.1,0.0,Low Priority,0.21,Low,Standard customer engagement
4373-VVHQL,44.75,0.0,Low Priority,0.21,Low,Standard customer engagement
6595-COKXZ,44.45,0.0,Low Priority,0.21,Low,Standard customer engagement
4847-QNOKA,44.9,0.0,Low Priority,0.21,Low,Standard customer engagement
2082-CEFLT,45.6,0.0,Low Priority,0.21,Low,Standard customer engagement
2833-SLKDQ,45.05,0.0,Low Priority,0.21,Low,Standard customer engagement
5552-ZNFSJ,45.3,0.0,Low Priority,0.21,Low,Standard customer engagement
6127-IYJOZ,45.85,0.0,Low Priority,0.21,Low,Standard customer engagement
0887-HJGAR,45.7,0.0,Low Priority,0.21,Low,Standard customer engagement
7568-PODML,45.3,0.0,Low Priority,0.21,Low,Standard customer engagement
9244-ZVAPM,45.6,0.0,Low Priority,0.21,Low,Standard customer engagement
3085-QUOZK,43.95,0.0,Low Priority,0.21,Low,Standard customer engagement
8950-MTZNV,44.95,0.0,Low Priority,0.21,Low,Standard customer engagement
5077-DXTCG,45.3,0.0,Low Priority,0.21,Low,Standard customer engagement
4361-JEIVL,44.4,0.0,Low Priority,0.21,Low,Standard customer engagement
2903-YYTBW,44.55,0.0,Low Priority,0.21,Low,Standard customer engagement
8180-AKMJV,44.55,0.0,Low Priority,0.21,Low,Standard customer engagement
0415-MOSGF,44.4,0.0,Low Priority,0.21,Low,Standard customer engagement
9448-REEVD,44.7,0.0,Low Priority,0.21,Low,Standard customer engagement
6982-SSHFK,44.4,0.0,Low Priority,0.21,Low,Standard customer engagement
7359-PTSXY,45.75,0.0,Low Priority,0.21,Low,Standard customer engagement
3165-HDOEW,45.85,0.0,Low Priority,0.21,Low,Standard customer engagement
4855-SNKMY,44.1,0.0,Low Priority,0.21,Low,Standard customer engagement
9117-SHLZX,45.7,0.0,Low Priority,0.21,Low,Standard customer engagement
7754-IXRMC,45.35,0.0,Low Priority,0.21,Low,Standard customer engagement
7252-NTGSS,45.15,0.0,Low Priority,0.21,Low,Standard customer engagement
8720-RQSBJ,44.0,0.0,Low Priority,0.21,Low,Standard customer engagement
5696-QURRL,45.05,0.0,Low Priority,0.21,Low,Standard customer engagement
4146-SVFUD,44.6,0.0,Low Priority,0.21,Low,Standard customer engagement
6582-OIVSP,45.3,0.0,Low Priority,0.21,Low,Standard customer engagement
2135-RXIHG,45.65,0.0,Low Priority,0.21,Low,Standard customer engagement
3413-BMNZE,45.25,0.0,Low Priority,0.21,Low,Standard customer engagement
6959-UWKHF,42.9,0.0,Low Priority,0.2,Low,Standard customer engagement
6702-OHFWR,43.3,0.0,Low Priority,0.2,Low,Standard customer engagement
1478-VPOAD,43.8,0.0,Low Priority,0.2,Low,Standard customer engagement
8779-QRDMV,39.65,0.0,Low Priority,0.19,Low,Standard customer engagement
2303-PJYHN,39.7,0.0,Low Priority,0.19,Low,Standard customer engagement
7636-XUHWW,39.8,0.0,Low Priority,0.19,Low,Standard customer engagement
8739-QOTTN,40.7,0.0,Low Priority,0.19,Low,Standard customer engagement
5562-YJQGT,40.7,0.0,Low Priority,0.19,Low,Standard customer engagement
4195-SMMNX,40.7,0.0,Low Priority,0.19,Low,Standard customer engagement
1796-JANOW,39.9,0.0,Low Priority,0.19,Low,Standard customer engagement
4986-MXSFP,40.0,0.0,Low Priority,0.19,Low,Standard customer engagement
2410-CIYFZ,40.8,0.0,Low Priority,0.19,Low,Standard customer engagement
0188-GWFLE,40.1,0.0,Low Priority,0.19,Low,Standard customer engagement
2832-SCUCO,39.8,0.0,Low Priority,0.19,Low,Standard customer engagement
8006-PYCSW,40.2,0.0,Low Priority,0.19,Low,Standard customer engagement
3007-FDPEA,41.4,0.0,Low Priority,0.19,Low,Standard customer engagement
6942-LBFDP,41.1,0.0,Low Priority,0.19,Low,Standard customer engagement
5067-DGXLL,40.5,0.0,Low Priority,0.19,Low,Standard customer engagement
9818-XQCUV,40.7,0.0,Low Priority,0.19,Low,Standard customer engagement
6870-ECSHE,40.9,0.0,Low Priority,0.19,Low,Standard customer engagement
4697-LUPSU,40.4,0.0,Low Priority,0.19,Low,Standard customer engagement
9700-ZCLOT,40.0,0.0,Low Priority,0.19,Low,Standard customer engagement
1755-RMCXH,40.6,0.0,Low Priority,0.19,Low,Standard customer engagement
8150-QUDFX,39.7,0.0,Low Priority,0.19,Low,Standard customer engagement
5173-ZXXXL,39.9,0.0,Low Priority,0.19,Low,Standard customer engagement
7734-DBOAI,40.1,0.0,Low Priority,0.19,Low,Standard customer engagement
8610-ZIKJJ,40.6,0.0,Low Priority,0.19,Low,Standard customer engagement
5919-VCZYM,40.1,0.0,Low Priority,0.19,Low,Standard customer engagement
2342-CKIAO,40.6,0.0,Low Priority,0.19,Low,Standard customer engagement
9514-JDSKI,40.2,0.0,Low Priority,0.19,Low,Standard customer engagement
0871-OPBXW,40.1,0.0,Low Priority,0.19,Low,Standard customer engagement
9137-NOQKA,38.4,0.0,Low Priority,0.18,Low,Standard customer engagement
9426-SXNHE,37.5,0.0,Low Priority,0.18,Low,Standard customer engagement
3936-QQFLL,39.5,0.0,Low Priority,0.18,Low,Standard customer engagement
9101-NTIXF,38.8,0.0,Low Priority,0.18,Low,Standard customer engagement
2640-LYMOV,39.3,0.0,Low Priority,0.18,Low,Standard customer engagement
0396-HUJBP,38.6,0.0,Low Priority,0.18,Low,Standard customer engagement
0883-EIBTI,39.0,0.0,Low Priority,0.18,Low,Standard customer engagement
0366-NQSHS,38.7,0.0,Low Priority,0.18,Low,Standard customer engagement
3845-FXCYS,39.3,0.0,Low Priority,0.18,Low,Standard customer engagement
3156-QLHBO,38.5,0.0,Low Priority,0.18,Low,Standard customer engagement
3091-FYHKI,35.45,0.0,Low Priority,0.17,Low,Standard customer engagement
5378-IKEEG,35.75,0.0,Low Priority,0.17,Low,Standard customer engagement
3776-EKTKM,36.45,0.0,Low Priority,0.17,Low,Standard customer engagement
7854-FOKSF,35.9,0.0,Low Priority,0.17,Low,Standard customer engagement
2049-BAFNW,35.9,0.0,Low Priority,0.17,Low,Standard customer engagement
0375-HVGXO,34.7,0.0,Low Priority,0.16,Low,Standard customer engagement
1740-CSDJP,35.25,0.0,Low Priority,0.16,Low,Standard customer engagement
3751-KTZEL,35.05,0.0,Low Priority,0.16,Low,Standard customer engagement
3841-CONLJ,35.0,0.0,Low Priority,0.16,Low,Standard customer engagement
6917-IAYHD,33.6,0.0,Low Priority,0.16,Low,Standard customer engagement
5868-CZJDR,31.35,0.0,Low Priority,0.15,Low,Standard customer engagement
7590-VHVEG,29.85,0.0,Low Priority,0.14,Low,Standard customer engagement
0032-PGELS,30.5,0.0,Low Priority,0.14,Low,Standard customer engagement
9526-BIHHD,29.7,0.0,Low Priority,0.14,Low,Standard customer engagement
6656-JWRQX,30.55,0.0,Low Priority,0.14,Low,Standard customer engagement
8665-UTDHZ,30.2,0.0,Low Priority,0.14,Low,Standard customer engagement
5999-LCXAO,29.9,0.0,Low Priority,0.14,Low,Standard customer engagement
2209-XADXF,25.25,0.0,Low Priority,0.12,Low,Standard customer engagement
8896-BQTTI,25.0,0.0,Low Priority,0.12,Low,Standard customer engagement
4367-NHWMM,24.9,0.0,Low Priority,0.12,Low,Standard customer engagement
6032-IGALN,25.1,0.0,Low Priority,0.12,Low,Standard customer engagement
3213-VVOLG,25.35,0.0,Low Priority,0.12,Low,Standard customer engagement
2712-SYWAY,25.7,0.0,Low Priority,0.12,Low,Standard customer engagement
0023-HGHWL,25.1,0.0,Low Priority,0.12,Low,Standard customer engagement
2672-DZUOY,25.15,0.0,Low Priority,0.12,Low,Standard customer engagement
8260-NGFNY,25.2,0.0,Low Priority,0.12,Low,Standard customer engagement
7932-WPTDS,24.8,0.0,Low Priority,0.12,Low,Standard customer engagement
7537-RBWEA,25.15,0.0,Low Priority,0.12,Low,Standard customer engagement
4367-NUYAO,25.75,0.0,Low Priority,0.12,Low,Standard customer engagement
2862-PFNIK,24.7,0.0,Low Priority,0.12,Low,Standard customer engagement
1496-GGSUK,25.7,0.0,Low Priority,0.12,Low,Standard customer engagement
7242-QZLXF,25.3,0.0,Low Priority,0.12,Low,Standard customer engagement
2538-OIMXF,24.7,0.0,Low Priority,0.12,Low,Standard customer engagement
6366-ZGQGL,24.8,0.0,Low Priority,0.12,Low,Standard customer engagement
2080-SRCDE,25.4,0.0,Low Priority,0.12,Low,Standard customer engagement
4729-XKASR,24.75,0.0,Low Priority,0.12,Low,Standard customer engagement
0661-XEYAN,25.8,0.0,Low Priority,0.12,Low,Standard customer engagement
4195-NZGTA,25.25,0.0,Low Priority,0.12,Low,Standard customer engagement
0612-RTZZA,25.25,0.0,Low Priority,0.12,Low,Standard customer engagement
3439-GVUSX,24.4,0.0,Low Priority,0.11,Low,Standard customer engagement
7365-BVCJH,24.4,0.0,Low Priority,0.11,Low,Standard customer engagement
3797-VTIDR,23.45,0.0,Low Priority,0.11,Low,Standard customer engagement
5701-SVCWR,24.0,0.0,Low Priority,0.11,Low,Standard customer engagement
9895-VFOXH,24.4,0.0,Low Priority,0.11,Low,Standard customer engagement
9136-ALYBR,24.45,0.0,Low Priority,0.11,Low,Standard customer engagement
1334-FJSVR,24.25,0.0,Low Priority,0.11,Low,Standard customer engagement
2565-JSLRY,24.05,0.0,Low Priority,0.11,Low,Standard customer engagement
9753-OYLBX,20.5,0.0,Low Priority,0.1,Low,Standard customer engagement
4745-LSPLO,20.5,0.0,Low Priority,0.1,Low,Standard customer engagement
0673-IGUQO,20.45,0.0,Low Priority,0.1,Low,Standard customer engagement
6579-JPICP,20.4,0.0,Low Priority,0.1,Low,Standard customer engagement
0426-TIRNE,20.9,0.0,Low Priority,0.1,Low,Standard customer engagement
6728-WYQBC,20.95,0.0,Low Priority,0.1,Low,Standard customer engagement
3803-KMQFW,20.55,0.0,Low Priority,0.1,Low,Standard customer engagement
2592-YKDIF,20.35,0.0,Low Priority,0.1,Low,Standard customer engagement
6982-UQZLY,20.85,0.0,Low Priority,0.1,Low,Standard customer engagement
2480-JZOSN,20.65,0.0,Low Priority,0.1,Low,Standard customer engagement
2111-DWYHN,21.1,0.0,Low Priority,0.1,Low,Standard customer engagement
1099-GODLO,20.35,0.0,Low Priority,0.1,Low,Standard customer engagement
4255-DDUOU,20.5,0.0,Low Priority,0.1,Low,Standard customer engagement
3727-JEZTU,20.4,0.0,Low Priority,0.1,Low,Standard customer engagement
5624-BQSSA,20.95,0.0,Low Priority,0.1,Low,Standard customer engagement
5996-DAOQL,20.45,0.0,Low Priority,0.1,Low,Standard customer engagement
5049-GLYVG,20.6,0.0,Low Priority,0.1,Low,Standard customer engagement
3590-TCXTB,20.35,0.0,Low Priority,0.1,Low,Standard customer engagement
3645-DEYGF,20.75,0.0,Low Priority,0.1,Low,Standard customer engagement
8559-WNQZS,20.45,0.0,Low Priority,0.1,Low,Standard customer engagement
5088-QZLRL,20.65,0.0,Low Priority,0.1,Low,Standard customer engagement
2002-MZHWP,20.5,0.0,Low Priority,0.1,Low,Standard customer engagement
7243-LCGGZ,20.9,0.0,Low Priority,0.1,Low,Standard customer engagement
8267-KFGYD,21.05,0.0,Low Priority,0.1,Low,Standard customer engagement
7434-SHXLS,20.9,0.0,Low Priority,0.1,Low,Standard customer engagement
4634-JLRJT,20.35,0.0,Low Priority,0.1,Low,Standard customer engagement
9708-KFDBY,20.55,0.0,Low Priority,0.1,Low,Standard customer engagement
8262-COGGB,20.45,0.0,Low Priority,0.1,Low,Standard customer engagement
6569-KTMDU,19.1,0.0,Low Priority,0.09,Low,Standard customer engagement
3807-XHCJH,20.0,0.0,Low Priority,0.09,Low,Standard customer engagement
1724-IQWNM,19.3,0.0,Low Priority,0.09,Low,Standard customer engagement
9441-QHEVC,19.1,0.0,Low Priority,0.09,Low,Standard customer engagement
2465-BLLEU,19.75,0.0,Low Priority,0.09,Low,Standard customer engagement
0670-KDOMA,20.25,0.0,Low Priority,0.09,Low,Standard customer engagement
1066-JKSGK,20.15,0.0,Low Priority,0.09,Low,Standard customer engagement
6469-MRVET,20.2,0.0,Low Priority,0.09,Low,Standard customer engagement
5028-HTLJB,20.05,0.0,Low Priority,0.09,Low,Standard customer engagement
7298-IZWLY,19.4,0.0,Low Priority,0.09,Low,Standard customer engagement
8329-IBCTI,19.65,0.0,Low Priority,0.09,Low,Standard customer engagement
0970-QXPXW,19.65,0.0,Low Priority,0.09,Low,Standard customer engagement
6380-ARCEH,20.2,0.0,Low Priority,0.09,Low,Standard customer engagement
7310-EGVHZ,20.2,0.0,Low Priority,0.09,Low,Standard customer engagement
3900-AQPHZ,19.9,0.0,Low Priority,0.09,Low,Standard customer engagement
6849-WLEYG,19.75,0.0,Low Priority,0.09,Low,Standard customer engagement
7878-RTCZG,19.9,0.0,Low Priority,0.09,Low,Standard customer engagement
7853-GVUDZ,20.15,0.0,Low Priority,0.09,Low,Standard customer engagement
9975-SKRNR,18.9,0.0,Low Priority,0.09,Low,Standard customer engagement
7617-EYGLW,19.45,0.0,Low Priority,0.09,Low,Standard customer engagement
7721-DVEKZ,19.65,0.0,Low Priority,0.09,Low,Standard customer engagement
8562-GHPPI,19.8,0.0,Low Priority,0.09,Low,Standard customer engagement
9174-FKWZE,19.45,0.0,Low Priority,0.09,Low,Standard customer engagement
2576-HXMPA,19.55,0.0,Low Priority,0.09,Low,Standard customer engagement
3308-MHOOC,19.2,0.0,Low Priority,0.09,Low,Standard customer engagement
3717-OFRTN,19.75,0.0,Low Priority,0.09,Low,Standard customer engagement
7839-QRKXN,20.2,0.0,Low Priority,0.09,Low,Standard customer engagement
1905-OEILC,19.5,0.0,Low Priority,0.09,Low,Standard customer engagement
2081-KJSQF,20.25,0.0,Low Priority,0.09,Low,Standard customer engagement
1156-ZFYDO,19.75,0.0,Low Priority,0.09,Low,Standard customer engagement
6615-ZGEDR,19.7,0.0,Low Priority,0.09,Low,Standard customer engagement
5906-BFOZT,19.5,0.0,Low Priority,0.09,Low,Standard customer engagement
4661-NJEUX,20.05,0.0,Low Priority,0.09,Low,Standard customer engagement
0107-WESLM,19.85,0.0,Low Priority,0.09,Low,Standard customer engagement
5562-BETPV,19.65,0.0,Low Priority,0.09,Low,Standard customer engagement
8073-IJDCM,20.3,0.0,Low Priority,0.09,Low,Standard customer engagement
5356-RHIPP,20.2,0.0,Low Priority,0.09,Low,Standard customer engagement
2876-VBBBL,20.25,0.0,Low Priority,0.09,Low,Standard customer engagement
1725-MIMXW,19.45,0.0,Low Priority,0.09,Low,Standard customer engagement
1934-SJVJK,20.15,0.0,Low Priority,0.09,Low,Standard customer engagement
7814-LEEVE,20.3,0.0,Low Priority,0.09,Low,Standard customer engagement
2542-HYGIQ,19.95,0.0,Low Priority,0.09,Low,Standard customer engagement
4781-ZXYGU,20.15,0.0,Low Priority,0.09,Low,Standard customer engagement
1135-LMECX,19.85,0.0,Low Priority,0.09,Low,Standard customer engagement
2654-VBVPB,19.9,0.0,Low Priority,0.09,Low,Standard customer engagement
2866-IKBTM,19.55,0.0,Low Priority,0.09,Low,Standard customer engagement
3785-NRHYR,19.65,0.0,Low Priority,0.09,Low,Standard customer engagement
1423-BMPBQ,19.0,0.0,Low Priority,0.09,Low,Standard customer engagement
2220-IAHLS,19.4,0.0,Low Priority,0.09,Low,Standard customer engagement
8974-OVACP,20.15,0.0,Low Priority,0.09,Low,Standard customer engagement
5868-YTYKS,20.25,0.0,Low Priority,0.09,Low,Standard customer engagement
3373-YZZYM,19.2,0.0,Low Priority,0.09,Low,Standard customer engagement
7698-YFGEZ,20.0,0.0,Low Priority,0.09,Low,Standard customer engagement
0927-CNGRH,19.55,0.0,Low Priority,0.09,Low,Standard customer engagement
4588-YBNIB,19.6,0.0,Low Priority,0.09,Low,Standard customer engagement
7291-CDTMJ,19.65,0.0,Low Priority,0.09,Low,Standard customer engagement
3030-ZKIWL,20.05,0.0,Low Priority,0.09,Low,Standard customer engagement
7926-IJOOU,19.3,0.0,Low Priority,0.09,Low,Standard customer engagement
3148-BLQJT,20.1,0.0,Low Priority,0.09,Low,Standard customer engagement
1029-QFBEN,19.55,0.0,Low Priority,0.09,Low,Standard customer engagement
4291-HPAXL,19.85,0.0,Low Priority,0.09,Low,Standard customer engagement
7601-WFVZV,19.55,0.0,Low Priority,0.09,Low,Standard customer engagement
6121-VZNQB,19.1,0.0,Low Priority,0.09,Low,Standard customer engagement
5515-IDEJJ,19.9,0.0,Low Priority,0.09,Low,Standard customer engagement
7644-OMVMY,19.85,0.0,Low Priority,0.09,Low,Standard customer engagement
6124-ACRHJ,19.75,0.0,Low Priority,0.09,Low,Standard customer engagement
8605-ITULD,19.55,0.0,Low Priority,0.09,Low,Standard customer engagement
4232-JGKIY,19.2,0.0,Low Priority,0.09,Low,Standard customer engagement
2812-SFXMJ,20.05,0.0,Low Priority,0.09,Low,Standard customer engagement
2520-SGTTA,20.0,0.0,Low Priority,0.09,Low,Standard customer engagement
2676-ISHSF,20.3,0.0,Low Priority,0.09,Low,Standard customer engagement
4897-QSUYC,20.15,0.0,Low Priority,0.09,Low,Standard customer engagement
0761-AETCS,19.3,0.0,Low Priority,0.09,Low,Standard customer engagement
4800-VHZKI,19.9,0.0,Low Priority,0.09,Low,Standard customer engagement
7551-JOHTI,19.5,0.0,Low Priority,0.09,Low,Standard customer engagement
4760-XOHVN,19.45,0.0,Low Priority,0.09,Low,Standard customer engagement
7989-CHGTL,19.6,0.0,Low Priority,0.09,Low,Standard customer engagement
7096-UCLNH,20.05,0.0,Low Priority,0.09,Low,Standard customer engagement
1064-FBXNK,19.85,0.0,Low Priority,0.09,Low,Standard customer engagement
9318-NKNFC,18.85,0.0,Low Priority,0.09,Low,Standard customer engagement
6141-OOXUQ,19.65,0.0,Low Priority,0.09,Low,Standard customer engagement
8393-JMVMB,19.45,0.0,Low Priority,0.09,Low,Standard customer engagement
8566-YPRGL,19.5,0.0,Low Priority,0.09,Low,Standard customer engagement
0247-SLUJI,19.7,0.0,Low Priority,0.09,Low,Standard customer engagement
4786-UKSNZ,20.2,0.0,Low Priority,0.09,Low,Standard customer engagement
8305-VHZBZ,20.2,0.0,Low Priority,0.09,Low,Standard customer engagement
1663-MHLHE,19.2,0.0,Low Priority,0.09,Low,Standard customer engagement
1349-WXNGG,20.05,0.0,Low Priority,0.09,Low,Standard customer engagement
1000-AJSLD,20.1,0.0,Low Priority,0.09,Low,Standard customer engagement
7302-ZHMHP,19.15,0.0,Low Priority,0.09,Low,Standard customer engagement
1098-TDVUQ,19.25,0.0,Low Priority,0.09,Low,Standard customer engagement
8203-XJZRC,20.25,0.0,Low Priority,0.09,Low,Standard customer engagement
3247-MHJKM,20.2,0.0,Low Priority,0.09,Low,Standard customer engagement
8048-DSDFQ,20.2,0.0,Low Priority,0.09,Low,Standard customer engagement
9103-CXVOK,19.75,0.0,Low Priority,0.09,Low,Standard customer engagement
4877-EVATK,20.0,0.0,Low Priority,0.09,Low,Standard customer engagement
3506-LCJDC,19.95,0.0,Low Priority,0.09,Low,Standard customer engagement
5510-BOIUJ,19.25,0.0,Low Priority,0.09,Low,Standard customer engagement
2320-JRSDE,19.9,0.0,Low Priority,0.09,Low,Standard customer engagement
5143-WMWOG,19.95,0.0,Low Priority,0.09,Low,Standard customer engagement
