customer_id,tenure,monthly_charges,total_charges,contract,internet_service,churn,monthly_revenue,estimated_lifespan,ltv,revenue_per_month,ltv_segment,predicted_churn,churn_probability,churn_risk,customer_segment
7590-VHVEG,1,29.85,29.85,Month-to-month,DSL,No,29.85,1,29.85,29.85,Low Value,,0.0,Low Risk,Low Priority
5575-GNVDE,34,56.95,1889.5,One year,DSL,No,56.95,34,1936.3,55.5735294117647,Medium Value,,0.0,Low Risk,Low Priority
3668-QPYBK,2,53.85,108.15,Month-to-month,DSL,Yes,53.85,2,107.7,54.075,Low Value,,0.0,Low Risk,Low Priority
7795-CFOCW,45,42.3,1840.75,One year,DSL,No,42.3,45,1903.5,40.90555555555556,Medium Value,,0.0,Low Risk,Low Priority
9237-HQITU,2,70.7,151.65,Month-to-month,Fiber optic,Yes,70.7,2,141.4,75.825,Low Value,,0.0,Low Risk,Low Priority
9305-CDSKC,8,99.65,820.5,Month-to-month,Fiber optic,Yes,99.65,8,797.2,102.5625,Low Value,,0.0,Low Risk,Low Priority
1452-KIOVK,22,89.1,1949.4,Month-to-month,Fiber optic,No,89.1,22,1960.2,88.60909090909091,Medium Value,No,0.465,Medium Risk,Monitor
6713-OKOMC,10,29.75,301.9,Month-to-month,DSL,No,29.75,10,297.5,30.19,Low Value,No,0.1,Low Risk,Low Priority
7892-POOKP,28,104.8,3046.05,Month-to-month,Fiber optic,Yes,104.8,28,2934.4,108.7875,Medium Value,,0.0,Low Risk,Low Priority
6388-TABGU,62,56.15,3487.95,One year,DSL,No,56.15,62,3481.3,56.25725806451613,High Value,No,0.035,Low Risk,High Value Customer
9763-GRSKD,13,49.95,587.45,Month-to-month,DSL,No,49.95,13,649.35,45.18846153846154,Low Value,,0.0,Low Risk,Low Priority
7469-LKBCI,16,18.95,326.8,Two year,No,No,18.95,16,303.2,20.425,Low Value,,0.0,Low Risk,Low Priority
8091-TTVAX,58,100.35,5681.1,One year,Fiber optic,No,100.35,58,5820.299999999999,97.95,High Value,,0.0,Low Risk,High Value Customer
0280-XJGEX,49,103.7,5036.3,Month-to-month,Fiber optic,Yes,103.7,49,5081.3,102.78163265306122,High Value,,0.0,Low Risk,High Value Customer
5129-JLPIS,25,105.5,2686.05,Month-to-month,Fiber optic,No,105.5,25,2637.5,107.442,Medium Value,No,0.43,Medium Risk,Monitor
3655-SNQYZ,69,113.25,7895.15,Two year,Fiber optic,No,113.25,69,7814.25,114.42246376811592,Very High Value,,0.0,Low Risk,VIP Customer
8191-XWSZG,52,20.65,1022.95,One year,No,No,20.65,52,1073.8,19.672115384615385,Medium Value,,0.0,Low Risk,Low Priority
9959-WOFKT,71,106.7,7382.25,Two year,Fiber optic,No,106.7,71,7575.7,103.97535211267606,Very High Value,,0.0,Low Risk,VIP Customer
4190-MFLUW,10,55.2,528.35,Month-to-month,DSL,Yes,55.2,10,552.0,52.835,Low Value,No,0.145,Low Risk,Low Priority
4183-MYFRB,21,90.05,1862.9,Month-to-month,Fiber optic,No,90.05,21,1891.05,88.70952380952382,Medium Value,,0.0,Low Risk,Low Priority
8779-QRDMV,1,39.65,39.65,Month-to-month,DSL,Yes,39.65,1,39.65,39.65,Low Value,,0.0,Low Risk,Low Priority
1680-VDCWW,12,19.8,202.25,One year,No,No,19.8,12,237.6,16.854166666666668,Low Value,,0.0,Low Risk,Low Priority
1066-JKSGK,1,20.15,20.15,Month-to-month,No,Yes,20.15,1,20.15,20.15,Low Value,,0.0,Low Risk,Low Priority
3638-WEABW,58,59.9,3505.1,Two year,DSL,No,59.9,58,3474.2,60.43275862068965,High Value,,0.0,Low Risk,High Value Customer
6322-HRPFA,49,59.6,2970.3,Month-to-month,DSL,No,59.6,49,2920.4,60.61836734693878,Medium Value,No,0.05,Low Risk,Low Priority
6865-JZNKO,30,55.3,1530.6,Month-to-month,DSL,No,55.3,30,1659.0,51.02,Medium Value,,0.0,Low Risk,Low Priority
6467-CHFZW,47,99.35,4749.15,Month-to-month,Fiber optic,Yes,99.35,47,4669.45,101.04574468085106,High Value,,0.0,Low Risk,High Value Customer
8665-UTDHZ,1,30.2,30.2,Month-to-month,DSL,Yes,30.2,1,30.2,30.2,Low Value,,0.0,Low Risk,Low Priority
5248-YGIJN,72,90.25,6369.45,Two year,DSL,No,90.25,72,6498.0,88.46458333333334,Very High Value,,0.0,Low Risk,VIP Customer
8773-HHUOZ,17,64.7,1093.1,Month-to-month,DSL,Yes,64.7,17,1099.9,64.3,Medium Value,,0.0,Low Risk,Low Priority
3841-NFECX,71,96.35,6766.95,Two year,Fiber optic,No,96.35,71,6840.849999999999,95.30915492957746,Very High Value,,0.0,Low Risk,VIP Customer
4929-XIHVW,2,95.5,181.65,Month-to-month,Fiber optic,No,95.5,2,191.0,90.825,Low Value,,0.0,Low Risk,Low Priority
6827-IEAUQ,27,66.15,1874.45,One year,DSL,No,66.15,27,1786.0500000000002,69.42407407407407,Medium Value,,0.0,Low Risk,Low Priority
7310-EGVHZ,1,20.2,20.2,Month-to-month,No,No,20.2,1,20.2,20.2,Low Value,,0.0,Low Risk,Low Priority
3413-BMNZE,1,45.25,45.25,Month-to-month,DSL,No,45.25,1,45.25,45.25,Low Value,,0.0,Low Risk,Low Priority
6234-RAAPL,72,99.9,7251.7,Two year,Fiber optic,No,99.9,72,7192.8,100.71805555555557,Very High Value,,0.0,Low Risk,VIP Customer
6047-YHPVI,5,69.7,316.9,Month-to-month,Fiber optic,Yes,69.7,5,348.5,63.38,Low Value,Yes,0.625,Medium Risk,Monitor
6572-ADKRS,46,74.8,3548.3,Month-to-month,Fiber optic,No,74.8,46,3440.8,77.13695652173914,High Value,,0.0,Low Risk,High Value Customer
5380-WJKOV,34,106.35,3549.25,Month-to-month,Fiber optic,Yes,106.35,34,3615.9,104.38970588235294,High Value,Yes,0.565,Medium Risk,High Value Customer
8168-UQWWF,11,97.85,1105.4,Month-to-month,Fiber optic,Yes,97.85,11,1076.35,100.4909090909091,Medium Value,,0.0,Low Risk,Low Priority
8865-TNMNX,10,49.55,475.7,One year,DSL,No,49.55,10,495.5,47.57,Low Value,,0.0,Low Risk,Low Priority
9489-DEDVP,70,69.2,4872.35,Two year,DSL,No,69.2,70,4844.0,69.605,High Value,,0.0,Low Risk,High Value Customer
9867-JCZSP,17,20.75,418.25,One year,No,No,20.75,17,352.75,24.602941176470587,Low Value,,0.0,Low Risk,Low Priority
4671-VJLCL,63,79.85,4861.45,Two year,DSL,No,79.85,63,5030.549999999999,77.16587301587302,High Value,,0.0,Low Risk,High Value Customer
4080-IIARD,13,76.2,981.45,Month-to-month,DSL,No,76.2,13,990.6,75.49615384615385,Low Value,,0.0,Low Risk,Low Priority
3714-NTNFO,49,84.5,3906.7,Month-to-month,Fiber optic,No,84.5,49,4140.5,79.72857142857143,High Value,,0.0,Low Risk,High Value Customer
5948-UJZLF,2,49.25,97.0,Month-to-month,DSL,No,49.25,2,98.5,48.5,Low Value,,0.0,Low Risk,Low Priority
7760-OYPDY,2,80.65,144.15,Month-to-month,Fiber optic,Yes,80.65,2,161.3,72.075,Low Value,,0.0,Low Risk,Low Priority
7639-LIAYI,52,79.75,4217.8,Two year,DSL,No,79.75,52,4147.0,81.11153846153846,High Value,,0.0,Low Risk,High Value Customer
2954-PIBKO,69,64.15,4254.1,Two year,DSL,No,64.15,69,4426.35,61.6536231884058,High Value,No,0.065,Low Risk,High Value Customer
8012-SOUDQ,43,90.25,3838.75,Month-to-month,Fiber optic,No,90.25,43,3880.75,89.27325581395348,High Value,,0.0,Low Risk,High Value Customer
9420-LOJKX,15,99.1,1426.4,Month-to-month,Fiber optic,Yes,99.1,15,1486.5,95.09333333333332,Medium Value,No,0.485,Medium Risk,Monitor
6575-SUVOI,25,69.5,1752.65,Month-to-month,DSL,No,69.5,25,1737.5,70.10600000000001,Medium Value,,0.0,Low Risk,Low Priority
7495-OOKFY,8,80.65,633.3,Month-to-month,Fiber optic,Yes,80.65,8,645.2,79.1625,Low Value,Yes,0.595,Medium Risk,Monitor
4667-QONEA,60,74.85,4456.35,One year,DSL,No,74.85,60,4491.0,74.27250000000001,High Value,,0.0,Low Risk,High Value Customer
1658-BYGOY,18,95.45,1752.55,Month-to-month,Fiber optic,Yes,95.45,18,1718.1,97.36388888888888,Medium Value,,0.0,Low Risk,Low Priority
8769-KKTPH,63,99.65,6311.2,One year,Fiber optic,No,99.65,63,6277.950000000001,100.17777777777778,Very High Value,,0.0,Low Risk,VIP Customer
5067-XJQFU,66,108.45,7076.35,One year,Fiber optic,No,108.45,66,7157.7,107.21742424242424,Very High Value,,0.0,Low Risk,VIP Customer
3957-SQXML,34,24.95,894.3,Two year,No,No,24.95,34,848.3,26.302941176470583,Low Value,,0.0,Low Risk,Low Priority
5954-BDFSG,72,107.5,7853.7,Two year,Fiber optic,No,107.5,72,7740.0,109.07916666666668,Very High Value,,0.0,Low Risk,VIP Customer
0434-CSFON,47,100.5,4707.1,Month-to-month,Fiber optic,No,100.5,47,4723.5,100.15106382978723,High Value,,0.0,Low Risk,High Value Customer
1215-FIGMP,60,89.9,5450.7,Month-to-month,Fiber optic,No,89.9,60,5394.0,90.845,High Value,,0.0,Low Risk,High Value Customer
0526-SXDJP,72,42.1,2962.0,Two year,DSL,No,42.1,72,3031.2000000000003,41.138888888888886,High Value,,0.0,Low Risk,High Value Customer
0557-ASKVU,18,54.4,957.1,One year,DSL,No,54.4,18,979.2,53.172222222222224,Low Value,,0.0,Low Risk,Low Priority
5698-BQJOH,9,94.4,857.25,Month-to-month,Fiber optic,Yes,94.4,9,849.6,95.25,Low Value,Yes,0.72,High Risk,Churn Risk
5122-CYFXA,3,75.3,244.1,Month-to-month,DSL,No,75.3,3,225.9,81.36666666666666,Low Value,,0.0,Low Risk,Low Priority
8627-ZYGSZ,47,78.9,3650.35,One year,Fiber optic,No,78.9,47,3708.3,77.66702127659575,High Value,,0.0,Low Risk,High Value Customer
3410-YOQBQ,31,79.2,2497.2,Two year,DSL,No,79.2,31,2455.2000000000003,80.55483870967741,Medium Value,,0.0,Low Risk,Low Priority
3170-NMYVV,50,20.15,930.9,Two year,No,No,20.15,50,1007.5,18.618,Medium Value,,0.0,Low Risk,Low Priority
7410-OIEDU,10,79.85,887.35,Month-to-month,Fiber optic,No,79.85,10,798.5,88.735,Low Value,,0.0,Low Risk,Low Priority
2273-QCKXA,1,49.05,49.05,Month-to-month,DSL,No,49.05,1,49.05,49.05,Low Value,,0.0,Low Risk,Low Priority
0731-EBJQB,52,20.4,1090.65,One year,No,No,20.4,52,1060.8,20.974038461538463,Medium Value,,0.0,Low Risk,Low Priority
1891-QRQSA,64,111.6,7099.0,Two year,Fiber optic,No,111.6,64,7142.4,110.921875,Very High Value,,0.0,Low Risk,VIP Customer
8028-PNXHQ,62,24.25,1424.6,Two year,No,No,24.25,62,1503.5,22.97741935483871,Medium Value,No,0.0,Low Risk,Low Priority
5630-AHZIL,3,64.5,177.4,Month-to-month,DSL,No,64.5,3,193.5,59.13333333333333,Low Value,No,0.245,Low Risk,Low Priority
2673-CXQEU,56,110.5,6139.5,One year,Fiber optic,No,110.5,56,6188.0,109.63392857142856,Very High Value,,0.0,Low Risk,VIP Customer
6416-JNVRK,46,55.65,2688.85,One year,DSL,No,55.65,46,2559.9,58.45326086956521,Medium Value,,0.0,Low Risk,Low Priority
5590-ZSKRV,8,54.65,482.25,Month-to-month,DSL,No,54.65,8,437.2,60.28125,Low Value,,0.0,Low Risk,Low Priority
0191-ZHSKZ,30,74.75,2111.3,Month-to-month,DSL,No,74.75,30,2242.5,70.37666666666668,Medium Value,,0.0,Low Risk,Low Priority
3887-PBQAO,45,25.9,1216.6,One year,No,No,25.9,45,1165.5,27.035555555555558,Medium Value,,0.0,Low Risk,Low Priority
5919-TMRGD,1,79.35,79.35,Month-to-month,Fiber optic,Yes,79.35,1,79.35,79.35,Low Value,,0.0,Low Risk,Low Priority
8108-UXRQN,11,50.55,565.35,Month-to-month,DSL,No,50.55,11,556.05,51.39545454545455,Low Value,,0.0,Low Risk,Low Priority
9191-MYQKX,7,75.15,496.9,Month-to-month,Fiber optic,Yes,75.15,7,526.0500000000001,70.98571428571428,Low Value,,0.0,Low Risk,Low Priority
9919-YLNNG,42,103.8,4327.5,Month-to-month,Fiber optic,No,103.8,42,4359.599999999999,103.03571428571428,High Value,,0.0,Low Risk,High Value Customer
0318-ZOPWS,49,20.15,973.35,Two year,No,No,20.15,49,987.35,19.864285714285717,Low Value,,0.0,Low Risk,Low Priority
4445-ZJNMU,9,99.3,918.75,Month-to-month,Fiber optic,No,99.3,9,893.6999999999999,102.08333333333331,Low Value,Yes,0.735,High Risk,Churn Risk
4808-YNLEU,35,62.15,2215.45,One year,DSL,No,62.15,35,2175.25,63.29857142857142,Medium Value,,0.0,Low Risk,Low Priority
1862-QRWPE,48,20.65,1057.0,Two year,No,No,20.65,48,991.2,22.02083333333333,Low Value,No,0.0,Low Risk,Low Priority
2796-NNUFI,46,19.95,927.1,Two year,No,No,19.95,46,917.7,20.15434782608696,Low Value,,0.0,Low Risk,Low Priority
3016-KSVCP,29,33.75,1009.25,Month-to-month,DSL,No,33.75,29,978.75,34.80172413793103,Low Value,,0.0,Low Risk,Low Priority
4767-HZZHQ,30,82.05,2570.2,Month-to-month,Fiber optic,No,82.05,30,2461.5,85.67333333333333,Medium Value,,0.0,Low Risk,Low Priority
2424-WVHPL,1,74.7,74.7,Month-to-month,Fiber optic,No,74.7,1,74.7,74.7,Low Value,,0.0,Low Risk,Low Priority
7233-PAHHL,66,84.0,5714.25,Two year,DSL,No,84.0,66,5544.0,86.57954545454545,High Value,,0.0,Low Risk,High Value Customer
6067-NGCEU,65,111.05,7107.0,Month-to-month,Fiber optic,No,111.05,65,7218.25,109.33846153846154,Very High Value,,0.0,Low Risk,VIP Customer
9848-JQJTX,72,100.9,7459.05,Two year,Fiber optic,No,100.9,72,7264.8,103.59791666666666,Very High Value,,0.0,Low Risk,VIP Customer
8637-XJIVR,12,78.95,927.35,Month-to-month,Fiber optic,Yes,78.95,12,947.4,77.27916666666667,Low Value,,0.0,Low Risk,Low Priority
9803-FTJCG,71,66.85,4748.7,One year,DSL,No,66.85,71,4746.349999999999,66.8830985915493,High Value,,0.0,Low Risk,High Value Customer
0278-YXOOG,5,21.05,113.85,Month-to-month,No,Yes,21.05,5,105.25,22.77,Low Value,,0.0,Low Risk,Low Priority
3212-KXOCR,52,21.0,1107.2,Two year,No,No,21.0,52,1092.0,21.29230769230769,Medium Value,,0.0,Low Risk,Low Priority
4598-XLKNJ,25,98.5,2514.5,Month-to-month,Fiber optic,Yes,98.5,25,2462.5,100.58,Medium Value,,0.0,Low Risk,Low Priority
6380-ARCEH,1,20.2,20.2,Month-to-month,No,No,20.2,1,20.2,20.2,Low Value,,0.0,Low Risk,Low Priority
3679-XASPY,1,19.45,19.45,Month-to-month,No,No,19.45,1,19.45,19.45,Low Value,No,0.44,Medium Risk,Monitor
7123-WQUHX,38,95.0,3605.6,One year,Fiber optic,No,95.0,38,3610.0,94.88421052631578,High Value,,0.0,Low Risk,High Value Customer
5386-THSLQ,66,45.55,3027.25,One year,DSL,No,45.55,66,3006.3,45.86742424242424,High Value,,0.0,Low Risk,High Value Customer
3192-NQECA,68,110.0,7611.85,Two year,Fiber optic,Yes,110.0,68,7480.0,111.93897058823528,Very High Value,,0.0,Low Risk,VIP Customer
6180-YBIQI,5,24.3,100.2,Month-to-month,DSL,No,24.3,5,121.5,20.04,Low Value,,0.0,Low Risk,Low Priority
6728-DKUCO,72,104.15,7303.05,One year,Fiber optic,No,104.15,72,7498.8,101.43125,Very High Value,,0.0,Low Risk,VIP Customer
9750-BOOHV,32,30.15,927.65,One year,DSL,No,30.15,32,964.8,28.9890625,Low Value,,0.0,Low Risk,Low Priority
8597-CWYHH,43,94.35,3921.3,One year,Fiber optic,No,94.35,43,4057.05,91.19302325581396,High Value,,0.0,Low Risk,High Value Customer
2848-YXSMW,72,19.4,1363.25,Two year,No,No,19.4,72,1396.8,18.93402777777778,Medium Value,,0.0,Low Risk,Low Priority
0486-HECZI,55,96.75,5238.9,Month-to-month,Fiber optic,Yes,96.75,55,5321.25,95.25272727272728,High Value,No,0.305,Low Risk,High Value Customer
4549-ZDQYY,52,57.95,3042.25,One year,DSL,No,57.95,52,3013.4,58.50480769230769,High Value,,0.0,Low Risk,High Value Customer
5712-AHQNN,43,91.65,3954.1,Month-to-month,Fiber optic,No,91.65,43,3940.95,91.95581395348836,High Value,,0.0,Low Risk,High Value Customer
4846-WHAFZ,37,76.5,2868.15,Month-to-month,Fiber optic,Yes,76.5,37,2830.5,77.51756756756757,Medium Value,Yes,0.52,Medium Risk,Monitor
5256-SKJGO,64,54.6,3423.5,Two year,DSL,No,54.6,64,3494.4,53.4921875,High Value,,0.0,Low Risk,High Value Customer
3071-VBYPO,3,89.85,248.4,Month-to-month,Fiber optic,No,89.85,3,269.54999999999995,82.8,Low Value,,0.0,Low Risk,Low Priority
9560-BBZXK,36,31.05,1126.35,Two year,DSL,No,31.05,36,1117.8,31.2875,Medium Value,,0.0,Low Risk,Low Priority
5299-RULOA,10,100.25,1064.65,Month-to-month,Fiber optic,Yes,100.25,10,1002.5,106.465,Medium Value,,0.0,Low Risk,Low Priority
8402-OOOHJ,41,20.65,835.15,Two year,No,No,20.65,41,846.65,20.36951219512195,Low Value,,0.0,Low Risk,Low Priority
9445-ZUEQE,27,85.2,2151.6,Month-to-month,Fiber optic,No,85.2,27,2300.4,79.68888888888888,Medium Value,,0.0,Low Risk,Low Priority
1091-SOZGA,56,99.8,5515.45,One year,Fiber optic,No,99.8,56,5588.8,98.49017857142856,High Value,,0.0,Low Risk,High Value Customer
2928-HLDBA,6,20.7,112.75,Month-to-month,No,No,20.7,6,124.2,18.791666666666668,Low Value,,0.0,Low Risk,Low Priority
0404-SWRVG,3,74.4,229.55,Month-to-month,Fiber optic,Yes,74.4,3,223.2,76.51666666666667,Low Value,,0.0,Low Risk,Low Priority
6497-TILVL,7,50.7,350.35,Month-to-month,DSL,No,50.7,7,354.90000000000003,50.05,Low Value,No,0.1,Low Risk,Low Priority
7219-TLZHO,4,20.85,62.9,Month-to-month,No,No,20.85,4,83.4,15.725,Low Value,,0.0,Low Risk,Low Priority
4622-YNKIJ,33,88.95,3027.65,Two year,Fiber optic,No,88.95,33,2935.35,91.7469696969697,Medium Value,,0.0,Low Risk,Low Priority
4412-YLTKF,27,78.05,2135.5,Month-to-month,Fiber optic,Yes,78.05,27,2107.35,79.0925925925926,Medium Value,No,0.47,Medium Risk,Monitor
6734-PSBAW,72,23.55,1723.95,Two year,No,No,23.55,72,1695.6,23.94375,Medium Value,,0.0,Low Risk,Low Priority
3930-ZGWVE,1,19.75,19.75,Month-to-month,No,No,19.75,1,19.75,19.75,Low Value,No,0.3387,Low Risk,Low Priority
2639-UGMAZ,71,56.45,3985.35,One year,DSL,No,56.45,71,4007.95,56.131690140845066,High Value,,0.0,Low Risk,High Value Customer
2876-GZYZC,13,85.95,1215.65,Month-to-month,Fiber optic,No,85.95,13,1117.35,93.51153846153846,Medium Value,,0.0,Low Risk,Low Priority
6207-WIOLX,25,58.6,1502.65,Month-to-month,DSL,Yes,58.6,25,1465.0,60.106,Medium Value,,0.0,Low Risk,Low Priority
8587-XYZSF,67,50.55,3260.1,Two year,DSL,No,50.55,67,3386.85,48.65820895522388,High Value,,0.0,Low Risk,High Value Customer
3091-FYHKI,1,35.45,35.45,Month-to-month,DSL,Yes,35.45,1,35.45,35.45,Low Value,,0.0,Low Risk,Low Priority
2372-HWUHI,2,44.35,81.25,Month-to-month,DSL,Yes,44.35,2,88.7,40.625,Low Value,,0.0,Low Risk,Low Priority
7799-LGRDP,43,25.7,1188.2,Two year,No,No,25.7,43,1105.1,27.632558139534886,Medium Value,,0.0,Low Risk,Low Priority
7850-VWJUU,23,75.0,1778.5,Month-to-month,Fiber optic,No,75.0,23,1725.0,77.32608695652173,Medium Value,,0.0,Low Risk,Low Priority
3774-VBNXY,64,20.2,1277.75,Two year,No,No,20.2,64,1292.8,19.96484375,Medium Value,,0.0,Low Risk,Low Priority
6217-KDYWC,57,19.6,1170.55,Two year,No,No,19.6,57,1117.2,20.5359649122807,Medium Value,,0.0,Low Risk,Low Priority
0390-DCFDQ,1,70.45,70.45,Month-to-month,Fiber optic,Yes,70.45,1,70.45,70.45,Low Value,Yes,0.765,High Risk,Churn Risk
3146-MSEGF,72,88.05,6425.65,Two year,DSL,No,88.05,72,6339.599999999999,89.24513888888889,Very High Value,,0.0,Low Risk,VIP Customer
4080-OGPJL,8,71.15,563.65,Month-to-month,DSL,Yes,71.15,8,569.2,70.45625,Low Value,,0.0,Low Risk,Low Priority
1095-WGNGG,61,101.05,5971.25,Two year,Fiber optic,No,101.05,61,6164.05,97.88934426229508,Very High Value,,0.0,Low Risk,VIP Customer
2636-SJDOU,64,84.3,5289.05,One year,Fiber optic,No,84.3,64,5395.2,82.64140625,High Value,,0.0,Low Risk,High Value Customer
1131-QQZEB,71,23.95,1756.2,Two year,No,No,23.95,71,1700.45,24.735211267605635,Medium Value,,0.0,Low Risk,Low Priority
5716-EZXZN,65,99.05,6416.7,Two year,Fiber optic,No,99.05,65,6438.25,98.71846153846154,Very High Value,,0.0,Low Risk,VIP Customer
6837-BJYDQ,3,19.6,61.35,One year,No,No,19.6,3,58.8,20.45,Low Value,,0.0,Low Risk,Low Priority
2135-RXIHG,1,45.65,45.65,Month-to-month,DSL,Yes,45.65,1,45.65,45.65,Low Value,,0.0,Low Risk,Low Priority
6440-DKQGE,30,64.5,1929.95,One year,DSL,No,64.5,30,1935.0,64.33166666666666,Medium Value,,0.0,Low Risk,Low Priority
3466-BYAVD,15,69.5,1071.4,Month-to-month,DSL,No,69.5,15,1042.5,71.42666666666668,Medium Value,,0.0,Low Risk,Low Priority
3780-YVMFA,8,68.55,564.35,Month-to-month,DSL,No,68.55,8,548.4,70.54375,Low Value,No,0.39,Low Risk,Low Priority
3874-EQOEP,7,95.0,655.5,Month-to-month,Fiber optic,Yes,95.0,7,665.0,93.64285714285714,Low Value,,0.0,Low Risk,Low Priority
1679-JRFBR,70,108.15,7930.55,One year,Fiber optic,No,108.15,70,7570.5,113.29357142857144,Very High Value,,0.0,Low Risk,VIP Customer
9073-ZZIAY,62,86.1,5215.25,Two year,DSL,No,86.1,62,5338.2,84.11693548387096,High Value,No,0.015,Low Risk,High Value Customer
3077-RSNTJ,6,19.7,113.5,Month-to-month,No,No,19.7,6,118.2,18.916666666666668,Low Value,No,0.045,Low Risk,Low Priority
6551-GNYDG,14,80.9,1152.8,Month-to-month,Fiber optic,No,80.9,14,1132.6,82.34285714285714,Medium Value,,0.0,Low Risk,Low Priority
9167-APMXZ,22,84.15,1821.95,Month-to-month,Fiber optic,No,84.15,22,1851.3,82.81590909090909,Medium Value,No,0.47,Medium Risk,Monitor
2749-CTKAJ,22,20.15,419.9,One year,No,No,20.15,22,443.3,19.08636363636364,Low Value,,0.0,Low Risk,Low Priority
6371-NZYEG,16,64.25,1024.0,Two year,DSL,No,64.25,16,1028.0,64.0,Medium Value,,0.0,Low Risk,Low Priority
7554-NEWDD,10,25.7,251.6,Two year,No,No,25.7,10,257.0,25.16,Low Value,,0.0,Low Risk,Low Priority
8992-VONJD,13,56.0,764.55,Month-to-month,DSL,No,56.0,13,728.0,58.81153846153846,Low Value,,0.0,Low Risk,Low Priority
0867-MKZVY,20,82.4,1592.35,Month-to-month,Fiber optic,Yes,82.4,20,1648.0,79.61749999999999,Medium Value,,0.0,Low Risk,Low Priority
4482-EWFMI,2,69.7,135.2,Month-to-month,Fiber optic,No,69.7,2,139.4,67.6,Low Value,,0.0,Low Risk,Low Priority
4648-YPBTM,53,73.9,3958.25,Two year,DSL,No,73.9,53,3916.7,74.68396226415095,High Value,No,0.06,Low Risk,High Value Customer
2907-ILJBN,11,20.6,233.9,One year,No,No,20.6,11,226.6,21.263636363636365,Low Value,No,0.04,Low Risk,Low Priority
6345-FZOQH,69,19.9,1363.45,Two year,No,No,19.9,69,1373.1,19.76014492753623,Medium Value,No,0.015,Low Risk,Low Priority
3376-BMGFE,4,70.9,273.0,Month-to-month,Fiber optic,Yes,70.9,4,283.6,68.25,Low Value,,0.0,Low Risk,Low Priority
5997-OPVFA,72,89.05,6254.45,Two year,DSL,No,89.05,72,6411.599999999999,86.86736111111111,Very High Value,,0.0,Low Risk,VIP Customer
3445-HXXGF,58,45.3,2651.2,Month-to-month,DSL,Yes,45.3,58,2627.4,45.710344827586205,Medium Value,,0.0,Low Risk,Low Priority
1159-WFSGR,16,20.4,321.4,Month-to-month,No,No,20.4,16,326.4,20.0875,Low Value,,0.0,Low Risk,Low Priority
7654-YWJUF,43,84.25,3539.25,One year,Fiber optic,No,84.25,43,3622.75,82.30813953488372,High Value,No,0.115,Low Risk,High Value Customer
1875-QIVME,2,104.4,242.8,Month-to-month,Fiber optic,Yes,104.4,2,208.8,121.4,Low Value,,0.0,Low Risk,Low Priority
6727-IOTLZ,14,81.95,1181.75,Two year,DSL,No,81.95,14,1147.3,84.41071428571429,Medium Value,,0.0,Low Risk,Low Priority
0691-JVSYA,53,94.85,5000.2,One year,Fiber optic,Yes,94.85,53,5027.049999999999,94.3433962264151,High Value,,0.0,Low Risk,High Value Customer
5918-VUKWP,32,20.55,654.55,One year,No,No,20.55,32,657.6,20.4546875,Low Value,,0.0,Low Risk,Low Priority
1744-JHKYS,34,24.7,780.2,Month-to-month,No,No,24.7,34,839.8,22.947058823529414,Low Value,No,0.015,Low Risk,Low Priority
2656-FMOKZ,15,74.45,1145.7,Month-to-month,Fiber optic,Yes,74.45,15,1116.75,76.38000000000001,Medium Value,,0.0,Low Risk,Low Priority
2070-FNEXE,7,76.45,503.6,Month-to-month,Fiber optic,Yes,76.45,7,535.15,71.94285714285715,Low Value,No,0.375,Low Risk,Low Priority
5947-SGKCL,15,105.35,1559.25,Month-to-month,Fiber optic,No,105.35,15,1580.25,103.95,Medium Value,,0.0,Low Risk,Low Priority
3712-PKXZA,61,20.55,1252.0,One year,No,No,20.55,61,1253.55,20.524590163934427,Medium Value,,0.0,Low Risk,Low Priority
6317-YPKDH,1,29.95,29.95,Month-to-month,DSL,Yes,29.95,1,29.95,29.95,Low Value,No,0.295,Low Risk,Low Priority
6582-OIVSP,1,45.3,45.3,Month-to-month,DSL,No,45.3,1,45.3,45.3,Low Value,,0.0,Low Risk,Low Priority
9367-WXLCH,8,84.5,662.65,Month-to-month,Fiber optic,Yes,84.5,8,676.0,82.83125,Low Value,,0.0,Low Risk,Low Priority
5524-KHNJP,33,74.75,2453.3,One year,DSL,No,74.75,33,2466.75,74.34242424242424,Medium Value,No,0.17,Low Risk,Low Priority
1918-ZBFQJ,13,79.25,1111.65,Month-to-month,Fiber optic,Yes,79.25,13,1030.25,85.51153846153846,Medium Value,,0.0,Low Risk,Low Priority
1024-GUALD,1,24.8,24.8,Month-to-month,DSL,Yes,24.8,1,24.8,24.8,Low Value,Yes,0.68,Medium Risk,Monitor
4827-USJHP,20,51.8,1023.85,Month-to-month,DSL,No,51.8,20,1036.0,51.1925,Medium Value,,0.0,Low Risk,Low Priority
8167-GJLRN,3,30.4,82.15,Month-to-month,DSL,No,30.4,3,91.2,27.383333333333336,Low Value,,0.0,Low Risk,Low Priority
0956-SYCWG,13,19.65,244.8,One year,No,No,19.65,13,255.45,18.83076923076923,Low Value,,0.0,Low Risk,Low Priority
8017-UVSZU,40,56.6,2379.1,Month-to-month,DSL,No,56.6,40,2264.0,59.4775,Medium Value,,0.0,Low Risk,Low Priority
7100-FQPRV,43,71.9,3173.35,One year,DSL,No,71.9,43,3091.7000000000003,73.79883720930232,High Value,,0.0,Low Risk,High Value Customer
2472-OVKUP,6,91.0,531.0,Month-to-month,Fiber optic,Yes,91.0,6,546.0,88.5,Low Value,,0.0,Low Risk,Low Priority
2984-RGEYA,69,19.75,1375.4,Two year,No,No,19.75,69,1362.75,19.933333333333334,Medium Value,No,0.0,Low Risk,Low Priority
9680-NIAUV,72,109.7,8129.3,Two year,Fiber optic,No,109.7,72,7898.400000000001,112.90694444444443,Very High Value,,0.0,Low Risk,VIP Customer
2146-EGVDT,59,19.3,1192.7,Two year,No,No,19.3,59,1138.7,20.215254237288136,Medium Value,,0.0,Low Risk,Low Priority
2604-IJPDU,20,96.55,1901.65,Month-to-month,Fiber optic,No,96.55,20,1931.0,95.0825,Medium Value,No,0.42,Medium Risk,Monitor
9178-JHUVJ,24,24.1,587.4,Two year,No,No,24.1,24,578.4000000000001,24.475,Low Value,,0.0,Low Risk,Low Priority
6168-YBYNP,59,111.35,6519.75,Month-to-month,Fiber optic,No,111.35,59,6569.65,110.5042372881356,Very High Value,,0.0,Low Risk,VIP Customer
7255-SSFBC,72,112.25,8041.65,Two year,Fiber optic,No,112.25,72,8082.0,111.68958333333332,Very High Value,,0.0,Low Risk,VIP Customer
3645-DEYGF,1,20.75,20.75,Month-to-month,No,No,20.75,1,20.75,20.75,Low Value,,0.0,Low Risk,Low Priority
9323-HGFWY,27,101.9,2681.15,One year,Fiber optic,No,101.9,27,2751.3,99.30185185185184,Medium Value,,0.0,Low Risk,Low Priority
8544-GOQSH,14,80.05,1112.3,Month-to-month,Fiber optic,No,80.05,14,1120.7,79.45,Medium Value,,0.0,Low Risk,Low Priority
3363-DTIVD,71,105.55,7405.5,Two year,Fiber optic,No,105.55,71,7494.05,104.30281690140843,Very High Value,,0.0,Low Risk,VIP Customer
7018-WBJNK,13,78.3,1033.95,Month-to-month,Fiber optic,No,78.3,13,1017.9,79.53461538461539,Medium Value,No,0.455,Medium Risk,Monitor
9142-KZXOP,44,68.85,2958.95,Month-to-month,Fiber optic,No,68.85,44,3029.4,67.24886363636364,High Value,,0.0,Low Risk,High Value Customer
7674-YTAFD,33,79.95,2684.85,One year,Fiber optic,No,79.95,33,2638.35,81.35909090909091,Medium Value,,0.0,Low Risk,Low Priority
6348-SNFUS,72,55.45,4179.2,Two year,DSL,No,55.45,72,3992.4,58.04444444444445,High Value,,0.0,Low Risk,High Value Customer
1285-OKIPP,1,79.9,79.9,Month-to-month,Fiber optic,Yes,79.9,1,79.9,79.9,Low Value,,0.0,Low Risk,Low Priority
7825-ECJRF,19,106.6,1934.45,Month-to-month,Fiber optic,Yes,106.6,19,2025.4,101.81315789473685,Medium Value,,0.0,Low Risk,Low Priority
1347-KTTTA,64,102.45,6654.1,One year,Fiber optic,No,102.45,64,6556.8,103.9703125,Very High Value,,0.0,Low Risk,VIP Customer
7841-TZDMQ,2,46.0,84.5,Month-to-month,DSL,Yes,46.0,2,92.0,42.25,Low Value,,0.0,Low Risk,Low Priority
4195-NZGTA,1,25.25,25.25,Month-to-month,DSL,No,25.25,1,25.25,25.25,Low Value,,0.0,Low Risk,Low Priority
7157-SMCFK,61,19.75,1124.2,Two year,No,No,19.75,61,1204.75,18.42950819672131,Medium Value,No,0.08,Low Risk,Low Priority
4709-LKHYG,29,20.0,540.05,One year,No,No,20.0,29,580.0,18.622413793103448,Low Value,No,0.015,Low Risk,Low Priority
2504-DSHIH,23,86.8,1975.85,Month-to-month,Fiber optic,No,86.8,23,1996.4,85.90652173913043,Medium Value,,0.0,Low Risk,Low Priority
0699-NDKJM,57,58.75,3437.45,Month-to-month,DSL,No,58.75,57,3348.75,60.30614035087719,High Value,,0.0,Low Risk,High Value Customer
9286-BHDQG,72,45.25,3139.8,Two year,DSL,No,45.25,72,3258.0,43.60833333333333,High Value,No,0.015,Low Risk,High Value Customer
0230-WEQUW,66,56.6,3789.2,Two year,DSL,No,56.6,66,3735.6,57.41212121212121,High Value,,0.0,Low Risk,High Value Customer
2040-LDIWQ,65,84.2,5324.5,Two year,DSL,No,84.2,65,5473.0,81.91538461538461,High Value,,0.0,Low Risk,High Value Customer
6496-JDSSB,8,80.0,624.6,Month-to-month,Fiber optic,No,80.0,8,640.0,78.075,Low Value,,0.0,Low Risk,Low Priority
9408-SSNVZ,4,70.15,268.35,Month-to-month,Fiber optic,Yes,70.15,4,280.6,67.0875,Low Value,,0.0,Low Risk,Low Priority
4443-EMBNA,71,24.75,1836.9,Two year,No,No,24.75,71,1757.25,25.87183098591549,Medium Value,,0.0,Low Risk,Low Priority
6469-MRVET,1,20.2,20.2,One year,No,No,20.2,1,20.2,20.2,Low Value,,0.0,Low Risk,Low Priority
0742-MOABM,4,50.05,179.35,Month-to-month,DSL,Yes,50.05,4,200.2,44.8375,Low Value,No,0.195,Low Risk,Low Priority
5961-VUSRV,12,19.35,219.35,One year,No,No,19.35,12,232.2,18.279166666666665,Low Value,,0.0,Low Risk,Low Priority
6778-JFCMK,24,50.6,1288.75,One year,DSL,No,50.6,24,1214.4,53.69791666666666,Medium Value,,0.0,Low Risk,Low Priority
6341-JVQGF,31,81.15,2545.75,One year,DSL,No,81.15,31,2515.65,82.12096774193549,Medium Value,,0.0,Low Risk,Low Priority
2232-DMLXU,1,55.2,55.2,Month-to-month,DSL,Yes,55.2,1,55.2,55.2,Low Value,,0.0,Low Risk,Low Priority
4811-JBUVU,30,89.9,2723.15,Month-to-month,Fiber optic,No,89.9,30,2697.0,90.77166666666668,Medium Value,,0.0,Low Risk,Low Priority
0945-TSONX,47,85.3,4107.25,Two year,DSL,No,85.3,47,4009.1,87.38829787234043,High Value,,0.0,Low Risk,High Value Customer
2651-ZCBXV,54,108.0,5760.65,Two year,Fiber optic,No,108.0,54,5832.0,106.6787037037037,High Value,,0.0,Low Risk,High Value Customer
3316-UWXUY,50,93.5,4747.5,Month-to-month,Fiber optic,No,93.5,50,4675.0,94.95,High Value,,0.0,Low Risk,High Value Customer
8937-RDTHP,1,84.6,84.6,Month-to-month,Fiber optic,Yes,84.6,1,84.6,84.6,Low Value,,0.0,Low Risk,Low Priority
7083-MIOPC,72,20.25,1566.9,Two year,No,No,20.25,72,1458.0,21.762500000000003,Medium Value,,0.0,Low Risk,Low Priority
1984-GPTEH,29,25.15,702.0,Month-to-month,No,No,25.15,29,729.3499999999999,24.20689655172414,Low Value,,0.0,Low Risk,Low Priority
1251-KRREG,2,54.4,114.1,Month-to-month,DSL,Yes,54.4,2,108.8,57.05,Low Value,,0.0,Low Risk,Low Priority
0621-JFHOL,10,29.6,299.05,Two year,DSL,No,29.6,10,296.0,29.905,Low Value,,0.0,Low Risk,Low Priority
9903-LYSAB,18,73.15,1305.95,Month-to-month,Fiber optic,No,73.15,18,1316.7,72.55277777777778,Medium Value,,0.0,Low Risk,Low Priority
0094-OIFMO,11,95.0,1120.3,Month-to-month,Fiber optic,Yes,95.0,11,1045.0,101.84545454545454,Medium Value,,0.0,Low Risk,Low Priority
9227-UAQFT,16,19.75,284.35,Two year,No,No,19.75,16,316.0,17.771875,Low Value,,0.0,Low Risk,Low Priority
2386-LAHRK,1,53.5,53.5,Month-to-month,DSL,Yes,53.5,1,53.5,53.5,Low Value,No,0.49,Medium Risk,Monitor
7301-ABVAD,72,86.6,6350.5,Two year,DSL,No,86.6,72,6235.2,88.20138888888889,Very High Value,,0.0,Low Risk,VIP Customer
6614-FHDBO,72,109.2,7878.3,Two year,Fiber optic,No,109.2,72,7862.400000000001,109.42083333333332,Very High Value,,0.0,Low Risk,VIP Customer
7576-ASEJU,41,74.7,3187.65,One year,DSL,No,74.7,41,3062.7000000000003,77.74756097560976,High Value,,0.0,Low Risk,High Value Customer
9058-HRZSV,65,94.4,6126.15,Month-to-month,Fiber optic,No,94.4,65,6136.0,94.24846153846153,Very High Value,,0.0,Low Risk,VIP Customer
4522-AKYLR,13,54.8,731.3,Month-to-month,DSL,No,54.8,13,712.4,56.25384615384615,Low Value,,0.0,Low Risk,Low Priority
0221-WMXNQ,4,75.35,273.4,Month-to-month,Fiber optic,No,75.35,4,301.4,68.35,Low Value,,0.0,Low Risk,Low Priority
0303-UNCIP,41,65.0,2531.8,One year,DSL,No,65.0,41,2665.0,61.75121951219513,Medium Value,,0.0,Low Risk,Low Priority
9947-OTFQU,15,74.4,1074.3,Month-to-month,Fiber optic,Yes,74.4,15,1116.0,71.61999999999999,Medium Value,,0.0,Low Risk,Low Priority
0322-YINQP,1,48.55,48.55,Month-to-month,DSL,Yes,48.55,1,48.55,48.55,Low Value,,0.0,Low Risk,Low Priority
0959-WHOKV,42,99.0,4298.45,One year,Fiber optic,No,99.0,42,4158.0,102.3440476190476,High Value,No,0.235,Low Risk,High Value Customer
4075-JFPGR,51,93.5,4619.55,One year,Fiber optic,No,93.5,51,4768.5,90.57941176470588,High Value,No,0.19,Low Risk,High Value Customer
4629-NRXKX,2,70.4,147.15,Month-to-month,Fiber optic,Yes,70.4,2,140.8,73.575,Low Value,,0.0,Low Risk,Low Priority
9514-JDSKI,1,40.2,40.2,Month-to-month,DSL,Yes,40.2,1,40.2,40.2,Low Value,,0.0,Low Risk,Low Priority
3282-ZISZV,32,83.7,2633.3,One year,DSL,No,83.7,32,2678.4,82.290625,Medium Value,,0.0,Low Risk,Low Priority
3675-YDUPJ,10,19.85,193.05,Month-to-month,No,No,19.85,10,198.5,19.305,Low Value,,0.0,Low Risk,Low Priority
4111-BNXIF,67,59.55,4103.9,Two year,DSL,No,59.55,67,3989.85,61.252238805970144,High Value,,0.0,Low Risk,High Value Customer
7017-VFHAY,61,115.1,7008.15,Two year,Fiber optic,No,115.1,61,7021.099999999999,114.88770491803278,Very High Value,,0.0,Low Risk,VIP Customer
6655-LHBYW,50,114.35,5791.1,One year,Fiber optic,No,114.35,50,5717.5,115.822,High Value,,0.0,Low Risk,High Value Customer
4959-JOSRX,2,44.6,80.55,Month-to-month,DSL,Yes,44.6,2,89.2,40.275,Low Value,,0.0,Low Risk,Low Priority
5046-NUHWD,29,45.0,1228.65,Month-to-month,DSL,No,45.0,29,1305.0,42.36724137931035,Medium Value,,0.0,Low Risk,Low Priority
7273-TEFQD,3,41.15,132.2,Month-to-month,DSL,Yes,41.15,3,123.45,44.06666666666666,Low Value,Yes,0.795,High Risk,Churn Risk
3606-TWKGI,13,106.9,1364.3,Month-to-month,Fiber optic,Yes,106.9,13,1389.7,104.94615384615383,Medium Value,,0.0,Low Risk,Low Priority
7529-ZDFXI,57,89.85,4925.35,Month-to-month,Fiber optic,No,89.85,57,5121.45,86.40964912280702,High Value,No,0.265,Low Risk,High Value Customer
7605-BDWDC,31,49.85,1520.1,Two year,DSL,No,49.85,31,1545.35,49.03548387096774,Medium Value,,0.0,Low Risk,Low Priority
1950-KSVVJ,45,113.3,5032.25,One year,Fiber optic,No,113.3,45,5098.5,111.82777777777778,High Value,,0.0,Low Risk,High Value Customer
0123-CRBRT,61,88.1,5526.75,Two year,DSL,No,88.1,61,5374.099999999999,90.60245901639344,High Value,No,0.0,Low Risk,High Value Customer
6292-TOSSS,50,24.9,1195.25,Two year,No,No,24.9,50,1245.0,23.905,Medium Value,No,0.02,Low Risk,Low Priority
3197-ARFOY,19,105.0,2007.25,Month-to-month,Fiber optic,No,105.0,19,1995.0,105.64473684210526,Medium Value,No,0.425,Medium Risk,Monitor
6323-AYBRX,59,19.35,1099.6,Two year,No,Yes,19.35,59,1141.65,18.63728813559322,Medium Value,,0.0,Low Risk,Low Priority
7014-ZZXAW,71,24.25,1732.95,Two year,No,No,24.25,71,1721.75,24.40774647887324,Medium Value,,0.0,Low Risk,Low Priority
4385-GZQXV,16,94.45,1511.2,Month-to-month,Fiber optic,Yes,94.45,16,1511.2,94.45,Medium Value,,0.0,Low Risk,Low Priority
7633-MVPUY,57,59.75,3450.15,Two year,DSL,No,59.75,57,3405.75,60.52894736842106,High Value,,0.0,Low Risk,High Value Customer
6366-ZGQGL,1,24.8,24.8,Month-to-month,DSL,Yes,24.8,1,24.8,24.8,Low Value,,0.0,Low Risk,Low Priority
4716-HHKQH,20,107.05,2172.05,Month-to-month,Fiber optic,No,107.05,20,2141.0,108.6025,Medium Value,,0.0,Low Risk,Low Priority
5940-AHUHD,1,70.6,70.6,Month-to-month,Fiber optic,Yes,70.6,1,70.6,70.6,Low Value,,0.0,Low Risk,Low Priority
6432-TWQLB,5,85.4,401.1,Month-to-month,Fiber optic,Yes,85.4,5,427.0,80.22,Low Value,,0.0,Low Risk,Low Priority
4484-GLZOU,52,105.05,5624.85,Month-to-month,Fiber optic,Yes,105.05,52,5462.599999999999,108.17019230769232,High Value,,0.0,Low Risk,High Value Customer
3179-GBRWV,21,64.95,1339.8,Month-to-month,DSL,No,64.95,21,1363.95,63.8,Medium Value,No,0.205,Low Risk,Low Priority
8645-KWHJO,14,55.0,771.95,Month-to-month,DSL,No,55.0,14,770.0,55.13928571428572,Low Value,,0.0,Low Risk,Low Priority
4130-MZLCC,5,50.55,244.75,Month-to-month,DSL,No,50.55,5,252.75,48.95,Low Value,,0.0,Low Risk,Low Priority
0314-TKOSI,6,55.15,322.9,Month-to-month,DSL,No,55.15,6,330.9,53.81666666666666,Low Value,,0.0,Low Risk,Low Priority
8229-MYEJZ,10,51.2,498.25,Month-to-month,DSL,No,51.2,10,512.0,49.825,Low Value,,0.0,Low Risk,Low Priority
8626-PTQGE,69,60.05,4176.7,Two year,DSL,No,60.05,69,4143.45,60.53188405797101,High Value,No,0.04,Low Risk,High Value Customer
2080-SRCDE,1,25.4,25.4,Month-to-month,No,No,25.4,1,25.4,25.4,Low Value,,0.0,Low Risk,Low Priority
9577-WJVCQ,68,54.45,3687.75,Month-to-month,DSL,No,54.45,68,3702.6,54.231617647058826,High Value,,0.0,Low Risk,High Value Customer
9512-UIBFX,18,95.15,1779.95,Month-to-month,Fiber optic,Yes,95.15,18,1712.7,98.88611111111112,Medium Value,No,0.405,Medium Risk,Monitor
6202-DYYFX,22,76.0,1783.6,One year,Fiber optic,No,76.0,22,1672.0,81.07272727272726,Medium Value,,0.0,Low Risk,Low Priority
3808-HFKDE,20,44.35,927.15,Month-to-month,DSL,No,44.35,20,887.0,46.3575,Low Value,,0.0,Low Risk,Low Priority
5583-SXDAG,1,70.0,70.0,Month-to-month,Fiber optic,Yes,70.0,1,70.0,70.0,Low Value,,0.0,Low Risk,Low Priority
3488-PGMQJ,8,74.5,606.55,Month-to-month,Fiber optic,Yes,74.5,8,596.0,75.81875,Low Value,,0.0,Low Risk,Low Priority
3580-REOAC,10,44.85,435.4,Month-to-month,DSL,Yes,44.85,10,448.5,43.54,Low Value,,0.0,Low Risk,Low Priority
7534-BFESC,24,76.1,1712.7,Month-to-month,Fiber optic,Yes,76.1,24,1826.4,71.3625,Medium Value,Yes,0.54,Medium Risk,Monitor
3727-OWVYD,35,61.2,2021.2,One year,DSL,No,61.2,35,2142.0,57.74857142857143,Medium Value,,0.0,Low Risk,Low Priority
2294-SALNE,23,86.8,1940.8,One year,Fiber optic,No,86.8,23,1996.4,84.38260869565217,Medium Value,,0.0,Low Risk,Low Priority
4847-TAJYI,6,89.35,567.8,Month-to-month,Fiber optic,No,89.35,6,536.0999999999999,94.63333333333333,Low Value,,0.0,Low Risk,Low Priority
1563-IWQEX,12,19.7,220.35,Month-to-month,No,No,19.7,12,236.4,18.3625,Low Value,,0.0,Low Risk,Low Priority
8203-XJZRC,1,20.25,20.25,Month-to-month,No,No,20.25,1,20.25,20.25,Low Value,,0.0,Low Risk,Low Priority
6556-DBKZF,71,76.05,5436.45,Two year,Fiber optic,No,76.05,71,5399.55,76.56971830985916,High Value,,0.0,Low Risk,High Value Customer
6851-WEFYX,35,100.8,3437.5,Month-to-month,Fiber optic,No,100.8,35,3528.0,98.21428571428572,High Value,,0.0,Low Risk,High Value Customer
2985-JUUBZ,40,74.55,3015.75,Month-to-month,DSL,No,74.55,40,2982.0,75.39375,Medium Value,,0.0,Low Risk,Low Priority
6390-DSAZX,1,73.6,73.6,Month-to-month,Fiber optic,Yes,73.6,1,73.6,73.6,Low Value,,0.0,Low Risk,Low Priority
0895-LMRSF,23,64.9,1509.8,One year,DSL,No,64.9,23,1492.7,65.64347826086956,Medium Value,No,0.17,Low Risk,Low Priority
8098-LLAZX,4,95.45,396.1,Month-to-month,Fiber optic,Yes,95.45,4,381.8,99.025,Low Value,,0.0,Low Risk,Low Priority
8266-VBFQL,4,90.4,356.65,Month-to-month,Fiber optic,No,90.4,4,361.6,89.1625,Low Value,Yes,0.6,Medium Risk,Monitor
8181-YHCMF,68,60.3,4109.0,Two year,DSL,No,60.3,68,4100.4,60.4264705882353,High Value,No,0.005,Low Risk,High Value Customer
2240-HSJQD,38,81.85,3141.7,Month-to-month,Fiber optic,No,81.85,38,3110.3,82.67631578947368,High Value,,0.0,Low Risk,High Value Customer
1248-DYXUB,52,24.8,1229.1,Two year,No,No,24.8,52,1289.6,23.63653846153846,Medium Value,,0.0,Low Risk,Low Priority
0265-EDXBD,32,74.9,2303.35,Month-to-month,Fiber optic,Yes,74.9,32,2396.8,71.9796875,Medium Value,,0.0,Low Risk,Low Priority
4115-BNPJY,29,75.55,2054.4,Two year,DSL,No,75.55,29,2190.95,70.84137931034483,Medium Value,,0.0,Low Risk,Low Priority
3167-SNQPL,38,101.15,3741.85,Month-to-month,Fiber optic,No,101.15,38,3843.7,98.46973684210526,High Value,,0.0,Low Risk,High Value Customer
4091-TVOCN,48,78.75,3682.45,One year,DSL,No,78.75,48,3780.0,76.71770833333333,High Value,,0.0,Low Risk,High Value Customer
1098-TDVUQ,1,19.25,19.25,Month-to-month,No,No,19.25,1,19.25,19.25,Low Value,,0.0,Low Risk,Low Priority
7277-OZCGZ,22,89.05,1886.25,Month-to-month,Fiber optic,No,89.05,22,1959.1,85.73863636363636,Medium Value,No,0.295,Low Risk,Low Priority
1557-EMYVT,43,115.05,4895.1,Two year,Fiber optic,No,115.05,43,4947.15,113.83953488372094,High Value,,0.0,Low Risk,High Value Customer
2799-ARNLO,5,69.35,341.6,Month-to-month,Fiber optic,No,69.35,5,346.75,68.32000000000001,Low Value,,0.0,Low Risk,Low Priority
7563-BIUPC,5,80.6,415.55,Month-to-month,Fiber optic,Yes,80.6,5,403.0,83.11,Low Value,,0.0,Low Risk,Low Priority
5027-YOCXN,51,110.05,5686.4,One year,Fiber optic,No,110.05,51,5612.55,111.49803921568626,High Value,No,0.175,Low Risk,High Value Customer
3973-SKMLN,71,19.9,1355.1,Two year,No,No,19.9,71,1412.9,19.085915492957746,Medium Value,,0.0,Low Risk,Low Priority
2321-OMBXY,38,80.3,3058.65,One year,DSL,Yes,80.3,38,3051.4,80.49078947368422,High Value,,0.0,Low Risk,High Value Customer
2840-XANRC,24,93.15,2231.05,Month-to-month,Fiber optic,Yes,93.15,24,2235.6000000000004,92.96041666666667,Medium Value,,0.0,Low Risk,Low Priority
6745-JEFZB,35,91.5,3236.35,Month-to-month,Fiber optic,No,91.5,35,3202.5,92.46714285714286,High Value,,0.0,Low Risk,High Value Customer
5020-ZSTTY,54,82.45,4350.1,One year,DSL,Yes,82.45,54,4452.3,80.55740740740741,High Value,,0.0,Low Risk,High Value Customer
9880-TDQAC,72,60.0,4264.0,Two year,DSL,No,60.0,72,4320.0,59.22222222222222,High Value,,0.0,Low Risk,High Value Customer
8705-WZCYL,1,44.8,44.8,Month-to-month,DSL,No,44.8,1,44.8,44.8,Low Value,,0.0,Low Risk,Low Priority
7102-JJVTX,9,48.6,422.3,One year,DSL,No,48.6,9,437.4,46.922222222222224,Low Value,,0.0,Low Risk,Low Priority
4983-CLMLV,52,102.7,5138.1,Month-to-month,Fiber optic,No,102.7,52,5340.400000000001,98.8096153846154,High Value,No,0.245,Low Risk,High Value Customer
5701-YVSVF,11,82.9,880.05,Month-to-month,Fiber optic,No,82.9,11,911.9,80.00454545454545,Low Value,,0.0,Low Risk,Low Priority
5804-LEPIM,2,70.35,139.05,Month-to-month,Fiber optic,Yes,70.35,2,140.7,69.525,Low Value,,0.0,Low Risk,Low Priority
5697-GOMBF,28,35.9,973.65,Month-to-month,DSL,No,35.9,28,1005.2,34.77321428571428,Medium Value,,0.0,Low Risk,Low Priority
2739-CACDQ,17,82.65,1470.05,Month-to-month,Fiber optic,No,82.65,17,1405.0500000000002,86.4735294117647,Medium Value,,0.0,Low Risk,Low Priority
9385-EHGDO,35,19.85,739.35,Two year,No,No,19.85,35,694.75,21.124285714285715,Low Value,,0.0,Low Risk,Low Priority
9498-FIMXL,8,19.2,161.95,One year,No,No,19.2,8,153.6,20.24375,Low Value,,0.0,Low Risk,Low Priority
2379-GYFLQ,46,94.9,4422.95,One year,Fiber optic,No,94.9,46,4365.400000000001,96.15108695652174,High Value,,0.0,Low Risk,High Value Customer
0122-OAHPZ,7,73.85,511.25,Month-to-month,Fiber optic,Yes,73.85,7,516.9499999999999,73.03571428571429,Low Value,,0.0,Low Risk,Low Priority
2868-SNELZ,2,80.6,155.8,Month-to-month,Fiber optic,Yes,80.6,2,161.2,77.9,Low Value,,0.0,Low Risk,Low Priority
4322-RCYMT,68,75.8,5293.95,One year,DSL,Yes,75.8,68,5154.4,77.85220588235293,High Value,,0.0,Low Risk,High Value Customer
6680-NENYN,43,104.6,4759.85,Two year,Fiber optic,Yes,104.6,43,4497.8,110.69418604651165,High Value,,0.0,Low Risk,High Value Customer
2088-IEBAU,68,88.15,6148.45,Two year,DSL,No,88.15,68,5994.200000000001,90.41838235294118,High Value,No,0.02,Low Risk,High Value Customer
7982-VCELR,36,94.8,3565.65,Month-to-month,Fiber optic,No,94.8,36,3412.8,99.04583333333332,High Value,,0.0,Low Risk,High Value Customer
1343-EHPYB,63,103.4,6603.0,Month-to-month,Fiber optic,Yes,103.4,63,6514.200000000001,104.8095238095238,Very High Value,,0.0,Low Risk,VIP Customer
6035-BXTTY,32,54.65,1830.1,Month-to-month,DSL,No,54.65,32,1748.8,57.190625,Medium Value,,0.0,Low Risk,Low Priority
6885-PKOAM,71,85.75,6223.8,Two year,DSL,No,85.75,71,6088.25,87.65915492957747,Very High Value,,0.0,Low Risk,VIP Customer
7520-HQWJU,66,67.45,4508.65,Month-to-month,DSL,No,67.45,66,4451.7,68.31287878787879,High Value,No,0.085,Low Risk,High Value Customer
9639-BUJXT,63,20.5,1328.15,One year,No,No,20.5,63,1291.5,21.081746031746032,Medium Value,,0.0,Low Risk,Low Priority
5924-SNGKP,41,20.25,865.0,One year,No,No,20.25,41,830.25,21.09756097560976,Low Value,No,0.01,Low Risk,Low Priority
0021-IKXGC,1,72.1,72.1,Month-to-month,Fiber optic,No,72.1,1,72.1,72.1,Low Value,,0.0,Low Risk,Low Priority
2034-GDRCN,2,90.4,168.2,Month-to-month,Fiber optic,Yes,90.4,2,180.8,84.1,Low Value,Yes,0.84,High Risk,Churn Risk
8966-SNIZF,70,19.45,1303.5,Two year,No,No,19.45,70,1361.5,18.62142857142857,Medium Value,,0.0,Low Risk,Low Priority
6243-OZGFH,23,44.95,996.85,Month-to-month,DSL,No,44.95,23,1033.85,43.34130434782609,Medium Value,,0.0,Low Risk,Low Priority
4654-DLAMQ,64,97.0,6430.9,One year,Fiber optic,No,97.0,64,6208.0,100.4828125,Very High Value,,0.0,Low Risk,VIP Customer
0513-RBGPE,37,62.8,2278.75,Two year,DSL,No,62.8,37,2323.6,61.58783783783784,Medium Value,No,0.025,Low Risk,Low Priority
5160-UXJED,17,44.6,681.4,One year,DSL,No,44.6,17,758.2,40.08235294117647,Low Value,,0.0,Low Risk,Low Priority
4115-NZRKS,7,89.15,574.35,Month-to-month,Fiber optic,No,89.15,7,624.0500000000001,82.05,Low Value,Yes,0.66,Medium Risk,Monitor
0219-YTZUE,4,84.8,371.9,Month-to-month,Fiber optic,Yes,84.8,4,339.2,92.975,Low Value,,0.0,Low Risk,Low Priority
0623-IIHUG,21,41.9,840.1,Month-to-month,DSL,Yes,41.9,21,879.9,40.00476190476191,Low Value,,0.0,Low Risk,Low Priority
4572-DVCGN,10,80.25,846.0,Month-to-month,Fiber optic,Yes,80.25,10,802.5,84.6,Low Value,,0.0,Low Risk,Low Priority
3351-NGXYI,16,54.1,889.0,Month-to-month,DSL,No,54.1,16,865.6,55.5625,Low Value,,0.0,Low Risk,Low Priority
8984-EYLLL,64,105.25,6823.4,Two year,Fiber optic,No,105.25,64,6736.0,106.615625,Very High Value,,0.0,Low Risk,VIP Customer
9057-MSWCO,27,30.75,805.1,Month-to-month,DSL,Yes,30.75,27,830.25,29.81851851851852,Low Value,,0.0,Low Risk,Low Priority
9833-TGFHX,42,97.1,4016.75,One year,Fiber optic,No,97.1,42,4078.2,95.63690476190476,High Value,,0.0,Low Risk,High Value Customer
9294-TDIPC,5,20.2,83.75,Month-to-month,No,No,20.2,5,101.0,16.75,Low Value,,0.0,Low Risk,Low Priority
5229-DTFYB,41,98.8,3959.15,Two year,Fiber optic,No,98.8,41,4050.8,96.56463414634146,High Value,,0.0,Low Risk,High Value Customer
0104-PPXDV,58,50.3,2878.55,One year,DSL,No,50.3,58,2917.4,49.63017241379311,Medium Value,,0.0,Low Risk,Low Priority
5176-LMJXE,47,20.55,945.7,Two year,No,No,20.55,47,965.85,20.12127659574468,Low Value,,0.0,Low Risk,Low Priority
3583-KRKMD,18,75.9,1373.05,Month-to-month,Fiber optic,No,75.9,18,1366.2,76.28055555555555,Medium Value,,0.0,Low Risk,Low Priority
1010-DIAUQ,5,96.5,492.55,Month-to-month,Fiber optic,Yes,96.5,5,482.5,98.51,Low Value,,0.0,Low Risk,Low Priority
9069-LGEUL,23,59.95,1406.0,Month-to-month,DSL,No,59.95,23,1378.85,61.130434782608695,Medium Value,,0.0,Low Risk,Low Priority
7302-ZHMHP,1,19.15,19.15,Month-to-month,No,No,19.15,1,19.15,19.15,Low Value,,0.0,Low Risk,Low Priority
9571-EDEBV,71,98.65,6962.85,One year,Fiber optic,No,98.65,71,7004.150000000001,98.06830985915494,Very High Value,,0.0,Low Risk,VIP Customer
3520-FJGCV,72,112.6,8126.65,Two year,Fiber optic,No,112.6,72,8107.2,112.87013888888887,Very High Value,,0.0,Low Risk,VIP Customer
6563-VRERX,33,20.6,690.25,One year,No,No,20.6,33,679.8000000000001,20.916666666666668,Low Value,,0.0,Low Risk,Low Priority
0259-GBZSH,2,85.65,181.5,Month-to-month,Fiber optic,Yes,85.65,2,171.3,90.75,Low Value,,0.0,Low Risk,Low Priority
6122-EFVKN,24,35.75,830.8,Two year,DSL,No,35.75,24,858.0,34.61666666666667,Low Value,,0.0,Low Risk,Low Priority
2805-EDJPQ,56,99.75,5608.4,One year,Fiber optic,No,99.75,56,5586.0,100.15,High Value,,0.0,Low Risk,High Value Customer
6862-CQUMB,37,96.1,3646.8,Month-to-month,Fiber optic,No,96.1,37,3555.7,98.56216216216217,High Value,,0.0,Low Risk,High Value Customer
7156-MXBJE,43,85.1,3662.25,One year,DSL,No,85.1,43,3659.3,85.1686046511628,High Value,,0.0,Low Risk,High Value Customer
6158-HDPXZ,1,25.35,25.35,Month-to-month,DSL,No,25.35,1,25.35,25.35,Low Value,No,0.435,Medium Risk,Monitor
9601-BRXPO,25,104.95,2566.5,Month-to-month,Fiber optic,Yes,104.95,25,2623.75,102.66,Medium Value,,0.0,Low Risk,Low Priority
2863-IMQDR,61,89.65,5308.7,Two year,DSL,No,89.65,61,5468.650000000001,87.02786885245901,High Value,,0.0,Low Risk,High Value Customer
5686-CMAWK,17,86.75,1410.25,One year,Fiber optic,No,86.75,17,1474.75,82.95588235294117,Medium Value,,0.0,Low Risk,Low Priority
5651-CRHKQ,41,86.2,3339.05,One year,Fiber optic,No,86.2,41,3534.2000000000003,81.44024390243902,High Value,,0.0,Low Risk,High Value Customer
6905-NIQIN,1,50.65,50.65,Month-to-month,DSL,Yes,50.65,1,50.65,50.65,Low Value,,0.0,Low Risk,Low Priority
8204-YJCLA,72,64.8,4732.35,Two year,DSL,No,64.8,72,4665.599999999999,65.72708333333334,High Value,,0.0,Low Risk,High Value Customer
5167-ZFFMM,1,90.85,90.85,Month-to-month,Fiber optic,Yes,90.85,1,90.85,90.85,Low Value,Yes,0.79,High Risk,Churn Risk
6583-SZVGP,48,108.1,5067.45,Two year,Fiber optic,No,108.1,48,5188.799999999999,105.571875,High Value,No,0.255,Low Risk,High Value Customer
4895-TMWIR,11,19.95,214.75,Month-to-month,No,Yes,19.95,11,219.45,19.522727272727277,Low Value,,0.0,Low Risk,Low Priority
0533-BNWKF,55,85.45,4874.7,Month-to-month,Fiber optic,Yes,85.45,55,4699.75,88.63090909090909,High Value,,0.0,Low Risk,High Value Customer
1708-PBBOA,42,54.75,2348.45,One year,DSL,No,54.75,42,2299.5,55.91547619047618,Medium Value,,0.0,Low Risk,Low Priority
8782-LKFPK,44,90.4,4063.0,Month-to-month,Fiber optic,No,90.4,44,3977.6,92.3409090909091,High Value,,0.0,Low Risk,High Value Customer
5522-JBWMO,1,44.0,44.0,Month-to-month,DSL,No,44.0,1,44.0,44.0,Low Value,,0.0,Low Risk,Low Priority
3597-MVHJT,27,95.6,2595.25,Month-to-month,Fiber optic,No,95.6,27,2581.2,96.12037037037037,Medium Value,,0.0,Low Risk,Low Priority
9774-NRNAU,27,84.8,2309.55,Month-to-month,DSL,No,84.8,27,2289.6,85.53888888888889,Medium Value,,0.0,Low Risk,Low Priority
0224-RLWWD,2,44.3,89.3,Month-to-month,DSL,No,44.3,2,88.6,44.65,Low Value,,0.0,Low Risk,Low Priority
9967-ATRFS,19,19.9,367.55,Month-to-month,No,No,19.9,19,378.1,19.344736842105263,Low Value,,0.0,Low Risk,Low Priority
3951-NJCVI,42,95.05,3944.5,Month-to-month,Fiber optic,No,95.05,42,3992.1,93.91666666666669,High Value,,0.0,Low Risk,High Value Customer
2977-CEBSX,66,90.05,5965.95,Two year,DSL,No,90.05,66,5943.3,90.39318181818182,High Value,,0.0,Low Risk,High Value Customer
0177-PXBAT,33,109.9,3694.7,Month-to-month,Fiber optic,No,109.9,33,3626.7,111.96060606060604,High Value,,0.0,Low Risk,High Value Customer
6599-CEBNN,34,73.95,2524.45,Month-to-month,Fiber optic,Yes,73.95,34,2514.3,74.24852941176471,Medium Value,,0.0,Low Risk,Low Priority
2519-ERQOJ,33,54.6,1803.7,Month-to-month,DSL,No,54.6,33,1801.8,54.65757575757576,Medium Value,,0.0,Low Risk,Low Priority
5876-QMYLD,23,20.05,415.1,One year,No,No,20.05,23,461.15,18.047826086956523,Low Value,,0.0,Low Risk,Low Priority
2277-AXSDC,32,19.75,624.15,One year,No,No,19.75,32,632.0,19.5046875,Low Value,,0.0,Low Risk,Low Priority
9442-JTWDL,11,20.05,237.7,One year,No,No,20.05,11,220.55,21.60909090909091,Low Value,,0.0,Low Risk,Low Priority
0979-PHULV,69,99.45,7007.6,Month-to-month,Fiber optic,Yes,99.45,69,6862.05,101.55942028985508,Very High Value,No,0.215,Low Risk,VIP Customer
3067-SVMTC,68,55.9,3848.8,One year,DSL,No,55.9,68,3801.2,56.6,High Value,,0.0,Low Risk,High Value Customer
5495-GPSRW,20,19.7,419.4,Two year,No,No,19.7,20,394.0,20.97,Low Value,No,0.035,Low Risk,Low Priority
7606-BPHHN,72,19.8,1468.75,Two year,No,No,19.8,72,1425.6,20.39930555555556,Medium Value,No,0.0,Low Risk,Low Priority
4742-DRORA,60,95.4,5812.0,One year,Fiber optic,No,95.4,60,5724.0,96.86666666666666,High Value,,0.0,Low Risk,High Value Customer
0111-KLBQG,32,93.95,2861.45,Month-to-month,Fiber optic,No,93.95,32,3006.4,89.4203125,High Value,,0.0,Low Risk,High Value Customer
4800-VHZKI,1,19.9,19.9,Month-to-month,No,Yes,19.9,1,19.9,19.9,Low Value,,0.0,Low Risk,Low Priority
7989-CHGTL,1,19.6,19.6,Month-to-month,No,Yes,19.6,1,19.6,19.6,Low Value,,0.0,Low Risk,Low Priority
0334-GDDSO,3,81.35,233.7,Month-to-month,Fiber optic,Yes,81.35,3,244.05,77.89999999999999,Low Value,,0.0,Low Risk,Low Priority
4163-NCJAK,46,24.45,1066.15,One year,No,No,24.45,46,1124.7,23.17717391304348,Medium Value,,0.0,Low Risk,Low Priority
5233-AOZUF,29,74.95,2149.05,Month-to-month,Fiber optic,No,74.95,29,2173.55,74.10517241379311,Medium Value,,0.0,Low Risk,Low Priority
5973-EJGDP,51,87.35,4473.0,Month-to-month,Fiber optic,No,87.35,51,4454.849999999999,87.70588235294117,High Value,,0.0,Low Risk,High Value Customer
1996-DBMUS,48,70.65,3545.05,Month-to-month,Fiber optic,No,70.65,48,3391.2000000000003,73.85520833333334,High Value,,0.0,Low Risk,High Value Customer
7916-VCCPB,16,73.25,1195.75,Month-to-month,Fiber optic,No,73.25,16,1172.0,74.734375,Medium Value,,0.0,Low Risk,Low Priority
4686-GEFRM,70,98.7,6858.9,Two year,Fiber optic,No,98.7,70,6909.0,97.9842857142857,Very High Value,,0.0,Low Risk,VIP Customer
5249-QYHEX,40,24.8,1024.7,Two year,No,No,24.8,40,992.0,25.6175,Low Value,,0.0,Low Risk,Low Priority
0578-SKVMF,22,83.3,1845.9,Month-to-month,Fiber optic,Yes,83.3,22,1832.6,83.90454545454546,Medium Value,,0.0,Low Risk,Low Priority
5564-NEMQO,1,75.3,75.3,Month-to-month,Fiber optic,Yes,75.3,1,75.3,75.3,Low Value,,0.0,Low Risk,Low Priority
2233-FAGXV,5,24.3,132.25,Month-to-month,No,No,24.3,5,121.5,26.45,Low Value,,0.0,Low Risk,Low Priority
5605-IYGFG,7,69.85,515.45,Month-to-month,Fiber optic,No,69.85,7,488.94999999999993,73.63571428571429,Low Value,,0.0,Low Risk,Low Priority
7663-ZTEGJ,29,100.55,2830.45,One year,Fiber optic,No,100.55,29,2915.95,97.60172413793104,Medium Value,,0.0,Low Risk,Low Priority
3935-TBRZZ,44,25.7,1110.5,One year,No,No,25.7,44,1130.8,25.238636363636363,Medium Value,,0.0,Low Risk,Low Priority
8111-BKVDS,10,40.7,449.3,Month-to-month,DSL,No,40.7,10,407.0,44.93,Low Value,,0.0,Low Risk,Low Priority
2055-SIFSS,55,51.65,2838.55,Month-to-month,DSL,No,51.65,55,2840.75,51.61000000000001,Medium Value,,0.0,Low Risk,Low Priority
2806-MLNTI,52,105.1,5376.4,One year,Fiber optic,No,105.1,52,5465.2,103.39230769230768,High Value,,0.0,Low Risk,High Value Customer
8734-DKSTZ,10,85.95,858.6,Month-to-month,Fiber optic,No,85.95,10,859.5,85.86,Low Value,,0.0,Low Risk,Low Priority
4360-PNRQB,18,75.6,1395.05,Month-to-month,Fiber optic,No,75.6,18,1360.8,77.50277777777778,Medium Value,No,0.32,Low Risk,Low Priority
6152-ONASV,68,58.25,3975.7,One year,DSL,No,58.25,68,3961.0,58.46617647058823,High Value,,0.0,Low Risk,High Value Customer
9063-ZGTUY,61,19.4,1182.55,Month-to-month,No,Yes,19.4,61,1183.4,19.38606557377049,Medium Value,,0.0,Low Risk,Low Priority
7781-HVGMK,72,65.2,4784.45,Two year,DSL,No,65.2,72,4694.400000000001,66.45069444444444,High Value,,0.0,Low Risk,High Value Customer
2181-UAESM,2,53.45,119.5,Month-to-month,DSL,No,53.45,2,106.9,59.75,Low Value,,0.0,Low Risk,Low Priority
2957-LOLHO,12,45.4,518.9,Month-to-month,DSL,Yes,45.4,12,544.8,43.24166666666667,Low Value,,0.0,Low Risk,Low Priority
6048-NJXHX,41,19.75,899.45,Two year,No,No,19.75,41,809.75,21.93780487804878,Low Value,,0.0,Low Risk,Low Priority
2320-SLKMB,26,44.45,1183.8,Month-to-month,DSL,No,44.45,26,1155.7,45.53076923076923,Medium Value,,0.0,Low Risk,Low Priority
4980-URKXC,36,20.85,720.05,One year,No,No,20.85,36,750.6,20.001388888888886,Low Value,,0.0,Low Risk,Low Priority
4376-KFVRS,72,114.05,8468.2,Two year,Fiber optic,No,114.05,72,8211.6,117.6138888888889,Very High Value,No,0.01,Low Risk,VIP Customer
5886-VLQVU,35,89.85,3161.2,Month-to-month,Fiber optic,No,89.85,35,3144.75,90.32,High Value,,0.0,Low Risk,High Value Customer
3577-AMVUX,1,55.05,55.05,Month-to-month,DSL,No,55.05,1,55.05,55.05,Low Value,,0.0,Low Risk,Low Priority
0771-WLCLA,16,112.95,1882.55,Month-to-month,Fiber optic,No,112.95,16,1807.2,117.659375,Medium Value,,0.0,Low Risk,Low Priority
5628-RKIFK,49,101.55,5070.4,Month-to-month,Fiber optic,No,101.55,49,4975.95,103.47755102040816,High Value,,0.0,Low Risk,High Value Customer
0206-TBWLC,54,114.65,6049.5,One year,Fiber optic,No,114.65,54,6191.1,112.02777777777776,Very High Value,,0.0,Low Risk,VIP Customer
2937-FTHUR,18,64.8,1166.7,Month-to-month,DSL,No,64.8,18,1166.4,64.81666666666666,Medium Value,,0.0,Low Risk,Low Priority
1910-FMXJM,36,80.4,2937.65,Month-to-month,Fiber optic,No,80.4,36,2894.4,81.60138888888889,Medium Value,,0.0,Low Risk,Low Priority
7752-XUSCI,60,105.9,6396.45,Month-to-month,Fiber optic,Yes,105.9,60,6354.0,106.6075,Very High Value,,0.0,Low Risk,VIP Customer
4110-PFEUZ,1,69.55,69.55,Month-to-month,Fiber optic,Yes,69.55,1,69.55,69.55,Low Value,,0.0,Low Risk,Low Priority
0732-OCQOC,52,25.05,1270.25,Two year,No,No,25.05,52,1302.6,24.427884615384617,Medium Value,No,0.01,Low Risk,Low Priority
5168-MSWXT,8,94.75,759.55,Month-to-month,Fiber optic,No,94.75,8,758.0,94.94375,Low Value,,0.0,Low Risk,Low Priority
1090-ESELR,72,105.5,7611.55,Two year,Fiber optic,No,105.5,72,7596.0,105.71597222222222,Very High Value,No,0.04,Low Risk,VIP Customer
8592-PLTMQ,64,24.7,1642.75,One year,No,No,24.7,64,1580.8,25.66796875,Medium Value,,0.0,Low Risk,Low Priority
5760-WRAHC,22,69.75,1545.4,Month-to-month,DSL,No,69.75,22,1534.5,70.24545454545455,Medium Value,,0.0,Low Risk,Low Priority
8847-GEOOQ,60,60.2,3582.4,Month-to-month,DSL,No,60.2,60,3612.0,59.70666666666667,High Value,,0.0,Low Risk,High Value Customer
0256-LTHVJ,28,81.05,2227.1,Month-to-month,Fiber optic,Yes,81.05,28,2269.4,79.53928571428571,Medium Value,No,0.47,Medium Risk,Monitor
4785-FCIFB,61,24.4,1417.9,Two year,No,No,24.4,61,1488.4,23.24426229508197,Medium Value,No,0.0,Low Risk,Low Priority
8313-NDOIA,24,104.15,2494.65,Month-to-month,Fiber optic,No,104.15,24,2499.6000000000004,103.94375,Medium Value,,0.0,Low Risk,Low Priority
5149-CUZUJ,28,92.9,2768.35,One year,Fiber optic,No,92.9,28,2601.2000000000003,98.86964285714284,Medium Value,,0.0,Low Risk,Low Priority
0942-KOWSM,30,80.8,2369.3,Two year,DSL,No,80.8,30,2424.0,78.97666666666667,Medium Value,,0.0,Low Risk,Low Priority
4237-CLSMM,2,20.0,38.0,Month-to-month,No,No,20.0,2,40.0,19.0,Low Value,No,0.115,Low Risk,Low Priority
1452-VOQCH,1,75.1,75.1,Month-to-month,Fiber optic,No,75.1,1,75.1,75.1,Low Value,,0.0,Low Risk,Low Priority
4719-UMSIY,6,19.65,100.9,Month-to-month,No,No,19.65,6,117.9,16.816666666666666,Low Value,,0.0,Low Risk,Low Priority
6614-VBEGU,24,69.45,1614.05,Month-to-month,DSL,No,69.45,24,1666.8000000000002,67.25208333333333,Medium Value,,0.0,Low Risk,Low Priority
0880-TKATG,4,101.15,385.9,Month-to-month,Fiber optic,Yes,101.15,4,404.6,96.475,Low Value,,0.0,Low Risk,Low Priority
3811-VBYBZ,7,99.8,673.25,Month-to-month,Fiber optic,Yes,99.8,7,698.6,96.17857142857144,Low Value,,0.0,Low Risk,Low Priority
1480-BKXGA,72,116.05,8404.9,Two year,Fiber optic,No,116.05,72,8355.6,116.73472222222222,Very High Value,,0.0,Low Risk,VIP Customer
2996-XAUVF,70,40.05,2799.75,Two year,DSL,No,40.05,70,2803.5,39.996428571428574,Medium Value,,0.0,Low Risk,Low Priority
9076-AXYIK,64,102.1,6538.45,Two year,Fiber optic,No,102.1,64,6534.4,102.16328125,Very High Value,,0.0,Low Risk,VIP Customer
5968-XQIVE,72,89.7,6588.95,One year,Fiber optic,No,89.7,72,6458.400000000001,91.51319444444444,Very High Value,,0.0,Low Risk,VIP Customer
8896-RAZCR,44,19.9,868.1,Two year,No,No,19.9,44,875.5999999999999,19.729545454545452,Low Value,,0.0,Low Risk,Low Priority
4640-UHDOS,13,55.95,734.35,Month-to-month,DSL,Yes,55.95,13,727.35,56.48846153846154,Low Value,No,0.29,Low Risk,Low Priority
4933-IKULF,17,20.65,330.6,One year,No,No,20.65,17,351.04999999999995,19.447058823529414,Low Value,,0.0,Low Risk,Low Priority
3583-EKAPL,1,55.0,55.0,Month-to-month,DSL,Yes,55.0,1,55.0,55.0,Low Value,,0.0,Low Risk,Low Priority
1304-BCCFO,9,70.05,564.4,Month-to-month,DSL,No,70.05,9,630.4499999999999,62.71111111111111,Low Value,,0.0,Low Risk,Low Priority
4104-PVRPS,24,53.6,1315.35,Month-to-month,DSL,No,53.6,24,1286.4,54.80625,Medium Value,,0.0,Low Risk,Low Priority
9399-APLBT,1,74.7,74.7,Month-to-month,Fiber optic,Yes,74.7,1,74.7,74.7,Low Value,,0.0,Low Risk,Low Priority
2359-KMGLI,24,80.25,1861.5,Month-to-month,Fiber optic,Yes,80.25,24,1926.0,77.5625,Medium Value,,0.0,Low Risk,Low Priority
3780-DDGSE,35,76.05,2747.2,Month-to-month,DSL,No,76.05,35,2661.75,78.49142857142857,Medium Value,No,0.16,Low Risk,Low Priority
4431-EDMIQ,7,75.7,554.05,Month-to-month,DSL,No,75.7,7,529.9,79.14999999999999,Low Value,,0.0,Low Risk,Low Priority
0306-JAELE,5,96.1,453.4,Month-to-month,Fiber optic,Yes,96.1,5,480.5,90.68,Low Value,,0.0,Low Risk,Low Priority
6227-HWPWX,15,69.0,994.8,Month-to-month,Fiber optic,Yes,69.0,15,1035.0,66.32,Medium Value,No,0.26,Low Risk,Low Priority
0486-LGCCH,11,19.65,225.75,Two year,No,No,19.65,11,216.15,20.522727272727277,Low Value,,0.0,Low Risk,Low Priority
0447-BEMNG,48,45.3,2145.0,Month-to-month,DSL,Yes,45.3,48,2174.4,44.6875,Medium Value,No,0.115,Low Risk,Low Priority
4612-SSVHJ,20,81.45,1671.6,Month-to-month,Fiber optic,No,81.45,20,1629.0,83.58,Medium Value,,0.0,Low Risk,Low Priority
5168-MQQCA,72,108.5,8003.8,One year,Fiber optic,No,108.5,72,7812.0,111.16388888888888,Very High Value,,0.0,Low Risk,VIP Customer
5949-XIKAE,8,83.55,680.05,Month-to-month,Fiber optic,Yes,83.55,8,668.4,85.00625,Low Value,,0.0,Low Risk,Low Priority
7971-HLVXI,72,84.5,6130.85,Two year,Fiber optic,No,84.5,72,6084.0,85.15069444444445,Very High Value,No,0.095,Low Risk,VIP Customer
9094-AZPHK,15,100.15,1415.0,Month-to-month,Fiber optic,No,100.15,15,1502.25,94.33333333333331,Medium Value,,0.0,Low Risk,Low Priority
3649-JPUGY,72,88.6,6201.95,Two year,DSL,No,88.6,72,6379.2,86.13819444444444,Very High Value,No,0.025,Low Risk,VIP Customer
4472-LVYGI,0,52.55,0.0,Two year,DSL,No,52.55,1,52.55,0.0,Low Value,,0.0,Low Risk,Low Priority
8372-JUXUI,1,74.35,74.35,Month-to-month,Fiber optic,Yes,74.35,1,74.35,74.35,Low Value,,0.0,Low Risk,Low Priority
3552-CTCYF,63,104.8,6597.25,Two year,Fiber optic,No,104.8,63,6602.4,104.71825396825396,Very High Value,,0.0,Low Risk,VIP Customer
6778-YSNIH,2,59.0,114.15,Month-to-month,DSL,No,59.0,2,118.0,57.075,Low Value,,0.0,Low Risk,Low Priority
0388-EOPEX,2,74.4,139.4,Month-to-month,Fiber optic,Yes,74.4,2,148.8,69.7,Low Value,Yes,0.585,Medium Risk,Monitor
5756-OZRIO,61,64.05,3902.6,One year,DSL,No,64.05,61,3907.05,63.97704918032787,High Value,,0.0,Low Risk,High Value Customer
6579-JPICP,1,20.4,20.4,Month-to-month,No,No,20.4,1,20.4,20.4,Low Value,,0.0,Low Risk,Low Priority
8205-OTCHB,22,43.75,903.6,One year,DSL,Yes,43.75,22,962.5,41.07272727272727,Low Value,,0.0,Low Risk,Low Priority
4134-BSXLX,28,60.9,1785.65,Month-to-month,DSL,No,60.9,28,1705.2,63.77321428571429,Medium Value,,0.0,Low Risk,Low Priority
0505-SPOOW,70,19.8,1397.65,Two year,No,No,19.8,70,1386.0,19.966428571428573,Medium Value,,0.0,Low Risk,Low Priority
6235-VDHOM,5,28.45,131.05,Month-to-month,DSL,Yes,28.45,5,142.25,26.21,Low Value,,0.0,Low Risk,Low Priority
7783-YKGDV,12,99.7,1238.45,Month-to-month,Fiber optic,Yes,99.7,12,1196.4,103.20416666666668,Medium Value,,0.0,Low Risk,Low Priority
4374-YMUSQ,34,116.25,3899.05,One year,Fiber optic,No,116.25,34,3952.5,114.6779411764706,High Value,,0.0,Low Risk,High Value Customer
4513-CXYIX,71,80.7,5676.0,Two year,Fiber optic,No,80.7,71,5729.7,79.94366197183099,High Value,,0.0,Low Risk,High Value Customer
3957-HHLMR,70,65.2,4543.15,One year,DSL,No,65.2,70,4564.0,64.90214285714285,High Value,,0.0,Low Risk,High Value Customer
7803-XOCCZ,52,84.05,4326.8,Month-to-month,Fiber optic,No,84.05,52,4370.599999999999,83.20769230769231,High Value,No,0.08,Low Risk,High Value Customer
5736-YEJAX,69,79.45,5502.55,Two year,DSL,No,79.45,69,5482.05,79.74710144927536,High Value,,0.0,Low Risk,High Value Customer
5609-CEBID,20,94.1,1782.4,Month-to-month,Fiber optic,Yes,94.1,20,1882.0,89.12,Medium Value,,0.0,Low Risk,Low Priority
8981-FJGLA,11,78.0,851.8,Month-to-month,Fiber optic,No,78.0,11,858.0,77.43636363636364,Low Value,,0.0,Low Risk,Low Priority
7218-HKQFK,2,94.2,167.5,Month-to-month,Fiber optic,Yes,94.2,2,188.4,83.75,Low Value,Yes,0.615,Medium Risk,Monitor
4636-QRJKY,6,80.5,502.85,Month-to-month,Fiber optic,Yes,80.5,6,483.0,83.80833333333334,Low Value,,0.0,Low Risk,Low Priority
1135-LMECX,1,19.85,19.85,Month-to-month,No,No,19.85,1,19.85,19.85,Low Value,,0.0,Low Risk,Low Priority
4332-MUOEZ,20,94.3,1818.3,One year,Fiber optic,No,94.3,20,1886.0,90.915,Medium Value,No,0.185,Low Risk,Low Priority
8535-SFUTN,61,106.45,6300.15,Month-to-month,Fiber optic,No,106.45,61,6493.45,103.2811475409836,Very High Value,,0.0,Low Risk,VIP Customer
5956-VKDTT,5,74.35,334.8,Month-to-month,Fiber optic,Yes,74.35,5,371.75,66.96000000000001,Low Value,,0.0,Low Risk,Low Priority
8677-HDZEE,56,105.45,5916.95,Month-to-month,Fiber optic,No,105.45,56,5905.2,105.65982142857142,High Value,,0.0,Low Risk,High Value Customer
2475-MROZF,30,95.0,2852.4,Month-to-month,Fiber optic,No,95.0,30,2850.0,95.08,Medium Value,,0.0,Low Risk,Low Priority
9412-GHEEC,40,104.8,4131.95,Month-to-month,Fiber optic,Yes,104.8,40,4192.0,103.29875,High Value,,0.0,Low Risk,High Value Customer
3482-ABPKK,28,54.3,1546.3,One year,DSL,No,54.3,28,1520.4,55.225,Medium Value,,0.0,Low Risk,Low Priority
6705-LXORM,5,70.05,302.6,Month-to-month,Fiber optic,No,70.05,5,350.25,60.52,Low Value,No,0.495,Medium Risk,Monitor
0257-ZESQC,27,75.2,1929.35,Month-to-month,Fiber optic,Yes,75.2,27,2030.4,71.4574074074074,Medium Value,,0.0,Low Risk,Low Priority
7531-GQHME,12,20.05,265.45,Month-to-month,No,No,20.05,12,240.6,22.120833333333334,Low Value,No,0.08,Low Risk,Low Priority
5174-ITUMV,67,105.4,6989.45,One year,Fiber optic,No,105.4,67,7061.8,104.32014925373134,Very High Value,,0.0,Low Risk,VIP Customer
4109-CYRBD,29,51.6,1442.0,Month-to-month,DSL,No,51.6,29,1496.4,49.72413793103448,Medium Value,,0.0,Low Risk,Low Priority
0913-XWSCN,55,85.5,4713.4,Month-to-month,Fiber optic,No,85.5,55,4702.5,85.69818181818181,High Value,No,0.215,Low Risk,High Value Customer
6825-UYPFK,23,75.6,1758.6,Month-to-month,Fiber optic,Yes,75.6,23,1738.8,76.4608695652174,Medium Value,No,0.33,Low Risk,Low Priority
8397-MVTAZ,34,100.05,3480.0,Month-to-month,Fiber optic,Yes,100.05,34,3401.7,102.3529411764706,High Value,Yes,0.58,Medium Risk,High Value Customer
0750-EBAIU,52,91.25,4738.3,One year,Fiber optic,No,91.25,52,4745.0,91.12115384615385,High Value,,0.0,Low Risk,High Value Customer
8606-CIQUL,72,115.75,8399.15,Two year,Fiber optic,No,115.75,72,8334.0,116.6548611111111,Very High Value,,0.0,Low Risk,VIP Customer
3571-DPYUH,58,94.7,5430.35,One year,Fiber optic,No,94.7,58,5492.6,93.62672413793103,High Value,No,0.06,Low Risk,High Value Customer
7601-GNDYK,35,19.6,686.95,Two year,No,No,19.6,35,686.0,19.627142857142857,Low Value,,0.0,Low Risk,Low Priority
0356-OBMAC,56,99.9,5706.3,Two year,Fiber optic,No,99.9,56,5594.400000000001,101.89821428571427,High Value,,0.0,Low Risk,High Value Customer
8067-NIOYM,24,21.1,490.65,Two year,No,No,21.1,24,506.4,20.44375,Low Value,,0.0,Low Risk,Low Priority
1403-GYAFU,70,20.05,1360.25,Two year,No,No,20.05,70,1403.5,19.432142857142857,Medium Value,No,0.005,Low Risk,Low Priority
4234-XTNEA,2,79.95,174.45,Month-to-month,Fiber optic,No,79.95,2,159.9,87.225,Low Value,,0.0,Low Risk,Low Priority
1297-VQDRP,68,107.15,7379.8,One year,Fiber optic,No,107.15,68,7286.200000000001,108.5264705882353,Very High Value,,0.0,Low Risk,VIP Customer
9282-IZGQK,1,85.0,85.0,Month-to-month,Fiber optic,Yes,85.0,1,85.0,85.0,Low Value,,0.0,Low Risk,Low Priority
5348-CAGXB,12,89.55,1021.75,Month-to-month,Fiber optic,No,89.55,12,1074.6,85.14583333333333,Medium Value,,0.0,Low Risk,Low Priority
0621-HJWXJ,63,81.55,5029.05,Month-to-month,Fiber optic,No,81.55,63,5137.65,79.82619047619048,High Value,,0.0,Low Risk,High Value Customer
5844-QVTAT,33,58.45,1955.4,One year,DSL,No,58.45,33,1928.85,59.25454545454546,Medium Value,,0.0,Low Risk,Low Priority
8905-IAZPF,69,95.65,6744.2,One year,Fiber optic,No,95.65,69,6599.85,97.74202898550725,Very High Value,,0.0,Low Risk,VIP Customer
5394-MEITZ,60,80.6,4946.7,Two year,DSL,No,80.6,60,4836.0,82.445,High Value,,0.0,Low Risk,High Value Customer
6859-QNXIQ,72,113.1,8248.5,Two year,Fiber optic,No,113.1,72,8143.2,114.5625,Very High Value,,0.0,Low Risk,VIP Customer
2782-LFZVW,11,58.95,601.6,Month-to-month,DSL,No,58.95,11,648.45,54.690909090909095,Low Value,No,0.32,Low Risk,Low Priority
2866-IKBTM,1,19.55,19.55,Month-to-month,No,No,19.55,1,19.55,19.55,Low Value,,0.0,Low Risk,Low Priority
1342-JPNKI,10,86.05,834.1,Month-to-month,Fiber optic,Yes,86.05,10,860.5,83.41,Low Value,,0.0,Low Risk,Low Priority
2817-NTQDO,13,45.55,597.0,Month-to-month,DSL,Yes,45.55,13,592.15,45.92307692307692,Low Value,,0.0,Low Risk,Low Priority
7129-AZJDE,34,78.95,2647.2,One year,Fiber optic,No,78.95,34,2684.3,77.85882352941177,Medium Value,,0.0,Low Risk,Low Priority
6986-IJDHX,39,86.3,3266.0,Month-to-month,Fiber optic,Yes,86.3,39,3365.7,83.74358974358974,High Value,,0.0,Low Risk,High Value Customer
2560-PPCHE,65,105.05,6744.25,One year,Fiber optic,No,105.05,65,6828.25,103.75769230769232,Very High Value,,0.0,Low Risk,VIP Customer
4676-MQUEA,50,101.9,5265.5,One year,Fiber optic,No,101.9,50,5095.0,105.31,High Value,,0.0,Low Risk,High Value Customer
8138-EALND,15,19.75,311.6,Month-to-month,No,No,19.75,15,296.25,20.773333333333333,Low Value,,0.0,Low Risk,Low Priority
3580-HYCSP,72,110.3,7966.9,Two year,Fiber optic,No,110.3,72,7941.599999999999,110.65138888888887,Very High Value,,0.0,Low Risk,VIP Customer
1352-HNSAW,72,115.6,8220.4,Two year,Fiber optic,No,115.6,72,8323.199999999999,114.17222222222222,Very High Value,,0.0,Low Risk,VIP Customer
2075-PUEPR,55,19.35,1153.25,Two year,No,No,19.35,55,1064.25,20.96818181818182,Medium Value,No,0.025,Low Risk,Low Priority
1982-FEBTD,23,25.6,514.75,Two year,No,No,25.6,23,588.8000000000001,22.380434782608692,Low Value,,0.0,Low Risk,Low Priority
5301-GAUUY,32,80.35,2596.15,Month-to-month,Fiber optic,Yes,80.35,32,2571.2,81.1296875,Medium Value,No,0.38,Low Risk,Low Priority
5791-KAJFD,56,68.75,3808.0,One year,DSL,No,68.75,56,3850.0,68.0,High Value,,0.0,Low Risk,High Value Customer
2654-VBVPB,1,19.9,19.9,Month-to-month,No,No,19.9,1,19.9,19.9,Low Value,,0.0,Low Risk,Low Priority
1154-HYWWO,38,70.6,2708.2,One year,DSL,No,70.6,38,2682.8,71.26842105263158,Medium Value,,0.0,Low Risk,Low Priority
2501-XWWTZ,11,70.2,760.05,Month-to-month,Fiber optic,No,70.2,11,772.2,69.09545454545454,Low Value,No,0.395,Low Risk,Low Priority
3716-UVSPD,1,49.3,49.3,Month-to-month,DSL,No,49.3,1,49.3,49.3,Low Value,,0.0,Low Risk,Low Priority
6815-ABQFQ,56,107.25,6033.3,One year,Fiber optic,No,107.25,56,6006.0,107.7375,Very High Value,No,0.285,Low Risk,VIP Customer
7343-EOBEU,3,23.6,89.05,Month-to-month,No,No,23.6,3,70.80000000000001,29.683333333333334,Low Value,,0.0,Low Risk,Low Priority
3701-SFMUH,7,69.7,516.15,Month-to-month,DSL,No,69.7,7,487.9,73.73571428571428,Low Value,,0.0,Low Risk,Low Priority
6103-LIANB,59,99.5,5861.75,Two year,Fiber optic,No,99.5,59,5870.5,99.35169491525424,High Value,,0.0,Low Risk,High Value Customer
7319-VENRZ,7,64.3,445.95,Month-to-month,DSL,No,64.3,7,450.1,63.707142857142856,Low Value,,0.0,Low Risk,Low Priority
5846-NEQVZ,71,70.85,4973.4,Two year,DSL,No,70.85,71,5030.349999999999,70.04788732394366,High Value,,0.0,Low Risk,High Value Customer
6967-QIQRV,15,101.9,1667.25,One year,Fiber optic,No,101.9,15,1528.5,111.15,Medium Value,,0.0,Low Risk,Low Priority
5781-RFZRP,71,73.5,5357.75,Two year,DSL,No,73.5,71,5218.5,75.46126760563381,High Value,,0.0,Low Risk,High Value Customer
0939-YAPAF,35,100.25,3527.6,Month-to-month,Fiber optic,Yes,100.25,35,3508.75,100.78857142857144,High Value,,0.0,Low Risk,High Value Customer
0308-IVGOK,11,40.4,422.6,One year,DSL,No,40.4,11,444.4,38.41818181818182,Low Value,,0.0,Low Risk,Low Priority
7293-LSCDV,60,19.25,1103.25,Two year,No,No,19.25,60,1155.0,18.3875,Medium Value,,0.0,Low Risk,Low Priority
7025-WCBNE,47,59.6,2754.0,Two year,DSL,No,59.6,47,2801.2000000000003,58.59574468085106,Medium Value,,0.0,Low Risk,Low Priority
5756-JYOJT,11,64.9,697.25,One year,DSL,No,64.9,11,713.9000000000001,63.38636363636363,Low Value,,0.0,Low Risk,Low Priority
4710-FDUIZ,56,100.3,5614.45,One year,Fiber optic,Yes,100.3,56,5616.8,100.25803571428573,High Value,,0.0,Low Risk,High Value Customer
6030-REHUX,28,110.85,3204.4,Month-to-month,Fiber optic,No,110.85,28,3103.8,114.44285714285716,High Value,,0.0,Low Risk,High Value Customer
9548-LIGTA,61,81.05,4747.65,Two year,DSL,No,81.05,61,4944.05,77.83032786885245,High Value,,0.0,Low Risk,High Value Customer
5150-LJNSR,31,98.05,3082.1,One year,Fiber optic,No,98.05,31,3039.55,99.42258064516128,High Value,,0.0,Low Risk,High Value Customer
8270-RKSAP,9,70.5,597.9,Month-to-month,Fiber optic,No,70.5,9,634.5,66.43333333333334,Low Value,,0.0,Low Risk,Low Priority
6522-YRBXD,35,94.55,3365.4,Month-to-month,Fiber optic,No,94.55,35,3309.25,96.15428571428572,High Value,,0.0,Low Risk,High Value Customer
2640-LYMOV,2,19.65,38.8,Month-to-month,No,No,19.65,2,39.3,19.4,Low Value,,0.0,Low Risk,Low Priority
1218-VKFPE,12,19.0,233.55,Month-to-month,No,Yes,19.0,12,228.0,19.4625,Low Value,No,0.025,Low Risk,Low Priority
3627-FHKBK,1,75.3,75.3,Month-to-month,Fiber optic,Yes,75.3,1,75.3,75.3,Low Value,Yes,0.5692,Medium Risk,Monitor
2865-TCHJW,4,89.2,346.2,Month-to-month,Fiber optic,Yes,89.2,4,356.8,86.55,Low Value,Yes,0.82,High Risk,Churn Risk
1423-BMPBQ,1,19.0,19.0,Month-to-month,No,No,19.0,1,19.0,19.0,Low Value,,0.0,Low Risk,Low Priority
2393-DIVAI,3,20.0,61.7,Month-to-month,No,No,20.0,3,60.0,20.566666666666663,Low Value,,0.0,Low Risk,Low Priority
5192-EBGOV,1,85.7,85.7,Month-to-month,Fiber optic,Yes,85.7,1,85.7,85.7,Low Value,,0.0,Low Risk,Low Priority
4568-KNYWR,52,63.25,3342.45,Two year,DSL,No,63.25,52,3289.0,64.27788461538461,High Value,,0.0,Low Risk,High Value Customer
8752-IMQOS,5,20.1,85.1,One year,No,No,20.1,5,100.5,17.02,Low Value,,0.0,Low Risk,Low Priority
0742-LAFQK,72,99.15,7422.1,Two year,Fiber optic,No,99.15,72,7138.8,103.08472222222224,Very High Value,,0.0,Low Risk,VIP Customer
0795-LAFGP,71,90.4,6668.05,Two year,DSL,No,90.4,71,6418.400000000001,93.9161971830986,Very High Value,,0.0,Low Risk,VIP Customer
0619-OLYUR,72,111.9,8071.05,Two year,Fiber optic,No,111.9,72,8056.8,112.09791666666666,Very High Value,,0.0,Low Risk,VIP Customer
5512-IDZEI,46,24.9,1174.8,One year,No,No,24.9,46,1145.4,25.539130434782606,Medium Value,,0.0,Low Risk,Low Priority
0459-SPZHJ,63,83.5,5435.0,Two year,DSL,No,83.5,63,5260.5,86.26984126984127,High Value,,0.0,Low Risk,High Value Customer
0215-BQKGS,30,84.3,2438.6,Month-to-month,Fiber optic,No,84.3,30,2529.0,81.28666666666666,Medium Value,,0.0,Low Risk,Low Priority
9244-ZVAPM,1,45.6,45.6,Month-to-month,DSL,No,45.6,1,45.6,45.6,Low Value,,0.0,Low Risk,Low Priority
0719-SYFRB,12,61.65,713.75,Month-to-month,DSL,Yes,61.65,12,739.8,59.47916666666666,Low Value,No,0.145,Low Risk,Low Priority
8208-EUMTE,16,54.85,916.15,Two year,DSL,No,54.85,16,877.6,57.259375,Low Value,,0.0,Low Risk,Low Priority
5172-MIGPM,4,65.55,237.2,Month-to-month,DSL,No,65.55,4,262.2,59.3,Low Value,,0.0,Low Risk,Low Priority
1710-RCXUS,51,90.35,4614.55,One year,Fiber optic,No,90.35,51,4607.849999999999,90.4813725490196,High Value,,0.0,Low Risk,High Value Customer
0374-FIUCA,65,20.4,1414.45,Two year,No,No,20.4,65,1326.0,21.76076923076923,Medium Value,,0.0,Low Risk,Low Priority
5839-SUYVZ,16,74.55,1170.5,Month-to-month,Fiber optic,No,74.55,16,1192.8,73.15625,Medium Value,,0.0,Low Risk,Low Priority
5173-ZXXXL,2,19.95,47.7,One year,No,No,19.95,2,39.9,23.85,Low Value,,0.0,Low Risk,Low Priority
1096-ADRUX,66,74.25,4859.25,One year,Fiber optic,No,74.25,66,4900.5,73.625,High Value,,0.0,Low Risk,High Value Customer
2001-MCUUW,46,108.65,4903.2,Two year,Fiber optic,No,108.65,46,4997.900000000001,106.59130434782608,High Value,No,0.245,Low Risk,High Value Customer
2731-GJRDG,32,109.55,3608.0,One year,Fiber optic,No,109.55,32,3505.6,112.75,High Value,,0.0,Low Risk,High Value Customer
4723-BEGSG,72,86.65,6094.25,Two year,DSL,No,86.65,72,6238.8,84.64236111111111,Very High Value,,0.0,Low Risk,VIP Customer
6516-NKQBO,38,81.0,3084.9,Two year,DSL,No,81.0,38,3078.0,81.18157894736842,High Value,,0.0,Low Risk,High Value Customer
8672-OAUPW,51,47.85,2356.75,One year,DSL,No,47.85,51,2440.35,46.21078431372549,Medium Value,,0.0,Low Risk,Low Priority
8207-DMRVL,72,114.55,8306.05,Two year,Fiber optic,No,114.55,72,8247.6,115.36180555555556,Very High Value,,0.0,Low Risk,VIP Customer
3419-SNJJD,65,105.25,6786.4,Month-to-month,Fiber optic,Yes,105.25,65,6841.25,104.40615384615384,Very High Value,,0.0,Low Risk,VIP Customer
6543-CPZMK,9,29.95,248.95,Month-to-month,DSL,Yes,29.95,9,269.55,27.66111111111111,Low Value,No,0.27,Low Risk,Low Priority
4765-OXPPD,9,65.0,663.05,Month-to-month,DSL,Yes,65.0,9,585.0,73.67222222222222,Low Value,,0.0,Low Risk,Low Priority
2804-ETQDK,66,20.55,1357.1,Two year,No,No,20.55,66,1356.3,20.56212121212121,Medium Value,,0.0,Low Risk,Low Priority
6689-VRRTK,44,109.8,4860.35,One year,Fiber optic,No,109.8,44,4831.2,110.4625,High Value,,0.0,Low Risk,High Value Customer
7138-GIRSH,50,69.5,3418.2,Two year,DSL,No,69.5,50,3475.0,68.36399999999999,High Value,,0.0,Low Risk,High Value Customer
9396-ZSFLL,15,48.85,631.4,Month-to-month,DSL,No,48.85,15,732.75,42.09333333333333,Low Value,,0.0,Low Risk,Low Priority
6464-KEXXH,8,25.25,186.3,Month-to-month,DSL,No,25.25,8,202.0,23.2875,Low Value,,0.0,Low Risk,Low Priority
7134-MJPDY,66,102.85,6976.75,One year,Fiber optic,No,102.85,66,6788.099999999999,105.70833333333331,Very High Value,No,0.33,Low Risk,VIP Customer
5240-CAOYT,57,87.55,4884.85,Month-to-month,Fiber optic,No,87.55,57,4990.349999999999,85.69912280701755,High Value,No,0.115,Low Risk,High Value Customer
4059-IIEBK,7,78.55,522.95,Month-to-month,Fiber optic,No,78.55,7,549.85,74.70714285714287,Low Value,,0.0,Low Risk,Low Priority
4881-JVQOD,10,34.55,362.6,Month-to-month,DSL,No,34.55,10,345.5,36.260000000000005,Low Value,,0.0,Low Risk,Low Priority
0516-UXRMT,62,92.05,5755.8,One year,Fiber optic,No,92.05,62,5707.099999999999,92.83548387096776,High Value,No,0.085,Low Risk,High Value Customer
4851-BQDNX,40,85.05,3355.65,One year,Fiber optic,No,85.05,40,3402.0,83.89125,High Value,,0.0,Low Risk,High Value Customer
5148-HKFIR,20,19.7,406.95,Two year,No,No,19.7,20,394.0,20.3475,Low Value,,0.0,Low Risk,Low Priority
1009-IRMNA,7,20.0,137.6,Month-to-month,No,Yes,20.0,7,140.0,19.65714285714285,Low Value,,0.0,Low Risk,Low Priority
3003-CMDUU,25,95.15,2395.7,Month-to-month,Fiber optic,No,95.15,25,2378.75,95.828,Medium Value,,0.0,Low Risk,Low Priority
5016-IBERQ,23,84.25,1968.1,Month-to-month,Fiber optic,No,84.25,23,1937.75,85.5695652173913,Medium Value,No,0.31,Low Risk,Low Priority
6797-UCJHZ,66,104.6,6819.45,One year,Fiber optic,No,104.6,66,6903.599999999999,103.325,Very High Value,,0.0,Low Risk,VIP Customer
2469-DTSGX,72,111.65,7943.45,Two year,Fiber optic,No,111.65,72,8038.8,110.32569444444444,Very High Value,,0.0,Low Risk,VIP Customer
4554-YGZIH,49,90.05,4547.25,Month-to-month,Fiber optic,Yes,90.05,49,4412.45,92.80102040816328,High Value,,0.0,Low Risk,High Value Customer
5099-BAILX,43,110.75,4687.9,Month-to-month,Fiber optic,Yes,110.75,43,4762.25,109.02093023255811,High Value,,0.0,Low Risk,High Value Customer
9931-KGHOA,46,55.0,2473.95,Month-to-month,DSL,No,55.0,46,2530.0,53.78152173913043,Medium Value,No,0.045,Low Risk,Low Priority
1775-KWJKQ,72,89.85,6562.9,Two year,DSL,No,89.85,72,6469.2,91.15138888888887,Very High Value,,0.0,Low Risk,VIP Customer
7665-VIGUD,10,20.35,176.3,One year,No,No,20.35,10,203.5,17.630000000000003,Low Value,,0.0,Low Risk,Low Priority
9411-TPQQV,40,54.55,2236.2,One year,DSL,No,54.55,40,2182.0,55.905,Medium Value,,0.0,Low Risk,Low Priority
7207-RMRDB,65,105.5,6985.65,Month-to-month,Fiber optic,Yes,105.5,65,6857.5,107.47153846153846,Very High Value,,0.0,Low Risk,VIP Customer
7954-MLBUN,31,99.45,3109.9,Two year,Fiber optic,No,99.45,31,3082.9500000000003,100.31935483870969,High Value,,0.0,Low Risk,High Value Customer
2077-DDHJK,68,70.9,4911.35,Two year,DSL,No,70.9,68,4821.200000000001,72.22573529411765,High Value,,0.0,Low Risk,High Value Customer
4913-EHYUI,56,104.55,5794.65,One year,Fiber optic,Yes,104.55,56,5854.8,103.47589285714284,High Value,,0.0,Low Risk,High Value Customer
0195-IESCP,10,85.25,855.3,Month-to-month,Fiber optic,Yes,85.25,10,852.5,85.53,Low Value,,0.0,Low Risk,Low Priority
9574-BOSMD,68,25.4,1620.2,Two year,No,No,25.4,68,1727.1999999999998,23.826470588235296,Medium Value,,0.0,Low Risk,Low Priority
4580-TMHJU,43,56.15,2499.3,Month-to-month,DSL,Yes,56.15,43,2414.45,58.12325581395349,Medium Value,,0.0,Low Risk,Low Priority
0970-ETWGE,1,89.55,89.55,Month-to-month,Fiber optic,Yes,89.55,1,89.55,89.55,Low Value,Yes,0.745,High Risk,Churn Risk
4908-XAXAY,49,89.85,4287.2,One year,Fiber optic,No,89.85,49,4402.65,87.4938775510204,High Value,,0.0,Low Risk,High Value Customer
8404-VLQFB,15,25.25,394.85,Month-to-month,No,No,25.25,15,378.75,26.32333333333333,Low Value,,0.0,Low Risk,Low Priority
1626-ERCMM,20,94.55,1899.65,Month-to-month,Fiber optic,Yes,94.55,20,1891.0,94.9825,Medium Value,,0.0,Low Risk,Low Priority
0887-HJGAR,1,45.7,45.7,Month-to-month,DSL,Yes,45.7,1,45.7,45.7,Low Value,,0.0,Low Risk,Low Priority
2391-IPLOP,50,69.65,3442.15,One year,DSL,No,69.65,50,3482.5000000000005,68.843,High Value,,0.0,Low Risk,High Value Customer
5644-PDMZC,2,89.5,161.5,Month-to-month,Fiber optic,Yes,89.5,2,179.0,80.75,Low Value,,0.0,Low Risk,Low Priority
3509-GWQGF,24,70.0,1732.6,Month-to-month,Fiber optic,No,70.0,24,1680.0,72.19166666666666,Medium Value,,0.0,Low Risk,Low Priority
9576-ANLXO,3,69.55,222.3,Month-to-month,Fiber optic,Yes,69.55,3,208.65,74.10000000000001,Low Value,Yes,0.6183,Medium Risk,Monitor
2024-BASKD,1,74.6,74.6,Month-to-month,Fiber optic,Yes,74.6,1,74.6,74.6,Low Value,,0.0,Low Risk,Low Priority
5845-BZZIB,35,20.1,655.3,Two year,No,No,20.1,35,703.5,18.72285714285714,Low Value,No,0.0,Low Risk,Low Priority
1140-UKVZG,17,24.8,475.25,Month-to-month,No,No,24.8,17,421.6,27.955882352941178,Low Value,,0.0,Low Risk,Low Priority
4160-AMJTL,8,19.65,164.3,Month-to-month,No,Yes,19.65,8,157.2,20.5375,Low Value,No,0.165,Low Risk,Low Priority
5183-SNMJQ,10,95.1,865.1,Month-to-month,Fiber optic,No,95.1,10,951.0,86.51,Low Value,,0.0,Low Risk,Low Priority
8100-PNJMH,68,88.85,6132.7,Two year,DSL,No,88.85,68,6041.799999999999,90.18676470588235,Very High Value,,0.0,Low Risk,VIP Customer
7838-LAZFO,45,78.8,3597.5,One year,DSL,No,78.8,45,3546.0,79.94444444444444,High Value,No,0.075,Low Risk,High Value Customer
4464-JCOLN,2,19.85,35.9,One year,No,Yes,19.85,2,39.7,17.95,Low Value,No,0.035,Low Risk,Low Priority
2085-JVGAD,37,20.35,697.65,Month-to-month,No,No,20.35,37,752.95,18.855405405405406,Low Value,,0.0,Low Risk,Low Priority
5650-VDUDS,4,24.25,96.05,Month-to-month,DSL,Yes,24.25,4,97.0,24.0125,Low Value,,0.0,Low Risk,Low Priority
8095-WANWK,10,45.25,428.7,Month-to-month,DSL,No,45.25,10,452.5,42.87,Low Value,,0.0,Low Risk,Low Priority
3030-ZKIWL,1,20.05,20.05,Month-to-month,No,No,20.05,1,20.05,20.05,Low Value,,0.0,Low Risk,Low Priority
9565-FLVCG,65,69.55,4459.15,Two year,DSL,No,69.55,65,4520.75,68.60230769230769,High Value,,0.0,Low Risk,High Value Customer
8755-OGKNA,57,19.5,1167.6,Two year,No,No,19.5,57,1111.5,20.48421052631579,Medium Value,,0.0,Low Risk,Low Priority
2800-VEQXM,3,74.75,238.1,Month-to-month,Fiber optic,No,74.75,3,224.25,79.36666666666666,Low Value,,0.0,Low Risk,Low Priority
7538-GWHML,2,69.65,145.15,Month-to-month,Fiber optic,Yes,69.65,2,139.3,72.575,Low Value,,0.0,Low Risk,Low Priority
5533-RJFTJ,49,30.2,1453.1,Month-to-month,DSL,No,30.2,49,1479.8,29.655102040816324,Medium Value,No,0.19,Low Risk,Low Priority
3859-CVCET,4,45.65,191.05,Month-to-month,DSL,Yes,45.65,4,182.6,47.7625,Low Value,,0.0,Low Risk,Low Priority
0214-JHPFW,70,57.8,4039.3,Two year,DSL,No,57.8,70,4046.0,57.70428571428572,High Value,,0.0,Low Risk,High Value Customer
5642-MHDQT,53,19.85,1039.45,One year,No,No,19.85,53,1052.0500000000002,19.6122641509434,Medium Value,,0.0,Low Risk,Low Priority
3088-FVYWK,53,25.55,1336.1,Two year,No,No,25.55,53,1354.15,25.20943396226415,Medium Value,No,0.04,Low Risk,Low Priority
3276-HDUEG,1,75.05,75.05,Month-to-month,Fiber optic,Yes,75.05,1,75.05,75.05,Low Value,,0.0,Low Risk,Low Priority
9092-GDZKO,22,24.85,493.4,Month-to-month,No,No,24.85,22,546.7,22.42727272727273,Low Value,,0.0,Low Risk,Low Priority
0823-HSCDJ,52,49.15,2550.9,Month-to-month,DSL,Yes,49.15,52,2555.8,49.05576923076923,Medium Value,No,0.385,Low Risk,Low Priority
3729-OWRVL,65,110.35,7246.15,Two year,Fiber optic,No,110.35,65,7172.75,111.47923076923075,Very High Value,No,0.225,Low Risk,VIP Customer
2324-AALNO,48,24.55,1203.95,One year,No,No,24.55,48,1178.4,25.082291666666663,Medium Value,,0.0,Low Risk,Low Priority
0822-GAVAP,2,34.7,62.25,Month-to-month,DSL,Yes,34.7,2,69.4,31.125,Low Value,,0.0,Low Risk,Low Priority
5760-IFJOZ,3,107.95,313.6,Month-to-month,Fiber optic,No,107.95,3,323.85,104.53333333333336,Low Value,,0.0,Low Risk,Low Priority
2826-UWHIS,45,81.4,3775.85,Month-to-month,Fiber optic,No,81.4,45,3663.000000000001,83.90777777777778,High Value,,0.0,Low Risk,High Value Customer
1448-PWKYE,1,80.0,80.0,Month-to-month,Fiber optic,Yes,80.0,1,80.0,80.0,Low Value,Yes,0.66,Medium Risk,Monitor
7501-IWUNG,61,73.8,4616.05,Two year,DSL,No,73.8,61,4501.8,75.67295081967214,High Value,,0.0,Low Risk,High Value Customer
4957-TREIR,3,64.4,195.65,Month-to-month,DSL,No,64.4,3,193.2,65.21666666666667,Low Value,,0.0,Low Risk,Low Priority
7251-LJBQN,40,103.75,4188.4,One year,Fiber optic,No,103.75,40,4150.0,104.71,High Value,No,0.26,Low Risk,High Value Customer
8040-MNRTF,1,71.1,71.1,Month-to-month,Fiber optic,No,71.1,1,71.1,71.1,Low Value,,0.0,Low Risk,Low Priority
1536-HBSWP,1,49.9,49.9,Month-to-month,DSL,No,49.9,1,49.9,49.9,Low Value,Yes,0.525,Medium Risk,Monitor
5313-FPXWG,51,24.6,1266.4,One year,No,No,24.6,51,1254.6,24.83137254901961,Medium Value,No,0.02,Low Risk,Low Priority
0067-DKWBL,2,49.25,91.1,Month-to-month,DSL,Yes,49.25,2,98.5,45.55,Low Value,,0.0,Low Risk,Low Priority
8950-MTZNV,1,44.95,44.95,Month-to-month,DSL,No,44.95,1,44.95,44.95,Low Value,,0.0,Low Risk,Low Priority
0946-FKYTX,52,30.1,1623.4,One year,DSL,No,30.1,52,1565.2,31.21923076923077,Medium Value,,0.0,Low Risk,Low Priority
5076-YVXCM,51,83.4,4149.45,Month-to-month,Fiber optic,No,83.4,51,4253.400000000001,81.36176470588235,High Value,,0.0,Low Risk,High Value Customer
8262-COGGB,1,20.45,20.45,Month-to-month,No,No,20.45,1,20.45,20.45,Low Value,,0.0,Low Risk,Low Priority
6663-JOCQO,31,75.25,2344.5,One year,DSL,No,75.25,31,2332.75,75.62903225806451,Medium Value,,0.0,Low Risk,Low Priority
9620-QJREV,47,20.55,1013.05,One year,No,No,20.55,47,965.85,21.554255319148936,Low Value,,0.0,Low Risk,Low Priority
2276-YDAVZ,3,75.1,270.7,Month-to-month,Fiber optic,Yes,75.1,3,225.3,90.23333333333332,Low Value,,0.0,Low Risk,Low Priority
2682-KEVRP,22,20.05,417.0,One year,No,No,20.05,22,441.1,18.954545454545453,Low Value,,0.0,Low Risk,Low Priority
2480-JZOSN,1,20.65,20.65,Month-to-month,No,No,20.65,1,20.65,20.65,Low Value,,0.0,Low Risk,Low Priority
0078-XZMHT,72,85.15,6316.2,Two year,DSL,No,85.15,72,6130.8,87.725,Very High Value,,0.0,Low Risk,VIP Customer
5896-NPFWW,3,50.15,168.15,Month-to-month,DSL,Yes,50.15,3,150.45,56.05,Low Value,,0.0,Low Risk,Low Priority
9978-HYCIN,47,84.95,4018.05,One year,Fiber optic,No,84.95,47,3992.65,85.4904255319149,High Value,,0.0,Low Risk,High Value Customer
8338-QIUNR,72,66.5,4811.6,Two year,DSL,No,66.5,72,4788.0,66.82777777777778,High Value,No,0.055,Low Risk,High Value Customer
1525-LNLOJ,66,63.3,4189.7,Two year,DSL,No,63.3,66,4177.8,63.48030303030303,High Value,No,0.025,Low Risk,High Value Customer
9450-TRJUU,35,83.15,2848.45,Month-to-month,Fiber optic,No,83.15,35,2910.25,81.38428571428571,Medium Value,No,0.345,Low Risk,Low Priority
1766-GKNMI,29,84.9,2516.2,Month-to-month,Fiber optic,No,84.9,29,2462.1000000000004,86.7655172413793,Medium Value,,0.0,Low Risk,Low Priority
6942-LBFDP,2,20.55,33.6,Month-to-month,No,No,20.55,2,41.1,16.8,Low Value,,0.0,Low Risk,Low Priority
1456-TWCGB,4,49.25,208.45,Month-to-month,DSL,No,49.25,4,197.0,52.1125,Low Value,,0.0,Low Risk,Low Priority
7133-VBDCG,25,79.85,2015.35,Month-to-month,Fiber optic,Yes,79.85,25,1996.25,80.61399999999999,Medium Value,,0.0,Low Risk,Low Priority
7596-ZYWBB,65,59.6,3739.8,Two year,DSL,No,59.6,65,3874.0,57.535384615384615,High Value,,0.0,Low Risk,High Value Customer
8329-UTMVM,27,104.65,2964.0,One year,Fiber optic,No,104.65,27,2825.55,109.77777777777776,Medium Value,,0.0,Low Risk,Low Priority
3014-WJKSM,29,75.3,2263.4,Month-to-month,Fiber optic,No,75.3,29,2183.7,78.04827586206896,Medium Value,,0.0,Low Risk,Low Priority
3347-YJZZE,29,80.1,2211.8,Month-to-month,DSL,No,80.1,29,2322.9,76.26896551724138,Medium Value,,0.0,Low Risk,Low Priority
1029-QFBEN,1,19.55,19.55,Month-to-month,No,Yes,19.55,1,19.55,19.55,Low Value,,0.0,Low Risk,Low Priority
7929-DMBCV,20,81.0,1683.7,Month-to-month,Fiber optic,No,81.0,20,1620.0,84.185,Medium Value,,0.0,Low Risk,Low Priority
9661-JALZV,58,24.7,1519.0,Two year,No,No,24.7,58,1432.6,26.189655172413797,Medium Value,,0.0,Low Risk,Low Priority
5433-KYGHE,14,86.0,1164.05,Month-to-month,Fiber optic,No,86.0,14,1204.0,83.14642857142857,Medium Value,,0.0,Low Risk,Low Priority
4312-KFRXN,72,25.4,1710.9,Two year,No,No,25.4,72,1828.8,23.762500000000003,Medium Value,No,0.0,Low Risk,Low Priority
5575-TPIZQ,46,89.15,4245.55,Month-to-month,Fiber optic,No,89.15,46,4100.900000000001,92.29456521739132,High Value,No,0.215,Low Risk,High Value Customer
0114-IGABW,71,58.25,4145.9,Two year,DSL,No,58.25,71,4135.75,58.39295774647887,High Value,,0.0,Low Risk,High Value Customer
9944-AEXBM,32,85.65,2664.3,Month-to-month,Fiber optic,No,85.65,32,2740.8,83.259375,Medium Value,No,0.415,Medium Risk,Monitor
1853-ARAAQ,26,50.35,1277.5,Month-to-month,DSL,No,50.35,26,1309.1,49.13461538461539,Medium Value,,0.0,Low Risk,Low Priority
6952-OMNWB,68,80.35,5589.3,Month-to-month,Fiber optic,No,80.35,68,5463.799999999999,82.19558823529412,High Value,,0.0,Low Risk,High Value Customer
4697-LUPSU,2,20.2,34.75,One year,No,No,20.2,2,40.4,17.375,Low Value,,0.0,Low Risk,Low Priority
8434-VGEQQ,61,20.55,1305.95,Two year,No,No,20.55,61,1253.55,21.409016393442624,Medium Value,,0.0,Low Risk,Low Priority
4952-YSOGZ,4,85.95,381.3,Month-to-month,Fiber optic,Yes,85.95,4,343.8,95.325,Low Value,,0.0,Low Risk,Low Priority
1589-AGTLK,3,45.35,141.5,Month-to-month,DSL,Yes,45.35,3,136.05,47.16666666666666,Low Value,,0.0,Low Risk,Low Priority
5244-IRFIH,33,94.5,3105.55,Month-to-month,Fiber optic,Yes,94.5,33,3118.5,94.10757575757576,High Value,,0.0,Low Risk,High Value Customer
6549-YMFAW,9,21.25,204.55,Month-to-month,No,No,21.25,9,191.25,22.727777777777774,Low Value,,0.0,Low Risk,Low Priority
4950-HKQTE,22,26.25,605.9,Two year,No,No,26.25,22,577.5,27.54090909090909,Low Value,,0.0,Low Risk,Low Priority
6786-OBWQR,5,80.85,356.1,Month-to-month,Fiber optic,No,80.85,5,404.25,71.22,Low Value,,0.0,Low Risk,Low Priority
2684-EIWEO,30,91.7,2758.15,Month-to-month,Fiber optic,Yes,91.7,30,2751.0,91.93833333333332,Medium Value,,0.0,Low Risk,Low Priority
2753-JMMCV,65,74.2,4805.65,Two year,DSL,No,74.2,65,4823.0,73.93307692307691,High Value,,0.0,Low Risk,High Value Customer
6439-GTPCA,45,87.25,3941.7,Month-to-month,Fiber optic,Yes,87.25,45,3926.25,87.59333333333333,High Value,,0.0,Low Risk,High Value Customer
6621-YOBKI,5,20.35,92.75,Month-to-month,No,No,20.35,5,101.75,18.55,Low Value,,0.0,Low Risk,Low Priority
1216-JWVUX,25,75.5,1901.05,Month-to-month,Fiber optic,No,75.5,25,1887.5,76.042,Medium Value,,0.0,Low Risk,Low Priority
7564-GHCVB,72,79.05,5730.7,Two year,Fiber optic,No,79.05,72,5691.599999999999,79.59305555555555,High Value,,0.0,Low Risk,High Value Customer
1173-NOEYG,27,90.15,2423.4,Month-to-month,Fiber optic,No,90.15,27,2434.05,89.75555555555556,Medium Value,,0.0,Low Risk,Low Priority
7595-EHCDL,32,50.6,1653.45,Month-to-month,DSL,No,50.6,32,1619.2,51.6703125,Medium Value,,0.0,Low Risk,Low Priority
6647-ZEDXT,30,110.45,3327.05,One year,Fiber optic,No,110.45,30,3313.5,110.90166666666669,High Value,,0.0,Low Risk,High Value Customer
2521-NPUZR,70,101.0,7085.5,Two year,Fiber optic,No,101.0,70,7070.0,101.22142857142858,Very High Value,,0.0,Low Risk,VIP Customer
1307-TVUFB,42,79.35,3344.1,Month-to-month,Fiber optic,No,79.35,42,3332.7,79.62142857142857,High Value,,0.0,Low Risk,High Value Customer
7503-MIOGA,72,89.85,6697.35,Two year,DSL,No,89.85,72,6469.2,93.01875,Very High Value,,0.0,Low Risk,VIP Customer
4381-MHQDC,47,65.0,2879.9,Two year,DSL,No,65.0,47,3055.0,61.27446808510639,High Value,,0.0,Low Risk,High Value Customer
6923-JHPMP,2,80.45,137.1,Month-to-month,Fiber optic,No,80.45,2,160.9,68.55,Low Value,,0.0,Low Risk,Low Priority
5138-WVKYJ,10,98.55,1008.55,Month-to-month,Fiber optic,Yes,98.55,10,985.5,100.855,Low Value,,0.0,Low Risk,Low Priority
4018-PPNDW,61,24.1,1551.6,Two year,No,No,24.1,61,1470.1,25.43606557377049,Medium Value,No,0.015,Low Risk,Low Priority
1635-FJFCC,5,44.05,202.15,Month-to-month,DSL,No,44.05,5,220.25,40.43,Low Value,,0.0,Low Risk,Low Priority
2499-AJYUA,72,110.8,7882.25,Two year,Fiber optic,No,110.8,72,7977.599999999999,109.47569444444444,Very High Value,,0.0,Low Risk,VIP Customer
6919-ELBGL,72,114.95,8196.4,Two year,Fiber optic,No,114.95,72,8276.4,113.83888888888887,Very High Value,No,0.02,Low Risk,VIP Customer
3966-HRMZA,3,75.05,202.9,Month-to-month,Fiber optic,No,75.05,3,225.15,67.63333333333334,Low Value,Yes,0.5832999999999999,Medium Risk,Monitor
6425-JWTDV,48,19.25,855.1,Two year,No,No,19.25,48,924.0,17.814583333333335,Low Value,,0.0,Low Risk,Low Priority
8405-IGQFX,63,90.05,5817.0,One year,Fiber optic,No,90.05,63,5673.15,92.33333333333331,High Value,,0.0,Low Risk,High Value Customer
8224-IVVPA,27,56.7,1652.95,Month-to-month,DSL,No,56.7,27,1530.9,61.220370370370375,Medium Value,,0.0,Low Risk,Low Priority
9477-LGWQI,70,80.15,5600.15,Two year,DSL,No,80.15,70,5610.5,80.00214285714286,High Value,,0.0,Low Risk,High Value Customer
1410-RSCMR,7,71.35,515.75,Month-to-month,DSL,No,71.35,7,499.44999999999993,73.67857142857143,Low Value,,0.0,Low Risk,Low Priority
3115-CZMZD,0,20.25,0.0,Two year,No,No,20.25,1,20.25,0.0,Low Value,No,0.12369999999999999,Low Risk,Low Priority
0139-IVFJG,2,90.35,190.5,Month-to-month,Fiber optic,No,90.35,2,180.7,95.25,Low Value,,0.0,Low Risk,Low Priority
6683-VLCTZ,20,98.55,1842.8,Month-to-month,Fiber optic,Yes,98.55,20,1971.0,92.14,Medium Value,,0.0,Low Risk,Low Priority
5730-DBDSI,66,19.7,1253.8,Two year,No,No,19.7,66,1300.2,18.996969696969696,Medium Value,,0.0,Low Risk,Low Priority
0030-FNXPP,3,19.85,57.2,Month-to-month,No,No,19.85,3,59.55,19.066666666666663,Low Value,,0.0,Low Risk,Low Priority
2189-WWOEW,15,85.9,1269.55,Month-to-month,Fiber optic,Yes,85.9,15,1288.5,84.63666666666667,Medium Value,,0.0,Low Risk,Low Priority
5684-FJVYR,72,90.35,6563.4,Two year,Fiber optic,No,90.35,72,6505.2,91.15833333333332,Very High Value,,0.0,Low Risk,VIP Customer
4013-GUXND,1,20.8,20.8,Month-to-month,No,No,20.8,1,20.8,20.8,Low Value,No,0.34049999999999997,Low Risk,Low Priority
1894-IGFSG,22,89.25,1907.85,Month-to-month,Fiber optic,Yes,89.25,22,1963.5,86.72045454545454,Medium Value,No,0.49,Medium Risk,Monitor
7379-POKDZ,3,70.3,208.85,Month-to-month,Fiber optic,Yes,70.3,3,210.9,69.61666666666666,Low Value,,0.0,Low Risk,Low Priority
1266-NZYUI,72,66.85,4758.8,Two year,DSL,No,66.85,72,4813.2,66.09444444444445,High Value,,0.0,Low Risk,High Value Customer
7969-FFOWG,65,19.9,1292.6,Two year,No,No,19.9,65,1293.5,19.88615384615385,Medium Value,,0.0,Low Risk,Low Priority
4718-DHSMV,11,35.8,363.15,Month-to-month,DSL,No,35.8,11,393.8,33.01363636363636,Low Value,,0.0,Low Risk,Low Priority
5175-WLYXL,22,78.85,1600.25,Month-to-month,Fiber optic,No,78.85,22,1734.6999999999998,72.73863636363636,Medium Value,,0.0,Low Risk,Low Priority
7817-OMJNA,14,20.4,275.7,One year,No,No,20.4,14,285.6,19.692857142857143,Low Value,,0.0,Low Risk,Low Priority
8728-SKJLR,41,74.25,3089.1,Month-to-month,Fiber optic,No,74.25,41,3044.25,75.34390243902439,High Value,No,0.435,Medium Risk,High Value Customer
3137-NYQQI,17,64.8,1175.6,One year,DSL,No,64.8,17,1101.6,69.15294117647058,Medium Value,,0.0,Low Risk,Low Priority
7706-DZNKK,11,20.45,237.3,Month-to-month,No,No,20.45,11,224.95,21.572727272727278,Low Value,,0.0,Low Risk,Low Priority
0236-HFWSV,15,93.35,1444.65,Month-to-month,Fiber optic,Yes,93.35,15,1400.25,96.31,Medium Value,,0.0,Low Risk,Low Priority
3900-AQPHZ,1,19.9,19.9,Month-to-month,No,Yes,19.9,1,19.9,19.9,Low Value,,0.0,Low Risk,Low Priority
5842-POCOP,5,88.9,454.15,Month-to-month,Fiber optic,Yes,88.9,5,444.5,90.83,Low Value,,0.0,Low Risk,Low Priority
2037-XJFUP,33,95.8,3036.75,One year,Fiber optic,Yes,95.8,33,3161.4,92.02272727272728,High Value,,0.0,Low Risk,High Value Customer
8823-RLPWL,72,110.65,8065.65,Two year,Fiber optic,No,110.65,72,7966.8,112.02291666666666,Very High Value,,0.0,Low Risk,VIP Customer
9505-SQFSW,3,40.3,92.5,Month-to-month,DSL,No,40.3,3,120.9,30.83333333333333,Low Value,,0.0,Low Risk,Low Priority
7314-OXENN,2,82.0,184.65,Month-to-month,Fiber optic,Yes,82.0,2,164.0,92.325,Low Value,,0.0,Low Risk,Low Priority
3758-CKOQL,59,107.0,6152.3,One year,Fiber optic,No,107.0,59,6313.0,104.27627118644068,Very High Value,,0.0,Low Risk,VIP Customer
0322-CHQRU,2,45.35,89.5,Month-to-month,DSL,Yes,45.35,2,90.7,44.75,Low Value,Yes,0.615,Medium Risk,Monitor
5676-CFLYY,71,73.35,5154.5,Two year,DSL,No,73.35,71,5207.849999999999,72.59859154929578,High Value,,0.0,Low Risk,High Value Customer
7521-AFHAB,5,44.8,220.45,Month-to-month,DSL,No,44.8,5,224.0,44.09,Low Value,,0.0,Low Risk,Low Priority
0285-INHLN,27,54.75,1510.3,Month-to-month,DSL,No,54.75,27,1478.25,55.93703703703704,Medium Value,,0.0,Low Risk,Low Priority
4678-DVQEO,1,52.2,52.2,Month-to-month,DSL,Yes,52.2,1,52.2,52.2,Low Value,Yes,0.655,Medium Risk,Monitor
5125-CNDSP,63,40.6,2588.95,One year,DSL,No,40.6,63,2557.8,41.09444444444444,Medium Value,,0.0,Low Risk,Low Priority
0691-IFBQW,46,110.0,4874.8,One year,Fiber optic,Yes,110.0,46,5060.0,105.97391304347826,High Value,,0.0,Low Risk,High Value Customer
4992-LTJNE,72,55.3,3983.6,Two year,DSL,No,55.3,72,3981.6,55.327777777777776,High Value,,0.0,Low Risk,High Value Customer
2202-OUTMO,34,60.85,2003.6,Month-to-month,DSL,No,60.85,34,2068.9,58.92941176470588,Medium Value,,0.0,Low Risk,Low Priority
0810-BDHAW,24,78.4,1832.4,One year,DSL,No,78.4,24,1881.6,76.35000000000001,Medium Value,,0.0,Low Risk,Low Priority
0229-LFJAF,72,69.65,4908.25,Two year,DSL,No,69.65,72,5014.8,68.17013888888889,High Value,,0.0,Low Risk,High Value Customer
7131-ZQZNK,60,59.85,3590.2,Two year,DSL,No,59.85,60,3591.0,59.836666666666666,High Value,,0.0,Low Risk,High Value Customer
3442-ZHHCC,68,76.9,5023.0,One year,DSL,No,76.9,68,5229.200000000001,73.86764705882354,High Value,No,0.155,Low Risk,High Value Customer
5726-CVNYA,8,19.85,146.6,Two year,No,No,19.85,8,158.8,18.325,Low Value,,0.0,Low Risk,Low Priority
9871-ELEYA,34,67.65,2339.3,Two year,DSL,No,67.65,34,2300.1000000000004,68.8029411764706,Medium Value,,0.0,Low Risk,Low Priority
4257-GAESD,6,45.0,298.7,Month-to-month,DSL,No,45.0,6,270.0,49.78333333333333,Low Value,,0.0,Low Risk,Low Priority
5173-WXOQV,2,64.2,143.65,Month-to-month,DSL,No,64.2,2,128.4,71.825,Low Value,,0.0,Low Risk,Low Priority
2040-OBMLJ,31,81.7,2548.65,One year,Fiber optic,No,81.7,31,2532.7000000000003,82.21451612903226,Medium Value,No,0.14,Low Risk,Low Priority
6286-ZHAOK,20,25.55,507.4,Month-to-month,No,No,25.55,20,511.0,25.37,Low Value,,0.0,Low Risk,Low Priority
3807-XHCJH,1,20.0,20.0,Month-to-month,No,No,20.0,1,20.0,20.0,Low Value,,0.0,Low Risk,Low Priority
3009-JWMPU,62,96.75,6125.4,One year,Fiber optic,Yes,96.75,62,5998.5,98.7967741935484,High Value,,0.0,Low Risk,High Value Customer
5671-RQRLP,70,75.65,5411.4,Two year,Fiber optic,No,75.65,70,5295.5,77.30571428571427,High Value,No,0.14,Low Risk,High Value Customer
1450-GALXR,10,98.5,1058.25,Month-to-month,Fiber optic,Yes,98.5,10,985.0,105.825,Low Value,,0.0,Low Risk,Low Priority
8859-AXJZP,39,23.8,903.8,Two year,No,No,23.8,39,928.2,23.174358974358974,Low Value,,0.0,Low Risk,Low Priority
3174-AKMAS,46,64.2,3009.5,Two year,DSL,No,64.2,46,2953.2000000000003,65.42391304347827,Medium Value,,0.0,Low Risk,Low Priority
3138-BKYAV,6,85.35,489.45,Month-to-month,Fiber optic,Yes,85.35,6,512.0999999999999,81.575,Low Value,,0.0,Low Risk,Low Priority
9926-PJHDQ,72,76.8,5468.45,Two year,DSL,No,76.8,72,5529.599999999999,75.95069444444444,High Value,No,0.07,Low Risk,High Value Customer
7382-DFJTU,18,55.2,1058.1,Month-to-month,DSL,No,55.2,18,993.6,58.78333333333333,Low Value,,0.0,Low Risk,Low Priority
2798-NYLMZ,71,108.55,7616.0,Two year,Fiber optic,No,108.55,71,7707.05,107.26760563380282,Very High Value,No,0.155,Low Risk,VIP Customer
4289-DTDKW,40,101.3,4113.1,Month-to-month,Fiber optic,Yes,101.3,40,4052.0,102.8275,High Value,,0.0,Low Risk,High Value Customer
1820-TQVEV,1,69.55,69.55,Month-to-month,Fiber optic,Yes,69.55,1,69.55,69.55,Low Value,Yes,0.945,High Risk,Churn Risk
2239-JALAW,58,103.25,6017.65,One year,Fiber optic,Yes,103.25,58,5988.5,103.75258620689657,High Value,,0.0,Low Risk,High Value Customer
4853-RULSV,70,104.0,7250.15,Two year,Fiber optic,Yes,104.0,70,7280.0,103.57357142857144,Very High Value,,0.0,Low Risk,VIP Customer
8098-TDCBU,42,25.25,1108.2,Two year,No,No,25.25,42,1060.5,26.38571428571429,Medium Value,,0.0,Low Risk,Low Priority
3551-GAEGL,34,30.4,938.65,One year,DSL,No,30.4,34,1033.6,27.60735294117647,Medium Value,,0.0,Low Risk,Low Priority
4785-NKHCX,5,20.05,94.15,Month-to-month,No,No,20.05,5,100.25,18.83,Low Value,,0.0,Low Risk,Low Priority
3196-NVXLZ,25,84.6,2088.05,Month-to-month,Fiber optic,No,84.6,25,2115.0,83.522,Medium Value,,0.0,Low Risk,Low Priority
6275-YDUVO,2,86.2,178.7,Month-to-month,Fiber optic,Yes,86.2,2,172.4,89.35,Low Value,,0.0,Low Risk,Low Priority
0036-IHMOT,55,103.7,5656.75,One year,Fiber optic,No,103.7,55,5703.5,102.85,High Value,,0.0,Low Risk,High Value Customer
0115-TFERT,21,111.2,2317.1,Month-to-month,Fiber optic,Yes,111.2,21,2335.2000000000003,110.33809523809524,Medium Value,,0.0,Low Risk,Low Priority
4178-EGMON,70,88.0,5986.45,Two year,Fiber optic,No,88.0,70,6160.0,85.52071428571428,Very High Value,,0.0,Low Risk,VIP Customer
4220-TINQT,61,106.35,6751.35,Month-to-month,Fiber optic,No,106.35,61,6487.349999999999,110.67786885245904,Very High Value,,0.0,Low Risk,VIP Customer
5318-YKDPV,43,79.15,3566.6,Two year,DSL,No,79.15,43,3403.4500000000003,82.94418604651163,High Value,No,0.04,Low Risk,High Value Customer
7975-TZMLR,47,103.1,4889.3,One year,Fiber optic,No,103.1,47,4845.7,104.02765957446807,High Value,,0.0,Low Risk,High Value Customer
0295-QVKPB,5,63.95,318.1,Month-to-month,DSL,No,63.95,5,319.75,63.620000000000005,Low Value,,0.0,Low Risk,Low Priority
4335-BSMJS,62,25.8,1563.95,Two year,No,No,25.8,62,1599.6,25.225,Medium Value,,0.0,Low Risk,Low Priority
2311-QYMUQ,16,89.45,1430.25,Month-to-month,Fiber optic,Yes,89.45,16,1431.2,89.390625,Medium Value,,0.0,Low Risk,Low Priority
3643-AHCFP,7,95.6,644.35,Month-to-month,Fiber optic,Yes,95.6,7,669.1999999999999,92.05,Low Value,,0.0,Low Risk,Low Priority
9146-JRIOX,14,25.55,372.45,Month-to-month,No,No,25.55,14,357.7,26.603571428571428,Low Value,,0.0,Low Risk,Low Priority
3104-OWCGK,60,90.95,5453.4,One year,Fiber optic,Yes,90.95,60,5457.0,90.89,High Value,,0.0,Low Risk,High Value Customer
5337-IIWKZ,34,44.85,1442.6,Month-to-month,DSL,No,44.85,34,1524.9,42.42941176470588,Medium Value,,0.0,Low Risk,Low Priority
9101-BWFSS,50,108.55,5610.7,One year,Fiber optic,Yes,108.55,50,5427.5,112.214,High Value,,0.0,Low Risk,High Value Customer
9650-VBUOG,38,25.05,963.95,Two year,No,No,25.05,38,951.9,25.367105263157896,Low Value,,0.0,Low Risk,Low Priority
3487-EARAT,70,74.1,5222.3,One year,DSL,No,74.1,70,5187.0,74.60428571428572,High Value,No,0.05,Low Risk,High Value Customer
2672-TGEFF,37,88.8,3340.55,Month-to-month,Fiber optic,No,88.8,37,3285.6,90.28513513513514,High Value,,0.0,Low Risk,High Value Customer
9231-ZJYAM,4,78.85,292.8,Month-to-month,Fiber optic,Yes,78.85,4,315.4,73.2,Low Value,,0.0,Low Risk,Low Priority
4250-WAROZ,60,93.25,5774.55,Month-to-month,Fiber optic,No,93.25,60,5595.0,96.2425,High Value,,0.0,Low Risk,High Value Customer
8184-WMOFI,62,71.4,4487.3,One year,DSL,No,71.4,62,4426.8,72.3758064516129,High Value,,0.0,Low Risk,High Value Customer
6982-SSHFK,1,44.4,44.4,Month-to-month,DSL,Yes,44.4,1,44.4,44.4,Low Value,,0.0,Low Risk,Low Priority
6092-QZVPP,36,79.2,2854.95,Month-to-month,DSL,No,79.2,36,2851.2000000000003,79.30416666666666,Medium Value,,0.0,Low Risk,Low Priority
4625-LAMOB,44,20.4,905.55,Two year,No,No,20.4,44,897.5999999999999,20.580681818181816,Low Value,,0.0,Low Risk,Low Priority
0727-BMPLR,55,100.0,5509.3,One year,Fiber optic,Yes,100.0,55,5500.0,100.16909090909093,High Value,,0.0,Low Risk,High Value Customer
0392-BZIUW,72,105.0,7589.8,Two year,Fiber optic,No,105.0,72,7560.0,105.41388888888888,Very High Value,,0.0,Low Risk,VIP Customer
1038-ZAGBI,12,19.8,229.6,One year,No,Yes,19.8,12,237.6,19.133333333333333,Low Value,,0.0,Low Risk,Low Priority
6549-NNDYT,13,30.85,394.1,Month-to-month,DSL,No,30.85,13,401.05,30.315384615384616,Low Value,,0.0,Low Risk,Low Priority
3027-ZTDHO,1,89.9,89.9,Month-to-month,Fiber optic,Yes,89.9,1,89.9,89.9,Low Value,,0.0,Low Risk,Low Priority
0422-OHQHQ,15,20.55,295.95,One year,No,No,20.55,15,308.25,19.73,Low Value,,0.0,Low Risk,Low Priority
6916-HIJSE,65,84.85,5459.2,Two year,DSL,No,84.85,65,5515.25,83.9876923076923,High Value,,0.0,Low Risk,High Value Customer
2316-ESMLS,12,33.15,444.75,One year,DSL,No,33.15,12,397.8,37.0625,Low Value,,0.0,Low Risk,Low Priority
9778-OGKQZ,72,92.0,6782.15,Two year,DSL,No,92.0,72,6624.0,94.19652777777776,Very High Value,,0.0,Low Risk,VIP Customer
7408-OFWXJ,72,89.8,6510.45,Two year,DSL,No,89.8,72,6465.599999999999,90.42291666666668,Very High Value,No,0.0,Low Risk,VIP Customer
6007-TCTST,72,115.8,8476.5,Two year,Fiber optic,No,115.8,72,8337.6,117.72916666666669,Very High Value,,0.0,Low Risk,VIP Customer
2252-NKNSI,52,85.15,4461.85,Two year,DSL,No,85.15,52,4427.8,85.8048076923077,High Value,,0.0,Low Risk,High Value Customer
8713-IGZSO,2,24.85,62.0,Month-to-month,No,No,24.85,2,49.7,31.0,Low Value,No,0.1112,Low Risk,Low Priority
7905-TVXTA,5,64.35,352.65,Month-to-month,DSL,No,64.35,5,321.75,70.53,Low Value,,0.0,Low Risk,Low Priority
7695-PKLCZ,68,20.5,1424.9,Two year,No,No,20.5,68,1394.0,20.954411764705885,Medium Value,,0.0,Low Risk,Low Priority
2382-BCKQJ,62,100.15,6413.65,One year,Fiber optic,Yes,100.15,62,6209.3,103.44596774193548,Very High Value,,0.0,Low Risk,VIP Customer
8374-UULRV,72,86.05,6309.65,Two year,DSL,No,86.05,72,6195.599999999999,87.63402777777777,Very High Value,,0.0,Low Risk,VIP Customer
2207-NHRJK,1,50.8,50.8,Month-to-month,DSL,Yes,50.8,1,50.8,50.8,Low Value,,0.0,Low Risk,Low Priority
3224-DFQNQ,66,89.0,5898.6,One year,Fiber optic,No,89.0,66,5874.0,89.37272727272727,High Value,,0.0,Low Risk,High Value Customer
5275-PMFUT,72,64.8,4719.75,Two year,DSL,No,64.8,72,4665.599999999999,65.55208333333333,High Value,,0.0,Low Risk,High Value Customer
4795-UXVCJ,26,19.8,457.3,One year,No,No,19.8,26,514.8000000000001,17.588461538461537,Low Value,,0.0,Low Risk,Low Priority
9777-IQHWP,64,93.4,5822.3,Two year,Fiber optic,No,93.4,64,5977.6,90.9734375,High Value,No,0.115,Low Risk,High Value Customer
0947-MUGVO,20,73.65,1463.5,Month-to-month,Fiber optic,Yes,73.65,20,1473.0,73.175,Medium Value,,0.0,Low Risk,Low Priority
9944-HKVVB,3,95.1,307.4,Month-to-month,Fiber optic,Yes,95.1,3,285.29999999999995,102.46666666666664,Low Value,,0.0,Low Risk,Low Priority
4124-MMETB,22,94.65,2104.55,Month-to-month,Fiber optic,Yes,94.65,22,2082.3,95.66136363636365,Medium Value,,0.0,Low Risk,Low Priority
3671-SHRSP,4,80.6,319.15,Month-to-month,Fiber optic,Yes,80.6,4,322.4,79.7875,Low Value,,0.0,Low Risk,Low Priority
0979-MOZQI,62,39.0,2337.45,Two year,DSL,No,39.0,62,2418.0,37.7008064516129,Medium Value,No,0.06,Low Risk,Low Priority
2732-ISEZX,5,20.5,104.3,Month-to-month,No,No,20.5,5,102.5,20.86,Low Value,,0.0,Low Risk,Low Priority
3313-QKNKB,59,85.55,5084.65,One year,Fiber optic,Yes,85.55,59,5047.45,86.18050847457627,High Value,No,0.225,Low Risk,High Value Customer
0323-XWWTN,3,26.4,121.25,Two year,No,No,26.4,3,79.19999999999999,40.41666666666666,Low Value,,0.0,Low Risk,Low Priority
1937-OTUKY,72,98.2,7015.9,Two year,Fiber optic,No,98.2,72,7070.400000000001,97.44305555555556,Very High Value,,0.0,Low Risk,VIP Customer
1573-LGXBA,57,97.55,5598.0,One year,Fiber optic,No,97.55,57,5560.349999999999,98.21052631578948,High Value,,0.0,Low Risk,High Value Customer
1764-VUUMT,66,19.95,1269.1,Two year,No,No,19.95,66,1316.7,19.22878787878788,Medium Value,,0.0,Low Risk,Low Priority
5073-WXOYN,60,50.8,3027.4,Month-to-month,DSL,Yes,50.8,60,3048.0,50.45666666666667,High Value,,0.0,Low Risk,High Value Customer
4713-ZBURT,45,99.7,4634.35,Two year,Fiber optic,No,99.7,45,4486.5,102.98555555555556,High Value,,0.0,Low Risk,High Value Customer
3050-GBUSH,3,34.8,113.95,Month-to-month,DSL,No,34.8,3,104.4,37.98333333333333,Low Value,,0.0,Low Risk,Low Priority
0207-MDKNV,15,105.1,1582.75,Month-to-month,Fiber optic,Yes,105.1,15,1576.5,105.51666666666668,Medium Value,,0.0,Low Risk,Low Priority
7876-AEHIG,51,60.15,3077.0,One year,DSL,No,60.15,51,3067.65,60.333333333333336,High Value,,0.0,Low Risk,High Value Customer
7945-HLKEA,60,64.75,4039.5,One year,DSL,No,64.75,60,3885.0,67.325,High Value,,0.0,Low Risk,High Value Customer
9342-VNIMQ,33,54.65,1665.2,Month-to-month,DSL,No,54.65,33,1803.45,50.46060606060606,Medium Value,,0.0,Low Risk,Low Priority
9851-KIELU,10,110.1,1043.3,Month-to-month,Fiber optic,Yes,110.1,10,1101.0,104.33,Medium Value,No,0.45,Medium Risk,Monitor
3523-BRGUW,26,19.3,504.2,One year,No,No,19.3,26,501.8,19.392307692307693,Low Value,,0.0,Low Risk,Low Priority
3908-BLSYF,6,83.9,497.55,Month-to-month,Fiber optic,Yes,83.9,6,503.4,82.925,Low Value,No,0.5,Medium Risk,Monitor
3199-NPKCN,67,111.25,7511.65,One year,Fiber optic,No,111.25,67,7453.75,112.1141791044776,Very High Value,,0.0,Low Risk,VIP Customer
5170-PTRKA,49,35.8,1782.0,One year,DSL,No,35.8,49,1754.1999999999998,36.36734693877551,Medium Value,No,0.02,Low Risk,Low Priority
4661-NJEUX,1,20.05,20.05,Month-to-month,No,No,20.05,1,20.05,20.05,Low Value,,0.0,Low Risk,Low Priority
2123-AGEEN,7,84.35,609.65,Month-to-month,Fiber optic,No,84.35,7,590.4499999999999,87.09285714285714,Low Value,,0.0,Low Risk,Low Priority
1258-YMZNM,27,110.5,2857.6,One year,Fiber optic,No,110.5,27,2983.5,105.83703703703704,Medium Value,,0.0,Low Risk,Low Priority
0048-LUMLS,37,91.2,3247.55,One year,Fiber optic,No,91.2,37,3374.4,87.77162162162162,High Value,No,0.205,Low Risk,High Value Customer
7549-MYGPK,63,100.55,6215.35,Month-to-month,Fiber optic,Yes,100.55,63,6334.65,98.65634920634922,Very High Value,,0.0,Low Risk,VIP Customer
5898-IGSLP,31,89.3,2823.0,Month-to-month,Fiber optic,No,89.3,31,2768.3,91.06451612903226,Medium Value,,0.0,Low Risk,Low Priority
3804-RVTGV,50,103.85,5017.9,Month-to-month,Fiber optic,Yes,103.85,50,5192.5,100.358,High Value,,0.0,Low Risk,High Value Customer
6259-WJQLC,32,81.1,2619.25,Month-to-month,Fiber optic,No,81.1,32,2595.2,81.8515625,Medium Value,,0.0,Low Risk,Low Priority
9227-LUNBG,1,24.6,24.6,Month-to-month,DSL,Yes,24.6,1,24.6,24.6,Low Value,No,0.38,Low Risk,Low Priority
7997-EASSD,63,81.2,4965.1,One year,Fiber optic,No,81.2,63,5115.6,78.81111111111112,High Value,No,0.105,Low Risk,High Value Customer
0730-KOAVE,30,94.3,2679.7,Month-to-month,Fiber optic,No,94.3,30,2829.0,89.32333333333332,Medium Value,No,0.41,Medium Risk,Monitor
8975-SKGRX,71,116.1,8310.55,Two year,Fiber optic,No,116.1,71,8243.1,117.04999999999998,Very High Value,,0.0,Low Risk,VIP Customer
0678-RLHVP,53,105.55,5682.25,Two year,Fiber optic,No,105.55,53,5594.15,107.2122641509434,High Value,,0.0,Low Risk,High Value Customer
4315-MURBD,12,98.9,1120.95,Month-to-month,Fiber optic,Yes,98.9,12,1186.8000000000002,93.4125,Medium Value,,0.0,Low Risk,Low Priority
2267-FPIMA,50,94.4,4914.9,Month-to-month,Fiber optic,No,94.4,50,4720.0,98.298,High Value,,0.0,Low Risk,High Value Customer
1051-GEJLJ,2,19.5,27.55,Month-to-month,No,No,19.5,2,39.0,13.775,Low Value,No,0.22870000000000001,Low Risk,Low Priority
9734-YWGEX,9,98.3,923.5,Month-to-month,Fiber optic,Yes,98.3,9,884.6999999999999,102.61111111111111,Low Value,,0.0,Low Risk,Low Priority
2719-BDAQO,17,93.85,1625.65,Month-to-month,Fiber optic,Yes,93.85,17,1595.4499999999998,95.62647058823528,Medium Value,,0.0,Low Risk,Low Priority
5285-MVEHD,56,105.6,6068.65,One year,Fiber optic,No,105.6,56,5913.599999999999,108.36875,High Value,,0.0,Low Risk,High Value Customer
0379-DJQHR,67,81.35,5398.6,Two year,DSL,No,81.35,67,5450.45,80.57611940298509,High Value,No,0.025,Low Risk,High Value Customer
0781-LKXBR,9,100.5,918.6,Month-to-month,Fiber optic,Yes,100.5,9,904.5,102.06666666666666,Low Value,,0.0,Low Risk,Low Priority
5543-QDCRY,4,56.4,234.85,Month-to-month,DSL,No,56.4,4,225.6,58.7125,Low Value,,0.0,Low Risk,Low Priority
0297-RBCSG,19,65.35,1231.85,One year,DSL,No,65.35,19,1241.65,64.83421052631579,Medium Value,No,0.21,Low Risk,Low Priority
4694-PHWFW,8,19.95,170.9,Month-to-month,No,No,19.95,8,159.6,21.3625,Low Value,,0.0,Low Risk,Low Priority
0835-JKADZ,71,111.25,7984.15,Two year,Fiber optic,No,111.25,71,7898.75,112.45281690140844,Very High Value,,0.0,Low Risk,VIP Customer
1907-UBQFC,10,72.85,688.65,Month-to-month,Fiber optic,Yes,72.85,10,728.5,68.865,Low Value,,0.0,Low Risk,Low Priority
7508-SMHXL,15,89.0,1288.3,Month-to-month,Fiber optic,No,89.0,15,1335.0,85.88666666666667,Medium Value,,0.0,Low Risk,Low Priority
3865-YIOTT,72,106.1,7848.5,One year,Fiber optic,No,106.1,72,7639.2,109.00694444444444,Very High Value,,0.0,Low Risk,VIP Customer
5993-BQHEA,12,20.05,267.0,One year,No,No,20.05,12,240.6,22.25,Low Value,,0.0,Low Risk,Low Priority
6024-RUGGH,72,25.2,1798.9,Two year,No,No,25.2,72,1814.4,24.984722222222224,Medium Value,,0.0,Low Risk,Low Priority
6513-EECDB,1,73.55,73.55,Month-to-month,Fiber optic,Yes,73.55,1,73.55,73.55,Low Value,,0.0,Low Risk,Low Priority
3956-CJUST,23,75.4,1643.55,Month-to-month,Fiber optic,No,75.4,23,1734.2,71.45869565217392,Medium Value,,0.0,Low Risk,Low Priority
4079-WWQQQ,72,65.55,4807.45,Two year,DSL,No,65.55,72,4719.599999999999,66.77013888888888,High Value,,0.0,Low Risk,High Value Customer
6103-BOCOU,26,80.7,2193.0,Month-to-month,Fiber optic,No,80.7,26,2098.2000000000003,84.34615384615384,Medium Value,,0.0,Low Risk,Low Priority
5149-TGWDZ,21,104.55,2239.4,One year,Fiber optic,No,104.55,21,2195.55,106.63809523809525,Medium Value,,0.0,Low Risk,Low Priority
7471-WNSUF,60,24.15,1505.9,One year,No,No,24.15,60,1449.0,25.098333333333336,Medium Value,,0.0,Low Risk,Low Priority
8942-DBMHZ,12,20.45,255.35,Month-to-month,No,No,20.45,12,245.4,21.279166666666665,Low Value,,0.0,Low Risk,Low Priority
4301-VVZKA,16,75.4,1189.4,Month-to-month,Fiber optic,No,75.4,16,1206.4,74.3375,Medium Value,Yes,0.715,High Risk,Churn Risk
9199-PWQVC,63,79.7,4786.15,One year,DSL,No,79.7,63,5021.1,75.97063492063492,High Value,,0.0,Low Risk,High Value Customer
4824-GUCBY,22,81.7,1820.9,Month-to-month,Fiber optic,No,81.7,22,1797.4,82.76818181818182,Medium Value,,0.0,Low Risk,Low Priority
5393-HJZSM,32,76.3,2404.15,Month-to-month,DSL,No,76.3,32,2441.6,75.1296875,Medium Value,,0.0,Low Risk,Low Priority
7074-IEVOJ,3,79.4,205.05,Month-to-month,Fiber optic,Yes,79.4,3,238.2,68.35000000000001,Low Value,,0.0,Low Risk,Low Priority
9625-QSTYE,13,81.15,952.3,Month-to-month,Fiber optic,Yes,81.15,13,1054.95,73.25384615384615,Medium Value,,0.0,Low Risk,Low Priority
0862-PRCBS,68,103.75,7039.45,Two year,Fiber optic,No,103.75,68,7055.0,103.52132352941176,Very High Value,,0.0,Low Risk,VIP Customer
8812-ZRHFP,30,86.45,2538.05,One year,Fiber optic,No,86.45,30,2593.5,84.60166666666667,Medium Value,,0.0,Low Risk,Low Priority
5146-CBVOE,16,75.1,1212.85,Month-to-month,Fiber optic,No,75.1,16,1201.6,75.803125,Medium Value,,0.0,Low Risk,Low Priority
0454-OKRCT,33,80.6,2651.1,Two year,Fiber optic,No,80.6,33,2659.8,80.33636363636363,Medium Value,,0.0,Low Risk,Low Priority
5787-KXGIY,72,19.3,1304.8,Two year,No,No,19.3,72,1389.6,18.12222222222222,Medium Value,,0.0,Low Risk,Low Priority
4750-ZRXIU,4,84.6,360.1,Month-to-month,Fiber optic,Yes,84.6,4,338.4,90.025,Low Value,Yes,0.84,High Risk,Churn Risk
4198-VFOEA,12,33.6,435.45,One year,DSL,No,33.6,12,403.2000000000001,36.2875,Low Value,,0.0,Low Risk,Low Priority
6630-UJZMY,4,83.25,308.05,Month-to-month,Fiber optic,No,83.25,4,333.0,77.0125,Low Value,Yes,0.785,High Risk,Churn Risk
5709-LVOEQ,0,80.85,0.0,Two year,DSL,No,80.85,1,80.85,0.0,Low Value,No,0.155,Low Risk,Low Priority
6400-BWQKW,6,79.05,434.5,Month-to-month,Fiber optic,Yes,79.05,6,474.3,72.41666666666667,Low Value,,0.0,Low Risk,Low Priority
2692-AQCPF,65,108.05,7118.9,One year,Fiber optic,No,108.05,65,7023.25,109.52153846153846,Very High Value,,0.0,Low Risk,VIP Customer
0347-UBKUZ,15,19.9,320.45,Month-to-month,No,No,19.9,15,298.5,21.363333333333333,Low Value,,0.0,Low Risk,Low Priority
0835-DUUIQ,24,21.05,531.55,One year,No,No,21.05,24,505.2000000000001,22.147916666666664,Low Value,,0.0,Low Risk,Low Priority
0811-GSDTP,13,30.15,382.2,Month-to-month,DSL,No,30.15,13,391.95,29.4,Low Value,,0.0,Low Risk,Low Priority
7567-ECMCM,24,79.85,2001.0,Month-to-month,Fiber optic,No,79.85,24,1916.4,83.375,Medium Value,,0.0,Low Risk,Low Priority
6115-ZTBFQ,72,65.5,4919.7,Two year,DSL,No,65.5,72,4716.0,68.32916666666667,High Value,,0.0,Low Risk,High Value Customer
6353-BRMMA,54,104.1,5645.8,Month-to-month,Fiber optic,No,104.1,54,5621.4,104.55185185185184,High Value,,0.0,Low Risk,High Value Customer
6680-WKXRZ,3,74.4,215.8,Month-to-month,Fiber optic,Yes,74.4,3,223.2,71.93333333333334,Low Value,Yes,0.6433,Medium Risk,Monitor
6231-WFGFH,4,20.5,77.6,Month-to-month,No,No,20.5,4,82.0,19.4,Low Value,,0.0,Low Risk,Low Priority
9904-EHEVJ,32,91.35,2896.55,Month-to-month,Fiber optic,No,91.35,32,2923.2,90.5171875,Medium Value,,0.0,Low Risk,Low Priority
7028-DVOIQ,35,99.05,3395.8,Month-to-month,Fiber optic,Yes,99.05,35,3466.75,97.02285714285716,High Value,,0.0,Low Risk,High Value Customer
6169-PPETC,35,20.5,759.35,Two year,No,No,20.5,35,717.5,21.695714285714285,Low Value,No,0.005,Low Risk,Low Priority
4208-UFFGW,2,44.95,85.15,Month-to-month,DSL,Yes,44.95,2,89.9,42.575,Low Value,Yes,0.515,Medium Risk,Monitor
8584-KMVXD,8,75.6,535.55,Month-to-month,Fiber optic,No,75.6,8,604.8,66.94375,Low Value,,0.0,Low Risk,Low Priority
8467-WYNSR,22,55.1,1253.15,Month-to-month,DSL,No,55.1,22,1212.2,56.96136363636364,Medium Value,,0.0,Low Risk,Low Priority
0851-DFJKB,15,58.95,955.15,Month-to-month,DSL,No,58.95,15,884.25,63.67666666666666,Low Value,,0.0,Low Risk,Low Priority
5382-SOYZL,22,95.1,2162.6,Month-to-month,Fiber optic,No,95.1,22,2092.2,98.3,Medium Value,Yes,0.66,Medium Risk,Monitor
9448-REEVD,1,44.7,44.7,Month-to-month,DSL,Yes,44.7,1,44.7,44.7,Low Value,,0.0,Low Risk,Low Priority
3261-CQXOL,71,25.45,1813.35,Two year,No,No,25.45,71,1806.95,25.54014084507042,Medium Value,,0.0,Low Risk,Low Priority
8388-FYNPZ,4,56.75,245.15,Month-to-month,DSL,No,56.75,4,227.0,61.2875,Low Value,,0.0,Low Risk,Low Priority
4002-BQWPQ,25,81.75,2028.8,Month-to-month,DSL,No,81.75,25,2043.75,81.152,Medium Value,No,0.095,Low Risk,Low Priority
5651-YLPRD,32,86.1,2723.75,Month-to-month,Fiber optic,No,86.1,32,2755.2,85.1171875,Medium Value,No,0.285,Low Risk,Low Priority
2826-DXLQO,7,29.8,220.45,Month-to-month,DSL,No,29.8,7,208.6,31.49285714285714,Low Value,,0.0,Low Risk,Low Priority
4378-BZYFP,17,20.5,365.8,One year,No,No,20.5,17,348.5,21.51764705882353,Low Value,,0.0,Low Risk,Low Priority
9489-UTFKA,8,60.9,551.95,Month-to-month,DSL,No,60.9,8,487.2,68.99375,Low Value,,0.0,Low Risk,Low Priority
4849-PYRLQ,56,73.25,4054.2,Two year,DSL,No,73.25,56,4102.0,72.39642857142857,High Value,,0.0,Low Risk,High Value Customer
9117-SHLZX,1,45.7,45.7,Month-to-month,DSL,Yes,45.7,1,45.7,45.7,Low Value,,0.0,Low Risk,Low Priority
9889-TMAHG,8,100.3,832.35,Month-to-month,Fiber optic,Yes,100.3,8,802.4,104.04375,Low Value,,0.0,Low Risk,Low Priority
4541-RMRLG,7,19.25,112.3,Month-to-month,No,Yes,19.25,7,134.75,16.04285714285714,Low Value,No,0.07,Low Risk,Low Priority
7764-BDPEE,3,20.85,60.65,Month-to-month,No,No,20.85,3,62.55,20.216666666666665,Low Value,No,0.035,Low Risk,Low Priority
3429-IFLEM,71,77.35,5550.1,Two year,DSL,No,77.35,71,5491.849999999999,78.17042253521127,High Value,No,0.035,Low Risk,High Value Customer
3158-MOERK,2,96.0,174.8,Month-to-month,Fiber optic,Yes,96.0,2,192.0,87.4,Low Value,,0.0,Low Risk,Low Priority
7294-TMAOP,1,90.55,90.55,Month-to-month,Fiber optic,Yes,90.55,1,90.55,90.55,Low Value,,0.0,Low Risk,Low Priority
5002-GCQFH,49,93.85,4733.1,Month-to-month,Fiber optic,No,93.85,49,4598.65,96.5938775510204,High Value,,0.0,Low Risk,High Value Customer
0556-FJEGU,58,70.1,4048.95,Two year,DSL,No,70.1,58,4065.8,69.80948275862069,High Value,,0.0,Low Risk,High Value Customer
8919-FYFQZ,44,30.35,1359.7,Month-to-month,DSL,Yes,30.35,44,1335.4,30.902272727272727,Medium Value,,0.0,Low Risk,Low Priority
0604-THJFP,59,75.95,4542.35,Two year,DSL,No,75.95,59,4481.05,76.98898305084747,High Value,,0.0,Low Risk,High Value Customer
2834-JRTUA,71,108.05,7532.15,Two year,Fiber optic,Yes,108.05,71,7671.55,106.08661971830983,Very High Value,,0.0,Low Risk,VIP Customer
5875-YPQFJ,1,69.9,69.9,Month-to-month,Fiber optic,Yes,69.9,1,69.9,69.9,Low Value,,0.0,Low Risk,Low Priority
5879-SESNB,11,75.25,888.65,Month-to-month,Fiber optic,No,75.25,11,827.75,80.78636363636363,Low Value,,0.0,Low Risk,Low Priority
6646-QVXLR,62,103.75,6383.35,One year,Fiber optic,Yes,103.75,62,6432.5,102.95725806451614,Very High Value,No,0.25,Low Risk,VIP Customer
6461-PPAXN,35,54.95,1916.0,One year,DSL,No,54.95,35,1923.25,54.74285714285714,Medium Value,No,0.05,Low Risk,Low Priority
3318-ISQFQ,20,19.5,413.0,Month-to-month,No,No,19.5,20,390.0,20.65,Low Value,,0.0,Low Risk,Low Priority
1106-HRLKZ,40,19.6,808.95,Two year,No,No,19.6,40,784.0,20.223750000000003,Low Value,,0.0,Low Risk,Low Priority
2483-XSSMZ,39,47.85,1886.4,One year,DSL,No,47.85,39,1866.15,48.369230769230775,Medium Value,,0.0,Low Risk,Low Priority
8603-IJWDN,1,86.6,86.6,Month-to-month,Fiber optic,Yes,86.6,1,86.6,86.6,Low Value,,0.0,Low Risk,Low Priority
8165-ZJRNM,72,23.75,1679.25,Two year,No,No,23.75,72,1710.0,23.322916666666668,Medium Value,No,0.0,Low Risk,Low Priority
9369-XFEHK,33,80.6,2656.5,Month-to-month,Fiber optic,Yes,80.6,33,2659.8,80.5,Medium Value,No,0.32,Low Risk,Low Priority
2604-XVDAM,12,43.8,540.95,Month-to-month,DSL,No,43.8,12,525.5999999999999,45.07916666666667,Low Value,,0.0,Low Risk,Low Priority
3717-OFRTN,1,19.75,19.75,Month-to-month,No,No,19.75,1,19.75,19.75,Low Value,,0.0,Low Risk,Low Priority
9046-JBFWA,27,19.15,537.35,Month-to-month,No,No,19.15,27,517.05,19.90185185185185,Low Value,,0.0,Low Risk,Low Priority
3280-NMUVX,34,19.6,678.8,One year,No,No,19.6,34,666.4000000000001,19.96470588235294,Low Value,,0.0,Low Risk,Low Priority
1206-EHBDD,56,80.3,4513.65,Two year,Fiber optic,No,80.3,56,4496.8,80.60089285714285,High Value,,0.0,Low Risk,High Value Customer
8361-LBRDI,58,24.35,1423.85,Two year,No,No,24.35,58,1412.3000000000002,24.54913793103448,Medium Value,,0.0,Low Risk,Low Priority
4883-KCPZJ,22,25.25,555.4,Two year,No,No,25.25,22,555.5,25.245454545454542,Low Value,,0.0,Low Risk,Low Priority
9108-EQPNQ,10,26.1,225.55,Two year,No,No,26.1,10,261.0,22.555,Low Value,No,0.03,Low Risk,Low Priority
7277-KAMWT,13,20.0,268.45,Two year,No,No,20.0,13,260.0,20.65,Low Value,,0.0,Low Risk,Low Priority
3842-IYKUE,35,85.3,2917.5,Month-to-month,Fiber optic,Yes,85.3,35,2985.5,83.35714285714286,Medium Value,,0.0,Low Risk,Low Priority
6641-XRPSU,34,70.0,2416.1,Month-to-month,Fiber optic,Yes,70.0,34,2380.0,71.06176470588235,Medium Value,,0.0,Low Risk,Low Priority
1374-DMZUI,4,94.3,424.45,Month-to-month,Fiber optic,Yes,94.3,4,377.2,106.1125,Low Value,,0.0,Low Risk,Low Priority
2545-LXYVJ,72,20.7,1492.1,Two year,No,No,20.7,72,1490.4,20.72361111111111,Medium Value,,0.0,Low Risk,Low Priority
3234-VKACU,2,70.3,132.4,Month-to-month,DSL,No,70.3,2,140.6,66.2,Low Value,,0.0,Low Risk,Low Priority
8357-EQXFO,7,95.35,660.9,Month-to-month,Fiber optic,Yes,95.35,7,667.4499999999999,94.41428571428573,Low Value,,0.0,Low Risk,Low Priority
1989-PRJHP,27,75.5,1893.95,Month-to-month,Fiber optic,Yes,75.5,27,2038.5,70.1462962962963,Medium Value,No,0.485,Medium Risk,Monitor
8120-JDCAM,4,69.55,284.9,Month-to-month,Fiber optic,No,69.55,4,278.2,71.225,Low Value,,0.0,Low Risk,Low Priority
8917-FAEMR,37,19.85,784.25,Two year,No,No,19.85,37,734.45,21.195945945945947,Low Value,,0.0,Low Risk,Low Priority
7047-YXDMZ,21,20.0,417.7,Month-to-month,No,No,20.0,21,420.0,19.89047619047619,Low Value,,0.0,Low Risk,Low Priority
2858-EIMXH,53,95.85,5016.25,One year,Fiber optic,No,95.85,53,5080.049999999999,94.64622641509432,High Value,,0.0,Low Risk,High Value Customer
9524-EGPJC,18,90.1,1612.75,Month-to-month,Fiber optic,Yes,90.1,18,1621.8,89.59722222222223,Medium Value,,0.0,Low Risk,Low Priority
6993-OHLXR,2,68.95,119.75,Month-to-month,Fiber optic,Yes,68.95,2,137.9,59.875,Low Value,,0.0,Low Risk,Low Priority
8818-XYFCQ,32,99.55,3204.65,Month-to-month,Fiber optic,Yes,99.55,32,3185.6,100.1453125,High Value,,0.0,Low Risk,High Value Customer
6419-ZTTLE,23,20.75,485.2,One year,No,No,20.75,23,477.25,21.09565217391304,Low Value,,0.0,Low Risk,Low Priority
0929-HYQEW,3,50.15,160.85,Month-to-month,DSL,No,50.15,3,150.45,53.61666666666667,Low Value,,0.0,Low Risk,Low Priority
6614-YOLAC,71,58.65,4145.25,Two year,DSL,No,58.65,71,4164.15,58.38380281690141,High Value,,0.0,Low Risk,High Value Customer
7426-RHZGU,9,95.9,827.45,Month-to-month,Fiber optic,No,95.9,9,863.1,91.9388888888889,Low Value,,0.0,Low Risk,Low Priority
4065-JJAVA,1,49.5,49.5,Month-to-month,DSL,No,49.5,1,49.5,49.5,Low Value,,0.0,Low Risk,Low Priority
4695-VADHF,18,57.45,990.85,Month-to-month,DSL,Yes,57.45,18,1034.1,55.047222222222224,Medium Value,No,0.28,Low Risk,Low Priority
3863-IUBJR,12,53.65,696.35,One year,DSL,Yes,53.65,12,643.8,58.02916666666667,Low Value,,0.0,Low Risk,Low Priority
7649-SIJJF,71,80.1,5585.4,Two year,DSL,No,80.1,71,5687.099999999999,78.66760563380281,High Value,No,0.0,Low Risk,High Value Customer
9361-YNQWJ,64,24.4,1601.2,One year,No,No,24.4,64,1561.6,25.01875,Medium Value,,0.0,Low Risk,Low Priority
3748-FVMZZ,4,40.05,162.45,Month-to-month,DSL,No,40.05,4,160.2,40.6125,Low Value,,0.0,Low Risk,Low Priority
9391-TTOYH,23,19.5,470.2,Month-to-month,No,No,19.5,23,448.5,20.443478260869565,Low Value,,0.0,Low Risk,Low Priority
1452-XRSJV,39,51.05,2066.0,Month-to-month,DSL,No,51.05,39,1990.95,52.97435897435897,Medium Value,,0.0,Low Risk,Low Priority
3422-WJOYD,28,54.35,1426.45,One year,DSL,No,54.35,28,1521.8,50.94464285714286,Medium Value,,0.0,Low Risk,Low Priority
8242-SOQUO,5,84.7,392.5,Month-to-month,Fiber optic,No,84.7,5,423.5,78.5,Low Value,,0.0,Low Risk,Low Priority
7460-ITWWP,45,86.1,3861.45,Month-to-month,Fiber optic,No,86.1,45,3874.5,85.81,High Value,No,0.44,Medium Risk,High Value Customer
7147-AYBAA,37,70.35,2552.9,Month-to-month,Fiber optic,No,70.35,37,2602.95,68.9972972972973,Medium Value,,0.0,Low Risk,Low Priority
7868-TMWMZ,60,110.0,6668.35,Two year,Fiber optic,No,110.0,60,6600.0,111.13916666666668,Very High Value,,0.0,Low Risk,VIP Customer
4822-RVYBB,8,100.6,819.4,Month-to-month,Fiber optic,Yes,100.6,8,804.8,102.425,Low Value,,0.0,Low Risk,Low Priority
6732-FZUGP,47,94.9,4615.25,One year,Fiber optic,No,94.9,47,4460.3,98.19680851063828,High Value,,0.0,Low Risk,High Value Customer
8436-BJUMM,26,83.75,2070.6,Month-to-month,Fiber optic,Yes,83.75,26,2177.5,79.63846153846154,Medium Value,,0.0,Low Risk,Low Priority
4184-TJFAN,3,88.3,273.75,Month-to-month,Fiber optic,Yes,88.3,3,264.9,91.25,Low Value,,0.0,Low Risk,Low Priority
8329-GWVPJ,50,69.75,3557.7,Month-to-month,Fiber optic,No,69.75,50,3487.5,71.154,High Value,,0.0,Low Risk,High Value Customer
1352-VHKAJ,27,71.6,1957.1,Month-to-month,DSL,No,71.6,27,1933.2,72.48518518518519,Medium Value,,0.0,Low Risk,Low Priority
4145-UQXUQ,8,92.1,729.95,Month-to-month,Fiber optic,Yes,92.1,8,736.8,91.24375,Low Value,,0.0,Low Risk,Low Priority
2632-TACXW,62,23.65,1416.75,Two year,No,No,23.65,62,1466.3,22.850806451612904,Medium Value,No,0.0,Low Risk,Low Priority
8146-QQKZH,71,81.85,5924.4,Two year,DSL,No,81.85,71,5811.349999999999,83.44225352112676,High Value,,0.0,Low Risk,High Value Customer
1767-CJKBA,66,25.1,1697.7,Two year,No,No,25.1,66,1656.6,25.722727272727276,Medium Value,No,0.015,Low Risk,Low Priority
6445-TNRXS,68,114.7,7849.85,Two year,Fiber optic,No,114.7,68,7799.6,115.43897058823528,Very High Value,No,0.03,Low Risk,VIP Customer
4581-LNWUM,13,49.15,649.4,Month-to-month,DSL,No,49.15,13,638.9499999999999,49.95384615384615,Low Value,No,0.43,Medium Risk,Monitor
4869-EPIUS,56,80.9,4557.5,One year,Fiber optic,No,80.9,56,4530.400000000001,81.38392857142857,High Value,,0.0,Low Risk,High Value Customer
9948-YPTDG,38,79.45,3013.05,Month-to-month,Fiber optic,Yes,79.45,38,3019.1,79.29078947368421,High Value,,0.0,Low Risk,High Value Customer
1236-WFCDV,14,90.45,1266.1,Month-to-month,Fiber optic,Yes,90.45,14,1266.3,90.43571428571428,Medium Value,Yes,0.56,Medium Risk,Monitor
1915-OAKWD,16,19.3,360.35,One year,No,No,19.3,16,308.8,22.521875,Low Value,,0.0,Low Risk,Low Priority
7296-PIXQY,14,70.2,1046.5,Month-to-month,Fiber optic,No,70.2,14,982.8,74.75,Low Value,,0.0,Low Risk,Low Priority
4883-QICIH,32,69.75,2347.9,Month-to-month,Fiber optic,Yes,69.75,32,2232.0,73.371875,Medium Value,,0.0,Low Risk,Low Priority
3354-OADJP,8,54.25,447.75,One year,DSL,No,54.25,8,434.0,55.96875,Low Value,No,0.105,Low Risk,Low Priority
3524-WQDSG,43,99.3,4209.95,Month-to-month,Fiber optic,No,99.3,43,4269.9,97.90581395348836,High Value,No,0.37,Low Risk,High Value Customer
0810-DHDBD,52,74.0,3877.65,One year,DSL,No,74.0,52,3848.0,74.57019230769231,High Value,,0.0,Low Risk,High Value Customer
4026-SKKHW,3,50.25,152.3,Month-to-month,DSL,No,50.25,3,150.75,50.76666666666667,Low Value,,0.0,Low Risk,Low Priority
7241-AJHFS,32,87.65,2766.4,Month-to-month,Fiber optic,No,87.65,32,2804.8,86.45,Medium Value,,0.0,Low Risk,Low Priority
2829-HYVZP,29,19.8,572.2,One year,No,No,19.8,29,574.2,19.731034482758623,Low Value,,0.0,Low Risk,Low Priority
8329-IBCTI,1,19.65,19.65,Month-to-month,No,Yes,19.65,1,19.65,19.65,Low Value,,0.0,Low Risk,Low Priority
1271-SJBGZ,12,43.65,526.95,Month-to-month,DSL,Yes,43.65,12,523.8,43.9125,Low Value,,0.0,Low Risk,Low Priority
3845-JHAMY,16,35.5,552.7,Month-to-month,DSL,No,35.5,16,568.0,34.54375,Low Value,,0.0,Low Risk,Low Priority
7013-PSXHK,40,80.75,3208.65,One year,DSL,No,80.75,40,3230.0,80.21625,High Value,,0.0,Low Risk,High Value Customer
5669-SRAIP,5,39.5,210.75,Month-to-month,DSL,Yes,39.5,5,197.5,42.15,Low Value,,0.0,Low Risk,Low Priority
5981-ITEMU,40,97.1,3706.95,Month-to-month,Fiber optic,Yes,97.1,40,3884.0,92.67375,High Value,,0.0,Low Risk,High Value Customer
3486-NPGST,36,19.55,620.75,One year,No,No,19.55,36,703.8000000000001,17.243055555555557,Low Value,,0.0,Low Risk,Low Priority
6941-PMGEP,5,80.0,412.5,Month-to-month,Fiber optic,Yes,80.0,5,400.0,82.5,Low Value,,0.0,Low Risk,Low Priority
1624-WOIWJ,10,84.7,832.05,Month-to-month,Fiber optic,Yes,84.7,10,847.0,83.205,Low Value,,0.0,Low Risk,Low Priority
2074-GKOWZ,2,89.55,185.55,Month-to-month,Fiber optic,Yes,89.55,2,179.1,92.775,Low Value,,0.0,Low Risk,Low Priority
0376-YMCJC,23,90.6,1943.2,Month-to-month,Fiber optic,Yes,90.6,23,2083.8,84.48695652173913,Medium Value,Yes,0.64,Medium Risk,Monitor
6100-FJZDG,26,20.05,505.9,One year,No,No,20.05,26,521.3000000000001,19.457692307692305,Low Value,,0.0,Low Risk,Low Priority
4829-ZLJTK,72,112.4,8046.85,Two year,Fiber optic,No,112.4,72,8092.8,111.76180555555555,Very High Value,,0.0,Low Risk,VIP Customer
1730-VFMWO,34,50.2,1815.3,Month-to-month,DSL,No,50.2,34,1706.8000000000002,53.39117647058824,Medium Value,No,0.14,Low Risk,Low Priority
7143-BQIBA,10,62.25,612.95,Month-to-month,DSL,No,62.25,10,622.5,61.295,Low Value,,0.0,Low Risk,Low Priority
3800-LYTRK,14,55.7,795.15,One year,DSL,No,55.7,14,779.8000000000001,56.79642857142857,Low Value,,0.0,Low Risk,Low Priority
0634-SZPQA,23,90.05,2169.8,Month-to-month,Fiber optic,Yes,90.05,23,2071.15,94.33913043478262,Medium Value,,0.0,Low Risk,Low Priority
9646-NMHXE,47,19.65,973.1,Two year,No,No,19.65,47,923.55,20.70425531914894,Low Value,,0.0,Low Risk,Low Priority
7030-NJVDP,24,89.25,2210.2,Month-to-month,Fiber optic,No,89.25,24,2142.0,92.09166666666664,Medium Value,,0.0,Low Risk,Low Priority
5536-RTPWK,49,99.05,4853.75,Month-to-month,Fiber optic,Yes,99.05,49,4853.45,99.0561224489796,High Value,,0.0,Low Risk,High Value Customer
8883-GRDWQ,20,54.0,1055.9,One year,DSL,No,54.0,20,1080.0,52.795,Medium Value,,0.0,Low Risk,Low Priority
6166-ILMNY,2,69.75,144.55,Month-to-month,Fiber optic,Yes,69.75,2,139.5,72.275,Low Value,Yes,0.7321,High Risk,Churn Risk
3097-NNSPB,2,49.05,91.1,Month-to-month,DSL,Yes,49.05,2,98.1,45.55,Low Value,,0.0,Low Risk,Low Priority
7771-ZONAT,22,56.75,1304.85,Two year,DSL,No,56.75,22,1248.5,59.31136363636363,Medium Value,,0.0,Low Risk,Low Priority
0655-RBDUG,7,98.05,713.0,Month-to-month,Fiber optic,Yes,98.05,7,686.35,101.85714285714286,Low Value,Yes,0.88,High Risk,Churn Risk
2111-DWYHN,1,21.1,21.1,Month-to-month,No,No,21.1,1,21.1,21.1,Low Value,,0.0,Low Risk,Low Priority
4194-WHFCB,59,96.65,5580.8,Month-to-month,Fiber optic,No,96.65,59,5702.35,94.58983050847458,High Value,,0.0,Low Risk,High Value Customer
4121-AGSIN,58,24.5,1497.9,One year,No,No,24.5,58,1421.0,25.82586206896552,Medium Value,No,0.025,Low Risk,Low Priority
4361-BKAXE,41,114.5,4527.45,Month-to-month,Fiber optic,Yes,114.5,41,4694.5,110.42560975609756,High Value,,0.0,Low Risk,High Value Customer
9845-PEEKO,59,79.2,4590.35,Two year,Fiber optic,No,79.2,59,4672.8,77.80254237288136,High Value,,0.0,Low Risk,High Value Customer
0455-XFASS,3,69.55,200.2,Month-to-month,Fiber optic,No,69.55,3,208.65,66.73333333333333,Low Value,,0.0,Low Risk,Low Priority
0301-KOBTQ,32,20.05,614.45,Two year,No,No,20.05,32,641.6,19.2015625,Low Value,,0.0,Low Risk,Low Priority
1751-NCDLI,46,98.85,4564.9,Month-to-month,Fiber optic,No,98.85,46,4547.099999999999,99.23695652173912,High Value,Yes,0.86,High Risk,High Value At Risk
4367-NUYAO,0,25.75,0.0,Two year,No,No,25.75,1,25.75,0.0,Low Value,,0.0,Low Risk,Low Priority
9878-TNQGW,2,80.95,171.15,Month-to-month,Fiber optic,Yes,80.95,2,161.9,85.575,Low Value,Yes,0.74,High Risk,Churn Risk
9170-ARBTB,52,19.6,1012.4,One year,No,No,19.6,52,1019.2,19.46923076923077,Medium Value,,0.0,Low Risk,Low Priority
4441-NIHPT,13,74.3,940.35,Month-to-month,Fiber optic,Yes,74.3,13,965.9,72.33461538461539,Low Value,,0.0,Low Risk,Low Priority
8999-BOHSE,11,89.7,1047.7,Month-to-month,Fiber optic,Yes,89.7,11,986.7,95.24545454545456,Low Value,,0.0,Low Risk,Low Priority
7029-RPUAV,17,100.45,1622.45,Month-to-month,Fiber optic,Yes,100.45,17,1707.65,95.43823529411765,Medium Value,Yes,0.575,Medium Risk,Monitor
4546-FOKWR,16,74.75,1129.35,Month-to-month,Fiber optic,No,74.75,16,1196.0,70.584375,Medium Value,,0.0,Low Risk,Low Priority
9036-CSKBW,51,107.45,5680.9,One year,Fiber optic,No,107.45,51,5479.95,111.39019607843136,High Value,,0.0,Low Risk,High Value Customer
5832-TRLPB,29,75.35,2243.9,One year,DSL,No,75.35,29,2185.15,77.37586206896552,Medium Value,,0.0,Low Risk,Low Priority
8590-YFFQO,70,64.95,4523.25,Two year,DSL,No,64.95,70,4546.5,64.61785714285715,High Value,No,0.065,Low Risk,High Value Customer
8659-IOOPU,71,100.45,7159.7,Two year,Fiber optic,No,100.45,71,7131.95,100.84084507042252,Very High Value,,0.0,Low Risk,VIP Customer
1338-CECEE,41,68.5,2839.95,One year,DSL,No,68.5,41,2808.5,69.2670731707317,Medium Value,,0.0,Low Risk,Low Priority
7439-DKZTW,1,80.55,80.55,Month-to-month,Fiber optic,No,80.55,1,80.55,80.55,Low Value,,0.0,Low Risk,Low Priority
4646-QZXTF,7,81.25,580.1,Month-to-month,DSL,No,81.25,7,568.75,82.87142857142858,Low Value,,0.0,Low Risk,Low Priority
4607-CHPCA,25,90.4,2178.6,One year,Fiber optic,Yes,90.4,25,2260.0,87.14399999999999,Medium Value,,0.0,Low Risk,Low Priority
9742-XOKTS,67,89.55,6038.55,One year,Fiber optic,No,89.55,67,5999.849999999999,90.12761194029852,High Value,,0.0,Low Risk,High Value Customer
6921-OZMFH,5,55.7,259.4,Month-to-month,DSL,No,55.7,5,278.5,51.88,Low Value,,0.0,Low Risk,Low Priority
9578-FOMUK,15,24.8,324.15,Month-to-month,No,No,24.8,15,372.0,21.61,Low Value,,0.0,Low Risk,Low Priority
4712-UYOOI,20,20.0,417.65,Month-to-month,No,No,20.0,20,400.0,20.8825,Low Value,,0.0,Low Risk,Low Priority
8824-RWFXJ,3,56.15,168.15,Month-to-month,DSL,Yes,56.15,3,168.45,56.05,Low Value,,0.0,Low Risk,Low Priority
7722-CVFXN,54,105.2,5637.85,One year,Fiber optic,No,105.2,54,5680.8,104.40462962962964,High Value,,0.0,Low Risk,High Value Customer
8717-VCTXJ,42,19.55,839.4,One year,No,No,19.55,42,821.1,19.985714285714284,Low Value,No,0.01,Low Risk,Low Priority
7363-QTBIW,9,79.75,769.1,Month-to-month,Fiber optic,No,79.75,9,717.75,85.45555555555556,Low Value,Yes,0.705,High Risk,Churn Risk
4159-NAAIX,63,97.45,6253.0,Two year,Fiber optic,No,97.45,63,6139.35,99.25396825396824,Very High Value,,0.0,Low Risk,VIP Customer
0971-QIFJK,69,24.25,1641.8,Two year,No,No,24.25,69,1673.25,23.79420289855073,Medium Value,,0.0,Low Risk,Low Priority
9397-TZSHA,69,24.6,1678.05,Two year,No,No,24.6,69,1697.4,24.319565217391304,Medium Value,,0.0,Low Risk,Low Priority
3391-JSQEW,40,50.15,2058.5,Month-to-month,DSL,No,50.15,40,2006.0,51.4625,Medium Value,,0.0,Low Risk,Low Priority
0343-QLUZP,60,39.6,2424.5,Two year,DSL,No,39.6,60,2376.0,40.40833333333333,Medium Value,,0.0,Low Risk,Low Priority
9763-PDTKK,4,94.4,387.2,Month-to-month,Fiber optic,Yes,94.4,4,377.6,96.8,Low Value,,0.0,Low Risk,Low Priority
2176-LVPNX,71,89.85,6293.45,Two year,DSL,No,89.85,71,6379.349999999999,88.64014084507042,Very High Value,,0.0,Low Risk,VIP Customer
7627-JKIAZ,37,78.95,2839.65,Month-to-month,Fiber optic,Yes,78.95,37,2921.15,76.7472972972973,Medium Value,,0.0,Low Risk,Low Priority
3312-UUMZW,32,98.85,3145.9,Month-to-month,Fiber optic,No,98.85,32,3163.2,98.309375,High Value,No,0.5,Medium Risk,High Value Customer
1271-UODNO,39,53.85,2200.7,Two year,DSL,No,53.85,39,2100.15,56.42820512820512,Medium Value,No,0.095,Low Risk,Low Priority
8461-EFQYM,38,24.25,914.4,One year,No,No,24.25,38,921.5,24.063157894736843,Low Value,,0.0,Low Risk,Low Priority
6900-RBKER,52,89.45,4577.75,Two year,Fiber optic,No,89.45,52,4651.400000000001,88.03365384615384,High Value,No,0.125,Low Risk,High Value Customer
6891-JPYFF,48,105.25,4997.5,Month-to-month,Fiber optic,No,105.25,48,5052.0,104.11458333333331,High Value,,0.0,Low Risk,High Value Customer
1459-QNFQT,70,59.5,4144.8,Two year,DSL,No,59.5,70,4165.0,59.21142857142858,High Value,No,0.005,Low Risk,High Value Customer
1047-NNCBF,20,70.55,1493.55,Month-to-month,Fiber optic,No,70.55,20,1411.0,74.6775,Medium Value,,0.0,Low Risk,Low Priority
3696-XRIEN,50,82.5,4179.1,One year,DSL,No,82.5,50,4125.0,83.58200000000001,High Value,,0.0,Low Risk,High Value Customer
4081-DYXAV,19,44.85,893.55,One year,DSL,Yes,44.85,19,852.15,47.02894736842105,Low Value,,0.0,Low Risk,Low Priority
0074-HDKDG,25,61.6,1611.0,One year,DSL,No,61.6,25,1540.0,64.44,Medium Value,No,0.06,Low Risk,Low Priority
8791-GFXLZ,12,49.05,593.05,Month-to-month,DSL,No,49.05,12,588.5999999999999,49.42083333333333,Low Value,,0.0,Low Risk,Low Priority
8111-SLLHI,39,105.65,4284.8,Month-to-month,Fiber optic,Yes,105.65,39,4120.35,109.86666666666667,High Value,,0.0,Low Risk,High Value Customer
0927-LCSMG,7,74.65,544.55,Month-to-month,Fiber optic,Yes,74.65,7,522.5500000000001,77.79285714285713,Low Value,,0.0,Low Risk,Low Priority
9330-DHBFL,23,66.25,1533.8,One year,DSL,No,66.25,23,1523.75,66.68695652173913,Medium Value,No,0.065,Low Risk,Low Priority
0098-BOWSO,27,19.4,529.8,Month-to-month,No,No,19.4,27,523.8,19.62222222222222,Low Value,,0.0,Low Risk,Low Priority
3452-ABWRL,47,86.05,3865.6,Month-to-month,Fiber optic,No,86.05,47,4044.35,82.2468085106383,High Value,,0.0,Low Risk,High Value Customer
5859-HZYLF,26,19.15,515.75,Two year,No,No,19.15,26,497.9,19.83653846153846,Low Value,,0.0,Low Risk,Low Priority
8257-RZAHR,14,64.7,941.0,Month-to-month,DSL,Yes,64.7,14,905.8,67.21428571428571,Low Value,,0.0,Low Risk,Low Priority
5293-WXJAK,11,104.05,1133.65,Month-to-month,Fiber optic,Yes,104.05,11,1144.55,103.05909090909093,Medium Value,,0.0,Low Risk,Low Priority
3156-QLHBO,2,19.25,48.35,Month-to-month,No,No,19.25,2,38.5,24.175,Low Value,,0.0,Low Risk,Low Priority
2208-NQBCT,26,81.95,2070.05,Month-to-month,Fiber optic,No,81.95,26,2130.7000000000003,79.6173076923077,Medium Value,,0.0,Low Risk,Low Priority
1779-PWPMG,72,114.65,8333.95,Two year,Fiber optic,No,114.65,72,8254.800000000001,115.74930555555557,Very High Value,,0.0,Low Risk,VIP Customer
6621-NRZAK,63,20.0,1209.25,Two year,No,No,20.0,63,1260.0,19.194444444444443,Medium Value,,0.0,Low Risk,Low Priority
0831-JNISG,71,19.8,1396.25,Two year,No,No,19.8,71,1405.8,19.66549295774648,Medium Value,,0.0,Low Risk,Low Priority
0774-IFUVM,11,65.15,723.35,Month-to-month,DSL,No,65.15,11,716.6500000000001,65.75909090909092,Low Value,,0.0,Low Risk,Low Priority
3082-WQRVY,14,19.65,228.65,One year,No,No,19.65,14,275.1,16.33214285714286,Low Value,,0.0,Low Risk,Low Priority
9553-DLCLU,13,88.95,1161.75,Two year,DSL,No,88.95,13,1156.35,89.36538461538461,Medium Value,,0.0,Low Risk,Low Priority
1641-BYBTK,6,20.2,98.35,Month-to-month,No,No,20.2,6,121.2,16.391666666666666,Low Value,,0.0,Low Risk,Low Priority
2460-NGXBJ,11,75.2,775.3,Month-to-month,Fiber optic,No,75.2,11,827.2,70.48181818181818,Low Value,,0.0,Low Risk,Low Priority
2446-ZKVAF,18,56.8,1074.65,Month-to-month,DSL,No,56.8,18,1022.4,59.70277777777778,Medium Value,No,0.1,Low Risk,Low Priority
0841-NULXI,1,35.55,35.55,Month-to-month,DSL,Yes,35.55,1,35.55,35.55,Low Value,Yes,0.88,High Risk,Churn Risk
3522-CDKHF,32,75.5,2324.7,Month-to-month,Fiber optic,No,75.5,32,2416.0,72.646875,Medium Value,,0.0,Low Risk,Low Priority
1430-SFQSA,29,35.6,1072.6,One year,DSL,No,35.6,29,1032.4,36.98620689655172,Medium Value,,0.0,Low Risk,Low Priority
0411-EZJZE,3,60.25,170.5,Month-to-month,DSL,No,60.25,3,180.75,56.833333333333336,Low Value,,0.0,Low Risk,Low Priority
7851-WZEKY,2,95.15,196.9,Month-to-month,Fiber optic,Yes,95.15,2,190.3,98.45,Low Value,,0.0,Low Risk,Low Priority
8844-TONUD,13,96.65,1162.85,Month-to-month,Fiber optic,Yes,96.65,13,1256.45,89.44999999999999,Medium Value,,0.0,Low Risk,Low Priority
8807-ARQET,41,40.35,1677.85,Month-to-month,DSL,No,40.35,41,1654.35,40.92317073170732,Medium Value,,0.0,Low Risk,Low Priority
8992-CEUEN,1,18.85,18.85,Month-to-month,No,No,18.85,1,18.85,18.85,Low Value,No,0.39049999999999996,Low Risk,Low Priority
4320-QMLLA,7,54.85,370.4,Month-to-month,DSL,No,54.85,7,383.95,52.91428571428571,Low Value,,0.0,Low Risk,Low Priority
8777-PVYGU,52,64.3,3410.6,One year,DSL,No,64.3,52,3343.6,65.58846153846153,High Value,No,0.035,Low Risk,High Value Customer
8292-ITGYJ,45,24.65,1138.8,Two year,No,No,24.65,45,1109.25,25.306666666666665,Medium Value,No,0.02,Low Risk,Low Priority
6870-ZWMNX,70,76.1,5264.25,Two year,DSL,No,76.1,70,5327.0,75.20357142857142,High Value,,0.0,Low Risk,High Value Customer
0621-CXBKL,53,18.7,1005.7,Two year,No,No,18.7,53,991.1,18.975471698113207,Low Value,,0.0,Low Risk,Low Priority
5268-DSMNQ,62,97.95,5936.55,One year,Fiber optic,No,97.95,62,6072.900000000001,95.7508064516129,Very High Value,,0.0,Low Risk,VIP Customer
5334-JLAXU,60,94.1,5475.9,Month-to-month,Fiber optic,No,94.1,60,5646.0,91.265,High Value,,0.0,Low Risk,High Value Customer
4086-YQSNZ,3,80.4,224.05,Month-to-month,Fiber optic,Yes,80.4,3,241.2,74.68333333333334,Low Value,,0.0,Low Risk,Low Priority
6242-MBHPK,23,95.1,2326.05,Month-to-month,Fiber optic,No,95.1,23,2187.3,101.13260869565218,Medium Value,,0.0,Low Risk,Low Priority
5868-CZJDR,1,31.35,31.35,Month-to-month,DSL,Yes,31.35,1,31.35,31.35,Low Value,,0.0,Low Risk,Low Priority
9359-UGBTK,67,72.35,4991.5,One year,DSL,No,72.35,67,4847.45,74.5,High Value,No,0.06,Low Risk,High Value Customer
0135-NMXAP,12,89.75,1052.4,Month-to-month,Fiber optic,Yes,89.75,12,1077.0,87.7,Medium Value,,0.0,Low Risk,Low Priority
4782-OSFXZ,71,82.7,5831.2,Two year,DSL,No,82.7,71,5871.7,82.12957746478872,High Value,,0.0,Low Risk,High Value Customer
6479-OAUSD,25,19.9,510.8,One year,No,No,19.9,25,497.5,20.432,Low Value,,0.0,Low Risk,Low Priority
7129-ACFOG,5,53.8,283.95,Month-to-month,DSL,No,53.8,5,269.0,56.79,Low Value,No,0.28,Low Risk,Low Priority
4189-NAKJS,26,51.55,1295.4,One year,DSL,No,51.55,26,1340.3,49.823076923076925,Medium Value,,0.0,Low Risk,Low Priority
5562-BETPV,1,19.65,19.65,One year,No,No,19.65,1,19.65,19.65,Low Value,,0.0,Low Risk,Low Priority
1282-IHQAC,70,44.05,3011.65,One year,DSL,No,44.05,70,3083.5,43.02357142857143,High Value,,0.0,Low Risk,High Value Customer
9127-FHJBZ,72,114.0,8093.15,Two year,Fiber optic,No,114.0,72,8208.0,112.4048611111111,Very High Value,,0.0,Low Risk,VIP Customer
6270-OMFIW,60,94.4,5610.25,One year,Fiber optic,Yes,94.4,60,5664.0,93.50416666666666,High Value,No,0.22,Low Risk,High Value Customer
1641-RQDAY,32,100.4,3217.65,Month-to-month,Fiber optic,No,100.4,32,3212.8,100.5515625,High Value,,0.0,Low Risk,High Value Customer
0107-WESLM,1,19.85,19.85,Month-to-month,No,Yes,19.85,1,19.85,19.85,Low Value,,0.0,Low Risk,Low Priority
6994-ORCWG,14,54.25,773.2,One year,DSL,No,54.25,14,759.5,55.22857142857144,Low Value,,0.0,Low Risk,Low Priority
1346-UFHAX,13,80.0,1029.35,Month-to-month,Fiber optic,No,80.0,13,1040.0,79.18076923076923,Medium Value,No,0.32,Low Risk,Low Priority
3992-YWPKO,6,109.9,669.45,Month-to-month,Fiber optic,Yes,109.9,6,659.4000000000001,111.575,Low Value,,0.0,Low Risk,Low Priority
2933-XEUJM,46,79.2,3593.8,Two year,DSL,No,79.2,46,3643.2,78.12608695652175,High Value,,0.0,Low Risk,High Value Customer
0125-LZQXK,15,101.35,1553.95,Month-to-month,Fiber optic,Yes,101.35,15,1520.25,103.59666666666666,Medium Value,,0.0,Low Risk,Low Priority
5461-QKNTN,43,94.3,3953.15,Month-to-month,Fiber optic,No,94.3,43,4054.9,91.93372093023255,High Value,No,0.36,Low Risk,High Value Customer
4835-YSJMR,39,49.8,1971.15,Two year,DSL,No,49.8,39,1942.2,50.542307692307695,Medium Value,,0.0,Low Risk,Low Priority
8399-YNDCH,21,60.05,1236.15,Month-to-month,DSL,Yes,60.05,21,1261.05,58.86428571428572,Medium Value,,0.0,Low Risk,Low Priority
3164-YAXFY,57,53.75,3196.0,Month-to-month,DSL,No,53.75,57,3063.75,56.07017543859649,High Value,,0.0,Low Risk,High Value Customer
0887-WBJVH,53,93.45,4872.2,One year,Fiber optic,No,93.45,53,4952.85,91.92830188679244,High Value,,0.0,Low Risk,High Value Customer
4660-IRIBM,18,87.9,1500.5,Month-to-month,Fiber optic,No,87.9,18,1582.2,83.36111111111111,Medium Value,No,0.335,Low Risk,Low Priority
5673-FSSMF,1,60.15,60.15,Month-to-month,DSL,Yes,60.15,1,60.15,60.15,Low Value,,0.0,Low Risk,Low Priority
7670-ZBPOQ,58,61.05,3478.75,One year,DSL,No,61.05,58,3540.9,59.97844827586207,High Value,,0.0,Low Risk,High Value Customer
8089-UZWLX,71,104.05,7413.55,Two year,Fiber optic,No,104.05,71,7387.55,104.4161971830986,Very High Value,No,0.16,Low Risk,VIP Customer
0080-OROZO,35,99.25,3532.0,One year,Fiber optic,No,99.25,35,3473.75,100.91428571428573,High Value,,0.0,Low Risk,High Value Customer
3916-NRPAP,3,85.7,256.75,Month-to-month,Fiber optic,No,85.7,3,257.1,85.58333333333333,Low Value,,0.0,Low Risk,Low Priority
6807-SIWJI,38,104.85,3887.25,One year,Fiber optic,No,104.85,38,3984.3,102.29605263157896,High Value,,0.0,Low Risk,High Value Customer
8221-HVAYI,35,69.15,2490.15,Two year,DSL,No,69.15,35,2420.25,71.14714285714285,Medium Value,,0.0,Low Risk,Low Priority
1579-KLYDT,7,90.45,593.45,Month-to-month,Fiber optic,Yes,90.45,7,633.15,84.77857142857144,Low Value,,0.0,Low Risk,Low Priority
5232-NXPAY,47,74.45,3510.3,Two year,DSL,No,74.45,47,3499.15,74.6872340425532,High Value,,0.0,Low Risk,High Value Customer
8967-SZQAS,14,50.45,765.45,Month-to-month,DSL,No,50.45,14,706.3000000000001,54.675,Low Value,,0.0,Low Risk,Low Priority
4468-KAZHE,20,60.0,1259.35,Month-to-month,DSL,No,60.0,20,1200.0,62.9675,Medium Value,,0.0,Low Risk,Low Priority
0455-ENTCR,66,85.25,5538.35,Two year,DSL,No,85.25,66,5626.5,83.91439393939395,High Value,,0.0,Low Risk,High Value Customer
8944-AILEF,15,19.45,340.85,Month-to-month,No,No,19.45,15,291.75,22.723333333333336,Low Value,,0.0,Low Risk,Low Priority
5542-NKVRU,42,20.75,844.45,Two year,No,No,20.75,42,871.5,20.10595238095238,Low Value,,0.0,Low Risk,Low Priority
7126-RBHSD,17,78.9,1348.95,Month-to-month,Fiber optic,No,78.9,17,1341.3000000000002,79.35000000000001,Medium Value,,0.0,Low Risk,Low Priority
5370-IIVVL,37,104.5,3778.0,One year,Fiber optic,No,104.5,37,3866.5,102.10810810810813,High Value,,0.0,Low Risk,High Value Customer
6789-HJBWG,12,49.4,611.65,Month-to-month,DSL,No,49.4,12,592.8,50.97083333333333,Low Value,,0.0,Low Risk,Low Priority
3927-NLNRY,53,94.25,4867.95,One year,Fiber optic,Yes,94.25,53,4995.25,91.84811320754716,High Value,,0.0,Low Risk,High Value Customer
9087-EYCPR,60,25.0,1505.05,Two year,No,No,25.0,60,1500.0,25.084166666666665,Medium Value,,0.0,Low Risk,Low Priority
6791-YBNAK,18,25.55,467.85,Month-to-month,DSL,No,25.55,18,459.9,25.991666666666667,Low Value,,0.0,Low Risk,Low Priority
6358-LYNGM,1,74.9,74.9,Month-to-month,Fiber optic,Yes,74.9,1,74.9,74.9,Low Value,,0.0,Low Risk,Low Priority
6077-BDPXA,3,70.15,194.2,Month-to-month,Fiber optic,No,70.15,3,210.45,64.73333333333333,Low Value,No,0.465,Medium Risk,Monitor
0013-MHZWF,9,69.4,571.45,Month-to-month,DSL,No,69.4,9,624.6,63.49444444444445,Low Value,No,0.35,Low Risk,Low Priority
5494-HECPR,1,80.25,80.25,Month-to-month,Fiber optic,Yes,80.25,1,80.25,80.25,Low Value,,0.0,Low Risk,Low Priority
8268-YDIXR,56,93.15,5253.95,One year,Fiber optic,No,93.15,56,5216.400000000001,93.82053571428573,High Value,,0.0,Low Risk,High Value Customer
9824-BEMCV,17,69.0,1149.65,Month-to-month,Fiber optic,Yes,69.0,17,1173.0,67.62647058823529,Medium Value,,0.0,Low Risk,Low Priority
1373-ORVIZ,11,66.35,740.8,Month-to-month,DSL,Yes,66.35,11,729.8499999999999,67.34545454545454,Low Value,,0.0,Low Risk,Low Priority
4291-SHSBH,7,69.55,521.35,Month-to-month,Fiber optic,No,69.55,7,486.85,74.47857142857143,Low Value,,0.0,Low Risk,Low Priority
6980-IMXXE,69,20.2,1412.65,Two year,No,No,20.2,69,1393.8,20.473188405797103,Medium Value,,0.0,Low Risk,Low Priority
9866-QEVEE,19,86.0,1532.45,Month-to-month,Fiber optic,Yes,86.0,19,1634.0,80.65526315789474,Medium Value,Yes,0.525,Medium Risk,Monitor
9897-KXHCM,3,80.3,250.05,Month-to-month,Fiber optic,Yes,80.3,3,240.9,83.35000000000001,Low Value,,0.0,Low Risk,Low Priority
0040-HALCW,54,20.4,1090.6,Two year,No,No,20.4,54,1101.6,20.196296296296296,Medium Value,No,0.005,Low Risk,Low Priority
0784-GTUUK,62,23.75,1446.8,One year,No,No,23.75,62,1472.5,23.335483870967742,Medium Value,,0.0,Low Risk,Low Priority
7979-CORPM,24,90.55,2282.55,Month-to-month,Fiber optic,Yes,90.55,24,2173.2,95.10625,Medium Value,,0.0,Low Risk,Low Priority
2294-DMMUS,62,70.45,4300.45,Month-to-month,DSL,No,70.45,62,4367.900000000001,69.36209677419355,High Value,No,0.165,Low Risk,High Value Customer
0872-JCPIB,17,65.75,1111.2,Month-to-month,DSL,No,65.75,17,1117.75,65.36470588235295,Medium Value,,0.0,Low Risk,Low Priority
3055-MJDSB,9,24.6,190.1,Month-to-month,DSL,No,24.6,9,221.4,21.12222222222222,Low Value,,0.0,Low Risk,Low Priority
9091-WTUUY,64,69.25,4447.75,Two year,DSL,No,69.25,64,4432.0,69.49609375,High Value,,0.0,Low Risk,High Value Customer
1618-CFHME,2,75.9,143.35,Month-to-month,Fiber optic,Yes,75.9,2,151.8,71.675,Low Value,,0.0,Low Risk,Low Priority
3165-HDOEW,1,45.85,45.85,Month-to-month,DSL,Yes,45.85,1,45.85,45.85,Low Value,,0.0,Low Risk,Low Priority
6581-NQCBA,16,49.95,810.2,Month-to-month,DSL,Yes,49.95,16,799.2,50.6375,Low Value,,0.0,Low Risk,Low Priority
7115-IRDHS,72,24.65,1830.05,Two year,No,No,24.65,72,1774.8,25.41736111111111,Medium Value,,0.0,Low Risk,Low Priority
8496-DMZUK,30,90.4,2820.65,One year,Fiber optic,No,90.4,30,2712.0,94.02166666666668,Medium Value,,0.0,Low Risk,Low Priority
2040-VZIKE,49,100.85,4847.35,Month-to-month,Fiber optic,No,100.85,49,4941.65,98.92551020408165,High Value,,0.0,Low Risk,High Value Customer
9068-VPWQQ,61,75.35,4729.3,Two year,DSL,No,75.35,61,4596.349999999999,77.52950819672131,High Value,,0.0,Low Risk,High Value Customer
0178-SZBHO,47,87.2,4017.45,Month-to-month,Fiber optic,No,87.2,47,4098.400000000001,85.47765957446808,High Value,,0.0,Low Risk,High Value Customer
0384-RVBPI,20,64.4,1398.6,Month-to-month,DSL,No,64.4,20,1288.0,69.92999999999999,Medium Value,,0.0,Low Risk,Low Priority
1689-MRZQR,34,78.3,2564.3,Month-to-month,Fiber optic,Yes,78.3,34,2662.2,75.42058823529412,Medium Value,,0.0,Low Risk,Low Priority
1299-AURJA,70,24.7,1685.9,Two year,No,No,24.7,70,1729.0,24.08428571428572,Medium Value,,0.0,Low Risk,Low Priority
4525-VZCZG,54,105.85,5826.65,One year,Fiber optic,No,105.85,54,5715.9,107.90092592592592,High Value,,0.0,Low Risk,High Value Customer
1543-LLLFT,61,98.3,6066.55,One year,Fiber optic,No,98.3,61,5996.3,99.4516393442623,High Value,,0.0,Low Risk,High Value Customer
5835-BEQEU,3,76.95,228.4,Month-to-month,Fiber optic,Yes,76.95,3,230.85,76.13333333333334,Low Value,,0.0,Low Risk,Low Priority
2788-CJQAQ,13,19.45,270.2,One year,No,No,19.45,13,252.85,20.784615384615385,Low Value,No,0.01,Low Risk,Low Priority
5565-FILXA,16,96.15,1529.2,Month-to-month,Fiber optic,Yes,96.15,16,1538.4,95.575,Medium Value,,0.0,Low Risk,Low Priority
0319-QZTCO,3,58.7,168.6,Month-to-month,DSL,No,58.7,3,176.10000000000002,56.2,Low Value,,0.0,Low Risk,Low Priority
2120-SMPEX,25,20.15,536.35,Month-to-month,No,No,20.15,25,503.75,21.454,Low Value,,0.0,Low Risk,Low Priority
0096-FCPUF,30,64.5,1888.45,Month-to-month,DSL,No,64.5,30,1935.0,62.94833333333334,Medium Value,,0.0,Low Risk,Low Priority
0668-OGMHD,21,28.5,629.35,Month-to-month,DSL,No,28.5,21,598.5,29.969047619047625,Low Value,No,0.26,Low Risk,Low Priority
5552-ZNFSJ,1,45.3,45.3,Month-to-month,DSL,Yes,45.3,1,45.3,45.3,Low Value,,0.0,Low Risk,Low Priority
2223-KAGMX,15,19.4,289.3,Month-to-month,No,Yes,19.4,15,291.0,19.28666666666667,Low Value,,0.0,Low Risk,Low Priority
6507-ZJSUR,23,90.45,2117.25,Month-to-month,Fiber optic,No,90.45,23,2080.35,92.05434782608695,Medium Value,No,0.495,Medium Risk,Monitor
9408-HRXRK,45,105.15,4730.9,Month-to-month,Fiber optic,No,105.15,45,4731.75,105.1311111111111,High Value,,0.0,Low Risk,High Value Customer
5593-SUAOO,24,83.15,2033.05,One year,Fiber optic,No,83.15,24,1995.6,84.71041666666666,Medium Value,,0.0,Low Risk,Low Priority
7321-PKUYW,11,90.15,987.95,Month-to-month,Fiber optic,Yes,90.15,11,991.65,89.81363636363636,Low Value,,0.0,Low Risk,Low Priority
2833-SLKDQ,1,45.05,45.05,Month-to-month,DSL,Yes,45.05,1,45.05,45.05,Low Value,,0.0,Low Risk,Low Priority
6766-HFKLA,56,103.2,5744.35,Two year,Fiber optic,No,103.2,56,5779.2,102.57767857142858,High Value,No,0.105,Low Risk,High Value Customer
7595-EUIVN,1,75.8,75.8,Month-to-month,Fiber optic,Yes,75.8,1,75.8,75.8,Low Value,,0.0,Low Risk,Low Priority
7617-EYGLW,1,19.45,19.45,Month-to-month,No,No,19.45,1,19.45,19.45,Low Value,,0.0,Low Risk,Low Priority
2026-TGDHM,7,79.3,523.15,Month-to-month,Fiber optic,Yes,79.3,7,555.1,74.73571428571428,Low Value,,0.0,Low Risk,Low Priority
9220-ZNKJI,55,88.8,4805.3,Two year,Fiber optic,No,88.8,55,4884.0,87.36909090909091,High Value,No,0.045,Low Risk,High Value Customer
4030-VPZBD,2,30.9,59.05,Month-to-month,DSL,Yes,30.9,2,61.8,29.525,Low Value,,0.0,Low Risk,Low Priority
2226-ICFDO,72,85.9,6110.75,Two year,DSL,No,85.9,72,6184.8,84.87152777777777,Very High Value,,0.0,Low Risk,VIP Customer
0723-VSOBE,45,34.2,1596.6,One year,DSL,No,34.2,45,1539.0000000000002,35.48,Medium Value,,0.0,Low Risk,Low Priority
5529-GIBVH,47,20.15,1046.2,Two year,No,No,20.15,47,947.05,22.25957446808511,Low Value,,0.0,Low Risk,Low Priority
4187-CINZD,46,95.25,4424.2,One year,Fiber optic,Yes,95.25,46,4381.5,96.1782608695652,High Value,,0.0,Low Risk,High Value Customer
9992-UJOEL,2,50.3,92.75,Month-to-month,DSL,No,50.3,2,100.6,46.375,Low Value,Yes,0.53,Medium Risk,Monitor
4741-WWJQZ,2,80.15,194.55,Month-to-month,Fiber optic,No,80.15,2,160.3,97.275,Low Value,,0.0,Low Risk,Low Priority
6625-UTXEW,12,51.25,612.1,Month-to-month,DSL,No,51.25,12,615.0,51.00833333333333,Low Value,,0.0,Low Risk,Low Priority
6818-WOBHJ,68,89.6,6127.6,Month-to-month,Fiber optic,Yes,89.6,68,6092.799999999999,90.11176470588236,Very High Value,,0.0,Low Risk,VIP Customer
6244-BESBM,69,95.2,6671.7,Two year,Fiber optic,No,95.2,69,6568.8,96.69130434782608,Very High Value,,0.0,Low Risk,VIP Customer
1004-NOZNR,56,94.8,5264.3,One year,Fiber optic,No,94.8,56,5308.8,94.00535714285716,High Value,,0.0,Low Risk,High Value Customer
1251-STYSZ,4,80.25,303.7,Month-to-month,Fiber optic,No,80.25,4,321.0,75.925,Low Value,,0.0,Low Risk,Low Priority
2612-PHGOX,64,76.1,4818.8,Two year,DSL,No,76.1,64,4870.4,75.29375,High Value,,0.0,Low Risk,High Value Customer
2408-TZMJL,59,110.15,6448.05,One year,Fiber optic,Yes,110.15,59,6498.85,109.28898305084746,Very High Value,,0.0,Low Risk,VIP Customer
8480-PPONV,62,115.55,7159.05,Two year,Fiber optic,No,115.55,62,7164.099999999999,115.46854838709676,Very High Value,,0.0,Low Risk,VIP Customer
8780-IHCRN,63,24.65,1574.5,Two year,No,No,24.65,63,1552.9499999999998,24.99206349206349,Medium Value,,0.0,Low Risk,Low Priority
4598-ZADCK,53,53.6,2879.2,One year,DSL,No,53.6,53,2840.8,54.32452830188679,Medium Value,,0.0,Low Risk,Low Priority
1257-SXUXQ,5,19.45,86.05,Month-to-month,No,No,19.45,5,97.25,17.21,Low Value,,0.0,Low Risk,Low Priority
9681-KYGYB,49,88.2,4159.45,Month-to-month,Fiber optic,No,88.2,49,4321.8,84.88673469387754,High Value,,0.0,Low Risk,High Value Customer
7182-OVLBJ,62,101.15,6638.35,Two year,Fiber optic,No,101.15,62,6271.3,107.0701612903226,Very High Value,,0.0,Low Risk,VIP Customer
5095-ETBRJ,55,56.8,3112.05,Two year,DSL,No,56.8,55,3124.0,56.58272727272728,High Value,,0.0,Low Risk,High Value Customer
7005-CYUIL,71,99.4,7168.25,Two year,Fiber optic,No,99.4,71,7057.400000000001,100.9612676056338,Very High Value,,0.0,Low Risk,VIP Customer
4821-WQOYN,72,20.1,1326.25,Two year,No,No,20.1,72,1447.2,18.42013888888889,Medium Value,No,0.0,Low Risk,Low Priority
4730-AWNAU,36,60.7,2234.55,One year,DSL,No,60.7,36,2185.2000000000003,62.07083333333334,Medium Value,,0.0,Low Risk,Low Priority
3452-FLHYD,25,20.95,495.15,One year,No,No,20.95,25,523.75,19.806,Low Value,,0.0,Low Risk,Low Priority
2388-LAESQ,72,114.85,8317.95,Two year,Fiber optic,No,114.85,72,8269.199999999999,115.52708333333334,Very High Value,No,0.01,Low Risk,VIP Customer
9531-NSBMR,36,19.25,679.8,One year,No,No,19.25,36,693.0,18.883333333333333,Low Value,,0.0,Low Risk,Low Priority
6260-ONULR,1,62.8,62.8,Month-to-month,DSL,No,62.8,1,62.8,62.8,Low Value,,0.0,Low Risk,Low Priority
4389-UEFCZ,72,105.5,7544.0,Two year,Fiber optic,No,105.5,72,7596.0,104.77777777777776,Very High Value,,0.0,Low Risk,VIP Customer
8711-LOBKY,59,19.85,1188.25,Two year,No,No,19.85,59,1171.15,20.139830508474574,Medium Value,No,0.01,Low Risk,Low Priority
9134-CEQMF,7,89.5,676.7,Month-to-month,Fiber optic,Yes,89.5,7,626.5,96.67142857142858,Low Value,,0.0,Low Risk,Low Priority
8985-OOPOS,1,74.1,74.1,One year,DSL,No,74.1,1,74.1,74.1,Low Value,No,0.32,Low Risk,Low Priority
8800-ZKRFW,30,107.5,3242.5,Month-to-month,Fiber optic,No,107.5,30,3225.0,108.08333333333331,High Value,,0.0,Low Risk,High Value Customer
2616-FLVQC,64,19.55,1240.15,Two year,No,No,19.55,64,1251.2,19.37734375,Medium Value,No,0.085,Low Risk,Low Priority
9968-FFVVH,63,68.8,4111.35,One year,DSL,No,68.8,63,4334.4,65.25952380952381,High Value,No,0.035,Low Risk,High Value Customer
3108-PCCGG,72,84.45,5899.85,Two year,DSL,No,84.45,72,6080.400000000001,81.94236111111111,Very High Value,,0.0,Low Risk,VIP Customer
7993-PYKOF,8,75.0,632.95,Month-to-month,Fiber optic,Yes,75.0,8,600.0,79.11875,Low Value,,0.0,Low Risk,Low Priority
8390-FESFV,62,84.5,5193.2,Two year,DSL,No,84.5,62,5239.0,83.76129032258065,High Value,No,0.005,Low Risk,High Value Customer
3022-BEXHZ,67,111.2,7530.8,Two year,Fiber optic,No,111.2,67,7450.400000000001,112.4,Very High Value,,0.0,Low Risk,VIP Customer
5027-XWQHA,6,44.75,270.95,Month-to-month,DSL,Yes,44.75,6,268.5,45.15833333333333,Low Value,,0.0,Low Risk,Low Priority
6248-TKCQV,70,80.6,5460.2,Two year,DSL,No,80.6,70,5642.0,78.00285714285714,High Value,,0.0,Low Risk,High Value Customer
6729-GDNGC,20,80.7,1614.2,Month-to-month,Fiber optic,No,80.7,20,1614.0,80.71000000000001,Medium Value,No,0.375,Low Risk,Low Priority
6198-ZFIOJ,5,75.6,402.5,Month-to-month,Fiber optic,No,75.6,5,378.0,80.5,Low Value,,0.0,Low Risk,Low Priority
5989-OMNJE,24,57.6,1367.75,One year,DSL,No,57.6,24,1382.4,56.989583333333336,Medium Value,,0.0,Low Risk,Low Priority
4566-QVRRW,11,44.05,483.7,Month-to-month,DSL,Yes,44.05,11,484.55,43.97272727272727,Low Value,,0.0,Low Risk,Low Priority
1291-CUOCY,72,110.6,7962.2,Two year,Fiber optic,No,110.6,72,7963.2,110.58611111111112,Very High Value,,0.0,Low Risk,VIP Customer
9795-SHUHB,66,58.2,3810.8,Two year,DSL,No,58.2,66,3841.2,57.73939393939394,High Value,,0.0,Low Risk,High Value Customer
3230-IUALN,45,81.0,3533.6,Two year,DSL,No,81.0,45,3645.0,78.52444444444444,High Value,,0.0,Low Risk,High Value Customer
0042-RLHYP,69,19.7,1396.9,Two year,No,No,19.7,69,1359.3,20.244927536231884,Medium Value,,0.0,Low Risk,Low Priority
8519-IMDHU,15,85.6,1345.55,Month-to-month,Fiber optic,Yes,85.6,15,1284.0,89.70333333333333,Medium Value,,0.0,Low Risk,Low Priority
4945-RVMTE,28,59.55,1646.45,Month-to-month,DSL,No,59.55,28,1667.4,58.801785714285714,Medium Value,No,0.14,Low Risk,Low Priority
0201-OAMXR,70,115.55,8127.6,One year,Fiber optic,Yes,115.55,70,8088.5,116.10857142857144,Very High Value,,0.0,Low Risk,VIP Customer
1866-NXPSP,36,75.55,2680.15,One year,DSL,No,75.55,36,2719.8,74.44861111111112,Medium Value,,0.0,Low Risk,Low Priority
3372-KWFBM,16,86.6,1281.0,Month-to-month,Fiber optic,Yes,86.6,16,1385.6,80.0625,Medium Value,,0.0,Low Risk,Low Priority
7831-QGOXH,18,85.2,1553.9,Month-to-month,Fiber optic,Yes,85.2,18,1533.6,86.32777777777778,Medium Value,,0.0,Low Risk,Low Priority
6393-WRYZE,34,97.65,3207.55,Month-to-month,Fiber optic,Yes,97.65,34,3320.1000000000004,94.33970588235294,High Value,,0.0,Low Risk,High Value Customer
3941-XTSKM,42,45.1,2049.05,One year,DSL,No,45.1,42,1894.2,48.786904761904765,Medium Value,,0.0,Low Risk,Low Priority
1661-CZBAU,48,70.95,3629.2,One year,DSL,No,70.95,48,3405.6000000000004,75.60833333333333,High Value,,0.0,Low Risk,High Value Customer
6599-RCLCJ,47,109.55,5124.55,Month-to-month,Fiber optic,Yes,109.55,47,5148.849999999999,109.03297872340426,High Value,,0.0,Low Risk,High Value Customer
9831-BPFRI,39,89.55,3474.45,One year,Fiber optic,Yes,89.55,39,3492.45,89.08846153846153,High Value,,0.0,Low Risk,High Value Customer
5158-RIVOP,11,20.9,202.3,Two year,No,No,20.9,11,229.9,18.39090909090909,Low Value,,0.0,Low Risk,Low Priority
9788-YTFGE,7,19.95,147.5,Month-to-month,No,No,19.95,7,139.65,21.071428571428573,Low Value,No,0.07,Low Risk,Low Priority
9277-JOOMO,3,24.6,86.35,Month-to-month,No,No,24.6,3,73.80000000000001,28.78333333333333,Low Value,,0.0,Low Risk,Low Priority
1907-YLNYW,8,66.7,579.0,Month-to-month,DSL,No,66.7,8,533.6,72.375,Low Value,,0.0,Low Risk,Low Priority
1725-MIMXW,1,19.45,19.45,Month-to-month,No,Yes,19.45,1,19.45,19.45,Low Value,,0.0,Low Risk,Low Priority
8947-YRTDV,32,94.8,3131.55,One year,Fiber optic,No,94.8,32,3033.6,97.8609375,High Value,,0.0,Low Risk,High Value Customer
3161-ONRWK,60,65.85,3928.3,One year,DSL,No,65.85,60,3951.0,65.47166666666666,High Value,No,0.02,Low Risk,High Value Customer
0114-RSRRW,10,19.95,187.75,Month-to-month,No,No,19.95,10,199.5,18.775,Low Value,,0.0,Low Risk,Low Priority
4565-NLZBV,71,24.65,1710.15,Two year,No,No,24.65,71,1750.15,24.086619718309866,Medium Value,,0.0,Low Risk,Low Priority
0031-PVLZI,4,20.35,76.35,Month-to-month,No,Yes,20.35,4,81.4,19.0875,Low Value,,0.0,Low Risk,Low Priority
7206-GZCDC,1,69.25,69.25,Month-to-month,Fiber optic,Yes,69.25,1,69.25,69.25,Low Value,,0.0,Low Risk,Low Priority
6682-VCIXC,43,51.25,2151.6,One year,DSL,No,51.25,43,2203.75,50.03720930232558,Medium Value,,0.0,Low Risk,Low Priority
4791-QRGMF,59,99.5,5961.1,One year,Fiber optic,Yes,99.5,59,5870.5,101.035593220339,High Value,,0.0,Low Risk,High Value Customer
6475-VHUIZ,23,54.25,1221.55,Month-to-month,DSL,No,54.25,23,1247.75,53.11086956521739,Medium Value,,0.0,Low Risk,Low Priority
3910-MRQOY,72,19.4,1496.45,Two year,No,No,19.4,72,1396.8,20.78402777777778,Medium Value,No,0.005,Low Risk,Low Priority
0661-WCQNQ,22,56.25,1292.2,One year,DSL,No,56.25,22,1237.5,58.73636363636364,Medium Value,,0.0,Low Risk,Low Priority
7537-RBWEA,1,25.15,25.15,Month-to-month,DSL,No,25.15,1,25.15,25.15,Low Value,,0.0,Low Risk,Low Priority
4656-CAURT,69,23.95,1713.1,Two year,No,No,23.95,69,1652.55,24.827536231884057,Medium Value,,0.0,Low Risk,Low Priority
0121-SNYRK,50,35.4,1748.9,One year,DSL,No,35.4,50,1770.0,34.978,Medium Value,No,0.015,Low Risk,Low Priority
1768-ZAIFU,1,25.2,25.2,Month-to-month,DSL,Yes,25.2,1,25.2,25.2,Low Value,Yes,0.835,High Risk,Churn Risk
4671-LXRDQ,2,45.0,96.45,Month-to-month,DSL,Yes,45.0,2,90.0,48.225,Low Value,,0.0,Low Risk,Low Priority
3733-LSYCE,15,75.35,1114.55,Month-to-month,Fiber optic,No,75.35,15,1130.25,74.30333333333333,Medium Value,,0.0,Low Risk,Low Priority
6265-FRMTQ,31,20.4,609.1,Two year,No,No,20.4,31,632.4,19.648387096774197,Low Value,,0.0,Low Risk,Low Priority
1934-SJVJK,1,20.15,20.15,Month-to-month,No,Yes,20.15,1,20.15,20.15,Low Value,,0.0,Low Risk,Low Priority
3838-OZURD,66,105.0,7133.25,Month-to-month,Fiber optic,Yes,105.0,66,6930.0,108.07954545454544,Very High Value,,0.0,Low Risk,VIP Customer
1371-DWPAZ,0,56.05,0.0,Two year,DSL,No,56.05,1,56.05,0.0,Low Value,,0.0,Low Risk,Low Priority
9269-CQOOL,3,54.7,169.45,Month-to-month,DSL,Yes,54.7,3,164.10000000000002,56.48333333333333,Low Value,,0.0,Low Risk,Low Priority
2017-CCBLH,8,20.0,141.6,Two year,No,No,20.0,8,160.0,17.7,Low Value,,0.0,Low Risk,Low Priority
7690-KPNCU,64,73.05,4688.65,One year,DSL,No,73.05,64,4675.2,73.26015625,High Value,No,0.095,Low Risk,High Value Customer
0536-BGFMZ,28,20.5,563.05,Month-to-month,No,No,20.5,28,574.0,20.10892857142857,Low Value,,0.0,Low Risk,Low Priority
2293-IJWPS,57,100.75,5985.0,One year,Fiber optic,No,100.75,57,5742.75,105.0,High Value,No,0.21,Low Risk,High Value Customer
2845-HSJCY,14,87.25,1258.6,Month-to-month,Fiber optic,Yes,87.25,14,1221.5,89.89999999999999,Medium Value,Yes,0.7,High Risk,Churn Risk
5469-NUJUR,19,19.95,373.5,Two year,No,No,19.95,19,379.05,19.657894736842103,Low Value,No,0.02,Low Risk,Low Priority
1184-PJVDB,10,79.95,857.2,Month-to-month,Fiber optic,Yes,79.95,10,799.5,85.72,Low Value,,0.0,Low Risk,Low Priority
2625-TRCZQ,51,49.65,2553.35,Month-to-month,DSL,No,49.65,51,2532.15,50.0656862745098,Medium Value,,0.0,Low Risk,Low Priority
4102-HLENU,67,65.65,4322.85,Two year,DSL,No,65.65,67,4398.55,64.52014925373135,High Value,,0.0,Low Risk,High Value Customer
7266-GSSJX,11,20.45,250.8,Month-to-month,No,No,20.45,11,224.95,22.8,Low Value,No,0.055,Low Risk,Low Priority
7722-VJRQD,72,60.95,4549.05,Two year,DSL,No,60.95,72,4388.400000000001,63.181250000000006,High Value,,0.0,Low Risk,High Value Customer
7073-QETQY,66,20.35,1359.5,One year,No,No,20.35,66,1343.1,20.598484848484848,Medium Value,,0.0,Low Risk,Low Priority
9415-DPEWS,18,88.35,1639.3,Month-to-month,Fiber optic,Yes,88.35,18,1590.3,91.07222222222222,Medium Value,,0.0,Low Risk,Low Priority
5624-RYAMH,9,19.5,178.85,Month-to-month,No,No,19.5,9,175.5,19.87222222222222,Low Value,,0.0,Low Risk,Low Priority
0196-JTUQI,9,75.2,633.85,Month-to-month,Fiber optic,No,75.2,9,676.8000000000001,70.42777777777778,Low Value,,0.0,Low Risk,Low Priority
7130-YXBRO,48,111.45,5315.1,Month-to-month,Fiber optic,No,111.45,48,5349.6,110.73125,High Value,,0.0,Low Risk,High Value Customer
9272-LSVYH,10,70.15,735.5,Month-to-month,Fiber optic,No,70.15,10,701.5,73.55,Low Value,,0.0,Low Risk,Low Priority
7943-RQCHR,9,94.75,889.9,Month-to-month,Fiber optic,Yes,94.75,9,852.75,98.87777777777778,Low Value,,0.0,Low Risk,Low Priority
3793-MMFUH,13,95.05,1290.0,Month-to-month,Fiber optic,Yes,95.05,13,1235.65,99.23076923076924,Medium Value,,0.0,Low Risk,Low Priority
3249-ZPQRG,4,78.45,330.05,Month-to-month,Fiber optic,Yes,78.45,4,313.8,82.5125,Low Value,,0.0,Low Risk,Low Priority
2568-BRGYX,4,70.2,237.95,Month-to-month,Fiber optic,Yes,70.2,4,280.8,59.4875,Low Value,,0.0,Low Risk,Low Priority
3084-DOWLE,72,92.0,6474.4,Two year,DSL,No,92.0,72,6624.0,89.92222222222222,Very High Value,,0.0,Low Risk,VIP Customer
1084-MNSMJ,51,85.5,4421.95,Two year,DSL,No,85.5,51,4360.5,86.70490196078431,High Value,,0.0,Low Risk,High Value Customer
7721-JXEAW,59,41.05,2452.7,Month-to-month,DSL,Yes,41.05,59,2421.95,41.57118644067796,Medium Value,,0.0,Low Risk,Low Priority
7249-WBIYX,10,85.6,813.85,Month-to-month,Fiber optic,Yes,85.6,10,856.0,81.385,Low Value,Yes,0.825,High Risk,Churn Risk
4238-HFHSN,61,82.15,4904.85,Month-to-month,Fiber optic,No,82.15,61,5011.150000000001,80.40737704918034,High Value,,0.0,Low Risk,High Value Customer
6250-CGGUN,54,84.4,4484.05,One year,Fiber optic,No,84.4,54,4557.6,83.03796296296296,High Value,,0.0,Low Risk,High Value Customer
5478-JJVZK,33,60.9,2033.85,Month-to-month,DSL,No,60.9,33,2009.7,61.631818181818176,Medium Value,,0.0,Low Risk,Low Priority
5977-CKHON,43,92.55,4039.0,Month-to-month,Fiber optic,No,92.55,43,3979.65,93.93023255813954,High Value,,0.0,Low Risk,High Value Customer
7596-IIWYC,27,20.25,538.2,Two year,No,No,20.25,27,546.75,19.933333333333334,Low Value,,0.0,Low Risk,Low Priority
6567-HOOPW,1,79.2,79.2,Month-to-month,Fiber optic,Yes,79.2,1,79.2,79.2,Low Value,,0.0,Low Risk,Low Priority
9793-WECQC,23,95.3,2192.9,Month-to-month,Fiber optic,No,95.3,23,2191.9,95.34347826086956,Medium Value,,0.0,Low Risk,Low Priority
4291-HPAXL,1,19.85,19.85,Month-to-month,No,No,19.85,1,19.85,19.85,Low Value,,0.0,Low Risk,Low Priority
8999-YPYBV,45,84.35,3858.05,Two year,DSL,No,84.35,45,3795.75,85.73444444444445,High Value,,0.0,Low Risk,High Value Customer
1839-FBNFR,39,19.85,854.8,Two year,No,No,19.85,39,774.1500000000001,21.91794871794872,Low Value,,0.0,Low Risk,Low Priority
3164-AALRN,5,70.0,347.4,One year,DSL,Yes,70.0,5,350.0,69.47999999999999,Low Value,,0.0,Low Risk,Low Priority
3071-MVJCD,72,82.3,5815.15,Two year,DSL,No,82.3,72,5925.599999999999,80.76597222222222,High Value,No,0.01,Low Risk,High Value Customer
1697-BCSHV,58,66.8,3970.4,Month-to-month,DSL,No,66.8,58,3874.4,68.45517241379311,High Value,,0.0,Low Risk,High Value Customer
0562-KBDVM,70,44.6,3058.15,Two year,DSL,No,44.6,70,3122.0,43.68785714285715,High Value,,0.0,Low Risk,High Value Customer
1131-SUEKT,61,98.45,6145.2,One year,Fiber optic,No,98.45,61,6005.45,100.74098360655738,Very High Value,No,0.115,Low Risk,VIP Customer
3717-OEAUQ,2,70.7,129.2,Month-to-month,Fiber optic,No,70.7,2,141.4,64.6,Low Value,Yes,0.5896,Medium Risk,Monitor
4538-WNTMJ,46,24.95,1165.9,One year,No,No,24.95,46,1147.7,25.345652173913045,Medium Value,,0.0,Low Risk,Low Priority
3334-CTHOL,1,49.95,49.95,Month-to-month,DSL,Yes,49.95,1,49.95,49.95,Low Value,Yes,0.505,Medium Risk,Monitor
4704-ERYFC,22,69.25,1554.0,Month-to-month,Fiber optic,Yes,69.25,22,1523.5,70.63636363636364,Medium Value,,0.0,Low Risk,Low Priority
9432-RUVSL,48,102.5,4904.25,Two year,Fiber optic,No,102.5,48,4920.0,102.171875,High Value,,0.0,Low Risk,High Value Customer
8060-HIWJJ,64,86.55,5632.55,Two year,DSL,No,86.55,64,5539.2,88.00859375,High Value,,0.0,Low Risk,High Value Customer
7684-XSZIY,72,24.3,1643.25,Two year,No,No,24.3,72,1749.6,22.822916666666668,Medium Value,,0.0,Low Risk,Low Priority
9089-UOWJG,12,58.35,740.55,Month-to-month,DSL,No,58.35,12,700.2,61.7125,Low Value,No,0.18,Low Risk,Low Priority
8621-MNIHH,34,94.25,3217.55,Month-to-month,Fiber optic,Yes,94.25,34,3204.5,94.63382352941176,High Value,No,0.355,Low Risk,High Value Customer
8039-ACLPL,72,68.75,4888.2,Two year,DSL,No,68.75,72,4950.0,67.89166666666667,High Value,,0.0,Low Risk,High Value Customer
9885-AIBVB,29,85.8,2440.25,Month-to-month,Fiber optic,No,85.8,29,2488.2,84.14655172413794,Medium Value,,0.0,Low Risk,Low Priority
1934-MKPXS,33,20.1,620.55,One year,No,No,20.1,33,663.3000000000001,18.80454545454545,Low Value,,0.0,Low Risk,Low Priority
2592-YKDIF,1,20.35,20.35,Month-to-month,No,No,20.35,1,20.35,20.35,Low Value,,0.0,Low Risk,Low Priority
2272-JKMSI,62,110.8,6840.95,One year,Fiber optic,No,110.8,62,6869.599999999999,110.33790322580644,Very High Value,,0.0,Low Risk,VIP Customer
0471-LVHGK,41,73.0,3001.2,One year,DSL,Yes,73.0,41,2993.0,73.19999999999999,Medium Value,,0.0,Low Risk,Low Priority
9518-RWHZL,64,100.05,6254.2,One year,Fiber optic,Yes,100.05,64,6403.2,97.721875,Very High Value,,0.0,Low Risk,VIP Customer
8714-CTZJW,4,82.85,319.6,Month-to-month,Fiber optic,No,82.85,4,331.4,79.9,Low Value,,0.0,Low Risk,Low Priority
3569-EDBPQ,24,84.35,1938.05,Month-to-month,Fiber optic,No,84.35,24,2024.4,80.75208333333333,Medium Value,No,0.395,Low Risk,Low Priority
3131-NWVFJ,14,19.55,294.5,One year,No,No,19.55,14,273.7,21.035714285714285,Low Value,,0.0,Low Risk,Low Priority
7521-YXVZY,3,19.95,58.3,Month-to-month,No,No,19.95,3,59.85,19.433333333333334,Low Value,,0.0,Low Risk,Low Priority
5419-CONWX,4,99.8,442.85,Month-to-month,Fiber optic,Yes,99.8,4,399.2,110.7125,Low Value,Yes,0.65,Medium Risk,Monitor
6240-EURKS,18,35.0,553.0,Month-to-month,DSL,Yes,35.0,18,630.0,30.72222222222222,Low Value,,0.0,Low Risk,Low Priority
2373-NTKOD,8,66.25,546.45,Month-to-month,DSL,No,66.25,8,530.0,68.30625,Low Value,,0.0,Low Risk,Low Priority
1970-KKFWL,35,23.3,797.1,Two year,No,No,23.3,35,815.5,22.774285714285718,Low Value,,0.0,Low Risk,Low Priority
6960-HVYXR,1,76.0,76.0,Month-to-month,Fiber optic,Yes,76.0,1,76.0,76.0,Low Value,,0.0,Low Risk,Low Priority
9337-SRRNI,66,25.3,1673.8,Two year,No,No,25.3,66,1669.8,25.36060606060606,Medium Value,,0.0,Low Risk,Low Priority
0895-UADGO,8,44.55,343.45,Two year,DSL,No,44.55,8,356.4,42.93125,Low Value,,0.0,Low Risk,Low Priority
5678-VFNEQ,71,104.1,7412.25,One year,Fiber optic,No,104.1,71,7391.099999999999,104.39788732394366,Very High Value,,0.0,Low Risk,VIP Customer
7024-OHCCK,2,93.85,170.85,Month-to-month,Fiber optic,Yes,93.85,2,187.7,85.425,Low Value,,0.0,Low Risk,Low Priority
2692-BUCFV,29,101.45,2948.6,Month-to-month,Fiber optic,No,101.45,29,2942.05,101.67586206896551,Medium Value,,0.0,Low Risk,Low Priority
7861-UVUFT,15,84.3,1308.4,Month-to-month,Fiber optic,Yes,84.3,15,1264.5,87.22666666666667,Medium Value,Yes,0.595,Medium Risk,Monitor
1830-GGFNM,65,94.55,6078.75,Two year,Fiber optic,No,94.55,65,6145.75,93.51923076923076,Very High Value,,0.0,Low Risk,VIP Customer
5302-BDJNT,35,95.5,3418.2,Month-to-month,Fiber optic,No,95.5,35,3342.5,97.66285714285712,High Value,,0.0,Low Risk,High Value Customer
5223-UZAVK,64,100.3,6603.8,One year,Fiber optic,No,100.3,64,6419.2,103.184375,Very High Value,,0.0,Low Risk,VIP Customer
4859-ZSRDZ,58,55.5,3166.9,Two year,DSL,No,55.5,58,3219.0,54.60172413793104,High Value,,0.0,Low Risk,High Value Customer
5651-WYIPH,18,49.85,865.75,Month-to-month,DSL,No,49.85,18,897.3000000000001,48.09722222222222,Low Value,,0.0,Low Risk,Low Priority
9350-VLHMB,67,89.55,6373.1,Month-to-month,Fiber optic,No,89.55,67,5999.849999999999,95.12089552238808,High Value,,0.0,Low Risk,High Value Customer
3498-LZGQZ,63,19.15,1177.05,Two year,No,No,19.15,63,1206.4499999999998,18.683333333333334,Medium Value,,0.0,Low Risk,Low Priority
8785-CJSHH,60,99.8,5985.75,Month-to-month,Fiber optic,No,99.8,60,5988.0,99.7625,High Value,No,0.35,Low Risk,High Value Customer
5357-TZHPP,9,84.4,732.5,Month-to-month,Fiber optic,Yes,84.4,9,759.6,81.38888888888889,Low Value,Yes,0.565,Medium Risk,Monitor
3870-SPZSI,70,113.05,7869.05,Two year,Fiber optic,No,113.05,70,7913.5,112.415,Very High Value,,0.0,Low Risk,VIP Customer
0680-DFNNY,15,101.1,1504.05,Month-to-month,Fiber optic,Yes,101.1,15,1516.5,100.27,Medium Value,,0.0,Low Risk,Low Priority
7560-QRBXH,48,19.95,936.7,One year,No,No,19.95,48,957.6,19.51458333333333,Low Value,,0.0,Low Risk,Low Priority
7077-XJMET,12,74.15,741.4,Month-to-month,DSL,No,74.15,12,889.8000000000001,61.78333333333333,Low Value,,0.0,Low Risk,Low Priority
8752-GHJFU,71,92.0,6585.2,One year,Fiber optic,No,92.0,71,6532.0,92.74929577464788,Very High Value,,0.0,Low Risk,VIP Customer
6896-SRVYQ,44,73.85,3122.4,Month-to-month,Fiber optic,No,73.85,44,3249.4,70.96363636363637,High Value,,0.0,Low Risk,High Value Customer
7767-UXAGJ,1,50.45,50.45,Month-to-month,DSL,Yes,50.45,1,50.45,50.45,Low Value,,0.0,Low Risk,Low Priority
4652-ODEVH,45,24.45,1088.25,Two year,No,No,24.45,45,1100.25,24.183333333333334,Medium Value,,0.0,Low Risk,Low Priority
6510-UPNKS,23,24.8,615.35,One year,No,No,24.8,23,570.4,26.75434782608696,Low Value,,0.0,Low Risk,Low Priority
6718-BDGHG,43,64.85,2908.2,One year,DSL,No,64.85,43,2788.55,67.63255813953488,Medium Value,,0.0,Low Risk,Low Priority
9046-DQMTP,35,20.75,739.9,Month-to-month,No,No,20.75,35,726.25,21.14,Low Value,,0.0,Low Risk,Low Priority
6439-LAJXL,9,68.95,593.85,Month-to-month,DSL,No,68.95,9,620.5500000000001,65.98333333333333,Low Value,,0.0,Low Risk,Low Priority
1571-SAVHK,12,99.95,1132.75,Month-to-month,Fiber optic,Yes,99.95,12,1199.4,94.39583333333331,Medium Value,,0.0,Low Risk,Low Priority
9052-VKDUW,65,109.4,7227.45,Month-to-month,Fiber optic,No,109.4,65,7111.0,111.19153846153846,Very High Value,,0.0,Low Risk,VIP Customer
9546-CQJSU,2,91.4,193.6,Month-to-month,Fiber optic,Yes,91.4,2,182.8,96.8,Low Value,,0.0,Low Risk,Low Priority
1666-JZPZT,27,49.0,1291.35,Month-to-month,DSL,No,49.0,27,1323.0,47.827777777777776,Medium Value,,0.0,Low Risk,Low Priority
5777-KJIRB,40,50.25,2023.55,One year,DSL,No,50.25,40,2010.0,50.58875,Medium Value,,0.0,Low Risk,Low Priority
0506-LVNGN,5,75.55,349.65,Month-to-month,Fiber optic,Yes,75.55,5,377.75,69.92999999999999,Low Value,No,0.45,Medium Risk,Monitor
7677-SJJJK,8,19.9,153.95,One year,No,No,19.9,8,159.2,19.24375,Low Value,No,0.015,Low Risk,Low Priority
2480-EJWYP,58,97.8,5458.8,One year,Fiber optic,No,97.8,58,5672.4,94.11724137931034,High Value,No,0.23,Low Risk,High Value Customer
3253-HKOKL,52,100.3,5244.45,One year,Fiber optic,No,100.3,52,5215.599999999999,100.85480769230767,High Value,,0.0,Low Risk,High Value Customer
7055-HNEOJ,3,55.8,154.55,Month-to-month,DSL,No,55.8,3,167.39999999999998,51.51666666666667,Low Value,No,0.315,Low Risk,Low Priority
5514-YQENT,41,111.15,4507.15,Two year,Fiber optic,No,111.15,41,4557.150000000001,109.93048780487804,High Value,No,0.085,Low Risk,High Value Customer
3211-AAPKX,20,98.55,2031.95,Month-to-month,Fiber optic,No,98.55,20,1971.0,101.5975,Medium Value,,0.0,Low Risk,Low Priority
8445-DNBAE,1,50.05,50.05,Month-to-month,DSL,No,50.05,1,50.05,50.05,Low Value,Yes,0.545,Medium Risk,Monitor
2951-QOQTK,4,80.8,332.45,Month-to-month,Fiber optic,Yes,80.8,4,323.2,83.1125,Low Value,,0.0,Low Risk,Low Priority
2958-NHPPS,23,20.85,473.9,Month-to-month,No,No,20.85,23,479.55,20.604347826086958,Low Value,No,0.035,Low Risk,Low Priority
6806-YDEUL,6,19.5,106.8,Month-to-month,No,No,19.5,6,117.0,17.8,Low Value,,0.0,Low Risk,Low Priority
6968-URWQU,43,56.35,2391.15,One year,DSL,No,56.35,43,2423.05,55.608139534883726,Medium Value,No,0.095,Low Risk,Low Priority
1735-XMJVH,8,19.35,152.6,Month-to-month,No,No,19.35,8,154.8,19.075,Low Value,,0.0,Low Risk,Low Priority
6890-PFRQX,18,69.5,1199.4,Month-to-month,DSL,No,69.5,18,1251.0,66.63333333333334,Medium Value,No,0.11,Low Risk,Low Priority
0222-CNVPT,52,48.8,2555.05,Month-to-month,DSL,No,48.8,52,2537.6,49.135576923076925,Medium Value,,0.0,Low Risk,Low Priority
5899-OUVKV,31,94.5,2979.2,Month-to-month,Fiber optic,No,94.5,31,2929.5,96.1032258064516,Medium Value,,0.0,Low Risk,Low Priority
8681-ICONS,29,20.65,654.85,Month-to-month,No,No,20.65,29,598.8499999999999,22.58103448275862,Low Value,,0.0,Low Risk,Low Priority
1621-YNCJH,36,106.05,3834.4,Two year,Fiber optic,No,106.05,36,3817.8,106.51111111111112,High Value,,0.0,Low Risk,High Value Customer
3473-XIIIT,16,100.0,1534.75,Month-to-month,Fiber optic,Yes,100.0,16,1600.0,95.921875,Medium Value,,0.0,Low Risk,Low Priority
6362-QHAFM,42,108.3,4586.15,One year,Fiber optic,No,108.3,42,4548.599999999999,109.1940476190476,High Value,,0.0,Low Risk,High Value Customer
7893-IXHRQ,1,20.55,20.55,Month-to-month,No,Yes,20.55,1,20.55,20.55,Low Value,No,0.2,Low Risk,Low Priority
3070-BDOQC,60,99.65,5941.05,Two year,Fiber optic,No,99.65,60,5979.0,99.0175,High Value,,0.0,Low Risk,High Value Customer
2952-QAYZF,5,85.3,424.15,Month-to-month,Fiber optic,Yes,85.3,5,426.5,84.83,Low Value,,0.0,Low Risk,Low Priority
6234-PFPXL,22,95.9,2234.95,Month-to-month,Fiber optic,No,95.9,22,2109.8,101.58863636363635,Medium Value,No,0.3,Low Risk,Low Priority
9824-QCJPK,36,20.0,666.75,One year,No,No,20.0,36,720.0,18.52083333333333,Low Value,No,0.0,Low Risk,Low Priority
4763-PGDPO,4,70.4,281.0,Month-to-month,Fiber optic,Yes,70.4,4,281.6,70.25,Low Value,,0.0,Low Risk,Low Priority
4283-IVYCI,9,64.95,547.8,Month-to-month,DSL,No,64.95,9,584.5500000000001,60.86666666666666,Low Value,,0.0,Low Risk,Low Priority
1866-OBPNR,1,74.6,74.6,Month-to-month,Fiber optic,No,74.6,1,74.6,74.6,Low Value,,0.0,Low Risk,Low Priority
8205-MQUGY,12,49.2,571.15,Month-to-month,DSL,No,49.2,12,590.4000000000001,47.59583333333333,Low Value,,0.0,Low Risk,Low Priority
8970-ANWXO,23,73.75,1756.6,One year,DSL,No,73.75,23,1696.25,76.37391304347825,Medium Value,No,0.15,Low Risk,Low Priority
9480-BQJEI,62,92.3,5731.45,One year,Fiber optic,No,92.3,62,5722.599999999999,92.44274193548388,High Value,No,0.115,Low Risk,High Value Customer
5394-SVGJV,37,98.8,3475.55,Month-to-month,Fiber optic,Yes,98.8,37,3655.6,93.9337837837838,High Value,,0.0,Low Risk,High Value Customer
6979-TNDEU,8,19.2,156.85,Month-to-month,No,No,19.2,8,153.6,19.60625,Low Value,,0.0,Low Risk,Low Priority
9777-WJJPR,31,88.65,2683.2,Month-to-month,Fiber optic,No,88.65,31,2748.15,86.55483870967741,Medium Value,,0.0,Low Risk,Low Priority
9283-LZQOH,13,74.4,896.75,Month-to-month,Fiber optic,Yes,74.4,13,967.2,68.98076923076923,Low Value,Yes,0.525,Medium Risk,Monitor
7079-QRCBC,24,98.75,2407.3,Month-to-month,Fiber optic,Yes,98.75,24,2370.0,100.30416666666667,Medium Value,,0.0,Low Risk,Low Priority
9495-SKLKD,45,95.95,4456.65,Month-to-month,Fiber optic,No,95.95,45,4317.75,99.03666666666666,High Value,,0.0,Low Risk,High Value Customer
6048-UWKAL,69,105.4,6998.95,Two year,Fiber optic,No,105.4,69,7272.6,101.4340579710145,Very High Value,,0.0,Low Risk,VIP Customer
5067-DGXLL,2,20.25,36.8,Month-to-month,No,No,20.25,2,40.5,18.4,Low Value,,0.0,Low Risk,Low Priority
5469-CTCWN,61,106.0,6547.7,One year,Fiber optic,Yes,106.0,61,6466.0,107.33934426229509,Very High Value,No,0.09,Low Risk,VIP Customer
9851-QXEEQ,41,104.7,4346.4,Month-to-month,Fiber optic,Yes,104.7,41,4292.7,106.00975609756097,High Value,,0.0,Low Risk,High Value Customer
6281-FKEWS,44,49.05,2265.0,One year,DSL,No,49.05,44,2158.2,51.47727272727273,Medium Value,,0.0,Low Risk,Low Priority
8898-KASCD,39,35.55,1309.15,One year,DSL,No,35.55,39,1386.4499999999998,33.56794871794872,Medium Value,,0.0,Low Risk,Low Priority
9242-TKFSV,72,65.1,4754.3,Two year,DSL,No,65.1,72,4687.2,66.03194444444445,High Value,,0.0,Low Risk,High Value Customer
9290-SHCMB,13,96.85,1235.55,Month-to-month,Fiber optic,No,96.85,13,1259.05,95.04230769230767,Medium Value,,0.0,Low Risk,Low Priority
0743-HNPFG,51,69.75,3562.5,One year,DSL,No,69.75,51,3557.25,69.8529411764706,High Value,,0.0,Low Risk,High Value Customer
2277-BKJKN,71,99.2,7213.75,Two year,Fiber optic,No,99.2,71,7043.2,101.60211267605634,Very High Value,,0.0,Low Risk,VIP Customer
9809-IMGCQ,22,96.7,2082.95,Month-to-month,Fiber optic,Yes,96.7,22,2127.4,94.67954545454543,Medium Value,,0.0,Low Risk,Low Priority
5208-HFSBT,2,55.05,102.75,Month-to-month,DSL,Yes,55.05,2,110.1,51.375,Low Value,,0.0,Low Risk,Low Priority
5035-PGZXH,56,106.8,5914.4,One year,Fiber optic,No,106.8,56,5980.8,105.61428571428571,High Value,,0.0,Low Risk,High Value Customer
8695-WDYEA,1,51.25,51.25,Month-to-month,DSL,No,51.25,1,51.25,51.25,Low Value,,0.0,Low Risk,Low Priority
6543-JXSOO,23,57.75,1282.85,One year,DSL,No,57.75,23,1328.25,55.77608695652174,Medium Value,,0.0,Low Risk,Low Priority
8016-ZMGMO,66,70.85,4738.85,One year,DSL,No,70.85,66,4676.099999999999,71.80075757575759,High Value,,0.0,Low Risk,High Value Customer
0799-DDIHE,15,46.3,639.45,Month-to-month,DSL,No,46.3,15,694.5,42.63,Low Value,,0.0,Low Risk,Low Priority
8605-ITULD,1,19.55,19.55,Month-to-month,No,No,19.55,1,19.55,19.55,Low Value,,0.0,Low Risk,Low Priority
3254-YRILK,19,88.2,1775.8,Month-to-month,Fiber optic,Yes,88.2,19,1675.8,93.46315789473684,Medium Value,,0.0,Low Risk,Low Priority
6416-YJTTB,11,79.5,795.65,Month-to-month,Fiber optic,No,79.5,11,874.5,72.33181818181818,Low Value,,0.0,Low Risk,Low Priority
2667-WYLWJ,8,19.75,145.0,One year,No,Yes,19.75,8,158.0,18.125,Low Value,,0.0,Low Risk,Low Priority
4472-VESGY,52,98.15,4993.4,Month-to-month,Fiber optic,No,98.15,52,5103.8,96.02692307692308,High Value,,0.0,Low Risk,High Value Customer
3195-TQDZX,3,20.25,61.45,Month-to-month,No,No,20.25,3,60.75,20.48333333333333,Low Value,,0.0,Low Risk,Low Priority
3128-YOVTD,51,79.15,4018.55,Month-to-month,Fiber optic,No,79.15,51,4036.65,78.79509803921569,High Value,,0.0,Low Risk,High Value Customer
0529-ONKER,15,75.65,1146.65,Month-to-month,Fiber optic,Yes,75.65,15,1134.75,76.44333333333334,Medium Value,,0.0,Low Risk,Low Priority
1728-CXQBE,64,94.25,6081.4,Month-to-month,Fiber optic,No,94.25,64,6032.0,95.021875,Very High Value,,0.0,Low Risk,VIP Customer
7041-TXQJH,37,40.2,1478.85,Month-to-month,DSL,No,40.2,37,1487.4,39.96891891891892,Medium Value,,0.0,Low Risk,Low Priority
5014-GSOUQ,13,19.95,243.65,Two year,No,No,19.95,13,259.35,18.74230769230769,Low Value,,0.0,Low Risk,Low Priority
5724-BIDBU,49,55.35,2633.95,One year,DSL,No,55.35,49,2712.15,53.754081632653055,Medium Value,,0.0,Low Risk,Low Priority
0481-SUMCB,45,102.15,4735.35,One year,Fiber optic,No,102.15,45,4596.75,105.23,High Value,,0.0,Low Risk,High Value Customer
1769-GRUIK,18,71.1,1247.75,Month-to-month,Fiber optic,No,71.1,18,1279.8,69.31944444444444,Medium Value,,0.0,Low Risk,Low Priority
5240-IJOQT,1,74.7,74.7,Month-to-month,Fiber optic,Yes,74.7,1,74.7,74.7,Low Value,,0.0,Low Risk,Low Priority
8819-WFGGJ,68,54.1,3794.5,Two year,DSL,No,54.1,68,3678.8,55.8014705882353,High Value,,0.0,Low Risk,High Value Customer
7427-AUFPY,54,19.65,1008.7,Two year,No,No,19.65,54,1061.1,18.67962962962963,Medium Value,,0.0,Low Risk,Low Priority
2811-POVEX,23,88.45,2130.55,Month-to-month,Fiber optic,No,88.45,23,2034.35,92.63260869565218,Medium Value,,0.0,Low Risk,Low Priority
1092-GANHU,17,76.65,1313.55,Month-to-month,Fiber optic,Yes,76.65,17,1303.0500000000002,77.26764705882353,Medium Value,No,0.485,Medium Risk,Monitor
7898-PDWQE,71,80.4,5727.15,Two year,DSL,No,80.4,71,5708.400000000001,80.66408450704225,High Value,,0.0,Low Risk,High Value Customer
9972-EWRJS,67,19.25,1372.9,Two year,No,No,19.25,67,1289.75,20.49104477611941,Medium Value,,0.0,Low Risk,Low Priority
9314-IJWSQ,14,84.8,1203.9,Month-to-month,Fiber optic,No,84.8,14,1187.2,85.99285714285715,Medium Value,,0.0,Low Risk,Low Priority
0661-XEYAN,1,25.8,25.8,Month-to-month,DSL,Yes,25.8,1,25.8,25.8,Low Value,,0.0,Low Risk,Low Priority
5799-JRCZO,63,19.5,1215.1,Two year,No,No,19.5,63,1228.5,19.287301587301585,Medium Value,,0.0,Low Risk,Low Priority
1921-KYSAY,41,68.6,2877.05,One year,DSL,No,68.6,41,2812.6,70.1719512195122,Medium Value,,0.0,Low Risk,Low Priority
6198-RTPMF,17,92.6,1579.7,Month-to-month,Fiber optic,No,92.6,17,1574.1999999999998,92.9235294117647,Medium Value,,0.0,Low Risk,Low Priority
2924-KHUVI,56,100.55,5514.95,One year,Fiber optic,No,100.55,56,5630.8,98.48125,High Value,No,0.25,Low Risk,High Value Customer
1925-GMVBW,5,20.55,96.1,Month-to-month,No,No,20.55,5,102.75,19.22,Low Value,,0.0,Low Risk,Low Priority
7881-EVUAD,2,42.6,72.4,Month-to-month,DSL,Yes,42.6,2,85.2,36.2,Low Value,Yes,0.61,Medium Risk,Monitor
6184-DYUOB,3,19.6,55.25,Month-to-month,No,No,19.6,3,58.8,18.416666666666668,Low Value,No,0.065,Low Risk,Low Priority
9207-ZPANB,37,67.45,2443.3,One year,DSL,No,67.45,37,2495.65,66.03513513513514,Medium Value,,0.0,Low Risk,Low Priority
5766-XQXMQ,29,68.85,1970.5,Month-to-month,DSL,Yes,68.85,29,1996.65,67.94827586206897,Medium Value,,0.0,Low Risk,Low Priority
9327-QSDED,8,43.55,335.4,Month-to-month,DSL,No,43.55,8,348.4,41.925,Low Value,No,0.23,Low Risk,Low Priority
1656-DRSMG,63,109.85,7002.95,Month-to-month,Fiber optic,No,109.85,63,6920.549999999999,111.15793650793653,Very High Value,,0.0,Low Risk,VIP Customer
3012-VFFMN,7,20.65,158.95,Month-to-month,No,No,20.65,7,144.54999999999998,22.707142857142856,Low Value,,0.0,Low Risk,Low Priority
2984-AFWNC,3,95.4,293.15,Month-to-month,Fiber optic,No,95.4,3,286.20000000000005,97.71666666666664,Low Value,,0.0,Low Risk,Low Priority
0640-YJTPY,72,21.0,1493.75,Two year,No,No,21.0,72,1512.0,20.74652777777778,Medium Value,,0.0,Low Risk,Low Priority
8096-LOIST,19,56.2,1093.4,Month-to-month,DSL,No,56.2,19,1067.8,57.54736842105264,Medium Value,,0.0,Low Risk,Low Priority
3584-WKTTW,51,111.55,5720.35,One year,Fiber optic,No,111.55,51,5689.05,112.16372549019609,High Value,,0.0,Low Risk,High Value Customer
9764-REAFF,59,18.4,1057.85,Two year,No,No,18.4,59,1085.6,17.92966101694915,Medium Value,,0.0,Low Risk,Low Priority
3703-VAVCL,2,90.0,190.05,Month-to-month,Fiber optic,Yes,90.0,2,180.0,95.025,Low Value,,0.0,Low Risk,Low Priority
7107-UBYKY,35,25.75,882.55,Month-to-month,No,No,25.75,35,901.25,25.215714285714284,Low Value,,0.0,Low Risk,Low Priority
4881-GQJTW,14,19.6,300.4,Month-to-month,No,No,19.6,14,274.40000000000003,21.457142857142856,Low Value,,0.0,Low Risk,Low Priority
8519-QJGJD,14,75.35,1025.95,Month-to-month,Fiber optic,Yes,75.35,14,1054.9,73.28214285714286,Medium Value,,0.0,Low Risk,Low Priority
7876-DNYAP,69,19.8,1436.95,Two year,No,No,19.8,69,1366.2,20.82536231884058,Medium Value,,0.0,Low Risk,Low Priority
7905-NJMXS,7,64.2,475.0,Month-to-month,DSL,No,64.2,7,449.4,67.85714285714286,Low Value,,0.0,Low Risk,Low Priority
2882-WDTBA,69,75.75,5388.15,Two year,DSL,No,75.75,69,5226.75,78.0891304347826,High Value,,0.0,Low Risk,High Value Customer
2091-GPPIQ,72,78.95,5730.15,Two year,DSL,No,78.95,72,5684.400000000001,79.58541666666666,High Value,,0.0,Low Risk,High Value Customer
6326-MTTXK,8,100.85,819.55,Month-to-month,Fiber optic,Yes,100.85,8,806.8,102.44375,Low Value,,0.0,Low Risk,Low Priority
5071-FBJFS,4,50.3,217.1,Month-to-month,DSL,No,50.3,4,201.2,54.275,Low Value,,0.0,Low Risk,Low Priority
2796-UUZZO,63,80.3,4896.35,Month-to-month,Fiber optic,No,80.3,63,5058.9,77.71984126984128,High Value,,0.0,Low Risk,High Value Customer
2429-AYKKO,72,19.85,1434.1,Two year,No,No,19.85,72,1429.2,19.918055555555554,Medium Value,,0.0,Low Risk,Low Priority
9798-OPFEM,46,21.1,937.1,Two year,No,No,21.1,46,970.6,20.371739130434783,Low Value,,0.0,Low Risk,Low Priority
0330-IVZHA,5,69.95,330.15,Month-to-month,Fiber optic,Yes,69.95,5,349.75,66.03,Low Value,No,0.475,Medium Risk,Monitor
3794-NFNCH,30,50.0,1474.9,Month-to-month,DSL,No,50.0,30,1500.0,49.16333333333333,Medium Value,No,0.07,Low Risk,Low Priority
5193-QLVZB,63,104.75,6536.5,Two year,Fiber optic,No,104.75,63,6599.25,103.75396825396824,Very High Value,,0.0,Low Risk,VIP Customer
7114-AEOZE,60,19.85,1128.1,Two year,No,No,19.85,60,1191.0,18.801666666666662,Medium Value,No,0.01,Low Risk,Low Priority
2886-KEFUM,63,107.5,6873.75,One year,Fiber optic,Yes,107.5,63,6772.5,109.10714285714286,Very High Value,,0.0,Low Risk,VIP Customer
5522-NYKPB,25,85.9,2199.05,Month-to-month,Fiber optic,No,85.9,25,2147.5,87.962,Medium Value,,0.0,Low Risk,Low Priority
4237-RLAQD,1,45.85,45.85,Month-to-month,DSL,Yes,45.85,1,45.85,45.85,Low Value,No,0.445,Medium Risk,Monitor
9957-YODKZ,6,80.8,457.1,Month-to-month,Fiber optic,No,80.8,6,484.8,76.18333333333334,Low Value,,0.0,Low Risk,Low Priority
6518-KZXCB,22,25.25,566.5,Two year,No,No,25.25,22,555.5,25.75,Low Value,,0.0,Low Risk,Low Priority
2245-ADZFJ,31,80.55,2471.6,Two year,DSL,No,80.55,31,2497.05,79.7290322580645,Medium Value,No,0.03,Low Risk,Low Priority
7776-QGYJC,39,81.5,3107.3,Month-to-month,Fiber optic,No,81.5,39,3178.5,79.67435897435898,High Value,,0.0,Low Risk,High Value Customer
9313-QOLTZ,26,20.9,518.3,Month-to-month,No,No,20.9,26,543.4,19.934615384615384,Low Value,No,0.028999999999999998,Low Risk,Low Priority
9651-GTSAQ,53,106.1,5769.75,One year,Fiber optic,Yes,106.1,53,5623.299999999999,108.8632075471698,High Value,,0.0,Low Risk,High Value Customer
3186-BAXNB,1,91.7,91.7,Month-to-month,Fiber optic,Yes,91.7,1,91.7,91.7,Low Value,,0.0,Low Risk,Low Priority
4672-FOTSD,12,67.25,832.3,Month-to-month,DSL,No,67.25,12,807.0,69.35833333333333,Low Value,No,0.28,Low Risk,Low Priority
0637-YLETY,16,95.6,1555.65,Month-to-month,Fiber optic,Yes,95.6,16,1529.6,97.228125,Medium Value,,0.0,Low Risk,Low Priority
9818-XQCUV,2,20.35,45.3,Month-to-month,No,No,20.35,2,40.7,22.65,Low Value,,0.0,Low Risk,Low Priority
7338-ERIVA,39,45.05,1790.6,One year,DSL,No,45.05,39,1756.9499999999998,45.91282051282051,Medium Value,No,0.045,Low Risk,Low Priority
1157-BQCUW,1,74.95,74.95,Month-to-month,Fiber optic,Yes,74.95,1,74.95,74.95,Low Value,,0.0,Low Risk,Low Priority
8259-NFJTV,7,34.65,246.6,Month-to-month,DSL,No,34.65,7,242.55,35.22857142857143,Low Value,,0.0,Low Risk,Low Priority
3223-DWFIO,4,69.35,261.65,Month-to-month,Fiber optic,No,69.35,4,277.4,65.4125,Low Value,,0.0,Low Risk,Low Priority
2660-EMUBI,10,95.35,898.35,Month-to-month,Fiber optic,Yes,95.35,10,953.5,89.83500000000001,Low Value,,0.0,Low Risk,Low Priority
6968-GMKPR,55,81.55,4509.5,Month-to-month,Fiber optic,No,81.55,55,4485.25,81.99090909090908,High Value,,0.0,Low Risk,High Value Customer
4751-ERMAN,72,75.4,5480.25,Two year,DSL,No,75.4,72,5428.8,76.11458333333333,High Value,No,0.105,Low Risk,High Value Customer
1436-ZMJAN,10,67.8,653.15,Month-to-month,DSL,No,67.8,10,678.0,65.315,Low Value,No,0.21,Low Risk,Low Priority
3292-PBZEJ,11,111.4,1183.05,Month-to-month,Fiber optic,No,111.4,11,1225.4,107.55,Medium Value,Yes,0.57,Medium Risk,Monitor
3070-FNFZQ,23,20.4,478.75,Two year,No,No,20.4,23,469.2,20.815217391304348,Low Value,,0.0,Low Risk,Low Priority
2812-SFXMJ,1,20.05,20.05,Month-to-month,No,No,20.05,1,20.05,20.05,Low Value,,0.0,Low Risk,Low Priority
7675-OZCZG,3,45.0,127.1,Month-to-month,DSL,Yes,45.0,3,135.0,42.36666666666667,Low Value,,0.0,Low Risk,Low Priority
5014-WUQMG,47,96.1,4391.45,One year,Fiber optic,No,96.1,47,4516.7,93.43510638297872,High Value,No,0.1,Low Risk,High Value Customer
5312-TSZVC,15,19.65,270.6,One year,No,No,19.65,15,294.75,18.040000000000003,Low Value,,0.0,Low Risk,Low Priority
2003-CKLOR,66,99.5,6710.5,Month-to-month,Fiber optic,Yes,99.5,66,6567.0,101.67424242424242,Very High Value,,0.0,Low Risk,VIP Customer
0993-OSGPT,68,60.65,3975.9,One year,DSL,No,60.65,68,4124.2,58.46911764705882,High Value,,0.0,Low Risk,High Value Customer
9254-RBFON,17,98.6,1704.95,One year,Fiber optic,Yes,98.6,17,1676.1999999999998,100.29117647058824,Medium Value,No,0.225,Low Risk,Low Priority
1205-WNWPJ,7,59.5,415.95,Month-to-month,DSL,Yes,59.5,7,416.5,59.42142857142857,Low Value,No,0.29,Low Risk,Low Priority
9391-EOYLI,12,80.45,950.2,Month-to-month,Fiber optic,Yes,80.45,12,965.4,79.18333333333334,Low Value,,0.0,Low Risk,Low Priority
7108-DGVUU,21,71.7,1497.05,One year,DSL,No,71.7,21,1505.7,71.28809523809524,Medium Value,,0.0,Low Risk,Low Priority
2782-JEEBU,21,36.0,780.15,Month-to-month,DSL,No,36.0,21,756.0,37.15,Low Value,,0.0,Low Risk,Low Priority
5127-BZENZ,56,65.2,3512.15,One year,DSL,No,65.2,56,3651.2,62.71696428571429,High Value,,0.0,Low Risk,High Value Customer
2720-FVBQP,6,48.95,273.25,Month-to-month,DSL,No,48.95,6,293.70000000000005,45.54166666666666,Low Value,No,0.35,Low Risk,Low Priority
9906-NHHVC,65,53.5,3517.9,Two year,DSL,No,53.5,65,3477.5,54.121538461538464,High Value,No,0.19,Low Risk,High Value Customer
4522-XRWWI,42,80.45,3375.9,One year,DSL,No,80.45,42,3378.9,80.37857142857143,High Value,,0.0,Low Risk,High Value Customer
3766-EJLFL,68,109.05,7508.55,Two year,Fiber optic,No,109.05,68,7415.4,110.41985294117649,Very High Value,No,0.1,Low Risk,VIP Customer
5939-SXWHM,48,26.3,1245.05,Two year,No,No,26.3,48,1262.4,25.938541666666666,Medium Value,,0.0,Low Risk,Low Priority
8152-UOBNY,50,106.8,5347.95,One year,Fiber optic,No,106.8,50,5340.0,106.959,High Value,,0.0,Low Risk,High Value Customer
7351-KYHQH,7,64.95,493.65,Month-to-month,DSL,No,64.95,7,454.65,70.52142857142857,Low Value,,0.0,Low Risk,Low Priority
7643-RCHXS,63,19.35,1263.85,Two year,No,No,19.35,63,1219.0500000000002,20.06111111111111,Medium Value,,0.0,Low Risk,Low Priority
8246-SHFGA,17,21.1,385.55,Month-to-month,No,No,21.1,17,358.70000000000005,22.679411764705883,Low Value,,0.0,Low Risk,Low Priority
8387-MOJJT,42,77.95,3384.0,Month-to-month,Fiber optic,Yes,77.95,42,3273.9,80.57142857142857,High Value,,0.0,Low Risk,High Value Customer
0620-XEFWH,4,18.85,84.2,Month-to-month,No,No,18.85,4,75.4,21.05,Low Value,,0.0,Low Risk,Low Priority
6485-QXWWE,62,26.0,1638.7,Two year,No,No,26.0,62,1612.0,26.43064516129032,Medium Value,,0.0,Low Risk,Low Priority
2761-OCIAX,2,74.7,165.4,Month-to-month,Fiber optic,Yes,74.7,2,149.4,82.7,Low Value,Yes,0.715,High Risk,Churn Risk
7321-VGNKU,2,70.35,120.25,Month-to-month,Fiber optic,No,70.35,2,140.7,60.125,Low Value,,0.0,Low Risk,Low Priority
5327-CNLUQ,48,96.9,4473.45,Two year,Fiber optic,No,96.9,48,4651.200000000001,93.196875,High Value,,0.0,Low Risk,High Value Customer
7552-KEYGT,27,19.55,520.55,Two year,No,No,19.55,27,527.85,19.27962962962963,Low Value,,0.0,Low Risk,Low Priority
5816-JMLGY,70,80.4,5717.85,Two year,DSL,No,80.4,70,5628.0,81.68357142857144,High Value,,0.0,Low Risk,High Value Customer
3068-OMWZA,1,88.8,88.8,Month-to-month,Fiber optic,Yes,88.8,1,88.8,88.8,Low Value,,0.0,Low Risk,Low Priority
2927-QRRQV,46,94.65,4312.5,One year,Fiber optic,No,94.65,46,4353.900000000001,93.75,High Value,,0.0,Low Risk,High Value Customer
6032-KRXXO,30,90.25,2755.35,Month-to-month,Fiber optic,Yes,90.25,30,2707.5,91.845,Medium Value,,0.0,Low Risk,Low Priority
7459-RRWQZ,15,64.65,994.55,Month-to-month,DSL,Yes,64.65,15,969.75,66.30333333333333,Low Value,,0.0,Low Risk,Low Priority
6265-SXWBU,69,95.75,6511.25,One year,Fiber optic,No,95.75,69,6606.75,94.3659420289855,Very High Value,,0.0,Low Risk,VIP Customer
7941-RCJOW,65,19.55,1218.65,Two year,No,No,19.55,65,1270.75,18.74846153846154,Medium Value,,0.0,Low Risk,Low Priority
6374-NTQLP,72,104.1,7447.7,Two year,Fiber optic,No,104.1,72,7495.2,103.44027777777778,Very High Value,No,0.07,Low Risk,VIP Customer
4154-AQUGT,13,89.05,1169.35,Month-to-month,Fiber optic,Yes,89.05,13,1157.65,89.94999999999999,Medium Value,No,0.475,Medium Risk,Monitor
2387-KDZQY,17,20.1,279.5,One year,No,No,20.1,17,341.70000000000005,16.441176470588236,Low Value,,0.0,Low Risk,Low Priority
3399-BMLVW,51,60.5,3121.45,Two year,DSL,No,60.5,51,3085.5,61.20490196078431,High Value,,0.0,Low Risk,High Value Customer
1971-DTCZB,72,90.95,6468.6,Two year,DSL,No,90.95,72,6548.400000000001,89.84166666666667,Very High Value,,0.0,Low Risk,VIP Customer
3092-IGHWF,67,87.4,5918.8,One year,Fiber optic,Yes,87.4,67,5855.8,88.34029850746269,High Value,,0.0,Low Risk,High Value Customer
3374-PZLXD,34,19.7,675.6,Month-to-month,No,No,19.7,34,669.8,19.87058823529412,Low Value,,0.0,Low Risk,Low Priority
3813-DHBBB,67,50.95,3521.7,Two year,DSL,No,50.95,67,3413.65,52.56268656716418,High Value,,0.0,Low Risk,High Value Customer
2812-REYAT,49,20.05,923.1,One year,No,No,20.05,49,982.45,18.838775510204083,Low Value,No,0.0,Low Risk,Low Priority
6518-PPLMZ,53,19.4,1110.35,Two year,No,No,19.4,53,1028.1999999999998,20.95,Medium Value,,0.0,Low Risk,Low Priority
4939-KYYPY,27,59.45,1611.65,Month-to-month,DSL,No,59.45,27,1605.15,59.69074074074074,Medium Value,,0.0,Low Risk,Low Priority
8017-LXHFA,23,94.75,2293.6,Month-to-month,Fiber optic,Yes,94.75,23,2179.25,99.72173913043478,Medium Value,,0.0,Low Risk,Low Priority
5930-GBIWP,69,81.5,5553.25,Two year,DSL,No,81.5,69,5623.5,80.48188405797102,High Value,,0.0,Low Risk,High Value Customer
6022-KOUQO,2,29.05,44.75,Month-to-month,DSL,No,29.05,2,58.1,22.375,Low Value,,0.0,Low Risk,Low Priority
6352-TWCAU,35,86.45,3029.1,Month-to-month,Fiber optic,Yes,86.45,35,3025.75,86.54571428571428,High Value,,0.0,Low Risk,High Value Customer
2361-UPSND,46,70.6,3231.05,One year,DSL,No,70.6,46,3247.6,70.24021739130436,High Value,,0.0,Low Risk,High Value Customer
6035-RIIOM,54,97.2,5129.45,Two year,Fiber optic,No,97.2,54,5248.8,94.9898148148148,High Value,,0.0,Low Risk,High Value Customer
2929-QNSRW,56,98.25,5508.35,One year,Fiber optic,Yes,98.25,56,5502.0,98.36339285714288,High Value,,0.0,Low Risk,High Value Customer
1262-OPMFY,9,75.75,655.9,Month-to-month,Fiber optic,Yes,75.75,9,681.75,72.87777777777778,Low Value,,0.0,Low Risk,Low Priority
9504-DSHWM,20,59.2,1191.2,Month-to-month,DSL,No,59.2,20,1184.0,59.56,Medium Value,,0.0,Low Risk,Low Priority
5035-BVCXS,11,75.9,866.4,Month-to-month,Fiber optic,No,75.9,11,834.9000000000001,78.76363636363637,Low Value,,0.0,Low Risk,Low Priority
6267-DCFFZ,30,90.05,2627.2,Month-to-month,Fiber optic,No,90.05,30,2701.5,87.57333333333332,Medium Value,,0.0,Low Risk,Low Priority
3533-UVMOM,68,70.95,4741.45,Two year,DSL,No,70.95,68,4824.6,69.72720588235293,High Value,,0.0,Low Risk,High Value Customer
2439-LYPMQ,38,102.6,4009.2,Month-to-month,Fiber optic,No,102.6,38,3898.8,105.50526315789472,High Value,Yes,0.7,High Risk,High Value At Risk
4248-QPAVC,17,85.35,1463.45,Month-to-month,Fiber optic,Yes,85.35,17,1450.9499999999998,86.08529411764707,Medium Value,No,0.43,Medium Risk,Monitor
1899-VXWXM,48,106.1,5082.8,One year,Fiber optic,Yes,106.1,48,5092.799999999999,105.89166666666668,High Value,,0.0,Low Risk,High Value Customer
1478-VPOAD,1,43.8,43.8,Month-to-month,DSL,No,43.8,1,43.8,43.8,Low Value,,0.0,Low Risk,Low Priority
9995-HOTOH,63,59.0,3707.6,Two year,DSL,No,59.0,63,3717.0,58.85079365079365,High Value,,0.0,Low Risk,High Value Customer
2988-PLAHS,3,69.95,220.45,One year,DSL,No,69.95,3,209.85,73.48333333333333,Low Value,No,0.5,Medium Risk,Monitor
1371-OJCEK,48,24.35,1133.7,One year,No,No,24.35,48,1168.8000000000002,23.61875,Medium Value,,0.0,Low Risk,Low Priority
4999-IEZLT,66,29.45,1983.15,One year,DSL,No,29.45,66,1943.7,30.04772727272728,Medium Value,,0.0,Low Risk,Low Priority
8883-ANODQ,68,84.4,5746.75,Two year,Fiber optic,No,84.4,68,5739.200000000001,84.51102941176471,High Value,,0.0,Low Risk,High Value Customer
4690-LLKUA,17,45.05,770.6,Month-to-month,DSL,Yes,45.05,17,765.8499999999999,45.32941176470588,Low Value,No,0.455,Medium Risk,Monitor
2351-RRBUE,7,20.65,134.05,One year,No,No,20.65,7,144.54999999999998,19.15,Low Value,,0.0,Low Risk,Low Priority
5980-BDHPY,72,87.1,6230.1,Two year,DSL,No,87.1,72,6271.2,86.52916666666667,Very High Value,,0.0,Low Risk,VIP Customer
1498-DQNRX,29,19.85,573.05,Month-to-month,No,No,19.85,29,575.6500000000001,19.76034482758621,Low Value,,0.0,Low Risk,Low Priority
9469-WEJBT,37,90.35,3419.3,Month-to-month,Fiber optic,No,90.35,37,3342.95,92.41351351351352,High Value,,0.0,Low Risk,High Value Customer
3331-HQDTW,34,109.8,3587.25,Month-to-month,Fiber optic,Yes,109.8,34,3733.2,105.50735294117646,High Value,No,0.25,Low Risk,High Value Customer
9490-DFPMD,42,84.65,3541.35,Month-to-month,Fiber optic,Yes,84.65,42,3555.3,84.31785714285714,High Value,,0.0,Low Risk,High Value Customer
2581-VKIRT,59,65.5,3801.3,One year,DSL,No,65.5,59,3864.5,64.42881355932204,High Value,,0.0,Low Risk,High Value Customer
5442-XSDCW,11,79.5,868.5,Month-to-month,Fiber optic,Yes,79.5,11,874.5,78.95454545454545,Low Value,,0.0,Low Risk,Low Priority
7426-WEIJX,60,80.95,4859.1,Month-to-month,Fiber optic,No,80.95,60,4857.0,80.985,High Value,No,0.195,Low Risk,High Value Customer
2851-MMUTZ,27,56.15,1439.35,Month-to-month,DSL,No,56.15,27,1516.05,53.30925925925926,Medium Value,,0.0,Low Risk,Low Priority
3049-NDXFL,1,85.8,85.8,Month-to-month,Fiber optic,Yes,85.8,1,85.8,85.8,Low Value,,0.0,Low Risk,Low Priority
8580-AECUZ,1,79.1,79.1,Month-to-month,Fiber optic,Yes,79.1,1,79.1,79.1,Low Value,,0.0,Low Risk,Low Priority
3307-TLCUD,17,34.4,592.75,Month-to-month,DSL,No,34.4,17,584.8,34.86764705882353,Low Value,,0.0,Low Risk,Low Priority
6625-FLENO,58,20.75,1185.95,Two year,No,No,20.75,58,1203.5,20.44741379310345,Medium Value,No,0.015,Low Risk,Low Priority
2967-MXRAV,1,18.8,18.8,One year,No,No,18.8,1,18.8,18.8,Low Value,No,0.12,Low Risk,Low Priority
7963-GQRMY,3,44.3,134.5,Month-to-month,DSL,Yes,44.3,3,132.89999999999998,44.833333333333336,Low Value,,0.0,Low Risk,Low Priority
8189-HBVRW,53,90.8,4921.2,Month-to-month,Fiber optic,No,90.8,53,4812.4,92.85283018867923,High Value,,0.0,Low Risk,High Value Customer
4163-KIUHY,35,25.6,901.25,Month-to-month,No,No,25.6,35,896.0,25.75,Low Value,,0.0,Low Risk,Low Priority
1228-FZFRV,50,105.95,5341.8,Month-to-month,Fiber optic,Yes,105.95,50,5297.5,106.836,High Value,,0.0,Low Risk,High Value Customer
3500-NSDOA,68,70.8,4859.95,Two year,DSL,No,70.8,68,4814.4,71.46985294117647,High Value,,0.0,Low Risk,High Value Customer
1171-TYKUR,47,25.4,1139.2,Month-to-month,No,No,25.4,47,1193.8,24.238297872340425,Medium Value,,0.0,Low Risk,Low Priority
3761-FLYZI,65,108.8,7082.45,Month-to-month,Fiber optic,No,108.8,65,7072.0,108.96076923076924,Very High Value,,0.0,Low Risk,VIP Customer
2058-DCJBE,5,69.75,324.6,Month-to-month,Fiber optic,Yes,69.75,5,348.75,64.92,Low Value,,0.0,Low Risk,Low Priority
5364-XYIRR,51,94.65,4812.75,Month-to-month,Fiber optic,Yes,94.65,51,4827.150000000001,94.36764705882354,High Value,,0.0,Low Risk,High Value Customer
4829-AUOAX,46,96.05,4399.5,Month-to-month,Fiber optic,Yes,96.05,46,4418.3,95.6413043478261,High Value,No,0.21,Low Risk,High Value Customer
1219-NNDDO,9,76.85,663.55,Month-to-month,Fiber optic,No,76.85,9,691.65,73.72777777777777,Low Value,,0.0,Low Risk,Low Priority
8388-DMKAE,8,20.25,174.65,Two year,No,No,20.25,8,162.0,21.83125,Low Value,,0.0,Low Risk,Low Priority
4403-BWPAY,14,24.8,321.7,One year,No,No,24.8,14,347.2,22.978571428571428,Low Value,,0.0,Low Risk,Low Priority
9659-QEQSY,45,115.65,5125.5,Month-to-month,Fiber optic,No,115.65,45,5204.25,113.9,High Value,,0.0,Low Risk,High Value Customer
5405-ZMYXQ,8,74.6,548.9,Month-to-month,Fiber optic,No,74.6,8,596.8,68.6125,Low Value,,0.0,Low Risk,Low Priority
5047-LHVLY,1,50.15,50.15,Month-to-month,DSL,Yes,50.15,1,50.15,50.15,Low Value,,0.0,Low Risk,Low Priority
1442-OKRJE,66,103.15,7031.3,One year,Fiber optic,No,103.15,66,6807.900000000001,106.53484848484848,Very High Value,,0.0,Low Risk,VIP Customer
4737-AQCPU,72,72.1,5016.65,Two year,DSL,No,72.1,72,5191.2,69.67569444444445,High Value,,0.0,Low Risk,High Value Customer
9158-VCTQB,41,113.6,4594.95,Month-to-month,Fiber optic,Yes,113.6,41,4657.599999999999,112.0719512195122,High Value,,0.0,Low Risk,High Value Customer
2808-CHTDM,23,25.1,611.45,Two year,No,No,25.1,23,577.3000000000001,26.58478260869565,Low Value,,0.0,Low Risk,Low Priority
6311-UEUME,29,78.9,2384.15,Month-to-month,Fiber optic,Yes,78.9,29,2288.1000000000004,82.21206896551725,Medium Value,,0.0,Low Risk,Low Priority
0793-TWELN,4,80.15,319.85,Month-to-month,Fiber optic,No,80.15,4,320.6,79.9625,Low Value,,0.0,Low Risk,Low Priority
3283-WCWXT,6,25.4,153.3,Two year,No,No,25.4,6,152.39999999999998,25.55,Low Value,,0.0,Low Risk,Low Priority
1060-ENTOF,67,105.4,7035.6,One year,Fiber optic,No,105.4,67,7061.8,105.0089552238806,Very High Value,,0.0,Low Risk,VIP Customer
0999-QXNSA,7,45.75,344.2,Month-to-month,DSL,No,45.75,7,320.25,49.17142857142857,Low Value,,0.0,Low Risk,Low Priority
5451-MHQOF,56,24.45,1431.65,One year,No,No,24.45,56,1369.2,25.56517857142857,Medium Value,,0.0,Low Risk,Low Priority
4836-WNFNO,72,25.0,1849.2,Two year,No,No,25.0,72,1800.0,25.683333333333334,Medium Value,,0.0,Low Risk,Low Priority
9225-BZLNZ,72,85.25,6083.1,Two year,DSL,No,85.25,72,6138.0,84.48750000000001,Very High Value,,0.0,Low Risk,VIP Customer
0354-VXMJC,23,19.6,426.65,Two year,No,No,19.6,23,450.8,18.55,Low Value,,0.0,Low Risk,Low Priority
4422-QVIJA,35,50.15,1655.35,Month-to-month,DSL,No,50.15,35,1755.25,47.29571428571428,Medium Value,,0.0,Low Risk,Low Priority
9365-SRSZE,27,70.55,1943.9,Month-to-month,Fiber optic,No,70.55,27,1904.85,71.9962962962963,Medium Value,,0.0,Low Risk,Low Priority
6839-ITVZJ,26,60.05,1616.15,Month-to-month,DSL,Yes,60.05,26,1561.3,62.159615384615385,Medium Value,,0.0,Low Risk,Low Priority
8332-OSJDW,12,26.4,314.95,One year,No,No,26.4,12,316.79999999999995,26.245833333333334,Low Value,,0.0,Low Risk,Low Priority
4735-BJKOU,40,20.15,804.85,Two year,No,No,20.15,40,806.0,20.12125,Low Value,No,0.01,Low Risk,Low Priority
0274-JKUJR,7,58.85,465.7,Month-to-month,DSL,No,58.85,7,411.95,66.52857142857142,Low Value,,0.0,Low Risk,Low Priority
5740-YHGTW,70,97.55,6669.05,Month-to-month,Fiber optic,No,97.55,70,6828.5,95.27214285714284,Very High Value,,0.0,Low Risk,VIP Customer
8917-SZTTJ,60,19.65,1161.75,Two year,No,No,19.65,60,1179.0,19.3625,Medium Value,,0.0,Low Risk,Low Priority
1696-MZVAU,39,25.25,947.75,One year,DSL,No,25.25,39,984.75,24.30128205128205,Low Value,,0.0,Low Risk,Low Priority
7359-WWYJV,72,114.45,8375.05,Two year,Fiber optic,No,114.45,72,8240.4,116.32013888888888,Very High Value,No,0.015,Low Risk,VIP Customer
0375-HVGXO,1,34.7,34.7,Month-to-month,DSL,Yes,34.7,1,34.7,34.7,Low Value,,0.0,Low Risk,Low Priority
4906-ZHGPK,54,70.7,3770.0,One year,DSL,No,70.7,54,3817.8,69.81481481481481,High Value,,0.0,Low Risk,High Value Customer
8593-WHYHV,3,85.3,264.8,Month-to-month,Fiber optic,Yes,85.3,3,255.9,88.26666666666667,Low Value,Yes,0.84,High Risk,Churn Risk
3795-GWTRD,63,75.55,4707.85,Two year,DSL,No,75.55,63,4759.65,74.72777777777779,High Value,No,0.02,Low Risk,High Value Customer
1298-PHBTI,71,84.8,6152.4,Two year,Fiber optic,No,84.8,71,6020.8,86.65352112676055,Very High Value,,0.0,Low Risk,VIP Customer
6223-DHJGV,42,20.65,958.1,One year,No,No,20.65,42,867.3,22.811904761904763,Low Value,No,0.0,Low Risk,Low Priority
6961-MJKBO,47,20.45,943.0,Two year,No,No,20.45,47,961.15,20.06382978723404,Low Value,,0.0,Low Risk,Low Priority
6097-EQISJ,66,102.45,6615.15,One year,Fiber optic,Yes,102.45,66,6761.7,100.22954545454544,Very High Value,,0.0,Low Risk,VIP Customer
4423-YLHDV,21,104.4,2200.25,Month-to-month,Fiber optic,Yes,104.4,21,2192.4,104.77380952380952,Medium Value,,0.0,Low Risk,Low Priority
8158-WPEZG,11,35.65,425.1,Month-to-month,DSL,No,35.65,11,392.15,38.64545454545455,Low Value,No,0.28,Low Risk,Low Priority
0107-YHINA,1,99.75,99.75,Month-to-month,Fiber optic,Yes,99.75,1,99.75,99.75,Low Value,,0.0,Low Risk,Low Priority
4918-FYJNT,55,90.45,5044.8,Month-to-month,Fiber optic,No,90.45,55,4974.75,91.72363636363636,High Value,,0.0,Low Risk,High Value Customer
0727-BNRLG,69,97.65,6743.55,Two year,Fiber optic,No,97.65,69,6737.85,97.73260869565216,Very High Value,No,0.055,Low Risk,VIP Customer
4854-CIDCF,3,73.85,196.4,Month-to-month,Fiber optic,No,73.85,3,221.55,65.46666666666667,Low Value,,0.0,Low Risk,Low Priority
8640-SDGKB,4,74.4,299.7,Month-to-month,DSL,Yes,74.4,4,297.6,74.925,Low Value,,0.0,Low Risk,Low Priority
3280-MRDOF,30,69.1,2093.9,Two year,DSL,No,69.1,30,2073.0,69.79666666666667,Medium Value,,0.0,Low Risk,Low Priority
6435-SRWBJ,5,82.75,417.75,Month-to-month,Fiber optic,No,82.75,5,413.75,83.55,Low Value,,0.0,Low Risk,Low Priority
9964-WBQDJ,71,24.4,1725.4,Two year,No,No,24.4,71,1732.4,24.301408450704223,Medium Value,,0.0,Low Risk,Low Priority
6303-KFWSL,29,55.25,1620.2,One year,DSL,No,55.25,29,1602.25,55.86896551724138,Medium Value,,0.0,Low Risk,Low Priority
1702-CCFNJ,52,61.35,3169.55,Month-to-month,DSL,No,61.35,52,3190.2000000000003,60.95288461538462,High Value,,0.0,Low Risk,High Value Customer
8932-CZHRQ,68,76.75,5233.25,One year,DSL,No,76.75,68,5219.0,76.9595588235294,High Value,,0.0,Low Risk,High Value Customer
0386-CWRGM,46,19.4,967.85,Two year,No,No,19.4,46,892.4,21.04021739130435,Low Value,,0.0,Low Risk,Low Priority
5515-RUGKN,8,54.75,438.05,Month-to-month,DSL,No,54.75,8,438.0,54.75625,Low Value,,0.0,Low Risk,Low Priority
0404-AHASP,72,19.7,1421.9,Two year,No,No,19.7,72,1418.4,19.748611111111117,Medium Value,,0.0,Low Risk,Low Priority
7279-NMVJC,17,19.9,323.15,One year,No,No,19.9,17,338.29999999999995,19.008823529411764,Low Value,No,0.07,Low Risk,Low Priority
2081-VEYEH,3,107.95,318.6,Month-to-month,Fiber optic,No,107.95,3,323.85,106.2,Low Value,,0.0,Low Risk,Low Priority
6407-UTSLV,2,83.8,163.7,Month-to-month,Fiber optic,No,83.8,2,167.6,81.85,Low Value,,0.0,Low Risk,Low Priority
4116-TZAQJ,9,74.25,639.65,Month-to-month,Fiber optic,Yes,74.25,9,668.25,71.07222222222222,Low Value,,0.0,Low Risk,Low Priority
9060-HJJRW,51,56.4,2928.5,One year,DSL,No,56.4,51,2876.4,57.42156862745098,Medium Value,,0.0,Low Risk,Low Priority
2587-YNLES,6,20.1,100.35,Two year,No,No,20.1,6,120.6,16.724999999999998,Low Value,,0.0,Low Risk,Low Priority
7398-SKNQZ,3,94.9,273.2,Month-to-month,Fiber optic,No,94.9,3,284.70000000000005,91.06666666666666,Low Value,,0.0,Low Risk,Low Priority
5935-FCCNB,17,94.2,1608.15,Month-to-month,Fiber optic,No,94.2,17,1601.4,94.59705882352942,Medium Value,,0.0,Low Risk,Low Priority
1958-RNRKS,30,49.9,1441.95,Month-to-month,DSL,No,49.9,30,1497.0,48.065000000000005,Medium Value,,0.0,Low Risk,Low Priority
5136-RGMZO,31,71.05,2168.15,Month-to-month,DSL,No,71.05,31,2202.55,69.94032258064516,Medium Value,No,0.21,Low Risk,Low Priority
8345-MVDYC,45,81.65,3618.7,Two year,DSL,No,81.65,45,3674.250000000001,80.41555555555556,High Value,No,0.0,Low Risk,High Value Customer
8226-BXGES,64,89.45,5692.65,One year,Fiber optic,No,89.45,64,5724.8,88.94765625,High Value,,0.0,Low Risk,High Value Customer
3877-JRJIP,1,59.85,59.85,Month-to-month,DSL,Yes,59.85,1,59.85,59.85,Low Value,No,0.475,Medium Risk,Monitor
8375-DKEBR,1,69.6,69.6,Month-to-month,Fiber optic,Yes,69.6,1,69.6,69.6,Low Value,Yes,0.975,High Risk,Churn Risk
9705-IOVQQ,61,99.0,5969.3,One year,Fiber optic,No,99.0,61,6039.0,97.85737704918031,Very High Value,,0.0,Low Risk,VIP Customer
1015-OWJKI,1,19.05,19.05,Month-to-month,No,No,19.05,1,19.05,19.05,Low Value,No,0.17620000000000002,Low Risk,Low Priority
7511-YMXVQ,9,45.4,418.8,Month-to-month,DSL,Yes,45.4,9,408.6,46.53333333333333,Low Value,,0.0,Low Risk,Low Priority
2040-XBAVJ,72,114.45,8100.55,Two year,Fiber optic,No,114.45,72,8240.4,112.50763888888888,Very High Value,,0.0,Low Risk,VIP Customer
7551-JOHTI,1,19.5,19.5,Month-to-month,No,Yes,19.5,1,19.5,19.5,Low Value,,0.0,Low Risk,Low Priority
8887-IPQNC,7,44.25,313.45,Month-to-month,DSL,No,44.25,7,309.75,44.77857142857143,Low Value,,0.0,Low Risk,Low Priority
8646-JCOMS,66,90.55,6130.95,One year,Fiber optic,No,90.55,66,5976.3,92.89318181818182,High Value,No,0.06,Low Risk,High Value Customer
9804-ICWBG,1,69.9,69.9,Month-to-month,Fiber optic,Yes,69.9,1,69.9,69.9,Low Value,Yes,0.97,High Risk,Churn Risk
1222-KJNZD,40,20.4,745.3,Month-to-month,No,No,20.4,40,816.0,18.6325,Low Value,,0.0,Low Risk,Low Priority
0106-GHRQR,16,71.4,1212.1,Month-to-month,DSL,No,71.4,16,1142.4,75.75625,Medium Value,,0.0,Low Risk,Low Priority
5318-IXUZF,2,87.15,183.75,Month-to-month,Fiber optic,Yes,87.15,2,174.3,91.875,Low Value,,0.0,Low Risk,Low Priority
3768-VHXQO,67,24.85,1583.5,Two year,No,No,24.85,67,1664.95,23.634328358208958,Medium Value,,0.0,Low Risk,Low Priority
8952-WCVCD,41,104.45,4162.05,One year,Fiber optic,No,104.45,41,4282.45,101.51341463414634,High Value,,0.0,Low Risk,High Value Customer
2418-TPEUN,56,19.8,1119.9,Two year,No,No,19.8,56,1108.8,19.998214285714287,Medium Value,,0.0,Low Risk,Low Priority
3963-RYFNS,72,116.45,8013.55,Two year,Fiber optic,No,116.45,72,8384.4,111.29930555555556,Very High Value,,0.0,Low Risk,VIP Customer
3198-VELRD,3,84.75,264.85,Month-to-month,Fiber optic,Yes,84.75,3,254.25,88.28333333333335,Low Value,,0.0,Low Risk,Low Priority
8540-ZQGEA,54,20.05,1102.4,Two year,No,No,20.05,54,1082.7,20.414814814814815,Medium Value,,0.0,Low Risk,Low Priority
1320-REHCS,52,110.75,5832.0,Month-to-month,Fiber optic,No,110.75,52,5759.0,112.15384615384616,High Value,,0.0,Low Risk,High Value Customer
4137-JOPHL,50,89.7,4304.5,Two year,Fiber optic,No,89.7,50,4485.0,86.09,High Value,No,0.085,Low Risk,High Value Customer
9436-ZBZCT,14,89.95,1178.4,Month-to-month,Fiber optic,Yes,89.95,14,1259.3,84.17142857142858,Medium Value,,0.0,Low Risk,Low Priority
7801-CEDNV,27,48.7,1421.75,One year,DSL,No,48.7,27,1314.9,52.657407407407405,Medium Value,,0.0,Low Risk,Low Priority
2057-BOYKM,72,96.6,6827.5,Two year,Fiber optic,No,96.6,72,6955.2,94.82638888888889,Very High Value,,0.0,Low Risk,VIP Customer
3658-QQJYD,62,74.3,4698.05,One year,DSL,No,74.3,62,4606.599999999999,75.775,High Value,,0.0,Low Risk,High Value Customer
1803-BGNBD,12,54.3,654.5,Month-to-month,DSL,No,54.3,12,651.5999999999999,54.54166666666666,Low Value,,0.0,Low Risk,Low Priority
0134-XWXCE,44,74.85,3268.05,One year,DSL,No,74.85,44,3293.4,74.27386363636364,High Value,No,0.08,Low Risk,High Value Customer
6950-TWMYB,54,79.95,4362.05,Two year,Fiber optic,No,79.95,54,4317.3,80.77870370370371,High Value,,0.0,Low Risk,High Value Customer
5848-FHRFC,68,20.05,1386.9,Two year,No,No,20.05,68,1363.4,20.39558823529412,Medium Value,,0.0,Low Risk,Low Priority
2243-FNMMI,20,19.4,415.4,Month-to-month,No,No,19.4,20,388.0,20.77,Low Value,,0.0,Low Risk,Low Priority
2511-MORQY,50,54.9,2614.1,One year,DSL,No,54.9,50,2745.0,52.282,Medium Value,No,0.075,Low Risk,Low Priority
5356-KZCKT,58,24.45,1513.6,Two year,No,No,24.45,58,1418.1,26.096551724137928,Medium Value,,0.0,Low Risk,Low Priority
9470-XCCEM,35,89.65,3161.6,Month-to-month,Fiber optic,No,89.65,35,3137.75,90.33142857142856,High Value,,0.0,Low Risk,High Value Customer
6519-CFDBX,2,45.4,80.95,Month-to-month,DSL,No,45.4,2,90.8,40.475,Low Value,,0.0,Low Risk,Low Priority
3902-MIVLE,63,75.7,4676.7,Two year,DSL,No,75.7,63,4769.1,74.23333333333333,High Value,,0.0,Low Risk,High Value Customer
0409-WTMPL,58,110.65,6526.65,One year,Fiber optic,No,110.65,58,6417.700000000001,112.52844827586206,Very High Value,,0.0,Low Risk,VIP Customer
8763-KIAFH,27,20.55,583.3,One year,No,No,20.55,27,554.85,21.6037037037037,Low Value,No,0.035,Low Risk,Low Priority
3669-WHAFY,71,115.15,8078.1,Two year,Fiber optic,No,115.15,71,8175.650000000001,113.77605633802816,Very High Value,,0.0,Low Risk,VIP Customer
3055-VTCGS,63,58.55,3503.5,One year,DSL,No,58.55,63,3688.65,55.61111111111112,High Value,No,0.105,Low Risk,High Value Customer
3144-KMTWZ,71,93.25,6669.45,Month-to-month,Fiber optic,No,93.25,71,6620.75,93.93591549295776,Very High Value,,0.0,Low Risk,VIP Customer
7279-BUYWN,41,113.2,4689.5,Month-to-month,Fiber optic,Yes,113.2,41,4641.2,114.3780487804878,High Value,No,0.33,Low Risk,High Value Customer
7156-MHUGY,13,90.5,1201.15,Month-to-month,Fiber optic,Yes,90.5,13,1176.5,92.39615384615384,Medium Value,,0.0,Low Risk,Low Priority
7198-GLXTC,2,79.0,143.65,Month-to-month,Fiber optic,Yes,79.0,2,158.0,71.825,Low Value,Yes,0.78,High Risk,Churn Risk
2007-QVGAW,68,19.35,1292.65,Two year,No,No,19.35,68,1315.8000000000002,19.009558823529414,Medium Value,,0.0,Low Risk,Low Priority
5207-PLSTK,1,48.75,48.75,Month-to-month,DSL,No,48.75,1,48.75,48.75,Low Value,Yes,0.525,Medium Risk,Monitor
2307-FYNNL,65,109.05,7108.2,Two year,Fiber optic,No,109.05,65,7088.25,109.35692307692308,Very High Value,No,0.24,Low Risk,VIP Customer
5605-XNWEN,72,25.0,1802.55,Two year,No,No,25.0,72,1800.0,25.035416666666663,Medium Value,,0.0,Low Risk,Low Priority
2155-AMQRX,28,54.9,1505.15,Month-to-month,DSL,No,54.9,28,1537.2,53.75535714285714,Medium Value,No,0.155,Low Risk,Low Priority
6181-AXXYF,72,24.75,1859.1,Two year,No,No,24.75,72,1782.0,25.820833333333333,Medium Value,,0.0,Low Risk,Low Priority
5091-HFAZW,2,91.15,168.5,Month-to-month,Fiber optic,No,91.15,2,182.3,84.25,Low Value,,0.0,Low Risk,Low Priority
0516-VRYBW,18,20.15,390.85,One year,No,Yes,20.15,18,362.7,21.71388888888889,Low Value,,0.0,Low Risk,Low Priority
2519-LBNQL,60,104.35,6339.45,One year,Fiber optic,No,104.35,60,6261.0,105.6575,Very High Value,,0.0,Low Risk,VIP Customer
8623-ULFNQ,26,66.05,1652.4,Month-to-month,DSL,No,66.05,26,1717.3,63.55384615384616,Medium Value,No,0.3,Low Risk,Low Priority
8380-PEFPE,1,71.65,71.65,Month-to-month,Fiber optic,Yes,71.65,1,71.65,71.65,Low Value,Yes,0.885,High Risk,Churn Risk
5687-DKDTV,4,20.35,77.5,Month-to-month,No,Yes,20.35,4,81.4,19.375,Low Value,,0.0,Low Risk,Low Priority
1568-LJSZU,68,92.2,6392.85,Two year,DSL,No,92.2,68,6269.6,94.0125,Very High Value,,0.0,Low Risk,VIP Customer
7530-HDYDS,38,84.25,3264.5,Month-to-month,Fiber optic,Yes,84.25,38,3201.5,85.90789473684211,High Value,,0.0,Low Risk,High Value Customer
7789-HKSBS,42,105.2,4599.15,One year,Fiber optic,No,105.2,42,4418.400000000001,109.50357142857142,High Value,,0.0,Low Risk,High Value Customer
7416-CKTEP,57,19.6,1134.25,Two year,No,No,19.6,57,1117.2,19.899122807017545,Medium Value,,0.0,Low Risk,Low Priority
2586-CWXVV,54,30.4,1621.35,Month-to-month,DSL,No,30.4,54,1641.6,30.025,Medium Value,,0.0,Low Risk,Low Priority
3096-IZETN,12,78.1,947.3,Month-to-month,Fiber optic,Yes,78.1,12,937.2,78.94166666666666,Low Value,,0.0,Low Risk,Low Priority
2348-KCJLT,44,61.5,2722.2,One year,DSL,No,61.5,44,2706.0,61.86818181818182,Medium Value,,0.0,Low Risk,Low Priority
8401-EMUWF,42,69.4,3058.3,Month-to-month,DSL,No,69.4,42,2914.8,72.81666666666668,Medium Value,No,0.09,Low Risk,Low Priority
4193-IBKSW,72,24.75,1769.6,Two year,No,No,24.75,72,1782.0,24.577777777777776,Medium Value,,0.0,Low Risk,Low Priority
5377-NDTOU,71,91.05,6293.75,Two year,DSL,No,91.05,71,6464.55,88.6443661971831,Very High Value,,0.0,Low Risk,VIP Customer
5922-ABDVO,19,89.65,1761.05,Month-to-month,Fiber optic,Yes,89.65,19,1703.35,92.68684210526315,Medium Value,,0.0,Low Risk,Low Priority
2474-LCNUE,23,73.65,1642.75,Month-to-month,DSL,No,73.65,23,1693.95,71.42391304347827,Medium Value,,0.0,Low Risk,Low Priority
0839-QNXME,30,19.4,578.5,Two year,No,No,19.4,30,582.0,19.28333333333333,Low Value,,0.0,Low Risk,Low Priority
3506-OVLKD,35,26.2,954.9,One year,No,No,26.2,35,917.0,27.282857142857143,Low Value,No,0.085,Low Risk,Low Priority
9172-ANCRX,10,98.7,973.25,Month-to-month,Fiber optic,Yes,98.7,10,987.0,97.325,Low Value,,0.0,Low Risk,Low Priority
6650-VJONK,1,43.85,43.85,Month-to-month,DSL,No,43.85,1,43.85,43.85,Low Value,,0.0,Low Risk,Low Priority
2178-PMGCJ,22,69.7,1490.4,Month-to-month,Fiber optic,No,69.7,22,1533.4,67.74545454545455,Medium Value,No,0.27,Low Risk,Low Priority
7492-TAFJD,7,38.55,280.0,Two year,DSL,No,38.55,7,269.85,40.0,Low Value,No,0.11,Low Risk,Low Priority
2773-MADBQ,36,53.1,1901.25,Two year,DSL,No,53.1,36,1911.6,52.8125,Medium Value,,0.0,Low Risk,Low Priority
6016-LVTJQ,34,20.65,716.4,Month-to-month,No,No,20.65,34,702.0999999999999,21.07058823529412,Low Value,,0.0,Low Risk,Low Priority
7860-KSUGX,72,64.45,4720.0,Two year,DSL,No,64.45,72,4640.400000000001,65.55555555555556,High Value,,0.0,Low Risk,High Value Customer
8966-KZXXA,36,25.1,930.95,Two year,No,No,25.1,36,903.6,25.859722222222224,Low Value,,0.0,Low Risk,Low Priority
6910-HADCM,1,76.35,76.35,Month-to-month,Fiber optic,Yes,76.35,1,76.35,76.35,Low Value,Yes,0.605,Medium Risk,Monitor
4816-LXZYW,23,79.15,1676.95,Month-to-month,Fiber optic,Yes,79.15,23,1820.45,72.9108695652174,Medium Value,,0.0,Low Risk,Low Priority
9606-PBKBQ,32,85.0,2642.05,Month-to-month,Fiber optic,Yes,85.0,32,2720.0,82.5640625,Medium Value,,0.0,Low Risk,Low Priority
5149-QYTTU,71,95.15,6770.85,One year,Fiber optic,No,95.15,71,6755.650000000001,95.36408450704226,Very High Value,,0.0,Low Risk,VIP Customer
2070-XYMFH,23,79.35,1835.3,Month-to-month,Fiber optic,No,79.35,23,1825.05,79.79565217391304,Medium Value,,0.0,Low Risk,Low Priority
2085-BOJKI,17,96.65,1588.25,One year,Fiber optic,No,96.65,17,1643.0500000000002,93.42647058823528,Medium Value,,0.0,Low Risk,Low Priority
0817-HSUSE,1,75.5,75.5,Month-to-month,DSL,No,75.5,1,75.5,75.5,Low Value,,0.0,Low Risk,Low Priority
5442-PPTJY,12,19.7,258.35,Two year,No,No,19.7,12,236.4,21.52916666666667,Low Value,,0.0,Low Risk,Low Priority
1927-QEWMY,72,20.5,1502.25,Two year,No,No,20.5,72,1476.0,20.86458333333333,Medium Value,No,0.0,Low Risk,Low Priority
1663-MHLHE,1,19.2,19.2,Month-to-month,No,No,19.2,1,19.2,19.2,Low Value,,0.0,Low Risk,Low Priority
5663-QBGIS,72,98.35,6929.4,Two year,Fiber optic,No,98.35,72,7081.2,96.24166666666666,Very High Value,,0.0,Low Risk,VIP Customer
4450-MDZFX,60,74.35,4453.3,Month-to-month,Fiber optic,No,74.35,60,4461.0,74.22166666666666,High Value,,0.0,Low Risk,High Value Customer
6701-DHKWQ,61,51.35,3244.4,Two year,DSL,No,51.35,61,3132.35,53.18688524590164,High Value,,0.0,Low Risk,High Value Customer
7554-AKDQF,6,45.65,323.45,Month-to-month,DSL,No,45.65,6,273.9,53.90833333333333,Low Value,,0.0,Low Risk,Low Priority
3536-IQCTX,32,85.3,2661.1,Month-to-month,Fiber optic,Yes,85.3,32,2729.6,83.159375,Medium Value,,0.0,Low Risk,Low Priority
4911-BANWH,31,86.55,2697.4,Month-to-month,Fiber optic,Yes,86.55,31,2683.05,87.01290322580645,Medium Value,,0.0,Low Risk,Low Priority
8496-EJAUI,19,73.85,1424.5,Month-to-month,Fiber optic,Yes,73.85,19,1403.15,74.97368421052632,Medium Value,,0.0,Low Risk,Low Priority
0794-YVSGE,72,20.3,1401.15,Two year,No,No,20.3,72,1461.6,19.460416666666667,Medium Value,No,0.0,Low Risk,Low Priority
5423-BHIXO,32,54.2,1739.6,Month-to-month,DSL,No,54.2,32,1734.4,54.3625,Medium Value,,0.0,Low Risk,Low Priority
6908-VVYHM,65,90.65,5931.0,Month-to-month,Fiber optic,No,90.65,65,5892.25,91.24615384615385,High Value,,0.0,Low Risk,High Value Customer
2959-EEXWB,45,50.9,2333.85,Month-to-month,DSL,No,50.9,45,2290.5,51.86333333333333,Medium Value,,0.0,Low Risk,Low Priority
1839-UMACK,42,25.05,949.85,One year,No,No,25.05,42,1052.1,22.61547619047619,Medium Value,,0.0,Low Risk,Low Priority
3030-YDNRM,8,74.85,572.45,Month-to-month,Fiber optic,No,74.85,8,598.8,71.55625,Low Value,Yes,0.665,Medium Risk,Monitor
7321-KKSDU,32,20.5,696.8,Two year,No,No,20.5,32,656.0,21.775,Low Value,,0.0,Low Risk,Low Priority
3402-XRIUO,22,63.55,1381.8,Month-to-month,DSL,No,63.55,22,1398.1,62.809090909090905,Medium Value,,0.0,Low Risk,Low Priority
3132-TVFDZ,57,44.85,2572.95,Month-to-month,DSL,Yes,44.85,57,2556.4500000000003,45.13947368421052,Medium Value,,0.0,Low Risk,Low Priority
8286-AFUYI,1,47.95,47.95,Month-to-month,DSL,No,47.95,1,47.95,47.95,Low Value,,0.0,Low Risk,Low Priority
8080-DDEMJ,1,45.1,45.1,Month-to-month,DSL,Yes,45.1,1,45.1,45.1,Low Value,Yes,0.535,Medium Risk,Monitor
8356-WUAOJ,1,45.0,45.0,Month-to-month,DSL,No,45.0,1,45.0,45.0,Low Value,,0.0,Low Risk,Low Priority
6365-MTGZX,24,96.0,2122.45,Month-to-month,Fiber optic,Yes,96.0,24,2304.0,88.43541666666665,Medium Value,,0.0,Low Risk,Low Priority
1349-WXNGG,1,20.05,20.05,Month-to-month,No,Yes,20.05,1,20.05,20.05,Low Value,,0.0,Low Risk,Low Priority
8058-DMYRU,54,90.05,4931.8,Month-to-month,Fiber optic,No,90.05,54,4862.7,91.32962962962964,High Value,No,0.41,Medium Risk,High Value Customer
9350-ZXYJC,4,25.3,116.95,Two year,No,No,25.3,4,101.2,29.2375,Low Value,,0.0,Low Risk,Low Priority
6990-YNRIO,65,108.65,6937.95,Two year,Fiber optic,Yes,108.65,65,7062.25,106.7376923076923,Very High Value,,0.0,Low Risk,VIP Customer
8958-JPTRR,56,24.3,1261.7,One year,No,No,24.3,56,1360.8,22.530357142857145,Medium Value,,0.0,Low Risk,Low Priority
6959-GQEGV,45,75.95,3273.8,Month-to-month,DSL,No,75.95,45,3417.75,72.75111111111111,High Value,,0.0,Low Risk,High Value Customer
3173-WSSUE,71,19.7,1415.85,Two year,No,No,19.7,71,1398.7,19.94154929577465,Medium Value,,0.0,Low Risk,Low Priority
1265-HVPZB,59,66.4,3958.2,One year,DSL,No,66.4,59,3917.6,67.08813559322033,High Value,No,0.165,Low Risk,High Value Customer
4115-UMJFQ,69,35.75,2492.25,One year,DSL,No,35.75,69,2466.75,36.119565217391305,Medium Value,,0.0,Low Risk,Low Priority
7369-TRPFD,19,18.8,279.2,One year,No,No,18.8,19,357.2,14.694736842105264,Low Value,No,0.01,Low Risk,Low Priority
1098-KFQEC,55,19.4,1083.0,Two year,No,No,19.4,55,1067.0,19.69090909090909,Medium Value,,0.0,Low Risk,Low Priority
7190-XHTWJ,38,19.3,755.5,One year,No,No,19.3,38,733.4,19.88157894736842,Low Value,,0.0,Low Risk,Low Priority
0621-TWIEM,10,45.55,402.6,Month-to-month,DSL,Yes,45.55,10,455.5,40.260000000000005,Low Value,,0.0,Low Risk,Low Priority
3537-RYBHH,47,67.45,3252.0,Month-to-month,DSL,No,67.45,47,3170.15,69.19148936170212,High Value,,0.0,Low Risk,High Value Customer
2485-ITVKB,2,35.1,68.75,Month-to-month,DSL,Yes,35.1,2,70.2,34.375,Low Value,Yes,0.68,Medium Risk,Monitor
3669-OYSJI,1,46.2,46.2,Month-to-month,DSL,Yes,46.2,1,46.2,46.2,Low Value,,0.0,Low Risk,Low Priority
1612-EOHDH,1,45.15,45.15,Month-to-month,DSL,Yes,45.15,1,45.15,45.15,Low Value,,0.0,Low Risk,Low Priority
6702-OHFWR,1,43.3,43.3,Month-to-month,DSL,Yes,43.3,1,43.3,43.3,Low Value,,0.0,Low Risk,Low Priority
5296-BFCYD,46,20.1,936.85,Two year,No,No,20.1,46,924.6,20.366304347826087,Low Value,No,0.005,Low Risk,Low Priority
4510-PYUSH,38,57.15,2250.65,Month-to-month,DSL,Yes,57.15,38,2171.7,59.227631578947374,Medium Value,,0.0,Low Risk,Low Priority
9359-JANWS,65,58.9,3857.1,Two year,DSL,No,58.9,65,3828.5,59.34,High Value,,0.0,Low Risk,High Value Customer
7517-SAWMO,19,73.2,1441.1,Month-to-month,Fiber optic,Yes,73.2,19,1390.8,75.84736842105262,Medium Value,,0.0,Low Risk,Low Priority
4143-HHPMK,52,85.35,4338.6,Month-to-month,Fiber optic,Yes,85.35,52,4438.2,83.4346153846154,High Value,,0.0,Low Risk,High Value Customer
3279-DYZQM,71,19.45,1378.45,Two year,No,No,19.45,71,1380.95,19.414788732394367,Medium Value,,0.0,Low Risk,Low Priority
7054-LGEQW,1,45.95,45.95,Month-to-month,DSL,Yes,45.95,1,45.95,45.95,Low Value,No,0.355,Low Risk,Low Priority
0523-VNGTF,52,50.5,2566.3,Month-to-month,DSL,No,50.5,52,2626.0,49.35192307692308,Medium Value,,0.0,Low Risk,Low Priority
9575-IWCAZ,6,25.1,171.0,One year,No,No,25.1,6,150.60000000000002,28.5,Low Value,,0.0,Low Risk,Low Priority
7105-MXJLL,26,60.7,1597.4,One year,DSL,No,60.7,26,1578.2,61.43846153846154,Medium Value,,0.0,Low Risk,Low Priority
7064-FRRSW,48,99.0,4744.35,One year,Fiber optic,No,99.0,48,4752.0,98.840625,High Value,,0.0,Low Risk,High Value Customer
7940-UQQUG,64,104.4,6721.6,One year,Fiber optic,No,104.4,64,6681.6,105.025,Very High Value,,0.0,Low Risk,VIP Customer
0923-PNFUB,3,83.75,247.25,Month-to-month,Fiber optic,Yes,83.75,3,251.25,82.41666666666667,Low Value,Yes,0.575,Medium Risk,Monitor
3961-SXAXY,1,44.05,44.05,Month-to-month,DSL,No,44.05,1,44.05,44.05,Low Value,,0.0,Low Risk,Low Priority
7010-BRBUU,72,24.1,1734.65,Two year,No,No,24.1,72,1735.2,24.092361111111117,Medium Value,,0.0,Low Risk,Low Priority
3566-HJGPK,1,45.55,45.55,Month-to-month,DSL,No,45.55,1,45.55,45.55,Low Value,,0.0,Low Risk,Low Priority
3062-ICYZQ,51,93.8,4539.35,Month-to-month,Fiber optic,No,93.8,51,4783.8,89.00686274509805,High Value,,0.0,Low Risk,High Value Customer
9938-PRCVK,41,19.7,804.25,Two year,No,No,19.7,41,807.6999999999999,19.615853658536587,Low Value,,0.0,Low Risk,Low Priority
0973-KYVNF,72,70.65,5011.15,Two year,DSL,No,70.65,72,5086.8,69.59930555555555,High Value,,0.0,Low Risk,High Value Customer
5129-HHMZC,43,86.45,3574.5,Two year,DSL,No,86.45,43,3717.35,83.12790697674419,High Value,,0.0,Low Risk,High Value Customer
9637-CDTKZ,72,114.1,8086.4,Two year,Fiber optic,No,114.1,72,8215.199999999999,112.3111111111111,Very High Value,No,0.015,Low Risk,VIP Customer
3946-JEWRQ,47,95.2,4563.0,One year,Fiber optic,No,95.2,47,4474.400000000001,97.08510638297872,High Value,,0.0,Low Risk,High Value Customer
7873-CVMAW,72,88.55,6362.35,Two year,DSL,No,88.55,72,6375.599999999999,88.36597222222223,Very High Value,,0.0,Low Risk,VIP Customer
0463-WZZKO,3,20.75,67.1,Month-to-month,No,No,20.75,3,62.25,22.366666666666664,Low Value,No,0.18,Low Risk,Low Priority
3494-JCHRQ,1,70.05,70.05,Month-to-month,Fiber optic,Yes,70.05,1,70.05,70.05,Low Value,,0.0,Low Risk,Low Priority
6474-FVJLC,2,86.0,165.45,Month-to-month,Fiber optic,Yes,86.0,2,172.0,82.725,Low Value,,0.0,Low Risk,Low Priority
4524-QCSSM,26,44.65,1156.55,Month-to-month,DSL,No,44.65,26,1160.9,44.482692307692304,Medium Value,No,0.22,Low Risk,Low Priority
5832-EXGTT,29,60.2,1834.15,Month-to-month,DSL,No,60.2,29,1745.8000000000002,63.24655172413794,Medium Value,,0.0,Low Risk,Low Priority
8840-DQLGN,35,100.5,3653.35,Month-to-month,Fiber optic,Yes,100.5,35,3517.5,104.38142857142856,High Value,No,0.175,Low Risk,High Value Customer
2039-JONDJ,27,55.45,1477.65,One year,DSL,No,55.45,27,1497.15,54.72777777777778,Medium Value,,0.0,Low Risk,Low Priority
7217-JYHOQ,24,70.3,1706.45,Month-to-month,DSL,No,70.3,24,1687.1999999999998,71.10208333333334,Medium Value,,0.0,Low Risk,Low Priority
6695-FRVEC,67,60.4,3953.7,Two year,DSL,No,60.4,67,4046.8,59.01044776119403,High Value,,0.0,Low Risk,High Value Customer
4547-LYTDD,16,72.65,1194.3,Month-to-month,Fiber optic,Yes,72.65,16,1162.4,74.64375,Medium Value,No,0.475,Medium Risk,Monitor
9894-QMIMJ,23,55.8,1327.85,One year,DSL,No,55.8,23,1283.4,57.73260869565217,Medium Value,,0.0,Low Risk,Low Priority
8069-YQQAJ,14,31.1,419.7,Month-to-month,DSL,No,31.1,14,435.4,29.978571428571428,Low Value,,0.0,Low Risk,Low Priority
6770-XUAGN,1,21.0,21.0,Month-to-month,No,Yes,21.0,1,21.0,21.0,Low Value,No,0.295,Low Risk,Low Priority
4193-ORFCL,1,45.1,45.1,Month-to-month,DSL,Yes,45.1,1,45.1,45.1,Low Value,,0.0,Low Risk,Low Priority
1636-NTNCO,4,50.95,207.35,Month-to-month,DSL,No,50.95,4,203.8,51.8375,Low Value,,0.0,Low Risk,Low Priority
3466-WAESX,16,69.1,1083.7,Month-to-month,DSL,No,69.1,16,1105.6,67.73125,Medium Value,No,0.25,Low Risk,Low Priority
9281-PKKZE,46,43.95,2007.85,Month-to-month,DSL,No,43.95,46,2021.7,43.64891304347826,Medium Value,,0.0,Low Risk,Low Priority
3638-VBZTA,68,86.5,5882.75,Two year,DSL,No,86.5,68,5882.0,86.51102941176471,High Value,,0.0,Low Risk,High Value Customer
7459-IMVYU,38,69.95,2657.55,Month-to-month,DSL,No,69.95,38,2658.1,69.93552631578947,Medium Value,,0.0,Low Risk,Low Priority
7776-QWNFX,30,50.4,1527.5,Month-to-month,DSL,Yes,50.4,30,1512.0,50.91666666666666,Medium Value,,0.0,Low Risk,Low Priority
6689-TCZHQ,5,78.95,378.4,Month-to-month,Fiber optic,Yes,78.95,5,394.75,75.67999999999999,Low Value,,0.0,Low Risk,Low Priority
8563-OYMQY,17,90.95,1612.2,Month-to-month,Fiber optic,No,90.95,17,1546.15,94.83529411764708,Medium Value,,0.0,Low Risk,Low Priority
0754-EEBDC,4,19.9,76.65,Two year,No,No,19.9,4,79.6,19.1625,Low Value,,0.0,Low Risk,Low Priority
5777-ZPQNC,12,20.15,260.7,One year,No,No,20.15,12,241.8,21.725,Low Value,,0.0,Low Risk,Low Priority
1951-IEYXM,72,90.6,6441.85,Two year,DSL,No,90.6,72,6523.2,89.4701388888889,Very High Value,,0.0,Low Risk,VIP Customer
3318-NMQXL,3,92.0,266.8,Month-to-month,Fiber optic,No,92.0,3,276.0,88.93333333333334,Low Value,,0.0,Low Risk,Low Priority
3143-ILDAL,56,94.45,5124.6,Month-to-month,Fiber optic,Yes,94.45,56,5289.2,91.51071428571429,High Value,,0.0,Low Risk,High Value Customer
1022-RKXDR,41,24.85,962.25,One year,No,No,24.85,41,1018.85,23.46951219512195,Medium Value,,0.0,Low Risk,Low Priority
2361-FJWNO,40,36.0,1382.9,One year,DSL,No,36.0,40,1440.0,34.572500000000005,Medium Value,,0.0,Low Risk,Low Priority
2272-UOINI,7,78.5,571.05,Month-to-month,DSL,No,78.5,7,549.5,81.57857142857142,Low Value,,0.0,Low Risk,Low Priority
8232-UTFOZ,69,19.95,1399.35,Two year,No,No,19.95,69,1376.55,20.28043478260869,Medium Value,,0.0,Low Risk,Low Priority
3750-YHRYO,7,20.65,150.0,One year,No,No,20.65,7,144.54999999999998,21.428571428571427,Low Value,No,0.005,Low Risk,Low Priority
6637-KYRCV,5,30.5,167.2,Month-to-month,DSL,No,30.5,5,152.5,33.44,Low Value,,0.0,Low Risk,Low Priority
5668-MEISB,72,106.1,7657.4,Two year,Fiber optic,No,106.1,72,7639.2,106.35277777777776,Very High Value,,0.0,Low Risk,VIP Customer
0129-QMPDR,44,20.5,865.05,One year,No,No,20.5,44,902.0,19.660227272727276,Low Value,,0.0,Low Risk,Low Priority
7188-CBBBA,65,95.5,6153.85,One year,Fiber optic,No,95.5,65,6207.5,94.6746153846154,Very High Value,,0.0,Low Risk,VIP Customer
5356-CSVSQ,3,64.6,174.2,Month-to-month,DSL,No,64.6,3,193.8,58.06666666666666,Low Value,,0.0,Low Risk,Low Priority
3221-CJMSG,24,51.1,1269.6,Month-to-month,DSL,No,51.1,24,1226.4,52.9,Medium Value,,0.0,Low Risk,Low Priority
4720-VSTSI,44,84.8,3862.55,Month-to-month,Fiber optic,Yes,84.8,44,3731.2,87.78522727272728,High Value,,0.0,Low Risk,High Value Customer
3219-JQRSL,72,89.1,6352.4,Two year,DSL,No,89.1,72,6415.2,88.22777777777777,Very High Value,,0.0,Low Risk,VIP Customer
2801-NISEI,24,54.95,1348.5,Month-to-month,DSL,No,54.95,24,1318.8000000000002,56.1875,Medium Value,,0.0,Low Risk,Low Priority
3946-MHCZW,1,50.9,50.9,Month-to-month,DSL,Yes,50.9,1,50.9,50.9,Low Value,,0.0,Low Risk,Low Priority
4623-ZKHLY,22,20.45,471.55,Month-to-month,No,No,20.45,22,449.9,21.43409090909091,Low Value,,0.0,Low Risk,Low Priority
6732-VAILE,70,85.95,5931.75,Two year,DSL,No,85.95,70,6016.5,84.73928571428571,Very High Value,,0.0,Low Risk,VIP Customer
8201-AAXCB,25,60.35,1404.65,Month-to-month,DSL,No,60.35,25,1508.75,56.18600000000001,Medium Value,,0.0,Low Risk,Low Priority
7696-CFTAT,37,19.8,726.1,Two year,No,No,19.8,37,732.6,19.624324324324323,Low Value,,0.0,Low Risk,Low Priority
1845-CSBRZ,22,85.35,1961.6,Month-to-month,Fiber optic,No,85.35,22,1877.7,89.16363636363636,Medium Value,,0.0,Low Risk,Low Priority
2123-VSCOT,59,72.1,4194.85,Two year,DSL,No,72.1,59,4253.9,71.09915254237289,High Value,,0.0,Low Risk,High Value Customer
6651-AZVTJ,49,99.8,4872.45,Month-to-month,Fiber optic,Yes,99.8,49,4890.2,99.4377551020408,High Value,Yes,0.515,Medium Risk,High Value Customer
4566-GOLUK,47,107.35,5118.95,Month-to-month,Fiber optic,Yes,107.35,47,5045.45,108.91382978723404,High Value,,0.0,Low Risk,High Value Customer
2484-DGXPZ,31,19.55,658.95,Month-to-month,No,Yes,19.55,31,606.0500000000001,21.256451612903227,Low Value,,0.0,Low Risk,Low Priority
2018-QKYGT,1,81.05,81.05,Month-to-month,Fiber optic,No,81.05,1,81.05,81.05,Low Value,,0.0,Low Risk,Low Priority
2792-VPPET,3,20.5,76.95,Month-to-month,No,No,20.5,3,61.5,25.65,Low Value,,0.0,Low Risk,Low Priority
7409-JURKQ,53,111.8,5809.75,One year,Fiber optic,No,111.8,53,5925.4,109.61792452830188,High Value,,0.0,Low Risk,High Value Customer
3247-MHJKM,1,20.2,20.2,Month-to-month,No,No,20.2,1,20.2,20.2,Low Value,,0.0,Low Risk,Low Priority
1964-SVLEA,20,19.7,415.9,One year,No,No,19.7,20,394.0,20.795,Low Value,,0.0,Low Risk,Low Priority
4587-NUKOX,3,79.1,246.5,Month-to-month,Fiber optic,Yes,79.1,3,237.3,82.16666666666667,Low Value,,0.0,Low Risk,Low Priority
7297-DVYGA,51,19.85,996.95,One year,No,No,19.85,51,1012.35,19.54803921568628,Medium Value,,0.0,Low Risk,Low Priority
2239-CGBUZ,51,60.5,3145.15,One year,DSL,No,60.5,51,3085.5,61.66960784313726,High Value,,0.0,Low Risk,High Value Customer
0854-UYHZD,13,19.55,265.3,Two year,No,No,19.55,13,254.15,20.407692307692308,Low Value,,0.0,Low Risk,Low Priority
7243-LCGGZ,1,20.9,20.9,Month-to-month,No,No,20.9,1,20.9,20.9,Low Value,,0.0,Low Risk,Low Priority
8267-KFGYD,1,21.05,21.05,Month-to-month,No,No,21.05,1,21.05,21.05,Low Value,,0.0,Low Risk,Low Priority
4890-VMUAV,63,71.5,4576.3,One year,DSL,No,71.5,63,4504.5,72.63968253968254,High Value,,0.0,Low Risk,High Value Customer
9261-WDCAF,3,54.65,189.1,Month-to-month,DSL,No,54.65,3,163.95,63.03333333333333,Low Value,,0.0,Low Risk,Low Priority
3764-MNMOI,46,19.2,908.15,Two year,No,No,19.2,46,883.1999999999999,19.742391304347827,Low Value,,0.0,Low Risk,Low Priority
7442-YGZFK,1,49.8,49.8,Month-to-month,DSL,No,49.8,1,49.8,49.8,Low Value,,0.0,Low Risk,Low Priority
0420-BWTPW,8,25.5,215.2,Month-to-month,DSL,Yes,25.5,8,204.0,26.9,Low Value,,0.0,Low Risk,Low Priority
8229-BUJHX,71,20.5,1500.95,Two year,No,No,20.5,71,1455.5,21.140140845070423,Medium Value,,0.0,Low Risk,Low Priority
7449-HVPIV,55,90.4,5099.15,Month-to-month,Fiber optic,No,90.4,55,4972.0,92.71181818181816,High Value,,0.0,Low Risk,High Value Customer
5504-WSIUR,70,90.25,6385.95,One year,Fiber optic,No,90.25,70,6317.5,91.22785714285716,Very High Value,,0.0,Low Risk,VIP Customer
8183-ONMXC,2,80.75,159.45,Month-to-month,Fiber optic,Yes,80.75,2,161.5,79.725,Low Value,,0.0,Low Risk,Low Priority
8466-PZBLH,67,104.6,6885.75,Two year,Fiber optic,No,104.6,67,7008.2,102.7723880597015,Very High Value,,0.0,Low Risk,VIP Customer
9614-RMGHA,65,91.85,5940.85,Month-to-month,Fiber optic,Yes,91.85,65,5970.25,91.39769230769232,High Value,,0.0,Low Risk,High Value Customer
8735-IJJEG,14,50.2,668.85,Month-to-month,DSL,No,50.2,14,702.8000000000001,47.775,Low Value,,0.0,Low Risk,Low Priority
0564-MUUQK,20,95.5,1916.2,Month-to-month,Fiber optic,No,95.5,20,1910.0,95.81,Medium Value,,0.0,Low Risk,Low Priority
5054-IEXZT,1,75.35,75.35,Month-to-month,Fiber optic,Yes,75.35,1,75.35,75.35,Low Value,,0.0,Low Risk,Low Priority
5834-ASPWA,1,75.45,75.45,Month-to-month,Fiber optic,Yes,75.45,1,75.45,75.45,Low Value,,0.0,Low Risk,Low Priority
0701-RFGFI,49,95.4,4613.95,Month-to-month,Fiber optic,No,95.4,49,4674.6,94.16224489795918,High Value,,0.0,Low Risk,High Value Customer
0019-EFAEP,72,101.3,7261.25,Two year,Fiber optic,No,101.3,72,7293.599999999999,100.85069444444444,Very High Value,No,0.055,Low Risk,VIP Customer
5619-PTMIK,46,53.1,2459.8,Month-to-month,DSL,No,53.1,46,2442.6,53.47391304347826,Medium Value,,0.0,Low Risk,Low Priority
3737-XBQDD,24,84.85,2048.8,Month-to-month,Fiber optic,No,84.85,24,2036.4,85.36666666666667,Medium Value,,0.0,Low Risk,Low Priority
5882-CMAZQ,5,34.25,163.55,Month-to-month,DSL,No,34.25,5,171.25,32.71,Low Value,,0.0,Low Risk,Low Priority
5846-QFDFI,33,88.6,2888.7,Month-to-month,Fiber optic,No,88.6,33,2923.8,87.53636363636363,Medium Value,,0.0,Low Risk,Low Priority
4445-KWOKW,42,60.15,2421.6,One year,DSL,No,60.15,42,2526.3,57.65714285714286,Medium Value,,0.0,Low Risk,Low Priority
3511-APPBJ,23,99.95,2292.75,One year,Fiber optic,No,99.95,23,2298.85,99.68478260869566,Medium Value,,0.0,Low Risk,Low Priority
7967-HYCDE,8,70.7,553.4,Month-to-month,Fiber optic,No,70.7,8,565.6,69.175,Low Value,,0.0,Low Risk,Low Priority
2430-RRYUW,66,54.8,3465.7,One year,DSL,No,54.8,66,3616.8,52.51060606060606,High Value,,0.0,Low Risk,High Value Customer
3948-XHGNA,24,49.55,1210.4,Month-to-month,DSL,Yes,49.55,24,1189.1999999999998,50.43333333333334,Medium Value,,0.0,Low Risk,Low Priority
3723-BFBGR,24,54.8,1291.3,Month-to-month,DSL,No,54.8,24,1315.1999999999998,53.80416666666667,Medium Value,,0.0,Low Risk,Low Priority
0565-IYCGT,69,78.6,5356.45,One year,DSL,Yes,78.6,69,5423.4,77.62971014492753,High Value,,0.0,Low Risk,High Value Customer
5447-WZAFP,53,100.3,5200.8,One year,Fiber optic,No,100.3,53,5315.9,98.12830188679246,High Value,,0.0,Low Risk,High Value Customer
5110-CHOPY,60,53.6,3237.05,Two year,DSL,No,53.6,60,3216.0,53.950833333333335,High Value,,0.0,Low Risk,High Value Customer
5445-UTODQ,7,81.1,576.65,Month-to-month,Fiber optic,Yes,81.1,7,567.6999999999999,82.37857142857142,Low Value,,0.0,Low Risk,Low Priority
4425-OWHWB,20,19.35,433.75,One year,No,No,19.35,20,387.0,21.6875,Low Value,,0.0,Low Risk,Low Priority
7892-QVYKW,23,85.6,1868.4,Month-to-month,Fiber optic,No,85.6,23,1968.8,81.23478260869565,Medium Value,,0.0,Low Risk,Low Priority
9675-ICXCT,72,80.8,5728.55,Two year,DSL,No,80.8,72,5817.599999999999,79.56319444444445,High Value,,0.0,Low Risk,High Value Customer
1024-VRZHF,11,74.95,825.7,Month-to-month,Fiber optic,Yes,74.95,11,824.45,75.06363636363636,Low Value,,0.0,Low Risk,Low Priority
4703-MQYKT,21,19.6,390.4,Two year,No,No,19.6,21,411.6,18.59047619047619,Low Value,No,0.0,Low Risk,Low Priority
9497-QCMMS,1,93.55,93.55,Month-to-month,Fiber optic,Yes,93.55,1,93.55,93.55,Low Value,,0.0,Low Risk,Low Priority
5692-ICXLW,31,90.7,2845.15,Month-to-month,Fiber optic,No,90.7,31,2811.7000000000003,91.77903225806452,Medium Value,,0.0,Low Risk,Low Priority
0602-DDUML,57,69.75,3894.4,Two year,DSL,No,69.75,57,3975.75,68.32280701754387,High Value,,0.0,Low Risk,High Value Customer
2208-MPXIO,45,20.0,886.4,Two year,No,No,20.0,45,900.0,19.697777777777777,Low Value,,0.0,Low Risk,Low Priority
1960-UYCNN,10,95.25,1021.55,Month-to-month,Fiber optic,No,95.25,10,952.5,102.155,Low Value,,0.0,Low Risk,Low Priority
0348-SDKOL,58,102.1,5885.4,Month-to-month,Fiber optic,Yes,102.1,58,5921.799999999999,101.47241379310344,High Value,,0.0,Low Risk,High Value Customer
3190-FZATL,14,19.95,268.4,Month-to-month,No,No,19.95,14,279.3,19.17142857142857,Low Value,,0.0,Low Risk,Low Priority
7336-RLLRH,27,80.85,2204.35,One year,DSL,No,80.85,27,2182.95,81.64259259259259,Medium Value,,0.0,Low Risk,Low Priority
4373-MAVJG,14,90.9,1259.0,Month-to-month,Fiber optic,Yes,90.9,14,1272.6,89.92857142857143,Medium Value,,0.0,Low Risk,Low Priority
8901-HJXTF,12,29.2,309.1,Month-to-month,DSL,Yes,29.2,12,350.4,25.758333333333336,Low Value,,0.0,Low Risk,Low Priority
7710-JSYOA,69,93.3,6398.05,Two year,Fiber optic,No,93.3,69,6437.7,92.72536231884058,Very High Value,,0.0,Low Risk,VIP Customer
5419-KLXBN,25,89.15,2257.75,Month-to-month,Fiber optic,Yes,89.15,25,2228.75,90.31,Medium Value,No,0.38,Low Risk,Low Priority
3424-NMNBO,58,108.85,6287.25,One year,Fiber optic,Yes,108.85,58,6313.299999999999,108.40086206896552,Very High Value,,0.0,Low Risk,VIP Customer
9885-MFVSU,35,46.35,1662.05,Two year,DSL,No,46.35,35,1622.25,47.48714285714286,Medium Value,,0.0,Low Risk,Low Priority
4514-GFCFI,16,84.75,1350.15,Month-to-month,Fiber optic,Yes,84.75,16,1356.0,84.384375,Medium Value,,0.0,Low Risk,Low Priority
0607-MVMGC,45,78.75,3600.65,One year,DSL,No,78.75,45,3543.75,80.01444444444445,High Value,,0.0,Low Risk,High Value Customer
3365-SAIGS,17,83.55,1329.15,Month-to-month,Fiber optic,No,83.55,17,1420.35,78.18529411764706,Medium Value,Yes,0.54,Medium Risk,Monitor
9828-AOQLM,1,45.7,45.7,Month-to-month,DSL,Yes,45.7,1,45.7,45.7,Low Value,,0.0,Low Risk,Low Priority
8022-BECSI,22,19.6,422.5,One year,No,No,19.6,22,431.2000000000001,19.204545454545453,Low Value,,0.0,Low Risk,Low Priority
8000-REIQB,1,69.95,69.95,Month-to-month,Fiber optic,Yes,69.95,1,69.95,69.95,Low Value,,0.0,Low Risk,Low Priority
9993-LHIEB,67,67.85,4627.65,Two year,DSL,No,67.85,67,4545.95,69.06940298507462,High Value,,0.0,Low Risk,High Value Customer
0266-CLZKZ,67,105.65,6717.9,Two year,Fiber optic,No,105.65,67,7078.55,100.26716417910448,Very High Value,,0.0,Low Risk,VIP Customer
7615-ESMYF,2,44.6,97.1,Month-to-month,DSL,Yes,44.6,2,89.2,48.55,Low Value,,0.0,Low Risk,Low Priority
3858-VOBET,23,74.95,1710.45,Month-to-month,Fiber optic,Yes,74.95,23,1723.85,74.36739130434783,Medium Value,Yes,0.53,Medium Risk,Monitor
7020-OZKXZ,9,75.5,637.4,Month-to-month,Fiber optic,No,75.5,9,679.5,70.82222222222222,Low Value,,0.0,Low Risk,Low Priority
3977-QCRSL,5,20.15,117.95,Month-to-month,No,No,20.15,5,100.75,23.59,Low Value,,0.0,Low Risk,Low Priority
0017-DINOC,54,45.2,2460.55,Two year,DSL,No,45.2,54,2440.8,45.56574074074074,Medium Value,,0.0,Low Risk,Low Priority
1447-PJGGA,57,95.25,5464.65,Two year,Fiber optic,Yes,95.25,57,5429.25,95.87105263157896,High Value,,0.0,Low Risk,High Value Customer
8565-CLBZW,24,89.85,2165.05,Month-to-month,Fiber optic,Yes,89.85,24,2156.4,90.21041666666667,Medium Value,,0.0,Low Risk,Low Priority
9139-WQQDY,49,100.45,4941.8,One year,Fiber optic,Yes,100.45,49,4922.05,100.8530612244898,High Value,No,0.155,Low Risk,High Value Customer
0224-HJAPT,5,47.15,223.15,Month-to-month,DSL,Yes,47.15,5,235.75,44.63,Low Value,,0.0,Low Risk,Low Priority
8086-OVPWV,2,80.2,181.1,Month-to-month,Fiber optic,Yes,80.2,2,160.4,90.55,Low Value,,0.0,Low Risk,Low Priority
9430-FRQOC,4,87.1,341.45,Month-to-month,Fiber optic,Yes,87.1,4,348.4,85.3625,Low Value,,0.0,Low Risk,Low Priority
7639-OPLNG,70,79.25,5731.85,Two year,DSL,No,79.25,70,5547.5,81.88357142857143,High Value,,0.0,Low Risk,High Value Customer
3074-GQWYX,5,75.9,357.75,Month-to-month,Fiber optic,Yes,75.9,5,379.5,71.55,Low Value,,0.0,Low Risk,Low Priority
1492-QGCLU,53,85.7,4616.1,Month-to-month,DSL,No,85.7,53,4542.1,87.09622641509435,High Value,No,0.125,Low Risk,High Value Customer
6845-RGTYS,47,98.75,4533.7,Month-to-month,Fiber optic,Yes,98.75,47,4641.25,96.46170212765956,High Value,No,0.325,Low Risk,High Value Customer
7328-OWMOM,31,20.1,589.25,One year,No,No,20.1,31,623.1,19.008064516129032,Low Value,,0.0,Low Risk,Low Priority
4418-LZMSV,13,61.8,750.1,Month-to-month,DSL,No,61.8,13,803.4,57.7,Low Value,,0.0,Low Risk,Low Priority
5155-AZQPB,28,49.9,1410.25,Month-to-month,DSL,No,49.9,28,1397.2,50.36607142857143,Medium Value,No,0.13,Low Risk,Low Priority
8861-HGGKB,10,86.45,830.85,Month-to-month,Fiber optic,Yes,86.45,10,864.5,83.08500000000001,Low Value,,0.0,Low Risk,Low Priority
1087-GRUYI,38,20.4,743.5,Two year,No,No,20.4,38,775.1999999999999,19.56578947368421,Low Value,,0.0,Low Risk,Low Priority
7065-YUNRY,1,45.3,45.3,Month-to-month,DSL,Yes,45.3,1,45.3,45.3,Low Value,,0.0,Low Risk,Low Priority
7694-VLBWQ,67,104.1,7040.85,One year,Fiber optic,Yes,104.1,67,6974.7,105.08731343283584,Very High Value,,0.0,Low Risk,VIP Customer
2546-KZAAT,52,75.4,3865.45,One year,DSL,No,75.4,52,3920.8,74.33557692307691,High Value,,0.0,Low Risk,High Value Customer
0181-RITDD,62,108.15,6825.65,Two year,Fiber optic,No,108.15,62,6705.3,110.09112903225804,Very High Value,No,0.105,Low Risk,VIP Customer
5989-PGKJB,16,86.25,1340.1,Month-to-month,Fiber optic,No,86.25,16,1380.0,83.75625,Medium Value,,0.0,Low Risk,Low Priority
4795-KTRTH,5,81.0,371.65,Month-to-month,Fiber optic,Yes,81.0,5,405.0,74.33,Low Value,,0.0,Low Risk,Low Priority
8272-ONJLV,12,95.7,1184.0,One year,Fiber optic,No,95.7,12,1148.4,98.66666666666669,Medium Value,,0.0,Low Risk,Low Priority
1488-PBLJN,72,116.85,8477.7,Two year,Fiber optic,No,116.85,72,8413.199999999999,117.74583333333334,Very High Value,,0.0,Low Risk,VIP Customer
0308-GIQJT,71,105.75,7382.85,One year,Fiber optic,No,105.75,71,7508.25,103.98380281690142,Very High Value,,0.0,Low Risk,VIP Customer
3778-FOAQW,24,20.15,456.85,One year,No,No,20.15,24,483.6,19.035416666666663,Low Value,,0.0,Low Risk,Low Priority
4452-ROHMO,15,19.6,331.6,Two year,No,No,19.6,15,294.0,22.10666666666667,Low Value,,0.0,Low Risk,Low Priority
6481-OGDOO,67,90.6,6056.15,One year,Fiber optic,Yes,90.6,67,6070.2,90.39029850746267,Very High Value,,0.0,Low Risk,VIP Customer
3090-LETTY,2,60.95,134.6,Month-to-month,DSL,No,60.95,2,121.9,67.3,Low Value,,0.0,Low Risk,Low Priority
5349-AZPEW,5,25.05,125.5,Month-to-month,DSL,No,25.05,5,125.25,25.1,Low Value,,0.0,Low Risk,Low Priority
3753-TSEMP,15,88.15,1390.6,Month-to-month,Fiber optic,Yes,88.15,15,1322.25,92.70666666666666,Medium Value,,0.0,Low Risk,Low Priority
8305-VHZBZ,1,20.2,20.2,Month-to-month,No,Yes,20.2,1,20.2,20.2,Low Value,,0.0,Low Risk,Low Priority
9720-JJJOR,41,60.3,2511.3,One year,DSL,No,60.3,41,2472.3,61.25121951219513,Medium Value,No,0.06,Low Risk,Low Priority
8100-HZZLJ,43,63.95,2737.05,Month-to-month,DSL,No,63.95,43,2749.85,63.65232558139535,Medium Value,,0.0,Low Risk,Low Priority
8775-ERLNB,1,74.3,74.3,Month-to-month,Fiber optic,No,74.3,1,74.3,74.3,Low Value,Yes,0.75,High Risk,Churn Risk
8309-IEYJD,1,70.6,70.6,Month-to-month,Fiber optic,No,70.6,1,70.6,70.6,Low Value,,0.0,Low Risk,Low Priority
9172-JITSM,26,90.8,2361.8,Month-to-month,Fiber optic,Yes,90.8,26,2360.8,90.83846153846154,Medium Value,,0.0,Low Risk,Low Priority
6298-QDFNH,22,79.35,1730.35,Month-to-month,Fiber optic,Yes,79.35,22,1745.6999999999998,78.65227272727272,Medium Value,,0.0,Low Risk,Low Priority
7398-HPYZQ,71,90.55,6404.0,Two year,DSL,No,90.55,71,6429.05,90.19718309859157,Very High Value,,0.0,Low Risk,VIP Customer
3546-GHEAE,7,19.45,165.35,Two year,No,No,19.45,7,136.15,23.62142857142857,Low Value,,0.0,Low Risk,Low Priority
7361-YPXFS,28,64.45,1867.6,Month-to-month,DSL,No,64.45,28,1804.6,66.7,Medium Value,,0.0,Low Risk,Low Priority
6557-BZXLQ,16,69.65,1043.3,Month-to-month,Fiber optic,No,69.65,16,1114.4,65.20625,Medium Value,No,0.445,Medium Risk,Monitor
2550-QHZGP,7,19.5,128.6,One year,No,No,19.5,7,136.5,18.37142857142857,Low Value,,0.0,Low Risk,Low Priority
7519-JTWQH,69,110.5,7455.45,Two year,Fiber optic,No,110.5,69,7624.5,108.05,Very High Value,,0.0,Low Risk,VIP Customer
2538-OIMXF,1,24.7,24.7,Month-to-month,DSL,No,24.7,1,24.7,24.7,Low Value,,0.0,Low Risk,Low Priority
8543-MSDMF,3,77.4,206.15,Month-to-month,DSL,No,77.4,3,232.2,68.71666666666667,Low Value,,0.0,Low Risk,Low Priority
9961-JBNMK,21,96.8,2030.3,Month-to-month,Fiber optic,Yes,96.8,21,2032.8,96.68095238095238,Medium Value,,0.0,Low Risk,Low Priority
1170-SASML,69,85.4,5869.4,Month-to-month,Fiber optic,No,85.4,69,5892.6,85.06376811594203,High Value,,0.0,Low Risk,High Value Customer
4872-JCVCA,71,47.6,3377.8,Two year,DSL,No,47.6,71,3379.6,47.57464788732395,High Value,,0.0,Low Risk,High Value Customer
5346-BZCHP,69,19.4,1346.2,Two year,No,No,19.4,69,1338.6,19.51014492753623,Medium Value,,0.0,Low Risk,Low Priority
2038-LLMLM,48,103.85,4946.05,Month-to-month,Fiber optic,No,103.85,48,4984.799999999999,103.04270833333334,High Value,,0.0,Low Risk,High Value Customer
6173-ITPWD,47,83.35,4065.0,Month-to-month,Fiber optic,Yes,83.35,47,3917.45,86.48936170212765,High Value,,0.0,Low Risk,High Value Customer
9734-UYXQI,2,49.4,106.55,Month-to-month,DSL,Yes,49.4,2,98.8,53.275,Low Value,,0.0,Low Risk,Low Priority
1216-BGTSP,45,108.45,4964.7,Month-to-month,Fiber optic,No,108.45,45,4880.25,110.32666666666668,High Value,,0.0,Low Risk,High Value Customer
4138-NAXED,51,81.0,4085.75,Month-to-month,Fiber optic,No,81.0,51,4131.0,80.11274509803921,High Value,,0.0,Low Risk,High Value Customer
2189-UXTKY,22,79.2,1742.75,Month-to-month,DSL,Yes,79.2,22,1742.4,79.2159090909091,Medium Value,,0.0,Low Risk,Low Priority
0744-BIKKF,72,86.65,6224.8,Two year,DSL,No,86.65,72,6238.8,86.45555555555556,Very High Value,,0.0,Low Risk,VIP Customer
7483-IQWIB,37,92.95,3415.25,Month-to-month,Fiber optic,No,92.95,37,3439.15,92.30405405405403,High Value,,0.0,Low Risk,High Value Customer
5248-KWLAR,71,90.35,6325.25,Two year,DSL,No,90.35,71,6414.849999999999,89.08802816901408,Very High Value,,0.0,Low Risk,VIP Customer
4958-GZWIY,7,48.7,340.25,Month-to-month,DSL,Yes,48.7,7,340.90000000000003,48.60714285714285,Low Value,,0.0,Low Risk,Low Priority
7996-MHXLW,66,25.15,1683.6,Two year,No,No,25.15,66,1659.9,25.509090909090908,Medium Value,,0.0,Low Risk,Low Priority
7833-PKIHD,51,76.4,3966.3,One year,DSL,No,76.4,51,3896.4,77.77058823529413,High Value,,0.0,Low Risk,High Value Customer
7061-OVMIM,30,19.55,608.5,One year,No,No,19.55,30,586.5,20.28333333333333,Low Value,No,0.055,Low Risk,Low Priority
5153-RTHKF,34,85.35,2896.6,Month-to-month,Fiber optic,No,85.35,34,2901.9,85.19411764705882,Medium Value,,0.0,Low Risk,Low Priority
1852-QSWCD,64,24.8,1514.85,Two year,No,No,24.8,64,1587.2,23.66953125,Medium Value,,0.0,Low Risk,Low Priority
4832-VRBMR,65,103.15,6792.45,One year,Fiber optic,No,103.15,65,6704.75,104.49923076923076,Very High Value,,0.0,Low Risk,VIP Customer
9079-LWTFD,47,100.75,4669.2,Month-to-month,Fiber optic,No,100.75,47,4735.25,99.34468085106384,High Value,,0.0,Low Risk,High Value Customer
6356-ELRKD,1,95.6,95.6,Month-to-month,Fiber optic,Yes,95.6,1,95.6,95.6,Low Value,,0.0,Low Risk,Low Priority
8624-GIOUT,49,59.75,2934.3,Month-to-month,DSL,Yes,59.75,49,2927.75,59.88367346938776,Medium Value,,0.0,Low Risk,Low Priority
3392-EHMNK,67,94.1,6302.8,Two year,Fiber optic,No,94.1,67,6304.7,94.07164179104478,Very High Value,,0.0,Low Risk,VIP Customer
5986-WWXDV,39,19.35,779.2,One year,No,No,19.35,39,754.6500000000001,19.97948717948718,Low Value,,0.0,Low Risk,Low Priority
3061-BCKYI,14,19.9,283.75,Month-to-month,No,No,19.9,14,278.6,20.267857142857142,Low Value,,0.0,Low Risk,Low Priority
6179-GJPSO,43,108.15,4600.7,Month-to-month,Fiber optic,Yes,108.15,43,4650.45,106.99302325581397,High Value,,0.0,Low Risk,High Value Customer
7901-TBKJX,56,101.05,5594.0,Month-to-month,Fiber optic,No,101.05,56,5658.8,99.89285714285714,High Value,,0.0,Low Risk,High Value Customer
7228-PAQPD,14,59.1,772.85,One year,DSL,No,59.1,14,827.4,55.20357142857143,Low Value,,0.0,Low Risk,Low Priority
3177-LASXD,1,71.35,71.35,Month-to-month,Fiber optic,Yes,71.35,1,71.35,71.35,Low Value,,0.0,Low Risk,Low Priority
7746-QYVCO,16,55.85,857.8,One year,DSL,No,55.85,16,893.6,53.6125,Low Value,,0.0,Low Risk,Low Priority
5804-HYIEZ,70,106.05,7554.05,Month-to-month,Fiber optic,No,106.05,70,7423.5,107.915,Very High Value,No,0.165,Low Risk,VIP Customer
9919-FZDED,72,84.1,5981.65,Two year,DSL,No,84.1,72,6055.2,83.07847222222222,Very High Value,No,0.02,Low Risk,VIP Customer
5934-TSSAU,23,75.3,1702.9,Month-to-month,Fiber optic,No,75.3,23,1731.9,74.0391304347826,Medium Value,No,0.255,Low Risk,Low Priority
3486-KHMLI,21,24.7,467.15,Month-to-month,No,No,24.7,21,518.6999999999999,22.245238095238093,Low Value,,0.0,Low Risk,Low Priority
4897-QSUYC,1,20.15,20.15,Month-to-month,No,Yes,20.15,1,20.15,20.15,Low Value,,0.0,Low Risk,Low Priority
1084-UQCHV,1,69.75,69.75,Month-to-month,Fiber optic,Yes,69.75,1,69.75,69.75,Low Value,,0.0,Low Risk,Low Priority
8290-YWKHZ,32,93.2,2931.0,Month-to-month,Fiber optic,Yes,93.2,32,2982.4,91.59375,Medium Value,,0.0,Low Risk,Low Priority
2955-BJZHG,17,80.85,1400.85,Month-to-month,Fiber optic,Yes,80.85,17,1374.4499999999998,82.40294117647058,Medium Value,No,0.48,Medium Risk,Monitor
3806-DXQOM,4,33.65,137.85,Month-to-month,DSL,Yes,33.65,4,134.6,34.4625,Low Value,,0.0,Low Risk,Low Priority
6784-XYJAE,36,55.8,1941.5,One year,DSL,No,55.8,36,2008.8,53.93055555555556,Medium Value,No,0.11,Low Risk,Low Priority
3933-DQPWX,50,39.7,1932.75,Two year,DSL,No,39.7,50,1985.0,38.655,Medium Value,,0.0,Low Risk,Low Priority
6661-EIPZC,48,29.5,1423.05,Month-to-month,DSL,No,29.5,48,1416.0,29.646875,Medium Value,,0.0,Low Risk,Low Priority
8957-THMOA,50,20.15,970.85,Two year,No,No,20.15,50,1007.5,19.417,Medium Value,,0.0,Low Risk,Low Priority
2251-PYLPB,72,79.55,5810.9,Two year,DSL,No,79.55,72,5727.599999999999,80.70694444444445,High Value,,0.0,Low Risk,High Value Customer
5555-RNPGT,10,24.8,223.9,Month-to-month,No,No,24.8,10,248.0,22.39,Low Value,,0.0,Low Risk,Low Priority
1057-FOGLZ,18,19.65,391.7,Month-to-month,No,No,19.65,18,353.7,21.76111111111111,Low Value,,0.0,Low Risk,Low Priority
9300-RENDD,1,79.95,79.95,Month-to-month,Fiber optic,Yes,79.95,1,79.95,79.95,Low Value,,0.0,Low Risk,Low Priority
0761-AETCS,1,19.3,19.3,Month-to-month,No,Yes,19.3,1,19.3,19.3,Low Value,,0.0,Low Risk,Low Priority
8087-LGYHQ,9,94.05,811.65,Month-to-month,Fiber optic,No,94.05,9,846.4499999999999,90.18333333333334,Low Value,,0.0,Low Risk,Low Priority
4137-BTIKL,2,90.75,174.75,Month-to-month,Fiber optic,No,90.75,2,181.5,87.375,Low Value,,0.0,Low Risk,Low Priority
2190-BCXEC,40,78.85,3126.85,Month-to-month,Fiber optic,No,78.85,40,3154.0,78.17125,High Value,No,0.27,Low Risk,High Value Customer
6227-FBDXH,69,99.5,6841.45,One year,Fiber optic,No,99.5,69,6865.5,99.15144927536232,Very High Value,,0.0,Low Risk,VIP Customer
2153-MREFK,37,99.2,3754.6,One year,Fiber optic,Yes,99.2,37,3670.4,101.47567567567567,High Value,,0.0,Low Risk,High Value Customer
2911-WDXMV,18,80.55,1406.65,Month-to-month,Fiber optic,No,80.55,18,1449.9,78.14722222222223,Medium Value,No,0.28,Low Risk,Low Priority
7206-PQBBZ,11,70.2,834.7,Month-to-month,Fiber optic,No,70.2,11,772.2,75.88181818181819,Low Value,,0.0,Low Risk,Low Priority
3106-ULWFW,8,85.2,627.4,Month-to-month,Fiber optic,Yes,85.2,8,681.6,78.425,Low Value,,0.0,Low Risk,Low Priority
0925-VYDLG,3,75.25,242.0,Month-to-month,Fiber optic,Yes,75.25,3,225.75,80.66666666666667,Low Value,,0.0,Low Risk,Low Priority
4547-FZJWE,55,59.45,3157.0,One year,DSL,No,59.45,55,3269.75,57.4,High Value,,0.0,Low Risk,High Value Customer
7422-WNBTY,33,93.35,3092.0,Month-to-month,Fiber optic,No,93.35,33,3080.55,93.6969696969697,High Value,,0.0,Low Risk,High Value Customer
0842-IWYCP,46,44.95,2168.9,Month-to-month,DSL,No,44.95,46,2067.7000000000003,47.15,Medium Value,,0.0,Low Risk,Low Priority
3521-HTQTV,34,26.1,980.35,Two year,No,No,26.1,34,887.4000000000001,28.833823529411767,Low Value,,0.0,Low Risk,Low Priority
3744-ZBHON,3,20.2,65.95,Month-to-month,No,No,20.2,3,60.6,21.98333333333333,Low Value,,0.0,Low Risk,Low Priority
3373-DIUUN,30,21.25,711.9,Two year,No,No,21.25,30,637.5,23.73,Low Value,,0.0,Low Risk,Low Priority
8383-SGHJU,33,59.4,1952.8,One year,DSL,No,59.4,33,1960.2,59.17575757575757,Medium Value,,0.0,Low Risk,Low Priority
7607-QKKTJ,45,95.0,4368.85,One year,Fiber optic,No,95.0,45,4275.0,97.08555555555556,High Value,,0.0,Low Risk,High Value Customer
7707-PYBBH,40,61.9,2647.1,Month-to-month,DSL,No,61.9,40,2476.0,66.1775,Medium Value,,0.0,Low Risk,Low Priority
8984-HPEMB,71,118.65,8477.6,Two year,Fiber optic,No,118.65,71,8424.15,119.40281690140846,Very High Value,,0.0,Low Risk,VIP Customer
4349-GFQHK,1,54.35,54.35,Month-to-month,DSL,Yes,54.35,1,54.35,54.35,Low Value,,0.0,Low Risk,Low Priority
4139-DETXS,72,64.45,4528.0,Two year,DSL,No,64.45,72,4640.400000000001,62.888888888888886,High Value,,0.0,Low Risk,High Value Customer
9779-DPNEJ,22,80.15,1790.65,Month-to-month,Fiber optic,No,80.15,22,1763.3000000000002,81.39318181818182,Medium Value,No,0.43,Medium Risk,Monitor
9805-FILKB,46,20.2,845.6,One year,No,No,20.2,46,929.2,18.382608695652173,Low Value,,0.0,Low Risk,Low Priority
5793-YOLJN,55,21.0,1210.3,Two year,No,No,21.0,55,1155.0,22.005454545454544,Medium Value,,0.0,Low Risk,Low Priority
0673-IGUQO,1,20.45,20.45,Month-to-month,No,No,20.45,1,20.45,20.45,Low Value,,0.0,Low Risk,Low Priority
4123-FCVCB,12,75.85,854.45,One year,DSL,No,75.85,12,910.2,71.20416666666667,Low Value,,0.0,Low Risk,Low Priority
8819-IMISP,31,80.45,2429.1,Month-to-month,Fiber optic,No,80.45,31,2493.9500000000003,78.35806451612903,Medium Value,,0.0,Low Risk,Low Priority
7802-EFKNY,5,24.95,100.4,Month-to-month,DSL,Yes,24.95,5,124.75,20.08,Low Value,,0.0,Low Risk,Low Priority
8311-UEUAB,67,75.5,5229.45,Two year,DSL,No,75.5,67,5058.5,78.05149253731344,High Value,,0.0,Low Risk,High Value Customer
5858-EAFCZ,1,44.45,44.45,Month-to-month,DSL,No,44.45,1,44.45,44.45,Low Value,,0.0,Low Risk,Low Priority
8035-BUYVG,40,42.35,1716.45,One year,DSL,Yes,42.35,40,1694.0,42.91125,Medium Value,,0.0,Low Risk,Low Priority
1163-ONYEY,41,74.55,3023.55,Month-to-month,DSL,No,74.55,41,3056.55,73.74512195121952,High Value,,0.0,Low Risk,High Value Customer
9787-XVQIU,1,75.3,75.3,Month-to-month,Fiber optic,Yes,75.3,1,75.3,75.3,Low Value,,0.0,Low Risk,Low Priority
8945-MUQUF,51,94.8,4837.6,One year,Fiber optic,Yes,94.8,51,4834.8,94.85490196078432,High Value,,0.0,Low Risk,High Value Customer
5656-MJEFC,42,48.15,2032.3,Two year,DSL,No,48.15,42,2022.3,48.38809523809524,Medium Value,,0.0,Low Risk,Low Priority
6082-OQFBA,23,19.65,436.9,One year,No,No,19.65,23,451.95,18.995652173913044,Low Value,,0.0,Low Risk,Low Priority
8051-HJRLT,1,70.55,70.55,Month-to-month,Fiber optic,Yes,70.55,1,70.55,70.55,Low Value,,0.0,Low Risk,Low Priority
8974-OVACP,1,20.15,20.15,Month-to-month,No,No,20.15,1,20.15,20.15,Low Value,,0.0,Low Risk,Low Priority
4010-YLMVT,56,106.6,5893.95,Month-to-month,Fiber optic,No,106.6,56,5969.599999999999,105.24910714285714,High Value,,0.0,Low Risk,High Value Customer
1379-FRVEB,15,91.0,1430.05,Month-to-month,Fiber optic,No,91.0,15,1365.0,95.33666666666666,Medium Value,Yes,0.56,Medium Risk,Monitor
8612-GXIDD,12,25.4,313.0,Two year,No,No,25.4,12,304.79999999999995,26.08333333333333,Low Value,,0.0,Low Risk,Low Priority
6288-CHQJB,54,69.95,3871.85,Two year,DSL,No,69.95,54,3777.3,71.70092592592593,High Value,No,0.02,Low Risk,High Value Customer
8160-HOWOX,7,66.85,458.1,Month-to-month,DSL,No,66.85,7,467.94999999999993,65.44285714285715,Low Value,No,0.38,Low Risk,Low Priority
3023-GFLBR,33,86.15,2745.7,Month-to-month,Fiber optic,Yes,86.15,33,2842.9500000000003,83.2030303030303,Medium Value,,0.0,Low Risk,Low Priority
6648-INWPS,16,20.15,341.35,Month-to-month,No,No,20.15,16,322.4,21.334375,Low Value,,0.0,Low Risk,Low Priority
4223-BKEOR,21,64.85,1336.8,One year,DSL,No,64.85,21,1361.85,63.65714285714286,Medium Value,No,0.06,Low Risk,Low Priority
4079-VTGLK,30,74.85,2181.75,Two year,DSL,No,74.85,30,2245.5,72.725,Medium Value,No,0.195,Low Risk,Low Priority
1763-WQFUK,3,50.5,147.75,Month-to-month,DSL,No,50.5,3,151.5,49.25,Low Value,,0.0,Low Risk,Low Priority
1391-UBDAR,11,72.9,818.45,Month-to-month,Fiber optic,No,72.9,11,801.9000000000001,74.40454545454546,Low Value,,0.0,Low Risk,Low Priority
8894-JVDCV,62,115.05,7133.45,One year,Fiber optic,No,115.05,62,7133.099999999999,115.05564516129031,Very High Value,,0.0,Low Risk,VIP Customer
2023-VQFDL,18,19.0,348.8,Month-to-month,No,No,19.0,18,342.0,19.37777777777778,Low Value,,0.0,Low Risk,Low Priority
1345-GKDZZ,6,19.55,128.6,Month-to-month,No,No,19.55,6,117.3,21.433333333333334,Low Value,,0.0,Low Risk,Low Priority
2014-MKGMH,46,101.1,4674.4,One year,Fiber optic,No,101.1,46,4650.599999999999,101.61739130434782,High Value,,0.0,Low Risk,High Value Customer
5628-FCGYG,21,84.1,1737.45,Month-to-month,Fiber optic,No,84.1,21,1766.1,82.7357142857143,Medium Value,Yes,0.685,Medium Risk,Monitor
2560-WBWXF,68,24.15,1498.85,Two year,No,No,24.15,68,1642.1999999999998,22.04191176470588,Medium Value,,0.0,Low Risk,Low Priority
0248-IPDFW,1,50.1,50.1,Month-to-month,DSL,No,50.1,1,50.1,50.1,Low Value,,0.0,Low Risk,Low Priority
7978-DKUQH,25,74.6,1797.75,Month-to-month,Fiber optic,No,74.6,25,1865.0,71.91,Medium Value,,0.0,Low Risk,Low Priority
4335-UPJSI,24,19.75,498.1,Two year,No,No,19.75,24,474.0,20.754166666666663,Low Value,No,0.03,Low Risk,Low Priority
0524-IAVZO,30,85.0,2624.25,Month-to-month,Fiber optic,Yes,85.0,30,2550.0,87.475,Medium Value,No,0.495,Medium Risk,Monitor
2737-YNGYW,2,80.55,184.1,Month-to-month,Fiber optic,Yes,80.55,2,161.1,92.05,Low Value,Yes,0.89,High Risk,Churn Risk
1784-EZDKJ,51,106.8,5498.8,One year,Fiber optic,No,106.8,51,5446.8,107.81960784313726,High Value,,0.0,Low Risk,High Value Customer
9297-FVVDH,57,84.5,4845.4,Two year,DSL,No,84.5,57,4816.5,85.00701754385965,High Value,,0.0,Low Risk,High Value Customer
8007-YYPWD,15,25.05,369.1,Two year,No,No,25.05,15,375.75,24.60666666666667,Low Value,,0.0,Low Risk,Low Priority
7101-HRBLJ,72,83.7,6096.9,Two year,DSL,No,83.7,72,6026.400000000001,84.67916666666666,Very High Value,,0.0,Low Risk,VIP Customer
5159-YFPKQ,2,75.8,160.75,Month-to-month,Fiber optic,Yes,75.8,2,151.6,80.375,Low Value,Yes,0.715,High Risk,Churn Risk
6635-CPNUN,28,96.6,2684.35,Month-to-month,Fiber optic,No,96.6,28,2704.8,95.86964285714284,Medium Value,,0.0,Low Risk,Low Priority
4021-RQSNY,29,98.5,3004.15,Month-to-month,Fiber optic,Yes,98.5,29,2856.5,103.59137931034483,Medium Value,,0.0,Low Risk,Low Priority
5453-YBTWV,70,101.1,6994.8,Two year,Fiber optic,No,101.1,70,7077.0,99.92571428571428,Very High Value,,0.0,Low Risk,VIP Customer
5039-LZRQT,13,20.2,273.25,One year,No,No,20.2,13,262.6,21.01923076923077,Low Value,,0.0,Low Risk,Low Priority
2931-VUVJN,59,94.05,5483.9,One year,Fiber optic,No,94.05,59,5548.95,92.94745762711864,High Value,,0.0,Low Risk,High Value Customer
9061-TIHDA,13,95.25,1233.65,Month-to-month,Fiber optic,Yes,95.25,13,1238.25,94.89615384615384,Medium Value,,0.0,Low Risk,Low Priority
8699-ASUFO,7,74.4,527.9,Month-to-month,Fiber optic,Yes,74.4,7,520.8000000000001,75.41428571428571,Low Value,Yes,0.695,Medium Risk,Monitor
6418-PIQSP,62,81.0,4985.9,Two year,DSL,No,81.0,62,5022.0,80.41774193548386,High Value,,0.0,Low Risk,High Value Customer
8220-OCUFY,21,60.25,1258.35,One year,DSL,No,60.25,21,1265.25,59.92142857142856,Medium Value,,0.0,Low Risk,Low Priority
3995-WFCSM,2,60.85,111.4,Month-to-month,DSL,No,60.85,2,121.7,55.7,Low Value,,0.0,Low Risk,Low Priority
1895-QTKDO,1,43.95,43.95,Month-to-month,DSL,No,43.95,1,43.95,43.95,Low Value,Yes,0.53,Medium Risk,Monitor
2038-OEQZH,4,86.05,308.1,Month-to-month,Fiber optic,No,86.05,4,344.2,77.025,Low Value,,0.0,Low Risk,Low Priority
1178-PZGAB,19,20.25,383.65,One year,No,No,20.25,19,384.75,20.19210526315789,Low Value,,0.0,Low Risk,Low Priority
7927-AUXBZ,30,85.15,2555.9,Month-to-month,Fiber optic,Yes,85.15,30,2554.5,85.19666666666667,Medium Value,,0.0,Low Risk,Low Priority
2626-VEEWG,67,19.4,1284.2,Two year,No,No,19.4,67,1299.8,19.16716417910448,Medium Value,,0.0,Low Risk,Low Priority
2878-RMWXY,72,102.65,7550.3,Two year,Fiber optic,No,102.65,72,7390.8,104.86527777777778,Very High Value,,0.0,Low Risk,VIP Customer
1657-DYMBM,53,19.9,1110.05,Two year,No,No,19.9,53,1054.6999999999998,20.944339622641508,Medium Value,,0.0,Low Risk,Low Priority
7311-MQJCH,5,19.55,99.6,One year,No,No,19.55,5,97.75,19.92,Low Value,No,0.115,Low Risk,Low Priority
7375-WMVMT,71,95.5,6707.15,Two year,Fiber optic,No,95.5,71,6780.5,94.4669014084507,Very High Value,No,0.085,Low Risk,VIP Customer
1136-XGEQU,50,84.15,4164.4,One year,DSL,No,84.15,50,4207.5,83.288,High Value,No,0.045,Low Risk,High Value Customer
2530-FMFXO,56,103.2,5873.75,Two year,Fiber optic,No,103.2,56,5779.2,104.88839285714286,High Value,,0.0,Low Risk,High Value Customer
6844-DZKRF,2,50.2,109.25,Month-to-month,DSL,No,50.2,2,100.4,54.625,Low Value,,0.0,Low Risk,Low Priority
4695-WJZUE,2,88.55,179.25,Month-to-month,Fiber optic,Yes,88.55,2,177.1,89.625,Low Value,,0.0,Low Risk,Low Priority
7619-ODSGN,24,54.75,1338.15,Month-to-month,DSL,Yes,54.75,24,1314.0,55.75625,Medium Value,,0.0,Low Risk,Low Priority
5970-GHJAW,46,19.95,862.4,Two year,No,No,19.95,46,917.7,18.74782608695652,Low Value,,0.0,Low Risk,Low Priority
8879-XUAHX,71,116.25,8564.75,Two year,Fiber optic,No,116.25,71,8253.75,120.63028169014083,Very High Value,,0.0,Low Risk,VIP Customer
3689-MOZGR,29,31.2,926.2,Month-to-month,DSL,No,31.2,29,904.8,31.93793103448276,Low Value,,0.0,Low Risk,Low Priority
4195-PNGZS,69,24.45,1718.2,Two year,No,No,24.45,69,1687.05,24.90144927536232,Medium Value,,0.0,Low Risk,Low Priority
5003-XZWWO,71,84.2,5956.85,Two year,DSL,No,84.2,71,5978.2,83.8992957746479,High Value,,0.0,Low Risk,High Value Customer
3988-RQIXO,1,91.3,91.3,Month-to-month,Fiber optic,Yes,91.3,1,91.3,91.3,Low Value,,0.0,Low Risk,Low Priority
7622-FWGEW,56,85.65,4824.45,Two year,DSL,No,85.65,56,4796.400000000001,86.15089285714285,High Value,,0.0,Low Risk,High Value Customer
6922-NCEDI,56,21.2,1238.65,One year,No,No,21.2,56,1187.2,22.11875,Medium Value,,0.0,Low Risk,Low Priority
2514-GINMM,1,79.5,79.5,Month-to-month,Fiber optic,Yes,79.5,1,79.5,79.5,Low Value,Yes,0.91,High Risk,Churn Risk
9891-NQDBD,28,25.55,672.2,One year,No,No,25.55,28,715.4,24.00714285714286,Low Value,,0.0,Low Risk,Low Priority
6131-IUNXN,19,20.2,382.2,Month-to-month,No,No,20.2,19,383.8,20.11578947368421,Low Value,,0.0,Low Risk,Low Priority
8548-AWOFC,66,63.85,4264.6,Month-to-month,DSL,No,63.85,66,4214.1,64.61515151515152,High Value,,0.0,Low Risk,High Value Customer
9798-DRYDS,17,61.95,1070.7,One year,DSL,No,61.95,17,1053.15,62.98235294117647,Medium Value,,0.0,Low Risk,Low Priority
8532-UEFWH,52,25.75,1345.85,Two year,No,No,25.75,52,1339.0,25.881730769230767,Medium Value,No,0.0,Low Risk,Low Priority
6296-DDOOR,19,58.2,1045.25,One year,DSL,No,58.2,19,1105.8,55.01315789473684,Medium Value,,0.0,Low Risk,Low Priority
7951-VRDVK,36,85.85,3003.55,One year,DSL,No,85.85,36,3090.6,83.43194444444445,High Value,,0.0,Low Risk,High Value Customer
5931-FLJJF,7,70.1,467.55,Month-to-month,Fiber optic,Yes,70.1,7,490.69999999999993,66.79285714285714,Low Value,,0.0,Low Risk,Low Priority
4815-YOSUK,72,104.9,7537.5,One year,Fiber optic,No,104.9,72,7552.8,104.6875,Very High Value,,0.0,Low Risk,VIP Customer
2659-VXMWZ,67,111.3,7482.1,One year,Fiber optic,Yes,111.3,67,7457.099999999999,111.67313432835822,Very High Value,No,0.15,Low Risk,VIP Customer
0380-NEAVX,34,99.85,3343.15,One year,Fiber optic,No,99.85,34,3394.9,98.3279411764706,High Value,,0.0,Low Risk,High Value Customer
3207-OYBWH,57,95.25,5427.05,Month-to-month,Fiber optic,Yes,95.25,57,5429.25,95.21140350877194,High Value,No,0.175,Low Risk,High Value Customer
4285-GYRQC,7,86.25,587.1,Month-to-month,Fiber optic,Yes,86.25,7,603.75,83.87142857142858,Low Value,,0.0,Low Risk,Low Priority
7216-EWTRS,1,100.8,100.8,Month-to-month,Fiber optic,Yes,100.8,1,100.8,100.8,Low Value,,0.0,Low Risk,Low Priority
4365-MSDYN,8,19.55,161.15,Month-to-month,No,No,19.55,8,156.4,20.14375,Low Value,,0.0,Low Risk,Low Priority
2486-WYVVE,31,79.3,2484.0,One year,DSL,No,79.3,31,2458.3,80.12903225806451,Medium Value,,0.0,Low Risk,Low Priority
7036-TYDEC,69,104.0,7028.5,Two year,Fiber optic,No,104.0,69,7176.0,101.8623188405797,Very High Value,No,0.215,Low Risk,VIP Customer
5802-ADBRC,50,104.4,5232.9,One year,Fiber optic,No,104.4,50,5220.0,104.658,High Value,,0.0,Low Risk,High Value Customer
8076-FEZKJ,10,19.5,225.85,One year,No,No,19.5,10,195.0,22.585,Low Value,,0.0,Low Risk,Low Priority
5197-YPYBZ,12,25.25,274.7,Two year,No,No,25.25,12,303.0,22.891666666666666,Low Value,,0.0,Low Risk,Low Priority
8337-MSSXB,14,86.3,1180.95,Month-to-month,Fiber optic,Yes,86.3,14,1208.2,84.35357142857143,Medium Value,,0.0,Low Risk,Low Priority
4312-GVYNH,70,49.85,3370.2,Two year,DSL,No,49.85,70,3489.5,48.14571428571429,High Value,,0.0,Low Risk,High Value Customer
8495-LJDFO,64,108.95,7111.3,Month-to-month,Fiber optic,No,108.95,64,6972.8,111.1140625,Very High Value,,0.0,Low Risk,VIP Customer
0839-JTCUD,66,89.9,5958.85,Two year,DSL,No,89.9,66,5933.400000000001,90.28560606060609,High Value,No,0.005,Low Risk,High Value Customer
5494-WOZRZ,71,82.0,5999.85,Two year,DSL,No,82.0,71,5822.0,84.5049295774648,High Value,,0.0,Low Risk,High Value Customer
1302-UHBDD,20,89.95,1648.45,Month-to-month,Fiber optic,No,89.95,20,1799.0,82.4225,Medium Value,Yes,0.51,Medium Risk,Monitor
2234-EOFPT,72,79.35,5753.25,Two year,DSL,No,79.35,72,5713.2,79.90625,High Value,,0.0,Low Risk,High Value Customer
8619-IJNDK,71,64.05,4492.9,Two year,DSL,No,64.05,71,4547.55,63.28028169014084,High Value,No,0.065,Low Risk,High Value Customer
8378-LKJAF,38,101.15,3956.7,Month-to-month,Fiber optic,No,101.15,38,3843.7,104.1236842105263,High Value,No,0.305,Low Risk,High Value Customer
8182-BJDSI,28,89.95,2625.55,Month-to-month,Fiber optic,Yes,89.95,28,2518.6,93.76964285714288,Medium Value,,0.0,Low Risk,Low Priority
2528-HFYZX,17,76.45,1233.4,Month-to-month,Fiber optic,Yes,76.45,17,1299.65,72.5529411764706,Medium Value,,0.0,Low Risk,Low Priority
1153-GNOLC,33,39.1,1309.0,One year,DSL,No,39.1,33,1290.3,39.66666666666666,Medium Value,,0.0,Low Risk,Low Priority
3298-QEICA,23,34.6,813.45,Two year,DSL,No,34.6,23,795.8000000000001,35.36739130434783,Low Value,,0.0,Low Risk,Low Priority
0788-DXBFY,58,19.55,1108.8,One year,No,No,19.55,58,1133.9,19.117241379310343,Medium Value,No,0.055,Low Risk,Low Priority
3597-YASZG,70,104.45,7349.35,Two year,Fiber optic,No,104.45,70,7311.5,104.99071428571428,Very High Value,,0.0,Low Risk,VIP Customer
3496-LFSZU,4,70.5,294.2,Month-to-month,Fiber optic,No,70.5,4,282.0,73.55,Low Value,,0.0,Low Risk,Low Priority
5242-UOWHD,45,20.35,929.2,Two year,No,No,20.35,45,915.75,20.64888888888889,Low Value,,0.0,Low Risk,Low Priority
2482-CZGBB,10,70.0,740.0,Month-to-month,Fiber optic,Yes,70.0,10,700.0,74.0,Low Value,No,0.445,Medium Risk,Monitor
6479-SZPLM,36,19.45,754.5,Two year,No,No,19.45,36,700.1999999999999,20.95833333333333,Low Value,,0.0,Low Risk,Low Priority
8097-VBQTZ,54,69.9,3883.3,Month-to-month,DSL,No,69.9,54,3774.6,71.91296296296296,High Value,,0.0,Low Risk,High Value Customer
4500-HKANN,23,59.7,1414.2,Two year,DSL,No,59.7,23,1373.1,61.48695652173913,Medium Value,No,0.07,Low Risk,Low Priority
9917-KWRBE,41,78.35,3211.2,One year,DSL,No,78.35,41,3212.35,78.32195121951219,High Value,No,0.045,Low Risk,High Value Customer
3420-ZDBMA,5,71.45,371.6,Month-to-month,Fiber optic,No,71.45,5,357.25,74.32000000000001,Low Value,,0.0,Low Risk,Low Priority
2212-LYASK,27,45.85,1246.4,One year,DSL,No,45.85,27,1237.95,46.162962962962965,Medium Value,No,0.125,Low Risk,Low Priority
1393-IMKZG,1,95.85,95.85,Month-to-month,Fiber optic,No,95.85,1,95.85,95.85,Low Value,,0.0,Low Risk,Low Priority
8069-RHUXK,67,35.7,2545.7,Two year,DSL,No,35.7,67,2391.9,37.9955223880597,Medium Value,,0.0,Low Risk,Low Priority
3398-GCPMU,72,89.55,6448.85,Two year,DSL,No,89.55,72,6447.599999999999,89.56736111111111,Very High Value,,0.0,Low Risk,VIP Customer
2908-WGAXL,56,24.95,1468.9,Two year,No,No,24.95,56,1397.2,26.230357142857144,Medium Value,,0.0,Low Risk,Low Priority
3378-AJRAO,44,24.85,1013.6,One year,No,No,24.85,44,1093.4,23.036363636363635,Medium Value,,0.0,Low Risk,Low Priority
1013-QCWAM,66,100.8,6690.75,Month-to-month,Fiber optic,No,100.8,66,6652.8,101.375,Very High Value,,0.0,Low Risk,VIP Customer
0866-QLSIR,34,64.4,2088.75,One year,DSL,Yes,64.4,34,2189.6000000000004,61.43382352941177,Medium Value,No,0.03,Low Risk,Low Priority
6050-FFXES,69,105.35,7240.65,Two year,Fiber optic,No,105.35,69,7269.15,104.93695652173912,Very High Value,,0.0,Low Risk,VIP Customer
7181-BQYBV,1,102.45,102.45,Month-to-month,Fiber optic,Yes,102.45,1,102.45,102.45,Low Value,Yes,0.695,Medium Risk,Monitor
0362-RAOQO,40,19.65,830.25,Two year,No,No,19.65,40,786.0,20.75625,Low Value,,0.0,Low Risk,Low Priority
9554-DFKIC,30,54.45,1588.7,Month-to-month,DSL,No,54.45,30,1633.5,52.95666666666667,Medium Value,,0.0,Low Risk,Low Priority
5527-ACHSO,11,70.5,829.3,Month-to-month,DSL,No,70.5,11,775.5,75.39090909090909,Low Value,,0.0,Low Risk,Low Priority
7488-MXJIV,4,85.65,321.65,Month-to-month,Fiber optic,Yes,85.65,4,342.6,80.4125,Low Value,,0.0,Low Risk,Low Priority
0829-DDVLK,15,20.1,302.45,One year,No,No,20.1,15,301.5,20.16333333333333,Low Value,,0.0,Low Risk,Low Priority
1399-UBQIU,11,69.35,712.25,Month-to-month,DSL,No,69.35,11,762.8499999999999,64.75,Low Value,,0.0,Low Risk,Low Priority
1813-JLKWR,64,19.8,1336.65,One year,No,No,19.8,64,1267.2,20.88515625,Medium Value,,0.0,Low Risk,Low Priority
0336-PIKEI,72,74.4,5360.75,Two year,DSL,No,74.4,72,5356.8,74.45486111111111,High Value,,0.0,Low Risk,High Value Customer
7322-OCWHC,72,93.05,6735.05,Two year,Fiber optic,No,93.05,72,6699.599999999999,93.54236111111112,Very High Value,No,0.025,Low Risk,VIP Customer
9537-VHDTA,1,51.2,51.2,Month-to-month,DSL,No,51.2,1,51.2,51.2,Low Value,No,0.355,Low Risk,Low Priority
4957-TIALW,15,65.6,1010.0,One year,DSL,No,65.6,15,984.0,67.33333333333333,Low Value,,0.0,Low Risk,Low Priority
2054-PJOCK,60,80.55,4847.05,One year,DSL,No,80.55,60,4833.0,80.78416666666666,High Value,,0.0,Low Risk,High Value Customer
9150-HEPMB,56,52.7,3019.7,One year,DSL,No,52.7,56,2951.2000000000003,53.92321428571428,Medium Value,,0.0,Low Risk,Low Priority
9030-QGZNL,8,20.85,161.65,Two year,No,No,20.85,8,166.8,20.20625,Low Value,No,0.0288,Low Risk,Low Priority
6204-IEUXJ,3,80.1,217.55,Month-to-month,Fiber optic,Yes,80.1,3,240.3,72.51666666666667,Low Value,,0.0,Low Risk,Low Priority
3126-WQMGH,49,52.15,2583.75,Month-to-month,DSL,No,52.15,49,2555.35,52.72959183673469,Medium Value,,0.0,Low Risk,Low Priority
4529-CKBCL,2,80.2,146.05,Month-to-month,Fiber optic,Yes,80.2,2,160.4,73.025,Low Value,,0.0,Low Risk,Low Priority
2506-CLAKW,6,98.15,567.45,Month-to-month,Fiber optic,Yes,98.15,6,588.9000000000001,94.575,Low Value,,0.0,Low Risk,Low Priority
7176-WRTNX,70,114.95,7711.25,Two year,Fiber optic,No,114.95,70,8046.5,110.16071428571428,Very High Value,,0.0,Low Risk,VIP Customer
1583-IHQZE,12,112.95,1384.75,Month-to-month,Fiber optic,Yes,112.95,12,1355.4,115.39583333333331,Medium Value,,0.0,Low Risk,Low Priority
5732-IKGQH,52,104.45,5481.25,One year,Fiber optic,No,104.45,52,5431.400000000001,105.40865384615384,High Value,,0.0,Low Risk,High Value Customer
9239-GZHZE,72,113.65,8124.2,Two year,Fiber optic,No,113.65,72,8182.8,112.83611111111112,Very High Value,,0.0,Low Risk,VIP Customer
7205-BAIAD,40,20.6,827.3,Two year,No,No,20.6,40,824.0,20.6825,Low Value,No,0.0,Low Risk,Low Priority
0151-ONTOV,1,70.9,70.9,Month-to-month,Fiber optic,Yes,70.9,1,70.9,70.9,Low Value,,0.0,Low Risk,Low Priority
4140-MUHUG,3,86.85,220.95,Month-to-month,Fiber optic,Yes,86.85,3,260.54999999999995,73.64999999999999,Low Value,,0.0,Low Risk,Low Priority
0093-EXYQL,40,91.55,3673.6,Month-to-month,Fiber optic,No,91.55,40,3662.0,91.84,High Value,,0.0,Low Risk,High Value Customer
8064-RAVOH,1,49.85,49.85,Month-to-month,DSL,No,49.85,1,49.85,49.85,Low Value,,0.0,Low Risk,Low Priority
0219-QAERP,30,19.8,576.65,One year,No,No,19.8,30,594.0,19.221666666666668,Low Value,,0.0,Low Risk,Low Priority
0320-JDNQG,23,99.85,2331.3,Month-to-month,Fiber optic,Yes,99.85,23,2296.55,101.3608695652174,Medium Value,,0.0,Low Risk,Low Priority
7180-PISOG,1,74.5,74.5,Month-to-month,Fiber optic,Yes,74.5,1,74.5,74.5,Low Value,Yes,0.845,High Risk,Churn Risk
9168-INPSZ,44,104.15,4495.65,Month-to-month,Fiber optic,No,104.15,44,4582.6,102.17386363636363,High Value,,0.0,Low Risk,High Value Customer
3571-RFHAR,65,109.15,6941.2,Month-to-month,Fiber optic,Yes,109.15,65,7094.75,106.78769230769232,Very High Value,,0.0,Low Risk,VIP Customer
0015-UOCOJ,7,48.2,340.35,Month-to-month,DSL,No,48.2,7,337.40000000000003,48.621428571428574,Low Value,No,0.435,Medium Risk,Monitor
5334-AFQJB,72,25.1,1789.9,Two year,No,No,25.1,72,1807.2,24.859722222222224,Medium Value,No,0.005,Low Risk,Low Priority
2754-SDJRD,8,100.15,908.55,Month-to-month,Fiber optic,No,100.15,8,801.2,113.56875,Low Value,Yes,0.68,Medium Risk,Monitor
9578-VRMNM,16,65.2,1043.35,Month-to-month,DSL,Yes,65.2,16,1043.2,65.209375,Medium Value,,0.0,Low Risk,Low Priority
1587-FKLZB,66,99.5,6822.15,Month-to-month,Fiber optic,Yes,99.5,66,6567.0,103.36590909090908,Very High Value,No,0.3,Low Risk,VIP Customer
6140-QNRQQ,1,71.55,71.55,Month-to-month,Fiber optic,Yes,71.55,1,71.55,71.55,Low Value,,0.0,Low Risk,Low Priority
8963-JLGJT,3,55.9,157.55,Month-to-month,DSL,No,55.9,3,167.7,52.51666666666667,Low Value,,0.0,Low Risk,Low Priority
4307-KTUMW,53,93.9,5029.2,Month-to-month,Fiber optic,Yes,93.9,53,4976.700000000001,94.89056603773584,High Value,,0.0,Low Risk,High Value Customer
1465-LNTLJ,8,64.4,581.7,Month-to-month,DSL,No,64.4,8,515.2,72.7125,Low Value,No,0.225,Low Risk,Low Priority
5440-FLBQG,69,108.4,7318.2,Two year,Fiber optic,Yes,108.4,69,7479.6,106.0608695652174,Very High Value,,0.0,Low Risk,VIP Customer
2135-DQWAQ,5,85.3,420.45,Month-to-month,Fiber optic,No,85.3,5,426.5,84.09,Low Value,,0.0,Low Risk,Low Priority
4056-QHXHZ,72,107.45,7576.7,Two year,Fiber optic,No,107.45,72,7736.400000000001,105.23194444444444,Very High Value,,0.0,Low Risk,VIP Customer
7470-MCQTK,13,48.75,633.4,Month-to-month,DSL,Yes,48.75,13,633.75,48.72307692307693,Low Value,No,0.34,Low Risk,Low Priority
7401-JIXNM,54,91.3,4965.0,Two year,DSL,No,91.3,54,4930.2,91.94444444444444,High Value,No,0.025,Low Risk,High Value Customer
9339-FIIJL,72,85.95,6151.9,Two year,DSL,No,85.95,72,6188.400000000001,85.44305555555555,Very High Value,No,0.005,Low Risk,VIP Customer
2027-FECZV,12,106.7,1253.9,Month-to-month,Fiber optic,Yes,106.7,12,1280.4,104.49166666666667,Medium Value,Yes,0.685,Medium Risk,Monitor
2672-DZUOY,1,25.15,25.15,Month-to-month,DSL,Yes,25.15,1,25.15,25.15,Low Value,,0.0,Low Risk,Low Priority
4706-DGAHW,1,45.2,45.2,Month-to-month,DSL,No,45.2,1,45.2,45.2,Low Value,No,0.49,Medium Risk,Monitor
3870-MQAMG,54,110.35,5893.15,One year,Fiber optic,Yes,110.35,54,5958.9,109.1324074074074,High Value,,0.0,Low Risk,High Value Customer
6670-MFRPK,69,79.2,5420.65,Two year,Fiber optic,No,79.2,69,5464.8,78.56014492753623,High Value,,0.0,Low Risk,High Value Customer
6177-PEVRA,48,55.5,2627.35,Two year,DSL,No,55.5,48,2664.0,54.73645833333333,Medium Value,,0.0,Low Risk,Low Priority
4800-CZMPC,48,103.25,5037.55,One year,Fiber optic,Yes,103.25,48,4956.0,104.94895833333334,High Value,,0.0,Low Risk,High Value Customer
4813-HQMGZ,8,90.25,743.75,Month-to-month,Fiber optic,No,90.25,8,722.0,92.96875,Low Value,,0.0,Low Risk,Low Priority
7579-KKLOE,71,91.25,6589.6,Two year,DSL,No,91.25,71,6478.75,92.8112676056338,Very High Value,,0.0,Low Risk,VIP Customer
7377-DMMRI,2,47.8,92.45,Month-to-month,DSL,Yes,47.8,2,95.6,46.225,Low Value,,0.0,Low Risk,Low Priority
8402-EIVQS,67,100.9,6733.15,One year,Fiber optic,No,100.9,67,6760.3,100.494776119403,Very High Value,,0.0,Low Risk,VIP Customer
4947-DSMXK,34,97.7,3410.0,Month-to-month,Fiber optic,No,97.7,34,3321.8,100.29411764705884,High Value,No,0.33,Low Risk,High Value Customer
7245-NIIWQ,3,69.85,199.85,Month-to-month,Fiber optic,No,69.85,3,209.55,66.61666666666666,Low Value,,0.0,Low Risk,Low Priority
0002-ORFBO,9,65.6,593.3,One year,DSL,No,65.6,9,590.4,65.92222222222222,Low Value,,0.0,Low Risk,Low Priority
3324-OIRTO,71,104.65,7288.4,One year,Fiber optic,No,104.65,71,7430.150000000001,102.65352112676057,Very High Value,No,0.135,Low Risk,VIP Customer
5414-OFQCB,57,90.45,5229.8,Two year,Fiber optic,No,90.45,57,5155.650000000001,91.75087719298246,High Value,,0.0,Low Risk,High Value Customer
4967-WPNCF,72,63.7,4464.8,Two year,DSL,No,63.7,72,4586.400000000001,62.01111111111111,High Value,,0.0,Low Risk,High Value Customer
8552-OBVRU,48,104.5,5068.05,Month-to-month,Fiber optic,No,104.5,48,5016.0,105.584375,High Value,,0.0,Low Risk,High Value Customer
8499-BRXTD,18,20.1,401.85,One year,No,No,20.1,18,361.8,22.325000000000003,Low Value,,0.0,Low Risk,Low Priority
9154-QDGTH,43,104.3,4451.85,One year,Fiber optic,No,104.3,43,4484.9,103.53139534883722,High Value,,0.0,Low Risk,High Value Customer
8197-BFWVU,72,93.25,6688.95,Two year,DSL,No,93.25,72,6714.0,92.90208333333334,Very High Value,,0.0,Low Risk,VIP Customer
2577-GVSIL,35,73.45,2661.1,One year,DSL,No,73.45,35,2570.75,76.03142857142856,Medium Value,,0.0,Low Risk,Low Priority
9367-OIUXP,4,20.7,73.05,Month-to-month,No,No,20.7,4,82.8,18.2625,Low Value,,0.0,Low Risk,Low Priority
6770-UAYGJ,49,25.25,1211.65,Two year,No,No,25.25,49,1237.25,24.727551020408164,Medium Value,,0.0,Low Risk,Low Priority
6463-HHXJR,71,100.5,7030.65,Two year,Fiber optic,No,100.5,71,7135.5,99.02323943661972,Very High Value,,0.0,Low Risk,VIP Customer
7928-VJYAB,11,90.6,1020.2,Month-to-month,Fiber optic,No,90.6,11,996.6,92.74545454545456,Low Value,Yes,0.54,Medium Risk,Monitor
1187-WILMM,63,89.4,5597.65,Two year,DSL,No,89.4,63,5632.200000000001,88.8515873015873,High Value,,0.0,Low Risk,High Value Customer
9776-OJUZI,65,95.45,6223.3,Month-to-month,Fiber optic,No,95.45,65,6204.25,95.74307692307691,Very High Value,,0.0,Low Risk,VIP Customer
1306-RPWXZ,49,20.45,1024.65,Two year,No,No,20.45,49,1002.05,20.91122448979592,Medium Value,,0.0,Low Risk,Low Priority
8949-JTMAY,29,98.6,2933.2,Month-to-month,Fiber optic,Yes,98.6,29,2859.4,101.14482758620689,Medium Value,,0.0,Low Risk,Low Priority
2774-LVQUS,15,83.05,1258.3,Month-to-month,Fiber optic,Yes,83.05,15,1245.75,83.88666666666667,Medium Value,,0.0,Low Risk,Low Priority
3097-PYWXL,4,19.95,82.9,Month-to-month,No,No,19.95,4,79.8,20.725,Low Value,,0.0,Low Risk,Low Priority
2266-SJNAT,72,109.15,7789.6,One year,Fiber optic,No,109.15,72,7858.8,108.1888888888889,Very High Value,,0.0,Low Risk,VIP Customer
0869-PAPRP,26,85.7,2067.0,Month-to-month,Fiber optic,No,85.7,26,2228.2000000000003,79.5,Medium Value,,0.0,Low Risk,Low Priority
4238-JSSWH,35,102.05,3452.55,Month-to-month,Fiber optic,No,102.05,35,3571.75,98.64428571428572,High Value,,0.0,Low Risk,High Value Customer
2972-YDYUW,57,94.7,5468.95,One year,Fiber optic,No,94.7,57,5397.900000000001,95.94649122807016,High Value,No,0.18,Low Risk,High Value Customer
1104-FEJAM,28,64.4,1802.15,Month-to-month,DSL,No,64.4,28,1803.2000000000005,64.3625,Medium Value,,0.0,Low Risk,Low Priority
2809-ILCYT,25,26.8,733.55,One year,No,No,26.8,25,670.0,29.342,Low Value,,0.0,Low Risk,Low Priority
5499-ECUTN,47,66.05,3021.45,One year,DSL,No,66.05,47,3104.35,64.28617021276595,High Value,,0.0,Low Risk,High Value Customer
4981-FLTMF,57,65.2,3687.85,Month-to-month,DSL,No,65.2,57,3716.4,64.69912280701755,High Value,No,0.035,Low Risk,High Value Customer
9121-PHQSR,16,85.05,1391.15,Month-to-month,Fiber optic,No,85.05,16,1360.8,86.946875,Medium Value,,0.0,Low Risk,Low Priority
3113-IWHLC,5,55.8,274.35,Month-to-month,DSL,No,55.8,5,279.0,54.870000000000005,Low Value,,0.0,Low Risk,Low Priority
3211-ILJTT,17,70.4,1214.05,Month-to-month,Fiber optic,Yes,70.4,17,1196.8000000000002,71.41470588235293,Medium Value,,0.0,Low Risk,Low Priority
4612-THJBS,56,104.75,5510.65,One year,Fiber optic,Yes,104.75,56,5866.0,98.40446428571428,High Value,,0.0,Low Risk,High Value Customer
4277-BWBML,72,19.95,1322.85,Two year,No,No,19.95,72,1436.4,18.372916666666665,Medium Value,No,0.0,Low Risk,Low Priority
4094-NSEDU,21,94.25,1973.75,Month-to-month,Fiber optic,Yes,94.25,21,1979.25,93.98809523809524,Medium Value,,0.0,Low Risk,Low Priority
0234-TEVTT,48,45.0,2196.3,One year,DSL,No,45.0,48,2160.0,45.75625,Medium Value,,0.0,Low Risk,Low Priority
4304-TSPVK,68,114.9,7843.55,Two year,Fiber optic,No,114.9,68,7813.200000000001,115.34632352941176,Very High Value,No,0.05,Low Risk,VIP Customer
1552-AAGRX,30,106.4,3211.9,Month-to-month,Fiber optic,No,106.4,30,3192.0,107.06333333333332,High Value,,0.0,Low Risk,High Value Customer
2637-FKFSY,3,46.1,130.15,Month-to-month,DSL,No,46.1,3,138.3,43.38333333333333,Low Value,,0.0,Low Risk,Low Priority
9796-MVYXX,14,39.7,692.35,Two year,DSL,No,39.7,14,555.8000000000001,49.45357142857143,Low Value,,0.0,Low Risk,Low Priority
7874-ECPQJ,4,20.05,85.5,Month-to-month,No,No,20.05,4,80.2,21.375,Low Value,,0.0,Low Risk,Low Priority
0020-INWCK,71,95.75,6849.4,Two year,Fiber optic,No,95.75,71,6798.25,96.47042253521126,Very High Value,,0.0,Low Risk,VIP Customer
7089-RKVSZ,8,24.4,203.95,One year,No,No,24.4,8,195.2,25.49375,Low Value,,0.0,Low Risk,Low Priority
2683-JXWQQ,61,33.6,2117.2,Month-to-month,DSL,No,33.6,61,2049.6,34.708196721311474,Medium Value,,0.0,Low Risk,Low Priority
9548-ZMVTX,72,90.45,6565.85,Two year,Fiber optic,No,90.45,72,6512.400000000001,91.19236111111113,Very High Value,,0.0,Low Risk,VIP Customer
8739-XNIKG,5,84.0,424.75,Month-to-month,Fiber optic,No,84.0,5,420.0,84.95,Low Value,Yes,0.78,High Risk,Churn Risk
9755-JHNMN,49,67.4,3306.85,Two year,DSL,No,67.4,49,3302.6000000000004,67.48673469387755,High Value,No,0.035,Low Risk,High Value Customer
3981-QSVQI,8,19.7,168.9,Month-to-month,No,No,19.7,8,157.6,21.1125,Low Value,,0.0,Low Risk,Low Priority
2789-HQBOU,3,80.35,253.8,Month-to-month,Fiber optic,No,80.35,3,241.05,84.60000000000001,Low Value,,0.0,Low Risk,Low Priority
9424-CMPOG,9,19.6,197.4,Two year,No,No,19.6,9,176.4,21.933333333333334,Low Value,,0.0,Low Risk,Low Priority
5067-WJEUN,67,54.2,3838.2,Two year,DSL,No,54.2,67,3631.4,57.286567164179104,High Value,,0.0,Low Risk,High Value Customer
3450-WXOAT,46,45.2,2065.15,Month-to-month,DSL,No,45.2,46,2079.2000000000003,44.8945652173913,Medium Value,,0.0,Low Risk,Low Priority
9251-WNSOD,67,75.1,5064.45,One year,DSL,No,75.1,67,5031.7,75.58880597014925,High Value,,0.0,Low Risk,High Value Customer
6974-DAFLI,55,19.7,1140.05,One year,No,No,19.7,55,1083.5,20.728181818181817,Medium Value,,0.0,Low Risk,Low Priority
2616-UUTFK,33,72.75,2447.45,Month-to-month,DSL,No,72.75,33,2400.75,74.1651515151515,Medium Value,,0.0,Low Risk,Low Priority
7064-JHXCE,62,20.05,1263.9,Two year,No,No,20.05,62,1243.1,20.385483870967743,Medium Value,,0.0,Low Risk,Low Priority
5103-MHMHY,1,45.95,45.95,Month-to-month,DSL,Yes,45.95,1,45.95,45.95,Low Value,No,0.39,Low Risk,Low Priority
7989-AWGEH,49,39.2,1838.15,Month-to-month,DSL,No,39.2,49,1920.8,37.51326530612245,Medium Value,,0.0,Low Risk,Low Priority
4373-VVHQL,1,44.75,44.75,Month-to-month,DSL,No,44.75,1,44.75,44.75,Low Value,,0.0,Low Risk,Low Priority
4559-UWIHT,14,82.65,1185.0,Month-to-month,Fiber optic,No,82.65,14,1157.1,84.64285714285714,Medium Value,,0.0,Low Risk,Low Priority
7268-IGMFD,18,93.9,1743.9,Month-to-month,Fiber optic,No,93.9,18,1690.2,96.88333333333334,Medium Value,,0.0,Low Risk,Low Priority
1846-XWOQN,1,70.15,70.15,Month-to-month,Fiber optic,Yes,70.15,1,70.15,70.15,Low Value,,0.0,Low Risk,Low Priority
0235-KGSLC,1,85.55,85.55,Month-to-month,Fiber optic,Yes,85.55,1,85.55,85.55,Low Value,Yes,0.735,High Risk,Churn Risk
6650-BWFRT,72,117.15,8529.5,Two year,Fiber optic,No,117.15,72,8434.800000000001,118.46527777777776,Very High Value,,0.0,Low Risk,VIP Customer
9570-KYEUA,64,99.25,6549.45,Two year,Fiber optic,No,99.25,64,6352.0,102.33515625,Very High Value,,0.0,Low Risk,VIP Customer
6993-YGFJV,69,112.55,7806.5,Two year,Fiber optic,No,112.55,69,7765.95,113.1376811594203,Very High Value,,0.0,Low Risk,VIP Customer
2712-SYWAY,1,25.7,25.7,Month-to-month,No,No,25.7,1,25.7,25.7,Low Value,,0.0,Low Risk,Low Priority
0730-BGQGF,71,90.3,6287.3,Two year,DSL,No,90.3,71,6411.3,88.55352112676057,Very High Value,,0.0,Low Risk,VIP Customer
5498-IBWPI,66,49.4,3251.85,One year,DSL,No,49.4,66,3260.4,49.27045454545454,High Value,No,0.135,Low Risk,High Value Customer
9101-NTIXF,2,19.4,50.6,Month-to-month,No,No,19.4,2,38.8,25.3,Low Value,,0.0,Low Risk,Low Priority
0013-SMEOE,71,109.7,7904.25,Two year,Fiber optic,No,109.7,71,7788.7,111.3274647887324,Very High Value,,0.0,Low Risk,VIP Customer
9314-QDMDW,11,61.25,729.95,One year,DSL,No,61.25,11,673.75,66.35909090909091,Low Value,,0.0,Low Risk,Low Priority
9308-ANMVE,47,55.3,2654.05,Month-to-month,DSL,No,55.3,47,2599.1,56.46914893617021,Medium Value,No,0.125,Low Risk,Low Priority
2884-GBPFB,35,70.3,2416.55,Month-to-month,Fiber optic,Yes,70.3,35,2460.5,69.04428571428572,Medium Value,,0.0,Low Risk,Low Priority
3757-NJYBX,32,106.35,3520.75,Month-to-month,Fiber optic,Yes,106.35,32,3403.2,110.0234375,High Value,,0.0,Low Risk,High Value Customer
3413-DHLPB,60,103.75,5969.95,Month-to-month,Fiber optic,No,103.75,60,6225.0,99.49916666666668,Very High Value,,0.0,Low Risk,VIP Customer
7649-PHJVR,11,19.5,226.8,One year,No,No,19.5,11,214.5,20.61818181818182,Low Value,No,0.015,Low Risk,Low Priority
6114-TCFID,29,39.5,1082.75,One year,DSL,No,39.5,29,1145.5,37.33620689655172,Medium Value,,0.0,Low Risk,Low Priority
3787-TRIAL,21,26.05,565.75,Month-to-month,DSL,No,26.05,21,547.0500000000001,26.94047619047619,Low Value,No,0.28,Low Risk,Low Priority
2573-GYRUU,48,91.05,4370.75,Month-to-month,Fiber optic,No,91.05,48,4370.4,91.05729166666669,High Value,,0.0,Low Risk,High Value Customer
5156-UMKOW,3,29.65,90.05,Month-to-month,DSL,No,29.65,3,88.94999999999999,30.016666666666666,Low Value,,0.0,Low Risk,Low Priority
1247-QBVSH,43,50.2,2169.4,Month-to-month,DSL,No,50.2,43,2158.6,50.45116279069768,Medium Value,,0.0,Low Risk,Low Priority
6734-GMPVK,5,105.3,550.6,Month-to-month,Fiber optic,No,105.3,5,526.5,110.12,Low Value,,0.0,Low Risk,Low Priority
9822-OAOVB,1,55.45,55.45,Month-to-month,DSL,No,55.45,1,55.45,55.45,Low Value,,0.0,Low Risk,Low Priority
6161-ERDGD,71,85.45,6300.85,One year,DSL,No,85.45,71,6066.95,88.7443661971831,Very High Value,,0.0,Low Risk,VIP Customer
1226-JZNKR,8,19.8,160.05,One year,No,No,19.8,8,158.4,20.00625,Low Value,,0.0,Low Risk,Low Priority
7318-EIVKO,8,59.25,436.6,Month-to-month,DSL,No,59.25,8,474.0,54.575,Low Value,,0.0,Low Risk,Low Priority
3771-PZOBW,20,90.7,1781.35,Month-to-month,Fiber optic,No,90.7,20,1814.0,89.0675,Medium Value,,0.0,Low Risk,Low Priority
5136-KCKGI,33,103.7,3467.0,One year,Fiber optic,Yes,103.7,33,3422.1,105.06060606060606,High Value,,0.0,Low Risk,High Value Customer
8231-BSWXX,71,79.05,5552.5,One year,Fiber optic,No,79.05,71,5612.55,78.20422535211267,High Value,,0.0,Low Risk,High Value Customer
6486-LHTMA,31,90.7,2835.5,One year,Fiber optic,No,90.7,31,2811.7000000000003,91.46774193548389,Medium Value,,0.0,Low Risk,Low Priority
4083-BFNYK,38,95.0,3591.25,One year,Fiber optic,No,95.0,38,3610.0,94.50657894736842,High Value,,0.0,Low Risk,High Value Customer
3722-WPXTK,1,88.35,88.35,Month-to-month,Fiber optic,Yes,88.35,1,88.35,88.35,Low Value,Yes,0.765,High Risk,Churn Risk
7389-KBFIT,2,30.25,63.75,Month-to-month,DSL,No,30.25,2,60.5,31.875,Low Value,,0.0,Low Risk,Low Priority
7176-WIONM,12,49.85,617.15,Month-to-month,DSL,No,49.85,12,598.2,51.42916666666667,Low Value,,0.0,Low Risk,Low Priority
5141-ZUVBH,9,93.0,870.25,Month-to-month,Fiber optic,No,93.0,9,837.0,96.69444444444444,Low Value,,0.0,Low Risk,Low Priority
1089-HDMKP,11,54.55,601.25,Month-to-month,DSL,No,54.55,11,600.05,54.65909090909091,Low Value,,0.0,Low Risk,Low Priority
7623-HKYRK,6,19.7,111.65,Month-to-month,No,No,19.7,6,118.2,18.60833333333333,Low Value,,0.0,Low Risk,Low Priority
0310-SUCIN,71,84.8,6046.1,One year,DSL,No,84.8,71,6020.8,85.15633802816902,Very High Value,,0.0,Low Risk,VIP Customer
5197-PYEPU,42,94.45,3923.8,One year,Fiber optic,No,94.45,42,3966.9,93.42380952380952,High Value,,0.0,Low Risk,High Value Customer
2929-ERCFZ,8,94.2,777.3,Month-to-month,Fiber optic,Yes,94.2,8,753.6,97.1625,Low Value,,0.0,Low Risk,Low Priority
7548-SEPYI,5,96.25,512.45,Month-to-month,Fiber optic,Yes,96.25,5,481.25,102.49,Low Value,,0.0,Low Risk,Low Priority
8835-VSDSE,2,70.7,141.45,Month-to-month,Fiber optic,Yes,70.7,2,141.4,70.725,Low Value,,0.0,Low Risk,Low Priority
6619-RPLQZ,45,20.85,892.15,Two year,No,No,20.85,45,938.25,19.82555555555556,Low Value,,0.0,Low Risk,Low Priority
3275-RHRNE,28,60.0,1682.05,One year,DSL,No,60.0,28,1680.0,60.073214285714286,Medium Value,,0.0,Low Risk,Low Priority
3503-TYDAY,43,80.45,3398.9,Month-to-month,Fiber optic,No,80.45,43,3459.35,79.04418604651163,High Value,,0.0,Low Risk,High Value Customer
6901-GOGZG,60,84.95,4984.85,Two year,DSL,No,84.95,60,5097.0,83.08083333333335,High Value,,0.0,Low Risk,High Value Customer
1623-NLDOT,42,33.55,1445.3,One year,DSL,Yes,33.55,42,1409.1,34.41190476190476,Medium Value,,0.0,Low Risk,Low Priority
7021-XSNYE,7,49.65,305.55,Two year,DSL,No,49.65,7,347.55,43.65,Low Value,,0.0,Low Risk,Low Priority
8622-ZLFKO,6,90.75,512.25,Month-to-month,Fiber optic,No,90.75,6,544.5,85.375,Low Value,Yes,0.775,High Risk,Churn Risk
9621-OUPYD,25,20.2,507.9,One year,No,No,20.2,25,505.0,20.316,Low Value,,0.0,Low Risk,Low Priority
9898-KZQDZ,40,94.55,3640.45,Month-to-month,Fiber optic,Yes,94.55,40,3782.0,91.01125,High Value,,0.0,Low Risk,High Value Customer
8982-NHAVY,27,100.5,2673.45,One year,Fiber optic,No,100.5,27,2713.5,99.01666666666668,Medium Value,,0.0,Low Risk,Low Priority
4307-KWMXE,10,35.75,389.8,Month-to-month,DSL,No,35.75,10,357.5,38.98,Low Value,,0.0,Low Risk,Low Priority
0141-YEAYS,27,86.45,2401.05,Month-to-month,Fiber optic,No,86.45,27,2334.15,88.92777777777779,Medium Value,,0.0,Low Risk,Low Priority
2450-ZKEED,11,53.8,651.55,One year,DSL,No,53.8,11,591.8,59.23181818181818,Low Value,,0.0,Low Risk,Low Priority
3694-DELSO,4,38.55,156.1,Month-to-month,DSL,No,38.55,4,154.2,39.025,Low Value,,0.0,Low Risk,Low Priority
3893-JRNFS,68,39.9,2796.35,Month-to-month,DSL,No,39.9,68,2713.2,41.12279411764706,Medium Value,No,0.255,Low Risk,Low Priority
9603-OAIHC,1,70.05,70.05,Month-to-month,Fiber optic,No,70.05,1,70.05,70.05,Low Value,,0.0,Low Risk,Low Priority
1133-KXCGE,18,20.1,407.05,One year,No,No,20.1,18,361.8,22.61388888888889,Low Value,No,0.025,Low Risk,Low Priority
5236-PERKL,57,112.95,6465.0,Two year,Fiber optic,Yes,112.95,57,6438.150000000001,113.42105263157896,Very High Value,No,0.19,Low Risk,VIP Customer
0142-GVYSN,26,20.3,511.25,Month-to-month,No,No,20.3,26,527.8000000000001,19.66346153846154,Low Value,,0.0,Low Risk,Low Priority
1049-FYSYG,17,35.65,646.05,Month-to-month,DSL,No,35.65,17,606.05,38.002941176470586,Low Value,,0.0,Low Risk,Low Priority
7854-FOKSF,1,35.9,35.9,Month-to-month,DSL,Yes,35.9,1,35.9,35.9,Low Value,,0.0,Low Risk,Low Priority
2519-FAKOD,38,99.25,3777.15,Month-to-month,Fiber optic,Yes,99.25,38,3771.5,99.39868421052633,High Value,,0.0,Low Risk,High Value Customer
8406-LNMHF,59,82.95,4903.15,One year,Fiber optic,No,82.95,59,4894.05,83.1042372881356,High Value,,0.0,Low Risk,High Value Customer
1821-BUCWY,30,55.65,1653.85,Two year,DSL,No,55.65,30,1669.5,55.12833333333333,Medium Value,,0.0,Low Risk,Low Priority
8263-JQAIK,2,24.45,47.5,Month-to-month,DSL,Yes,24.45,2,48.9,23.75,Low Value,,0.0,Low Risk,Low Priority
0023-UYUPN,50,25.2,1306.3,One year,No,No,25.2,50,1260.0,26.126,Medium Value,,0.0,Low Risk,Low Priority
8314-DPQHL,9,50.8,463.6,One year,DSL,No,50.8,9,457.2,51.51111111111111,Low Value,,0.0,Low Risk,Low Priority
1465-WCZVT,3,19.65,60.65,Month-to-month,No,No,19.65,3,58.95,20.216666666666665,Low Value,,0.0,Low Risk,Low Priority
9481-SFCQY,14,59.8,824.85,Month-to-month,DSL,No,59.8,14,837.1999999999999,58.91785714285714,Low Value,No,0.215,Low Risk,Low Priority
6360-SVNWV,31,73.55,2094.65,Month-to-month,Fiber optic,No,73.55,31,2280.05,67.56935483870969,Medium Value,,0.0,Low Risk,Low Priority
0567-GGCAC,7,61.4,438.9,Month-to-month,DSL,No,61.4,7,429.8,62.7,Low Value,,0.0,Low Risk,Low Priority
7089-IVVAZ,8,103.35,847.3,Month-to-month,Fiber optic,Yes,103.35,8,826.8,105.9125,Low Value,,0.0,Low Risk,Low Priority
8884-MRNSU,17,19.9,329.75,One year,No,No,19.9,17,338.29999999999995,19.397058823529413,Low Value,,0.0,Low Risk,Low Priority
2171-UDMFD,32,19.45,674.55,Month-to-month,No,No,19.45,32,622.4,21.0796875,Low Value,No,0.03,Low Risk,Low Priority
9050-IKDZA,2,81.5,162.55,Month-to-month,Fiber optic,No,81.5,2,163.0,81.275,Low Value,,0.0,Low Risk,Low Priority
2205-YMZZJ,7,84.8,546.95,Month-to-month,Fiber optic,Yes,84.8,7,593.6,78.13571428571429,Low Value,,0.0,Low Risk,Low Priority
9802-CAQUT,72,109.55,7887.25,Two year,Fiber optic,No,109.55,72,7887.599999999999,109.54513888888889,Very High Value,,0.0,Low Risk,VIP Customer
1254-IZEYF,31,99.95,3186.65,Month-to-month,Fiber optic,Yes,99.95,31,3098.4500000000003,102.79516129032258,High Value,,0.0,Low Risk,High Value Customer
0187-WZNAB,27,74.4,1972.35,Month-to-month,Fiber optic,No,74.4,27,2008.8,73.05,Medium Value,,0.0,Low Risk,Low Priority
9492-TOKRI,18,90.0,1527.35,Month-to-month,Fiber optic,Yes,90.0,18,1620.0,84.85277777777777,Medium Value,,0.0,Low Risk,Low Priority
1475-VWVDO,7,74.9,490.55,Month-to-month,Fiber optic,No,74.9,7,524.3000000000001,70.07857142857144,Low Value,Yes,0.535,Medium Risk,Monitor
9221-OTIVJ,14,104.85,1531.4,Month-to-month,Fiber optic,Yes,104.85,14,1467.9,109.38571428571429,Medium Value,Yes,0.765,High Risk,Churn Risk
1357-MVDOZ,11,59.65,683.25,Month-to-month,DSL,No,59.65,11,656.15,62.11363636363637,Low Value,,0.0,Low Risk,Low Priority
7602-MVRMB,72,110.45,8058.85,Two year,Fiber optic,No,110.45,72,7952.400000000001,111.92847222222224,Very High Value,,0.0,Low Risk,VIP Customer
3325-FUYCG,28,106.1,2847.4,One year,Fiber optic,Yes,106.1,28,2970.8,101.69285714285716,Medium Value,No,0.145,Low Risk,Low Priority
5908-QMGOE,15,74.2,1133.9,Month-to-month,Fiber optic,Yes,74.2,15,1113.0,75.59333333333333,Medium Value,,0.0,Low Risk,Low Priority
1197-BVMVG,4,74.45,294.45,Month-to-month,Fiber optic,No,74.45,4,297.8,73.6125,Low Value,,0.0,Low Risk,Low Priority
5406-KGRMX,71,24.55,1719.15,Two year,No,No,24.55,71,1743.05,24.213380281690142,Medium Value,,0.0,Low Risk,Low Priority
8481-YYXWG,5,89.35,461.7,Month-to-month,Fiber optic,Yes,89.35,5,446.75,92.34,Low Value,,0.0,Low Risk,Low Priority
5968-HYJRZ,47,24.55,1160.45,Two year,No,No,24.55,47,1153.85,24.690425531914894,Medium Value,,0.0,Low Risk,Low Priority
5198-EFNBM,57,90.65,5199.8,One year,Fiber optic,No,90.65,57,5167.05,91.22456140350876,High Value,No,0.165,Low Risk,High Value Customer
7516-GMHUV,50,105.05,5163.3,Two year,Fiber optic,No,105.05,50,5252.5,103.266,High Value,,0.0,Low Risk,High Value Customer
7140-ADSMJ,8,20.45,162.3,Month-to-month,No,No,20.45,8,163.6,20.2875,Low Value,,0.0,Low Risk,Low Priority
2230-XTUWL,48,19.55,883.35,Two year,No,No,19.55,48,938.4,18.403125,Low Value,No,0.01,Low Risk,Low Priority
7706-YLMQA,70,19.7,1341.5,One year,No,No,19.7,70,1379.0,19.164285714285715,Medium Value,,0.0,Low Risk,Low Priority
2585-KTFRE,1,70.45,70.45,Month-to-month,DSL,No,70.45,1,70.45,70.45,Low Value,,0.0,Low Risk,Low Priority
7994-UYIVZ,8,85.65,659.45,Month-to-month,Fiber optic,No,85.65,8,685.2,82.43125,Low Value,,0.0,Low Risk,Low Priority
2609-IAICY,1,77.15,77.15,Month-to-month,Fiber optic,Yes,77.15,1,77.15,77.15,Low Value,Yes,0.865,High Risk,Churn Risk
1740-CSDJP,1,35.25,35.25,Month-to-month,DSL,Yes,35.25,1,35.25,35.25,Low Value,,0.0,Low Risk,Low Priority
7717-BICXI,60,20.55,1205.05,Two year,No,No,20.55,60,1233.0,20.084166666666665,Medium Value,No,0.005,Low Risk,Low Priority
6559-RAKOZ,49,97.95,4917.9,One year,Fiber optic,No,97.95,49,4799.55,100.36530612244896,High Value,No,0.335,Low Risk,High Value Customer
2636-OHFMN,4,48.55,201.0,Month-to-month,DSL,Yes,48.55,4,194.2,50.25,Low Value,,0.0,Low Risk,Low Priority
4716-MRVEN,29,20.0,599.3,One year,No,No,20.0,29,580.0,20.66551724137931,Low Value,,0.0,Low Risk,Low Priority
2143-LJULT,67,25.25,1733.15,Two year,No,No,25.25,67,1691.75,25.867910447761197,Medium Value,,0.0,Low Risk,Low Priority
1323-OOEPC,53,98.4,5149.5,Month-to-month,Fiber optic,Yes,98.4,53,5215.200000000001,97.16037735849056,High Value,,0.0,Low Risk,High Value Customer
3200-MNQTF,67,70.9,4677.1,Two year,DSL,No,70.9,67,4750.3,69.80746268656716,High Value,No,0.035,Low Risk,High Value Customer
6164-HXUGH,6,19.85,119.3,Month-to-month,No,No,19.85,6,119.1,19.883333333333333,Low Value,No,0.065,Low Risk,Low Priority
5630-IXDXV,47,106.35,4849.1,Month-to-month,Fiber optic,No,106.35,47,4998.45,103.17234042553191,High Value,,0.0,Low Risk,High Value Customer
0320-DWVTU,53,99.5,5424.25,Two year,Fiber optic,No,99.5,53,5273.5,102.34433962264151,High Value,,0.0,Low Risk,High Value Customer
9135-MGVPY,69,84.7,5878.9,Two year,DSL,No,84.7,69,5844.3,85.20144927536231,High Value,,0.0,Low Risk,High Value Customer
1212-GLHMD,3,86.05,244.85,Month-to-month,Fiber optic,No,86.05,3,258.15,81.61666666666666,Low Value,,0.0,Low Risk,Low Priority
7878-JGDKK,4,44.55,220.75,Month-to-month,DSL,No,44.55,4,178.2,55.1875,Low Value,,0.0,Low Risk,Low Priority
1088-AUUZZ,56,75.85,4261.2,Two year,DSL,No,75.85,56,4247.599999999999,76.09285714285714,High Value,No,0.015,Low Risk,High Value Customer
0397-GZBBC,59,93.85,5574.75,Month-to-month,Fiber optic,Yes,93.85,59,5537.15,94.48728813559322,High Value,,0.0,Low Risk,High Value Customer
6614-YWYSC,61,25.0,1501.75,Two year,No,No,25.0,61,1525.0,24.618852459016395,Medium Value,,0.0,Low Risk,Low Priority
9588-OZDMQ,2,45.0,89.75,Month-to-month,DSL,No,45.0,2,90.0,44.875,Low Value,,0.0,Low Risk,Low Priority
7641-EUYET,46,100.7,4541.2,Month-to-month,Fiber optic,Yes,100.7,46,4632.2,98.72173913043478,High Value,,0.0,Low Risk,High Value Customer
6476-EPYZR,12,20.5,255.5,Month-to-month,No,No,20.5,12,246.0,21.291666666666668,Low Value,,0.0,Low Risk,Low Priority
9921-ZVRHG,14,80.45,1072.0,Month-to-month,Fiber optic,Yes,80.45,14,1126.3,76.57142857142857,Medium Value,,0.0,Low Risk,Low Priority
1174-FGIFN,28,90.45,2509.25,One year,Fiber optic,No,90.45,28,2532.6,89.61607142857143,Medium Value,No,0.295,Low Risk,Low Priority
6620-HVDUJ,24,60.45,1440.75,Month-to-month,DSL,No,60.45,24,1450.8000000000002,60.03125,Medium Value,,0.0,Low Risk,Low Priority
4701-MLJPN,31,55.25,1715.65,Month-to-month,DSL,Yes,55.25,31,1712.75,55.34354838709677,Medium Value,No,0.125,Low Risk,Low Priority
1032-MAELW,68,78.45,5333.35,One year,DSL,No,78.45,68,5334.6,78.43161764705883,High Value,,0.0,Low Risk,High Value Customer
7641-TQFHN,39,100.55,3895.35,Two year,Fiber optic,No,100.55,39,3921.45,99.88076923076925,High Value,No,0.17,Low Risk,High Value Customer
1552-TKMXS,42,20.35,869.9,Month-to-month,No,No,20.35,42,854.7,20.71190476190476,Low Value,,0.0,Low Risk,Low Priority
9206-GVPEQ,13,54.45,706.85,Month-to-month,DSL,Yes,54.45,13,707.85,54.37307692307692,Low Value,,0.0,Low Risk,Low Priority
1596-BBVTG,35,75.35,2636.05,Month-to-month,Fiber optic,Yes,75.35,35,2637.25,75.3157142857143,Medium Value,,0.0,Low Risk,Low Priority
6188-UXBBR,38,20.25,814.75,One year,No,No,20.25,38,769.5,21.44078947368421,Low Value,,0.0,Low Risk,Low Priority
2333-KWEWW,18,20.05,388.6,Two year,No,No,20.05,18,360.9,21.58888888888889,Low Value,,0.0,Low Risk,Low Priority
5702-SKUOB,4,19.6,93.45,Month-to-month,No,No,19.6,4,78.4,23.3625,Low Value,,0.0,Low Risk,Low Priority
1134-YWTYF,27,53.8,1389.85,Month-to-month,DSL,No,53.8,27,1452.6,51.47592592592592,Medium Value,,0.0,Low Risk,Low Priority
6061-GWWAV,41,70.2,2894.55,One year,DSL,No,70.2,41,2878.2000000000003,70.59878048780489,Medium Value,No,0.085,Low Risk,Low Priority
0679-TDGAK,50,75.5,4025.6,One year,DSL,No,75.5,50,3775.0,80.512,High Value,,0.0,Low Risk,High Value Customer
6585-WCEWR,72,20.35,1354.4,Two year,No,No,20.35,72,1465.2,18.811111111111117,Medium Value,,0.0,Low Risk,Low Priority
9067-YGSCA,70,26.05,1856.4,One year,No,No,26.05,70,1823.5,26.52,Medium Value,,0.0,Low Risk,Low Priority
9067-SQTNS,44,20.6,926.0,One year,No,No,20.6,44,906.4,21.045454545454547,Low Value,No,0.0,Low Risk,Low Priority
8433-WXGNA,2,75.7,189.2,Month-to-month,Fiber optic,Yes,75.7,2,151.4,94.6,Low Value,,0.0,Low Risk,Low Priority
1776-SPBWV,34,20.1,682.1,One year,No,No,20.1,34,683.4000000000001,20.061764705882357,Low Value,No,0.03,Low Risk,Low Priority
8735-SDUFN,72,24.3,1778.7,Two year,No,No,24.3,72,1749.6,24.704166666666666,Medium Value,No,0.0,Low Risk,Low Priority
9668-PUGNU,71,24.5,1816.2,Two year,No,No,24.5,71,1739.5,25.580281690140847,Medium Value,,0.0,Low Risk,Low Priority
9405-GPBBG,64,110.5,7069.25,Two year,Fiber optic,No,110.5,64,7072.0,110.45703125,Very High Value,No,0.045,Low Risk,VIP Customer
1926-QUZNN,72,25.25,1841.2,Two year,No,No,25.25,72,1818.0,25.572222222222223,Medium Value,No,0.0,Low Risk,Low Priority
3707-GNWHM,1,74.25,74.25,Month-to-month,Fiber optic,Yes,74.25,1,74.25,74.25,Low Value,Yes,0.8175,High Risk,Churn Risk
7016-NVRIC,29,90.1,2656.7,One year,Fiber optic,No,90.1,29,2612.9,91.6103448275862,Medium Value,,0.0,Low Risk,Low Priority
5829-NVSQN,23,68.75,1689.45,One year,DSL,No,68.75,23,1581.25,73.45434782608696,Medium Value,,0.0,Low Risk,Low Priority
9565-AXSMR,52,19.2,1054.75,Two year,No,No,19.2,52,998.4,20.283653846153847,Low Value,,0.0,Low Risk,Low Priority
8922-LIEGH,25,89.7,2187.55,Month-to-month,Fiber optic,Yes,89.7,25,2242.5,87.50200000000001,Medium Value,,0.0,Low Risk,Low Priority
8869-LIHMK,64,115.1,7334.05,Two year,Fiber optic,No,115.1,64,7366.4,114.59453125,Very High Value,,0.0,Low Risk,VIP Customer
8245-UMPYT,16,96.4,1581.2,Month-to-month,Fiber optic,Yes,96.4,16,1542.4,98.825,Medium Value,Yes,0.79,High Risk,Churn Risk
5186-SAMNZ,1,69.5,69.5,Month-to-month,Fiber optic,Yes,69.5,1,69.5,69.5,Low Value,Yes,0.765,High Risk,Churn Risk
0447-RXSGD,24,99.65,2404.85,Month-to-month,Fiber optic,No,99.65,24,2391.6000000000004,100.20208333333332,Medium Value,,0.0,Low Risk,Low Priority
4927-WWOOZ,2,91.45,171.45,Month-to-month,Fiber optic,No,91.45,2,182.9,85.725,Low Value,Yes,0.79,High Risk,Churn Risk
5788-YPOEG,34,84.75,2839.45,Two year,DSL,No,84.75,34,2881.5,83.51323529411764,Medium Value,,0.0,Low Risk,Low Priority
5373-SFODM,36,85.25,3132.75,Month-to-month,Fiber optic,Yes,85.25,36,3069.0,87.02083333333333,High Value,No,0.455,Medium Risk,High Value Customer
0661-KBKPA,53,78.75,3942.45,One year,DSL,No,78.75,53,4173.75,74.38584905660377,High Value,No,0.085,Low Risk,High Value Customer
9081-WWXKP,47,20.25,873.4,Two year,No,No,20.25,47,951.75,18.582978723404256,Low Value,,0.0,Low Risk,Low Priority
0784-ZQJZX,72,19.9,1529.65,Two year,No,No,19.9,72,1432.8,21.24513888888889,Medium Value,,0.0,Low Risk,Low Priority
3133-PZNSR,72,97.75,6991.6,Two year,Fiber optic,No,97.75,72,7038.0,97.10555555555555,Very High Value,,0.0,Low Risk,VIP Customer
5766-ZJYBB,1,19.4,19.4,Month-to-month,No,Yes,19.4,1,19.4,19.4,Low Value,No,0.2116,Low Risk,Low Priority
8931-GJJIQ,9,83.3,803.3,Month-to-month,Fiber optic,Yes,83.3,9,749.6999999999999,89.25555555555555,Low Value,,0.0,Low Risk,Low Priority
4277-PVRAN,8,80.1,679.3,Month-to-month,Fiber optic,Yes,80.1,8,640.8,84.9125,Low Value,,0.0,Low Risk,Low Priority
0022-TCJCI,45,62.7,2791.5,One year,DSL,Yes,62.7,45,2821.5,62.03333333333333,Medium Value,,0.0,Low Risk,Low Priority
0722-SVSFK,7,100.4,715.0,Month-to-month,Fiber optic,No,100.4,7,702.8000000000001,102.14285714285714,Low Value,,0.0,Low Risk,Low Priority
9600-UDOPK,30,94.05,2866.45,Month-to-month,Fiber optic,Yes,94.05,30,2821.5,95.54833333333332,Medium Value,,0.0,Low Risk,Low Priority
3612-YVGSJ,71,24.45,1681.6,Two year,No,No,24.45,71,1735.95,23.68450704225352,Medium Value,,0.0,Low Risk,Low Priority
9825-YCXWZ,41,101.1,4016.2,One year,Fiber optic,No,101.1,41,4145.099999999999,97.9560975609756,High Value,,0.0,Low Risk,High Value Customer
5397-NSKQG,67,50.9,3281.65,Two year,DSL,No,50.9,67,3410.3,48.97985074626866,High Value,,0.0,Low Risk,High Value Customer
8565-HBFNN,69,107.2,7317.1,One year,Fiber optic,No,107.2,69,7396.8,106.0449275362319,Very High Value,,0.0,Low Risk,VIP Customer
2000-DHJUY,70,92.2,6474.45,Two year,DSL,No,92.2,70,6454.0,92.49214285714284,Very High Value,,0.0,Low Risk,VIP Customer
0203-HHYIJ,25,25.3,676.35,One year,No,Yes,25.3,25,632.5,27.054,Low Value,,0.0,Low Risk,Low Priority
8670-ERCJH,72,113.4,8164.1,Two year,Fiber optic,No,113.4,72,8164.8,113.39027777777778,Very High Value,,0.0,Low Risk,VIP Customer
7758-UJWYS,34,40.55,1325.85,Two year,DSL,No,40.55,34,1378.6999999999998,38.99558823529412,Medium Value,,0.0,Low Risk,Low Priority
2050-ONYDQ,65,26.0,1654.85,Two year,No,No,26.0,65,1690.0,25.459230769230768,Medium Value,,0.0,Low Risk,Low Priority
7055-JCGNI,70,111.95,7795.95,Two year,Fiber optic,No,111.95,70,7836.5,111.37071428571429,Very High Value,,0.0,Low Risk,VIP Customer
0739-UUAJR,72,53.8,3952.45,Two year,DSL,No,53.8,72,3873.6,54.89513888888889,High Value,,0.0,Low Risk,High Value Customer
4826-DXMUP,35,72.1,2495.15,One year,DSL,No,72.1,35,2523.5,71.29,Medium Value,,0.0,Low Risk,Low Priority
0952-KMEEH,13,98.15,1230.25,Month-to-month,Fiber optic,Yes,98.15,13,1275.95,94.6346153846154,Medium Value,No,0.485,Medium Risk,Monitor
7285-KLOTR,12,78.85,876.75,One year,DSL,No,78.85,12,946.2,73.0625,Low Value,,0.0,Low Risk,Low Priority
0654-PQKDW,62,70.75,4263.45,One year,DSL,No,70.75,62,4386.5,68.76532258064516,High Value,,0.0,Low Risk,High Value Customer
7175-NTIXE,25,76.15,1992.95,Month-to-month,DSL,No,76.15,25,1903.75,79.718,Medium Value,,0.0,Low Risk,Low Priority
7963-SHNDT,52,39.1,1982.1,Two year,DSL,No,39.1,52,2033.2,38.11730769230769,Medium Value,,0.0,Low Risk,Low Priority
9796-BPKIW,8,69.95,562.7,Month-to-month,Fiber optic,No,69.95,8,559.6,70.3375,Low Value,,0.0,Low Risk,Low Priority
0188-GWFLE,2,20.05,33.7,Month-to-month,No,No,20.05,2,40.1,16.85,Low Value,,0.0,Low Risk,Low Priority
8129-GMVGI,56,20.05,1090.1,Two year,No,No,20.05,56,1122.8,19.46607142857143,Medium Value,No,0.0,Low Risk,Low Priority
2882-DDZPG,12,19.45,227.45,Month-to-month,No,No,19.45,12,233.4,18.954166666666666,Low Value,,0.0,Low Risk,Low Priority
3547-LQRIK,47,26.9,1250.85,One year,No,No,26.9,47,1264.3,26.61382978723404,Medium Value,,0.0,Low Risk,Low Priority
9137-NOQKA,2,19.2,37.2,Month-to-month,No,No,19.2,2,38.4,18.6,Low Value,,0.0,Low Risk,Low Priority
5843-TTHGI,18,50.0,892.7,Month-to-month,DSL,No,50.0,18,900.0,49.59444444444445,Low Value,,0.0,Low Risk,Low Priority
1849-RJYIG,8,60.0,487.75,Month-to-month,DSL,No,60.0,8,480.0,60.96875,Low Value,,0.0,Low Risk,Low Priority
8868-GAGIO,45,84.55,3713.95,Month-to-month,Fiber optic,No,84.55,45,3804.75,82.53222222222222,High Value,,0.0,Low Risk,High Value Customer
4061-UKJWL,3,45.45,141.7,Month-to-month,DSL,No,45.45,3,136.35000000000002,47.23333333333333,Low Value,,0.0,Low Risk,Low Priority
5380-XPJNZ,38,20.05,678.2,One year,No,No,20.05,38,761.9,17.847368421052632,Low Value,No,0.005,Low Risk,Low Priority
8263-QMNTJ,72,115.55,8425.3,Two year,Fiber optic,No,115.55,72,8319.6,117.01805555555556,Very High Value,,0.0,Low Risk,VIP Customer
8178-EYZUO,46,93.7,4154.8,Month-to-month,Fiber optic,Yes,93.7,46,4310.2,90.3217391304348,High Value,,0.0,Low Risk,High Value Customer
3230-JCNZS,71,99.0,7061.65,Two year,Fiber optic,No,99.0,71,7029.0,99.45985915492956,Very High Value,,0.0,Low Risk,VIP Customer
0277-ORXQS,66,50.55,3364.55,Two year,DSL,No,50.55,66,3336.3,50.97803030303031,High Value,,0.0,Low Risk,High Value Customer
5130-IEKQT,25,105.95,2655.25,Month-to-month,Fiber optic,Yes,105.95,25,2648.75,106.21,Medium Value,,0.0,Low Risk,Low Priority
3230-WYKIR,18,82.0,1425.45,One year,DSL,Yes,82.0,18,1476.0,79.19166666666666,Medium Value,,0.0,Low Risk,Low Priority
7996-BPXHY,13,25.0,332.5,Two year,No,No,25.0,13,325.0,25.57692307692308,Low Value,No,0.015,Low Risk,Low Priority
3227-WLKLI,65,91.55,5963.95,Two year,DSL,No,91.55,65,5950.75,91.75307692307692,High Value,,0.0,Low Risk,High Value Customer
0407-BDJKB,60,95.75,5742.9,Month-to-month,Fiber optic,Yes,95.75,60,5745.0,95.715,High Value,,0.0,Low Risk,High Value Customer
2266-FUBDZ,15,19.35,278.85,Two year,No,No,19.35,15,290.25,18.59,Low Value,No,0.0,Low Risk,Low Priority
8237-ULIXL,72,24.85,1871.85,Two year,No,No,24.85,72,1789.2,25.997916666666665,Medium Value,,0.0,Low Risk,Low Priority
8216-AZUUZ,42,100.4,4303.65,Two year,Fiber optic,No,100.4,42,4216.8,102.46785714285711,High Value,,0.0,Low Risk,High Value Customer
9153-BTBVV,71,25.0,1753.0,Two year,No,No,25.0,71,1775.0,24.690140845070424,Medium Value,,0.0,Low Risk,Low Priority
4074-SJFFA,1,54.75,54.75,Month-to-month,DSL,Yes,54.75,1,54.75,54.75,Low Value,,0.0,Low Risk,Low Priority
3269-ATYWD,39,95.65,3759.05,Month-to-month,Fiber optic,Yes,95.65,39,3730.35,96.38589743589743,High Value,,0.0,Low Risk,High Value Customer
5186-PEIZU,35,19.25,617.65,Month-to-month,No,No,19.25,35,673.75,17.647142857142857,Low Value,,0.0,Low Risk,Low Priority
1074-AMIOH,53,108.25,5935.1,Month-to-month,Fiber optic,No,108.25,53,5737.25,111.98301886792451,High Value,No,0.185,Low Risk,High Value Customer
4910-GMJOT,1,94.6,94.6,Month-to-month,Fiber optic,Yes,94.6,1,94.6,94.6,Low Value,,0.0,Low Risk,Low Priority
0354-WYROK,31,98.9,2911.3,Month-to-month,Fiber optic,Yes,98.9,31,3065.9,93.91290322580646,High Value,,0.0,Low Risk,High Value Customer
4361-FEBGN,48,20.15,982.95,Two year,No,No,20.15,48,967.2,20.478125,Low Value,,0.0,Low Risk,Low Priority
7748-UMTRK,30,101.3,2974.5,Month-to-month,Fiber optic,No,101.3,30,3039.0,99.15,High Value,Yes,0.51,Medium Risk,High Value Customer
0380-ZCSBI,10,20.0,198.7,Month-to-month,No,No,20.0,10,200.0,19.87,Low Value,,0.0,Low Risk,Low Priority
7145-FEJWU,12,105.3,1275.65,Month-to-month,Fiber optic,No,105.3,12,1263.6,106.30416666666667,Medium Value,,0.0,Low Risk,Low Priority
6463-MVYRY,57,69.85,4003.0,Two year,DSL,No,69.85,57,3981.45,70.2280701754386,High Value,,0.0,Low Risk,High Value Customer
3969-JQABI,58,65.25,3791.6,Month-to-month,DSL,No,65.25,58,3784.5,65.37241379310345,High Value,,0.0,Low Risk,High Value Customer
9624-EGDEQ,37,19.8,813.3,Two year,No,No,19.8,37,732.6,21.98108108108108,Low Value,,0.0,Low Risk,Low Priority
1051-EQPZR,44,19.6,780.25,Month-to-month,No,No,19.6,44,862.4000000000001,17.732954545454547,Low Value,,0.0,Low Risk,Low Priority
5849-ASHZJ,27,20.05,552.9,One year,No,No,20.05,27,541.35,20.477777777777774,Low Value,,0.0,Low Risk,Low Priority
5780-INQIK,8,49.4,408.25,Month-to-month,DSL,No,49.4,8,395.2,51.03125,Low Value,,0.0,Low Risk,Low Priority
7576-OYWBN,3,76.05,231.8,Month-to-month,Fiber optic,Yes,76.05,3,228.15,77.26666666666667,Low Value,,0.0,Low Risk,Low Priority
4526-ZJJTM,25,88.4,2191.15,Month-to-month,Fiber optic,No,88.4,25,2210.0,87.646,Medium Value,No,0.265,Low Risk,Low Priority
8384-FZBJK,57,100.6,5611.7,Month-to-month,Fiber optic,No,100.6,57,5734.2,98.45087719298245,High Value,,0.0,Low Risk,High Value Customer
3750-RNQKR,12,19.45,246.25,Month-to-month,No,No,19.45,12,233.4,20.52083333333333,Low Value,,0.0,Low Risk,Low Priority
0962-CQPWQ,62,20.3,1296.15,Two year,No,No,20.3,62,1258.6,20.905645161290323,Medium Value,No,0.0,Low Risk,Low Priority
3096-YXENJ,65,107.65,7082.85,Two year,Fiber optic,No,107.65,65,6997.25,108.96692307692308,Very High Value,,0.0,Low Risk,VIP Customer
1265-BCFEO,71,80.45,5662.25,Two year,DSL,No,80.45,71,5711.95,79.75,High Value,,0.0,Low Risk,High Value Customer
5837-LXSDN,21,58.85,1215.45,One year,DSL,No,58.85,21,1235.85,57.87857142857143,Medium Value,,0.0,Low Risk,Low Priority
5945-AZYHT,71,109.6,7854.15,One year,Fiber optic,No,109.6,71,7781.599999999999,110.6218309859155,Very High Value,,0.0,Low Risk,VIP Customer
8325-QRPZR,7,75.15,525.0,Month-to-month,Fiber optic,No,75.15,7,526.0500000000001,75.0,Low Value,,0.0,Low Risk,Low Priority
6384-VMJHP,72,73.0,5265.2,Two year,DSL,No,73.0,72,5256.0,73.12777777777778,High Value,,0.0,Low Risk,High Value Customer
2262-SLNVK,1,70.1,70.1,Month-to-month,Fiber optic,No,70.1,1,70.1,70.1,Low Value,,0.0,Low Risk,Low Priority
7730-CLDSV,72,98.65,7129.45,Two year,Fiber optic,No,98.65,72,7102.8,99.02013888888888,Very High Value,,0.0,Low Risk,VIP Customer
1135-HIORI,64,111.45,7266.95,One year,Fiber optic,No,111.45,64,7132.8,113.54609375,Very High Value,,0.0,Low Risk,VIP Customer
0164-APGRB,72,114.9,8496.7,Two year,Fiber optic,No,114.9,72,8272.800000000001,118.00972222222224,Very High Value,No,0.06,Low Risk,VIP Customer
6481-ESCNL,29,100.55,2878.75,Month-to-month,Fiber optic,No,100.55,29,2915.95,99.26724137931036,Medium Value,No,0.29,Low Risk,Low Priority
1790-NESIO,13,20.4,261.3,Two year,No,No,20.4,13,265.2,20.1,Low Value,,0.0,Low Risk,Low Priority
1550-EENBN,31,104.35,3205.6,Month-to-month,Fiber optic,No,104.35,31,3234.85,103.40645161290324,High Value,,0.0,Low Risk,High Value Customer
5539-TMZLF,1,69.75,69.75,Month-to-month,Fiber optic,Yes,69.75,1,69.75,69.75,Low Value,,0.0,Low Risk,Low Priority
4323-SADQS,7,34.5,279.25,Month-to-month,DSL,Yes,34.5,7,241.5,39.892857142857146,Low Value,No,0.25,Low Risk,Low Priority
4446-BZKHU,61,105.55,6281.45,Month-to-month,Fiber optic,Yes,105.55,61,6438.55,102.97459016393442,Very High Value,,0.0,Low Risk,VIP Customer
5202-IVJNU,39,30.1,1131.3,Month-to-month,DSL,Yes,30.1,39,1173.9,29.007692307692302,Medium Value,,0.0,Low Risk,Low Priority
5976-JCJRH,10,70.3,738.2,Month-to-month,Fiber optic,Yes,70.3,10,703.0,73.82000000000001,Low Value,,0.0,Low Risk,Low Priority
8198-RKSZG,14,80.45,1137.05,Month-to-month,DSL,No,80.45,14,1126.3,81.21785714285714,Medium Value,,0.0,Low Risk,Low Priority
0137-OCGAB,1,80.2,80.2,Month-to-month,Fiber optic,Yes,80.2,1,80.2,80.2,Low Value,,0.0,Low Risk,Low Priority
3351-NQLDI,67,94.35,6341.45,One year,Fiber optic,Yes,94.35,67,6321.45,94.64850746268657,Very High Value,,0.0,Low Risk,VIP Customer
9297-EONCV,72,91.35,6697.2,Two year,DSL,No,91.35,72,6577.2,93.01666666666668,Very High Value,,0.0,Low Risk,VIP Customer
7593-JNWRU,6,44.6,260.8,Month-to-month,DSL,Yes,44.6,6,267.6,43.46666666666667,Low Value,,0.0,Low Risk,Low Priority
4588-YBNIB,1,19.6,19.6,Month-to-month,No,Yes,19.6,1,19.6,19.6,Low Value,,0.0,Low Risk,Low Priority
1069-QJOEE,25,19.9,505.45,One year,No,No,19.9,25,497.5,20.218,Low Value,,0.0,Low Risk,Low Priority
3336-JORSO,33,110.45,3655.45,Month-to-month,Fiber optic,Yes,110.45,33,3644.85,110.77121212121212,High Value,,0.0,Low Risk,High Value Customer
7799-DSEWS,18,68.35,1299.8,Month-to-month,DSL,No,68.35,18,1230.3,72.21111111111111,Medium Value,,0.0,Low Risk,Low Priority
8766-PAFNE,71,79.1,5564.85,Two year,DSL,No,79.1,71,5616.099999999999,78.3781690140845,High Value,,0.0,Low Risk,High Value Customer
5315-CKEQK,28,51.0,1381.8,One year,DSL,No,51.0,28,1428.0,49.35,Medium Value,,0.0,Low Risk,Low Priority
3130-ICDUP,2,80.55,188.1,Month-to-month,Fiber optic,No,80.55,2,161.1,94.05,Low Value,,0.0,Low Risk,Low Priority
0820-FNRNX,17,66.7,1077.05,Month-to-month,DSL,No,66.7,17,1133.9,63.35588235294117,Medium Value,,0.0,Low Risk,Low Priority
0880-FVFWF,56,86.4,4922.4,Month-to-month,Fiber optic,No,86.4,56,4838.400000000001,87.89999999999999,High Value,,0.0,Low Risk,High Value Customer
4611-ANLQC,60,50.05,2911.5,One year,DSL,No,50.05,60,3003.0,48.525,High Value,,0.0,Low Risk,High Value Customer
4213-HKBJO,33,25.7,826.1,Two year,No,No,25.7,33,848.1,25.03333333333333,Low Value,No,0.09,Low Risk,Low Priority
2792-LSHWX,1,83.4,83.4,Month-to-month,Fiber optic,No,83.4,1,83.4,83.4,Low Value,,0.0,Low Risk,Low Priority
5028-GZLDO,2,70.7,140.7,Month-to-month,Fiber optic,Yes,70.7,2,141.4,70.35,Low Value,,0.0,Low Risk,Low Priority
0014-BMAQU,63,84.65,5377.8,Two year,Fiber optic,No,84.65,63,5332.950000000001,85.36190476190477,High Value,,0.0,Low Risk,High Value Customer
6861-XWTWQ,7,99.25,665.45,Month-to-month,Fiber optic,Yes,99.25,7,694.75,95.06428571428572,Low Value,Yes,0.885,High Risk,Churn Risk
9018-PCIOK,55,64.75,3617.1,Two year,DSL,No,64.75,55,3561.25,65.76545454545455,High Value,,0.0,Low Risk,High Value Customer
4837-QUSFT,65,100.15,6643.5,One year,Fiber optic,No,100.15,65,6509.75,102.20769230769233,Very High Value,,0.0,Low Risk,VIP Customer
6877-TJMBR,1,84.8,84.8,Month-to-month,Fiber optic,Yes,84.8,1,84.8,84.8,Low Value,,0.0,Low Risk,Low Priority
9953-ZMKSM,63,25.25,1559.3,Two year,No,No,25.25,63,1590.75,24.75079365079365,Medium Value,,0.0,Low Risk,Low Priority
0907-HQNTS,70,113.0,7987.6,Two year,Fiber optic,No,113.0,70,7910.0,114.10857142857144,Very High Value,,0.0,Low Risk,VIP Customer
7665-NKLAV,36,40.65,1547.35,Two year,DSL,No,40.65,36,1463.4,42.98194444444445,Medium Value,,0.0,Low Risk,Low Priority
6769-DCQLI,52,105.0,5426.85,One year,Fiber optic,Yes,105.0,52,5460.0,104.3625,High Value,,0.0,Low Risk,High Value Customer
2433-KMEAS,22,54.45,1127.35,Month-to-month,DSL,Yes,54.45,22,1197.9,51.24318181818182,Medium Value,,0.0,Low Risk,Low Priority
4391-LNRXK,22,94.95,2142.8,Month-to-month,Fiber optic,No,94.95,22,2088.9,97.4,Medium Value,,0.0,Low Risk,Low Priority
8250-ZNGGW,5,59.9,287.85,Month-to-month,DSL,No,59.9,5,299.5,57.57000000000001,Low Value,,0.0,Low Risk,Low Priority
2195-ZRVAX,47,85.3,4045.65,Month-to-month,Fiber optic,Yes,85.3,47,4009.1,86.07765957446809,High Value,,0.0,Low Risk,High Value Customer
3550-SAHFP,33,83.35,2757.85,Month-to-month,Fiber optic,Yes,83.35,33,2750.55,83.57121212121211,Medium Value,,0.0,Low Risk,Low Priority
2011-TRQYE,18,33.5,600.0,Month-to-month,DSL,Yes,33.5,18,603.0,33.333333333333336,Low Value,,0.0,Low Risk,Low Priority
8562-GHPPI,1,19.8,19.8,Month-to-month,No,No,19.8,1,19.8,19.8,Low Value,,0.0,Low Risk,Low Priority
5893-PYOLZ,56,81.8,4534.45,Two year,DSL,No,81.8,56,4580.8,80.97232142857142,High Value,No,0.03,Low Risk,High Value Customer
4986-MXSFP,2,20.0,40.9,Month-to-month,No,No,20.0,2,40.0,20.45,Low Value,,0.0,Low Risk,Low Priority
6131-FOYAS,35,59.6,2094.9,Month-to-month,DSL,No,59.6,35,2086.0,59.85428571428572,Medium Value,,0.0,Low Risk,Low Priority
3027-YNWZU,64,25.0,1584.8,Two year,No,No,25.0,64,1600.0,24.7625,Medium Value,No,0.0,Low Risk,Low Priority
5609-IMCGG,15,84.35,1302.65,Month-to-month,Fiber optic,No,84.35,15,1265.25,86.84333333333333,Medium Value,No,0.285,Low Risk,Low Priority
4873-ILOLJ,24,90.35,2238.5,Month-to-month,Fiber optic,Yes,90.35,24,2168.4,93.27083333333331,Medium Value,Yes,0.61,Medium Risk,Monitor
4727-MCYZG,1,55.55,55.55,Month-to-month,DSL,No,55.55,1,55.55,55.55,Low Value,,0.0,Low Risk,Low Priority
9481-WHGWY,70,75.35,5437.75,Two year,DSL,No,75.35,70,5274.5,77.68214285714286,High Value,,0.0,Low Risk,High Value Customer
2725-KXXWT,1,90.75,90.75,Month-to-month,Fiber optic,Yes,90.75,1,90.75,90.75,Low Value,,0.0,Low Risk,Low Priority
9565-DJPIB,4,89.6,365.65,Month-to-month,Fiber optic,Yes,89.6,4,358.4,91.4125,Low Value,,0.0,Low Risk,Low Priority
4328-VUFWD,39,59.3,2209.15,One year,DSL,No,59.3,39,2312.7,56.6448717948718,Medium Value,,0.0,Low Risk,Low Priority
3301-LSLWQ,29,66.1,1912.15,Month-to-month,DSL,No,66.1,29,1916.9,65.93620689655172,Medium Value,,0.0,Low Risk,Low Priority
7473-ZBDSN,14,18.8,255.55,Two year,No,No,18.8,14,263.2,18.25357142857143,Low Value,,0.0,Low Risk,Low Priority
3166-PNEOF,61,86.45,5175.3,Two year,DSL,No,86.45,61,5273.45,84.84098360655739,High Value,,0.0,Low Risk,High Value Customer
5639-NTUPK,13,52.1,670.65,Month-to-month,DSL,No,52.1,13,677.3000000000001,51.58846153846154,Low Value,,0.0,Low Risk,Low Priority
8780-YRMTT,66,47.4,3177.25,Two year,DSL,No,47.4,66,3128.4,48.14015151515152,High Value,,0.0,Low Risk,High Value Customer
8348-HFYIV,2,49.25,90.35,Month-to-month,DSL,Yes,49.25,2,98.5,45.175,Low Value,,0.0,Low Risk,Low Priority
5140-FOMCQ,59,109.15,6557.75,One year,Fiber optic,No,109.15,59,6439.85,111.14830508474576,Very High Value,No,0.08,Low Risk,VIP Customer
6242-SGYTS,62,94.95,5791.85,One year,Fiber optic,No,94.95,62,5886.900000000001,93.41693548387096,High Value,No,0.055,Low Risk,High Value Customer
8166-ORCHU,33,93.55,3055.5,One year,Fiber optic,No,93.55,33,3087.15,92.5909090909091,High Value,No,0.19,Low Risk,High Value Customer
8414-OOEEL,66,79.5,5196.1,Two year,DSL,No,79.5,66,5247.0,78.72878787878788,High Value,,0.0,Low Risk,High Value Customer
8454-AATJP,72,115.05,8405.0,Two year,Fiber optic,No,115.05,72,8283.6,116.73611111111111,Very High Value,,0.0,Low Risk,VIP Customer
6849-WLEYG,1,19.75,19.75,Month-to-month,No,Yes,19.75,1,19.75,19.75,Low Value,,0.0,Low Risk,Low Priority
4659-NZRUF,19,95.15,1789.25,Month-to-month,Fiber optic,Yes,95.15,19,1807.85,94.17105263157896,Medium Value,,0.0,Low Risk,Low Priority
4531-AUZNK,51,95.15,5000.05,One year,Fiber optic,No,95.15,51,4852.650000000001,98.04019607843138,High Value,,0.0,Low Risk,High Value Customer
4191-XOVOM,63,105.4,6713.2,Month-to-month,Fiber optic,No,105.4,63,6640.200000000001,106.55873015873016,Very High Value,,0.0,Low Risk,VIP Customer
2150-OEGBV,27,20.1,562.6,One year,No,No,20.1,27,542.7,20.83703703703704,Low Value,No,0.025,Low Risk,Low Priority
8429-XIBUM,22,101.35,2317.1,Month-to-month,Fiber optic,Yes,101.35,22,2229.7,105.32272727272726,Medium Value,,0.0,Low Risk,Low Priority
1855-CFULU,4,20.05,91.45,Month-to-month,No,No,20.05,4,80.2,22.8625,Low Value,No,0.21,Low Risk,Low Priority
4878-BUNFV,42,20.7,828.85,Two year,No,No,20.7,42,869.4,19.73452380952381,Low Value,,0.0,Low Risk,Low Priority
1872-EBWSC,29,20.35,617.35,One year,No,No,20.35,29,590.1500000000001,21.28793103448276,Low Value,,0.0,Low Risk,Low Priority
2608-BHKFN,4,70.05,266.9,Month-to-month,Fiber optic,Yes,70.05,4,280.2,66.725,Low Value,,0.0,Low Risk,Low Priority
7026-YMSBE,30,19.7,625.05,One year,No,No,19.7,30,591.0,20.835,Low Value,,0.0,Low Risk,Low Priority
7341-LXCAF,4,74.65,301.4,Month-to-month,Fiber optic,Yes,74.65,4,298.6,75.35,Low Value,,0.0,Low Risk,Low Priority
6997-UVGOX,71,85.45,6029.9,Two year,DSL,No,85.45,71,6066.95,84.9281690140845,Very High Value,,0.0,Low Risk,VIP Customer
9674-EHPPG,46,40.4,1842.7,Two year,DSL,No,40.4,46,1858.4,40.05869565217392,Medium Value,No,0.05,Low Risk,Low Priority
9462-MJUAW,4,50.4,206.6,Month-to-month,DSL,Yes,50.4,4,201.6,51.65,Low Value,,0.0,Low Risk,Low Priority
8128-YVJRG,7,79.65,604.7,Month-to-month,Fiber optic,Yes,79.65,7,557.5500000000001,86.38571428571429,Low Value,,0.0,Low Risk,Low Priority
5440-VHLUL,69,105.2,7386.05,One year,Fiber optic,No,105.2,69,7258.8,107.04420289855072,Very High Value,No,0.45,Medium Risk,VIP Customer
5781-BKHOP,72,100.65,7334.05,Two year,Fiber optic,No,100.65,72,7246.8,101.86180555555556,Very High Value,,0.0,Low Risk,VIP Customer
4283-FUTGF,19,79.85,1471.75,Month-to-month,Fiber optic,Yes,79.85,19,1517.15,77.46052631578948,Medium Value,Yes,0.595,Medium Risk,Monitor
5213-TWWJU,28,91.0,2626.15,Month-to-month,Fiber optic,No,91.0,28,2548.0,93.79107142857144,Medium Value,No,0.215,Low Risk,Low Priority
1569-TTNYJ,5,78.75,412.1,Month-to-month,Fiber optic,Yes,78.75,5,393.75,82.42,Low Value,,0.0,Low Risk,Low Priority
8628-MFKAX,72,116.75,8277.05,Two year,Fiber optic,No,116.75,72,8406.0,114.95902777777776,Very High Value,,0.0,Low Risk,VIP Customer
2397-BRLOM,8,80.45,583.45,Month-to-month,Fiber optic,Yes,80.45,8,643.6,72.93125,Low Value,,0.0,Low Risk,Low Priority
7629-WIXZF,7,59.1,369.25,One year,DSL,No,59.1,7,413.7,52.75,Low Value,No,0.22,Low Risk,Low Priority
5445-GLVOT,22,49.8,1049.05,Month-to-month,DSL,No,49.8,22,1095.6,47.684090909090905,Medium Value,,0.0,Low Risk,Low Priority
3976-HXHCE,72,19.3,1414.8,Two year,No,No,19.3,72,1389.6,19.65,Medium Value,,0.0,Low Risk,Low Priority
2466-NEJOJ,8,19.65,169.75,Month-to-month,No,No,19.65,8,157.2,21.21875,Low Value,,0.0,Low Risk,Low Priority
0254-KCJGT,52,81.4,4354.45,One year,DSL,No,81.4,52,4232.8,83.73942307692307,High Value,No,0.105,Low Risk,High Value Customer
5472-CVMDX,68,38.9,2719.2,Two year,DSL,No,38.9,68,2645.2,39.98823529411764,Medium Value,,0.0,Low Risk,Low Priority
6461-SZMCV,71,87.95,6365.35,Two year,DSL,No,87.95,71,6244.45,89.65281690140846,Very High Value,,0.0,Low Risk,VIP Customer
8150-QUDFX,2,19.85,51.6,Month-to-month,No,No,19.85,2,39.7,25.8,Low Value,,0.0,Low Risk,Low Priority
9508-ILZDG,34,96.35,3190.25,Month-to-month,Fiber optic,No,96.35,34,3275.9,93.83088235294116,High Value,No,0.49,Medium Risk,High Value Customer
2346-DJQTB,35,24.15,812.5,Month-to-month,DSL,No,24.15,35,845.25,23.214285714285715,Low Value,,0.0,Low Risk,Low Priority
1697-LYYYX,61,19.1,1143.8,One year,No,No,19.1,61,1165.1,18.750819672131147,Medium Value,No,0.02,Low Risk,Low Priority
1942-OQFRW,1,44.0,44.0,Month-to-month,DSL,No,44.0,1,44.0,44.0,Low Value,No,0.275,Low Risk,Low Priority
4749-VFKVB,1,50.1,50.1,Month-to-month,DSL,Yes,50.1,1,50.1,50.1,Low Value,,0.0,Low Risk,Low Priority
9640-ZSLDC,53,60.6,3297.0,One year,DSL,No,60.6,53,3211.8,62.20754716981132,High Value,No,0.08,Low Risk,High Value Customer
4231-LZUYM,72,25.65,1887.0,Two year,No,No,25.65,72,1846.8,26.20833333333333,Medium Value,,0.0,Low Risk,Low Priority
7598-UAASY,2,76.4,151.8,Month-to-month,Fiber optic,Yes,76.4,2,152.8,75.9,Low Value,,0.0,Low Risk,Low Priority
7938-OUHIO,3,98.7,293.65,Month-to-month,Fiber optic,Yes,98.7,3,296.1,97.88333333333333,Low Value,,0.0,Low Risk,Low Priority
8510-AWCXC,13,100.8,1308.1,Month-to-month,Fiber optic,Yes,100.8,13,1310.4,100.62307692307692,Medium Value,,0.0,Low Risk,Low Priority
6128-AQBMT,41,53.95,2215.4,Month-to-month,DSL,No,53.95,41,2211.9500000000003,54.03414634146342,Medium Value,No,0.47,Medium Risk,Monitor
3594-BDSOA,24,20.4,482.8,One year,No,No,20.4,24,489.6,20.116666666666667,Low Value,,0.0,Low Risk,Low Priority
0431-APWVY,28,90.1,2598.95,One year,Fiber optic,Yes,90.1,28,2522.8,92.81964285714284,Medium Value,No,0.26,Low Risk,Low Priority
5133-VRSAB,8,29.35,216.45,Month-to-month,DSL,No,29.35,8,234.8,27.05625,Low Value,,0.0,Low Risk,Low Priority
5996-DAOQL,1,20.45,20.45,Month-to-month,No,No,20.45,1,20.45,20.45,Low Value,,0.0,Low Risk,Low Priority
6838-YAUVY,54,95.1,5064.85,Two year,Fiber optic,No,95.1,54,5135.4,93.79351851851852,High Value,,0.0,Low Risk,High Value Customer
0484-JPBRU,41,25.25,996.45,Month-to-month,No,No,25.25,41,1035.25,24.303658536585367,Medium Value,,0.0,Low Risk,Low Priority
7883-ROJOC,19,44.9,839.65,Month-to-month,DSL,No,44.9,19,853.1,44.19210526315789,Low Value,,0.0,Low Risk,Low Priority
0244-LGNFY,72,92.65,6733.0,Two year,DSL,No,92.65,72,6670.8,93.51388888888889,Very High Value,,0.0,Low Risk,VIP Customer
7274-CGTOD,62,43.7,2618.3,Two year,DSL,No,43.7,62,2709.4,42.230645161290326,Medium Value,,0.0,Low Risk,Low Priority
4295-YURET,56,72.6,4084.35,Two year,DSL,No,72.6,56,4065.6,72.93482142857142,High Value,,0.0,Low Risk,High Value Customer
3426-NIYYL,15,51.55,765.5,Month-to-month,DSL,Yes,51.55,15,773.25,51.03333333333333,Low Value,,0.0,Low Risk,Low Priority
8225-BTJAU,10,79.25,793.55,Month-to-month,Fiber optic,Yes,79.25,10,792.5,79.35499999999999,Low Value,,0.0,Low Risk,Low Priority
4635-EJYPD,32,18.95,613.95,Two year,No,No,18.95,32,606.4,19.1859375,Low Value,,0.0,Low Risk,Low Priority
1866-ZSLJM,21,20.5,402.85,Month-to-month,No,No,20.5,21,430.5,19.183333333333334,Low Value,,0.0,Low Risk,Low Priority
4636-TVXVG,62,19.95,1244.8,One year,No,No,19.95,62,1236.9,20.07741935483871,Medium Value,,0.0,Low Risk,Low Priority
4236-UJPWO,2,24.5,46.4,Month-to-month,DSL,No,24.5,2,49.0,23.2,Low Value,,0.0,Low Risk,Low Priority
9392-XBGTD,27,20.6,581.85,Two year,No,No,20.6,27,556.2,21.55,Low Value,,0.0,Low Risk,Low Priority
3387-VATUS,5,94.85,462.8,Month-to-month,Fiber optic,Yes,94.85,5,474.25,92.56,Low Value,,0.0,Low Risk,Low Priority
6402-SSEJG,25,61.05,1540.2,One year,DSL,No,61.05,25,1526.25,61.608,Medium Value,,0.0,Low Risk,Low Priority
1143-NMNQJ,2,85.7,169.8,Month-to-month,Fiber optic,Yes,85.7,2,171.4,84.9,Low Value,Yes,0.905,High Risk,Churn Risk
1169-SAOCL,49,106.65,5168.1,One year,Fiber optic,No,106.65,49,5225.85,105.47142857142858,High Value,,0.0,Low Risk,High Value Customer
1110-KYLGQ,63,108.25,6780.1,Month-to-month,Fiber optic,No,108.25,63,6819.75,107.62063492063491,Very High Value,No,0.125,Low Risk,VIP Customer
9929-PLVPA,4,20.4,94.5,Month-to-month,No,No,20.4,4,81.6,23.625,Low Value,,0.0,Low Risk,Low Priority
3518-PZXZQ,1,55.3,55.3,Month-to-month,DSL,No,55.3,1,55.3,55.3,Low Value,,0.0,Low Risk,Low Priority
2371-JUNGC,11,20.25,208.0,Month-to-month,No,No,20.25,11,222.75,18.90909090909091,Low Value,,0.0,Low Risk,Low Priority
7693-QPEFS,52,72.95,3829.75,Month-to-month,Fiber optic,No,72.95,52,3793.4,73.64903846153847,High Value,,0.0,Low Risk,High Value Customer
0924-BJCRC,60,89.45,5294.6,Month-to-month,Fiber optic,No,89.45,60,5367.0,88.24333333333334,High Value,,0.0,Low Risk,High Value Customer
5074-FBGHB,64,104.65,6889.8,One year,Fiber optic,No,104.65,64,6697.6,107.653125,Very High Value,,0.0,Low Risk,VIP Customer
2351-BKRZW,43,75.2,3254.35,Two year,DSL,No,75.2,43,3233.6,75.68255813953488,High Value,,0.0,Low Risk,High Value Customer
4455-BFSPD,61,101.15,6383.9,One year,Fiber optic,No,101.15,61,6170.150000000001,104.65409836065574,Very High Value,,0.0,Low Risk,VIP Customer
0415-MOSGF,1,44.4,44.4,Month-to-month,DSL,Yes,44.4,1,44.4,44.4,Low Value,,0.0,Low Risk,Low Priority
1724-BQUHA,5,89.5,477.7,Month-to-month,Fiber optic,Yes,89.5,5,447.5,95.54,Low Value,,0.0,Low Risk,Low Priority
3948-KXDUF,66,68.75,4447.55,Two year,DSL,No,68.75,66,4537.5,67.38712121212122,High Value,No,0.01,Low Risk,High Value Customer
2323-ARSVR,67,111.05,7321.05,Two year,Fiber optic,No,111.05,67,7440.349999999999,109.26940298507463,Very High Value,No,0.065,Low Risk,VIP Customer
0815-MFZGM,42,99.0,4135.0,Two year,Fiber optic,No,99.0,42,4158.0,98.45238095238096,High Value,,0.0,Low Risk,High Value Customer
4826-XTSOH,1,86.05,86.05,Month-to-month,Fiber optic,Yes,86.05,1,86.05,86.05,Low Value,,0.0,Low Risk,Low Priority
5480-XTFFL,31,21.0,697.7,Two year,No,No,21.0,31,651.0,22.506451612903227,Low Value,,0.0,Low Risk,Low Priority
8295-FHIVV,7,19.4,168.65,Month-to-month,No,No,19.4,7,135.79999999999998,24.092857142857145,Low Value,,0.0,Low Risk,Low Priority
2495-INZWQ,4,44.55,174.3,Month-to-month,DSL,Yes,44.55,4,178.2,43.575,Low Value,Yes,0.7,High Risk,Churn Risk
9086-YJYXS,34,77.2,2753.8,One year,DSL,No,77.2,34,2624.8,80.99411764705883,Medium Value,,0.0,Low Risk,Low Priority
1179-INLAT,3,19.45,69.25,One year,No,No,19.45,3,58.35,23.08333333333333,Low Value,,0.0,Low Risk,Low Priority
7909-FIOIY,19,24.85,434.8,Month-to-month,DSL,No,24.85,19,472.15,22.88421052631579,Low Value,,0.0,Low Risk,Low Priority
4139-SUGLD,31,35.4,1077.5,Month-to-month,DSL,Yes,35.4,31,1097.4,34.75806451612903,Medium Value,,0.0,Low Risk,Low Priority
6857-VWJDT,1,95.65,95.65,Month-to-month,Fiber optic,Yes,95.65,1,95.65,95.65,Low Value,Yes,0.8170999999999999,High Risk,Churn Risk
6351-SCJKT,3,41.35,107.25,Month-to-month,DSL,No,41.35,3,124.05,35.75,Low Value,,0.0,Low Risk,Low Priority
5468-BPMMO,46,19.6,851.2,Month-to-month,No,No,19.6,46,901.6,18.50434782608696,Low Value,No,0.04,Low Risk,Low Priority
5624-BQSSA,1,20.95,20.95,Month-to-month,No,Yes,20.95,1,20.95,20.95,Low Value,,0.0,Low Risk,Low Priority
0197-PNKNK,69,84.45,5848.6,One year,Fiber optic,No,84.45,69,5827.05,84.76231884057971,High Value,,0.0,Low Risk,High Value Customer
2439-QKJUL,5,20.25,109.8,Month-to-month,No,No,20.25,5,101.25,21.96,Low Value,,0.0,Low Risk,Low Priority
1194-SPVSP,1,19.65,19.65,Month-to-month,No,No,19.65,1,19.65,19.65,Low Value,No,0.2648,Low Risk,Low Priority
9534-NSXEM,26,20.65,595.5,One year,No,No,20.65,26,536.9,22.903846153846157,Low Value,No,0.0,Low Risk,Low Priority
2408-WITXK,10,34.7,329.8,Month-to-month,DSL,Yes,34.7,10,347.0,32.980000000000004,Low Value,,0.0,Low Risk,Low Priority
8929-KSWIH,25,99.3,2513.5,Two year,Fiber optic,No,99.3,25,2482.5,100.54,Medium Value,,0.0,Low Risk,Low Priority
2250-IVBWA,64,81.05,5135.35,Month-to-month,Fiber optic,No,81.05,64,5187.2,80.23984375,High Value,No,0.135,Low Risk,High Value Customer
1810-MVMAI,30,67.6,2000.2,Month-to-month,DSL,No,67.6,30,2028.0,66.67333333333333,Medium Value,,0.0,Low Risk,Low Priority
9506-UXUSK,13,70.15,931.75,Month-to-month,Fiber optic,No,70.15,13,911.95,71.67307692307692,Low Value,,0.0,Low Risk,Low Priority
1229-RCALF,64,115.0,7396.15,One year,Fiber optic,No,115.0,64,7360.0,115.56484375,Very High Value,,0.0,Low Risk,VIP Customer
3572-UOLYZ,46,84.8,3958.85,Month-to-month,Fiber optic,No,84.8,46,3900.8,86.06195652173913,High Value,,0.0,Low Risk,High Value Customer
1429-UYJSV,12,19.7,260.9,One year,No,No,19.7,12,236.4,21.741666666666664,Low Value,,0.0,Low Risk,Low Priority
5577-OTWWW,15,19.75,297.3,Month-to-month,No,Yes,19.75,15,296.25,19.82,Low Value,,0.0,Low Risk,Low Priority
6100-QQHEB,17,92.55,1515.1,Month-to-month,Fiber optic,Yes,92.55,17,1573.35,89.12352941176471,Medium Value,,0.0,Low Risk,Low Priority
6366-XIVKZ,13,63.15,816.8,Month-to-month,DSL,No,63.15,13,820.9499999999999,62.83076923076923,Low Value,No,0.22,Low Risk,Low Priority
3470-OBUET,67,74.0,4868.4,Two year,DSL,No,74.0,67,4958.0,72.66268656716417,High Value,No,0.02,Low Risk,High Value Customer
2770-NSVDG,24,29.1,688.0,Month-to-month,DSL,No,29.1,24,698.4000000000001,28.666666666666668,Low Value,No,0.285,Low Risk,Low Priority
9375-MHRRS,6,50.05,288.35,Month-to-month,DSL,No,50.05,6,300.29999999999995,48.05833333333334,Low Value,,0.0,Low Risk,Low Priority
2634-HCZGT,53,60.05,3229.65,One year,DSL,Yes,60.05,53,3182.65,60.93679245283019,High Value,,0.0,Low Risk,High Value Customer
7503-QQRVF,16,74.3,1178.25,Month-to-month,Fiber optic,Yes,74.3,16,1188.8,73.640625,Medium Value,No,0.475,Medium Risk,Monitor
4860-YZGZM,10,20.0,185.4,Month-to-month,No,No,20.0,10,200.0,18.54,Low Value,,0.0,Low Risk,Low Priority
6599-GZWCM,13,74.65,966.25,One year,Fiber optic,No,74.65,13,970.45,74.32692307692308,Low Value,,0.0,Low Risk,Low Priority
2691-NZETQ,9,85.35,758.6,Month-to-month,Fiber optic,Yes,85.35,9,768.15,84.28888888888889,Low Value,,0.0,Low Risk,Low Priority
4404-HIBDJ,25,74.3,1863.8,One year,DSL,Yes,74.3,25,1857.5,74.55199999999999,Medium Value,,0.0,Low Risk,Low Priority
5533-NHFRF,7,44.4,265.8,Month-to-month,DSL,No,44.4,7,310.8,37.971428571428575,Low Value,,0.0,Low Risk,Low Priority
7037-MTYVW,38,85.4,3297.0,Two year,DSL,No,85.4,38,3245.2000000000003,86.76315789473684,High Value,,0.0,Low Risk,High Value Customer
4760-THGOT,43,94.1,4107.3,Month-to-month,Fiber optic,No,94.1,43,4046.3,95.5186046511628,High Value,No,0.23,Low Risk,High Value Customer
7295-JOMMD,4,98.1,396.3,Month-to-month,Fiber optic,Yes,98.1,4,392.4,99.075,Low Value,,0.0,Low Risk,Low Priority
4016-BJKTZ,25,108.9,2809.05,Two year,Fiber optic,No,108.9,25,2722.5,112.362,Medium Value,No,0.26,Low Risk,Low Priority
6584-VQMYT,27,56.2,1567.55,One year,DSL,No,56.2,27,1517.4,58.0574074074074,Medium Value,,0.0,Low Risk,Low Priority
9838-BFCQT,72,26.1,1851.45,Two year,No,No,26.1,72,1879.2,25.714583333333334,Medium Value,,0.0,Low Risk,Low Priority
2790-XUYMV,71,85.45,6028.95,One year,Fiber optic,No,85.45,71,6066.95,84.91478873239437,Very High Value,,0.0,Low Risk,VIP Customer
0581-MDMPW,24,88.95,2072.75,Month-to-month,Fiber optic,No,88.95,24,2134.8,86.36458333333333,Medium Value,No,0.39,Low Risk,Low Priority
5013-SBUIH,50,109.65,5551.15,Two year,Fiber optic,Yes,109.65,50,5482.5,111.023,High Value,,0.0,Low Risk,High Value Customer
1023-BQXZE,57,74.35,4317.35,Two year,DSL,No,74.35,57,4237.95,75.74298245614035,High Value,No,0.05,Low Risk,High Value Customer
9163-GHAYE,15,48.85,736.8,Month-to-month,DSL,No,48.85,15,732.75,49.12,Low Value,No,0.12,Low Risk,Low Priority
3904-UKFRE,4,80.1,336.15,Month-to-month,Fiber optic,No,80.1,4,320.4,84.0375,Low Value,,0.0,Low Risk,Low Priority
5353-WILCI,28,56.05,1522.65,Month-to-month,DSL,No,56.05,28,1569.4,54.38035714285714,Medium Value,,0.0,Low Risk,Low Priority
0709-TVGUR,9,74.55,622.9,Month-to-month,Fiber optic,Yes,74.55,9,670.9499999999999,69.21111111111111,Low Value,,0.0,Low Risk,Low Priority
0058-EVZWM,55,89.8,4959.6,Month-to-month,Fiber optic,No,89.8,55,4939.0,90.17454545454548,High Value,No,0.18,Low Risk,High Value Customer
6023-YEBUP,3,100.95,329.95,Month-to-month,Fiber optic,Yes,100.95,3,302.85,109.98333333333332,Low Value,Yes,0.845,High Risk,Churn Risk
7209-JCUDS,10,94.9,1048.85,Month-to-month,Fiber optic,Yes,94.9,10,949.0,104.885,Low Value,Yes,0.655,Medium Risk,Monitor
7009-PCARS,55,19.1,1001.5,One year,No,No,19.1,55,1050.5,18.20909090909091,Medium Value,,0.0,Low Risk,Low Priority
0519-DRGTI,20,20.35,442.6,Month-to-month,No,No,20.35,20,407.0,22.130000000000003,Low Value,,0.0,Low Risk,Low Priority
1017-FBQMM,62,106.05,6703.5,One year,Fiber optic,No,106.05,62,6575.099999999999,108.12096774193547,Very High Value,,0.0,Low Risk,VIP Customer
3001-CBHLQ,32,104.9,3351.55,Month-to-month,Fiber optic,Yes,104.9,32,3356.8,104.7359375,High Value,,0.0,Low Risk,High Value Customer
1985-MBRYP,43,19.65,779.25,Two year,No,No,19.65,43,844.9499999999999,18.12209302325581,Low Value,,0.0,Low Risk,Low Priority
6158-DWPZT,9,24.1,259.8,One year,DSL,Yes,24.1,9,216.9,28.866666666666667,Low Value,,0.0,Low Risk,Low Priority
9372-TXXPS,60,59.85,3483.45,Two year,DSL,No,59.85,60,3591.0,58.0575,High Value,No,0.015,Low Risk,High Value Customer
3259-QMXUN,58,86.1,4890.5,Two year,DSL,No,86.1,58,4993.799999999999,84.31896551724138,High Value,,0.0,Low Risk,High Value Customer
1015-JPFYW,7,19.45,136.75,One year,No,No,19.45,7,136.15,19.535714285714285,Low Value,,0.0,Low Risk,Low Priority
6645-MXQJT,2,97.1,184.15,Month-to-month,Fiber optic,No,97.1,2,194.2,92.075,Low Value,,0.0,Low Risk,Low Priority
4360-QRAVE,37,36.65,1315.0,Month-to-month,DSL,No,36.65,37,1356.05,35.54054054054054,Medium Value,,0.0,Low Risk,Low Priority
8433-WPJTV,65,103.9,6767.1,One year,Fiber optic,No,103.9,65,6753.5,104.10923076923078,Very High Value,No,0.17,Low Risk,VIP Customer
5804-JMYIO,39,19.75,757.95,Two year,No,No,19.75,39,770.25,19.434615384615388,Low Value,,0.0,Low Risk,Low Priority
3763-GCZHZ,66,104.05,6890.0,One year,Fiber optic,Yes,104.05,66,6867.3,104.3939393939394,Very High Value,,0.0,Low Risk,VIP Customer
6484-LATFU,68,24.55,1657.4,Two year,No,No,24.55,68,1669.4,24.373529411764707,Medium Value,,0.0,Low Risk,Low Priority
7599-NTMDP,62,48.7,3008.55,Two year,DSL,No,48.7,62,3019.4,48.525000000000006,High Value,,0.0,Low Risk,High Value Customer
0772-GYEQQ,3,88.35,262.05,Month-to-month,Fiber optic,Yes,88.35,3,265.04999999999995,87.35000000000001,Low Value,,0.0,Low Risk,Low Priority
0536-ACXIP,72,109.55,8165.1,Two year,Fiber optic,No,109.55,72,7887.599999999999,113.40416666666668,Very High Value,No,0.07,Low Risk,VIP Customer
0936-NQLJU,41,20.65,875.55,Two year,No,No,20.65,41,846.65,21.35487804878049,Low Value,,0.0,Low Risk,Low Priority
4831-EOBFE,29,94.65,2649.15,Month-to-month,Fiber optic,Yes,94.65,29,2744.8500000000004,91.35,Medium Value,,0.0,Low Risk,Low Priority
1575-KRZZE,4,55.2,220.65,Month-to-month,DSL,No,55.2,4,220.8,55.1625,Low Value,No,0.48,Medium Risk,Monitor
3251-YMVWZ,53,24.05,1301.9,One year,No,No,24.05,53,1274.65,24.56415094339623,Medium Value,No,0.035,Low Risk,Low Priority
4102-OQUPX,1,74.4,74.4,Month-to-month,Fiber optic,Yes,74.4,1,74.4,74.4,Low Value,,0.0,Low Risk,Low Priority
9170-GYZJC,41,79.9,3326.2,Month-to-month,DSL,Yes,79.9,41,3275.9,81.12682926829268,High Value,,0.0,Low Risk,High Value Customer
4884-LEVMQ,39,20.45,790.0,Two year,No,No,20.45,39,797.55,20.256410256410252,Low Value,,0.0,Low Risk,Low Priority
8857-CUPFQ,63,19.25,1237.65,Two year,No,No,19.25,63,1212.75,19.645238095238096,Medium Value,,0.0,Low Risk,Low Priority
7610-TVOPG,15,26.35,378.6,Month-to-month,No,No,26.35,15,395.25,25.24,Low Value,,0.0,Low Risk,Low Priority
3638-DIMPH,13,43.8,592.65,One year,DSL,No,43.8,13,569.4,45.58846153846154,Low Value,,0.0,Low Risk,Low Priority
1845-ZLLIG,1,50.15,50.15,Month-to-month,DSL,No,50.15,1,50.15,50.15,Low Value,,0.0,Low Risk,Low Priority
8559-WNQZS,1,20.45,20.45,Two year,No,No,20.45,1,20.45,20.45,Low Value,,0.0,Low Risk,Low Priority
3999-QGRJH,8,69.7,560.85,Month-to-month,Fiber optic,Yes,69.7,8,557.6,70.10625,Low Value,,0.0,Low Risk,Low Priority
1699-UOTXU,60,61.4,3638.25,Two year,DSL,No,61.4,60,3684.0,60.6375,High Value,,0.0,Low Risk,High Value Customer
2454-RPBRZ,12,98.1,1060.2,Month-to-month,Fiber optic,Yes,98.1,12,1177.1999999999998,88.35000000000001,Medium Value,,0.0,Low Risk,Low Priority
0635-WKOLD,40,70.75,2921.75,One year,DSL,No,70.75,40,2830.0,73.04375,Medium Value,,0.0,Low Risk,Low Priority
5993-JSUWV,66,61.15,4017.45,Two year,DSL,No,61.15,66,4035.9,60.87045454545454,High Value,,0.0,Low Risk,High Value Customer
4518-FZBSX,42,20.25,854.9,One year,No,No,20.25,42,850.5,20.354761904761904,Low Value,,0.0,Low Risk,Low Priority
5387-ASZNZ,66,63.85,4174.35,One year,DSL,No,63.85,66,4214.1,63.24772727272728,High Value,,0.0,Low Risk,High Value Customer
6988-CJEYV,49,98.7,4920.55,Month-to-month,Fiber optic,No,98.7,49,4836.3,100.41938775510204,High Value,,0.0,Low Risk,High Value Customer
2002-MZHWP,1,20.5,20.5,Month-to-month,No,Yes,20.5,1,20.5,20.5,Low Value,,0.0,Low Risk,Low Priority
3097-FQTVJ,41,20.0,810.3,Two year,No,No,20.0,41,820.0,19.76341463414634,Low Value,,0.0,Low Risk,Low Priority
5465-BUBFA,41,19.3,772.4,Two year,No,No,19.3,41,791.3000000000001,18.839024390243903,Low Value,,0.0,Low Risk,Low Priority
7299-GNVPL,23,84.4,1936.85,Month-to-month,Fiber optic,No,84.4,23,1941.2,84.2108695652174,Medium Value,,0.0,Low Risk,Low Priority
9743-DQKQW,3,25.1,79.8,Month-to-month,DSL,No,25.1,3,75.30000000000001,26.6,Low Value,,0.0,Low Risk,Low Priority
1215-VFYVK,4,48.25,202.25,Month-to-month,DSL,No,48.25,4,193.0,50.5625,Low Value,,0.0,Low Risk,Low Priority
9371-BITHB,52,19.85,1070.5,Two year,No,No,19.85,52,1032.2,20.58653846153846,Medium Value,,0.0,Low Risk,Low Priority
2265-CYWIV,4,99.6,347.65,Month-to-month,Fiber optic,Yes,99.6,4,398.4,86.9125,Low Value,,0.0,Low Risk,Low Priority
9093-FPDLG,11,94.2,999.9,Month-to-month,Fiber optic,No,94.2,11,1036.2,90.9,Medium Value,,0.0,Low Risk,Low Priority
0541-FITGH,2,62.15,113.1,Month-to-month,DSL,No,62.15,2,124.3,56.55,Low Value,,0.0,Low Risk,Low Priority
6985-HAYWX,26,79.3,2015.8,Month-to-month,Fiber optic,No,79.3,26,2061.8,77.53076923076922,Medium Value,,0.0,Low Risk,Low Priority
7508-KBIMB,24,56.25,1454.25,One year,DSL,No,56.25,24,1350.0,60.59375,Medium Value,,0.0,Low Risk,Low Priority
6838-HVLXG,12,20.3,246.7,Month-to-month,No,No,20.3,12,243.6,20.558333333333334,Low Value,No,0.03,Low Risk,Low Priority
2277-DJJDL,60,99.0,6017.9,Month-to-month,Fiber optic,No,99.0,60,5940.0,100.29833333333332,High Value,No,0.35,Low Risk,High Value Customer
1897-OKVMW,64,90.6,5817.45,Two year,DSL,No,90.6,64,5798.4,90.89765625,High Value,,0.0,Low Risk,High Value Customer
5485-ITNPC,66,85.9,5595.3,Two year,DSL,No,85.9,66,5669.400000000001,84.77727272727273,High Value,,0.0,Low Risk,High Value Customer
0233-FTHAV,60,79.2,4765.0,One year,Fiber optic,No,79.2,60,4752.0,79.41666666666667,High Value,,0.0,Low Risk,High Value Customer
4644-PIZRT,17,70.35,1201.65,One year,DSL,No,70.35,17,1195.9499999999998,70.68529411764706,Medium Value,,0.0,Low Risk,Low Priority
8922-NPKBJ,42,19.35,867.3,Two year,No,No,19.35,42,812.7,20.65,Low Value,,0.0,Low Risk,Low Priority
2740-TVLFN,1,50.15,50.15,Month-to-month,DSL,No,50.15,1,50.15,50.15,Low Value,,0.0,Low Risk,Low Priority
7771-CFQRQ,47,63.8,3007.25,Two year,DSL,No,63.8,47,2998.6,63.984042553191486,Medium Value,,0.0,Low Risk,Low Priority
9512-PHSMG,10,20.55,252.75,Month-to-month,No,No,20.55,10,205.5,25.275,Low Value,,0.0,Low Risk,Low Priority
6963-EZQEE,70,88.55,6306.5,Two year,DSL,No,88.55,70,6198.5,90.09285714285714,Very High Value,,0.0,Low Risk,VIP Customer
2452-KDRRH,67,101.4,6841.05,Month-to-month,Fiber optic,No,101.4,67,6793.8,102.10522388059702,Very High Value,No,0.435,Medium Risk,VIP Customer
2004-OCQXK,1,81.95,81.95,Month-to-month,Fiber optic,Yes,81.95,1,81.95,81.95,Low Value,,0.0,Low Risk,Low Priority
5027-QPKTE,7,69.35,451.1,Month-to-month,Fiber optic,Yes,69.35,7,485.44999999999993,64.44285714285715,Low Value,,0.0,Low Risk,Low Priority
4146-SVFUD,1,44.6,44.6,Month-to-month,DSL,No,44.6,1,44.6,44.6,Low Value,,0.0,Low Risk,Low Priority
1564-HJUVY,4,63.75,226.2,Month-to-month,DSL,No,63.75,4,255.0,56.55,Low Value,,0.0,Low Risk,Low Priority
3617-XLSGQ,66,109.25,7082.5,Two year,Fiber optic,No,109.25,66,7210.5,107.31060606060606,Very High Value,,0.0,Low Risk,VIP Customer
7517-LDMPS,12,84.6,1017.35,Month-to-month,Fiber optic,No,84.6,12,1015.2,84.77916666666667,Medium Value,,0.0,Low Risk,Low Priority
7244-KXYZN,24,20.45,527.35,One year,No,No,20.45,24,490.8,21.972916666666663,Low Value,,0.0,Low Risk,Low Priority
5226-NOZFC,26,85.75,2146.5,Month-to-month,Fiber optic,No,85.75,26,2229.5,82.5576923076923,Medium Value,Yes,0.505,Medium Risk,Monitor
2672-HUYVI,6,91.1,455.3,Month-to-month,Fiber optic,Yes,91.1,6,546.5999999999999,75.88333333333334,Low Value,,0.0,Low Risk,Low Priority
1400-WIVLL,57,107.95,5969.85,Two year,Fiber optic,No,107.95,57,6153.150000000001,104.7342105263158,Very High Value,,0.0,Low Risk,VIP Customer
7508-MYBOG,14,86.1,1235.55,Month-to-month,Fiber optic,Yes,86.1,14,1205.4,88.25357142857142,Medium Value,,0.0,Low Risk,Low Priority
8148-NLEGT,42,22.95,1014.25,Two year,No,No,22.95,42,963.9,24.14880952380953,Low Value,,0.0,Low Risk,Low Priority
0148-DCDOS,25,94.7,2362.1,Month-to-month,Fiber optic,Yes,94.7,25,2367.5,94.484,Medium Value,,0.0,Low Risk,Low Priority
8347-GDTMP,64,19.45,1225.65,Two year,No,No,19.45,64,1244.8,19.15078125,Medium Value,No,0.0,Low Risk,Low Priority
9992-RRAMN,22,85.1,1873.7,Month-to-month,Fiber optic,Yes,85.1,22,1872.2,85.16818181818182,Medium Value,,0.0,Low Risk,Low Priority
6746-WAUWT,19,19.7,386.5,One year,No,No,19.7,19,374.3,20.34210526315789,Low Value,,0.0,Low Risk,Low Priority
0310-MVLET,61,99.15,6010.05,Month-to-month,Fiber optic,Yes,99.15,61,6048.150000000001,98.52540983606558,Very High Value,No,0.28,Low Risk,VIP Customer
0428-IKYCP,22,87.0,1850.65,Month-to-month,Fiber optic,No,87.0,22,1914.0,84.12045454545455,Medium Value,,0.0,Low Risk,Low Priority
4550-VBOFE,70,102.95,7101.5,Month-to-month,Fiber optic,Yes,102.95,70,7206.5,101.45,Very High Value,,0.0,Low Risk,VIP Customer
2187-PKZAY,12,79.95,1043.4,Month-to-month,Fiber optic,No,79.95,12,959.4,86.95,Low Value,No,0.49,Medium Risk,Monitor
4003-OCTMP,31,64.0,1910.75,One year,DSL,No,64.0,31,1984.0,61.63709677419355,Medium Value,,0.0,Low Risk,Low Priority
6652-YFFJO,11,64.9,716.1,Month-to-month,DSL,No,64.9,11,713.9000000000001,65.10000000000001,Low Value,,0.0,Low Risk,Low Priority
7225-IILWY,68,25.75,1686.15,Two year,No,No,25.75,68,1751.0,24.796323529411765,Medium Value,,0.0,Low Risk,Low Priority
5248-RPYWW,72,90.15,6716.45,Two year,DSL,No,90.15,72,6490.8,93.28402777777778,Very High Value,,0.0,Low Risk,VIP Customer
7923-IYJWY,67,116.1,7839.85,Two year,Fiber optic,No,116.1,67,7778.7,117.01268656716418,Very High Value,,0.0,Low Risk,VIP Customer
3170-GWYKC,60,104.95,6236.75,Month-to-month,Fiber optic,No,104.95,60,6297.0,103.94583333333334,Very High Value,,0.0,Low Risk,VIP Customer
5696-QURRL,1,45.05,45.05,Month-to-month,DSL,Yes,45.05,1,45.05,45.05,Low Value,,0.0,Low Risk,Low Priority
7409-KIUTL,1,71.0,71.0,Month-to-month,Fiber optic,Yes,71.0,1,71.0,71.0,Low Value,Yes,0.705,High Risk,Churn Risk
9830-ECLEN,58,50.0,2919.85,One year,DSL,No,50.0,58,2900.0,50.34224137931034,Medium Value,,0.0,Low Risk,Low Priority
1732-VHUBQ,47,70.55,3309.25,Month-to-month,Fiber optic,Yes,70.55,47,3315.85,70.40957446808511,High Value,,0.0,Low Risk,High Value Customer
0495-RVCBF,1,79.7,79.7,Month-to-month,Fiber optic,Yes,79.7,1,79.7,79.7,Low Value,,0.0,Low Risk,Low Priority
2668-TZSPS,1,20.45,20.45,Month-to-month,No,No,20.45,1,20.45,20.45,Low Value,No,0.034,Low Risk,Low Priority
7854-EDSSA,22,59.0,1254.7,Month-to-month,DSL,Yes,59.0,22,1298.0,57.03181818181818,Medium Value,,0.0,Low Risk,Low Priority
8869-TORSS,48,60.35,2896.4,One year,DSL,Yes,60.35,48,2896.8,60.34166666666667,Medium Value,No,0.01,Low Risk,Low Priority
7446-SFAOA,37,19.85,717.5,One year,No,No,19.85,37,734.45,19.39189189189189,Low Value,,0.0,Low Risk,Low Priority
9522-ZSINC,13,19.95,253.8,One year,No,No,19.95,13,259.35,19.523076923076925,Low Value,,0.0,Low Risk,Low Priority
8234-GSZYK,43,26.45,1110.05,Two year,No,No,26.45,43,1137.35,25.81511627906977,Medium Value,,0.0,Low Risk,Low Priority
6505-OZNPG,6,63.4,348.8,Two year,DSL,No,63.4,6,380.4,58.13333333333333,Low Value,,0.0,Low Risk,Low Priority
6164-HAQTX,71,53.95,3888.65,Two year,DSL,No,53.95,71,3830.45,54.76971830985916,High Value,No,0.02,Low Risk,High Value Customer
0679-IDSTG,1,69.25,69.25,Month-to-month,Fiber optic,Yes,69.25,1,69.25,69.25,Low Value,Yes,0.755,High Risk,Churn Risk
7765-LWVVH,72,95.1,6843.15,Two year,Fiber optic,No,95.1,72,6847.2,95.04375,Very High Value,,0.0,Low Risk,VIP Customer
1658-TJVOA,6,74.1,450.9,Month-to-month,Fiber optic,No,74.1,6,444.6,75.14999999999999,Low Value,No,0.48,Medium Risk,Monitor
0953-LGOVU,12,35.5,432.25,Month-to-month,DSL,No,35.5,12,426.0,36.020833333333336,Low Value,,0.0,Low Risk,Low Priority
2115-BFTIW,25,70.95,1767.35,Month-to-month,Fiber optic,Yes,70.95,25,1773.75,70.694,Medium Value,,0.0,Low Risk,Low Priority
4692-NNQRU,21,79.2,1742.45,One year,Fiber optic,No,79.2,21,1663.2,82.97380952380952,Medium Value,,0.0,Low Risk,Low Priority
7742-MYPGI,6,48.8,297.35,Month-to-month,DSL,No,48.8,6,292.79999999999995,49.55833333333334,Low Value,,0.0,Low Risk,Low Priority
0611-DFXKO,20,89.0,1820.45,Month-to-month,Fiber optic,Yes,89.0,20,1780.0,91.0225,Medium Value,,0.0,Low Risk,Low Priority
7780-OTDSO,18,99.4,1742.95,Month-to-month,Fiber optic,Yes,99.4,18,1789.2,96.83055555555556,Medium Value,,0.0,Low Risk,Low Priority
9619-GSATL,43,55.45,2444.25,One year,DSL,No,55.45,43,2384.35,56.843023255813954,Medium Value,,0.0,Low Risk,Low Priority
5622-UEJFI,35,25.4,949.8,Two year,No,No,25.4,35,889.0,27.13714285714285,Low Value,,0.0,Low Risk,Low Priority
9747-DDZOS,1,73.5,73.5,Month-to-month,Fiber optic,Yes,73.5,1,73.5,73.5,Low Value,Yes,0.7021999999999999,High Risk,Churn Risk
0674-DGMAQ,32,93.5,2970.8,Month-to-month,Fiber optic,No,93.5,32,2992.0,92.8375,Medium Value,,0.0,Low Risk,Low Priority
6203-HBZPA,52,63.9,3334.95,Two year,DSL,No,63.9,52,3322.8,64.13365384615385,High Value,No,0.02,Low Risk,High Value Customer
0484-FFVBJ,32,64.85,2010.95,One year,DSL,No,64.85,32,2075.2,62.8421875,Medium Value,No,0.18,Low Risk,Low Priority
0301-FIDRB,72,63.8,4684.3,Two year,DSL,No,63.8,72,4593.599999999999,65.05972222222222,High Value,No,0.015,Low Risk,High Value Customer
4139-JPIAM,51,44.45,2181.55,Month-to-month,DSL,No,44.45,51,2266.9500000000003,42.77549019607844,Medium Value,,0.0,Low Risk,Low Priority
2181-TIDSV,68,19.95,1303.25,Two year,No,No,19.95,68,1356.6,19.165441176470587,Medium Value,,0.0,Low Risk,Low Priority
2761-XECQW,8,43.35,371.4,Month-to-month,DSL,No,43.35,8,346.8,46.425,Low Value,,0.0,Low Risk,Low Priority
1936-CZAKF,49,49.65,2409.9,Two year,DSL,No,49.65,49,2432.85,49.18163265306123,Medium Value,No,0.13,Low Risk,Low Priority
9453-PATOS,72,85.1,6155.4,Two year,DSL,No,85.1,72,6127.2,85.49166666666666,Very High Value,,0.0,Low Risk,VIP Customer
0564-JJHGS,9,95.5,829.1,Month-to-month,Fiber optic,Yes,95.5,9,859.5,92.12222222222222,Low Value,,0.0,Low Risk,Low Priority
3348-CFRNX,28,92.35,2602.9,Month-to-month,Fiber optic,Yes,92.35,28,2585.8,92.96071428571427,Medium Value,,0.0,Low Risk,Low Priority
4402-FTBXC,54,89.8,4667.0,Month-to-month,Fiber optic,No,89.8,54,4849.2,86.42592592592592,High Value,No,0.175,Low Risk,High Value Customer
1428-GTBJJ,11,74.55,824.75,Month-to-month,Fiber optic,Yes,74.55,11,820.05,74.97727272727273,Low Value,,0.0,Low Risk,Low Priority
2931-XIQBR,50,103.05,5153.5,One year,Fiber optic,No,103.05,50,5152.5,103.07,High Value,,0.0,Low Risk,High Value Customer
0106-UGRDO,69,116.0,8182.85,Two year,Fiber optic,No,116.0,69,8004.0,118.59202898550726,Very High Value,No,0.055,Low Risk,VIP Customer
5542-TBBWB,1,69.9,69.9,Month-to-month,Fiber optic,No,69.9,1,69.9,69.9,Low Value,Yes,0.97,High Risk,Churn Risk
1930-QPBVZ,68,95.1,6683.4,Two year,Fiber optic,No,95.1,68,6466.799999999999,98.28529411764706,Very High Value,,0.0,Low Risk,VIP Customer
2606-PKWJB,40,40.25,1564.05,One year,DSL,No,40.25,40,1610.0,39.10125,Medium Value,,0.0,Low Risk,Low Priority
5322-ZSMZY,31,25.75,755.6,Two year,No,No,25.75,31,798.25,24.374193548387098,Low Value,,0.0,Low Risk,Low Priority
8059-UDZFY,33,105.35,3465.05,Month-to-month,Fiber optic,No,105.35,33,3476.55,105.00151515151516,High Value,No,0.355,Low Risk,High Value Customer
7740-BTPUX,55,113.6,6292.7,Two year,Fiber optic,No,113.6,55,6248.0,114.41272727272728,Very High Value,,0.0,Low Risk,VIP Customer
5220-AGAAX,68,24.0,1664.3,Two year,No,No,24.0,68,1632.0,24.475,Medium Value,,0.0,Low Risk,Low Priority
0208-BPQEJ,12,19.4,198.1,Month-to-month,No,No,19.4,12,232.8,16.508333333333333,Low Value,,0.0,Low Risk,Low Priority
9435-JMLSX,71,86.1,6045.9,Two year,DSL,No,86.1,71,6113.099999999999,85.15352112676055,Very High Value,,0.0,Low Risk,VIP Customer
3352-ALMCK,40,102.65,4108.15,Month-to-month,Fiber optic,No,102.65,40,4106.0,102.70375,High Value,,0.0,Low Risk,High Value Customer
5312-IRCFR,64,92.85,5980.75,One year,Fiber optic,No,92.85,64,5942.4,93.44921875,High Value,,0.0,Low Risk,High Value Customer
5294-IMHHT,53,97.75,5043.2,One year,Fiber optic,No,97.75,53,5180.75,95.15471698113208,High Value,,0.0,Low Risk,High Value Customer
8802-UNOJF,12,83.8,1029.75,Month-to-month,Fiber optic,Yes,83.8,12,1005.6,85.8125,Medium Value,,0.0,Low Risk,Low Priority
6313-GIDIT,53,54.45,2854.55,Month-to-month,DSL,Yes,54.45,53,2885.8500000000004,53.85943396226416,Medium Value,,0.0,Low Risk,Low Priority
6176-YJWAS,72,97.95,7114.25,Two year,Fiber optic,No,97.95,72,7052.400000000001,98.80902777777776,Very High Value,,0.0,Low Risk,VIP Customer
5310-NOOVA,46,19.95,907.05,Two year,No,No,19.95,46,917.7,19.718478260869563,Low Value,,0.0,Low Risk,Low Priority
4526-EXKKN,40,24.6,973.95,Two year,No,No,24.6,40,984.0,24.348750000000003,Low Value,,0.0,Low Risk,Low Priority
5311-IHLEI,12,50.95,605.75,Month-to-month,DSL,No,50.95,12,611.4000000000001,50.47916666666666,Low Value,,0.0,Low Risk,Low Priority
3987-KQDDU,9,75.6,661.55,Month-to-month,Fiber optic,No,75.6,9,680.4,73.50555555555555,Low Value,,0.0,Low Risk,Low Priority
3404-JNXAX,51,80.75,4116.9,Month-to-month,Fiber optic,No,80.75,51,4118.25,80.7235294117647,High Value,,0.0,Low Risk,High Value Customer
5131-PONJI,49,90.4,4494.65,Month-to-month,Fiber optic,No,90.4,49,4429.6,91.72755102040816,High Value,,0.0,Low Risk,High Value Customer
2845-AFFTX,41,99.8,4259.3,Month-to-month,Fiber optic,Yes,99.8,41,4091.8,103.88536585365854,High Value,,0.0,Low Risk,High Value Customer
3489-VSFRD,56,60.25,3282.75,One year,DSL,No,60.25,56,3374.0,58.62053571428572,High Value,No,0.02,Low Risk,High Value Customer
3345-JHUEO,4,20.2,55.7,Month-to-month,No,No,20.2,4,80.8,13.925,Low Value,,0.0,Low Risk,Low Priority
5815-HGGHV,20,64.15,1274.45,One year,DSL,No,64.15,20,1283.0,63.7225,Medium Value,,0.0,Low Risk,Low Priority
5260-UMPWX,26,20.25,493.95,Month-to-month,No,No,20.25,26,526.5,18.998076923076923,Low Value,,0.0,Low Risk,Low Priority
2249-YPRNG,20,105.85,2239.65,Month-to-month,Fiber optic,Yes,105.85,20,2117.0,111.9825,Medium Value,,0.0,Low Risk,Low Priority
7410-YTJIK,7,75.45,480.75,Month-to-month,Fiber optic,Yes,75.45,7,528.15,68.67857142857143,Low Value,Yes,0.62,Medium Risk,Monitor
4626-GYCZP,7,93.85,635.6,Month-to-month,Fiber optic,Yes,93.85,7,656.9499999999999,90.8,Low Value,,0.0,Low Risk,Low Priority
5649-RXQTV,51,99.0,5038.15,Month-to-month,Fiber optic,No,99.0,51,5049.0,98.78725490196078,High Value,,0.0,Low Risk,High Value Customer
2674-MIAHT,4,80.3,324.2,Month-to-month,Fiber optic,No,80.3,4,321.2,81.05,Low Value,,0.0,Low Risk,Low Priority
2576-HXMPA,1,19.55,19.55,Month-to-month,No,No,19.55,1,19.55,19.55,Low Value,,0.0,Low Risk,Low Priority
7587-AOVVU,27,100.75,2793.55,Month-to-month,Fiber optic,No,100.75,27,2720.25,103.46481481481482,Medium Value,,0.0,Low Risk,Low Priority
5590-BYNII,22,100.75,2095.0,Month-to-month,Fiber optic,Yes,100.75,22,2216.5,95.22727272727272,Medium Value,,0.0,Low Risk,Low Priority
6898-MDLZW,12,53.75,648.65,Month-to-month,DSL,No,53.75,12,645.0,54.05416666666667,Low Value,No,0.27,Low Risk,Low Priority
3237-AJGEH,3,31.0,95.05,Month-to-month,DSL,Yes,31.0,3,93.0,31.683333333333334,Low Value,No,0.285,Low Risk,Low Priority
4707-YNOQA,34,25.6,917.15,One year,No,No,25.6,34,870.4000000000001,26.975,Low Value,,0.0,Low Risk,Low Priority
9357-UJRUN,24,58.35,1346.9,One year,DSL,No,58.35,24,1400.4,56.12083333333334,Medium Value,No,0.21,Low Risk,Low Priority
1591-NFNLQ,51,80.0,4242.35,Month-to-month,Fiber optic,Yes,80.0,51,4080.0,83.18333333333334,High Value,,0.0,Low Risk,High Value Customer
8648-PFRMP,14,46.35,672.7,Month-to-month,DSL,No,46.35,14,648.9,48.05,Low Value,,0.0,Low Risk,Low Priority
7663-CUXZB,59,113.75,6561.25,Two year,Fiber optic,No,113.75,59,6711.25,111.20762711864408,Very High Value,No,0.11,Low Risk,VIP Customer
0258-NOKBL,3,90.4,268.45,Month-to-month,Fiber optic,No,90.4,3,271.20000000000005,89.48333333333333,Low Value,No,0.36,Low Risk,Low Priority
1163-VIPRI,65,109.3,7337.55,Two year,Fiber optic,No,109.3,65,7104.5,112.88538461538462,Very High Value,,0.0,Low Risk,VIP Customer
2815-CPTUL,5,70.25,331.9,Month-to-month,Fiber optic,Yes,70.25,5,351.25,66.38,Low Value,,0.0,Low Risk,Low Priority
9348-ROUAI,59,90.3,5194.05,Two year,DSL,No,90.3,59,5327.7,88.03474576271186,High Value,,0.0,Low Risk,High Value Customer
9443-JUBUO,72,65.25,4478.85,Two year,DSL,No,65.25,72,4698.0,62.20625,High Value,,0.0,Low Risk,High Value Customer
0596-BQCEQ,62,100.15,6283.3,Month-to-month,Fiber optic,Yes,100.15,62,6209.3,101.34354838709676,Very High Value,,0.0,Low Risk,VIP Customer
1481-ZUWZA,28,94.5,2659.4,Month-to-month,Fiber optic,Yes,94.5,28,2646.0,94.97857142857144,Medium Value,,0.0,Low Risk,Low Priority
3043-TYBNO,3,60.65,196.9,Month-to-month,DSL,No,60.65,3,181.95,65.63333333333334,Low Value,,0.0,Low Risk,Low Priority
4830-FAXFM,19,24.1,439.2,Month-to-month,No,No,24.1,19,457.9,23.11578947368421,Low Value,No,0.06,Low Risk,Low Priority
5906-BFOZT,1,19.5,19.5,Month-to-month,No,No,19.5,1,19.5,19.5,Low Value,,0.0,Low Risk,Low Priority
2960-NKRSO,24,85.95,2107.15,Month-to-month,Fiber optic,No,85.95,24,2062.8,87.79791666666667,Medium Value,No,0.34,Low Risk,Low Priority
8996-ZROXE,57,53.5,3035.8,One year,DSL,No,53.5,57,3049.5,53.25964912280702,High Value,,0.0,Low Risk,High Value Customer
5598-IKHQQ,72,25.45,1866.45,Two year,No,No,25.45,72,1832.4,25.922916666666666,Medium Value,,0.0,Low Risk,Low Priority
0397-ZXWQF,67,20.5,1430.95,Two year,No,No,20.5,67,1373.5,21.357462686567164,Medium Value,No,0.0,Low Risk,Low Priority
5266-PFRQK,52,20.85,1071.6,One year,No,No,20.85,52,1084.2,20.607692307692307,Medium Value,No,0.005,Low Risk,Low Priority
4674-HGNUA,71,89.9,6457.15,Two year,DSL,No,89.9,71,6382.900000000001,90.94577464788732,Very High Value,No,0.0,Low Risk,VIP Customer
6765-MBQNU,26,26.0,684.05,One year,No,No,26.0,26,676.0,26.309615384615384,Low Value,,0.0,Low Risk,Low Priority
9786-IJYDL,35,113.2,3914.05,Two year,Fiber optic,No,113.2,35,3962.0,111.83,High Value,,0.0,Low Risk,High Value Customer
1303-SRDOK,55,69.05,3842.6,Two year,Fiber optic,No,69.05,55,3797.75,69.86545454545454,High Value,,0.0,Low Risk,High Value Customer
3769-MHZNV,33,20.1,670.35,Two year,No,No,20.1,33,663.3000000000001,20.313636363636363,Low Value,,0.0,Low Risk,Low Priority
6295-OSINB,72,109.65,7880.25,Two year,Fiber optic,No,109.65,72,7894.8,109.44791666666669,Very High Value,,0.0,Low Risk,VIP Customer
3308-MHOOC,1,19.2,19.2,Month-to-month,No,No,19.2,1,19.2,19.2,Low Value,,0.0,Low Risk,Low Priority
2309-OSFEU,10,33.9,298.45,Month-to-month,DSL,Yes,33.9,10,339.0,29.845,Low Value,No,0.295,Low Risk,Low Priority
2207-QPJED,37,90.0,3371.75,Month-to-month,Fiber optic,No,90.0,37,3330.0,91.12837837837836,High Value,,0.0,Low Risk,High Value Customer
4177-JPDFU,12,34.0,442.45,Month-to-month,DSL,No,34.0,12,408.0,36.87083333333333,Low Value,,0.0,Low Risk,Low Priority
2239-CFOUJ,1,20.4,20.4,One year,No,No,20.4,1,20.4,20.4,Low Value,No,0.09,Low Risk,Low Priority
8046-DNVTL,62,38.6,2345.55,Two year,DSL,No,38.6,62,2393.2000000000003,37.83145161290323,Medium Value,,0.0,Low Risk,Low Priority
2209-XADXF,1,25.25,25.25,Month-to-month,DSL,No,25.25,1,25.25,25.25,Low Value,,0.0,Low Risk,Low Priority
6620-JDYNW,18,60.6,1156.35,Month-to-month,DSL,No,60.6,18,1090.8,64.24166666666666,Medium Value,,0.0,Low Risk,Low Priority
1891-FZYSA,69,89.95,6143.15,Month-to-month,Fiber optic,Yes,89.95,69,6206.55,89.03115942028985,Very High Value,,0.0,Low Risk,VIP Customer
4770-UEZOX,2,74.75,144.8,Month-to-month,Fiber optic,No,74.75,2,149.5,72.4,Low Value,,0.0,Low Risk,Low Priority
1038-RQOST,19,20.6,414.95,Month-to-month,No,No,20.6,19,391.4,21.839473684210525,Low Value,No,0.015,Low Risk,Low Priority
7613-LLQFO,12,84.45,1059.55,Month-to-month,Fiber optic,Yes,84.45,12,1013.4,88.29583333333333,Medium Value,,0.0,Low Risk,Low Priority
4568-TTZRT,9,20.4,181.8,Month-to-month,No,No,20.4,9,183.6,20.200000000000003,Low Value,,0.0,Low Risk,Low Priority
9513-DXHDA,27,81.7,2212.55,One year,DSL,No,81.7,27,2205.9,81.9462962962963,Medium Value,,0.0,Low Risk,Low Priority
2640-PMGFL,27,79.5,2180.55,Month-to-month,Fiber optic,Yes,79.5,27,2146.5,80.76111111111112,Medium Value,,0.0,Low Risk,Low Priority
3801-HMYNL,1,89.15,89.15,Month-to-month,Fiber optic,Yes,89.15,1,89.15,89.15,Low Value,,0.0,Low Risk,Low Priority
0516-QREYC,24,20.3,459.95,Month-to-month,No,No,20.3,24,487.2000000000001,19.164583333333333,Low Value,,0.0,Low Risk,Low Priority
9685-WKZGT,14,74.95,1036.75,Month-to-month,Fiber optic,Yes,74.95,14,1049.3,74.05357142857143,Medium Value,Yes,0.665,Medium Risk,Monitor
6022-UGGSO,32,74.4,2276.95,Month-to-month,Fiber optic,Yes,74.4,32,2380.8,71.1546875,Medium Value,No,0.44,Medium Risk,Monitor
1550-LOAHA,32,84.15,2585.95,Month-to-month,Fiber optic,Yes,84.15,32,2692.8,80.8109375,Medium Value,No,0.275,Low Risk,Low Priority
8084-OIVBS,11,20.0,211.95,One year,No,No,20.0,11,220.0,19.268181818181816,Low Value,,0.0,Low Risk,Low Priority
8896-BQTTI,1,25.0,25.0,Month-to-month,No,No,25.0,1,25.0,25.0,Low Value,,0.0,Low Risk,Low Priority
3865-QBWSJ,38,80.45,3162.65,Month-to-month,Fiber optic,No,80.45,38,3057.1,83.22763157894737,High Value,,0.0,Low Risk,High Value Customer
3352-RICWQ,9,19.75,210.65,Two year,No,No,19.75,9,177.75,23.405555555555555,Low Value,,0.0,Low Risk,Low Priority
2160-GPFXD,54,65.65,3566.7,Two year,DSL,No,65.65,54,3545.1000000000004,66.05,High Value,,0.0,Low Risk,High Value Customer
2065-MMKGR,29,71.0,2080.1,One year,DSL,No,71.0,29,2059.0,71.72758620689655,Medium Value,,0.0,Low Risk,Low Priority
5857-TYBCJ,44,89.2,4040.2,Month-to-month,Fiber optic,No,89.2,44,3924.8,91.82272727272726,High Value,,0.0,Low Risk,High Value Customer
1498-NHTLT,59,86.75,5186.0,Two year,DSL,No,86.75,59,5118.25,87.89830508474576,High Value,,0.0,Low Risk,High Value Customer
4484-CGXFK,3,55.3,196.15,Month-to-month,DSL,Yes,55.3,3,165.89999999999998,65.38333333333334,Low Value,,0.0,Low Risk,Low Priority
1402-PTHGN,18,61.5,1087.45,One year,DSL,No,61.5,18,1107.0,60.41388888888889,Medium Value,,0.0,Low Risk,Low Priority
4176-RELJR,67,25.1,1672.15,Two year,No,No,25.1,67,1681.7,24.957462686567165,Medium Value,,0.0,Low Risk,Low Priority
6214-EDAKZ,22,55.15,1206.05,Month-to-month,DSL,Yes,55.15,22,1213.3,54.82045454545455,Medium Value,,0.0,Low Risk,Low Priority
5199-FPUSP,33,34.05,1113.95,One year,DSL,No,34.05,33,1123.65,33.75606060606061,Medium Value,,0.0,Low Risk,Low Priority
6377-KSLXC,5,19.95,107.05,Month-to-month,No,No,19.95,5,99.75,21.41,Low Value,,0.0,Low Risk,Low Priority
1796-JANOW,2,19.95,38.15,Month-to-month,No,No,19.95,2,39.9,19.075,Low Value,,0.0,Low Risk,Low Priority
0238-WHBIQ,72,89.7,6339.3,Two year,DSL,No,89.7,72,6458.400000000001,88.04583333333333,Very High Value,,0.0,Low Risk,VIP Customer
8735-NBLWT,9,20.4,184.1,Month-to-month,No,No,20.4,9,183.6,20.45555555555556,Low Value,No,0.03,Low Risk,Low Priority
6651-RLGGM,67,26.3,1688.9,Two year,No,No,26.3,67,1762.1,25.207462686567165,Medium Value,,0.0,Low Risk,Low Priority
6127-ISGTU,16,84.95,1378.25,Month-to-month,Fiber optic,Yes,84.95,16,1359.2,86.140625,Medium Value,,0.0,Low Risk,Low Priority
1614-JBEBI,8,20.7,137.6,Month-to-month,No,No,20.7,8,165.6,17.2,Low Value,,0.0,Low Risk,Low Priority
8740-XLHDR,5,43.25,219.0,Month-to-month,DSL,Yes,43.25,5,216.25,43.8,Low Value,,0.0,Low Risk,Low Priority
1208-DNHLN,23,48.35,1067.15,One year,DSL,Yes,48.35,23,1112.05,46.39782608695653,Medium Value,,0.0,Low Risk,Low Priority
1761-AEZZR,1,79.55,79.55,Month-to-month,Fiber optic,Yes,79.55,1,79.55,79.55,Low Value,,0.0,Low Risk,Low Priority
3923-CSIHK,50,71.05,3444.85,Month-to-month,Fiber optic,Yes,71.05,50,3552.5,68.89699999999999,High Value,No,0.425,Medium Risk,High Value Customer
5696-EXCYS,17,19.45,369.05,Two year,No,No,19.45,17,330.65,21.708823529411767,Low Value,,0.0,Low Risk,Low Priority
5795-KTGUD,68,110.8,7553.6,Two year,Fiber optic,No,110.8,68,7534.4,111.08235294117648,Very High Value,,0.0,Low Risk,VIP Customer
7120-RFMVS,1,84.5,84.5,Month-to-month,Fiber optic,Yes,84.5,1,84.5,84.5,Low Value,,0.0,Low Risk,Low Priority
7924-GJZFI,25,69.3,1813.1,Month-to-month,Fiber optic,No,69.3,25,1732.5,72.524,Medium Value,,0.0,Low Risk,Low Priority
4702-HDRKD,67,49.35,3321.35,One year,DSL,No,49.35,67,3306.4500000000003,49.57238805970149,High Value,No,0.055,Low Risk,High Value Customer
8512-WIWYV,32,20.35,707.5,One year,No,No,20.35,32,651.2,22.109375,Low Value,,0.0,Low Risk,Low Priority
5897-ZYEKH,67,105.6,7112.15,One year,Fiber optic,No,105.6,67,7075.2,106.15149253731344,Very High Value,,0.0,Low Risk,VIP Customer
5456-ITGIC,72,64.45,4641.1,Two year,DSL,No,64.45,72,4640.400000000001,64.45972222222223,High Value,,0.0,Low Risk,High Value Customer
7317-GGVPB,71,108.6,7690.9,Two year,Fiber optic,Yes,108.6,71,7710.599999999999,108.3225352112676,Very High Value,,0.0,Low Risk,VIP Customer
1406-PUQVY,1,49.9,49.9,Month-to-month,DSL,No,49.9,1,49.9,49.9,Low Value,,0.0,Low Risk,Low Priority
1322-AGOQM,46,30.3,1380.1,Month-to-month,DSL,Yes,30.3,46,1393.8,30.002173913043475,Medium Value,,0.0,Low Risk,Low Priority
3677-IYRBF,2,30.4,78.65,Month-to-month,DSL,Yes,30.4,2,60.8,39.325,Low Value,Yes,0.74,High Risk,Churn Risk
5692-FPTAH,1,45.4,45.4,Month-to-month,DSL,Yes,45.4,1,45.4,45.4,Low Value,No,0.22,Low Risk,Low Priority
9114-AAFQH,48,65.65,3094.65,One year,DSL,No,65.65,48,3151.2000000000003,64.471875,High Value,,0.0,Low Risk,High Value Customer
8715-KKTFG,61,103.3,6518.35,One year,Fiber optic,No,103.3,61,6301.3,106.85819672131149,Very High Value,,0.0,Low Risk,VIP Customer
1728-BQDMA,2,44.45,82.7,Month-to-month,DSL,No,44.45,2,88.9,41.35,Low Value,,0.0,Low Risk,Low Priority
0268-QKIWO,3,19.75,58.85,Month-to-month,No,Yes,19.75,3,59.25,19.616666666666667,Low Value,,0.0,Low Risk,Low Priority
0876-WDUUZ,5,85.4,425.9,Month-to-month,Fiber optic,Yes,85.4,5,427.0,85.17999999999999,Low Value,Yes,0.53,Medium Risk,Monitor
5117-ZSMHQ,71,89.9,6342.7,Two year,DSL,No,89.9,71,6382.900000000001,89.33380281690141,Very High Value,,0.0,Low Risk,VIP Customer
5151-HQRDG,37,55.05,2030.75,Month-to-month,DSL,No,55.05,37,2036.85,54.88513513513514,Medium Value,,0.0,Low Risk,Low Priority
0960-HUWBM,65,104.1,6700.05,Two year,Fiber optic,No,104.1,65,6766.5,103.07769230769232,Very High Value,,0.0,Low Risk,VIP Customer
6465-GSRCL,67,106.6,7244.7,One year,Fiber optic,No,106.6,67,7142.2,108.12985074626866,Very High Value,,0.0,Low Risk,VIP Customer
0617-FHSGK,49,75.2,3678.3,Month-to-month,Fiber optic,Yes,75.2,49,3684.8,75.06734693877551,High Value,,0.0,Low Risk,High Value Customer
0263-FJTQO,50,70.5,3486.65,Two year,DSL,No,70.5,50,3525.0,69.733,High Value,No,0.035,Low Risk,High Value Customer
7319-ZNRTR,25,19.6,411.15,One year,No,No,19.6,25,490.00000000000006,16.445999999999998,Low Value,,0.0,Low Risk,Low Priority
2858-MOFSQ,17,55.85,937.5,One year,DSL,Yes,55.85,17,949.45,55.14705882352941,Low Value,,0.0,Low Risk,Low Priority
7503-EPSZW,64,24.05,1559.15,Two year,No,No,24.05,64,1539.2,24.36171875,Medium Value,,0.0,Low Risk,Low Priority
7089-XXAYG,25,38.1,970.4,One year,DSL,No,38.1,25,952.5,38.816,Low Value,,0.0,Low Risk,Low Priority
8118-LSUEL,23,106.4,2483.5,Month-to-month,Fiber optic,Yes,106.4,23,2447.2000000000003,107.97826086956522,Medium Value,,0.0,Low Risk,Low Priority
8070-AAWZP,24,34.25,828.2,Month-to-month,DSL,No,34.25,24,822.0,34.50833333333333,Low Value,,0.0,Low Risk,Low Priority
1666-JXLKU,37,100.05,3810.55,Month-to-month,Fiber optic,No,100.05,37,3701.85,102.98783783783784,High Value,,0.0,Low Risk,High Value Customer
7855-DIWPO,21,68.65,1493.2,Month-to-month,Fiber optic,No,68.65,21,1441.65,71.1047619047619,Medium Value,No,0.29,Low Risk,Low Priority
5133-POWUA,1,45.8,45.8,Month-to-month,DSL,No,45.8,1,45.8,45.8,Low Value,Yes,0.56,Medium Risk,Monitor
5652-MSDEY,10,75.75,777.3,Month-to-month,Fiber optic,No,75.75,10,757.5,77.72999999999999,Low Value,,0.0,Low Risk,Low Priority
7005-CCBKV,6,84.4,556.35,Month-to-month,Fiber optic,Yes,84.4,6,506.4,92.725,Low Value,Yes,0.665,Medium Risk,Monitor
1810-BOHSY,51,96.4,4911.05,One year,Fiber optic,No,96.4,51,4916.400000000001,96.29509803921567,High Value,,0.0,Low Risk,High Value Customer
1784-BXEFA,10,20.55,187.35,Month-to-month,No,No,20.55,10,205.5,18.735,Low Value,No,0.0,Low Risk,Low Priority
7351-MHQVU,6,50.95,307.6,Month-to-month,DSL,No,50.95,6,305.70000000000005,51.26666666666667,Low Value,,0.0,Low Risk,Low Priority
9224-VTYID,47,90.5,4318.35,Two year,DSL,No,90.5,47,4253.5,91.87978723404257,High Value,,0.0,Low Risk,High Value Customer
9500-IWPXQ,61,79.4,4820.55,One year,DSL,No,79.4,61,4843.400000000001,79.02540983606558,High Value,,0.0,Low Risk,High Value Customer
5762-TJXGK,52,58.75,3038.55,Two year,DSL,No,58.75,52,3055.0,58.43365384615385,High Value,,0.0,Low Risk,High Value Customer
4504-YOULA,35,59.45,2136.9,Month-to-month,DSL,No,59.45,35,2080.75,61.05428571428572,Medium Value,,0.0,Low Risk,Low Priority
5569-IDSEY,71,105.7,7472.15,One year,Fiber optic,No,105.7,71,7504.7,105.24154929577465,Very High Value,,0.0,Low Risk,VIP Customer
4250-FDVOU,6,56.25,389.1,Month-to-month,DSL,Yes,56.25,6,337.5,64.85000000000001,Low Value,,0.0,Low Risk,Low Priority
7284-ZZLOH,45,53.3,2296.25,Two year,DSL,No,53.3,45,2398.5,51.02777777777778,Medium Value,,0.0,Low Risk,Low Priority
5277-ZLOOR,2,85.55,187.45,Month-to-month,Fiber optic,Yes,85.55,2,171.1,93.725,Low Value,,0.0,Low Risk,Low Priority
2141-RRYGO,4,68.65,261.25,Month-to-month,DSL,Yes,68.65,4,274.6,65.3125,Low Value,,0.0,Low Risk,Low Priority
1777-JYQPJ,2,24.3,38.45,Month-to-month,DSL,No,24.3,2,48.6,19.225,Low Value,,0.0,Low Risk,Low Priority
6376-GAHQE,4,77.85,299.2,Month-to-month,Fiber optic,Yes,77.85,4,311.4,74.8,Low Value,Yes,0.635,Medium Risk,Monitor
3401-URHDA,51,59.9,3043.6,One year,DSL,No,59.9,51,3054.9,59.67843137254902,High Value,,0.0,Low Risk,High Value Customer
1599-EAHXY,60,23.95,1506.4,One year,No,No,23.95,60,1437.0,25.10666666666667,Medium Value,,0.0,Low Risk,Low Priority
8631-XVRZL,9,20.15,163.7,One year,No,No,20.15,9,181.35,18.188888888888886,Low Value,,0.0,Low Risk,Low Priority
5052-PNLOS,3,105.35,323.25,Month-to-month,Fiber optic,Yes,105.35,3,316.04999999999995,107.75,Low Value,Yes,0.65,Medium Risk,Monitor
3853-LYGAM,17,95.65,1640.0,Month-to-month,Fiber optic,No,95.65,17,1626.0500000000002,96.47058823529412,Medium Value,,0.0,Low Risk,Low Priority
6979-ZNSFF,8,87.05,762.1,Month-to-month,Fiber optic,Yes,87.05,8,696.4,95.2625,Low Value,Yes,0.805,High Risk,Churn Risk
5751-USDBL,46,81.0,3846.35,Two year,DSL,No,81.0,46,3726.0,83.61630434782609,High Value,No,0.01,Low Risk,High Value Customer
5680-LQOGP,68,82.45,5646.6,Two year,DSL,No,82.45,68,5606.6,83.03823529411765,High Value,,0.0,Low Risk,High Value Customer
8189-DUKMV,4,20.5,79.05,One year,No,No,20.5,4,82.0,19.7625,Low Value,,0.0,Low Risk,Low Priority
6032-IGALN,1,25.1,25.1,Month-to-month,DSL,Yes,25.1,1,25.1,25.1,Low Value,,0.0,Low Risk,Low Priority
9931-DCEZH,28,54.4,1516.6,One year,DSL,No,54.4,28,1523.2,54.16428571428571,Medium Value,,0.0,Low Risk,Low Priority
1898-JSNDC,39,58.6,2224.5,One year,DSL,No,58.6,39,2285.4,57.03846153846154,Medium Value,,0.0,Low Risk,Low Priority
0315-LVCRK,11,84.8,888.75,Month-to-month,Fiber optic,No,84.8,11,932.8,80.79545454545455,Low Value,,0.0,Low Risk,Low Priority
3911-RSNHI,71,61.4,4310.35,Two year,DSL,No,61.4,71,4359.4,60.70915492957747,High Value,,0.0,Low Risk,High Value Customer
2410-CIYFZ,2,20.4,42.9,Month-to-month,No,No,20.4,2,40.8,21.45,Low Value,,0.0,Low Risk,Low Priority
4248-HCETZ,30,79.65,2365.15,Month-to-month,Fiber optic,Yes,79.65,30,2389.5,78.83833333333334,Medium Value,,0.0,Low Risk,Low Priority
5505-OVWQW,17,20.15,353.65,One year,No,No,20.15,17,342.54999999999995,20.802941176470583,Low Value,No,0.025,Low Risk,Low Priority
7271-AJDTL,55,94.45,5073.1,Month-to-month,Fiber optic,No,94.45,55,5194.75,92.23818181818184,High Value,,0.0,Low Risk,High Value Customer
1867-TJHTS,58,79.8,4526.85,Month-to-month,Fiber optic,No,79.8,58,4628.4,78.0491379310345,High Value,,0.0,Low Risk,High Value Customer
0516-WJVXC,5,54.2,308.25,Month-to-month,DSL,Yes,54.2,5,271.0,61.65,Low Value,,0.0,Low Risk,Low Priority
9174-FKWZE,1,19.45,19.45,Month-to-month,No,Yes,19.45,1,19.45,19.45,Low Value,,0.0,Low Risk,Low Priority
6860-YRJZP,9,74.05,678.45,Month-to-month,Fiber optic,No,74.05,9,666.4499999999999,75.38333333333334,Low Value,,0.0,Low Risk,Low Priority
4429-WYGFR,26,49.15,1237.3,Month-to-month,DSL,No,49.15,26,1277.9,47.58846153846154,Medium Value,,0.0,Low Risk,Low Priority
2817-LVCPP,50,19.4,1023.95,Two year,No,No,19.4,50,970.0,20.479,Low Value,,0.0,Low Risk,Low Priority
5038-ETMLM,72,113.65,8182.75,Two year,Fiber optic,No,113.65,72,8182.8,113.64930555555556,Very High Value,,0.0,Low Risk,VIP Customer
5056-FIMPT,43,106.0,4532.3,One year,Fiber optic,No,106.0,43,4558.0,105.40232558139536,High Value,,0.0,Low Risk,High Value Customer
4521-WFJAI,56,25.95,1444.05,Two year,No,No,25.95,56,1453.2,25.786607142857143,Medium Value,No,0.04,Low Risk,Low Priority
6569-KTMDU,1,19.1,19.1,Month-to-month,No,No,19.1,1,19.1,19.1,Low Value,,0.0,Low Risk,Low Priority
8809-RIHDD,72,103.4,7372.65,Two year,Fiber optic,Yes,103.4,72,7444.8,102.39791666666666,Very High Value,,0.0,Low Risk,VIP Customer
8809-XKHMD,72,100.55,7325.1,Two year,Fiber optic,No,100.55,72,7239.599999999999,101.7375,Very High Value,No,0.035,Low Risk,VIP Customer
0396-YCHWO,36,95.4,3474.2,Month-to-month,Fiber optic,No,95.4,36,3434.4,96.50555555555556,High Value,,0.0,Low Risk,High Value Customer
0867-LDTTC,5,75.15,392.65,Month-to-month,DSL,No,75.15,5,375.75,78.53,Low Value,,0.0,Low Risk,Low Priority
4822-NGOCH,13,84.45,1058.6,Month-to-month,Fiber optic,Yes,84.45,13,1097.85,81.43076923076923,Medium Value,,0.0,Low Risk,Low Priority
9391-DXGGG,44,89.15,3990.75,One year,Fiber optic,No,89.15,44,3922.6,90.69886363636364,High Value,,0.0,Low Risk,High Value Customer
9844-FELAJ,70,107.9,7475.85,One year,Fiber optic,No,107.9,70,7553.0,106.79785714285715,Very High Value,No,0.165,Low Risk,VIP Customer
2122-SZZZD,44,19.5,835.5,One year,No,No,19.5,44,858.0,18.988636363636363,Low Value,,0.0,Low Risk,Low Priority
5307-DZCVC,32,85.95,2628.6,Month-to-month,Fiber optic,Yes,85.95,32,2750.4,82.14375,Medium Value,,0.0,Low Risk,Low Priority
3148-AOIQT,69,24.95,1718.35,Two year,No,No,24.95,69,1721.55,24.903623188405795,Medium Value,,0.0,Low Risk,Low Priority
8679-JOEVF,16,59.4,1023.9,Month-to-month,DSL,Yes,59.4,16,950.4,63.99375,Low Value,,0.0,Low Risk,Low Priority
8395-ETZKQ,68,19.5,1193.55,One year,No,No,19.5,68,1326.0,17.55220588235294,Medium Value,,0.0,Low Risk,Low Priority
6692-YQHXC,16,69.95,1205.5,Month-to-month,Fiber optic,No,69.95,16,1119.2,75.34375,Medium Value,,0.0,Low Risk,Low Priority
3889-VWBID,68,82.85,5776.45,Two year,DSL,No,82.85,68,5633.799999999999,84.94779411764705,High Value,,0.0,Low Risk,High Value Customer
5222-JCXZT,4,19.0,78.9,Month-to-month,No,No,19.0,4,76.0,19.725,Low Value,,0.0,Low Risk,Low Priority
9754-CLVZW,26,38.85,1025.15,Month-to-month,DSL,No,38.85,26,1010.1,39.42884615384616,Medium Value,,0.0,Low Risk,Low Priority
1432-FPAXX,29,30.6,856.35,Month-to-month,DSL,Yes,30.6,29,887.4000000000001,29.529310344827586,Low Value,,0.0,Low Risk,Low Priority
2739-CCZMB,5,20.35,122.0,Month-to-month,No,No,20.35,5,101.75,24.4,Low Value,,0.0,Low Risk,Low Priority
7080-TNUWP,70,95.0,6602.9,One year,Fiber optic,No,95.0,70,6650.0,94.32714285714285,Very High Value,,0.0,Low Risk,VIP Customer
0496-AHOOK,24,74.4,1712.9,One year,DSL,No,74.4,24,1785.6,71.37083333333334,Medium Value,,0.0,Low Risk,Low Priority
8336-TAVKX,72,78.45,5682.25,Two year,DSL,No,78.45,72,5648.400000000001,78.92013888888889,High Value,,0.0,Low Risk,High Value Customer
2468-SJFLM,1,74.3,74.3,Month-to-month,Fiber optic,No,74.3,1,74.3,74.3,Low Value,,0.0,Low Risk,Low Priority
3181-VTHOE,70,51.05,3635.15,One year,DSL,No,51.05,70,3573.5,51.93071428571429,High Value,,0.0,Low Risk,High Value Customer
7168-HDQHG,36,19.2,702.9,Month-to-month,No,No,19.2,36,691.1999999999999,19.525,Low Value,,0.0,Low Risk,Low Priority
4803-AXVYP,38,99.55,3734.25,Month-to-month,Fiber optic,Yes,99.55,38,3782.9,98.26973684210526,High Value,,0.0,Low Risk,High Value Customer
3884-HCSWG,17,70.0,1144.5,Month-to-month,Fiber optic,Yes,70.0,17,1190.0,67.32352941176471,Medium Value,,0.0,Low Risk,Low Priority
4567-AKPIA,41,109.1,4454.25,One year,Fiber optic,No,109.1,41,4473.099999999999,108.64024390243902,High Value,,0.0,Low Risk,High Value Customer
5077-DXTCG,1,45.3,45.3,Month-to-month,DSL,Yes,45.3,1,45.3,45.3,Low Value,,0.0,Low Risk,Low Priority
1142-WACZW,2,29.85,75.6,Month-to-month,DSL,Yes,29.85,2,59.7,37.8,Low Value,,0.0,Low Risk,Low Priority
7901-HXJVA,14,76.45,1117.55,Month-to-month,Fiber optic,No,76.45,14,1070.3,79.825,Medium Value,,0.0,Low Risk,Low Priority
5649-ANRML,2,95.1,180.25,Month-to-month,Fiber optic,Yes,95.1,2,190.2,90.125,Low Value,,0.0,Low Risk,Low Priority
4892-VLANZ,1,19.8,19.8,Month-to-month,No,Yes,19.8,1,19.8,19.8,Low Value,No,0.37929999999999997,Low Risk,Low Priority
5924-IFQTT,13,72.8,930.05,Month-to-month,DSL,No,72.8,13,946.4,71.54230769230769,Low Value,,0.0,Low Risk,Low Priority
7968-QUXNS,6,18.95,110.15,Month-to-month,No,No,18.95,6,113.7,18.35833333333333,Low Value,,0.0,Low Risk,Low Priority
2919-HBCJO,4,76.65,333.6,Month-to-month,Fiber optic,Yes,76.65,4,306.6,83.4,Low Value,Yes,0.615,Medium Risk,Monitor
4236-XPXAV,5,99.15,465.05,Month-to-month,Fiber optic,Yes,99.15,5,495.75,93.01,Low Value,,0.0,Low Risk,Low Priority
8903-WMRNW,15,101.75,1669.4,Month-to-month,Fiber optic,No,101.75,15,1526.25,111.29333333333334,Medium Value,,0.0,Low Risk,Low Priority
2452-SNHFZ,47,75.45,3545.1,Month-to-month,Fiber optic,No,75.45,47,3546.15,75.42765957446808,High Value,,0.0,Low Risk,High Value Customer
3629-WEAAM,8,64.1,504.05,Month-to-month,DSL,No,64.1,8,512.8,63.00625,Low Value,,0.0,Low Risk,Low Priority
6029-CSMJE,17,25.65,440.2,Month-to-month,DSL,No,25.65,17,436.05,25.894117647058824,Low Value,,0.0,Low Risk,Low Priority
7993-NQLJE,15,75.1,1151.55,Month-to-month,Fiber optic,No,75.1,15,1126.5,76.77,Medium Value,,0.0,Low Risk,Low Priority
9909-DFRJA,26,95.85,2475.35,One year,Fiber optic,No,95.85,26,2492.1,95.20576923076922,Medium Value,No,0.195,Low Risk,Low Priority
9099-FTUHS,23,54.4,1249.25,Month-to-month,DSL,No,54.4,23,1251.2,54.31521739130435,Medium Value,,0.0,Low Risk,Low Priority
0581-BXBUB,4,72.75,317.75,Month-to-month,Fiber optic,No,72.75,4,291.0,79.4375,Low Value,No,0.44,Medium Risk,Monitor
4962-CHQPW,29,19.85,535.05,One year,No,No,19.85,29,575.6500000000001,18.45,Low Value,No,0.01,Low Risk,Low Priority
9467-ROOLM,25,19.05,461.3,Month-to-month,No,No,19.05,25,476.25,18.452,Low Value,,0.0,Low Risk,Low Priority
3030-YZADT,9,44.95,431.0,Month-to-month,DSL,Yes,44.95,9,404.55,47.888888888888886,Low Value,,0.0,Low Risk,Low Priority
7410-KTVFV,18,49.55,878.35,Month-to-month,DSL,Yes,49.55,18,891.9,48.797222222222224,Low Value,No,0.08,Low Risk,Low Priority
5150-ITWWB,3,94.85,335.75,Month-to-month,Fiber optic,No,94.85,3,284.54999999999995,111.91666666666669,Low Value,,0.0,Low Risk,Low Priority
2253-KPMNB,69,46.25,3121.4,Two year,DSL,No,46.25,69,3191.25,45.23768115942029,High Value,,0.0,Low Risk,High Value Customer
1345-ZUKID,14,19.35,324.8,One year,No,No,19.35,14,270.90000000000003,23.2,Low Value,,0.0,Low Risk,Low Priority
6429-SHBCB,19,69.6,1394.55,Month-to-month,DSL,No,69.6,19,1322.4,73.39736842105263,Medium Value,No,0.13,Low Risk,Low Priority
9281-OFDMF,39,90.7,3413.25,Month-to-month,Fiber optic,No,90.7,39,3537.3,87.51923076923077,High Value,,0.0,Low Risk,High Value Customer
2603-HVKCG,31,101.4,3143.65,Month-to-month,Fiber optic,No,101.4,31,3143.4,101.40806451612904,High Value,,0.0,Low Risk,High Value Customer
1834-WULEG,24,20.25,439.75,One year,No,No,20.25,24,486.0,18.322916666666668,Low Value,,0.0,Low Risk,Low Priority
9097-ZUBYC,14,48.8,664.4,Month-to-month,DSL,No,48.8,14,683.1999999999999,47.457142857142856,Low Value,No,0.22,Low Risk,Low Priority
5148-ORICT,64,74.35,4759.55,Two year,DSL,No,74.35,64,4758.4,74.36796875,High Value,,0.0,Low Risk,High Value Customer
4893-GYUJU,50,19.35,1033.0,One year,No,No,19.35,50,967.5,20.66,Low Value,,0.0,Low Risk,Low Priority
4578-PHJYZ,52,68.75,3482.85,One year,DSL,No,68.75,52,3575.0,66.97788461538461,High Value,,0.0,Low Risk,High Value Customer
7272-QDCKA,28,100.2,2688.45,One year,Fiber optic,No,100.2,28,2805.6,96.01607142857142,Medium Value,,0.0,Low Risk,Low Priority
8908-SLFCJ,21,20.85,435.25,Two year,No,No,20.85,21,437.85,20.726190476190474,Low Value,,0.0,Low Risk,Low Priority
8393-DLHGA,25,95.9,2448.75,Month-to-month,Fiber optic,Yes,95.9,25,2397.5,97.95,Medium Value,No,0.405,Medium Risk,Monitor
9766-HGEDE,17,19.35,307.0,One year,No,No,19.35,17,328.95000000000005,18.058823529411764,Low Value,,0.0,Low Risk,Low Priority
6968-MHOMU,58,45.0,2689.35,One year,DSL,No,45.0,58,2610.0,46.36810344827586,Medium Value,No,0.145,Low Risk,Low Priority
7395-IGJOS,17,81.5,1329.2,Month-to-month,Fiber optic,Yes,81.5,17,1385.5,78.18823529411765,Medium Value,,0.0,Low Risk,Low Priority
5044-XDPYX,51,25.5,1281.25,Two year,No,No,25.5,51,1300.5,25.12254901960784,Medium Value,,0.0,Low Risk,Low Priority
1814-WFGVS,72,48.9,3527.0,Two year,DSL,No,48.9,72,3520.8,48.98611111111112,High Value,,0.0,Low Risk,High Value Customer
2834-SPCJV,52,84.1,4348.65,Month-to-month,Fiber optic,Yes,84.1,52,4373.2,83.6278846153846,High Value,,0.0,Low Risk,High Value Customer
3721-WKIIL,27,19.6,561.15,Two year,No,No,19.6,27,529.2,20.78333333333333,Low Value,,0.0,Low Risk,Low Priority
6734-CKRSM,3,20.0,63.6,Month-to-month,No,No,20.0,3,60.0,21.2,Low Value,,0.0,Low Risk,Low Priority
1265-ZFOSD,64,81.3,5129.3,Two year,DSL,No,81.3,64,5203.2,80.1453125,High Value,,0.0,Low Risk,High Value Customer
6568-POCUI,45,95.2,4285.8,Two year,Fiber optic,No,95.2,45,4284.0,95.24,High Value,No,0.09,Low Risk,High Value Customer
7890-VYYWG,3,36.45,93.7,Month-to-month,DSL,Yes,36.45,3,109.35,31.23333333333333,Low Value,,0.0,Low Risk,Low Priority
5197-LQXXH,71,83.3,5894.5,Two year,DSL,No,83.3,71,5914.3,83.02112676056338,High Value,,0.0,Low Risk,High Value Customer
9907-SWKKF,1,25.05,25.05,Month-to-month,DSL,Yes,25.05,1,25.05,25.05,Low Value,Yes,0.67,Medium Risk,Monitor
3457-PQBYH,58,20.3,1160.75,Two year,No,No,20.3,58,1177.4,20.01293103448276,Medium Value,,0.0,Low Risk,Low Priority
7682-AZNDK,34,89.85,3091.75,Month-to-month,Fiber optic,No,89.85,34,3054.9,90.93382352941175,High Value,,0.0,Low Risk,High Value Customer
0587-DMGBH,8,49.85,365.55,Month-to-month,DSL,Yes,49.85,8,398.8,45.69375,Low Value,,0.0,Low Risk,Low Priority
5384-ZTTWP,15,19.8,272.95,Month-to-month,No,No,19.8,15,297.0,18.196666666666665,Low Value,,0.0,Low Risk,Low Priority
3745-HRPHI,66,54.65,3632.0,Two year,DSL,No,54.65,66,3606.9,55.03030303030303,High Value,,0.0,Low Risk,High Value Customer
7636-OWBPG,12,29.35,381.2,Month-to-month,DSL,No,29.35,12,352.20000000000005,31.766666666666666,Low Value,,0.0,Low Risk,Low Priority
1231-YNDEK,58,19.15,1035.5,Two year,No,No,19.15,58,1110.6999999999998,17.853448275862068,Medium Value,,0.0,Low Risk,Low Priority
1407-DIGZV,3,19.1,52.0,Two year,No,No,19.1,3,57.3,17.333333333333332,Low Value,,0.0,Low Risk,Low Priority
6397-JNZZG,43,55.55,2342.2,Month-to-month,DSL,Yes,55.55,43,2388.65,54.46976744186046,Medium Value,,0.0,Low Risk,Low Priority
0570-BFQHT,9,80.55,653.9,Month-to-month,Fiber optic,No,80.55,9,724.9499999999999,72.65555555555555,Low Value,,0.0,Low Risk,Low Priority
4393-OBCRR,3,20.25,71.2,One year,No,No,20.25,3,60.75,23.73333333333333,Low Value,,0.0,Low Risk,Low Priority
3523-QRQLL,22,69.5,1498.2,One year,DSL,Yes,69.5,22,1529.0,68.10000000000001,Medium Value,No,0.175,Low Risk,Low Priority
8564-LDKFL,40,106.0,4178.65,One year,Fiber optic,No,106.0,40,4240.0,104.46625,High Value,,0.0,Low Risk,High Value Customer
3696-DFHHB,68,25.5,1821.8,Two year,No,No,25.5,68,1734.0,26.791176470588237,Medium Value,,0.0,Low Risk,Low Priority
0895-DQHEW,54,104.3,5278.15,Month-to-month,Fiber optic,Yes,104.3,54,5632.2,97.74351851851851,High Value,,0.0,Low Risk,High Value Customer
4717-GHADL,50,79.6,4024.2,Two year,DSL,No,79.6,50,3980.0,80.484,High Value,No,0.035,Low Risk,High Value Customer
5501-TVMGM,1,55.25,55.25,Month-to-month,DSL,No,55.25,1,55.25,55.25,Low Value,Yes,0.69,Medium Risk,Monitor
5879-HMFFH,72,88.05,6520.8,Two year,DSL,No,88.05,72,6339.599999999999,90.56666666666666,Very High Value,,0.0,Low Risk,VIP Customer
6772-WFQRD,40,20.4,854.9,One year,No,No,20.4,40,816.0,21.3725,Low Value,,0.0,Low Risk,Low Priority
3810-DVDQQ,72,117.6,8308.9,Two year,Fiber optic,No,117.6,72,8467.199999999999,115.40138888888887,Very High Value,,0.0,Low Risk,VIP Customer
6972-SNKKW,6,20.0,109.2,Month-to-month,No,No,20.0,6,120.0,18.2,Low Value,,0.0,Low Risk,Low Priority
8853-TZDGH,72,111.6,8012.75,Two year,Fiber optic,No,111.6,72,8035.2,111.28819444444444,Very High Value,,0.0,Low Risk,VIP Customer
3694-GLTJM,5,19.65,92.05,Month-to-month,No,No,19.65,5,98.25,18.41,Low Value,No,0.125,Low Risk,Low Priority
8550-XSXUQ,48,70.55,3420.5,One year,DSL,No,70.55,48,3386.4,71.26041666666667,High Value,,0.0,Low Risk,High Value Customer
8149-RSOUN,1,93.85,93.85,Month-to-month,Fiber optic,Yes,93.85,1,93.85,93.85,Low Value,,0.0,Low Risk,Low Priority
9055-MOJJJ,64,65.8,4068.0,One year,DSL,No,65.8,64,4211.2,63.5625,High Value,,0.0,Low Risk,High Value Customer
4359-INNWN,17,20.05,337.9,One year,No,No,20.05,17,340.85,19.876470588235293,Low Value,No,0.015,Low Risk,Low Priority
0585-EGDDA,40,80.0,3168.75,Month-to-month,Fiber optic,No,80.0,40,3200.0,79.21875,High Value,,0.0,Low Risk,High Value Customer
4032-RMHCI,41,35.4,1412.4,One year,DSL,No,35.4,41,1451.4,34.44878048780488,Medium Value,,0.0,Low Risk,Low Priority
0549-CYCQN,51,79.6,3974.7,One year,Fiber optic,No,79.6,51,4059.6,77.93529411764706,High Value,,0.0,Low Risk,High Value Customer
3481-JHUZH,41,80.25,3439.0,Month-to-month,Fiber optic,No,80.25,41,3290.25,83.8780487804878,High Value,,0.0,Low Risk,High Value Customer
7250-EQKIY,1,50.45,50.45,Month-to-month,DSL,Yes,50.45,1,50.45,50.45,Low Value,Yes,0.575,Medium Risk,Monitor
3594-IVHJZ,2,20.45,42.45,Month-to-month,No,No,20.45,2,40.9,21.225,Low Value,No,0.0592,Low Risk,Low Priority
6869-FGJJC,68,79.6,5461.45,One year,Fiber optic,No,79.6,68,5412.799999999999,80.31544117647059,High Value,,0.0,Low Risk,High Value Customer
3896-ZVNET,24,24.7,571.75,Two year,No,No,24.7,24,592.8,23.822916666666668,Low Value,,0.0,Low Risk,Low Priority
8205-VSLRB,70,77.3,5498.2,Two year,DSL,No,77.3,70,5411.0,78.54571428571428,High Value,,0.0,Low Risk,High Value Customer
5960-MVTUK,3,29.75,96.85,Month-to-month,DSL,No,29.75,3,89.25,32.28333333333333,Low Value,,0.0,Low Risk,Low Priority
6817-WTYHE,2,44.9,111.05,Month-to-month,DSL,No,44.9,2,89.8,55.525,Low Value,,0.0,Low Risk,Low Priority
3082-VQXNH,3,29.8,94.4,Month-to-month,DSL,No,29.8,3,89.4,31.46666666666667,Low Value,,0.0,Low Risk,Low Priority
4013-UBXWQ,7,74.65,521.1,Month-to-month,DSL,Yes,74.65,7,522.5500000000001,74.44285714285715,Low Value,,0.0,Low Risk,Low Priority
4931-TRZWN,13,71.95,923.85,Month-to-month,DSL,No,71.95,13,935.35,71.06538461538462,Low Value,,0.0,Low Risk,Low Priority
0750-EKNGL,7,20.75,141.1,Month-to-month,No,No,20.75,7,145.25,20.15714285714285,Low Value,,0.0,Low Risk,Low Priority
7669-LCRSD,12,56.3,628.65,Month-to-month,DSL,No,56.3,12,675.5999999999999,52.3875,Low Value,No,0.19,Low Risk,Low Priority
3567-PQTSO,53,105.25,5576.3,One year,Fiber optic,No,105.25,53,5578.25,105.21320754716982,High Value,No,0.22,Low Risk,High Value Customer
5519-NPHVG,12,94.2,1046.1,Month-to-month,Fiber optic,Yes,94.2,12,1130.4,87.175,Medium Value,,0.0,Low Risk,Low Priority
8043-PNYSD,63,19.55,1245.6,Two year,No,No,19.55,63,1231.65,19.77142857142857,Medium Value,,0.0,Low Risk,Low Priority
9938-EKRGF,15,84.45,1287.85,Month-to-month,DSL,No,84.45,15,1266.75,85.85666666666665,Medium Value,,0.0,Low Risk,Low Priority
2703-AMTUL,36,53.65,1939.35,One year,DSL,No,53.65,36,1931.4,53.87083333333333,Medium Value,,0.0,Low Risk,Low Priority
0928-JMXNP,4,29.9,118.25,Month-to-month,DSL,No,29.9,4,119.6,29.5625,Low Value,,0.0,Low Risk,Low Priority
8173-RXAYP,24,19.7,452.55,Two year,No,No,19.7,24,472.8,18.85625,Low Value,No,0.0,Low Risk,Low Priority
4825-XJGDM,61,43.7,2696.55,One year,DSL,No,43.7,61,2665.7000000000003,44.20573770491804,Medium Value,,0.0,Low Risk,Low Priority
5402-HTOTQ,16,55.3,875.35,Month-to-month,DSL,No,55.3,16,884.8,54.709375,Low Value,No,0.345,Low Risk,Low Priority
6734-JDTTV,65,19.85,1267.05,Two year,No,No,19.85,65,1290.25,19.493076923076924,Medium Value,,0.0,Low Risk,Low Priority
7850-THJMU,26,19.65,494.9,Two year,No,No,19.65,26,510.9,19.034615384615385,Low Value,,0.0,Low Risk,Low Priority
3890-RTCMS,16,49.45,799.0,Month-to-month,DSL,No,49.45,16,791.2,49.9375,Low Value,,0.0,Low Risk,Low Priority
8849-GYOKR,54,106.55,5763.3,One year,Fiber optic,Yes,106.55,54,5753.7,106.72777777777776,High Value,No,0.15,Low Risk,High Value Customer
3148-BLQJT,1,20.1,20.1,Month-to-month,No,Yes,20.1,1,20.1,20.1,Low Value,,0.0,Low Risk,Low Priority
3717-FDJFU,5,20.45,106.9,Two year,No,No,20.45,5,102.25,21.380000000000003,Low Value,No,0.005,Low Risk,Low Priority
3665-JATSN,19,39.7,710.05,Month-to-month,DSL,No,39.7,19,754.3000000000001,37.37105263157895,Low Value,,0.0,Low Risk,Low Priority
7966-YOTQW,10,54.5,568.2,Month-to-month,DSL,No,54.5,10,545.0,56.82000000000001,Low Value,,0.0,Low Risk,Low Priority
0461-CVKMU,23,83.8,1900.25,Month-to-month,Fiber optic,Yes,83.8,23,1927.4,82.6195652173913,Medium Value,,0.0,Low Risk,Low Priority
8806-EAGWC,3,55.15,159.15,Month-to-month,DSL,Yes,55.15,3,165.45,53.05,Low Value,,0.0,Low Risk,Low Priority
7779-LGOVN,10,86.65,856.65,Month-to-month,Fiber optic,Yes,86.65,10,866.5,85.66499999999999,Low Value,,0.0,Low Risk,Low Priority
4324-BZCKL,10,55.55,551.3,Month-to-month,DSL,No,55.55,10,555.5,55.13,Low Value,,0.0,Low Risk,Low Priority
6924-TDGMT,11,20.55,184.95,One year,No,No,20.55,11,226.05,16.813636363636363,Low Value,,0.0,Low Risk,Low Priority
9710-ZUSHQ,37,106.75,4056.75,Month-to-month,Fiber optic,Yes,106.75,37,3949.75,109.64189189189187,High Value,No,0.335,Low Risk,High Value Customer
1536-YHDOE,17,62.1,1096.65,One year,DSL,No,62.1,17,1055.7,64.50882352941177,Medium Value,,0.0,Low Risk,Low Priority
8123-QBNAZ,36,104.5,3684.95,Month-to-month,Fiber optic,No,104.5,36,3762.0,102.35972222222222,High Value,,0.0,Low Risk,High Value Customer
3629-ZNKXA,17,101.8,1752.45,Month-to-month,Fiber optic,No,101.8,17,1730.6,103.08529411764708,Medium Value,,0.0,Low Risk,Low Priority
4827-LTQRJ,66,110.6,7210.85,One year,Fiber optic,No,110.6,66,7299.599999999999,109.25530303030304,Very High Value,,0.0,Low Risk,VIP Customer
7711-YIJWC,61,84.9,5264.5,One year,DSL,No,84.9,61,5178.900000000001,86.30327868852459,High Value,,0.0,Low Risk,High Value Customer
5482-VXSXJ,22,93.2,2157.3,Month-to-month,Fiber optic,No,93.2,22,2050.4,98.05909090909093,Medium Value,,0.0,Low Risk,Low Priority
7365-BVCJH,1,24.4,24.4,Month-to-month,DSL,No,24.4,1,24.4,24.4,Low Value,,0.0,Low Risk,Low Priority
9620-ENEJV,6,70.55,433.95,Month-to-month,Fiber optic,No,70.55,6,423.3,72.325,Low Value,,0.0,Low Risk,Low Priority
4183-WCSEP,31,78.45,2435.15,Month-to-month,Fiber optic,Yes,78.45,31,2431.9500000000003,78.55322580645162,Medium Value,,0.0,Low Risk,Low Priority
2378-YIZKA,68,85.0,5607.75,Two year,DSL,No,85.0,68,5780.0,82.46691176470588,High Value,,0.0,Low Risk,High Value Customer
5498-TXHLF,34,87.45,2874.15,Month-to-month,Fiber optic,Yes,87.45,34,2973.3,84.53382352941176,Medium Value,,0.0,Low Risk,Low Priority
0689-DSXGL,52,85.8,4433.3,Month-to-month,Fiber optic,No,85.8,52,4461.599999999999,85.25576923076923,High Value,,0.0,Low Risk,High Value Customer
6818-DJXAA,10,91.1,964.35,Month-to-month,Fiber optic,No,91.1,10,911.0,96.435,Low Value,,0.0,Low Risk,Low Priority
9722-UJOJR,29,70.75,1974.8,Month-to-month,Fiber optic,Yes,70.75,29,2051.75,68.09655172413792,Medium Value,,0.0,Low Risk,Low Priority
0464-WJTKO,72,20.1,1460.85,Two year,No,No,20.1,72,1447.2,20.289583333333333,Medium Value,,0.0,Low Risk,Low Priority
8902-ZEOVF,47,20.05,951.55,One year,No,No,20.05,47,942.35,20.245744680851065,Low Value,,0.0,Low Risk,Low Priority
6778-EICRF,24,74.8,1821.2,One year,DSL,No,74.8,24,1795.1999999999998,75.88333333333334,Medium Value,,0.0,Low Risk,Low Priority
2662-NNTDK,65,24.8,1600.95,One year,No,No,24.8,65,1612.0,24.63,Medium Value,,0.0,Low Risk,Low Priority
4132-KALRO,4,100.85,399.25,Month-to-month,Fiber optic,No,100.85,4,403.4,99.8125,Low Value,,0.0,Low Risk,Low Priority
3902-FOIGH,12,101.35,1218.55,Month-to-month,Fiber optic,Yes,101.35,12,1216.1999999999998,101.54583333333332,Medium Value,,0.0,Low Risk,Low Priority
6772-KSATR,1,81.7,81.7,Month-to-month,Fiber optic,Yes,81.7,1,81.7,81.7,Low Value,,0.0,Low Risk,Low Priority
7112-OPOTK,33,68.25,2171.15,Month-to-month,Fiber optic,Yes,68.25,33,2252.25,65.79242424242425,Medium Value,,0.0,Low Risk,Low Priority
2874-YXVVA,34,105.1,3634.8,Month-to-month,Fiber optic,No,105.1,34,3573.4,106.90588235294118,High Value,,0.0,Low Risk,High Value Customer
1245-HARPS,14,20.4,292.4,Two year,No,No,20.4,14,285.6,20.885714285714283,Low Value,,0.0,Low Risk,Low Priority
4210-QFJMF,4,79.15,317.25,Month-to-month,Fiber optic,Yes,79.15,4,316.6,79.3125,Low Value,,0.0,Low Risk,Low Priority
4323-ELYYB,13,20.0,218.55,One year,No,No,20.0,13,260.0,16.81153846153846,Low Value,,0.0,Low Risk,Low Priority
4293-ETKAP,65,79.4,5071.9,Two year,DSL,No,79.4,65,5161.0,78.02923076923076,High Value,,0.0,Low Risk,High Value Customer
6064-PUPMC,23,57.2,1423.35,One year,DSL,No,57.2,23,1315.6,61.88478260869565,Medium Value,,0.0,Low Risk,Low Priority
6504-VBLFL,55,58.6,3068.6,Two year,DSL,No,58.6,55,3223.0,55.79272727272727,High Value,,0.0,Low Risk,High Value Customer
6322-PJJDJ,49,94.8,4690.65,Two year,Fiber optic,No,94.8,49,4645.2,95.72755102040816,High Value,,0.0,Low Risk,High Value Customer
0330-BGYZE,60,102.5,6157.6,One year,Fiber optic,No,102.5,60,6150.0,102.62666666666668,Very High Value,,0.0,Low Risk,VIP Customer
1085-LDWAM,69,20.35,1442.65,One year,No,No,20.35,69,1404.15,20.907971014492755,Medium Value,No,0.04,Low Risk,Low Priority
7586-ZATGZ,40,84.9,3369.05,Month-to-month,Fiber optic,No,84.9,40,3396.0,84.22625000000001,High Value,,0.0,Low Risk,High Value Customer
7197-VOJMM,67,69.2,4671.65,Two year,DSL,No,69.2,67,4636.400000000001,69.72611940298506,High Value,,0.0,Low Risk,High Value Customer
3318-OSATS,35,95.45,3474.05,Month-to-month,Fiber optic,Yes,95.45,35,3340.75,99.25857142857144,High Value,,0.0,Low Risk,High Value Customer
5828-AVIPD,19,100.95,1875.55,One year,Fiber optic,Yes,100.95,19,1918.05,98.71315789473684,Medium Value,No,0.385,Low Risk,Low Priority
1843-TLSGD,13,20.85,272.35,Two year,No,No,20.85,13,271.05,20.950000000000003,Low Value,,0.0,Low Risk,Low Priority
9626-VFRGG,41,88.5,3645.05,Month-to-month,Fiber optic,No,88.5,41,3628.5,88.90365853658537,High Value,,0.0,Low Risk,High Value Customer
7075-BNDVQ,4,35.0,135.75,Month-to-month,DSL,No,35.0,4,140.0,33.9375,Low Value,,0.0,Low Risk,Low Priority
9143-CANJF,24,55.15,1319.85,Month-to-month,DSL,No,55.15,24,1323.6,54.99375,Medium Value,No,0.155,Low Risk,Low Priority
7284-BUYEC,5,50.95,229.4,Month-to-month,DSL,No,50.95,5,254.75,45.88,Low Value,,0.0,Low Risk,Low Priority
2041-JIJCI,5,64.0,370.25,Month-to-month,DSL,No,64.0,5,320.0,74.05,Low Value,No,0.445,Medium Risk,Monitor
1086-LXKFY,1,69.1,69.1,Month-to-month,Fiber optic,Yes,69.1,1,69.1,69.1,Low Value,,0.0,Low Risk,Low Priority
4900-MSOMT,72,80.2,5714.2,Two year,DSL,No,80.2,72,5774.400000000001,79.36388888888888,High Value,,0.0,Low Risk,High Value Customer
2229-VWQJH,24,49.3,1233.25,Month-to-month,DSL,No,49.3,24,1183.1999999999998,51.38541666666666,Medium Value,,0.0,Low Risk,Low Priority
9194-GFVOI,42,84.35,3571.6,Two year,DSL,No,84.35,42,3542.7,85.03809523809524,High Value,,0.0,Low Risk,High Value Customer
1336-EZFZY,4,20.05,83.3,Month-to-month,No,No,20.05,4,80.2,20.825,Low Value,,0.0,Low Risk,Low Priority
4282-MSACW,68,117.2,8035.95,One year,Fiber optic,No,117.2,68,7969.6,118.17573529411764,Very High Value,,0.0,Low Risk,VIP Customer
1403-LKLIK,33,20.1,579.4,One year,No,No,20.1,33,663.3000000000001,17.55757575757576,Low Value,,0.0,Low Risk,Low Priority
2636-ALXXZ,1,69.6,69.6,Month-to-month,Fiber optic,Yes,69.6,1,69.6,69.6,Low Value,,0.0,Low Risk,Low Priority
7774-OJSXI,31,103.45,3066.45,One year,Fiber optic,Yes,103.45,31,3206.9500000000003,98.91774193548386,High Value,,0.0,Low Risk,High Value Customer
7786-WBJYI,4,77.95,305.55,Month-to-month,Fiber optic,Yes,77.95,4,311.8,76.3875,Low Value,,0.0,Low Risk,Low Priority
0136-IFMYD,69,109.95,7634.25,Two year,Fiber optic,No,109.95,69,7586.55,110.6413043478261,Very High Value,,0.0,Low Risk,VIP Customer
5144-TVGLP,38,94.75,3653.0,Month-to-month,Fiber optic,No,94.75,38,3600.5,96.13157894736842,High Value,No,0.485,Medium Risk,High Value Customer
9643-AVVWI,3,80.0,241.3,Month-to-month,Fiber optic,No,80.0,3,240.0,80.43333333333334,Low Value,Yes,0.63,Medium Risk,Monitor
0253-ZTEOB,48,79.65,3870.3,Two year,DSL,No,79.65,48,3823.2,80.63125000000001,High Value,,0.0,Low Risk,High Value Customer
2706-QZIHY,15,25.2,387.9,Two year,No,No,25.2,15,378.0,25.86,Low Value,,0.0,Low Risk,Low Priority
6061-PQHMK,25,19.9,527.5,One year,No,No,19.9,25,497.5,21.1,Low Value,,0.0,Low Risk,Low Priority
9885-CSMWE,1,78.45,78.45,Month-to-month,Fiber optic,Yes,78.45,1,78.45,78.45,Low Value,,0.0,Low Risk,Low Priority
6137-MFAJN,48,44.8,2104.55,Month-to-month,DSL,No,44.8,48,2150.4,43.84479166666667,Medium Value,,0.0,Low Risk,Low Priority
9122-UMROB,1,20.3,20.3,Month-to-month,No,No,20.3,1,20.3,20.3,Low Value,No,0.157,Low Risk,Low Priority
4232-JGKIY,1,19.2,19.2,Month-to-month,No,No,19.2,1,19.2,19.2,Low Value,,0.0,Low Risk,Low Priority
2402-TAIRZ,37,80.05,3019.1,One year,Fiber optic,No,80.05,37,2961.85,81.59729729729729,Medium Value,,0.0,Low Risk,Low Priority
9659-ZTWSM,66,107.35,7051.95,One year,Fiber optic,No,107.35,66,7085.099999999999,106.84772727272728,Very High Value,,0.0,Low Risk,VIP Customer
9139-TWBAS,26,47.85,1190.5,One year,DSL,No,47.85,26,1244.1,45.78846153846154,Medium Value,,0.0,Low Risk,Low Priority
6685-GBWJZ,63,70.8,4448.8,One year,DSL,No,70.8,63,4460.4,70.61587301587302,High Value,No,0.06,Low Risk,High Value Customer
5016-ETTFF,10,29.5,255.25,Month-to-month,DSL,Yes,29.5,10,295.0,25.525,Low Value,,0.0,Low Risk,Low Priority
3866-MDTUB,2,70.75,146.9,Month-to-month,DSL,Yes,70.75,2,141.5,73.45,Low Value,,0.0,Low Risk,Low Priority
2195-VVRJF,18,59.1,1011.05,Month-to-month,DSL,No,59.1,18,1063.8,56.16944444444445,Medium Value,No,0.23,Low Risk,Low Priority
3913-RDSJZ,64,25.55,1714.95,Two year,No,No,25.55,64,1635.2,26.79609375,Medium Value,,0.0,Low Risk,Low Priority
8058-JMEQO,9,84.45,762.5,Month-to-month,Fiber optic,Yes,84.45,9,760.0500000000001,84.72222222222223,Low Value,,0.0,Low Risk,Low Priority
4203-QGNZA,28,20.25,535.35,Month-to-month,No,No,20.25,28,567.0,19.119642857142857,Low Value,,0.0,Low Risk,Low Priority
5043-TRZWM,1,75.55,75.55,Month-to-month,Fiber optic,No,75.55,1,75.55,75.55,Low Value,,0.0,Low Risk,Low Priority
0697-ZMSWS,4,85.65,338.9,Month-to-month,Fiber optic,Yes,85.65,4,342.6,84.725,Low Value,,0.0,Low Risk,Low Priority
7657-DYEPJ,38,70.15,2497.35,One year,DSL,Yes,70.15,38,2665.7000000000003,65.71973684210526,Medium Value,,0.0,Low Risk,Low Priority
9494-BDNNC,66,95.3,6273.4,One year,Fiber optic,No,95.3,66,6289.8,95.05151515151516,Very High Value,,0.0,Low Risk,VIP Customer
1640-PLFMP,1,70.25,70.25,Month-to-month,Fiber optic,No,70.25,1,70.25,70.25,Low Value,,0.0,Low Risk,Low Priority
5366-OBVMR,18,50.3,908.75,Month-to-month,DSL,No,50.3,18,905.4,50.48611111111112,Low Value,,0.0,Low Risk,Low Priority
8276-MQBYC,51,97.8,4913.3,Month-to-month,Fiber optic,Yes,97.8,51,4987.8,96.33921568627451,High Value,,0.0,Low Risk,High Value Customer
7644-OMVMY,0,19.85,0.0,Two year,No,No,19.85,1,19.85,0.0,Low Value,,0.0,Low Risk,Low Priority
7593-XFKDI,1,46.3,46.3,Month-to-month,DSL,Yes,46.3,1,46.3,46.3,Low Value,,0.0,Low Risk,Low Priority
4573-JKNAE,12,19.35,212.3,Two year,No,No,19.35,12,232.2,17.691666666666666,Low Value,,0.0,Low Risk,Low Priority
0337-CNPZE,41,106.3,4443.45,Month-to-month,Fiber optic,Yes,106.3,41,4358.3,108.37682926829268,High Value,,0.0,Low Risk,High Value Customer
9817-APLHW,12,25.0,316.2,Month-to-month,No,No,25.0,12,300.0,26.35,Low Value,,0.0,Low Risk,Low Priority
8380-MQINP,55,20.3,1079.05,Two year,No,No,20.3,55,1116.5,19.619090909090907,Medium Value,,0.0,Low Risk,Low Priority
0840-DFEZH,7,75.35,564.65,Month-to-month,Fiber optic,No,75.35,7,527.4499999999999,80.66428571428571,Low Value,,0.0,Low Risk,Low Priority
1513-XNPPH,12,89.4,1095.65,Month-to-month,Fiber optic,Yes,89.4,12,1072.8000000000002,91.30416666666667,Medium Value,,0.0,Low Risk,Low Priority
8690-ZVLCL,68,88.0,6161.9,Two year,DSL,No,88.0,68,5984.0,90.61617647058824,High Value,,0.0,Low Risk,High Value Customer
6015-VVHHE,5,83.15,446.05,Month-to-month,Fiber optic,Yes,83.15,5,415.75,89.21000000000001,Low Value,,0.0,Low Risk,Low Priority
1125-SNVCK,49,43.8,2106.05,Month-to-month,DSL,No,43.8,49,2146.2,42.98061224489796,Medium Value,,0.0,Low Risk,Low Priority
0384-LPITE,40,62.05,2511.55,One year,DSL,No,62.05,40,2482.0,62.78875000000001,Medium Value,,0.0,Low Risk,Low Priority
4616-EWBNJ,16,20.1,318.6,One year,No,No,20.1,16,321.6,19.9125,Low Value,,0.0,Low Risk,Low Priority
6347-DCUIK,10,74.15,811.8,Month-to-month,Fiber optic,Yes,74.15,10,741.5,81.17999999999999,Low Value,,0.0,Low Risk,Low Priority
1335-HQMKX,72,101.35,7323.15,One year,Fiber optic,No,101.35,72,7297.2,101.71041666666666,Very High Value,,0.0,Low Risk,VIP Customer
2545-EBUPK,2,84.05,186.05,Month-to-month,Fiber optic,No,84.05,2,168.1,93.025,Low Value,Yes,0.925,High Risk,Churn Risk
6923-AQONU,23,20.9,454.0,Two year,No,No,20.9,23,480.7,19.73913043478261,Low Value,,0.0,Low Risk,Low Priority
2172-EJXVF,71,105.9,7521.95,One year,Fiber optic,No,105.9,71,7518.900000000001,105.94295774647888,Very High Value,,0.0,Low Risk,VIP Customer
0897-FEGMU,11,99.5,1056.95,Month-to-month,Fiber optic,Yes,99.5,11,1094.5,96.08636363636364,Medium Value,,0.0,Low Risk,Low Priority
7663-RGWBC,1,44.15,44.15,Month-to-month,DSL,Yes,44.15,1,44.15,44.15,Low Value,No,0.28,Low Risk,Low Priority
1120-BMWUB,16,53.9,834.15,Month-to-month,DSL,Yes,53.9,16,862.4,52.134375,Low Value,,0.0,Low Risk,Low Priority
9124-LHCJQ,1,85.45,85.45,Month-to-month,Fiber optic,Yes,85.45,1,85.45,85.45,Low Value,,0.0,Low Risk,Low Priority
4536-PLEQY,12,85.05,999.8,Month-to-month,Fiber optic,No,85.05,12,1020.6,83.31666666666666,Medium Value,,0.0,Low Risk,Low Priority
7029-IJEJK,54,44.1,2369.7,One year,DSL,No,44.1,54,2381.4,43.88333333333333,Medium Value,,0.0,Low Risk,Low Priority
8871-JLMHM,68,90.2,6297.65,Two year,Fiber optic,No,90.2,68,6133.6,92.6125,Very High Value,,0.0,Low Risk,VIP Customer
2235-ZGKPT,4,50.85,239.55,Month-to-month,DSL,Yes,50.85,4,203.4,59.8875,Low Value,,0.0,Low Risk,Low Priority
3891-PUQOD,1,59.2,59.2,Month-to-month,DSL,Yes,59.2,1,59.2,59.2,Low Value,No,0.465,Medium Risk,Monitor
5447-VYTKW,27,53.45,1461.45,Month-to-month,DSL,No,53.45,27,1443.15,54.12777777777778,Medium Value,,0.0,Low Risk,Low Priority
3623-FQBOX,21,19.95,416.4,Month-to-month,No,No,19.95,21,418.95,19.82857142857143,Low Value,No,0.035,Low Risk,Low Priority
0689-NKYLF,13,83.2,1060.6,Month-to-month,Fiber optic,Yes,83.2,13,1081.6,81.58461538461538,Medium Value,,0.0,Low Risk,Low Priority
8659-HDIYE,64,74.65,4869.35,Month-to-month,DSL,No,74.65,64,4777.6,76.08359375,High Value,,0.0,Low Risk,High Value Customer
3658-KIBGF,1,54.9,54.9,Month-to-month,DSL,Yes,54.9,1,54.9,54.9,Low Value,Yes,0.555,Medium Risk,Monitor
3474-BAFSJ,57,57.5,3265.95,Two year,DSL,No,57.5,57,3277.5,57.29736842105263,High Value,,0.0,Low Risk,High Value Customer
5519-YLDGW,21,103.9,2254.2,Month-to-month,Fiber optic,Yes,103.9,21,2181.9,107.34285714285711,Medium Value,,0.0,Low Risk,Low Priority
3865-ZFZIB,19,19.65,358.15,Two year,No,No,19.65,19,373.35,18.85,Low Value,No,0.0017000000000000001,Low Risk,Low Priority
1855-AGAWH,31,93.8,2939.8,One year,Fiber optic,No,93.8,31,2907.8,94.83225806451614,Medium Value,,0.0,Low Risk,Low Priority
7109-CQYUZ,52,89.25,4652.4,Two year,DSL,No,89.25,52,4641.0,89.46923076923076,High Value,,0.0,Low Risk,High Value Customer
1370-GGAWX,46,94.15,4408.45,One year,Fiber optic,No,94.15,46,4330.900000000001,95.8358695652174,High Value,No,0.205,Low Risk,High Value Customer
4680-KUTAJ,11,55.6,580.8,Month-to-month,DSL,No,55.6,11,611.6,52.8,Low Value,,0.0,Low Risk,Low Priority
5307-UVGNB,53,48.7,2495.2,Month-to-month,DSL,No,48.7,53,2581.1000000000004,47.079245283018864,Medium Value,,0.0,Low Risk,Low Priority
4946-EDSEW,11,19.25,180.3,Month-to-month,No,Yes,19.25,11,211.75,16.39090909090909,Low Value,No,0.095,Low Risk,Low Priority
2883-ILGWO,57,104.9,5913.95,Month-to-month,Fiber optic,No,104.9,57,5979.3,103.75350877192982,High Value,,0.0,Low Risk,High Value Customer
2516-VQRRV,2,75.45,158.4,Month-to-month,Fiber optic,Yes,75.45,2,150.9,79.2,Low Value,,0.0,Low Risk,Low Priority
7580-UGXNC,2,54.85,104.2,Month-to-month,DSL,Yes,54.85,2,109.7,52.1,Low Value,,0.0,Low Risk,Low Priority
3642-BYHDO,71,19.9,1389.35,Two year,No,No,19.9,71,1412.9,19.56830985915493,Medium Value,No,0.0,Low Risk,Low Priority
9629-NHXFW,1,19.4,19.4,Month-to-month,No,No,19.4,1,19.4,19.4,Low Value,No,0.26,Low Risk,Low Priority
2696-RZVZW,68,25.05,1629.2,Two year,No,No,25.05,68,1703.4,23.958823529411767,Medium Value,No,0.005,Low Risk,Low Priority
5766-FTRTS,72,84.45,6033.1,Two year,DSL,No,84.45,72,6080.400000000001,83.79305555555555,Very High Value,,0.0,Low Risk,VIP Customer
0396-HUJBP,2,19.3,44.4,Month-to-month,No,No,19.3,2,38.6,22.2,Low Value,,0.0,Low Risk,Low Priority
5178-LMXOP,1,95.1,95.1,Month-to-month,Fiber optic,Yes,95.1,1,95.1,95.1,Low Value,Yes,0.865,High Risk,Churn Risk
8879-ZKJOF,41,79.85,3320.75,One year,DSL,No,79.85,41,3273.85,80.9939024390244,High Value,,0.0,Low Risk,High Value Customer
6285-FTQBF,72,25.55,1867.7,Two year,No,No,25.55,72,1839.6,25.94027777777778,Medium Value,,0.0,Low Risk,Low Priority
8185-UPYBR,6,75.5,438.0,Month-to-month,Fiber optic,Yes,75.5,6,453.0,73.0,Low Value,,0.0,Low Risk,Low Priority
4585-HETAI,4,73.75,325.45,Month-to-month,Fiber optic,Yes,73.75,4,295.0,81.3625,Low Value,,0.0,Low Risk,Low Priority
7526-BEZQB,12,96.05,1148.1,Month-to-month,Fiber optic,Yes,96.05,12,1152.6,95.675,Medium Value,,0.0,Low Risk,Low Priority
1474-JUWSM,58,68.4,3972.25,One year,DSL,No,68.4,58,3967.2,68.48706896551724,High Value,,0.0,Low Risk,High Value Customer
3530-CRZSB,7,20.65,155.9,Month-to-month,No,No,20.65,7,144.54999999999998,22.27142857142857,Low Value,,0.0,Low Risk,Low Priority
8498-XXGWA,65,55.15,3673.15,Month-to-month,DSL,No,55.15,65,3584.75,56.51,High Value,,0.0,Low Risk,High Value Customer
9617-INGJY,1,70.6,70.6,Month-to-month,Fiber optic,No,70.6,1,70.6,70.6,Low Value,,0.0,Low Risk,Low Priority
0621-TSSMU,56,19.95,1126.75,One year,No,No,19.95,56,1117.2,20.120535714285715,Medium Value,,0.0,Low Risk,Low Priority
7234-KMNRQ,4,19.0,73.45,Month-to-month,No,No,19.0,4,76.0,18.3625,Low Value,,0.0,Low Risk,Low Priority
7636-PEPNS,58,44.1,2413.05,One year,DSL,No,44.1,58,2557.8,41.60431034482759,Medium Value,No,0.09,Low Risk,Low Priority
4683-WYDOU,62,107.6,6912.7,Two year,Fiber optic,No,107.6,62,6671.2,111.49516129032256,Very High Value,,0.0,Low Risk,VIP Customer
9052-DHNKM,26,61.55,1581.95,One year,DSL,No,61.55,26,1600.3,60.84423076923077,Medium Value,No,0.14,Low Risk,Low Priority
6794-HKIAJ,62,90.7,5586.45,Month-to-month,Fiber optic,No,90.7,62,5623.400000000001,90.1040322580645,High Value,,0.0,Low Risk,High Value Customer
5578-NKCXI,58,99.25,5846.65,One year,Fiber optic,No,99.25,58,5756.5,100.80431034482758,High Value,,0.0,Low Risk,High Value Customer
1642-HMARX,68,91.7,6424.7,Two year,DSL,No,91.7,68,6235.6,94.48088235294118,Very High Value,,0.0,Low Risk,VIP Customer
3096-WPXBT,61,100.7,6018.65,One year,Fiber optic,No,100.7,61,6142.7,98.66639344262296,Very High Value,No,0.08,Low Risk,VIP Customer
8434-PNQZX,42,78.45,3373.4,Two year,DSL,No,78.45,42,3294.9,80.31904761904762,High Value,,0.0,Low Risk,High Value Customer
5950-AAAGJ,18,84.3,1537.9,Month-to-month,Fiber optic,No,84.3,18,1517.4,85.4388888888889,Medium Value,,0.0,Low Risk,Low Priority
4299-OPXEJ,56,19.55,1080.55,Two year,No,No,19.55,56,1094.8,19.295535714285712,Medium Value,No,0.0,Low Risk,Low Priority
4951-UKAAQ,4,88.95,355.2,Month-to-month,Fiber optic,Yes,88.95,4,355.8,88.8,Low Value,,0.0,Low Risk,Low Priority
9618-LFJRU,4,20.45,82.85,Month-to-month,No,No,20.45,4,81.8,20.7125,Low Value,,0.0,Low Risk,Low Priority
6693-DJWTY,35,55.6,2016.45,One year,DSL,No,55.6,35,1946.0,57.612857142857145,Medium Value,,0.0,Low Risk,Low Priority
0744-GKNGE,64,86.8,5327.25,Month-to-month,Fiber optic,No,86.8,64,5555.2,83.23828125,High Value,,0.0,Low Risk,High Value Customer
6447-EGDIV,31,20.95,683.25,One year,No,No,20.95,31,649.4499999999999,22.04032258064516,Low Value,,0.0,Low Risk,Low Priority
1167-OYZJF,67,20.05,1263.05,Two year,No,No,20.05,67,1343.35,18.851492537313437,Medium Value,,0.0,Low Risk,Low Priority
2108-YKQTY,4,50.7,151.3,Month-to-month,DSL,Yes,50.7,4,202.8,37.825,Low Value,No,0.29,Low Risk,Low Priority
4806-DXQCE,70,113.65,7714.65,Two year,Fiber optic,No,113.65,70,7955.5,110.20928571428573,Very High Value,,0.0,Low Risk,VIP Customer
4918-QLLIW,3,53.4,188.7,Month-to-month,DSL,Yes,53.4,3,160.2,62.9,Low Value,,0.0,Low Risk,Low Priority
7056-IMHCC,53,101.9,5549.4,Month-to-month,Fiber optic,Yes,101.9,53,5400.700000000001,104.70566037735848,High Value,Yes,0.53,Medium Risk,High Value Customer
4854-SSLTN,2,59.5,130.5,Two year,DSL,No,59.5,2,119.0,65.25,Low Value,,0.0,Low Risk,Low Priority
5294-DMSFH,29,87.8,2621.75,Month-to-month,Fiber optic,No,87.8,29,2546.2,90.40517241379312,Medium Value,,0.0,Low Risk,Low Priority
4837-PZTIC,47,41.9,1875.25,Two year,DSL,No,41.9,47,1969.3,39.89893617021277,Medium Value,,0.0,Low Risk,Low Priority
1625-JAIIY,68,83.0,5685.8,One year,Fiber optic,Yes,83.0,68,5644.0,83.61470588235295,High Value,,0.0,Low Risk,High Value Customer
0603-OLQDC,12,69.85,837.5,Month-to-month,DSL,No,69.85,12,838.1999999999999,69.79166666666667,Low Value,,0.0,Low Risk,Low Priority
3272-VUHPV,8,56.3,401.5,Month-to-month,DSL,No,56.3,8,450.4,50.1875,Low Value,,0.0,Low Risk,Low Priority
4176-FXYBO,54,109.55,6118.95,Month-to-month,Fiber optic,No,109.55,54,5915.7,113.31388888888888,High Value,,0.0,Low Risk,High Value Customer
1063-DHQJF,69,92.15,6480.9,Two year,Fiber optic,No,92.15,69,6358.35,93.92608695652171,Very High Value,No,0.05,Low Risk,VIP Customer
8663-UPDGF,26,69.5,1800.05,Month-to-month,DSL,No,69.5,26,1807.0,69.2326923076923,Medium Value,,0.0,Low Risk,Low Priority
6719-FGEDO,72,97.0,7104.2,Two year,Fiber optic,No,97.0,72,6984.0,98.66944444444444,Very High Value,,0.0,Low Risk,VIP Customer
1837-YQUCE,70,58.35,4214.25,Two year,DSL,No,58.35,70,4084.5,60.20357142857143,High Value,,0.0,Low Risk,High Value Customer
2947-DOMLJ,1,50.6,50.6,Month-to-month,DSL,Yes,50.6,1,50.6,50.6,Low Value,,0.0,Low Risk,Low Priority
4112-LUEIZ,10,89.5,863.1,Month-to-month,Fiber optic,Yes,89.5,10,895.0,86.31,Low Value,,0.0,Low Risk,Low Priority
0369-ZGOVK,28,70.4,1992.2,One year,Fiber optic,No,70.4,28,1971.2000000000005,71.15,Medium Value,,0.0,Low Risk,Low Priority
4510-HIMLV,1,69.8,69.8,Month-to-month,Fiber optic,Yes,69.8,1,69.8,69.8,Low Value,,0.0,Low Risk,Low Priority
9919-KNPOO,21,94.3,1948.35,Month-to-month,Fiber optic,No,94.3,21,1980.3,92.77857142857142,Medium Value,,0.0,Low Risk,Low Priority
8749-JMNKX,51,93.8,4750.95,Month-to-month,Fiber optic,Yes,93.8,51,4783.8,93.15588235294118,High Value,,0.0,Low Risk,High Value Customer
7872-BAAZR,53,19.55,1007.9,One year,No,No,19.55,53,1036.15,19.016981132075472,Medium Value,,0.0,Low Risk,Low Priority
9391-LMANN,53,95.95,5036.9,One year,Fiber optic,No,95.95,53,5085.35,95.03584905660377,High Value,,0.0,Low Risk,High Value Customer
2430-USGXP,24,101.05,2391.8,Month-to-month,Fiber optic,Yes,101.05,24,2425.2,99.65833333333336,Medium Value,,0.0,Low Risk,Low Priority
8174-TBVCF,70,94.8,6859.05,Two year,DSL,No,94.8,70,6636.0,97.98642857142858,Very High Value,,0.0,Low Risk,VIP Customer
1698-XFZCI,61,107.75,6521.9,One year,Fiber optic,No,107.75,61,6572.75,106.91639344262296,Very High Value,,0.0,Low Risk,VIP Customer
1877-HKBQX,11,54.6,617.85,One year,DSL,No,54.6,11,600.6,56.16818181818182,Low Value,,0.0,Low Risk,Low Priority
4450-DLLMH,2,71.3,157.75,Month-to-month,Fiber optic,No,71.3,2,142.6,78.875,Low Value,,0.0,Low Risk,Low Priority
0428-AXXLJ,25,19.5,516.3,One year,No,No,19.5,25,487.5,20.652,Low Value,,0.0,Low Risk,Low Priority
2746-DIJLO,41,56.3,2364.0,One year,DSL,No,56.3,41,2308.3,57.65853658536585,Medium Value,No,0.125,Low Risk,Low Priority
5955-ERIHD,18,94.7,1687.95,Month-to-month,Fiber optic,Yes,94.7,18,1704.6,93.775,Medium Value,,0.0,Low Risk,Low Priority
0917-EZOLA,72,104.15,7689.95,Two year,Fiber optic,Yes,104.15,72,7498.8,106.80486111111112,Very High Value,,0.0,Low Risk,VIP Customer
3508-VLHCZ,71,90.55,6239.05,Two year,DSL,No,90.55,71,6429.05,87.87394366197184,Very High Value,No,0.0,Low Risk,VIP Customer
4086-ATNFV,34,60.8,2042.05,One year,DSL,No,60.8,34,2067.2,60.06029411764706,Medium Value,No,0.03,Low Risk,Low Priority
0468-YRPXN,29,98.8,2807.1,Month-to-month,Fiber optic,No,98.8,29,2865.2,96.79655172413791,Medium Value,,0.0,Low Risk,Low Priority
5996-NRVXR,40,98.15,4116.8,One year,Fiber optic,No,98.15,40,3926.0,102.92,High Value,,0.0,Low Risk,High Value Customer
3739-YBWAB,36,35.35,1317.95,One year,DSL,No,35.35,36,1272.6,36.609722222222224,Medium Value,,0.0,Low Risk,Low Priority
7047-FWEYA,46,103.15,4594.65,One year,Fiber optic,No,103.15,46,4744.900000000001,99.8836956521739,High Value,,0.0,Low Risk,High Value Customer
2000-MPKCA,58,107.75,6332.75,One year,Fiber optic,No,107.75,58,6249.5,109.1853448275862,Very High Value,,0.0,Low Risk,VIP Customer
9762-YAQAA,39,81.4,3213.75,One year,Fiber optic,No,81.4,39,3174.6000000000004,82.40384615384616,High Value,,0.0,Low Risk,High Value Customer
5949-EBSQK,4,61.45,229.55,Month-to-month,DSL,Yes,61.45,4,245.8,57.3875,Low Value,No,0.255,Low Risk,Low Priority
5473-KHBPS,52,95.7,4976.15,One year,Fiber optic,No,95.7,52,4976.400000000001,95.6951923076923,High Value,No,0.14,Low Risk,High Value Customer
0100-DUVFC,70,104.8,7308.95,One year,Fiber optic,No,104.8,70,7336.0,104.41357142857144,Very High Value,,0.0,Low Risk,VIP Customer
5397-TUPSH,65,70.95,4555.2,One year,Fiber optic,No,70.95,65,4611.75,70.08,High Value,,0.0,Low Risk,High Value Customer
0326-VDYXE,70,97.65,6982.5,One year,Fiber optic,No,97.65,70,6835.5,99.75,Very High Value,,0.0,Low Risk,VIP Customer
6773-LQTVT,29,35.65,1025.15,Month-to-month,DSL,No,35.65,29,1033.85,35.35,Medium Value,No,0.185,Low Risk,Low Priority
7274-RTAPZ,1,90.55,90.55,Month-to-month,Fiber optic,Yes,90.55,1,90.55,90.55,Low Value,,0.0,Low Risk,Low Priority
0436-TWFFZ,67,85.25,5714.2,Two year,DSL,No,85.25,67,5711.75,85.2865671641791,High Value,,0.0,Low Risk,High Value Customer
8566-YPRGL,1,19.5,19.5,Month-to-month,No,No,19.5,1,19.5,19.5,Low Value,,0.0,Low Risk,Low Priority
0311-UNPFF,26,88.8,2274.35,Month-to-month,Fiber optic,Yes,88.8,26,2308.8,87.475,Medium Value,,0.0,Low Risk,Low Priority
6609-MXJHJ,30,25.1,789.55,Two year,No,No,25.1,30,753.0,26.31833333333333,Low Value,,0.0,Low Risk,Low Priority
2669-OIDSD,48,100.05,4834.0,Month-to-month,Fiber optic,No,100.05,48,4802.4,100.70833333333331,High Value,,0.0,Low Risk,High Value Customer
8400-WZICQ,55,55.7,3131.8,Month-to-month,DSL,No,55.7,55,3063.5,56.941818181818185,High Value,No,0.08,Low Risk,High Value Customer
3834-XUIFC,7,85.2,602.55,Month-to-month,Fiber optic,Yes,85.2,7,596.4,86.07857142857142,Low Value,,0.0,Low Risk,Low Priority
9576-SYUHJ,37,91.15,3369.25,Month-to-month,Fiber optic,No,91.15,37,3372.55,91.0608108108108,High Value,No,0.405,Medium Risk,High Value Customer
0410-IPFTY,31,83.85,2674.15,Month-to-month,Fiber optic,No,83.85,31,2599.35,86.26290322580645,Medium Value,No,0.4,Medium Risk,Monitor
2831-EBWRN,4,45.9,199.75,Month-to-month,DSL,No,45.9,4,183.6,49.9375,Low Value,,0.0,Low Risk,Low Priority
9430-NKQLY,72,25.1,1790.8,Two year,No,No,25.1,72,1807.2,24.87222222222222,Medium Value,No,0.005,Low Risk,Low Priority
8414-MYSHR,5,91.4,449.75,Month-to-month,Fiber optic,Yes,91.4,5,457.0,89.95,Low Value,,0.0,Low Risk,Low Priority
0247-SLUJI,1,19.7,19.7,Month-to-month,No,No,19.7,1,19.7,19.7,Low Value,,0.0,Low Risk,Low Priority
9402-ORRAH,15,91.5,1400.3,Month-to-month,Fiber optic,No,91.5,15,1372.5,93.35333333333332,Medium Value,,0.0,Low Risk,Low Priority
6483-OATDN,8,51.3,411.6,Month-to-month,DSL,No,51.3,8,410.4,51.45,Low Value,No,0.18,Low Risk,Low Priority
1293-HHSHJ,35,21.1,741.0,One year,No,No,21.1,35,738.5,21.17142857142857,Low Value,,0.0,Low Risk,Low Priority
4840-ORQXB,56,104.75,5841.35,Month-to-month,Fiber optic,No,104.75,56,5866.0,104.30982142857144,High Value,No,0.225,Low Risk,High Value Customer
7599-FKVXZ,42,106.15,4512.7,Month-to-month,Fiber optic,Yes,106.15,42,4458.3,107.4452380952381,High Value,,0.0,Low Risk,High Value Customer
3982-DQLUS,65,85.75,5688.45,Month-to-month,Fiber optic,No,85.75,65,5573.75,87.51461538461538,High Value,,0.0,Low Risk,High Value Customer
8610-ZIKJJ,2,20.3,31.9,One year,No,No,20.3,2,40.6,15.95,Low Value,,0.0,Low Risk,Low Priority
3756-VNWDH,65,100.75,6674.65,One year,Fiber optic,No,100.75,65,6548.75,102.68692307692308,Very High Value,No,0.285,Low Risk,VIP Customer
7801-KICAO,18,74.15,1345.75,Month-to-month,Fiber optic,No,74.15,18,1334.7,74.76388888888889,Medium Value,,0.0,Low Risk,Low Priority
7673-LPRNY,23,78.55,1843.05,One year,DSL,No,78.55,23,1806.65,80.13260869565217,Medium Value,,0.0,Low Risk,Low Priority
8229-TNIQA,4,45.3,196.95,Month-to-month,DSL,Yes,45.3,4,181.2,49.2375,Low Value,,0.0,Low Risk,Low Priority
6060-QBMGV,70,19.85,1433.8,Two year,No,No,19.85,70,1389.5,20.482857142857146,Medium Value,,0.0,Low Risk,Low Priority
7339-POGZN,4,50.7,214.55,Month-to-month,DSL,No,50.7,4,202.8,53.6375,Low Value,,0.0,Low Risk,Low Priority
2828-SLQPF,19,45.0,865.85,Month-to-month,DSL,No,45.0,19,855.0,45.57105263157895,Low Value,No,0.285,Low Risk,Low Priority
4465-VDKIQ,18,77.8,1358.6,Month-to-month,Fiber optic,No,77.8,18,1400.4,75.47777777777777,Medium Value,,0.0,Low Risk,Low Priority
2921-XWDJH,38,83.45,3147.15,Month-to-month,Fiber optic,No,83.45,38,3171.1,82.81973684210527,High Value,,0.0,Low Risk,High Value Customer
6221-AVQYL,2,73.25,131.05,Month-to-month,Fiber optic,Yes,73.25,2,146.5,65.525,Low Value,,0.0,Low Risk,Low Priority
2558-BUOZZ,47,94.8,4535.85,One year,Fiber optic,No,94.8,47,4455.599999999999,96.50744680851064,High Value,,0.0,Low Risk,High Value Customer
9257-AZMTZ,52,20.1,1078.75,Two year,No,No,20.1,52,1045.2,20.745192307692307,Medium Value,,0.0,Low Risk,Low Priority
0003-MKNFE,9,59.9,542.4,Month-to-month,DSL,No,59.9,9,539.1,60.266666666666666,Low Value,,0.0,Low Risk,Low Priority
0975-UYDTX,26,90.1,2312.55,One year,DSL,No,90.1,26,2342.6,88.94423076923077,Medium Value,,0.0,Low Risk,Low Priority
7743-EXURX,8,51.05,415.05,Month-to-month,DSL,Yes,51.05,8,408.4,51.88125,Low Value,,0.0,Low Risk,Low Priority
4682-BLBUC,44,70.95,3250.45,One year,DSL,No,70.95,44,3121.8,73.87386363636364,High Value,,0.0,Low Risk,High Value Customer
0975-VOOVL,3,29.2,98.5,Month-to-month,DSL,No,29.2,3,87.6,32.833333333333336,Low Value,,0.0,Low Risk,Low Priority
5968-VXZLG,2,46.6,87.9,Month-to-month,DSL,No,46.6,2,93.2,43.95,Low Value,,0.0,Low Risk,Low Priority
5569-KGJHX,9,85.35,754.65,Month-to-month,Fiber optic,Yes,85.35,9,768.15,83.85,Low Value,,0.0,Low Risk,Low Priority
4988-IQIGL,1,75.35,75.35,Month-to-month,Fiber optic,Yes,75.35,1,75.35,75.35,Low Value,,0.0,Low Risk,Low Priority
5201-FRKKS,25,74.3,1952.25,Month-to-month,Fiber optic,No,74.3,25,1857.5,78.09,Medium Value,,0.0,Low Risk,Low Priority
9799-CAYJJ,2,69.3,153.8,Month-to-month,Fiber optic,No,69.3,2,138.6,76.9,Low Value,,0.0,Low Risk,Low Priority
7730-IUTDZ,43,75.2,3198.6,Month-to-month,Fiber optic,Yes,75.2,43,3233.6,74.38604651162791,High Value,,0.0,Low Risk,High Value Customer
0426-TIRNE,1,20.9,20.9,Month-to-month,No,Yes,20.9,1,20.9,20.9,Low Value,,0.0,Low Risk,Low Priority
5443-SCMKX,58,94.3,5610.15,One year,Fiber optic,No,94.3,58,5469.4,96.72672413793104,High Value,,0.0,Low Risk,High Value Customer
8295-KMENE,59,76.45,4519.5,Two year,DSL,No,76.45,59,4510.55,76.60169491525424,High Value,,0.0,Low Risk,High Value Customer
6738-ISCBM,44,54.0,2440.25,One year,DSL,No,54.0,44,2376.0,55.46022727272727,Medium Value,,0.0,Low Risk,Low Priority
9821-BESNZ,66,104.25,6860.6,One year,Fiber optic,No,104.25,66,6880.5,103.94848484848484,Very High Value,,0.0,Low Risk,VIP Customer
3678-MNGZX,68,19.95,1377.7,Two year,No,No,19.95,68,1356.6,20.26029411764706,Medium Value,,0.0,Low Risk,Low Priority
1335-NTIUC,9,24.95,190.25,Month-to-month,DSL,No,24.95,9,224.55,21.13888888888889,Low Value,Yes,0.535,Medium Risk,Monitor
2916-BQZLN,19,84.75,1651.95,Month-to-month,Fiber optic,No,84.75,19,1610.25,86.94473684210527,Medium Value,,0.0,Low Risk,Low Priority
4558-CGYCZ,4,19.75,78.3,Month-to-month,No,No,19.75,4,79.0,19.575,Low Value,,0.0,Low Risk,Low Priority
2368-GAKKQ,70,113.65,7939.25,Two year,Fiber optic,No,113.65,70,7955.5,113.41785714285714,Very High Value,No,0.065,Low Risk,VIP Customer
8710-YGLWG,1,44.9,44.9,Month-to-month,DSL,No,44.9,1,44.9,44.9,Low Value,,0.0,Low Risk,Low Priority
3199-XGZCY,8,75.25,576.7,Month-to-month,Fiber optic,No,75.25,8,602.0,72.0875,Low Value,Yes,0.65,Medium Risk,Monitor
3785-KTYSH,53,24.6,1279.0,Two year,No,No,24.6,53,1303.8000000000002,24.132075471698112,Medium Value,,0.0,Low Risk,Low Priority
6814-ZPWFQ,51,25.0,1260.7,One year,No,No,25.0,51,1275.0,24.71960784313725,Medium Value,No,0.025,Low Risk,Low Priority
4063-EIKNQ,11,20.95,267.35,Month-to-month,No,No,20.95,11,230.45,24.30454545454546,Low Value,,0.0,Low Risk,Low Priority
6993-YCOBK,60,110.6,6586.85,Two year,Fiber optic,No,110.6,60,6636.0,109.78083333333332,Very High Value,No,0.04,Low Risk,VIP Customer
5206-HPJKM,17,55.5,934.15,Month-to-month,DSL,No,55.5,17,943.5,54.95,Low Value,,0.0,Low Risk,Low Priority
7587-RZNME,3,43.3,123.65,Month-to-month,DSL,Yes,43.3,3,129.89999999999998,41.21666666666667,Low Value,Yes,0.6,Medium Risk,Monitor
0748-RDGGM,70,109.5,7534.65,One year,Fiber optic,Yes,109.5,70,7665.0,107.63785714285714,Very High Value,,0.0,Low Risk,VIP Customer
8393-JMVMB,1,19.45,19.45,Month-to-month,No,No,19.45,1,19.45,19.45,Low Value,,0.0,Low Risk,Low Priority
5019-GQVCR,43,84.85,3645.6,Month-to-month,Fiber optic,No,84.85,43,3648.55,84.78139534883721,High Value,,0.0,Low Risk,High Value Customer
6036-TTFYU,16,19.6,314.45,Month-to-month,No,No,19.6,16,313.6,19.653125,Low Value,,0.0,Low Risk,Low Priority
2550-AEVRU,57,53.45,3053.0,One year,DSL,No,53.45,57,3046.65,53.56140350877193,High Value,,0.0,Low Risk,High Value Customer
0969-RGKCU,37,19.8,677.05,One year,No,No,19.8,37,732.6,18.298648648648648,Low Value,,0.0,Low Risk,Low Priority
0378-CJKPV,72,112.1,7965.95,Two year,Fiber optic,No,112.1,72,8071.2,110.63819444444444,Very High Value,,0.0,Low Risk,VIP Customer
4706-AXVKM,11,84.8,906.85,Month-to-month,Fiber optic,Yes,84.8,11,932.8,82.44090909090909,Low Value,Yes,0.615,Medium Risk,Monitor
5889-JTMUL,50,95.05,4888.7,Month-to-month,Fiber optic,Yes,95.05,50,4752.5,97.774,High Value,No,0.385,Low Risk,High Value Customer
9026-RNUJS,5,50.35,237.25,Month-to-month,DSL,Yes,50.35,5,251.75,47.45,Low Value,,0.0,Low Risk,Low Priority
3746-EUBYR,1,74.6,74.6,Month-to-month,Fiber optic,Yes,74.6,1,74.6,74.6,Low Value,,0.0,Low Risk,Low Priority
2332-EFBJY,16,19.7,342.4,Month-to-month,No,Yes,19.7,16,315.2,21.4,Low Value,,0.0,Low Risk,Low Priority
2880-FPNAE,2,74.2,140.1,Month-to-month,Fiber optic,No,74.2,2,148.4,70.05,Low Value,,0.0,Low Risk,Low Priority
1703-MGIAB,17,69.0,1108.0,Month-to-month,DSL,No,69.0,17,1173.0,65.17647058823529,Medium Value,,0.0,Low Risk,Low Priority
4311-QTTAI,16,19.35,295.55,One year,No,No,19.35,16,309.6,18.471875,Low Value,,0.0,Low Risk,Low Priority
9474-PHLYD,15,59.45,892.65,Month-to-month,DSL,Yes,59.45,15,891.75,59.51,Low Value,,0.0,Low Risk,Low Priority
4318-RAJVY,10,19.8,198.25,One year,No,No,19.8,10,198.0,19.825,Low Value,,0.0,Low Risk,Low Priority
2165-VOEGB,46,105.2,4822.85,One year,Fiber optic,Yes,105.2,46,4839.2,104.8445652173913,High Value,No,0.125,Low Risk,High Value Customer
3612-YUNGG,64,109.2,6741.15,Two year,Fiber optic,No,109.2,64,6988.8,105.33046875,Very High Value,,0.0,Low Risk,VIP Customer
2254-DLXRI,1,79.15,79.15,Month-to-month,Fiber optic,No,79.15,1,79.15,79.15,Low Value,Yes,0.825,High Risk,Churn Risk
5062-CJJKH,25,53.65,1355.45,One year,DSL,No,53.65,25,1341.25,54.218,Medium Value,No,0.065,Low Risk,Low Priority
9028-LIHRP,71,100.2,7209.0,Two year,Fiber optic,No,100.2,71,7114.2,101.53521126760565,Very High Value,,0.0,Low Risk,VIP Customer
2219-MVUSO,8,45.15,438.4,Month-to-month,DSL,Yes,45.15,8,361.2,54.8,Low Value,,0.0,Low Risk,Low Priority
1053-MXTTK,72,108.65,7726.35,Two year,Fiber optic,No,108.65,72,7822.8,107.31041666666668,Very High Value,,0.0,Low Risk,VIP Customer
1530-ZTDOZ,49,40.65,2070.75,Month-to-month,DSL,No,40.65,49,1991.85,42.26020408163265,Medium Value,No,0.185,Low Risk,Low Priority
1301-LOPVR,29,55.35,1636.95,One year,DSL,No,55.35,29,1605.15,56.44655172413793,Medium Value,,0.0,Low Risk,Low Priority
0853-TWRVK,72,105.6,7581.5,Two year,Fiber optic,No,105.6,72,7603.2,105.29861111111111,Very High Value,,0.0,Low Risk,VIP Customer
8914-RBTSB,31,93.8,3019.5,Month-to-month,Fiber optic,Yes,93.8,31,2907.8,97.40322580645162,Medium Value,No,0.355,Low Risk,Low Priority
6212-ATMLK,50,95.7,4729.75,Month-to-month,Fiber optic,No,95.7,50,4785.0,94.595,High Value,,0.0,Low Risk,High Value Customer
8200-LGKSR,71,83.2,6126.1,Two year,DSL,No,83.2,71,5907.2,86.2830985915493,High Value,,0.0,Low Risk,High Value Customer
1568-BEKZM,70,90.05,6333.4,Two year,DSL,No,90.05,70,6303.5,90.47714285714284,Very High Value,No,0.01,Low Risk,VIP Customer
0670-ANMUU,71,97.65,6687.85,One year,Fiber optic,No,97.65,71,6933.150000000001,94.1950704225352,Very High Value,,0.0,Low Risk,VIP Customer
6897-RWMUB,61,68.05,4158.25,Two year,DSL,No,68.05,61,4151.05,68.16803278688525,High Value,,0.0,Low Risk,High Value Customer
0963-ZBDRN,32,96.2,3183.4,Month-to-month,Fiber optic,Yes,96.2,32,3078.4,99.48125,High Value,No,0.45,Medium Risk,High Value Customer
7594-RQHXR,1,79.6,79.6,Month-to-month,Fiber optic,Yes,79.6,1,79.6,79.6,Low Value,,0.0,Low Risk,Low Priority
6999-CHVCF,68,102.1,7149.35,Two year,Fiber optic,No,102.1,68,6942.799999999999,105.1375,Very High Value,,0.0,Low Risk,VIP Customer
6134-KWTBV,62,23.4,1429.65,Two year,No,No,23.4,62,1450.8,23.05887096774193,Medium Value,No,0.01,Low Risk,Low Priority
1077-HUUJM,7,71.05,472.65,Month-to-month,Fiber optic,No,71.05,7,497.35,67.52142857142857,Low Value,Yes,0.645,Medium Risk,Monitor
6331-EWIEB,20,85.25,1734.5,Month-to-month,Fiber optic,Yes,85.25,20,1705.0,86.725,Medium Value,,0.0,Low Risk,Low Priority
0895-LNKRC,6,19.45,113.5,One year,No,No,19.45,6,116.7,18.916666666666668,Low Value,,0.0,Low Risk,Low Priority
2045-BMBTJ,33,59.45,1884.65,Month-to-month,DSL,No,59.45,33,1961.85,57.11060606060607,Medium Value,,0.0,Low Risk,Low Priority
8417-GSODA,28,92.2,2568.15,One year,Fiber optic,No,92.2,28,2581.6,91.71964285714286,Medium Value,,0.0,Low Risk,Low Priority
5171-EPLKN,27,19.85,470.0,Two year,No,No,19.85,27,535.95,17.40740740740741,Low Value,,0.0,Low Risk,Low Priority
4452-QIIEB,7,43.9,278.4,Month-to-month,DSL,No,43.9,7,307.3,39.771428571428565,Low Value,,0.0,Low Risk,Low Priority
5998-VVEJY,26,80.5,2088.8,Month-to-month,Fiber optic,Yes,80.5,26,2093.0,80.33846153846154,Medium Value,,0.0,Low Risk,Low Priority
1624-NALOJ,5,89.8,502.6,Month-to-month,Fiber optic,Yes,89.8,5,449.0,100.52,Low Value,,0.0,Low Risk,Low Priority
6741-EGCBI,30,90.5,2595.85,Month-to-month,Fiber optic,No,90.5,30,2715.0,86.52833333333334,Medium Value,,0.0,Low Risk,Low Priority
7820-ZYGNY,63,90.45,5825.5,One year,Fiber optic,No,90.45,63,5698.35,92.46825396825396,High Value,,0.0,Low Risk,High Value Customer
4317-VTEOA,1,50.75,50.75,Month-to-month,DSL,Yes,50.75,1,50.75,50.75,Low Value,Yes,0.54,Medium Risk,Monitor
9677-AVKED,53,84.6,4449.75,One year,DSL,No,84.6,53,4483.799999999999,83.95754716981132,High Value,,0.0,Low Risk,High Value Customer
1670-SVOWZ,14,89.65,1208.35,Month-to-month,Fiber optic,Yes,89.65,14,1255.1,86.31071428571428,Medium Value,,0.0,Low Risk,Low Priority
2227-JRSJX,21,99.15,1956.4,Month-to-month,Fiber optic,No,99.15,21,2082.15,93.16190476190476,Medium Value,No,0.33,Low Risk,Low Priority
9847-HNVGP,17,19.95,310.6,One year,No,No,19.95,17,339.15,18.27058823529412,Low Value,,0.0,Low Risk,Low Priority
6696-YDAYZ,16,20.5,290.55,Two year,No,No,20.5,16,328.0,18.159375,Low Value,,0.0,Low Risk,Low Priority
8980-WQFWL,35,62.1,2096.1,Month-to-month,DSL,No,62.1,35,2173.5,59.888571428571424,Medium Value,,0.0,Low Risk,Low Priority
1730-ZMAME,32,79.5,2665.0,Month-to-month,Fiber optic,No,79.5,32,2544.0,83.28125,Medium Value,,0.0,Low Risk,Low Priority
6506-EYCNH,28,19.55,543.8,Month-to-month,No,No,19.55,28,547.4,19.42142857142857,Low Value,,0.0,Low Risk,Low Priority
4634-JLRJT,1,20.35,20.35,Month-to-month,No,No,20.35,1,20.35,20.35,Low Value,,0.0,Low Risk,Low Priority
9501-UKKNL,59,51.7,3005.8,Month-to-month,DSL,No,51.7,59,3050.3,50.94576271186441,High Value,,0.0,Low Risk,High Value Customer
2560-QTSBS,72,23.3,1623.15,One year,No,No,23.3,72,1677.6,22.543750000000003,Medium Value,,0.0,Low Risk,Low Priority
7541-YLXCL,36,65.4,2498.4,One year,DSL,Yes,65.4,36,2354.4,69.4,Medium Value,,0.0,Low Risk,Low Priority
4795-WRNVT,40,65.1,2586.0,Month-to-month,DSL,No,65.1,40,2604.0,64.65,Medium Value,,0.0,Low Risk,Low Priority
6080-TCMYC,40,81.2,3292.3,Month-to-month,Fiber optic,No,81.2,40,3248.0,82.3075,High Value,No,0.455,Medium Risk,High Value Customer
0260-ZDLGK,9,72.9,651.4,Month-to-month,DSL,Yes,72.9,9,656.1,72.37777777777778,Low Value,,0.0,Low Risk,Low Priority
7860-UXCRM,63,74.5,4674.55,Two year,DSL,No,74.5,63,4693.5,74.19920634920635,High Value,,0.0,Low Risk,High Value Customer
6357-JJPQT,3,80.5,232.35,Month-to-month,Fiber optic,No,80.5,3,241.5,77.45,Low Value,,0.0,Low Risk,Low Priority
2292-XQWSV,40,60.3,2448.5,One year,DSL,No,60.3,40,2412.0,61.2125,Medium Value,,0.0,Low Risk,Low Priority
9552-TGUZV,8,75.0,658.1,Month-to-month,Fiber optic,No,75.0,8,600.0,82.2625,Low Value,,0.0,Low Risk,Low Priority
5913-INRQV,34,90.15,3128.8,One year,Fiber optic,No,90.15,34,3065.1000000000004,92.02352941176471,High Value,,0.0,Low Risk,High Value Customer
8722-NGNBH,5,40.0,223.45,Month-to-month,DSL,Yes,40.0,5,200.0,44.69,Low Value,,0.0,Low Risk,Low Priority
6210-KBBPI,9,99.45,919.4,Month-to-month,Fiber optic,Yes,99.45,9,895.0500000000001,102.15555555555557,Low Value,,0.0,Low Risk,Low Priority
9643-YBLUR,9,69.05,653.95,Month-to-month,DSL,No,69.05,9,621.4499999999999,72.66111111111111,Low Value,,0.0,Low Risk,Low Priority
8734-FNWVH,31,59.7,1825.5,Month-to-month,DSL,No,59.7,31,1850.7,58.88709677419355,Medium Value,,0.0,Low Risk,Low Priority
9447-YPTBX,50,19.85,943.1,One year,No,No,19.85,50,992.5,18.862,Low Value,,0.0,Low Risk,Low Priority
0133-BMFZO,2,86.25,181.65,Month-to-month,Fiber optic,Yes,86.25,2,172.5,90.825,Low Value,,0.0,Low Risk,Low Priority
6128-CZOMY,1,45.65,45.65,Month-to-month,DSL,Yes,45.65,1,45.65,45.65,Low Value,,0.0,Low Risk,Low Priority
9540-JYROE,8,70.1,551.35,Month-to-month,Fiber optic,Yes,70.1,8,560.8,68.91875,Low Value,,0.0,Low Risk,Low Priority
9026-LHEVG,9,40.75,359.4,Month-to-month,DSL,No,40.75,9,366.75,39.93333333333333,Low Value,,0.0,Low Risk,Low Priority
2260-USTRB,2,70.2,115.95,Month-to-month,Fiber optic,Yes,70.2,2,140.4,57.975,Low Value,,0.0,Low Risk,Low Priority
3656-TKRVZ,3,55.35,165.2,Month-to-month,DSL,Yes,55.35,3,166.05,55.06666666666666,Low Value,,0.0,Low Risk,Low Priority
7011-CVEUC,25,95.7,2338.35,Month-to-month,Fiber optic,No,95.7,25,2392.5,93.534,Medium Value,,0.0,Low Risk,Low Priority
6185-TASNN,1,46.3,46.3,Month-to-month,DSL,No,46.3,1,46.3,46.3,Low Value,,0.0,Low Risk,Low Priority
7925-PNRGI,45,81.3,3541.1,Month-to-month,DSL,No,81.3,45,3658.5,78.69111111111111,High Value,,0.0,Low Risk,High Value Customer
8623-TMRBY,51,84.2,4146.05,Month-to-month,Fiber optic,Yes,84.2,51,4294.2,81.29509803921569,High Value,,0.0,Low Risk,High Value Customer
1552-CZCLL,55,20.0,1087.25,Month-to-month,No,No,20.0,55,1100.0,19.76818181818182,Medium Value,,0.0,Low Risk,Low Priority
3038-PQIUY,38,66.15,2522.4,Month-to-month,DSL,No,66.15,38,2513.7000000000003,66.37894736842105,Medium Value,,0.0,Low Risk,Low Priority
1501-SGHBW,2,45.85,81.0,Month-to-month,DSL,Yes,45.85,2,91.7,40.5,Low Value,,0.0,Low Risk,Low Priority
9313-CDOGY,38,19.6,717.3,Month-to-month,No,No,19.6,38,744.8000000000001,18.876315789473683,Low Value,No,0.045,Low Risk,Low Priority
8148-BPLZQ,34,49.8,1734.2,Month-to-month,DSL,No,49.8,34,1693.1999999999998,51.00588235294118,Medium Value,,0.0,Low Risk,Low Priority
2623-DRYAM,70,101.75,7069.3,One year,Fiber optic,No,101.75,70,7122.5,100.99,Very High Value,,0.0,Low Risk,VIP Customer
9987-LUTYD,13,55.15,742.9,One year,DSL,No,55.15,13,716.9499999999999,57.14615384615384,Low Value,,0.0,Low Risk,Low Priority
3208-YPIOE,39,75.25,3017.65,Month-to-month,Fiber optic,Yes,75.25,39,2934.75,77.37564102564103,Medium Value,,0.0,Low Risk,Low Priority
4488-KQFDT,61,103.95,6423.0,One year,Fiber optic,No,103.95,61,6340.95,105.29508196721312,Very High Value,,0.0,Low Risk,VIP Customer
2612-RANWT,12,100.15,1164.3,Month-to-month,Fiber optic,Yes,100.15,12,1201.8000000000002,97.025,Medium Value,,0.0,Low Risk,Low Priority
5693-PIPCS,41,99.65,4220.35,Two year,Fiber optic,No,99.65,41,4085.65,102.93536585365854,High Value,,0.0,Low Risk,High Value Customer
0491-KAPQG,21,73.7,1558.7,Month-to-month,Fiber optic,No,73.7,21,1547.7,74.22380952380952,Medium Value,,0.0,Low Risk,Low Priority
1925-LFCZZ,55,50.05,2743.45,One year,DSL,No,50.05,55,2752.75,49.880909090909086,Medium Value,,0.0,Low Risk,Low Priority
8039-EQPIM,69,60.25,4055.5,Two year,DSL,No,60.25,69,4157.25,58.77536231884058,High Value,,0.0,Low Risk,High Value Customer
6900-PXRMS,26,105.75,2710.25,Month-to-month,Fiber optic,Yes,105.75,26,2749.5,104.2403846153846,Medium Value,,0.0,Low Risk,Low Priority
8707-RMEZH,69,87.3,6055.55,One year,Fiber optic,No,87.3,69,6023.7,87.76159420289855,Very High Value,,0.0,Low Risk,VIP Customer
3346-BRMIS,18,48.35,810.7,Month-to-month,DSL,Yes,48.35,18,870.3000000000001,45.03888888888889,Low Value,,0.0,Low Risk,Low Priority
3209-ZPKFI,47,54.25,2538.2,Month-to-month,DSL,No,54.25,47,2549.75,54.00425531914893,Medium Value,,0.0,Low Risk,Low Priority
6479-VDGRK,72,85.3,6129.2,Two year,DSL,No,85.3,72,6141.599999999999,85.12777777777778,Very High Value,,0.0,Low Risk,VIP Customer
9373-WSLOY,33,50.0,1750.85,Month-to-month,DSL,No,50.0,33,1650.0,53.056060606060605,Medium Value,,0.0,Low Risk,Low Priority
2933-FILNV,2,24.4,36.55,Month-to-month,DSL,Yes,24.4,2,48.8,18.275,Low Value,,0.0,Low Risk,Low Priority
3569-JFODW,72,90.95,6652.45,Two year,DSL,No,90.95,72,6548.400000000001,92.39513888888888,Very High Value,,0.0,Low Risk,VIP Customer
9819-FBNSV,37,72.25,2575.45,Month-to-month,Fiber optic,No,72.25,37,2673.25,69.60675675675675,Medium Value,No,0.45,Medium Risk,Monitor
9544-PYPSJ,62,96.1,6019.35,Month-to-month,Fiber optic,No,96.1,62,5958.2,97.08629032258064,High Value,No,0.115,Low Risk,High Value Customer
1591-XWLGB,71,19.85,1379.6,Two year,No,No,19.85,71,1409.35,19.43098591549296,Medium Value,,0.0,Low Risk,Low Priority
0396-UKGAI,23,55.3,1284.2,Month-to-month,DSL,No,55.3,23,1271.9,55.83478260869565,Medium Value,,0.0,Low Risk,Low Priority
3243-ZHOHY,16,20.1,296.15,One year,No,No,20.1,16,321.6,18.509375,Low Value,,0.0,Low Risk,Low Priority
5186-EJEGL,9,69.5,653.25,Month-to-month,DSL,No,69.5,9,625.5,72.58333333333333,Low Value,No,0.205,Low Risk,Low Priority
7527-QNRUS,17,25.15,412.6,Two year,No,No,25.15,17,427.55,24.27058823529412,Low Value,,0.0,Low Risk,Low Priority
9986-BONCE,4,20.95,85.5,Month-to-month,No,Yes,20.95,4,83.8,21.375,Low Value,No,0.14150000000000001,Low Risk,Low Priority
2722-JMONI,1,49.55,49.55,Month-to-month,DSL,Yes,49.55,1,49.55,49.55,Low Value,,0.0,Low Risk,Low Priority
2203-GHNWN,24,79.65,1928.7,Month-to-month,Fiber optic,No,79.65,24,1911.6,80.3625,Medium Value,No,0.28,Low Risk,Low Priority
3878-AVSOQ,1,71.25,71.25,Month-to-month,Fiber optic,No,71.25,1,71.25,71.25,Low Value,,0.0,Low Risk,Low Priority
3258-SYSWS,72,113.8,7845.8,Two year,Fiber optic,No,113.8,72,8193.6,108.96944444444443,Very High Value,,0.0,Low Risk,VIP Customer
5296-PSYVW,72,24.55,1750.7,Two year,No,No,24.55,72,1767.6,24.31527777777778,Medium Value,,0.0,Low Risk,Low Priority
6319-QSUSR,11,19.7,216.2,Month-to-month,No,No,19.7,11,216.7,19.654545454545453,Low Value,,0.0,Low Risk,Low Priority
4083-EUGRJ,9,20.25,178.5,Month-to-month,No,Yes,20.25,9,182.25,19.83333333333333,Low Value,,0.0,Low Risk,Low Priority
7579-OOPEC,2,50.15,115.1,Month-to-month,DSL,Yes,50.15,2,100.3,57.55,Low Value,No,0.43,Medium Risk,Monitor
0512-FLFDW,60,100.5,6029.0,One year,Fiber optic,No,100.5,60,6030.0,100.48333333333332,Very High Value,,0.0,Low Risk,VIP Customer
1771-OADNZ,29,95.9,2745.2,Month-to-month,Fiber optic,Yes,95.9,29,2781.1000000000004,94.66206896551724,Medium Value,,0.0,Low Risk,Low Priority
0487-CRLZF,49,74.45,3721.9,Two year,DSL,No,74.45,49,3648.05,75.95714285714286,High Value,,0.0,Low Risk,High Value Customer
2107-FBPTK,30,104.1,3121.1,Month-to-month,Fiber optic,No,104.1,30,3123.0,104.03666666666666,High Value,,0.0,Low Risk,High Value Customer
9451-WLYRI,53,19.05,990.45,One year,No,No,19.05,53,1009.65,18.687735849056605,Medium Value,,0.0,Low Risk,Low Priority
8219-VYBVI,39,25.0,1004.35,Two year,No,No,25.0,39,975.0,25.752564102564104,Low Value,No,0.005,Low Risk,Low Priority
1991-VOPLL,9,19.05,157.65,Month-to-month,No,No,19.05,9,171.45000000000002,17.516666666666666,Low Value,,0.0,Low Risk,Low Priority
9738-QLWTP,39,81.9,3219.75,One year,Fiber optic,No,81.9,39,3194.1000000000004,82.5576923076923,High Value,,0.0,Low Risk,High Value Customer
1016-DJTSV,8,69.7,572.85,Month-to-month,Fiber optic,No,69.7,8,557.6,71.60625,Low Value,Yes,0.625,Medium Risk,Monitor
9419-IPPBE,51,90.15,4554.85,One year,Fiber optic,No,90.15,51,4597.650000000001,89.31078431372549,High Value,,0.0,Low Risk,High Value Customer
0174-QRVVY,71,25.35,1847.55,Two year,No,No,25.35,71,1799.85,26.021830985915493,Medium Value,No,0.0,Low Risk,Low Priority
5699-BNCAS,71,24.65,1766.75,Two year,No,No,24.65,71,1750.15,24.883802816901408,Medium Value,,0.0,Low Risk,Low Priority
2900-PHPLN,70,19.55,1462.05,Two year,No,No,19.55,70,1368.5,20.88642857142857,Medium Value,,0.0,Low Risk,Low Priority
0612-RTZZA,1,25.25,25.25,Month-to-month,DSL,Yes,25.25,1,25.25,25.25,Low Value,,0.0,Low Risk,Low Priority
8106-GWQOK,38,60.0,2193.2,Two year,DSL,No,60.0,38,2280.0,57.71578947368421,Medium Value,,0.0,Low Risk,Low Priority
8751-EDEKA,28,89.9,2433.5,Month-to-month,Fiber optic,No,89.9,28,2517.2000000000003,86.91071428571429,Medium Value,,0.0,Low Risk,Low Priority
6878-GGDWG,32,19.4,641.15,Month-to-month,No,No,19.4,32,620.8,20.0359375,Low Value,,0.0,Low Risk,Low Priority
4039-PIMHX,49,49.8,2398.4,Two year,DSL,No,49.8,49,2440.2,48.946938775510205,Medium Value,No,0.125,Low Risk,Low Priority
8450-LUGUK,37,24.1,861.85,Two year,No,No,24.1,37,891.7,23.293243243243243,Low Value,,0.0,Low Risk,Low Priority
3604-WLABM,10,54.25,583.0,Month-to-month,DSL,No,54.25,10,542.5,58.3,Low Value,No,0.22,Low Risk,Low Priority
0795-GMVQO,67,109.9,7332.4,One year,Fiber optic,No,109.9,67,7363.3,109.43880597014925,Very High Value,,0.0,Low Risk,VIP Customer
2259-OUUSZ,7,35.5,249.55,One year,DSL,No,35.5,7,248.5,35.65,Low Value,,0.0,Low Risk,Low Priority
1142-IHLOO,51,87.55,4475.9,One year,Fiber optic,No,87.55,51,4465.05,87.7627450980392,High Value,,0.0,Low Risk,High Value Customer
6410-LEFEN,9,45.15,416.45,Month-to-month,DSL,Yes,45.15,9,406.35,46.27222222222222,Low Value,,0.0,Low Risk,Low Priority
4633-MKHYU,9,88.4,788.6,Month-to-month,Fiber optic,No,88.4,9,795.6,87.62222222222222,Low Value,,0.0,Low Risk,Low Priority
6257-RJOHI,4,50.8,202.3,Month-to-month,DSL,No,50.8,4,203.2,50.575,Low Value,No,0.22,Low Risk,Low Priority
1545-JFUML,71,99.0,6994.6,Two year,Fiber optic,No,99.0,71,7029.0,98.51549295774647,Very High Value,No,0.065,Low Risk,VIP Customer
3194-ORPIK,50,84.4,4116.15,Month-to-month,Fiber optic,Yes,84.4,50,4220.0,82.323,High Value,,0.0,Low Risk,High Value Customer
7826-VVKWT,24,96.55,2263.45,Two year,Fiber optic,No,96.55,24,2317.2,94.31041666666664,Medium Value,,0.0,Low Risk,Low Priority
1353-GHZOS,22,59.75,1374.35,One year,DSL,No,59.75,22,1314.5,62.470454545454544,Medium Value,,0.0,Low Risk,Low Priority
2587-EKXTS,44,111.5,4915.15,Month-to-month,Fiber optic,No,111.5,44,4906.0,111.70795454545454,High Value,No,0.26,Low Risk,High Value Customer
5442-BXVND,33,24.25,838.5,Month-to-month,No,No,24.25,33,800.25,25.40909090909091,Low Value,No,0.025,Low Risk,Low Priority
8816-VXNZD,1,75.1,75.1,Month-to-month,Fiber optic,Yes,75.1,1,75.1,75.1,Low Value,,0.0,Low Risk,Low Priority
9378-FXTIZ,54,70.15,3715.65,One year,DSL,Yes,70.15,54,3788.1,68.80833333333334,High Value,No,0.08,Low Risk,High Value Customer
1723-HKXJQ,42,101.75,4273.45,Month-to-month,Fiber optic,Yes,101.75,42,4273.5,101.74880952380953,High Value,,0.0,Low Risk,High Value Customer
7825-GKXMW,1,45.8,45.8,Month-to-month,DSL,Yes,45.8,1,45.8,45.8,Low Value,,0.0,Low Risk,Low Priority
9753-OYLBX,1,20.5,20.5,Month-to-month,No,No,20.5,1,20.5,20.5,Low Value,,0.0,Low Risk,Low Priority
2364-UFROM,30,70.4,2044.75,One year,DSL,No,70.4,30,2112.0,68.15833333333333,Medium Value,,0.0,Low Risk,Low Priority
6656-JWRQX,1,30.55,30.55,Month-to-month,DSL,No,30.55,1,30.55,30.55,Low Value,,0.0,Low Risk,Low Priority
6473-ULUHT,16,84.9,1398.25,Month-to-month,DSL,No,84.9,16,1358.4,87.390625,Medium Value,No,0.145,Low Risk,Low Priority
1240-KNSEZ,1,20.1,20.1,Month-to-month,No,Yes,20.1,1,20.1,20.1,Low Value,Yes,0.8525,High Risk,Churn Risk
0836-SEYLU,9,40.65,328.95,Month-to-month,DSL,Yes,40.65,9,365.85,36.55,Low Value,,0.0,Low Risk,Low Priority
4433-JCGCG,46,101.0,4680.05,Month-to-month,Fiber optic,Yes,101.0,46,4646.0,101.74021739130436,High Value,,0.0,Low Risk,High Value Customer
3716-BDVDB,1,69.1,69.1,Month-to-month,Fiber optic,Yes,69.1,1,69.1,69.1,Low Value,Yes,0.925,High Risk,Churn Risk
7688-AWMDX,71,54.5,3778.2,Two year,DSL,No,54.5,71,3869.5,53.21408450704225,High Value,,0.0,Low Risk,High Value Customer
2842-BCQGE,43,75.35,3161.4,Month-to-month,Fiber optic,No,75.35,43,3240.05,73.52093023255814,High Value,,0.0,Low Risk,High Value Customer
7244-QWYHG,50,44.45,2188.45,One year,DSL,No,44.45,50,2222.5,43.769,Medium Value,,0.0,Low Risk,Low Priority
5899-MQZZL,13,75.0,999.45,Month-to-month,Fiber optic,Yes,75.0,13,975.0,76.88076923076923,Low Value,,0.0,Low Risk,Low Priority
6849-OYAMU,19,100.0,1888.65,One year,Fiber optic,Yes,100.0,19,1900.0,99.40263157894738,Medium Value,,0.0,Low Risk,Low Priority
5312-UXESG,41,98.05,3990.6,Month-to-month,Fiber optic,No,98.05,41,4020.05,97.33170731707315,High Value,,0.0,Low Risk,High Value Customer
9488-HGMJH,1,71.15,71.15,Month-to-month,Fiber optic,Yes,71.15,1,71.15,71.15,Low Value,,0.0,Low Risk,Low Priority
6038-GCYEC,24,54.15,1240.25,Month-to-month,DSL,Yes,54.15,24,1299.6,51.677083333333336,Medium Value,,0.0,Low Risk,Low Priority
2150-WLKUW,40,63.9,2635.0,One year,DSL,No,63.9,40,2556.0,65.875,Medium Value,,0.0,Low Risk,Low Priority
7159-FVYPK,3,69.15,235.0,Month-to-month,DSL,No,69.15,3,207.45,78.33333333333333,Low Value,,0.0,Low Risk,Low Priority
7032-LMBHI,37,64.65,2347.85,One year,DSL,No,64.65,37,2392.05,63.4554054054054,Medium Value,No,0.05,Low Risk,Low Priority
1150-WFARN,67,108.75,7156.2,Two year,Fiber optic,Yes,108.75,67,7286.25,106.8089552238806,Very High Value,No,0.06,Low Risk,VIP Customer
6088-BXMRG,32,98.85,3089.6,Month-to-month,Fiber optic,No,98.85,32,3163.2,96.55,High Value,,0.0,Low Risk,High Value Customer
3144-AUDBS,6,49.15,270.8,Month-to-month,DSL,Yes,49.15,6,294.9,45.13333333333333,Low Value,,0.0,Low Risk,Low Priority
4821-SJHJV,32,89.6,2901.8,Month-to-month,Fiber optic,No,89.6,32,2867.2,90.68125,Medium Value,,0.0,Low Risk,Low Priority
7346-MEDWM,59,83.25,4949.1,Month-to-month,Fiber optic,No,83.25,59,4911.75,83.88305084745764,High Value,,0.0,Low Risk,High Value Customer
1137-DGOWI,30,70.25,2198.9,One year,DSL,No,70.25,30,2107.5,73.29666666666667,Medium Value,,0.0,Low Risk,Low Priority
5616-PRTNT,20,19.4,374.5,Month-to-month,No,Yes,19.4,20,388.0,18.725,Low Value,,0.0,Low Risk,Low Priority
3812-LRZIR,27,24.5,761.95,Two year,No,No,24.5,27,661.5,28.22037037037037,Low Value,No,0.03,Low Risk,Low Priority
4818-QIUFN,20,79.15,1520.9,Month-to-month,Fiber optic,Yes,79.15,20,1583.0,76.045,Medium Value,No,0.47,Medium Risk,Monitor
9483-GCPWE,9,20.1,190.25,One year,No,No,20.1,9,180.9,21.13888888888889,Low Value,No,0.01,Low Risk,Low Priority
4227-OJHAL,68,73.0,5163.0,One year,DSL,No,73.0,68,4964.0,75.92647058823529,High Value,No,0.085,Low Risk,High Value Customer
9220-CXRSC,69,61.4,4059.85,Two year,DSL,No,61.4,69,4236.599999999999,58.83840579710145,High Value,,0.0,Low Risk,High Value Customer
4993-JCRGJ,26,84.3,2281.6,Month-to-month,Fiber optic,No,84.3,26,2191.8,87.75384615384615,Medium Value,No,0.3,Low Risk,Low Priority
9537-JALFH,69,19.9,1356.7,Two year,No,No,19.9,69,1373.1,19.66231884057971,Medium Value,No,0.0,Low Risk,Low Priority
6698-OXETB,11,20.4,231.45,Two year,No,No,20.4,11,224.4,21.04090909090909,Low Value,No,0.005,Low Risk,Low Priority
2103-ZRXFN,1,50.75,50.75,Month-to-month,DSL,No,50.75,1,50.75,50.75,Low Value,,0.0,Low Risk,Low Priority
3724-BSCVH,10,20.45,242.4,One year,No,No,20.45,10,204.5,24.24,Low Value,,0.0,Low Risk,Low Priority
4877-TSOFF,55,75.75,4264.25,One year,DSL,No,75.75,55,4166.25,77.53181818181818,High Value,No,0.035,Low Risk,High Value Customer
9209-NWPGU,44,65.4,2774.55,One year,DSL,No,65.4,44,2877.6000000000004,63.05795454545455,Medium Value,No,0.09,Low Risk,Low Priority
6961-VCPMC,46,80.4,3605.2,Month-to-month,Fiber optic,Yes,80.4,46,3698.4,78.37391304347825,High Value,,0.0,Low Risk,High Value Customer
7306-YDSOI,69,59.75,4069.9,Two year,DSL,No,59.75,69,4122.75,58.984057971014494,High Value,,0.0,Low Risk,High Value Customer
5288-AHOUP,11,78.5,874.2,Month-to-month,Fiber optic,No,78.5,11,863.5,79.47272727272728,Low Value,,0.0,Low Risk,Low Priority
6688-UZPWD,11,102.0,1145.35,Month-to-month,Fiber optic,Yes,102.0,11,1122.0,104.12272727272726,Medium Value,,0.0,Low Risk,Low Priority
0655-YDGFJ,29,48.95,1323.7,Month-to-month,DSL,No,48.95,29,1419.5500000000002,45.6448275862069,Medium Value,,0.0,Low Risk,Low Priority
8468-EHYJA,57,99.65,5497.05,Month-to-month,Fiber optic,No,99.65,57,5680.05,96.43947368421053,High Value,,0.0,Low Risk,High Value Customer
6823-SIDFQ,28,18.25,534.7,One year,No,No,18.25,28,511.0,19.09642857142857,Low Value,No,0.005,Low Risk,Low Priority
1097-FSPVW,42,54.55,2455.05,Month-to-month,DSL,No,54.55,42,2291.1,58.45357142857144,Medium Value,No,0.055,Low Risk,Low Priority
2839-RFSQE,2,20.65,38.7,Month-to-month,No,Yes,20.65,2,41.3,19.35,Low Value,No,0.065,Low Risk,Low Priority
8328-SKJNO,23,40.65,947.4,One year,DSL,No,40.65,23,934.95,41.19130434782608,Low Value,,0.0,Low Risk,Low Priority
7010-ZMVBF,18,20.45,357.0,Month-to-month,No,No,20.45,18,368.1,19.83333333333333,Low Value,No,0.035,Low Risk,Low Priority
5201-CBWYG,62,24.8,1476.25,One year,No,No,24.8,62,1537.6,23.81048387096774,Medium Value,,0.0,Low Risk,Low Priority
0968-GSIKN,1,70.8,70.8,Month-to-month,Fiber optic,Yes,70.8,1,70.8,70.8,Low Value,,0.0,Low Risk,Low Priority
1965-DDBWU,16,89.05,1448.6,Month-to-month,Fiber optic,Yes,89.05,16,1424.8,90.5375,Medium Value,No,0.265,Low Risk,Low Priority
9057-SIHCH,3,96.6,291.9,Month-to-month,Fiber optic,Yes,96.6,3,289.79999999999995,97.3,Low Value,Yes,0.875,High Risk,Churn Risk
6352-GIGGQ,67,88.8,5903.15,One year,DSL,No,88.8,67,5949.599999999999,88.10671641791045,High Value,,0.0,Low Risk,High Value Customer
3635-QQRQD,62,20.05,1201.65,Two year,No,No,20.05,62,1243.1,19.381451612903227,Medium Value,,0.0,Low Risk,Low Priority
6771-XWBDM,57,104.5,5921.35,Month-to-month,Fiber optic,Yes,104.5,57,5956.5,103.88333333333334,High Value,,0.0,Low Risk,High Value Customer
2897-DOVND,2,69.8,146.65,Month-to-month,Fiber optic,No,69.8,2,139.6,73.325,Low Value,,0.0,Low Risk,Low Priority
3082-YVEKW,23,77.15,1759.4,Two year,DSL,No,77.15,23,1774.45,76.49565217391304,Medium Value,,0.0,Low Risk,Low Priority
0191-EQUUH,25,35.05,844.45,Two year,DSL,No,35.05,25,876.2499999999999,33.778,Low Value,,0.0,Low Risk,Low Priority
7134-HBPBS,72,108.1,7774.05,Two year,Fiber optic,No,108.1,72,7783.2,107.97291666666666,Very High Value,,0.0,Low Risk,VIP Customer
3489-HHPFY,2,84.05,134.05,Month-to-month,Fiber optic,No,84.05,2,168.1,67.025,Low Value,,0.0,Low Risk,Low Priority
2926-JEJJC,8,20.2,140.95,One year,No,No,20.2,8,161.6,17.61875,Low Value,No,0.065,Low Risk,Low Priority
8601-QACRS,5,50.6,249.95,Month-to-month,DSL,Yes,50.6,5,253.0,49.99,Low Value,Yes,0.515,Medium Risk,Monitor
4950-BDEUX,35,49.2,1701.65,Month-to-month,DSL,No,49.2,35,1722.0,48.61857142857143,Medium Value,,0.0,Low Risk,Low Priority
5789-LDFXO,24,24.6,592.65,One year,No,No,24.6,24,590.4000000000001,24.69375,Low Value,,0.0,Low Risk,Low Priority
0508-OOLTO,2,71.65,135.75,Month-to-month,Fiber optic,No,71.65,2,143.3,67.875,Low Value,,0.0,Low Risk,Low Priority
2984-TBYKU,72,104.9,7732.65,Two year,Fiber optic,No,104.9,72,7552.8,107.39791666666666,Very High Value,,0.0,Low Risk,VIP Customer
9822-WMWVG,41,106.5,4282.4,Month-to-month,Fiber optic,No,106.5,41,4366.5,104.44878048780488,High Value,No,0.34,Low Risk,High Value Customer
2391-SOORI,4,49.35,219.65,Month-to-month,DSL,Yes,49.35,4,197.4,54.9125,Low Value,No,0.415,Medium Risk,Monitor
9040-KZVWO,26,75.5,2018.1,One year,Fiber optic,No,75.5,26,1963.0,77.61923076923077,Medium Value,No,0.06,Low Risk,Low Priority
2645-QTLMB,7,94.25,669.0,Month-to-month,Fiber optic,Yes,94.25,7,659.75,95.57142857142856,Low Value,,0.0,Low Risk,Low Priority
4806-HIPDW,1,68.95,68.95,Month-to-month,Fiber optic,Yes,68.95,1,68.95,68.95,Low Value,,0.0,Low Risk,Low Priority
1548-ARAGG,4,58.5,224.85,Month-to-month,DSL,No,58.5,4,234.0,56.2125,Low Value,,0.0,Low Risk,Low Priority
6339-RZCBJ,48,78.9,3771.5,Two year,DSL,No,78.9,48,3787.2,78.57291666666667,High Value,,0.0,Low Risk,High Value Customer
4424-TKOPW,2,93.85,196.75,Month-to-month,Fiber optic,Yes,93.85,2,187.7,98.375,Low Value,,0.0,Low Risk,Low Priority
4415-WNGVR,12,79.2,943.85,One year,DSL,No,79.2,12,950.4,78.65416666666667,Low Value,,0.0,Low Risk,Low Priority
2522-AHJXR,60,109.45,6572.85,Month-to-month,Fiber optic,No,109.45,60,6567.0,109.5475,Very High Value,No,0.195,Low Risk,VIP Customer
0412-UCCNP,55,59.2,3175.85,Two year,DSL,No,59.2,55,3256.0,57.74272727272727,High Value,,0.0,Low Risk,High Value Customer
1816-FLZDK,1,29.15,29.15,Month-to-month,DSL,No,29.15,1,29.15,29.15,Low Value,No,0.37,Low Risk,Low Priority
7096-UCLNH,1,20.05,20.05,Month-to-month,No,No,20.05,1,20.05,20.05,Low Value,,0.0,Low Risk,Low Priority
8443-ZRDBZ,4,76.05,318.9,Month-to-month,Fiber optic,Yes,76.05,4,304.2,79.725,Low Value,Yes,0.78,High Risk,Churn Risk
9136-ALYBR,1,24.45,24.45,Month-to-month,DSL,Yes,24.45,1,24.45,24.45,Low Value,,0.0,Low Risk,Low Priority
4615-PIVVU,42,66.5,2762.75,Two year,DSL,No,66.5,42,2793.0,65.7797619047619,Medium Value,,0.0,Low Risk,Low Priority
8885-QSQBX,1,49.55,49.55,Month-to-month,DSL,No,49.55,1,49.55,49.55,Low Value,,0.0,Low Risk,Low Priority
7479-NITWS,7,89.35,631.85,Month-to-month,Fiber optic,Yes,89.35,7,625.4499999999999,90.26428571428572,Low Value,,0.0,Low Risk,Low Priority
8617-ENBDS,3,73.6,232.5,Month-to-month,Fiber optic,No,73.6,3,220.8,77.5,Low Value,,0.0,Low Risk,Low Priority
9385-NXKDA,72,82.65,5919.35,Two year,DSL,No,82.65,72,5950.8,82.21319444444445,High Value,No,0.015,Low Risk,High Value Customer
0430-IHCDJ,15,49.0,749.25,Month-to-month,DSL,No,49.0,15,735.0,49.95,Low Value,Yes,0.57,Medium Risk,Monitor
2959-MJHIC,4,80.35,307.4,Month-to-month,Fiber optic,Yes,80.35,4,321.4,76.85,Low Value,Yes,0.82,High Risk,Churn Risk
6674-KVJHG,11,25.2,245.15,One year,No,No,25.2,11,277.2,22.286363636363635,Low Value,,0.0,Low Risk,Low Priority
1814-DKOLC,5,25.45,134.75,Month-to-month,No,No,25.45,5,127.25,26.95,Low Value,,0.0,Low Risk,Low Priority
4201-JMNGR,1,55.8,55.8,Month-to-month,DSL,Yes,55.8,1,55.8,55.8,Low Value,,0.0,Low Risk,Low Priority
9351-HXDMR,72,110.9,8240.85,Two year,Fiber optic,No,110.9,72,7984.8,114.45625,Very High Value,No,0.11,Low Risk,VIP Customer
3537-HPKQT,55,77.75,4266.4,Month-to-month,Fiber optic,No,77.75,55,4276.25,77.57090909090908,High Value,,0.0,Low Risk,High Value Customer
2129-ALKBS,40,26.2,1077.5,Month-to-month,No,No,26.2,40,1048.0,26.9375,Medium Value,No,0.03,Low Risk,Low Priority
5821-MMEIL,57,19.9,1115.6,Two year,No,No,19.9,57,1134.3,19.5719298245614,Medium Value,,0.0,Low Risk,Low Priority
5960-WPXQM,1,79.05,79.05,Month-to-month,Fiber optic,Yes,79.05,1,79.05,79.05,Low Value,,0.0,Low Risk,Low Priority
0684-AOSIH,1,95.0,95.0,Month-to-month,Fiber optic,Yes,95.0,1,95.0,95.0,Low Value,,0.0,Low Risk,Low Priority
8260-NGFNY,1,25.2,25.2,Month-to-month,DSL,Yes,25.2,1,25.2,25.2,Low Value,,0.0,Low Risk,Low Priority
1309-XGFSN,52,80.85,4079.55,One year,DSL,No,80.85,52,4204.2,78.45288461538462,High Value,,0.0,Low Risk,High Value Customer
1866-RZZQS,41,98.4,4187.75,Month-to-month,Fiber optic,Yes,98.4,41,4034.4,102.14024390243902,High Value,,0.0,Low Risk,High Value Customer
4742-TXUEX,47,19.3,890.5,Two year,No,No,19.3,47,907.1,18.9468085106383,Low Value,No,0.0,Low Risk,Low Priority
9631-XEYKE,3,50.4,137.25,Month-to-month,DSL,No,50.4,3,151.2,45.75,Low Value,,0.0,Low Risk,Low Priority
8631-NBHFZ,66,79.4,5154.6,Two year,DSL,Yes,79.4,66,5240.400000000001,78.10000000000001,High Value,,0.0,Low Risk,High Value Customer
1335-MXCSE,55,55.25,3119.9,Two year,DSL,No,55.25,55,3038.75,56.72545454545455,High Value,,0.0,Low Risk,High Value Customer
8873-TMKGR,29,19.1,529.5,One year,No,No,19.1,29,553.9000000000001,18.25862068965517,Low Value,No,0.005,Low Risk,Low Priority
8800-JOOCF,12,84.05,966.55,Month-to-month,Fiber optic,No,84.05,12,1008.6,80.54583333333333,Medium Value,,0.0,Low Risk,Low Priority
1469-LBJQJ,66,105.2,6936.85,Month-to-month,Fiber optic,No,105.2,66,6943.2,105.10378787878788,Very High Value,,0.0,Low Risk,VIP Customer
4958-XCBDQ,35,101.4,3496.3,Month-to-month,Fiber optic,Yes,101.4,35,3549.0,99.89428571428572,High Value,,0.0,Low Risk,High Value Customer
8337-UPOAQ,10,89.8,914.3,Month-to-month,Fiber optic,Yes,89.8,10,898.0,91.43,Low Value,,0.0,Low Risk,Low Priority
0064-YIJGF,27,75.75,1929.0,Month-to-month,Fiber optic,No,75.75,27,2045.25,71.44444444444444,Medium Value,,0.0,Low Risk,Low Priority
2386-OWURY,58,95.3,5817.7,Month-to-month,Fiber optic,No,95.3,58,5527.4,100.3051724137931,High Value,No,0.33,Low Risk,High Value Customer
1725-IQNIY,54,109.75,6110.2,Two year,Fiber optic,Yes,109.75,54,5926.5,113.15185185185184,High Value,,0.0,Low Risk,High Value Customer
0310-VQXAM,9,19.85,178.8,Month-to-month,No,No,19.85,9,178.65,19.866666666666667,Low Value,,0.0,Low Risk,Low Priority
6598-RFFVI,2,19.3,28.3,One year,No,Yes,19.3,2,38.6,14.15,Low Value,No,0.015,Low Risk,Low Priority
3453-RTHJQ,6,69.1,435.0,Month-to-month,Fiber optic,No,69.1,6,414.6,72.5,Low Value,,0.0,Low Risk,Low Priority
6712-OAWRH,26,91.25,2351.8,Month-to-month,Fiber optic,Yes,91.25,26,2372.5,90.45384615384616,Medium Value,No,0.45,Medium Risk,Monitor
6278-FEPBZ,9,20.25,186.15,Month-to-month,No,No,20.25,9,182.25,20.683333333333334,Low Value,,0.0,Low Risk,Low Priority
4280-DLSHD,8,54.75,445.85,Month-to-month,DSL,No,54.75,8,438.0,55.73125,Low Value,,0.0,Low Risk,Low Priority
1508-DFXCU,12,81.45,912.0,Month-to-month,Fiber optic,No,81.45,12,977.4,76.0,Low Value,,0.0,Low Risk,Low Priority
8614-VGMMV,15,49.1,679.55,Month-to-month,DSL,Yes,49.1,15,736.5,45.30333333333333,Low Value,,0.0,Low Risk,Low Priority
7868-BGSZA,43,80.2,3581.6,One year,DSL,No,80.2,43,3448.6,83.29302325581395,High Value,,0.0,Low Risk,High Value Customer
2800-QQUSO,42,100.3,4222.95,Month-to-month,Fiber optic,No,100.3,42,4212.599999999999,100.54642857142856,High Value,Yes,0.57,Medium Risk,High Value Customer
2930-UOTMB,31,65.25,1994.3,Month-to-month,DSL,Yes,65.25,31,2022.75,64.33225806451613,Medium Value,No,0.08,Low Risk,Low Priority
7973-DZRKH,66,90.95,5930.05,Two year,Fiber optic,No,90.95,66,6002.7,89.84924242424243,Very High Value,,0.0,Low Risk,VIP Customer
5914-DVBWJ,18,85.45,1505.85,Month-to-month,Fiber optic,Yes,85.45,18,1538.1,83.65833333333333,Medium Value,,0.0,Low Risk,Low Priority
7698-YFGEZ,1,20.0,20.0,Month-to-month,No,No,20.0,1,20.0,20.0,Low Value,,0.0,Low Risk,Low Priority
2533-QVMSK,61,94.1,5638.3,Two year,Fiber optic,Yes,94.1,61,5740.099999999999,92.43114754098362,High Value,No,0.12,Low Risk,High Value Customer
9773-PEQBZ,10,79.85,797.25,Month-to-month,Fiber optic,No,79.85,10,798.5,79.725,Low Value,,0.0,Low Risk,Low Priority
8644-XLFBW,1,71.65,71.65,Month-to-month,Fiber optic,Yes,71.65,1,71.65,71.65,Low Value,,0.0,Low Risk,Low Priority
0650-BWOZN,18,73.55,1359.45,Month-to-month,Fiber optic,No,73.55,18,1323.9,75.525,Medium Value,,0.0,Low Risk,Low Priority
8625-AZYZY,24,104.65,2542.45,Month-to-month,Fiber optic,Yes,104.65,24,2511.6000000000004,105.93541666666664,Medium Value,,0.0,Low Risk,Low Priority
7785-RDVIG,3,19.3,54.7,Month-to-month,No,No,19.3,3,57.900000000000006,18.23333333333333,Low Value,,0.0,Low Risk,Low Priority
9602-WCXPI,50,20.15,989.05,One year,No,No,20.15,50,1007.5,19.781,Medium Value,,0.0,Low Risk,Low Priority
2903-YYTBW,1,44.55,44.55,Month-to-month,DSL,No,44.55,1,44.55,44.55,Low Value,,0.0,Low Risk,Low Priority
3620-MWJNE,2,54.45,87.3,Month-to-month,DSL,No,54.45,2,108.9,43.65,Low Value,,0.0,Low Risk,Low Priority
8573-JGCZW,17,19.65,351.55,One year,No,No,19.65,17,334.04999999999995,20.679411764705883,Low Value,No,0.02,Low Risk,Low Priority
6837-HAEVO,69,105.0,7297.75,Two year,Fiber optic,No,105.0,69,7245.0,105.7644927536232,Very High Value,,0.0,Low Risk,VIP Customer
6701-YVNQG,72,88.7,6301.7,Two year,DSL,No,88.7,72,6386.400000000001,87.52361111111111,Very High Value,No,0.0,Low Risk,VIP Customer
9306-CPCBC,3,74.25,210.3,Month-to-month,Fiber optic,Yes,74.25,3,222.75,70.10000000000001,Low Value,,0.0,Low Risk,Low Priority
4304-XUMGI,50,75.15,3822.45,Two year,DSL,No,75.15,50,3757.500000000001,76.449,High Value,,0.0,Low Risk,High Value Customer
9504-YAZWB,53,20.25,1048.45,Two year,No,No,20.25,53,1073.25,19.782075471698118,Medium Value,,0.0,Low Risk,Low Priority
8819-ZBYNA,58,109.1,6393.65,Two year,Fiber optic,No,109.1,58,6327.799999999999,110.2353448275862,Very High Value,No,0.095,Low Risk,VIP Customer
6174-NRBTZ,46,30.75,1489.3,One year,DSL,No,30.75,46,1414.5,32.37608695652174,Medium Value,,0.0,Low Risk,Low Priority
9481-IEBZY,72,112.9,8061.5,Month-to-month,Fiber optic,No,112.9,72,8128.8,111.96527777777776,Very High Value,,0.0,Low Risk,VIP Customer
1833-VGRUM,1,74.2,74.2,Month-to-month,Fiber optic,Yes,74.2,1,74.2,74.2,Low Value,,0.0,Low Risk,Low Priority
6137-NICCO,6,94.05,518.75,Month-to-month,Fiber optic,No,94.05,6,564.3,86.45833333333333,Low Value,Yes,0.55,Medium Risk,Monitor
9065-ZCPQX,72,78.85,5763.15,Two year,DSL,No,78.85,72,5677.2,80.04374999999999,High Value,,0.0,Low Risk,High Value Customer
6402-EJMWF,4,55.3,238.5,Month-to-month,DSL,No,55.3,4,221.2,59.625,Low Value,No,0.39,Low Risk,Low Priority
3620-EHIMZ,52,19.35,1031.7,Two year,No,No,19.35,52,1006.2,19.84038461538461,Medium Value,,0.0,Low Risk,Low Priority
3213-VVOLG,0,25.35,0.0,Two year,No,No,25.35,1,25.35,0.0,Low Value,,0.0,Low Risk,Low Priority
6870-ECSHE,2,20.45,34.8,One year,No,No,20.45,2,40.9,17.4,Low Value,,0.0,Low Risk,Low Priority
8747-UDCOI,65,19.35,1319.95,Two year,No,No,19.35,65,1257.75,20.30692307692308,Medium Value,,0.0,Low Risk,Low Priority
8374-XGEJJ,43,101.0,4388.4,Month-to-month,Fiber optic,Yes,101.0,43,4343.0,102.05581395348835,High Value,,0.0,Low Risk,High Value Customer
2656-TABEH,4,100.2,420.2,Month-to-month,Fiber optic,Yes,100.2,4,400.8,105.05,Low Value,,0.0,Low Risk,Low Priority
6946-LMSQS,25,89.05,2177.45,One year,Fiber optic,Yes,89.05,25,2226.25,87.098,Medium Value,No,0.27,Low Risk,Low Priority
4626-OZDTJ,51,78.65,3950.85,One year,DSL,No,78.65,51,4011.15,77.46764705882353,High Value,,0.0,Low Risk,High Value Customer
9169-BSVIN,12,74.75,827.05,Month-to-month,DSL,No,74.75,12,897.0,68.92083333333333,Low Value,,0.0,Low Risk,Low Priority
2325-ZUSFD,57,70.1,3913.3,One year,DSL,Yes,70.1,57,3995.7,68.65438596491228,High Value,No,0.08,Low Risk,High Value Customer
8194-PEEBY,24,19.9,533.5,One year,No,No,19.9,24,477.6,22.229166666666668,Low Value,,0.0,Low Risk,Low Priority
6872-HXFNF,64,58.35,3756.45,One year,DSL,No,58.35,64,3734.4,58.69453125,High Value,No,0.025,Low Risk,High Value Customer
3932-CMDTD,4,105.65,443.9,One year,Fiber optic,Yes,105.65,4,422.6,110.975,Low Value,No,0.43,Medium Risk,Monitor
7714-YXSMB,26,100.5,2599.95,Month-to-month,Fiber optic,No,100.5,26,2613.0,99.99807692307692,Medium Value,,0.0,Low Risk,Low Priority
8387-UGUSU,15,20.05,284.3,Month-to-month,No,No,20.05,15,300.75,18.953333333333333,Low Value,,0.0,Low Risk,Low Priority
1080-BWSYE,64,25.65,1740.8,Two year,No,No,25.65,64,1641.6,27.2,Medium Value,,0.0,Low Risk,Low Priority
4039-HEUNW,36,96.5,3436.1,Month-to-month,Fiber optic,Yes,96.5,36,3474.0,95.44722222222222,High Value,,0.0,Low Risk,High Value Customer
1194-HVAIF,27,95.0,2462.55,Month-to-month,Fiber optic,No,95.0,27,2565.0,91.20555555555556,Medium Value,,0.0,Low Risk,Low Priority
0812-WUPTB,1,70.85,70.85,Month-to-month,Fiber optic,Yes,70.85,1,70.85,70.85,Low Value,,0.0,Low Risk,Low Priority
3594-UVONA,35,85.95,3110.1,One year,DSL,Yes,85.95,35,3008.25,88.86,High Value,No,0.08,Low Risk,High Value Customer
0004-TLHLJ,4,73.9,280.85,Month-to-month,Fiber optic,Yes,73.9,4,295.6,70.2125,Low Value,Yes,0.615,Medium Risk,Monitor
1767-TGTKO,8,45.45,411.75,Month-to-month,DSL,No,45.45,8,363.6,51.46875,Low Value,,0.0,Low Risk,Low Priority
8439-LTUGF,10,20.0,198.6,Month-to-month,No,No,20.0,10,200.0,19.86,Low Value,,0.0,Low Risk,Low Priority
8805-JNRAZ,2,49.2,103.7,Month-to-month,DSL,No,49.2,2,98.4,51.85,Low Value,No,0.335,Low Risk,Low Priority
5089-IFSDP,58,109.45,6144.55,Two year,Fiber optic,Yes,109.45,58,6348.1,105.94051724137933,Very High Value,,0.0,Low Risk,VIP Customer
6418-HNFED,51,83.25,4089.45,Two year,DSL,No,83.25,51,4245.75,80.18529411764706,High Value,No,0.01,Low Risk,High Value Customer
0206-OYVOC,46,19.25,864.2,Two year,No,No,19.25,46,885.5,18.78695652173913,Low Value,,0.0,Low Risk,Low Priority
7291-CDTMJ,1,19.65,19.65,Month-to-month,No,No,19.65,1,19.65,19.65,Low Value,,0.0,Low Risk,Low Priority
7128-GGCNO,46,72.8,3249.4,Month-to-month,Fiber optic,No,72.8,46,3348.8,70.63913043478261,High Value,,0.0,Low Risk,High Value Customer
0237-YFUTL,50,109.65,5405.8,Month-to-month,Fiber optic,No,109.65,50,5482.5,108.116,High Value,,0.0,Low Risk,High Value Customer
7691-KGKGP,53,65.0,3363.8,Month-to-month,DSL,No,65.0,53,3445.0,63.46792452830189,High Value,,0.0,Low Risk,High Value Customer
6710-HSJRD,61,114.1,7132.15,Month-to-month,Fiber optic,No,114.1,61,6960.099999999999,116.92049180327868,Very High Value,No,0.26,Low Risk,VIP Customer
3675-EQOZA,5,20.65,93.55,Month-to-month,No,No,20.65,5,103.25,18.71,Low Value,No,0.105,Low Risk,Low Priority
0840-DCNZE,47,86.95,4138.9,One year,DSL,No,86.95,47,4086.65,88.06170212765957,High Value,,0.0,Low Risk,High Value Customer
1732-FEKLD,54,94.75,5121.75,One year,Fiber optic,No,94.75,54,5116.5,94.84722222222224,High Value,,0.0,Low Risk,High Value Customer
9862-KJTYK,19,25.35,566.1,Month-to-month,DSL,No,25.35,19,481.65,29.794736842105262,Low Value,,0.0,Low Risk,Low Priority
0479-HMSWA,26,105.45,2715.3,Two year,Fiber optic,No,105.45,26,2741.7000000000003,104.4346153846154,Medium Value,,0.0,Low Risk,Low Priority
5854-KSRBJ,70,25.4,1782.05,Two year,No,No,25.4,70,1778.0,25.457857142857144,Medium Value,,0.0,Low Risk,Low Priority
0365-BZUWY,17,102.55,1742.5,Month-to-month,Fiber optic,No,102.55,17,1743.35,102.5,Medium Value,,0.0,Low Risk,Low Priority
4817-VYYWS,30,100.2,2983.8,Month-to-month,Fiber optic,Yes,100.2,30,3006.0,99.46,High Value,Yes,0.65,Medium Risk,High Value Customer
5701-SVCWR,1,24.0,24.0,Month-to-month,No,No,24.0,1,24.0,24.0,Low Value,,0.0,Low Risk,Low Priority
3129-AAQOU,19,25.6,485.9,Two year,No,No,25.6,19,486.4,25.573684210526316,Low Value,,0.0,Low Risk,Low Priority
4922-CVPDX,26,73.5,1905.7,Two year,DSL,No,73.5,26,1911.0,73.29615384615384,Medium Value,,0.0,Low Risk,Low Priority
1396-QWFBJ,21,74.05,1565.7,Month-to-month,Fiber optic,Yes,74.05,21,1555.05,74.55714285714286,Medium Value,,0.0,Low Risk,Low Priority
1357-BIJKI,50,98.25,4858.7,One year,Fiber optic,No,98.25,50,4912.5,97.174,High Value,No,0.385,Low Risk,High Value Customer
1099-BTKWT,68,54.4,3723.65,One year,DSL,No,54.4,68,3699.2,54.75955882352941,High Value,,0.0,Low Risk,High Value Customer
5299-SJCZT,3,101.55,298.35,Month-to-month,Fiber optic,Yes,101.55,3,304.65,99.45,Low Value,,0.0,Low Risk,Low Priority
2018-PZKMU,9,103.1,970.45,Month-to-month,Fiber optic,No,103.1,9,927.9,107.82777777777778,Low Value,,0.0,Low Risk,Low Priority
7340-KEFQE,51,34.2,1782.0,Two year,DSL,No,34.2,51,1744.2,34.94117647058823,Medium Value,,0.0,Low Risk,Low Priority
4570-QHXHL,9,43.75,405.7,Month-to-month,DSL,No,43.75,9,393.75,45.077777777777776,Low Value,Yes,0.52,Medium Risk,Monitor
2403-BCASL,41,111.95,4534.9,One year,Fiber optic,Yes,111.95,41,4589.95,110.60731707317072,High Value,,0.0,Low Risk,High Value Customer
7392-YYPYJ,22,100.65,2415.95,Month-to-month,Fiber optic,No,100.65,22,2214.3,109.81590909090907,Medium Value,,0.0,Low Risk,Low Priority
2898-LSJGD,21,55.95,1157.05,One year,DSL,Yes,55.95,21,1174.95,55.09761904761905,Medium Value,,0.0,Low Risk,Low Priority
2223-GDSHL,71,116.05,8297.5,Two year,Fiber optic,No,116.05,71,8239.55,116.8661971830986,Very High Value,,0.0,Low Risk,VIP Customer
7359-PTSXY,1,45.75,45.75,Month-to-month,DSL,Yes,45.75,1,45.75,45.75,Low Value,,0.0,Low Risk,Low Priority
9470-RTWDV,26,82.0,2083.1,One year,DSL,No,82.0,26,2132.0,80.11923076923077,Medium Value,,0.0,Low Risk,Low Priority
2176-OSJUV,71,65.15,4681.75,Two year,DSL,No,65.15,71,4625.650000000001,65.94014084507042,High Value,,0.0,Low Risk,High Value Customer
9348-YVOMK,4,44.8,176.2,Month-to-month,DSL,No,44.8,4,179.2,44.05,Low Value,,0.0,Low Risk,Low Priority
8104-OSKWT,12,79.8,1001.2,Month-to-month,Fiber optic,No,79.8,12,957.6,83.43333333333334,Low Value,,0.0,Low Risk,Low Priority
4521-YEEHE,18,88.85,1594.75,Month-to-month,Fiber optic,No,88.85,18,1599.3,88.59722222222223,Medium Value,,0.0,Low Risk,Low Priority
4090-KPJIP,3,74.95,212.4,Month-to-month,Fiber optic,No,74.95,3,224.85,70.8,Low Value,Yes,0.855,High Risk,Churn Risk
3786-WOVKF,72,106.85,7677.4,One year,Fiber optic,No,106.85,72,7693.2,106.63055555555556,Very High Value,,0.0,Low Risk,VIP Customer
4503-BDXBD,11,74.95,815.5,Month-to-month,Fiber optic,Yes,74.95,11,824.45,74.13636363636364,Low Value,,0.0,Low Risk,Low Priority
6086-ESGRL,1,80.15,80.15,Month-to-month,Fiber optic,Yes,80.15,1,80.15,80.15,Low Value,,0.0,Low Risk,Low Priority
2592-HODOV,13,19.3,259.65,One year,No,No,19.3,13,250.9,19.97307692307692,Low Value,,0.0,Low Risk,Low Priority
3886-CERTZ,72,109.25,8109.8,One year,Fiber optic,Yes,109.25,72,7866.0,112.63611111111112,Very High Value,,0.0,Low Risk,VIP Customer
7995-ZHHNZ,42,56.1,2386.85,One year,DSL,No,56.1,42,2356.2000000000003,56.8297619047619,Medium Value,,0.0,Low Risk,Low Priority
3824-RHKVR,17,19.7,340.35,Month-to-month,No,No,19.7,17,334.9,20.02058823529412,Low Value,,0.0,Low Risk,Low Priority
5816-SCGFC,7,51.3,419.35,Month-to-month,DSL,No,51.3,7,359.1,59.90714285714286,Low Value,,0.0,Low Risk,Low Priority
5989-AXPUC,68,118.6,7990.05,Two year,Fiber optic,No,118.6,68,8064.799999999999,117.50073529411765,Very High Value,,0.0,Low Risk,VIP Customer
4979-HPRFL,56,24.15,1402.25,Two year,No,No,24.15,56,1352.4,25.040178571428573,Medium Value,,0.0,Low Risk,Low Priority
2860-RANUS,20,85.8,1727.5,Month-to-month,Fiber optic,Yes,85.8,20,1716.0,86.375,Medium Value,Yes,0.52,Medium Risk,Monitor
8590-OHDIW,38,20.3,749.35,One year,No,No,20.3,38,771.4,19.719736842105263,Low Value,No,0.005,Low Risk,Low Priority
8015-IHCGW,72,115.5,8425.15,Two year,Fiber optic,No,115.5,72,8316.0,117.01597222222222,Very High Value,No,0.02,Low Risk,VIP Customer
2332-TODQS,48,25.05,1171.5,One year,No,No,25.05,48,1202.4,24.40625,Medium Value,No,0.025,Low Risk,Low Priority
9278-VZKCD,52,109.1,5647.95,Month-to-month,Fiber optic,No,109.1,52,5673.2,108.61442307692307,High Value,No,0.26,Low Risk,High Value Customer
8008-OTEZX,35,19.65,708.8,One year,No,No,19.65,35,687.75,20.25142857142857,Low Value,,0.0,Low Risk,Low Priority
2773-OVBPK,67,111.3,7567.2,Two year,Fiber optic,No,111.3,67,7457.099999999999,112.94328358208956,Very High Value,,0.0,Low Risk,VIP Customer
5999-LCXAO,1,29.9,29.9,Month-to-month,DSL,No,29.9,1,29.9,29.9,Low Value,,0.0,Low Risk,Low Priority
5206-XZZQI,53,80.6,4348.1,Month-to-month,Fiber optic,No,80.6,53,4271.799999999999,82.03962264150944,High Value,,0.0,Low Risk,High Value Customer
4803-LBYPN,34,20.8,635.9,Month-to-month,No,No,20.8,34,707.2,18.70294117647059,Low Value,,0.0,Low Risk,Low Priority
5759-RCVCB,3,35.2,108.95,Month-to-month,DSL,Yes,35.2,3,105.6,36.31666666666667,Low Value,No,0.285,Low Risk,Low Priority
6372-RFVNS,1,78.8,78.8,Month-to-month,Fiber optic,Yes,78.8,1,78.8,78.8,Low Value,Yes,0.805,High Risk,Churn Risk
2139-FQHLM,19,89.95,1682.4,Month-to-month,Fiber optic,No,89.95,19,1709.05,88.54736842105264,Medium Value,No,0.275,Low Risk,Low Priority
8261-GWDBQ,60,116.05,6925.9,Two year,Fiber optic,No,116.05,60,6963.0,115.43166666666666,Very High Value,,0.0,Low Risk,VIP Customer
1093-YSWCA,11,19.55,223.15,Two year,No,No,19.55,11,215.05,20.286363636363635,Low Value,,0.0,Low Risk,Low Priority
8938-UMKPI,47,106.4,5127.95,Month-to-month,Fiber optic,Yes,106.4,47,5000.8,109.10531914893616,High Value,No,0.345,Low Risk,High Value Customer
0991-BRRFB,18,49.4,874.8,Month-to-month,DSL,Yes,49.4,18,889.1999999999999,48.6,Low Value,,0.0,Low Risk,Low Priority
3882-IYOIJ,60,115.25,6758.45,Two year,Fiber optic,No,115.25,60,6915.0,112.64083333333332,Very High Value,,0.0,Low Risk,VIP Customer
8749-TZYEC,72,24.8,1874.3,Two year,No,No,24.8,72,1785.6,26.031944444444445,Medium Value,,0.0,Low Risk,Low Priority
1755-FZQEC,39,19.9,791.15,One year,No,No,19.9,39,776.0999999999999,20.28589743589744,Low Value,,0.0,Low Risk,Low Priority
3115-JPJDD,59,81.25,4639.45,One year,Fiber optic,No,81.25,59,4793.75,78.63474576271186,High Value,,0.0,Low Risk,High Value Customer
5600-KTXFM,2,69.95,143.9,Month-to-month,Fiber optic,No,69.95,2,139.9,71.95,Low Value,,0.0,Low Risk,Low Priority
3871-IKPYH,1,69.1,69.1,Month-to-month,Fiber optic,Yes,69.1,1,69.1,69.1,Low Value,,0.0,Low Risk,Low Priority
6319-IEJWJ,20,90.2,1776.55,Month-to-month,Fiber optic,Yes,90.2,20,1804.0,88.8275,Medium Value,Yes,0.51,Medium Risk,Monitor
9025-AOMKI,6,93.55,536.4,Month-to-month,Fiber optic,Yes,93.55,6,561.3,89.39999999999999,Low Value,,0.0,Low Risk,Low Priority
6339-TBELP,71,86.4,6172.0,Two year,Fiber optic,No,86.4,71,6134.400000000001,86.92957746478874,Very High Value,,0.0,Low Risk,VIP Customer
7964-YESJC,24,66.3,1559.45,Month-to-month,DSL,No,66.3,24,1591.1999999999998,64.97708333333334,Medium Value,,0.0,Low Risk,Low Priority
6173-GOLSU,67,94.65,6079.0,Month-to-month,Fiber optic,No,94.65,67,6341.55,90.73134328358208,Very High Value,Yes,0.51,Medium Risk,VIP Customer
5275-SQEIZ,1,80.85,80.85,Month-to-month,Fiber optic,Yes,80.85,1,80.85,80.85,Low Value,,0.0,Low Risk,Low Priority
7716-YTYHG,48,82.05,4029.95,One year,Fiber optic,Yes,82.05,48,3938.4,83.95729166666666,High Value,,0.0,Low Risk,High Value Customer
9938-ZREHM,37,72.1,2658.4,One year,DSL,No,72.1,37,2667.7,71.84864864864865,Medium Value,,0.0,Low Risk,Low Priority
7950-XWOVN,11,34.7,383.55,Month-to-month,DSL,No,34.7,11,381.7000000000001,34.86818181818182,Low Value,,0.0,Low Risk,Low Priority
4390-KYULV,3,20.55,51.15,Month-to-month,No,Yes,20.55,3,61.650000000000006,17.05,Low Value,,0.0,Low Risk,Low Priority
4647-MUZON,18,95.95,1745.5,Month-to-month,Fiber optic,No,95.95,18,1727.1,96.97222222222224,Medium Value,No,0.405,Medium Risk,Monitor
9702-AIUJO,50,44.8,2230.85,One year,DSL,No,44.8,50,2240.0,44.617,Medium Value,,0.0,Low Risk,Low Priority
8849-PRIQJ,67,109.4,7281.6,One year,Fiber optic,No,109.4,67,7329.8,108.68059701492538,Very High Value,,0.0,Low Risk,VIP Customer
8851-RAGOV,25,71.05,1837.7,Month-to-month,DSL,No,71.05,25,1776.25,73.508,Medium Value,,0.0,Low Risk,Low Priority
1304-NECVQ,2,78.55,149.55,Month-to-month,Fiber optic,Yes,78.55,2,157.1,74.775,Low Value,,0.0,Low Risk,Low Priority
5396-IZEPB,9,19.7,180.7,Month-to-month,No,No,19.7,9,177.29999999999998,20.077777777777776,Low Value,,0.0,Low Risk,Low Priority
1729-VLAZJ,10,40.25,411.45,One year,DSL,No,40.25,10,402.5,41.145,Low Value,No,0.04,Low Risk,Low Priority
5261-QSHQM,4,24.45,86.6,Month-to-month,DSL,Yes,24.45,4,97.8,21.65,Low Value,,0.0,Low Risk,Low Priority
8285-ABVLB,70,19.85,1328.35,Two year,No,No,19.85,70,1389.5,18.97642857142857,Medium Value,,0.0,Low Risk,Low Priority
0701-TJSEF,9,68.25,576.95,Month-to-month,DSL,No,68.25,9,614.25,64.10555555555555,Low Value,No,0.15,Low Risk,Low Priority
5712-VBOXD,4,20.15,68.45,Month-to-month,No,No,20.15,4,80.6,17.1125,Low Value,,0.0,Low Risk,Low Priority
6629-LADHQ,2,50.95,123.05,Month-to-month,DSL,No,50.95,2,101.9,61.525,Low Value,,0.0,Low Risk,Low Priority
8945-GRKHX,1,78.65,78.65,Month-to-month,Fiber optic,Yes,78.65,1,78.65,78.65,Low Value,,0.0,Low Risk,Low Priority
1559-DTODC,19,25.15,468.35,Month-to-month,DSL,No,25.15,19,477.85,24.65,Low Value,No,0.215,Low Risk,Low Priority
4797-MIWUM,7,20.25,174.7,Month-to-month,No,No,20.25,7,141.75,24.957142857142856,Low Value,,0.0,Low Risk,Low Priority
6959-UWKHF,1,42.9,42.9,Month-to-month,DSL,Yes,42.9,1,42.9,42.9,Low Value,,0.0,Low Risk,Low Priority
8720-RQSBJ,1,44.0,44.0,Month-to-month,DSL,No,44.0,1,44.0,44.0,Low Value,,0.0,Low Risk,Low Priority
4537-CIBHB,9,20.25,172.35,One year,No,No,20.25,9,182.25,19.15,Low Value,No,0.04,Low Risk,Low Priority
3815-SLMEF,3,34.25,139.35,Month-to-month,DSL,Yes,34.25,3,102.75,46.45,Low Value,,0.0,Low Risk,Low Priority
5154-VEKBL,9,58.5,539.85,Month-to-month,DSL,Yes,58.5,9,526.5,59.98333333333333,Low Value,,0.0,Low Risk,Low Priority
4324-AHJKS,5,55.8,300.4,Month-to-month,DSL,No,55.8,5,279.0,60.08,Low Value,,0.0,Low Risk,Low Priority
4355-CVPVS,56,88.9,4968.0,One year,Fiber optic,No,88.9,56,4978.400000000001,88.71428571428571,High Value,,0.0,Low Risk,High Value Customer
4495-LHSSK,18,57.65,992.7,Month-to-month,DSL,No,57.65,18,1037.7,55.150000000000006,Medium Value,,0.0,Low Risk,Low Priority
5655-JSMZM,49,96.2,4718.25,Month-to-month,Fiber optic,Yes,96.2,49,4713.8,96.29081632653062,High Value,,0.0,Low Risk,High Value Customer
5915-ANOEI,70,79.15,5536.5,Two year,DSL,No,79.15,70,5540.5,79.09285714285714,High Value,,0.0,Low Risk,High Value Customer
9861-PDSZP,72,108.05,7806.6,Two year,Fiber optic,No,108.05,72,7779.599999999999,108.425,Very High Value,,0.0,Low Risk,VIP Customer
4505-EXZHB,6,74.4,434.1,Month-to-month,Fiber optic,Yes,74.4,6,446.4,72.35000000000001,Low Value,,0.0,Low Risk,Low Priority
7225-CBZPL,17,94.8,1563.9,Month-to-month,Fiber optic,No,94.8,17,1611.6,91.99411764705884,Medium Value,,0.0,Low Risk,Low Priority
6704-UTUKK,29,45.9,1332.4,Month-to-month,DSL,No,45.9,29,1331.1,45.9448275862069,Medium Value,No,0.37,Low Risk,Low Priority
4587-VVTOX,6,105.3,545.2,Month-to-month,Fiber optic,Yes,105.3,6,631.8,90.86666666666667,Low Value,Yes,0.805,High Risk,Churn Risk
2019-HDCZY,63,102.6,6296.75,Two year,Fiber optic,No,102.6,63,6463.799999999999,99.9484126984127,Very High Value,No,0.185,Low Risk,VIP Customer
4652-NNHNY,16,73.85,1284.2,Month-to-month,Fiber optic,Yes,73.85,16,1181.6,80.2625,Medium Value,,0.0,Low Risk,Low Priority
8788-DOXSU,59,61.35,3645.5,One year,DSL,No,61.35,59,3619.65,61.78813559322034,High Value,,0.0,Low Risk,High Value Customer
7404-JLKQG,3,57.55,161.45,Month-to-month,DSL,No,57.55,3,172.64999999999998,53.81666666666666,Low Value,No,0.41,Medium Risk,Monitor
7421-ZLUPA,8,29.25,226.95,Month-to-month,DSL,No,29.25,8,234.0,28.36875,Low Value,,0.0,Low Risk,Low Priority
8972-HJWNV,7,84.55,646.85,Month-to-month,Fiber optic,Yes,84.55,7,591.85,92.40714285714286,Low Value,,0.0,Low Risk,Low Priority
3274-NSDWE,68,19.6,1441.65,Two year,No,No,19.6,68,1332.8000000000002,21.20073529411765,Medium Value,,0.0,Low Risk,Low Priority
2632-IVXVF,68,111.75,7511.3,Two year,Fiber optic,No,111.75,68,7599.0,110.46029411764708,Very High Value,,0.0,Low Risk,VIP Customer
3692-JHONH,52,106.5,5621.85,One year,Fiber optic,No,106.5,52,5538.0,108.1125,High Value,,0.0,Low Risk,High Value Customer
8915-NNTRC,72,107.7,7919.8,Two year,Fiber optic,No,107.7,72,7754.400000000001,109.99722222222222,Very High Value,No,0.025,Low Risk,VIP Customer
5914-GXMDA,32,19.3,593.2,One year,No,No,19.3,32,617.6,18.5375,Low Value,,0.0,Low Risk,Low Priority
7463-IFMQU,72,20.05,1423.65,Two year,No,No,20.05,72,1443.6,19.772916666666667,Medium Value,,0.0,Low Risk,Low Priority
2920-RNCEZ,1,69.95,69.95,Month-to-month,Fiber optic,No,69.95,1,69.95,69.95,Low Value,,0.0,Low Risk,Low Priority
2541-YGPKE,42,63.7,2763.35,One year,DSL,No,63.7,42,2675.4,65.79404761904762,Medium Value,No,0.115,Low Risk,Low Priority
8515-OCTJS,25,24.75,692.1,Two year,No,Yes,24.75,25,618.75,27.684,Low Value,,0.0,Low Risk,Low Priority
5382-TEMLV,45,50.9,2298.55,Month-to-month,DSL,No,50.9,45,2290.5,51.07888888888889,Medium Value,,0.0,Low Risk,Low Priority
3441-CGZJH,43,60.4,2640.55,One year,DSL,No,60.4,43,2597.2,61.40813953488372,Medium Value,,0.0,Low Risk,Low Priority
9592-ERDKV,37,79.25,2911.8,One year,DSL,No,79.25,37,2932.25,78.6972972972973,Medium Value,,0.0,Low Risk,Low Priority
4778-IZARL,63,110.1,6705.7,Two year,Fiber optic,No,110.1,63,6936.299999999999,106.43968253968254,Very High Value,,0.0,Low Risk,VIP Customer
0432-CAJZV,3,90.7,237.65,Month-to-month,Fiber optic,No,90.7,3,272.1,79.21666666666667,Low Value,Yes,0.6288,Medium Risk,Monitor
7008-LZVOZ,66,25.3,1672.35,Two year,No,No,25.3,66,1669.8,25.33863636363636,Medium Value,,0.0,Low Risk,Low Priority
8868-WOZGU,28,105.7,2979.5,Month-to-month,Fiber optic,Yes,105.7,28,2959.6,106.41071428571428,Medium Value,,0.0,Low Risk,Low Priority
1200-TUZHR,8,85.2,695.75,Month-to-month,Fiber optic,No,85.2,8,681.6,86.96875,Low Value,,0.0,Low Risk,Low Priority
9365-CSLBQ,71,24.35,1654.6,Two year,No,No,24.35,71,1728.85,23.304225352112677,Medium Value,No,0.0,Low Risk,Low Priority
1334-FJSVR,1,24.25,24.25,Month-to-month,DSL,Yes,24.25,1,24.25,24.25,Low Value,,0.0,Low Risk,Low Priority
5884-FBCTL,72,25.1,1857.85,Two year,No,No,25.1,72,1807.2,25.803472222222226,Medium Value,,0.0,Low Risk,Low Priority
7130-CTCUS,16,54.55,825.1,Month-to-month,DSL,No,54.55,16,872.8,51.56875,Low Value,No,0.17,Low Risk,Low Priority
6242-FEGFD,66,96.6,6424.25,Two year,Fiber optic,No,96.6,66,6375.599999999999,97.33712121212122,Very High Value,,0.0,Low Risk,VIP Customer
7625-XCQRH,11,76.5,837.95,Month-to-month,Fiber optic,Yes,76.5,11,841.5,76.17727272727274,Low Value,,0.0,Low Risk,Low Priority
6194-HBGQN,51,81.15,4126.2,One year,DSL,No,81.15,51,4138.650000000001,80.90588235294118,High Value,No,0.085,Low Risk,High Value Customer
7634-WSWDB,8,38.5,330.8,Month-to-month,DSL,No,38.5,8,308.0,41.35,Low Value,,0.0,Low Risk,Low Priority
6986-IXNDM,14,92.9,1337.45,Month-to-month,Fiber optic,No,92.9,14,1300.6,95.53214285714286,Medium Value,,0.0,Low Risk,Low Priority
1731-TVIUK,4,93.5,362.2,Month-to-month,Fiber optic,Yes,93.5,4,374.0,90.55,Low Value,Yes,0.655,Medium Risk,Monitor
2987-BJXIK,70,84.7,5991.05,Two year,DSL,No,84.7,70,5929.0,85.58642857142857,High Value,No,0.005,Low Risk,High Value Customer
9769-TSBZE,70,66.0,4891.5,Two year,DSL,No,66.0,70,4620.0,69.87857142857143,High Value,,0.0,Low Risk,High Value Customer
0406-BPDVR,54,101.5,5373.1,One year,Fiber optic,Yes,101.5,54,5481.0,99.50185185185184,High Value,,0.0,Low Risk,High Value Customer
0618-XWMSS,28,74.9,2068.55,Month-to-month,Fiber optic,Yes,74.9,28,2097.2000000000003,73.87678571428572,Medium Value,,0.0,Low Risk,Low Priority
1395-WSWXR,24,20.75,487.05,Two year,No,No,20.75,24,498.0,20.29375,Low Value,,0.0,Low Risk,Low Priority
6023-GSSXW,69,61.45,4131.2,Two year,DSL,No,61.45,69,4240.05,59.87246376811594,High Value,,0.0,Low Risk,High Value Customer
6752-APNJL,42,54.5,2301.15,Month-to-month,DSL,No,54.5,42,2289.0,54.78928571428572,Medium Value,,0.0,Low Risk,Low Priority
5276-KQWHG,2,69.6,131.65,Month-to-month,Fiber optic,Yes,69.6,2,139.2,65.825,Low Value,,0.0,Low Risk,Low Priority
0420-HLGXF,39,99.75,4036.0,Month-to-month,Fiber optic,No,99.75,39,3890.25,103.48717948717947,High Value,,0.0,Low Risk,High Value Customer
7446-KQISO,45,109.75,4900.65,Two year,Fiber optic,No,109.75,45,4938.75,108.90333333333332,High Value,,0.0,Low Risk,High Value Customer
9823-EALYC,72,80.85,5727.45,Two year,DSL,No,80.85,72,5821.2,79.54791666666667,High Value,,0.0,Low Risk,High Value Customer
0582-AVCLN,38,20.3,743.05,Two year,No,No,20.3,38,771.4,19.553947368421053,Low Value,,0.0,Low Risk,Low Priority
5803-NQJZO,72,67.8,4804.65,Two year,DSL,No,67.8,72,4881.599999999999,66.73124999999999,High Value,No,0.015,Low Risk,High Value Customer
2565-JSLRY,1,24.05,24.05,Month-to-month,No,Yes,24.05,1,24.05,24.05,Low Value,,0.0,Low Risk,Low Priority
2607-DHDAK,72,19.8,1414.65,Two year,No,No,19.8,72,1425.6,19.647916666666667,Medium Value,,0.0,Low Risk,Low Priority
1073-XXCZD,55,25.7,1443.65,Two year,No,No,25.7,55,1413.5,26.24818181818182,Medium Value,,0.0,Low Risk,Low Priority
0743-HRVFF,51,56.15,2898.95,One year,DSL,No,56.15,51,2863.65,56.84215686274509,Medium Value,No,0.095,Low Risk,Low Priority
4006-HKYHO,63,86.7,5309.5,Two year,DSL,No,86.7,63,5462.1,84.27777777777777,High Value,,0.0,Low Risk,High Value Customer
3727-JEZTU,1,20.4,20.4,Month-to-month,No,No,20.4,1,20.4,20.4,Low Value,,0.0,Low Risk,Low Priority
8143-ETQTI,23,19.65,451.55,Two year,No,No,19.65,23,451.95,19.632608695652173,Low Value,,0.0,Low Risk,Low Priority
6689-KXGBO,1,50.55,50.55,Month-to-month,DSL,Yes,50.55,1,50.55,50.55,Low Value,,0.0,Low Risk,Low Priority
9667-TKTVZ,2,54.35,117.05,Month-to-month,DSL,No,54.35,2,108.7,58.525,Low Value,,0.0,Low Risk,Low Priority
3657-COGMW,52,108.1,5839.3,Month-to-month,Fiber optic,No,108.1,52,5621.2,112.29423076923078,High Value,,0.0,Low Risk,High Value Customer
8570-KLJYJ,36,54.45,1893.5,One year,DSL,No,54.45,36,1960.2,52.59722222222222,Medium Value,No,0.02,Low Risk,Low Priority
7754-IXRMC,1,45.35,45.35,Month-to-month,DSL,No,45.35,1,45.35,45.35,Low Value,,0.0,Low Risk,Low Priority
9473-CBZOP,28,59.0,1654.45,One year,DSL,No,59.0,28,1652.0,59.0875,Medium Value,No,0.06,Low Risk,Low Priority
2969-WGHQO,7,69.45,477.05,One year,DSL,No,69.45,7,486.15,68.15,Low Value,No,0.145,Low Risk,Low Priority
6615-NGGZJ,14,100.55,1415.55,Month-to-month,Fiber optic,Yes,100.55,14,1407.7,101.11071428571428,Medium Value,,0.0,Low Risk,Low Priority
4334-HOWRP,72,64.95,4546.0,Two year,DSL,No,64.95,72,4676.400000000001,63.138888888888886,High Value,,0.0,Low Risk,High Value Customer
4255-DDUOU,1,20.5,20.5,Month-to-month,No,Yes,20.5,1,20.5,20.5,Low Value,,0.0,Low Risk,Low Priority
5863-OOKCL,10,18.85,163.2,Month-to-month,No,No,18.85,10,188.5,16.32,Low Value,No,0.045,Low Risk,Low Priority
1686-STUHN,42,19.8,849.9,One year,No,No,19.8,42,831.6,20.235714285714284,Low Value,,0.0,Low Risk,Low Priority
1329-VHWNP,7,25.05,189.95,Month-to-month,DSL,No,25.05,7,175.35,27.135714285714283,Low Value,,0.0,Low Risk,Low Priority
2984-MIIZL,4,74.8,321.9,Month-to-month,Fiber optic,Yes,74.8,4,299.2,80.475,Low Value,,0.0,Low Risk,Low Priority
0266-GMEAO,72,114.3,8058.55,Two year,Fiber optic,No,114.3,72,8229.6,111.92430555555556,Very High Value,,0.0,Low Risk,VIP Customer
5590-YRFJT,20,24.45,482.8,Month-to-month,DSL,Yes,24.45,20,489.0,24.14,Low Value,,0.0,Low Risk,Low Priority
5574-NXZIU,63,109.2,7049.75,Two year,Fiber optic,No,109.2,63,6879.6,111.90079365079364,Very High Value,No,0.12,Low Risk,VIP Customer
0019-GFNTW,56,45.05,2560.1,Two year,DSL,No,45.05,56,2522.8,45.71607142857143,Medium Value,,0.0,Low Risk,Low Priority
4256-ZWTZI,5,51.0,286.8,Month-to-month,DSL,No,51.0,5,255.0,57.36,Low Value,No,0.28,Low Risk,Low Priority
8309-PPCED,72,110.45,7982.5,Two year,Fiber optic,No,110.45,72,7952.400000000001,110.86805555555556,Very High Value,,0.0,Low Risk,VIP Customer
4098-NAUKP,68,84.65,5683.6,Month-to-month,Fiber optic,No,84.65,68,5756.200000000001,83.58235294117648,High Value,,0.0,Low Risk,High Value Customer
5196-WPYOW,67,60.05,3994.05,One year,DSL,No,60.05,67,4023.35,59.61268656716418,High Value,,0.0,Low Risk,High Value Customer
4608-LCIMN,8,44.65,369.15,Month-to-month,DSL,No,44.65,8,357.2,46.14375,Low Value,,0.0,Low Risk,Low Priority
1485-YDHMM,52,93.25,4631.7,Month-to-month,Fiber optic,No,93.25,52,4849.0,89.07115384615385,High Value,,0.0,Low Risk,High Value Customer
4054-CUMIA,18,20.25,401.95,Month-to-month,No,No,20.25,18,364.5,22.33055555555556,Low Value,,0.0,Low Risk,Low Priority
0603-TPMIB,59,25.45,1534.05,Two year,No,No,25.45,59,1501.55,26.00084745762712,Medium Value,,0.0,Low Risk,Low Priority
2525-GVKQU,60,20.6,1093.0,Two year,No,No,20.6,60,1236.0,18.216666666666665,Medium Value,No,0.02,Low Risk,Low Priority
8161-QYMTT,7,94.1,701.3,Month-to-month,Fiber optic,No,94.1,7,658.6999999999999,100.18571428571428,Low Value,Yes,0.925,High Risk,Churn Risk
9581-GVBXT,59,34.8,1980.3,One year,DSL,No,34.8,59,2053.2,33.56440677966101,Medium Value,,0.0,Low Risk,Low Priority
5862-BRIXZ,46,60.75,2893.4,Two year,DSL,No,60.75,46,2794.5,62.9,Medium Value,,0.0,Low Risk,Low Priority
5404-GGUKR,5,51.35,262.3,Month-to-month,DSL,No,51.35,5,256.75,52.46,Low Value,,0.0,Low Risk,Low Priority
3308-JSGML,59,64.05,3886.85,Two year,DSL,No,64.05,59,3778.95,65.87881355932203,High Value,,0.0,Low Risk,High Value Customer
2126-GSEGL,70,84.8,5917.55,Two year,DSL,No,84.8,70,5936.0,84.53642857142857,High Value,,0.0,Low Risk,High Value Customer
3677-TNKIO,14,71.0,914.0,Month-to-month,Fiber optic,Yes,71.0,14,994.0,65.28571428571429,Low Value,,0.0,Low Risk,Low Priority
0440-QEXBZ,44,50.15,2139.1,Month-to-month,DSL,No,50.15,44,2206.6,48.61590909090909,Medium Value,No,0.165,Low Risk,Low Priority
2434-EEVDB,64,94.6,5948.7,Two year,Fiber optic,No,94.6,64,6054.4,92.9484375,Very High Value,,0.0,Low Risk,VIP Customer
6762-QVYJO,58,59.75,3624.35,Two year,DSL,No,59.75,58,3465.5,62.48879310344827,High Value,,0.0,Low Risk,High Value Customer
6199-IWKGC,46,100.25,4753.85,One year,Fiber optic,No,100.25,46,4611.5,103.3445652173913,High Value,,0.0,Low Risk,High Value Customer
2675-DHUTR,58,98.9,5780.7,Month-to-month,Fiber optic,No,98.9,58,5736.200000000001,99.66724137931034,High Value,,0.0,Low Risk,High Value Customer
8152-VETUR,72,97.7,6869.7,Two year,Fiber optic,No,97.7,72,7034.400000000001,95.4125,Very High Value,,0.0,Low Risk,VIP Customer
9667-EQRXU,30,40.3,1172.95,Month-to-month,DSL,Yes,40.3,30,1209.0,39.098333333333336,Medium Value,,0.0,Low Risk,Low Priority
7446-YPODE,11,60.25,662.95,Month-to-month,DSL,No,60.25,11,662.75,60.26818181818182,Low Value,,0.0,Low Risk,Low Priority
9522-BNTHX,34,56.25,1765.95,Month-to-month,DSL,No,56.25,34,1912.5,51.93970588235294,Medium Value,,0.0,Low Risk,Low Priority
4676-WLUHT,54,46.2,2431.95,Two year,DSL,No,46.2,54,2494.8,45.036111111111104,Medium Value,,0.0,Low Risk,Low Priority
3329-WDIOK,3,50.6,155.35,Month-to-month,DSL,Yes,50.6,3,151.8,51.78333333333333,Low Value,,0.0,Low Risk,Low Priority
7980-MHFLQ,72,24.9,1859.2,Two year,No,No,24.9,72,1792.8,25.822222222222223,Medium Value,,0.0,Low Risk,Low Priority
2873-ZLIWT,40,84.85,3303.05,Month-to-month,Fiber optic,Yes,84.85,40,3394.0,82.57625,High Value,,0.0,Low Risk,High Value Customer
3415-TAILE,2,65.7,134.35,Month-to-month,DSL,Yes,65.7,2,131.4,67.175,Low Value,,0.0,Low Risk,Low Priority
0757-WCUUZ,54,63.35,3409.1,Two year,DSL,No,63.35,54,3420.9,63.13148148148148,High Value,,0.0,Low Risk,High Value Customer
1629-DQQVB,14,50.1,709.5,Month-to-month,DSL,No,50.1,14,701.4,50.67857142857143,Low Value,No,0.165,Low Risk,Low Priority
1915-IOFGU,1,70.5,70.5,Month-to-month,Fiber optic,Yes,70.5,1,70.5,70.5,Low Value,,0.0,Low Risk,Low Priority
3045-XETSH,10,94.85,953.45,Month-to-month,Fiber optic,Yes,94.85,10,948.5,95.345,Low Value,,0.0,Low Risk,Low Priority
0374-AACSZ,1,50.15,50.15,Month-to-month,DSL,No,50.15,1,50.15,50.15,Low Value,,0.0,Low Risk,Low Priority
7239-HZZCX,1,19.75,19.75,Month-to-month,No,Yes,19.75,1,19.75,19.75,Low Value,No,0.3387,Low Risk,Low Priority
4872-VXRIL,56,64.65,3665.55,One year,DSL,No,64.65,56,3620.400000000001,65.45625,High Value,,0.0,Low Risk,High Value Customer
9140-CZQZZ,68,79.6,5515.8,Two year,DSL,No,79.6,68,5412.799999999999,81.11470588235295,High Value,,0.0,Low Risk,High Value Customer
3423-HHXAO,14,19.5,272.0,One year,No,No,19.5,14,273.0,19.428571428571427,Low Value,,0.0,Low Risk,Low Priority
9938-TKDGL,68,99.55,6668.0,Two year,Fiber optic,No,99.55,68,6769.4,98.05882352941175,Very High Value,,0.0,Low Risk,VIP Customer
0531-ZZJWQ,55,74.0,4052.4,Month-to-month,Fiber optic,No,74.0,55,4070.0,73.68,High Value,No,0.46,Medium Risk,High Value Customer
6537-QLGEX,16,38.9,664.4,Month-to-month,DSL,No,38.9,16,622.4,41.525,Low Value,,0.0,Low Risk,Low Priority
2688-BHGOG,9,79.55,718.55,Month-to-month,Fiber optic,No,79.55,9,715.9499999999999,79.83888888888889,Low Value,,0.0,Low Risk,Low Priority
7683-CBDKJ,14,65.45,937.6,Month-to-month,DSL,Yes,65.45,14,916.3,66.97142857142858,Low Value,,0.0,Low Risk,Low Priority
0946-CLJTI,58,98.7,5812.6,Month-to-month,Fiber optic,Yes,98.7,58,5724.6,100.21724137931037,High Value,,0.0,Low Risk,High Value Customer
3160-TYXLT,53,46.3,2546.85,Month-to-month,DSL,No,46.3,53,2453.9,48.053773584905656,Medium Value,,0.0,Low Risk,Low Priority
1325-USMEC,70,99.35,6944.5,Two year,Fiber optic,No,99.35,70,6954.5,99.20714285714286,Very High Value,,0.0,Low Risk,VIP Customer
0916-QOFDP,14,95.8,1346.3,Month-to-month,Fiber optic,No,95.8,14,1341.2,96.16428571428573,Medium Value,,0.0,Low Risk,Low Priority
0628-CNQRM,22,67.5,1544.05,One year,DSL,Yes,67.5,22,1485.0,70.18409090909091,Medium Value,No,0.085,Low Risk,Low Priority
5606-AMZBO,10,78.15,765.15,Month-to-month,Fiber optic,No,78.15,10,781.5,76.515,Low Value,No,0.48,Medium Risk,Monitor
6199-IPCAO,29,26.1,692.55,Two year,No,No,26.1,29,756.9000000000001,23.88103448275862,Low Value,,0.0,Low Risk,Low Priority
7665-TOALD,1,69.6,69.6,Month-to-month,Fiber optic,Yes,69.6,1,69.6,69.6,Low Value,,0.0,Low Risk,Low Priority
0112-QWPNC,49,84.35,4059.35,One year,DSL,Yes,84.35,49,4133.15,82.84387755102041,High Value,,0.0,Low Risk,High Value Customer
0324-BRPCJ,68,100.2,6851.65,Month-to-month,Fiber optic,Yes,100.2,68,6813.6,100.7595588235294,Very High Value,,0.0,Low Risk,VIP Customer
2777-PHDEI,1,78.05,78.05,Month-to-month,Fiber optic,Yes,78.05,1,78.05,78.05,Low Value,,0.0,Low Risk,Low Priority
5640-CAXOA,30,40.35,1187.05,One year,DSL,No,40.35,30,1210.5,39.568333333333335,Medium Value,,0.0,Low Risk,Low Priority
2235-EZAIK,72,79.2,5401.9,Two year,DSL,No,79.2,72,5702.400000000001,75.02638888888889,High Value,,0.0,Low Risk,High Value Customer
3847-BAERP,10,20.9,247.0,Month-to-month,No,No,20.9,10,209.0,24.7,Low Value,No,0.0311,Low Risk,Low Priority
1196-AMORA,7,73.6,520.0,Month-to-month,Fiber optic,Yes,73.6,7,515.1999999999999,74.28571428571429,Low Value,,0.0,Low Risk,Low Priority
4282-YMKNA,9,74.75,706.6,Month-to-month,Fiber optic,Yes,74.75,9,672.75,78.51111111111112,Low Value,,0.0,Low Risk,Low Priority
1453-RZFON,1,49.9,49.9,Month-to-month,DSL,No,49.9,1,49.9,49.9,Low Value,,0.0,Low Risk,Low Priority
8263-OKETD,20,68.9,1370.35,Month-to-month,DSL,No,68.9,20,1378.0,68.5175,Medium Value,,0.0,Low Risk,Low Priority
0670-KDOMA,1,20.25,20.25,Month-to-month,No,No,20.25,1,20.25,20.25,Low Value,,0.0,Low Risk,Low Priority
2476-YGEFM,29,76.0,2215.25,Month-to-month,Fiber optic,No,76.0,29,2204.0,76.38793103448276,Medium Value,,0.0,Low Risk,Low Priority
8687-BAFGU,1,74.0,74.0,Month-to-month,Fiber optic,No,74.0,1,74.0,74.0,Low Value,,0.0,Low Risk,Low Priority
0641-EVBOJ,3,82.3,214.4,Month-to-month,Fiber optic,No,82.3,3,246.9,71.46666666666667,Low Value,,0.0,Low Risk,Low Priority
0829-XXPLX,20,89.4,1871.15,Month-to-month,Fiber optic,No,89.4,20,1788.0,93.5575,Medium Value,,0.0,Low Risk,Low Priority
9974-JFBHQ,64,99.15,6171.2,Month-to-month,Fiber optic,No,99.15,64,6345.6,96.425,Very High Value,,0.0,Low Risk,VIP Customer
5356-RHIPP,1,20.2,20.2,Month-to-month,No,Yes,20.2,1,20.2,20.2,Low Value,,0.0,Low Risk,Low Priority
6624-JDRDS,6,29.45,161.45,Month-to-month,DSL,No,29.45,6,176.7,26.90833333333333,Low Value,,0.0,Low Risk,Low Priority
0608-JDVEC,50,19.8,1013.2,Two year,No,No,19.8,50,990.0,20.264,Low Value,No,0.005,Low Risk,Low Priority
9780-FKVVF,6,59.15,336.7,Month-to-month,DSL,No,59.15,6,354.9,56.11666666666667,Low Value,,0.0,Low Risk,Low Priority
1919-RTPQD,7,44.75,333.65,Month-to-month,DSL,No,44.75,7,313.25,47.66428571428571,Low Value,,0.0,Low Risk,Low Priority
5214-NLTIT,72,90.8,6511.8,Two year,Fiber optic,No,90.8,72,6537.599999999999,90.44166666666666,Very High Value,,0.0,Low Risk,VIP Customer
3345-PBBFH,8,49.55,393.45,Month-to-month,DSL,No,49.55,8,396.4,49.18125,Low Value,,0.0,Low Risk,Low Priority
5055-BRMNE,67,106.7,7009.5,Two year,Fiber optic,No,106.7,67,7148.900000000001,104.61940298507464,Very High Value,,0.0,Low Risk,VIP Customer
9189-JWSHV,24,93.55,2264.05,Month-to-month,Fiber optic,Yes,93.55,24,2245.2,94.33541666666667,Medium Value,,0.0,Low Risk,Low Priority
2190-PHBHR,72,94.45,6921.7,Two year,Fiber optic,No,94.45,72,6800.400000000001,96.13472222222222,Very High Value,,0.0,Low Risk,VIP Customer
2650-GYRYL,33,19.45,600.25,One year,No,No,19.45,33,641.85,18.189393939393938,Low Value,,0.0,Low Risk,Low Priority
0746-JTRFU,2,25.05,56.35,Month-to-month,DSL,Yes,25.05,2,50.1,28.175,Low Value,,0.0,Low Risk,Low Priority
5208-FVQKB,70,67.95,4664.15,Two year,DSL,No,67.95,70,4756.5,66.63071428571428,High Value,,0.0,Low Risk,High Value Customer
7184-LRUUR,22,65.25,1441.8,One year,DSL,No,65.25,22,1435.5,65.53636363636363,Medium Value,,0.0,Low Risk,Low Priority
6627-CFOSN,59,99.45,5623.7,Month-to-month,Fiber optic,No,99.45,59,5867.55,95.31694915254236,High Value,,0.0,Low Risk,High Value Customer
3982-JGSFD,36,20.35,695.85,One year,No,No,20.35,36,732.6,19.329166666666666,Low Value,No,0.0,Low Risk,Low Priority
1574-DYCWE,51,19.95,1028.75,Two year,No,No,19.95,51,1017.45,20.17156862745098,Medium Value,No,0.0,Low Risk,Low Priority
7247-XOZPB,53,77.4,4155.95,One year,DSL,No,77.4,53,4102.200000000001,78.41415094339622,High Value,,0.0,Low Risk,High Value Customer
2466-FCCPT,20,19.7,395.6,One year,No,No,19.7,20,394.0,19.78,Low Value,,0.0,Low Risk,Low Priority
6211-WWLTF,63,99.7,6330.4,Two year,Fiber optic,No,99.7,63,6281.1,100.48253968253968,Very High Value,,0.0,Low Risk,VIP Customer
4826-TZEVA,40,74.8,2971.7,Month-to-month,Fiber optic,No,74.8,40,2992.0,74.29249999999999,Medium Value,,0.0,Low Risk,Low Priority
6016-NXBNJ,35,19.15,638.0,One year,No,No,19.15,35,670.25,18.228571428571428,Low Value,,0.0,Low Risk,Low Priority
9138-EFSMO,26,78.95,2034.25,One year,Fiber optic,No,78.95,26,2052.7000000000003,78.24038461538461,Medium Value,No,0.18,Low Risk,Low Priority
0576-WNXXC,27,95.55,2510.2,Month-to-month,Fiber optic,Yes,95.55,27,2579.85,92.97037037037036,Medium Value,Yes,0.6,Medium Risk,Monitor
4632-XJMEX,53,62.85,3419.5,One year,DSL,No,62.85,53,3331.05,64.51886792452831,High Value,,0.0,Low Risk,High Value Customer
8910-LEDAG,34,71.55,2427.35,Month-to-month,Fiber optic,No,71.55,34,2432.7,71.39264705882353,Medium Value,,0.0,Low Risk,Low Priority
3452-GWUIN,19,94.95,1760.25,Month-to-month,Fiber optic,No,94.95,19,1804.05,92.64473684210526,Medium Value,,0.0,Low Risk,Low Priority
2716-GFZOR,43,86.1,3551.65,Month-to-month,Fiber optic,No,86.1,43,3702.3,82.59651162790698,High Value,,0.0,Low Risk,High Value Customer
3724-UCSHY,6,19.55,122.9,Month-to-month,No,No,19.55,6,117.3,20.48333333333333,Low Value,,0.0,Low Risk,Low Priority
8626-XHBIE,56,24.8,1424.2,Two year,No,No,24.8,56,1388.8,25.432142857142857,Medium Value,,0.0,Low Risk,Low Priority
4628-CTTLA,57,39.3,2111.45,Month-to-month,DSL,Yes,39.3,57,2240.1,37.04298245614035,Medium Value,,0.0,Low Risk,Low Priority
3192-LNKRK,34,84.05,2909.95,Month-to-month,Fiber optic,No,84.05,34,2857.7,85.58676470588235,Medium Value,,0.0,Low Risk,Low Priority
4439-YRNVD,10,36.25,374.0,Month-to-month,DSL,No,36.25,10,362.5,37.4,Low Value,,0.0,Low Risk,Low Priority
2876-VBBBL,1,20.25,20.25,Month-to-month,No,Yes,20.25,1,20.25,20.25,Low Value,,0.0,Low Risk,Low Priority
6834-NXDCA,13,23.9,300.8,Month-to-month,DSL,Yes,23.9,13,310.7,23.138461538461534,Low Value,Yes,0.56,Medium Risk,Monitor
2208-UGTGR,56,98.6,5581.05,Month-to-month,Fiber optic,No,98.6,56,5521.599999999999,99.66160714285716,High Value,,0.0,Low Risk,High Value Customer
3005-TYFRD,55,103.65,5676.65,Month-to-month,Fiber optic,No,103.65,55,5700.75,103.21181818181816,High Value,,0.0,Low Risk,High Value Customer
8670-MEFCP,36,92.9,3379.25,Two year,DSL,No,92.9,36,3344.4,93.86805555555556,High Value,,0.0,Low Risk,High Value Customer
3079-BCHLN,47,19.9,942.95,One year,No,No,19.9,47,935.3,20.06276595744681,Low Value,,0.0,Low Risk,Low Priority
7777-UNYHB,12,20.1,232.4,Month-to-month,No,No,20.1,12,241.2,19.366666666666667,Low Value,,0.0,Low Risk,Low Priority
5597-GLBUC,1,85.45,85.45,Month-to-month,Fiber optic,Yes,85.45,1,85.45,85.45,Low Value,,0.0,Low Risk,Low Priority
7278-CKDNC,24,80.5,2088.45,Month-to-month,Fiber optic,No,80.5,24,1932.0,87.01875,Medium Value,Yes,0.81,High Risk,Churn Risk
2748-MYRVK,63,99.9,6137.0,One year,Fiber optic,Yes,99.9,63,6293.700000000001,97.41269841269842,Very High Value,No,0.12,Low Risk,VIP Customer
8450-UYIBU,35,39.85,1434.6,Month-to-month,DSL,No,39.85,35,1394.75,40.98857142857143,Medium Value,,0.0,Low Risk,Low Priority
2969-VAPYH,67,60.5,3870.0,One year,DSL,No,60.5,67,4053.5,57.76119402985075,High Value,,0.0,Low Risk,High Value Customer
4822-YCXMX,25,84.8,2043.45,Month-to-month,Fiber optic,Yes,84.8,25,2120.0,81.738,Medium Value,,0.0,Low Risk,Low Priority
7181-OQCUT,21,103.85,2215.0,Month-to-month,Fiber optic,No,103.85,21,2180.85,105.47619047619048,Medium Value,No,0.395,Low Risk,Low Priority
8474-UMLNT,13,67.8,842.25,Month-to-month,DSL,No,67.8,13,881.4,64.78846153846153,Low Value,,0.0,Low Risk,Low Priority
9821-POOTN,35,75.2,2576.2,Month-to-month,Fiber optic,Yes,75.2,35,2632.0,73.60571428571428,Medium Value,,0.0,Low Risk,Low Priority
3836-FZSDJ,71,24.85,1901.0,Two year,No,No,24.85,71,1764.35,26.774647887323944,Medium Value,No,0.0,Low Risk,Low Priority
9142-XMYJH,29,19.35,601.6,Month-to-month,No,No,19.35,29,561.1500000000001,20.7448275862069,Low Value,No,0.04,Low Risk,Low Priority
6559-ILWKJ,71,49.35,3515.25,Two year,DSL,Yes,49.35,71,3503.85,49.51056338028169,High Value,,0.0,Low Risk,High Value Customer
0187-QSXOE,7,89.0,605.45,Month-to-month,Fiber optic,No,89.0,7,623.0,86.49285714285715,Low Value,,0.0,Low Risk,Low Priority
7733-UDMTP,57,55.0,3094.05,Month-to-month,DSL,No,55.0,57,3135.0,54.28157894736842,High Value,No,0.35,Low Risk,High Value Customer
2649-HWLYB,65,76.15,4929.55,Two year,DSL,No,76.15,65,4949.75,75.83923076923077,High Value,No,0.045,Low Risk,High Value Customer
5214-CHIWJ,27,20.3,595.05,One year,No,No,20.3,27,548.1,22.038888888888888,Low Value,,0.0,Low Risk,Low Priority
4229-CZMLL,6,74.9,469.8,Month-to-month,Fiber optic,Yes,74.9,6,449.4,78.3,Low Value,Yes,0.76,High Risk,Churn Risk
6904-JLBGY,72,117.35,8436.25,Two year,Fiber optic,No,117.35,72,8449.199999999999,117.17013888888889,Very High Value,,0.0,Low Risk,VIP Customer
2465-BLLEU,1,19.75,19.75,Month-to-month,No,No,19.75,1,19.75,19.75,Low Value,,0.0,Low Risk,Low Priority
1685-VAYJF,11,45.2,492.0,Month-to-month,DSL,No,45.2,11,497.2000000000001,44.72727272727273,Low Value,,0.0,Low Risk,Low Priority
8874-EJNSR,39,25.2,987.95,Two year,No,No,25.2,39,982.8,25.33205128205128,Low Value,,0.0,Low Risk,Low Priority
6917-YACBP,59,89.75,5496.9,Month-to-month,Fiber optic,No,89.75,59,5295.25,93.16779661016948,High Value,,0.0,Low Risk,High Value Customer
5049-MUBWG,26,75.0,1908.35,One year,DSL,No,75.0,26,1950.0,73.39807692307691,Medium Value,No,0.085,Low Risk,Low Priority
4223-WOZCM,2,49.95,107.1,Month-to-month,DSL,No,49.95,2,99.9,53.55,Low Value,Yes,0.585,Medium Risk,Monitor
0769-MURVM,72,65.7,4575.35,Two year,DSL,No,65.7,72,4730.400000000001,63.54652777777778,High Value,No,0.005,Low Risk,High Value Customer
9253-VIFJQ,65,67.05,4309.55,One year,DSL,No,67.05,65,4358.25,66.30076923076923,High Value,,0.0,Low Risk,High Value Customer
7030-FZTFM,72,110.9,7922.75,Two year,Fiber optic,No,110.9,72,7984.8,110.03819444444444,Very High Value,,0.0,Low Risk,VIP Customer
9741-YLNTD,6,87.95,522.35,Month-to-month,Fiber optic,No,87.95,6,527.7,87.05833333333334,Low Value,Yes,0.565,Medium Risk,Monitor
5917-RYRMG,32,19.8,587.7,One year,No,No,19.8,32,633.6,18.365625,Low Value,No,0.005,Low Risk,Low Priority
5120-ZBLAI,50,75.7,3876.2,One year,DSL,No,75.7,50,3785.0,77.524,High Value,,0.0,Low Risk,High Value Customer
1194-BHJYC,61,62.15,3778.85,Two year,DSL,No,62.15,61,3791.15,61.9483606557377,High Value,,0.0,Low Risk,High Value Customer
3663-MITLP,15,101.25,1457.25,Month-to-month,Fiber optic,Yes,101.25,15,1518.75,97.15,Medium Value,,0.0,Low Risk,Low Priority
0906-QVPMS,72,115.15,8349.45,Two year,Fiber optic,No,115.15,72,8290.800000000001,115.96458333333334,Very High Value,,0.0,Low Risk,VIP Customer
9025-ZRPVR,9,18.95,185.6,Month-to-month,No,Yes,18.95,9,170.54999999999998,20.62222222222222,Low Value,No,0.105,Low Risk,Low Priority
1905-OEILC,1,19.5,19.5,Month-to-month,No,No,19.5,1,19.5,19.5,Low Value,,0.0,Low Risk,Low Priority
7858-GTZSP,12,86.55,1066.9,Month-to-month,Fiber optic,No,86.55,12,1038.6,88.90833333333335,Medium Value,,0.0,Low Risk,Low Priority
3285-UCQVC,37,28.6,973.55,Month-to-month,DSL,Yes,28.6,37,1058.2,26.31216216216216,Medium Value,,0.0,Low Risk,Low Priority
6248-BSHKG,61,20.4,1226.45,One year,No,No,20.4,61,1244.4,20.105737704918035,Medium Value,No,0.01,Low Risk,Low Priority
4685-TFLLS,18,19.8,342.3,One year,No,No,19.8,18,356.40000000000003,19.016666666666666,Low Value,,0.0,Low Risk,Low Priority
3470-BTGQO,21,45.65,985.05,Month-to-month,DSL,No,45.65,21,958.65,46.90714285714286,Low Value,,0.0,Low Risk,Low Priority
1209-VFFOC,68,56.4,3948.45,Two year,DSL,No,56.4,68,3835.2,58.065441176470586,High Value,,0.0,Low Risk,High Value Customer
8224-DWCKX,12,73.3,828.05,Month-to-month,Fiber optic,No,73.3,12,879.5999999999999,69.00416666666666,Low Value,,0.0,Low Risk,Low Priority
5482-PLVPE,2,24.35,41.85,Month-to-month,DSL,Yes,24.35,2,48.7,20.925,Low Value,,0.0,Low Risk,Low Priority
4553-DVPZG,62,101.35,6164.7,Month-to-month,Fiber optic,No,101.35,62,6283.7,99.43064516129031,Very High Value,,0.0,Low Risk,VIP Customer
4902-OHLSK,29,98.65,2862.75,Month-to-month,Fiber optic,Yes,98.65,29,2860.8500000000004,98.71551724137932,Medium Value,,0.0,Low Risk,Low Priority
6917-IAYHD,1,33.6,33.6,Month-to-month,DSL,No,33.6,1,33.6,33.6,Low Value,,0.0,Low Risk,Low Priority
0495-ZBNGW,5,79.9,343.95,Month-to-month,Fiber optic,Yes,79.9,5,399.5,68.78999999999999,Low Value,,0.0,Low Risk,Low Priority
8620-RJPZN,1,20.7,20.7,Month-to-month,No,No,20.7,1,20.7,20.7,Low Value,No,0.1895,Low Risk,Low Priority
7572-KPVKK,62,104.05,6590.5,Two year,Fiber optic,No,104.05,62,6451.099999999999,106.2983870967742,Very High Value,No,0.26,Low Risk,VIP Customer
2642-MAWLJ,36,20.25,717.95,Two year,No,No,20.25,36,729.0,19.94305555555556,Low Value,,0.0,Low Risk,Low Priority
2357-COQEK,28,103.3,2890.65,Month-to-month,Fiber optic,Yes,103.3,28,2892.4,103.2375,Medium Value,,0.0,Low Risk,Low Priority
7103-ZGVNT,69,73.7,4885.85,One year,DSL,No,73.7,69,5085.3,70.80942028985508,High Value,,0.0,Low Risk,High Value Customer
3737-GCSPV,11,96.2,1222.05,Month-to-month,Fiber optic,Yes,96.2,11,1058.2,111.09545454545454,Medium Value,,0.0,Low Risk,Low Priority
2027-WKXMW,63,108.75,6871.7,Month-to-month,Fiber optic,No,108.75,63,6851.25,109.07460317460315,Very High Value,,0.0,Low Risk,VIP Customer
7137-NAXML,23,20.15,405.6,One year,No,No,20.15,23,463.45,17.63478260869565,Low Value,,0.0,Low Risk,Low Priority
2428-ZMCTB,10,19.75,208.25,Month-to-month,No,No,19.75,10,197.5,20.825,Low Value,No,0.045,Low Risk,Low Priority
2961-VNFKL,71,25.95,1801.9,Two year,No,No,25.95,71,1842.45,25.378873239436626,Medium Value,,0.0,Low Risk,Low Priority
1768-HNVGJ,45,70.05,3062.45,Month-to-month,DSL,No,70.05,45,3152.25,68.05444444444444,High Value,,0.0,Low Risk,High Value Customer
6963-KQYQB,70,24.05,1764.75,Two year,No,No,24.05,70,1683.5,25.210714285714285,Medium Value,,0.0,Low Risk,Low Priority
5934-RMPOV,22,84.75,1816.75,Month-to-month,Fiber optic,No,84.75,22,1864.5,82.57954545454545,Medium Value,,0.0,Low Risk,Low Priority
1207-BLKSA,52,23.05,1255.1,Two year,No,No,23.05,52,1198.6,24.13653846153846,Medium Value,,0.0,Low Risk,Low Priority
4088-YLDSU,55,104.15,5743.05,One year,Fiber optic,Yes,104.15,55,5728.25,104.41909090909093,High Value,,0.0,Low Risk,High Value Customer
8316-BBQAY,65,59.95,3921.1,Two year,DSL,No,59.95,65,3896.75,60.324615384615385,High Value,,0.0,Low Risk,High Value Customer
1166-PQLGG,72,19.55,1463.45,Two year,No,No,19.55,72,1407.6,20.325694444444444,Medium Value,No,0.0,Low Risk,Low Priority
3146-JTQHR,10,19.6,189.45,One year,No,No,19.6,10,196.0,18.945,Low Value,,0.0,Low Risk,Low Priority
4291-YZODP,7,20.05,96.8,One year,No,No,20.05,7,140.35,13.828571428571427,Low Value,,0.0,Low Risk,Low Priority
4395-PZMSN,5,85.55,408.5,Month-to-month,Fiber optic,No,85.55,5,427.75,81.7,Low Value,,0.0,Low Risk,Low Priority
6427-FEFIG,24,78.6,1846.65,Two year,DSL,No,78.6,24,1886.4,76.94375000000001,Medium Value,,0.0,Low Risk,Low Priority
0017-IUDMW,72,116.8,8456.75,Two year,Fiber optic,No,116.8,72,8409.6,117.45486111111111,Very High Value,No,0.0,Low Risk,VIP Customer
8706-HRADD,21,43.55,1011.5,Month-to-month,DSL,No,43.55,21,914.55,48.16666666666666,Low Value,,0.0,Low Risk,Low Priority
9955-QOPOY,69,60.8,4263.4,One year,DSL,No,60.8,69,4195.2,61.78840579710145,High Value,,0.0,Low Risk,High Value Customer
4385-ZKVNW,44,54.9,2549.1,Month-to-month,DSL,No,54.9,44,2415.6,57.934090909090905,Medium Value,,0.0,Low Risk,Low Priority
5446-DKWYW,61,65.2,3965.05,One year,DSL,No,65.2,61,3977.2,65.00081967213114,High Value,No,0.12,Low Risk,High Value Customer
2034-CGRHZ,24,102.95,2496.7,Month-to-month,Fiber optic,Yes,102.95,24,2470.8,104.02916666666664,Medium Value,,0.0,Low Risk,Low Priority
5797-APWZC,1,90.6,90.6,Month-to-month,Fiber optic,Yes,90.6,1,90.6,90.6,Low Value,,0.0,Low Risk,Low Priority
3683-QKIUE,6,50.8,288.05,Month-to-month,DSL,Yes,50.8,6,304.79999999999995,48.00833333333333,Low Value,,0.0,Low Risk,Low Priority
4228-ZGYUW,4,90.05,368.1,Month-to-month,Fiber optic,Yes,90.05,4,360.2,92.025,Low Value,,0.0,Low Risk,Low Priority
9031-ZVQPT,72,108.2,7840.6,Two year,Fiber optic,No,108.2,72,7790.400000000001,108.89722222222224,Very High Value,,0.0,Low Risk,VIP Customer
2990-IAJSV,72,92.0,6632.75,Two year,DSL,No,92.0,72,6624.0,92.12152777777776,Very High Value,No,0.005,Low Risk,VIP Customer
8107-KNCIM,14,75.1,1013.35,Month-to-month,Fiber optic,No,75.1,14,1051.4,72.38214285714285,Medium Value,,0.0,Low Risk,Low Priority
9027-YFHQJ,7,25.05,152.95,Month-to-month,No,No,25.05,7,175.35,21.85,Low Value,,0.0,Low Risk,Low Priority
5176-LDKUH,48,75.15,3772.65,One year,Fiber optic,No,75.15,48,3607.2,78.596875,High Value,,0.0,Low Risk,High Value Customer
4644-OBGFZ,55,19.5,1026.35,One year,No,No,19.5,55,1072.5,18.66090909090909,Medium Value,,0.0,Low Risk,Low Priority
7926-IJOOU,1,19.3,19.3,Month-to-month,No,No,19.3,1,19.3,19.3,Low Value,,0.0,Low Risk,Low Priority
6480-YAGIY,45,112.2,5031.85,One year,Fiber optic,No,112.2,45,5049.0,111.81888888888888,High Value,,0.0,Low Risk,High Value Customer
4029-HPFVY,3,70.3,220.4,Month-to-month,Fiber optic,No,70.3,3,210.9,73.46666666666667,Low Value,Yes,0.5825,Medium Risk,Monitor
7602-DBTOU,71,19.6,1416.5,Two year,No,No,19.6,71,1391.6,19.950704225352112,Medium Value,No,0.015,Low Risk,Low Priority
5345-BMKWB,8,20.25,158.35,Month-to-month,No,No,20.25,8,162.0,19.79375,Low Value,,0.0,Low Risk,Low Priority
3519-ZKXGG,3,75.85,256.6,Month-to-month,Fiber optic,Yes,75.85,3,227.55,85.53333333333335,Low Value,Yes,0.745,High Risk,Churn Risk
5457-COLHT,69,80.65,5542.55,Two year,DSL,No,80.65,69,5564.85,80.3268115942029,High Value,No,0.025,Low Risk,High Value Customer
6416-TVAIH,1,68.5,68.5,Month-to-month,Fiber optic,Yes,68.5,1,68.5,68.5,Low Value,,0.0,Low Risk,Low Priority
5451-YHYPW,72,115.75,8443.7,Two year,Fiber optic,No,115.75,72,8334.0,117.27361111111112,Very High Value,,0.0,Low Risk,VIP Customer
5108-ADXWO,11,73.5,791.75,Month-to-month,Fiber optic,Yes,73.5,11,808.5,71.97727272727273,Low Value,,0.0,Low Risk,Low Priority
7998-WNZEM,71,80.6,5708.2,Two year,DSL,No,80.6,71,5722.599999999999,80.39718309859154,High Value,No,0.01,Low Risk,High Value Customer
3066-RRJIO,1,69.95,69.95,Month-to-month,Fiber optic,Yes,69.95,1,69.95,69.95,Low Value,,0.0,Low Risk,Low Priority
4664-NJCMS,33,59.55,2016.3,Two year,DSL,No,59.55,33,1965.15,61.1,Medium Value,,0.0,Low Risk,Low Priority
0307-BCOPK,16,19.05,326.65,One year,No,No,19.05,16,304.8,20.415625,Low Value,No,0.01,Low Risk,Low Priority
7629-WFGLW,56,95.65,5471.75,One year,Fiber optic,No,95.65,56,5356.400000000001,97.70982142857144,High Value,,0.0,Low Risk,High Value Customer
2542-HYGIQ,1,19.95,19.95,Month-to-month,No,No,19.95,1,19.95,19.95,Low Value,,0.0,Low Risk,Low Priority
6715-OFDBP,5,70.05,346.4,Month-to-month,DSL,Yes,70.05,5,350.25,69.28,Low Value,,0.0,Low Risk,Low Priority
5016-LIPDW,57,19.4,1061.6,One year,No,No,19.4,57,1105.8,18.62456140350877,Medium Value,,0.0,Low Risk,Low Priority
6481-LXPWL,56,36.1,1971.5,One year,DSL,No,36.1,56,2021.6,35.205357142857146,Medium Value,,0.0,Low Risk,Low Priority
1567-DSCIC,8,94.0,773.65,Month-to-month,Fiber optic,Yes,94.0,8,752.0,96.70625,Low Value,,0.0,Low Risk,Low Priority
2150-UWTFY,22,61.15,1422.05,Month-to-month,DSL,Yes,61.15,22,1345.3,64.63863636363637,Medium Value,,0.0,Low Risk,Low Priority
6124-ACRHJ,1,19.75,19.75,Month-to-month,No,No,19.75,1,19.75,19.75,Low Value,,0.0,Low Risk,Low Priority
9362-MWODR,40,64.1,2460.35,Month-to-month,DSL,No,64.1,40,2564.0,61.50875,Medium Value,,0.0,Low Risk,Low Priority
9975-GPKZU,46,19.75,856.5,Two year,No,No,19.75,46,908.5,18.619565217391305,Low Value,,0.0,Low Risk,Low Priority
9625-RZFUK,63,19.7,1275.85,Two year,No,No,19.7,63,1241.1,20.2515873015873,Medium Value,,0.0,Low Risk,Low Priority
5153-LXKDT,68,110.2,7467.5,Two year,Fiber optic,No,110.2,68,7493.6,109.81617647058825,Very High Value,,0.0,Low Risk,VIP Customer
5161-UBZXI,69,106.35,7261.75,Two year,Fiber optic,No,106.35,69,7338.15,105.2427536231884,Very High Value,,0.0,Low Risk,VIP Customer
1020-JPQOW,56,90.55,5116.6,Month-to-month,Fiber optic,No,90.55,56,5070.8,91.36785714285716,High Value,,0.0,Low Risk,High Value Customer
7919-ZODZZ,10,65.9,660.05,One year,DSL,No,65.9,10,659.0,66.005,Low Value,No,0.205,Low Risk,Low Priority
0565-JUPYD,63,104.5,6590.8,One year,Fiber optic,No,104.5,63,6583.5,104.61587301587302,Very High Value,,0.0,Low Risk,VIP Customer
6867-ACCZI,24,52.5,1208.15,Two year,DSL,No,52.5,24,1260.0,50.33958333333334,Medium Value,,0.0,Low Risk,Low Priority
5939-XAIXZ,19,56.1,1033.9,Month-to-month,DSL,No,56.1,19,1065.9,54.41578947368421,Medium Value,,0.0,Low Risk,Low Priority
9054-FOWNV,22,88.75,1885.15,Month-to-month,Fiber optic,No,88.75,22,1952.5,85.68863636363636,Medium Value,Yes,0.525,Medium Risk,Monitor
2683-BPJSO,29,84.45,2467.1,Month-to-month,Fiber optic,Yes,84.45,29,2449.05,85.07241379310345,Medium Value,,0.0,Low Risk,Low Priority
2157-MXBJS,13,75.3,989.45,One year,DSL,Yes,75.3,13,978.9,76.11153846153846,Low Value,,0.0,Low Risk,Low Priority
8207-VVMYB,70,26.0,2006.95,Two year,No,No,26.0,70,1820.0,28.670714285714286,Medium Value,No,0.0,Low Risk,Low Priority
9732-EQMWY,49,99.4,5025.0,Month-to-month,Fiber optic,No,99.4,49,4870.6,102.55102040816328,High Value,,0.0,Low Risk,High Value Customer
9360-AHGNL,43,109.55,4830.25,One year,Fiber optic,Yes,109.55,43,4710.65,112.3313953488372,High Value,,0.0,Low Risk,High Value Customer
1087-UDSIH,3,19.6,59.75,Month-to-month,No,Yes,19.6,3,58.8,19.916666666666668,Low Value,No,0.075,Low Risk,Low Priority
5269-NRGDP,42,73.15,3088.25,One year,DSL,No,73.15,42,3072.3,73.5297619047619,High Value,,0.0,Low Risk,High Value Customer
6195-MELTI,57,54.65,3134.7,One year,DSL,No,54.65,57,3115.05,54.99473684210526,High Value,,0.0,Low Risk,High Value Customer
5485-WUYWF,2,66.4,94.55,Month-to-month,DSL,Yes,66.4,2,132.8,47.275,Low Value,,0.0,Low Risk,Low Priority
2121-JAFOM,72,115.55,8312.4,Two year,Fiber optic,No,115.55,72,8319.6,115.45,Very High Value,,0.0,Low Risk,VIP Customer
8818-DOPVL,46,104.45,4863.85,Month-to-month,Fiber optic,No,104.45,46,4804.7,105.7358695652174,High Value,No,0.305,Low Risk,High Value Customer
2632-UCGVD,66,100.05,6871.9,Month-to-month,Fiber optic,Yes,100.05,66,6603.3,104.11969696969696,Very High Value,,0.0,Low Risk,VIP Customer
5445-PZWGX,62,102.0,6529.25,One year,Fiber optic,Yes,102.0,62,6324.0,105.31048387096774,Very High Value,No,0.135,Low Risk,VIP Customer
1227-UDMZR,72,91.15,6637.9,Two year,DSL,No,91.15,72,6562.8,92.19305555555556,Very High Value,No,0.0,Low Risk,VIP Customer
5198-HQAEN,35,89.7,3165.6,One year,Fiber optic,No,89.7,35,3139.5,90.44571428571427,High Value,,0.0,Low Risk,High Value Customer
9170-CCKOU,17,90.2,1454.15,Month-to-month,Fiber optic,Yes,90.2,17,1533.4,85.53823529411765,Medium Value,,0.0,Low Risk,Low Priority
2167-FQSTQ,72,92.4,6786.1,Two year,DSL,No,92.4,72,6652.8,94.2513888888889,Very High Value,,0.0,Low Risk,VIP Customer
2819-GWENI,28,19.9,543.0,One year,No,No,19.9,28,557.1999999999999,19.392857142857142,Low Value,,0.0,Low Risk,Low Priority
1043-YCUTE,56,25.15,1327.15,Two year,No,Yes,25.15,56,1408.4,23.699107142857144,Medium Value,,0.0,Low Risk,Low Priority
3814-MLAXC,31,79.85,2404.15,Month-to-month,Fiber optic,Yes,79.85,31,2475.35,77.55322580645162,Medium Value,,0.0,Low Risk,Low Priority
3572-UUHRS,45,18.85,867.3,One year,No,No,18.85,45,848.2500000000001,19.273333333333333,Low Value,,0.0,Low Risk,Low Priority
2692-PFYTJ,1,25.75,25.75,Month-to-month,No,No,25.75,1,25.75,25.75,Low Value,No,0.1862,Low Risk,Low Priority
1226-UDFZR,2,49.6,114.7,Month-to-month,DSL,Yes,49.6,2,99.2,57.35,Low Value,,0.0,Low Risk,Low Priority
5955-EPOAZ,6,20.95,109.5,Month-to-month,No,No,20.95,6,125.7,18.25,Low Value,,0.0,Low Risk,Low Priority
6821-JPCDC,48,97.05,4692.95,One year,Fiber optic,No,97.05,48,4658.4,97.76979166666666,High Value,,0.0,Low Risk,High Value Customer
8815-LMFLX,25,25.4,546.85,Month-to-month,No,No,25.4,25,635.0,21.874,Low Value,,0.0,Low Risk,Low Priority
9135-HSWOC,64,19.7,1274.05,Two year,No,No,19.7,64,1260.8,19.90703125,Medium Value,No,0.005,Low Risk,Low Priority
8582-KRHPJ,50,35.0,1782.4,Month-to-month,DSL,No,35.0,50,1750.0,35.648,Medium Value,No,0.09,Low Risk,Low Priority
5811-IWXYM,52,101.25,5301.1,One year,Fiber optic,No,101.25,52,5265.0,101.94423076923076,High Value,,0.0,Low Risk,High Value Customer
7044-YAACC,4,70.2,280.35,Month-to-month,Fiber optic,No,70.2,4,280.8,70.0875,Low Value,,0.0,Low Risk,Low Priority
8189-XRIKE,32,90.95,2897.95,Month-to-month,Fiber optic,No,90.95,32,2910.4,90.5609375,Medium Value,,0.0,Low Risk,Low Priority
1506-YJTYT,45,73.85,3371.0,Two year,DSL,No,73.85,45,3323.2499999999995,74.91111111111111,High Value,,0.0,Low Risk,High Value Customer
4123-DVHPH,9,88.05,801.3,Month-to-month,Fiber optic,No,88.05,9,792.4499999999999,89.03333333333333,Low Value,,0.0,Low Risk,Low Priority
6425-YQLLO,66,105.95,6975.25,One year,Fiber optic,Yes,105.95,66,6992.7,105.68560606060606,Very High Value,,0.0,Low Risk,VIP Customer
5442-UTCVD,3,91.85,257.05,Month-to-month,Fiber optic,Yes,91.85,3,275.54999999999995,85.68333333333334,Low Value,,0.0,Low Risk,Low Priority
2228-BZDEE,54,20.1,1079.45,Two year,No,No,20.1,54,1085.4,19.989814814814817,Medium Value,,0.0,Low Risk,Low Priority
7734-DBOAI,1,40.1,40.1,Month-to-month,DSL,Yes,40.1,1,40.1,40.1,Low Value,,0.0,Low Risk,Low Priority
2789-CZANW,64,110.3,6997.3,Two year,Fiber optic,No,110.3,64,7059.2,109.3328125,Very High Value,,0.0,Low Risk,VIP Customer
2091-RFFBA,31,73.9,2217.15,Month-to-month,Fiber optic,Yes,73.9,31,2290.9,71.5209677419355,Medium Value,,0.0,Low Risk,Low Priority
2114-MGINA,14,89.8,1129.1,Month-to-month,Fiber optic,Yes,89.8,14,1257.2,80.64999999999999,Medium Value,,0.0,Low Risk,Low Priority
7596-LDUXP,12,85.15,979.05,One year,Fiber optic,No,85.15,12,1021.8,81.58749999999999,Medium Value,,0.0,Low Risk,Low Priority
3740-RLMVT,67,60.95,4119.4,One year,DSL,No,60.95,67,4083.65,61.48358208955224,High Value,,0.0,Low Risk,High Value Customer
4489-SNOJF,35,72.25,2568.55,Month-to-month,DSL,Yes,72.25,35,2528.75,73.38714285714286,Medium Value,No,0.09,Low Risk,Low Priority
2192-OZITF,45,73.55,3349.1,Two year,DSL,No,73.55,45,3309.75,74.42444444444445,High Value,,0.0,Low Risk,High Value Customer
5651-CPDND,10,46.0,492.1,Month-to-month,DSL,No,46.0,10,460.0,49.21,Low Value,,0.0,Low Risk,Low Priority
2186-QZEYA,29,58.55,1718.95,Month-to-month,DSL,No,58.55,29,1697.9499999999998,59.27413793103448,Medium Value,,0.0,Low Risk,Low Priority
1131-ALZWV,24,24.6,605.25,One year,No,No,24.6,24,590.4000000000001,25.21875,Low Value,No,0.04,Low Risk,Low Priority
7729-XBTWX,66,19.75,1344.5,Two year,No,No,19.75,66,1303.5,20.37121212121212,Medium Value,No,0.02,Low Risk,Low Priority
9134-WYRVP,51,86.35,4267.15,One year,Fiber optic,No,86.35,51,4403.849999999999,83.66960784313724,High Value,,0.0,Low Risk,High Value Customer
3284-SVCRO,45,25.5,1121.05,Two year,No,No,25.5,45,1147.5,24.912222222222223,Medium Value,,0.0,Low Risk,Low Priority
9732-OUYRN,49,19.0,918.7,One year,No,No,19.0,49,931.0,18.748979591836736,Low Value,,0.0,Low Risk,Low Priority
0559-CKHUS,29,19.55,521.8,Two year,No,No,19.55,29,566.95,17.99310344827586,Low Value,No,0.02,Low Risk,Low Priority
2931-SVLTV,40,110.1,4469.1,Month-to-month,Fiber optic,No,110.1,40,4404.0,111.7275,High Value,,0.0,Low Risk,High Value Customer
6899-PPEEA,37,96.55,3580.3,Month-to-month,Fiber optic,Yes,96.55,37,3572.35,96.76486486486488,High Value,Yes,0.605,Medium Risk,High Value Customer
7504-UWHNB,25,69.75,1729.35,Month-to-month,Fiber optic,No,69.75,25,1743.75,69.17399999999999,Medium Value,No,0.415,Medium Risk,Monitor
2582-FFFZR,22,50.6,1073.3,Month-to-month,DSL,No,50.6,22,1113.2,48.78636363636363,Medium Value,,0.0,Low Risk,Low Priority
8908-NMQTX,72,65.6,4566.5,Two year,DSL,No,65.6,72,4723.2,63.42361111111112,High Value,,0.0,Low Risk,High Value Customer
2187-LZGPL,7,40.1,293.3,Month-to-month,DSL,Yes,40.1,7,280.7,41.9,Low Value,,0.0,Low Risk,Low Priority
1431-AIDJQ,33,82.1,2603.1,Two year,DSL,No,82.1,33,2709.3,78.88181818181818,Medium Value,,0.0,Low Risk,Low Priority
6288-LBEAR,23,79.1,1783.75,Month-to-month,Fiber optic,No,79.1,23,1819.3,77.55434782608695,Medium Value,,0.0,Low Risk,Low Priority
4597-NUCQV,24,101.25,2440.15,Month-to-month,Fiber optic,Yes,101.25,24,2430.0,101.67291666666668,Medium Value,,0.0,Low Risk,Low Priority
9019-QVLZD,1,79.55,79.55,Month-to-month,Fiber optic,Yes,79.55,1,79.55,79.55,Low Value,,0.0,Low Risk,Low Priority
8413-YNHNV,69,90.65,6322.1,Two year,DSL,No,90.65,69,6254.85,91.62463768115944,Very High Value,,0.0,Low Risk,VIP Customer
5808-TOTXO,3,20.55,57.4,One year,No,No,20.55,3,61.650000000000006,19.133333333333333,Low Value,No,0.08,Low Risk,Low Priority
4369-NYSCF,56,75.75,4284.65,One year,DSL,No,75.75,56,4242.0,76.51160714285713,High Value,,0.0,Low Risk,High Value Customer
6333-YDVLT,65,110.0,7138.65,One year,Fiber optic,No,110.0,65,7150.0,109.8253846153846,Very High Value,,0.0,Low Risk,VIP Customer
5324-KTGCG,71,20.85,1539.75,One year,No,No,20.85,71,1480.35,21.68661971830986,Medium Value,No,0.06,Low Risk,Low Priority
5599-HVLTW,14,80.35,1058.1,Month-to-month,Fiber optic,No,80.35,14,1124.9,75.57857142857142,Medium Value,,0.0,Low Risk,Low Priority
7394-LWLYN,2,70.15,123.8,Month-to-month,Fiber optic,No,70.15,2,140.3,61.9,Low Value,,0.0,Low Risk,Low Priority
3707-LRWZD,32,84.05,2781.85,One year,Fiber optic,Yes,84.05,32,2689.6,86.9328125,Medium Value,,0.0,Low Risk,Low Priority
6873-UDNLD,40,67.45,2731.0,Month-to-month,DSL,No,67.45,40,2698.0,68.275,Medium Value,,0.0,Low Risk,Low Priority
2700-LUEVA,1,20.75,20.75,Month-to-month,No,No,20.75,1,20.75,20.75,Low Value,No,0.085,Low Risk,Low Priority
1455-ESIQH,1,89.1,89.1,Month-to-month,Fiber optic,Yes,89.1,1,89.1,89.1,Low Value,,0.0,Low Risk,Low Priority
0958-YHXGP,7,69.9,497.3,Month-to-month,Fiber optic,No,69.9,7,489.30000000000007,71.04285714285714,Low Value,Yes,0.5908,Medium Risk,Monitor
1101-SSWAG,15,51.1,711.15,Month-to-month,DSL,No,51.1,15,766.5,47.41,Low Value,,0.0,Low Risk,Low Priority
2979-SXESE,17,94.4,1607.2,Month-to-month,Fiber optic,Yes,94.4,17,1604.8000000000002,94.54117647058824,Medium Value,,0.0,Low Risk,Low Priority
4013-TLDHQ,19,78.25,1490.95,Month-to-month,Fiber optic,Yes,78.25,19,1486.75,78.47105263157896,Medium Value,,0.0,Low Risk,Low Priority
5743-KHMNA,71,25.55,1898.1,Two year,No,No,25.55,71,1814.05,26.73380281690141,Medium Value,,0.0,Low Risk,Low Priority
4194-FJARJ,54,60.0,3273.95,Two year,DSL,No,60.0,54,3240.0,60.6287037037037,High Value,,0.0,Low Risk,High Value Customer
5325-UWTWJ,31,90.55,2929.75,Month-to-month,Fiber optic,No,90.55,31,2807.05,94.50806451612904,Medium Value,,0.0,Low Risk,Low Priority
3969-GYXEL,11,76.4,838.7,Month-to-month,Fiber optic,No,76.4,11,840.4000000000001,76.24545454545455,Low Value,,0.0,Low Risk,Low Priority
9208-OLGAQ,18,84.95,1443.65,Month-to-month,Fiber optic,No,84.95,18,1529.1,80.20277777777778,Medium Value,,0.0,Low Risk,Low Priority
3244-CQPHU,72,110.1,7746.7,Two year,Fiber optic,No,110.1,72,7927.2,107.59305555555557,Very High Value,,0.0,Low Risk,VIP Customer
2674-MLXMN,71,99.65,6951.15,Month-to-month,Fiber optic,No,99.65,71,7075.150000000001,97.90352112676057,Very High Value,,0.0,Low Risk,VIP Customer
9708-HPXWZ,5,45.4,214.75,Month-to-month,DSL,No,45.4,5,227.0,42.95,Low Value,,0.0,Low Risk,Low Priority
6992-TKNYO,38,69.0,2669.45,One year,DSL,No,69.0,38,2622.0,70.2486842105263,Medium Value,,0.0,Low Risk,Low Priority
4468-YDOVK,5,48.65,235.2,Month-to-month,DSL,No,48.65,5,243.25,47.04,Low Value,No,0.4,Medium Risk,Monitor
3754-DXMRT,2,44.15,92.65,Month-to-month,DSL,Yes,44.15,2,88.3,46.325,Low Value,,0.0,Low Risk,Low Priority
5792-JALQC,52,59.85,3103.25,Two year,DSL,No,59.85,52,3112.2000000000003,59.67788461538461,High Value,,0.0,Low Risk,High Value Customer
7130-VTEWQ,8,75.75,606.25,Month-to-month,Fiber optic,Yes,75.75,8,606.0,75.78125,Low Value,Yes,0.77,High Risk,Churn Risk
2200-DSAAL,68,80.65,5330.2,Two year,DSL,No,80.65,68,5484.200000000001,78.38529411764705,High Value,,0.0,Low Risk,High Value Customer
4302-ZYFEL,69,20.55,1403.1,One year,No,No,20.55,69,1417.95,20.33478260869565,Medium Value,No,0.005,Low Risk,Low Priority
9351-LZYGF,42,66.4,2727.8,Month-to-month,DSL,No,66.4,42,2788.8,64.94761904761906,Medium Value,,0.0,Low Risk,Low Priority
4366-CTOUZ,50,100.2,5038.45,Two year,Fiber optic,No,100.2,50,5010.0,100.769,High Value,,0.0,Low Risk,High Value Customer
6121-VZNQB,1,19.1,19.1,Month-to-month,No,Yes,19.1,1,19.1,19.1,Low Value,,0.0,Low Risk,Low Priority
7903-CMPEY,1,80.3,80.3,Month-to-month,Fiber optic,Yes,80.3,1,80.3,80.3,Low Value,,0.0,Low Risk,Low Priority
1518-OMDIK,33,44.55,1462.6,Month-to-month,DSL,No,44.55,33,1470.15,44.32121212121212,Medium Value,,0.0,Low Risk,Low Priority
6671-NGWON,7,20.35,150.6,Month-to-month,No,No,20.35,7,142.45000000000002,21.514285714285712,Low Value,,0.0,Low Risk,Low Priority
0595-ITUDF,64,91.8,5960.5,Month-to-month,Fiber optic,No,91.8,64,5875.2,93.1328125,High Value,,0.0,Low Risk,High Value Customer
6996-KNSML,1,74.9,74.9,Month-to-month,Fiber optic,Yes,74.9,1,74.9,74.9,Low Value,,0.0,Low Risk,Low Priority
1955-IBMMB,59,20.2,1192.3,Two year,No,No,20.2,59,1191.8,20.208474576271183,Medium Value,,0.0,Low Risk,Low Priority
0096-BXERS,6,50.35,314.55,Month-to-month,DSL,No,50.35,6,302.1,52.425,Low Value,No,0.28,Low Risk,Low Priority
3806-YAZOV,3,18.8,56.0,Month-to-month,No,No,18.8,3,56.400000000000006,18.666666666666668,Low Value,,0.0,Low Risk,Low Priority
7998-ZLXWN,15,20.45,330.8,Month-to-month,No,No,20.45,15,306.75,22.05333333333333,Low Value,,0.0,Low Risk,Low Priority
6253-WRFHY,13,64.75,877.35,One year,DSL,No,64.75,13,841.75,67.48846153846154,Low Value,,0.0,Low Risk,Low Priority
9133-AYJZG,23,98.7,2249.1,Month-to-month,Fiber optic,No,98.7,23,2270.1,97.78695652173911,Medium Value,,0.0,Low Risk,Low Priority
2675-OTVVJ,31,89.45,2807.65,Month-to-month,Fiber optic,No,89.45,31,2772.9500000000003,90.56935483870969,Medium Value,,0.0,Low Risk,Low Priority
8680-CGLTP,29,58.75,1696.2,One year,DSL,No,58.75,29,1703.75,58.4896551724138,Medium Value,,0.0,Low Risk,Low Priority
8430-TWCBX,49,20.7,1032.05,One year,No,No,20.7,49,1014.3,21.062244897959182,Medium Value,No,0.01,Low Risk,Low Priority
5018-GWURO,56,85.6,4902.8,Month-to-month,Fiber optic,No,85.6,56,4793.599999999999,87.55,High Value,,0.0,Low Risk,High Value Customer
6741-QRLUP,63,80.3,4995.35,Two year,DSL,No,80.3,63,5058.9,79.29126984126985,High Value,,0.0,Low Risk,High Value Customer
4737-HOBAX,63,79.8,5034.05,Two year,DSL,No,79.8,63,5027.4,79.90555555555555,High Value,No,0.025,Low Risk,High Value Customer
0537-QYZZN,24,79.85,1857.75,Month-to-month,Fiber optic,No,79.85,24,1916.4,77.40625,Medium Value,,0.0,Low Risk,Low Priority
3340-QBBFM,36,54.1,1992.85,One year,DSL,No,54.1,36,1947.6,55.35694444444445,Medium Value,,0.0,Low Risk,Low Priority
1704-NRWYE,9,80.85,751.65,Month-to-month,Fiber optic,Yes,80.85,9,727.65,83.51666666666667,Low Value,,0.0,Low Risk,Low Priority
2592-SEIFQ,3,24.75,66.95,Month-to-month,DSL,Yes,24.75,3,74.25,22.316666666666663,Low Value,,0.0,Low Risk,Low Priority
8200-KLNYW,21,80.9,1714.95,One year,DSL,No,80.9,21,1698.9,81.66428571428571,Medium Value,,0.0,Low Risk,Low Priority
3372-CDXFJ,13,24.5,343.6,One year,No,No,24.5,13,318.5,26.430769230769236,Low Value,,0.0,Low Risk,Low Priority
4781-ZXYGU,1,20.15,20.15,Month-to-month,No,No,20.15,1,20.15,20.15,Low Value,,0.0,Low Risk,Low Priority
7632-YUTXB,25,20.05,520.1,One year,No,No,20.05,25,501.25,20.804,Low Value,No,0.005,Low Risk,Low Priority
2718-YSKCS,71,19.6,1387.45,Two year,No,No,19.6,71,1391.6,19.541549295774647,Medium Value,,0.0,Low Risk,Low Priority
9896-UYMIE,66,114.3,7383.7,One year,Fiber optic,No,114.3,66,7543.8,111.87424242424242,Very High Value,,0.0,Low Risk,VIP Customer
0853-NWIFK,45,100.3,4483.95,One year,Fiber optic,No,100.3,45,4513.5,99.64333333333332,High Value,,0.0,Low Risk,High Value Customer
8212-CRQXP,22,80.0,1706.45,Month-to-month,Fiber optic,No,80.0,22,1760.0,77.56590909090909,Medium Value,,0.0,Low Risk,Low Priority
6980-CDGFC,67,20.85,1327.4,One year,No,No,20.85,67,1396.95,19.811940298507466,Medium Value,,0.0,Low Risk,Low Priority
7691-XVTZH,68,89.95,5974.3,Two year,Fiber optic,No,89.95,68,6116.6,87.85735294117647,Very High Value,No,0.105,Low Risk,VIP Customer
2520-SGTTA,0,20.0,0.0,Two year,No,No,20.0,1,20.0,0.0,Low Value,,0.0,Low Risk,Low Priority
7481-ATQQS,49,90.85,4515.85,Month-to-month,Fiber optic,Yes,90.85,49,4451.65,92.16020408163266,High Value,,0.0,Low Risk,High Value Customer
2277-VWCNI,4,48.75,179.85,Month-to-month,DSL,No,48.75,4,195.0,44.9625,Low Value,Yes,0.625,Medium Risk,Monitor
1088-CNNKB,63,80.0,5040.2,One year,DSL,No,80.0,63,5040.0,80.0031746031746,High Value,,0.0,Low Risk,High Value Customer
8642-GVWRF,2,79.7,165.0,Month-to-month,Fiber optic,Yes,79.7,2,159.4,82.5,Low Value,,0.0,Low Risk,Low Priority
1930-BZLHI,21,20.35,422.7,One year,No,No,20.35,21,427.35,20.128571428571423,Low Value,,0.0,Low Risk,Low Priority
3400-ESFUW,55,57.55,3046.4,Two year,DSL,Yes,57.55,55,3165.25,55.38909090909091,High Value,No,0.015,Low Risk,High Value Customer
5868-YTYKS,1,20.25,20.25,Month-to-month,No,No,20.25,1,20.25,20.25,Low Value,,0.0,Low Risk,Low Priority
3525-DVKFN,17,19.4,358.05,Two year,No,No,19.4,17,329.79999999999995,21.061764705882357,Low Value,,0.0,Low Risk,Low Priority
1482-OXZSY,30,100.4,2936.25,Month-to-month,Fiber optic,No,100.4,30,3012.0,97.875,High Value,,0.0,Low Risk,High Value Customer
0377-JBKKT,22,57.95,1271.8,Month-to-month,DSL,No,57.95,22,1274.9,57.809090909090905,Medium Value,No,0.045,Low Risk,Low Priority
5778-BVOFB,9,59.5,530.05,Month-to-month,DSL,No,59.5,9,535.5,58.89444444444444,Low Value,,0.0,Low Risk,Low Priority
3373-YZZYM,1,19.2,19.2,Month-to-month,No,No,19.2,1,19.2,19.2,Low Value,,0.0,Low Risk,Low Priority
2057-ZBLPD,21,86.5,1808.7,Month-to-month,Fiber optic,Yes,86.5,21,1816.5,86.12857142857143,Medium Value,No,0.46,Medium Risk,Monitor
0228-MAUWC,19,59.55,1144.6,Month-to-month,DSL,No,59.55,19,1131.45,60.24210526315789,Medium Value,,0.0,Low Risk,Low Priority
5502-RLUYV,69,103.95,7446.9,Month-to-month,Fiber optic,Yes,103.95,69,7172.55,107.92608695652171,Very High Value,,0.0,Low Risk,VIP Customer
0023-HGHWL,1,25.1,25.1,Month-to-month,DSL,Yes,25.1,1,25.1,25.1,Low Value,,0.0,Low Risk,Low Priority
7663-YJHSN,72,103.95,7556.9,Two year,Fiber optic,No,103.95,72,7484.400000000001,104.95694444444445,Very High Value,,0.0,Low Risk,VIP Customer
4915-BFSXL,70,68.95,4858.7,Two year,DSL,No,68.95,70,4826.5,69.41,High Value,,0.0,Low Risk,High Value Customer
3086-RUCRN,66,103.1,6595.0,Month-to-month,Fiber optic,No,103.1,66,6804.599999999999,99.92424242424242,Very High Value,,0.0,Low Risk,VIP Customer
5215-LNLDJ,7,24.7,149.05,Month-to-month,DSL,No,24.7,7,172.9,21.292857142857144,Low Value,,0.0,Low Risk,Low Priority
7576-JMYWV,46,110.2,4972.1,Month-to-month,Fiber optic,No,110.2,46,5069.2,108.08913043478262,High Value,,0.0,Low Risk,High Value Customer
9039-RBEEE,39,48.95,1880.85,Month-to-month,DSL,Yes,48.95,39,1909.05,48.22692307692307,Medium Value,No,0.11,Low Risk,Low Priority
0257-KXZGU,32,62.45,2045.55,Month-to-month,DSL,No,62.45,32,1998.4,63.9234375,Medium Value,No,0.11,Low Risk,Low Priority
1307-ATKGB,24,89.55,2187.15,Month-to-month,Fiber optic,No,89.55,24,2149.2,91.13125,Medium Value,,0.0,Low Risk,Low Priority
8417-FMLZI,6,83.55,477.55,Month-to-month,Fiber optic,Yes,83.55,6,501.3,79.59166666666667,Low Value,,0.0,Low Risk,Low Priority
3714-XPXBW,37,78.9,2976.95,Month-to-month,DSL,No,78.9,37,2919.3,80.4581081081081,Medium Value,,0.0,Low Risk,Low Priority
1850-AKQEP,8,20.35,178.7,Month-to-month,No,No,20.35,8,162.8,22.3375,Low Value,,0.0,Low Risk,Low Priority
2824-DXNKN,72,71.45,5025.85,Two year,DSL,No,71.45,72,5144.400000000001,69.80347222222223,High Value,No,0.04,Low Risk,High Value Customer
5227-JSCFE,71,46.35,3353.4,Two year,DSL,No,46.35,71,3290.85,47.23098591549296,High Value,,0.0,Low Risk,High Value Customer
0848-ZGQIJ,16,94.65,1461.15,Month-to-month,Fiber optic,No,94.65,16,1514.4,91.321875,Medium Value,,0.0,Low Risk,Low Priority
3621-CHYVB,57,49.9,2782.4,Month-to-month,DSL,No,49.9,57,2844.3,48.8140350877193,Medium Value,,0.0,Low Risk,Low Priority
8042-RNLKO,66,25.45,1699.15,One year,No,No,25.45,66,1679.7,25.74469696969697,Medium Value,,0.0,Low Risk,Low Priority
1792-UXAFY,17,89.15,1496.9,Month-to-month,Fiber optic,Yes,89.15,17,1515.5500000000002,88.0529411764706,Medium Value,,0.0,Low Risk,Low Priority
5372-FBKBN,21,20.75,452.2,Month-to-month,No,No,20.75,21,435.75,21.53333333333333,Low Value,,0.0,Low Risk,Low Priority
0420-TXVSG,66,66.1,4428.45,Two year,DSL,No,66.1,66,4362.599999999999,67.09772727272727,High Value,No,0.02,Low Risk,High Value Customer
6217-TOWGS,17,75.4,1322.55,Month-to-month,DSL,No,75.4,17,1281.8000000000002,77.79705882352941,Medium Value,,0.0,Low Risk,Low Priority
0515-YPMCW,1,70.45,70.45,Month-to-month,Fiber optic,Yes,70.45,1,70.45,70.45,Low Value,,0.0,Low Risk,Low Priority
0378-XSZPU,58,60.3,3563.8,One year,DSL,Yes,60.3,58,3497.4,61.4448275862069,High Value,,0.0,Low Risk,High Value Customer
1045-LTCYT,8,21.05,139.75,Month-to-month,No,No,21.05,8,168.4,17.46875,Low Value,,0.0,Low Risk,Low Priority
1544-JJMYL,27,69.35,1927.3,One year,DSL,No,69.35,27,1872.45,71.38148148148149,Medium Value,,0.0,Low Risk,Low Priority
4636-JGAAI,34,88.85,3000.25,Month-to-month,Fiber optic,No,88.85,34,3020.9,88.24264705882354,High Value,,0.0,Low Risk,High Value Customer
6874-SGLHU,30,97.0,3021.3,One year,Fiber optic,No,97.0,30,2910.0,100.71,Medium Value,No,0.27,Low Risk,Low Priority
5951-AOFIH,33,66.4,2245.4,Month-to-month,DSL,No,66.4,33,2191.2000000000003,68.04242424242425,Medium Value,No,0.15,Low Risk,Low Priority
4729-XKASR,1,24.75,24.75,Month-to-month,DSL,Yes,24.75,1,24.75,24.75,Low Value,,0.0,Low Risk,Low Priority
3059-NGMXB,14,69.2,944.65,Month-to-month,DSL,No,69.2,14,968.8,67.475,Low Value,,0.0,Low Risk,Low Priority
8652-YHIYU,16,79.5,1264.2,One year,Fiber optic,No,79.5,16,1272.0,79.0125,Medium Value,,0.0,Low Risk,Low Priority
5278-PNYOX,49,100.65,4917.75,Two year,Fiber optic,No,100.65,49,4931.85,100.3622448979592,High Value,,0.0,Low Risk,High Value Customer
5449-FIBXJ,19,103.3,2012.7,Month-to-month,Fiber optic,Yes,103.3,19,1962.7,105.93157894736842,Medium Value,,0.0,Low Risk,Low Priority
3486-HOOGQ,70,79.7,5743.3,Two year,DSL,No,79.7,70,5579.0,82.04714285714286,High Value,,0.0,Low Risk,High Value Customer
5061-PBXFW,32,61.4,1864.65,Month-to-month,DSL,No,61.4,32,1964.8,58.2703125,Medium Value,No,0.055,Low Risk,Low Priority
8630-FJLIB,18,69.8,1221.65,Month-to-month,Fiber optic,No,69.8,18,1256.4,67.86944444444445,Medium Value,,0.0,Low Risk,Low Priority
3891-NLXJB,37,40.55,1390.85,Two year,DSL,No,40.55,37,1500.35,37.59054054054054,Medium Value,,0.0,Low Risk,Low Priority
4749-OJKQU,4,75.65,302.35,Month-to-month,Fiber optic,No,75.65,4,302.6,75.5875,Low Value,,0.0,Low Risk,Low Priority
0577-WHMEV,16,90.7,1374.9,Month-to-month,Fiber optic,No,90.7,16,1451.2,85.93125,Medium Value,,0.0,Low Risk,Low Priority
5453-AXEPF,17,80.5,1336.9,Month-to-month,Fiber optic,No,80.5,17,1368.5,78.64117647058823,Medium Value,,0.0,Low Risk,Low Priority
3639-XJHKQ,19,60.6,1297.8,Month-to-month,DSL,No,60.6,19,1151.4,68.30526315789473,Medium Value,No,0.16,Low Risk,Low Priority
3716-LRGXK,60,101.15,6067.4,Two year,Fiber optic,No,101.15,60,6069.0,101.12333333333332,Very High Value,,0.0,Low Risk,VIP Customer
2263-SFSQZ,51,24.95,1222.25,Two year,No,No,24.95,51,1272.45,23.965686274509803,Medium Value,No,0.015,Low Risk,Low Priority
9950-MTGYX,28,20.3,487.95,Two year,No,No,20.3,28,568.4,17.426785714285714,Low Value,No,0.0,Low Risk,Low Priority
3397-AVTKU,43,60.0,2548.55,Two year,DSL,No,60.0,43,2580.0,59.2686046511628,Medium Value,,0.0,Low Risk,Low Priority
4825-FUREZ,42,20.25,835.5,Two year,No,No,20.25,42,850.5,19.892857142857142,Low Value,No,0.0,Low Risk,Low Priority
9837-BMCLM,3,78.5,242.05,Month-to-month,Fiber optic,Yes,78.5,3,235.5,80.68333333333334,Low Value,,0.0,Low Risk,Low Priority
2672-OJQZP,1,44.75,44.75,Month-to-month,DSL,No,44.75,1,44.75,44.75,Low Value,No,0.365,Low Risk,Low Priority
0137-UDEUO,3,19.85,63.75,Month-to-month,No,Yes,19.85,3,59.55,21.25,Low Value,,0.0,Low Risk,Low Priority
3134-DSHVC,63,98.0,6218.45,Two year,Fiber optic,No,98.0,63,6174.0,98.70555555555556,Very High Value,,0.0,Low Risk,VIP Customer
6161-UUUTA,3,79.9,260.9,Month-to-month,Fiber optic,Yes,79.9,3,239.7,86.96666666666665,Low Value,,0.0,Low Risk,Low Priority
7821-DPRQE,68,107.7,7320.9,Month-to-month,Fiber optic,No,107.7,68,7323.6,107.66029411764706,Very High Value,,0.0,Low Risk,VIP Customer
6543-XRMYR,30,99.7,2967.35,Month-to-month,Fiber optic,Yes,99.7,30,2991.0,98.91166666666666,Medium Value,Yes,0.7,High Risk,Churn Risk
2001-EWBQU,60,104.7,6333.8,Two year,Fiber optic,No,104.7,60,6282.0,105.56333333333332,Very High Value,No,0.145,Low Risk,VIP Customer
4925-LMHOK,15,58.6,939.7,Month-to-month,DSL,Yes,58.6,15,879.0,62.64666666666667,Low Value,,0.0,Low Risk,Low Priority
1608-GMEWB,45,93.9,4200.25,Month-to-month,Fiber optic,No,93.9,45,4225.5,93.33888888888887,High Value,,0.0,Low Risk,High Value Customer
6695-AMZUF,70,86.45,5950.2,Two year,DSL,No,86.45,70,6051.5,85.00285714285714,Very High Value,,0.0,Low Risk,VIP Customer
1455-UGQVH,10,98.5,1037.75,Month-to-month,Fiber optic,Yes,98.5,10,985.0,103.775,Low Value,,0.0,Low Risk,Low Priority
5360-LJCNJ,71,105.15,7555.0,Two year,Fiber optic,No,105.15,71,7465.650000000001,106.40845070422536,Very High Value,No,0.16,Low Risk,VIP Customer
8410-BGQXN,4,19.4,93.4,Month-to-month,No,No,19.4,4,77.6,23.35,Low Value,,0.0,Low Risk,Low Priority
8280-MQRQN,1,50.45,50.45,Month-to-month,DSL,Yes,50.45,1,50.45,50.45,Low Value,Yes,0.64,Medium Risk,Monitor
1619-YWUBB,68,24.95,1614.9,Two year,No,No,24.95,68,1696.6,23.748529411764707,Medium Value,,0.0,Low Risk,Low Priority
7611-YKYTC,22,75.0,1573.95,Month-to-month,Fiber optic,No,75.0,22,1650.0,71.54318181818182,Medium Value,,0.0,Low Risk,Low Priority
2037-SGXHH,38,94.65,3624.3,Month-to-month,Fiber optic,Yes,94.65,38,3596.7000000000003,95.3763157894737,High Value,,0.0,Low Risk,High Value Customer
3178-FESZO,1,100.25,100.25,Month-to-month,Fiber optic,Yes,100.25,1,100.25,100.25,Low Value,,0.0,Low Risk,Low Priority
0365-GXEZS,18,78.2,1468.75,Month-to-month,Fiber optic,No,78.2,18,1407.6,81.59722222222223,Medium Value,No,0.265,Low Risk,Low Priority
0082-OQIQY,29,94.2,2607.6,Month-to-month,Fiber optic,No,94.2,29,2731.8,89.91724137931034,Medium Value,No,0.42,Medium Risk,Monitor
6087-MVHJH,16,88.45,1422.1,Month-to-month,Fiber optic,Yes,88.45,16,1415.2,88.88125,Medium Value,,0.0,Low Risk,Low Priority
4603-JANFB,1,69.85,69.85,Month-to-month,Fiber optic,Yes,69.85,1,69.85,69.85,Low Value,,0.0,Low Risk,Low Priority
3018-TFTSU,12,81.7,858.6,Month-to-month,Fiber optic,Yes,81.7,12,980.4,71.55,Low Value,No,0.195,Low Risk,Low Priority
3606-SBKRY,31,50.05,1523.4,One year,DSL,No,50.05,31,1551.55,49.141935483870974,Medium Value,,0.0,Low Risk,Low Priority
4806-KEXQR,4,79.9,324.3,Month-to-month,Fiber optic,Yes,79.9,4,319.6,81.075,Low Value,Yes,0.63,Medium Risk,Monitor
0667-NSRGI,48,69.55,3435.6,One year,DSL,No,69.55,48,3338.4,71.575,High Value,,0.0,Low Risk,High Value Customer
7083-YNSKY,15,25.4,399.6,Month-to-month,No,Yes,25.4,15,381.0,26.64,Low Value,,0.0,Low Risk,Low Priority
6893-ODYYE,50,90.1,4549.45,One year,Fiber optic,No,90.1,50,4505.0,90.989,High Value,,0.0,Low Risk,High Value Customer
8242-JSVBO,7,44.65,322.5,Month-to-month,DSL,No,44.65,7,312.55,46.07142857142857,Low Value,,0.0,Low Risk,Low Priority
2479-BRAMR,41,83.75,3273.55,Month-to-month,Fiber optic,Yes,83.75,41,3433.75,79.84268292682927,High Value,,0.0,Low Risk,High Value Customer
9541-ZPSEA,68,80.35,5375.15,Two year,Fiber optic,No,80.35,68,5463.799999999999,79.04632352941177,High Value,,0.0,Low Risk,High Value Customer
2665-NPTGL,26,98.1,2510.7,Month-to-month,Fiber optic,No,98.1,26,2550.6,96.5653846153846,Medium Value,Yes,0.735,High Risk,Churn Risk
1139-WUOAH,57,53.35,3090.05,Two year,DSL,No,53.35,57,3040.9500000000003,54.21140350877193,High Value,No,0.05,Low Risk,High Value Customer
4693-VWVBO,3,19.55,61.05,Month-to-month,No,No,19.55,3,58.650000000000006,20.35,Low Value,No,0.255,Low Risk,Low Priority
7434-SHXLS,1,20.9,20.9,Month-to-month,No,Yes,20.9,1,20.9,20.9,Low Value,,0.0,Low Risk,Low Priority
6937-GCDGQ,19,48.95,955.6,One year,DSL,No,48.95,19,930.05,50.29473684210527,Low Value,,0.0,Low Risk,Low Priority
0988-JRWWP,3,54.2,140.4,Month-to-month,DSL,No,54.2,3,162.60000000000002,46.8,Low Value,No,0.395,Low Risk,Low Priority
5075-JSDKI,59,24.45,1493.1,Two year,No,No,24.45,59,1442.55,25.306779661016947,Medium Value,,0.0,Low Risk,Low Priority
7908-QCBCA,1,69.4,69.4,Month-to-month,Fiber optic,Yes,69.4,1,69.4,69.4,Low Value,,0.0,Low Risk,Low Priority
8644-XYTSV,42,40.15,1626.05,Month-to-month,DSL,No,40.15,42,1686.3,38.71547619047619,Medium Value,,0.0,Low Risk,Low Priority
6711-FLDFB,7,74.9,541.15,Month-to-month,Fiber optic,Yes,74.9,7,524.3000000000001,77.30714285714285,Low Value,,0.0,Low Risk,Low Priority
3873-WOSBC,67,25.6,1784.9,Two year,No,No,25.6,67,1715.2,26.64029850746269,Medium Value,,0.0,Low Risk,Low Priority
7465-ZZRVX,1,70.35,70.35,Month-to-month,Fiber optic,No,70.35,1,70.35,70.35,Low Value,,0.0,Low Risk,Low Priority
7975-JMZNT,66,91.7,6075.9,Two year,DSL,No,91.7,66,6052.2,92.0590909090909,Very High Value,,0.0,Low Risk,VIP Customer
7251-XFOIL,61,89.2,5500.6,Month-to-month,Fiber optic,No,89.2,61,5441.2,90.17377049180328,High Value,No,0.255,Low Risk,High Value Customer
4116-IQRFR,4,24.1,73.1,One year,No,No,24.1,4,96.4,18.275,Low Value,,0.0,Low Risk,Low Priority
3714-JTVOV,42,74.15,3229.4,Month-to-month,Fiber optic,Yes,74.15,42,3114.3,76.89047619047619,High Value,,0.0,Low Risk,High Value Customer
8259-DZLIZ,64,53.85,3399.85,One year,DSL,No,53.85,64,3446.4,53.12265625,High Value,,0.0,Low Risk,High Value Customer
0442-ZXKVS,54,115.6,6431.05,One year,Fiber optic,No,115.6,54,6242.4,119.09351851851852,Very High Value,,0.0,Low Risk,VIP Customer
7853-WNZSY,1,19.75,19.75,Month-to-month,No,No,19.75,1,19.75,19.75,Low Value,No,0.11,Low Risk,Low Priority
3120-FAZKD,54,24.05,1230.9,Two year,No,No,24.05,54,1298.7,22.794444444444448,Medium Value,,0.0,Low Risk,Low Priority
8606-OEGQZ,18,25.3,454.65,Two year,No,No,25.3,18,455.4,25.258333333333333,Low Value,,0.0,Low Risk,Low Priority
0225-ZORZP,3,84.3,235.05,Month-to-month,Fiber optic,No,84.3,3,252.9,78.35000000000001,Low Value,,0.0,Low Risk,Low Priority
4702-IOQDC,1,70.1,70.1,Month-to-month,Fiber optic,Yes,70.1,1,70.1,70.1,Low Value,,0.0,Low Risk,Low Priority
9489-JMTTN,72,89.75,6595.9,Two year,DSL,No,89.75,72,6462.0,91.60972222222222,Very High Value,,0.0,Low Risk,VIP Customer
0575-CUQOV,60,97.95,5867.0,One year,Fiber optic,No,97.95,60,5877.0,97.78333333333332,High Value,,0.0,Low Risk,High Value Customer
0967-BMLBD,11,20.0,196.35,One year,No,No,20.0,11,220.0,17.849999999999998,Low Value,,0.0,Low Risk,Low Priority
6178-KFNHS,12,78.3,909.25,Month-to-month,Fiber optic,Yes,78.3,12,939.6,75.77083333333333,Low Value,,0.0,Low Risk,Low Priority
2830-LEWOA,61,103.9,6449.15,One year,Fiber optic,No,103.9,61,6337.900000000001,105.72377049180328,Very High Value,,0.0,Low Risk,VIP Customer
5006-MXVRN,39,20.7,762.45,Two year,No,No,20.7,39,807.3,19.55,Low Value,,0.0,Low Risk,Low Priority
1264-BYWMS,55,96.8,5283.95,Month-to-month,Fiber optic,Yes,96.8,55,5324.0,96.07181818181816,High Value,,0.0,Low Risk,High Value Customer
9658-WYUFB,17,94.4,1617.5,Month-to-month,Fiber optic,Yes,94.4,17,1604.8000000000002,95.1470588235294,Medium Value,,0.0,Low Risk,Low Priority
8327-WKMIE,37,20.15,785.75,One year,No,No,20.15,37,745.55,21.236486486486488,Low Value,,0.0,Low Risk,Low Priority
6917-FIJHC,72,26.0,1776.0,Two year,No,No,26.0,72,1872.0,24.666666666666668,Medium Value,No,0.0,Low Risk,Low Priority
5329-KRDTM,72,77.35,5396.25,Two year,DSL,No,77.35,72,5569.2,74.94791666666667,High Value,No,0.085,Low Risk,High Value Customer
7797-EJMDP,8,66.05,574.5,Month-to-month,DSL,No,66.05,8,528.4,71.8125,Low Value,,0.0,Low Risk,Low Priority
3530-VWVGU,22,19.9,400.3,Month-to-month,No,No,19.9,22,437.8,18.195454545454545,Low Value,No,0.015,Low Risk,Low Priority
2013-SGDXK,1,84.3,84.3,Month-to-month,Fiber optic,Yes,84.3,1,84.3,84.3,Low Value,,0.0,Low Risk,Low Priority
6368-NWMCE,38,68.15,2656.3,Month-to-month,DSL,No,68.15,38,2589.7000000000003,69.90263157894738,Medium Value,,0.0,Low Risk,Low Priority
3633-CDBUW,17,80.85,1445.95,One year,DSL,No,80.85,17,1374.4499999999998,85.05588235294118,Medium Value,,0.0,Low Risk,Low Priority
0707-HOVVN,70,75.5,5212.65,Two year,DSL,No,75.5,70,5285.0,74.46642857142857,High Value,No,0.06,Low Risk,High Value Customer
8580-QVLOC,72,92.45,6440.25,Two year,DSL,Yes,92.45,72,6656.400000000001,89.44791666666667,Very High Value,No,0.02,Low Risk,VIP Customer
3956-MGXOG,28,80.6,2244.95,Month-to-month,Fiber optic,No,80.6,28,2256.8,80.17678571428571,Medium Value,,0.0,Low Risk,Low Priority
9274-UARKJ,15,83.2,1130.0,Month-to-month,Fiber optic,No,83.2,15,1248.0,75.33333333333333,Medium Value,,0.0,Low Risk,Low Priority
4077-HWUYD,72,87.55,6463.15,Two year,DSL,No,87.55,72,6303.599999999999,89.76597222222222,Very High Value,,0.0,Low Risk,VIP Customer
2012-NWRPA,11,99.55,1131.2,Month-to-month,Fiber optic,Yes,99.55,11,1095.05,102.83636363636364,Medium Value,,0.0,Low Risk,Low Priority
8808-ELEHO,8,81.25,585.95,Month-to-month,Fiber optic,Yes,81.25,8,650.0,73.24375,Low Value,,0.0,Low Risk,Low Priority
0103-CSITQ,57,109.4,6252.7,One year,Fiber optic,No,109.4,57,6235.8,109.69649122807016,Very High Value,,0.0,Low Risk,VIP Customer
3506-LCJDC,1,19.95,19.95,Month-to-month,No,Yes,19.95,1,19.95,19.95,Low Value,,0.0,Low Risk,Low Priority
8671-KKKOS,46,45.55,2062.15,Month-to-month,DSL,No,45.55,46,2095.3,44.82934782608696,Medium Value,No,0.19,Low Risk,Low Priority
7305-ZWMAJ,30,20.7,587.1,One year,No,No,20.7,30,621.0,19.57,Low Value,,0.0,Low Risk,Low Priority
9518-XXBXE,10,75.3,720.45,Month-to-month,Fiber optic,No,75.3,10,753.0,72.045,Low Value,,0.0,Low Risk,Low Priority
3934-HXCFZ,23,99.25,2186.4,Month-to-month,Fiber optic,Yes,99.25,23,2282.75,95.0608695652174,Medium Value,,0.0,Low Risk,Low Priority
6578-KRMAW,32,93.4,2979.3,Month-to-month,Fiber optic,No,93.4,32,2988.8,93.103125,Medium Value,,0.0,Low Risk,Low Priority
4860-IJUDE,13,73.75,956.65,Month-to-month,Fiber optic,No,73.75,13,958.75,73.58846153846153,Low Value,,0.0,Low Risk,Low Priority
7666-WKRON,39,80.45,3201.55,Two year,Fiber optic,Yes,80.45,39,3137.55,82.09102564102565,High Value,No,0.21,Low Risk,High Value Customer
9688-YGXVR,44,88.15,3973.2,Month-to-month,Fiber optic,No,88.15,44,3878.6,90.3,High Value,,0.0,Low Risk,High Value Customer
0423-UDIJQ,9,49.2,447.9,Month-to-month,DSL,No,49.2,9,442.8,49.766666666666666,Low Value,,0.0,Low Risk,Low Priority
1945-XISKS,67,19.65,1335.2,Two year,No,No,19.65,67,1316.55,19.928358208955224,Medium Value,No,0.015,Low Risk,Low Priority
4910-AQFFX,9,79.35,661.25,Month-to-month,Fiber optic,Yes,79.35,9,714.15,73.47222222222223,Low Value,,0.0,Low Risk,Low Priority
2154-KVJFF,15,79.75,1111.85,Month-to-month,Fiber optic,Yes,79.75,15,1196.25,74.12333333333332,Medium Value,,0.0,Low Risk,Low Priority
2607-FBDFF,1,49.0,49.0,Month-to-month,DSL,No,49.0,1,49.0,49.0,Low Value,,0.0,Low Risk,Low Priority
9647-ERGBE,30,100.05,3046.15,Month-to-month,Fiber optic,Yes,100.05,30,3001.5,101.53833333333334,High Value,,0.0,Low Risk,High Value Customer
3428-XZMAZ,1,69.35,69.35,Month-to-month,Fiber optic,Yes,69.35,1,69.35,69.35,Low Value,,0.0,Low Risk,Low Priority
1100-DDVRV,17,49.8,836.35,Month-to-month,DSL,No,49.8,17,846.5999999999999,49.19705882352941,Low Value,No,0.345,Low Risk,Low Priority
0378-TOVMS,3,85.8,272.2,Month-to-month,Fiber optic,Yes,85.8,3,257.4,90.73333333333332,Low Value,,0.0,Low Risk,Low Priority
4355-HBJHH,67,79.7,5293.4,Two year,DSL,Yes,79.7,67,5339.900000000001,79.00597014925373,High Value,,0.0,Low Risk,High Value Customer
6728-WYQBC,1,20.95,20.95,Month-to-month,No,No,20.95,1,20.95,20.95,Low Value,,0.0,Low Risk,Low Priority
9058-CBREO,1,50.55,50.55,Month-to-month,DSL,Yes,50.55,1,50.55,50.55,Low Value,,0.0,Low Risk,Low Priority
9029-FEGVJ,32,79.3,2570.0,Month-to-month,Fiber optic,No,79.3,32,2537.6,80.3125,Medium Value,,0.0,Low Risk,Low Priority
7216-KAOID,41,19.5,798.2,One year,No,No,19.5,41,799.5,19.46829268292683,Low Value,No,0.0,Low Risk,Low Priority
0318-QUUOB,1,80.55,80.55,Month-to-month,Fiber optic,Yes,80.55,1,80.55,80.55,Low Value,,0.0,Low Risk,Low Priority
6145-NNPNO,1,44.15,44.15,Month-to-month,DSL,No,44.15,1,44.15,44.15,Low Value,,0.0,Low Risk,Low Priority
5520-FVEWJ,12,84.5,916.9,Month-to-month,Fiber optic,Yes,84.5,12,1014.0,76.40833333333333,Medium Value,,0.0,Low Risk,Low Priority
5339-TJFEK,62,105.5,6487.2,Month-to-month,Fiber optic,No,105.5,62,6541.0,104.63225806451612,Very High Value,,0.0,Low Risk,VIP Customer
5572-ZDXHY,22,84.3,1855.65,Month-to-month,Fiber optic,Yes,84.3,22,1854.6,84.34772727272728,Medium Value,,0.0,Low Risk,Low Priority
2074-GUHPQ,17,92.7,1556.85,Month-to-month,Fiber optic,No,92.7,17,1575.9,91.57941176470588,Medium Value,,0.0,Low Risk,Low Priority
4625-XMOYM,72,26.25,1988.05,Two year,No,No,26.25,72,1890.0,27.61180555555556,Medium Value,,0.0,Low Risk,Low Priority
5827-MWCZK,56,96.95,5432.2,Month-to-month,Fiber optic,No,96.95,56,5429.2,97.00357142857142,High Value,,0.0,Low Risk,High Value Customer
1385-TQOZW,9,20.45,147.55,Month-to-month,No,No,20.45,9,184.05,16.394444444444446,Low Value,No,0.07,Low Risk,Low Priority
5914-XRFQB,72,115.8,8424.9,Two year,Fiber optic,No,115.8,72,8337.6,117.0125,Very High Value,,0.0,Low Risk,VIP Customer
4329-YPDDQ,20,108.2,2203.7,Month-to-month,Fiber optic,No,108.2,20,2164.0,110.185,Medium Value,No,0.33,Low Risk,Low Priority
4804-NCPET,19,20.2,387.4,Two year,No,No,20.2,19,383.8,20.389473684210525,Low Value,,0.0,Low Risk,Low Priority
3750-CKVKH,2,67.75,116.65,Month-to-month,Fiber optic,Yes,67.75,2,135.5,58.325,Low Value,Yes,0.545,Medium Risk,Monitor
5944-UGLLK,53,54.9,3045.75,One year,DSL,No,54.9,53,2909.7,57.46698113207548,Medium Value,,0.0,Low Risk,Low Priority
8063-GBATB,27,85.25,2287.25,Month-to-month,Fiber optic,Yes,85.25,27,2301.75,84.71296296296296,Medium Value,,0.0,Low Risk,Low Priority
7787-BNTZM,6,20.15,130.5,Month-to-month,No,No,20.15,6,120.9,21.75,Low Value,,0.0,Low Risk,Low Priority
2252-ISRNH,9,90.35,767.9,One year,Fiber optic,No,90.35,9,813.15,85.32222222222222,Low Value,,0.0,Low Risk,Low Priority
9415-TPKRV,8,55.75,446.8,Month-to-month,DSL,No,55.75,8,446.0,55.85,Low Value,,0.0,Low Risk,Low Priority
5322-TEUJK,71,114.6,8100.25,Two year,Fiber optic,No,114.6,71,8136.599999999999,114.08802816901408,Very High Value,,0.0,Low Risk,VIP Customer
4547-KQRTM,10,80.05,830.7,Month-to-month,Fiber optic,Yes,80.05,10,800.5,83.07000000000001,Low Value,,0.0,Low Risk,Low Priority
4877-EVATK,1,20.0,20.0,Month-to-month,No,Yes,20.0,1,20.0,20.0,Low Value,,0.0,Low Risk,Low Priority
1866-DIOQZ,71,66.8,4689.15,One year,DSL,No,66.8,71,4742.8,66.0443661971831,High Value,,0.0,Low Risk,High Value Customer
8375-KVTHK,68,100.3,6754.35,One year,Fiber optic,No,100.3,68,6820.4,99.32867647058823,Very High Value,,0.0,Low Risk,VIP Customer
2697-NQBPF,34,105.35,3540.65,Month-to-month,Fiber optic,No,105.35,34,3581.9,104.13676470588236,High Value,,0.0,Low Risk,High Value Customer
3709-OIJEA,26,85.2,2184.6,One year,Fiber optic,No,85.2,26,2215.2000000000003,84.02307692307691,Medium Value,,0.0,Low Risk,Low Priority
7639-SUPCW,22,48.8,1054.6,Month-to-month,DSL,Yes,48.8,22,1073.6,47.93636363636363,Medium Value,,0.0,Low Risk,Low Priority
1386-ZIKUV,7,18.95,130.55,Month-to-month,No,No,18.95,7,132.65,18.65,Low Value,No,0.085,Low Risk,Low Priority
0599-XNYDO,20,69.8,1540.35,Month-to-month,Fiber optic,No,69.8,20,1396.0,77.0175,Medium Value,No,0.435,Medium Risk,Monitor
6377-WHAOX,60,106.15,6411.25,Month-to-month,Fiber optic,No,106.15,60,6369.0,106.85416666666669,Very High Value,No,0.42,Medium Risk,VIP Customer
6855-VLGOS,72,20.55,1432.55,Two year,No,No,20.55,72,1479.6,19.896527777777777,Medium Value,,0.0,Low Risk,Low Priority
8999-XXGNS,72,105.75,7629.85,One year,Fiber optic,No,105.75,72,7614.0,105.9701388888889,Very High Value,,0.0,Low Risk,VIP Customer
8746-OQQRW,4,25.25,101.9,Month-to-month,No,No,25.25,4,101.0,25.475,Low Value,,0.0,Low Risk,Low Priority
3181-MIZBN,16,19.75,313.4,Month-to-month,No,No,19.75,16,316.0,19.5875,Low Value,No,0.095,Low Risk,Low Priority
0471-ARVMX,62,104.85,6312.9,One year,Fiber optic,No,104.85,62,6500.7,101.82096774193548,Very High Value,No,0.285,Low Risk,VIP Customer
7766-CLTIC,10,60.95,629.55,Month-to-month,DSL,No,60.95,10,609.5,62.955,Low Value,,0.0,Low Risk,Low Priority
5650-YLIBA,31,81.15,2640.55,Month-to-month,Fiber optic,No,81.15,31,2515.65,85.17903225806452,Medium Value,Yes,0.535,Medium Risk,Monitor
0825-CPPQH,71,19.1,1372.45,Two year,No,No,19.1,71,1356.1,19.330281690140847,Medium Value,,0.0,Low Risk,Low Priority
9084-OAYKL,58,20.8,1212.25,Two year,No,No,20.8,58,1206.4,20.90086206896552,Medium Value,,0.0,Low Risk,Low Priority
6122-LJADA,70,90.15,6237.05,Two year,DSL,No,90.15,70,6310.5,89.10071428571429,Very High Value,,0.0,Low Risk,VIP Customer
2400-XIWIO,71,90.1,6310.9,Two year,DSL,No,90.1,71,6397.099999999999,88.88591549295774,Very High Value,,0.0,Low Risk,VIP Customer
7524-VRLPL,69,74.1,5031.0,Two year,DSL,No,74.1,69,5112.9,72.91304347826087,High Value,,0.0,Low Risk,High Value Customer
1069-XAIEM,1,85.05,85.05,Month-to-month,Fiber optic,Yes,85.05,1,85.05,85.05,Low Value,Yes,0.925,High Risk,Churn Risk
7569-NMZYQ,72,118.75,8672.45,Two year,Fiber optic,No,118.75,72,8550.0,120.45069444444444,Very High Value,,0.0,Low Risk,VIP Customer
5201-USSQZ,26,85.9,2196.45,Month-to-month,Fiber optic,No,85.9,26,2233.4,84.47884615384615,Medium Value,,0.0,Low Risk,Low Priority
2105-PHWON,33,95.0,3008.15,Month-to-month,Fiber optic,No,95.0,33,3135.0,91.1560606060606,High Value,,0.0,Low Risk,High Value Customer
1494-EJZDW,10,20.15,220.8,Two year,No,No,20.15,10,201.5,22.08,Low Value,No,0.015,Low Risk,Low Priority
4884-TVUQF,57,101.3,5779.6,Two year,Fiber optic,No,101.3,57,5774.099999999999,101.39649122807018,High Value,,0.0,Low Risk,High Value Customer
8003-EWNDZ,10,21.2,222.65,Month-to-month,No,No,21.2,10,212.0,22.265,Low Value,,0.0,Low Risk,Low Priority
1897-RCFUM,39,24.2,914.6,One year,No,No,24.2,39,943.8,23.451282051282053,Low Value,,0.0,Low Risk,Low Priority
9256-JTBNZ,11,20.3,246.3,Month-to-month,No,No,20.3,11,223.3,22.39090909090909,Low Value,No,0.16,Low Risk,Low Priority
4658-HCOHW,21,102.8,2110.15,Month-to-month,Fiber optic,Yes,102.8,21,2158.8,100.48333333333332,Medium Value,No,0.335,Low Risk,Low Priority
2211-RMNHO,68,85.3,5560.0,Two year,DSL,No,85.3,68,5800.4,81.76470588235294,High Value,,0.0,Low Risk,High Value Customer
2432-TFSMK,18,89.6,1633.0,One year,Fiber optic,No,89.6,18,1612.8,90.72222222222224,Medium Value,No,0.215,Low Risk,Low Priority
3440-JPSCL,6,99.95,547.65,Month-to-month,Fiber optic,Yes,99.95,6,599.7,91.275,Low Value,,0.0,Low Risk,Low Priority
4929-ROART,18,56.25,969.85,Month-to-month,DSL,No,56.25,18,1012.5,53.88055555555556,Medium Value,,0.0,Low Risk,Low Priority
1834-ABKHQ,52,50.95,2610.65,One year,DSL,No,50.95,52,2649.4,50.204807692307696,Medium Value,,0.0,Low Risk,Low Priority
1741-WTPON,56,115.85,6567.9,Two year,Fiber optic,No,115.85,56,6487.599999999999,117.28392857142856,Very High Value,No,0.05,Low Risk,VIP Customer
3932-IJWDZ,45,103.65,4747.85,Month-to-month,Fiber optic,No,103.65,45,4664.25,105.5077777777778,High Value,,0.0,Low Risk,High Value Customer
1240-HCBOH,67,26.1,1759.55,Two year,No,No,26.1,67,1748.7,26.26194029850746,Medium Value,,0.0,Low Risk,Low Priority
3594-KADLU,3,35.1,101.1,Month-to-month,DSL,No,35.1,3,105.3,33.7,Low Value,No,0.355,Low Risk,Low Priority
8065-BVEPF,65,99.1,6496.15,Month-to-month,Fiber optic,No,99.1,65,6441.5,99.94076923076922,Very High Value,,0.0,Low Risk,VIP Customer
3796-ENZGF,63,67.25,4234.15,Two year,DSL,No,67.25,63,4236.75,67.20873015873015,High Value,,0.0,Low Risk,High Value Customer
1734-ZMNTZ,11,25.0,300.7,Two year,No,No,25.0,11,275.0,27.33636363636364,Low Value,,0.0,Low Risk,Low Priority
2853-CWQFQ,1,59.55,59.55,Month-to-month,DSL,No,59.55,1,59.55,59.55,Low Value,,0.0,Low Risk,Low Priority
0813-TAXXS,55,77.8,4323.35,Two year,DSL,No,77.8,55,4279.0,78.60636363636364,High Value,,0.0,Low Risk,High Value Customer
2519-TWKFS,25,55.1,1466.1,One year,DSL,No,55.1,25,1377.5,58.644,Medium Value,,0.0,Low Risk,Low Priority
2889-FPWRM,72,117.8,8684.8,One year,Fiber optic,Yes,117.8,72,8481.6,120.6222222222222,Very High Value,,0.0,Low Risk,VIP Customer
0626-QXNGV,72,24.15,1776.45,Two year,No,No,24.15,72,1738.8,24.672916666666666,Medium Value,,0.0,Low Risk,Low Priority
6723-CEGQI,65,45.25,2933.95,Two year,DSL,No,45.25,65,2941.25,45.13769230769231,Medium Value,,0.0,Low Risk,Low Priority
6987-XQSJT,54,79.5,4370.25,Month-to-month,Fiber optic,Yes,79.5,54,4293.0,80.93055555555556,High Value,,0.0,Low Risk,High Value Customer
4732-RRJZC,7,20.25,144.35,Month-to-month,No,No,20.25,7,141.75,20.62142857142857,Low Value,,0.0,Low Risk,Low Priority
9499-XPZXM,72,64.75,4804.75,Two year,DSL,No,64.75,72,4662.0,66.73263888888889,High Value,,0.0,Low Risk,High Value Customer
4338-EYCER,21,54.6,1125.2,Month-to-month,DSL,No,54.6,21,1146.6,53.58095238095238,Medium Value,,0.0,Low Risk,Low Priority
3007-FDPEA,2,20.7,39.85,Month-to-month,No,No,20.7,2,41.4,19.925,Low Value,,0.0,Low Risk,Low Priority
6350-XFYGW,4,94.75,422.4,Month-to-month,Fiber optic,No,94.75,4,379.0,105.6,Low Value,,0.0,Low Risk,Low Priority
4290-BSXUX,3,79.65,251.75,Month-to-month,Fiber optic,Yes,79.65,3,238.95,83.91666666666667,Low Value,,0.0,Low Risk,Low Priority
8513-OLYGY,72,115.8,8332.15,Two year,Fiber optic,No,115.8,72,8337.6,115.72430555555556,Very High Value,,0.0,Low Risk,VIP Customer
0311-QYWSS,6,49.45,314.6,Month-to-month,DSL,No,49.45,6,296.70000000000005,52.43333333333334,Low Value,,0.0,Low Risk,Low Priority
8705-DWKTI,52,83.8,4331.4,Month-to-month,Fiber optic,No,83.8,52,4357.599999999999,83.29615384615384,High Value,,0.0,Low Risk,High Value Customer
8755-IWJHN,69,95.35,6382.0,Month-to-month,Fiber optic,No,95.35,69,6579.15,92.4927536231884,Very High Value,,0.0,Low Risk,VIP Customer
0325-XBFAC,8,94.7,740.3,Month-to-month,Fiber optic,Yes,94.7,8,757.6,92.5375,Low Value,,0.0,Low Risk,Low Priority
4480-QQRHC,8,74.05,600.15,Month-to-month,Fiber optic,No,74.05,8,592.4,75.01875,Low Value,,0.0,Low Risk,Low Priority
0929-PECLO,63,89.6,5538.8,Month-to-month,Fiber optic,No,89.6,63,5644.799999999999,87.91746031746032,High Value,,0.0,Low Risk,High Value Customer
3680-CTHUH,60,116.6,7049.5,One year,Fiber optic,No,116.6,60,6996.0,117.49166666666666,Very High Value,No,0.11,Low Risk,VIP Customer
1202-KKGFU,12,54.2,690.5,Month-to-month,DSL,No,54.2,12,650.4000000000001,57.54166666666666,Low Value,,0.0,Low Risk,Low Priority
6112-KTHFQ,13,19.3,279.3,Month-to-month,No,No,19.3,13,250.9,21.484615384615385,Low Value,No,0.01,Low Risk,Low Priority
1852-XEMDW,22,65.05,1427.55,Month-to-month,DSL,No,65.05,22,1431.1,64.88863636363637,Medium Value,No,0.1,Low Risk,Low Priority
2462-XIIJB,5,92.5,452.7,Month-to-month,Fiber optic,Yes,92.5,5,462.5,90.54,Low Value,,0.0,Low Risk,Low Priority
4760-XOHVN,1,19.45,19.45,Month-to-month,No,Yes,19.45,1,19.45,19.45,Low Value,,0.0,Low Risk,Low Priority
1820-DJFPH,72,24.05,1709.15,Two year,No,No,24.05,72,1731.6,23.73819444444445,Medium Value,No,0.005,Low Risk,Low Priority
9426-SXNHE,2,18.75,53.15,Month-to-month,No,No,18.75,2,37.5,26.575,Low Value,,0.0,Low Risk,Low Priority
9068-FHQHD,40,20.15,777.35,Two year,No,No,20.15,40,806.0,19.43375,Low Value,,0.0,Low Risk,Low Priority
1269-FOYWN,44,20.0,860.85,One year,No,No,20.0,44,880.0,19.56477272727273,Low Value,,0.0,Low Risk,Low Priority
9470-YFUYI,71,71.0,5012.1,One year,DSL,No,71.0,71,5041.0,70.59295774647887,High Value,,0.0,Low Risk,High Value Customer
7817-BOQPW,2,75.55,166.3,Month-to-month,Fiber optic,Yes,75.55,2,151.1,83.15,Low Value,Yes,0.775,High Risk,Churn Risk
7402-EYFXX,26,93.6,2404.1,Month-to-month,Fiber optic,No,93.6,26,2433.6,92.4653846153846,Medium Value,,0.0,Low Risk,Low Priority
1853-UDXBW,1,70.0,70.0,Month-to-month,Fiber optic,Yes,70.0,1,70.0,70.0,Low Value,Yes,0.825,High Risk,Churn Risk
9895-VFOXH,1,24.4,24.4,Month-to-month,DSL,No,24.4,1,24.4,24.4,Low Value,,0.0,Low Risk,Low Priority
5458-CQJTA,65,74.8,4820.15,Two year,DSL,Yes,74.8,65,4862.0,74.15615384615384,High Value,,0.0,Low Risk,High Value Customer
1230-QAJDW,3,65.25,209.9,Month-to-month,DSL,No,65.25,3,195.75,69.96666666666667,Low Value,,0.0,Low Risk,Low Priority
5701-ZIKJE,13,50.55,610.75,Month-to-month,DSL,No,50.55,13,657.15,46.98076923076923,Low Value,,0.0,Low Risk,Low Priority
5219-YIPTK,33,104.4,3409.6,Month-to-month,Fiber optic,Yes,104.4,33,3445.2000000000003,103.32121212121211,High Value,,0.0,Low Risk,High Value Customer
5032-MIYKT,1,70.7,70.7,Month-to-month,Fiber optic,No,70.7,1,70.7,70.7,Low Value,,0.0,Low Risk,Low Priority
7396-VJUZB,4,45.25,155.35,Month-to-month,DSL,No,45.25,4,181.0,38.8375,Low Value,,0.0,Low Risk,Low Priority
9717-QEBGU,2,70.3,144.0,Month-to-month,Fiber optic,No,70.3,2,140.6,72.0,Low Value,Yes,0.58,Medium Risk,Monitor
5172-RKOCB,72,108.95,7875.0,Two year,Fiber optic,No,108.95,72,7844.400000000001,109.375,Very High Value,,0.0,Low Risk,VIP Customer
6509-TSGWN,37,26.45,911.6,Month-to-month,No,No,26.45,37,978.65,24.63783783783784,Low Value,,0.0,Low Risk,Low Priority
3540-RZJYU,15,86.2,1270.2,Month-to-month,Fiber optic,Yes,86.2,15,1293.0,84.68,Medium Value,Yes,0.515,Medium Risk,Monitor
3791-LGQCY,56,100.65,5688.05,Month-to-month,Fiber optic,Yes,100.65,56,5636.400000000001,101.57232142857144,High Value,,0.0,Low Risk,High Value Customer
3178-CIFOT,23,19.65,478.1,One year,No,No,19.65,23,451.95,20.78695652173913,Low Value,,0.0,Low Risk,Low Priority
2091-MJTFX,30,51.2,1561.5,Month-to-month,DSL,Yes,51.2,30,1536.0,52.05,Medium Value,No,0.11,Low Risk,Low Priority
4530-NDRKU,42,19.05,761.85,One year,No,No,19.05,42,800.1,18.13928571428572,Low Value,No,0.05,Low Risk,Low Priority
5985-TBABQ,32,74.75,2282.95,One year,DSL,No,74.75,32,2392.0,71.3421875,Medium Value,,0.0,Low Risk,Low Priority
9800-ONTFE,22,75.8,1615.1,Month-to-month,Fiber optic,No,75.8,22,1667.6,73.41363636363636,Medium Value,,0.0,Low Risk,Low Priority
6743-HHQPF,42,25.1,1097.15,Month-to-month,DSL,No,25.1,42,1054.2,26.12261904761905,Medium Value,,0.0,Low Risk,Low Priority
8455-HIRAQ,8,44.45,369.3,Month-to-month,DSL,No,44.45,8,355.6,46.1625,Low Value,No,0.24,Low Risk,Low Priority
6616-AALSR,65,104.3,6725.3,Two year,Fiber optic,No,104.3,65,6779.5,103.46615384615384,Very High Value,,0.0,Low Risk,VIP Customer
0883-EIBTI,2,19.5,31.55,Month-to-month,No,Yes,19.5,2,39.0,15.775,Low Value,,0.0,Low Risk,Low Priority
9415-ZNBSX,70,89.0,6293.2,Two year,DSL,No,89.0,70,6230.0,89.90285714285714,Very High Value,,0.0,Low Risk,VIP Customer
4018-KJYUY,22,20.15,432.5,Month-to-month,No,No,20.15,22,443.3,19.65909090909091,Low Value,,0.0,Low Risk,Low Priority
0722-TROQR,4,74.9,321.75,Month-to-month,Fiber optic,Yes,74.9,4,299.6,80.4375,Low Value,,0.0,Low Risk,Low Priority
7571-YXDAD,2,74.9,147.15,Month-to-month,Fiber optic,Yes,74.9,2,149.8,73.575,Low Value,Yes,0.7,High Risk,Churn Risk
3884-UEBXB,67,36.15,2434.45,Two year,DSL,No,36.15,67,2422.05,36.33507462686567,Medium Value,No,0.06,Low Risk,Low Priority
8780-RSYYU,25,19.2,532.1,Month-to-month,No,No,19.2,25,480.0,21.284,Low Value,No,0.025,Low Risk,Low Priority
5537-UXXVS,20,19.25,375.25,Month-to-month,No,No,19.25,20,385.0,18.7625,Low Value,No,0.135,Low Risk,Low Priority
1791-PQHBB,2,61.2,125.95,Month-to-month,DSL,No,61.2,2,122.4,62.975,Low Value,,0.0,Low Risk,Low Priority
8701-DGLVH,51,20.45,1042.65,Two year,No,No,20.45,51,1042.95,20.444117647058825,Medium Value,No,0.01,Low Risk,Low Priority
8741-LQOBK,46,35.05,1620.25,Month-to-month,DSL,No,35.05,46,1612.3,35.22282608695652,Medium Value,No,0.17,Low Risk,Low Priority
3393-FMZPV,25,100.25,2387.75,Month-to-month,Fiber optic,Yes,100.25,25,2506.25,95.51,Medium Value,,0.0,Low Risk,Low Priority
8082-GHXOP,13,44.0,659.35,Month-to-month,DSL,No,44.0,13,572.0,50.71923076923077,Low Value,,0.0,Low Risk,Low Priority
6402-ZFPPI,25,102.8,2660.2,Month-to-month,Fiber optic,Yes,102.8,25,2570.0,106.408,Medium Value,,0.0,Low Risk,Low Priority
0980-FEXWF,26,50.35,1285.8,One year,DSL,No,50.35,26,1309.1,49.45384615384615,Medium Value,No,0.06,Low Risk,Low Priority
7486-KSRVI,43,100.0,4211.55,One year,Fiber optic,Yes,100.0,43,4300.0,97.94302325581396,High Value,,0.0,Low Risk,High Value Customer
3011-WQKSZ,19,20.0,377.55,Month-to-month,No,No,20.0,19,380.0,19.871052631578948,Low Value,No,0.23,Low Risk,Low Priority
8443-WVPSS,10,99.85,990.9,Month-to-month,Fiber optic,Yes,99.85,10,998.5,99.09,Low Value,,0.0,Low Risk,Low Priority
3006-XIMLN,2,94.2,193.8,Month-to-month,Fiber optic,Yes,94.2,2,188.4,96.9,Low Value,Yes,0.785,High Risk,Churn Risk
8218-FFJDS,72,86.4,6058.95,Two year,DSL,No,86.4,72,6220.8,84.15208333333334,Very High Value,,0.0,Low Risk,VIP Customer
1986-PHGZF,18,58.4,964.9,Month-to-month,DSL,No,58.4,18,1051.2,53.605555555555554,Medium Value,,0.0,Low Risk,Low Priority
9965-YOKZB,9,83.85,790.15,Month-to-month,Fiber optic,Yes,83.85,9,754.65,87.79444444444444,Low Value,,0.0,Low Risk,Low Priority
0504-HHAPI,27,88.3,2467.75,Month-to-month,Fiber optic,Yes,88.3,27,2384.1,91.39814814814817,Medium Value,,0.0,Low Risk,Low Priority
9360-OMDZZ,24,94.1,2322.85,Month-to-month,Fiber optic,No,94.1,24,2258.4,96.78541666666666,Medium Value,,0.0,Low Risk,Low Priority
6305-YLBMM,69,104.05,7262.0,One year,Fiber optic,Yes,104.05,69,7179.45,105.2463768115942,Very High Value,,0.0,Low Risk,VIP Customer
0345-XMMUG,46,108.9,4854.3,Two year,Fiber optic,No,108.9,46,5009.400000000001,105.52826086956522,High Value,,0.0,Low Risk,High Value Customer
8024-XNAFQ,72,107.4,7748.75,Two year,Fiber optic,No,107.4,72,7732.8,107.62152777777776,Very High Value,No,0.03,Low Risk,VIP Customer
3647-GMGDH,22,94.7,1914.9,Month-to-month,Fiber optic,Yes,94.7,22,2083.4,87.0409090909091,Medium Value,,0.0,Low Risk,Low Priority
2988-GBIVW,70,90.85,6470.1,Month-to-month,Fiber optic,No,90.85,70,6359.5,92.43,Very High Value,,0.0,Low Risk,VIP Customer
2832-SCUCO,2,19.9,57.4,Month-to-month,No,No,19.9,2,39.8,28.7,Low Value,,0.0,Low Risk,Low Priority
7036-ZZKBD,31,66.4,2019.8,Month-to-month,DSL,No,66.4,31,2058.4,65.15483870967742,Medium Value,,0.0,Low Risk,Low Priority
0265-PSUAE,16,100.7,1522.7,Month-to-month,Fiber optic,No,100.7,16,1611.2,95.16875,Medium Value,No,0.32,Low Risk,Low Priority
0463-TXOAK,52,25.6,1334.5,Two year,No,No,25.6,52,1331.2,25.66346153846154,Medium Value,No,0.05,Low Risk,Low Priority
0594-UFTUL,13,19.85,252.0,Month-to-month,No,No,19.85,13,258.05,19.384615384615383,Low Value,,0.0,Low Risk,Low Priority
9509-MPYOD,35,20.75,700.45,One year,No,No,20.75,35,726.25,20.012857142857143,Low Value,,0.0,Low Risk,Low Priority
9128-CPXKI,59,95.8,5655.45,Two year,Fiber optic,No,95.8,59,5652.2,95.85508474576272,High Value,No,0.25,Low Risk,High Value Customer
0129-KPTWJ,72,94.65,6747.35,Month-to-month,Fiber optic,No,94.65,72,6814.8,93.71319444444444,Very High Value,,0.0,Low Risk,VIP Customer
8166-ZZTFS,66,80.55,5265.1,Two year,DSL,Yes,80.55,66,5316.3,79.77424242424243,High Value,,0.0,Low Risk,High Value Customer
5855-EIBDE,49,106.65,5174.35,Two year,Fiber optic,No,106.65,49,5225.85,105.59897959183674,High Value,,0.0,Low Risk,High Value Customer
5365-LLFYV,2,45.85,105.6,Month-to-month,DSL,No,45.85,2,91.7,52.8,Low Value,,0.0,Low Risk,Low Priority
5956-YHHRX,21,104.35,2271.85,Month-to-month,Fiber optic,No,104.35,21,2191.35,108.18333333333332,Medium Value,,0.0,Low Risk,Low Priority
6008-NAIXK,54,55.45,2966.95,One year,DSL,No,55.45,54,2994.3,54.94351851851852,Medium Value,,0.0,Low Risk,Low Priority
2956-GGUCQ,24,78.85,1772.25,Month-to-month,Fiber optic,Yes,78.85,24,1892.4,73.84375,Medium Value,,0.0,Low Risk,Low Priority
1928-BXYIV,1,61.15,61.15,Month-to-month,DSL,No,61.15,1,61.15,61.15,Low Value,,0.0,Low Risk,Low Priority
5760-FXFVO,6,78.95,494.95,Month-to-month,Fiber optic,No,78.95,6,473.7000000000001,82.49166666666666,Low Value,Yes,0.57,Medium Risk,Monitor
6595-COKXZ,1,44.45,44.45,Month-to-month,DSL,Yes,44.45,1,44.45,44.45,Low Value,,0.0,Low Risk,Low Priority
0961-ZWLVI,49,109.2,5290.45,One year,Fiber optic,No,109.2,49,5350.8,107.96836734693878,High Value,,0.0,Low Risk,High Value Customer
5181-OABFK,56,61.3,3346.8,Two year,DSL,No,61.3,56,3432.8,59.76428571428572,High Value,No,0.005,Low Risk,High Value Customer
4007-NHVHI,56,96.85,5219.65,Month-to-month,Fiber optic,No,96.85,56,5423.599999999999,93.20803571428571,High Value,,0.0,Low Risk,High Value Customer
7816-VGHTO,6,40.55,217.5,Two year,DSL,No,40.55,6,243.3,36.25,Low Value,No,0.125,Low Risk,Low Priority
5871-DGTXZ,32,19.8,607.7,One year,No,No,19.8,32,633.6,18.990625,Low Value,,0.0,Low Risk,Low Priority
7550-WIQVA,50,108.25,5431.4,One year,Fiber optic,No,108.25,50,5412.5,108.628,High Value,,0.0,Low Risk,High Value Customer
7544-ZVIKX,58,105.05,6004.85,One year,Fiber optic,No,105.05,58,6092.9,103.53189655172416,Very High Value,,0.0,Low Risk,VIP Customer
0016-QLJIS,65,90.45,5957.9,Two year,DSL,No,90.45,65,5879.25,91.66,High Value,,0.0,Low Risk,High Value Customer
7508-DQAKK,64,86.4,5442.05,Two year,DSL,No,86.4,64,5529.6,85.03203125,High Value,,0.0,Low Risk,High Value Customer
5176-OLSKT,66,66.9,4370.25,Two year,DSL,No,66.9,66,4415.400000000001,66.2159090909091,High Value,,0.0,Low Risk,High Value Customer
9356-AXGMP,38,110.7,4428.6,One year,Fiber optic,No,110.7,38,4206.6,116.54210526315792,High Value,,0.0,Low Risk,High Value Customer
3556-BVQGL,20,20.0,416.45,One year,No,No,20.0,20,400.0,20.8225,Low Value,,0.0,Low Risk,Low Priority
0362-ZBZWJ,36,84.9,3067.2,Month-to-month,Fiber optic,Yes,84.9,36,3056.4,85.19999999999999,High Value,,0.0,Low Risk,High Value Customer
8979-CAMGB,64,102.1,6688.1,One year,Fiber optic,No,102.1,64,6534.4,104.5015625,Very High Value,,0.0,Low Risk,VIP Customer
4211-MMAZN,1,20.25,20.25,Month-to-month,No,Yes,20.25,1,20.25,20.25,Low Value,No,0.0738,Low Risk,Low Priority
7581-EBBOU,60,70.15,4224.7,One year,DSL,No,70.15,60,4209.0,70.41166666666666,High Value,No,0.11,Low Risk,High Value Customer
4274-OWWYO,1,74.35,74.35,Month-to-month,Fiber optic,Yes,74.35,1,74.35,74.35,Low Value,,0.0,Low Risk,Low Priority
5073-RZGBK,50,80.05,4042.2,One year,DSL,No,80.05,50,4002.5,80.844,High Value,,0.0,Low Risk,High Value Customer
1541-ETJZO,1,62.05,62.05,Month-to-month,DSL,Yes,62.05,1,62.05,62.05,Low Value,No,0.38,Low Risk,Low Priority
2192-CKRLV,72,49.2,3580.95,Two year,DSL,No,49.2,72,3542.4,49.735416666666666,High Value,,0.0,Low Risk,High Value Customer
3154-HMWUU,60,20.5,1198.8,Two year,No,No,20.5,60,1230.0,19.98,Medium Value,,0.0,Low Risk,Low Priority
6119-SPUDB,46,38.25,1755.35,Two year,DSL,No,38.25,46,1759.5,38.15978260869565,Medium Value,No,0.03,Low Risk,Low Priority
6522-OIQSX,69,54.95,3772.5,Two year,DSL,No,54.95,69,3791.55,54.67391304347826,High Value,,0.0,Low Risk,High Value Customer
7813-ZGGAW,31,96.6,2877.95,Month-to-month,Fiber optic,No,96.6,31,2994.6,92.83709677419354,Medium Value,,0.0,Low Risk,Low Priority
8748-HFWBO,19,19.9,357.7,One year,No,No,19.9,19,378.1,18.82631578947368,Low Value,,0.0,Low Risk,Low Priority
0931-MHTEM,54,100.05,5299.65,One year,Fiber optic,No,100.05,54,5402.7,98.14166666666668,High Value,,0.0,Low Risk,High Value Customer
1052-QJIBV,71,19.9,1397.3,Two year,No,No,19.9,71,1412.9,19.680281690140845,Medium Value,,0.0,Low Risk,Low Priority
1319-YLZJG,12,84.6,959.9,Month-to-month,Fiber optic,No,84.6,12,1015.2,79.99166666666666,Medium Value,Yes,0.575,Medium Risk,Monitor
4106-HADHQ,39,80.0,3182.95,One year,DSL,Yes,80.0,39,3120.0,81.61410256410257,High Value,,0.0,Low Risk,High Value Customer
0723-FDLAY,44,85.25,3704.15,One year,DSL,No,85.25,44,3751.0,84.18522727272727,High Value,,0.0,Low Risk,High Value Customer
3050-RLLXC,56,81.25,4620.4,Two year,DSL,No,81.25,56,4550.0,82.50714285714285,High Value,,0.0,Low Risk,High Value Customer
9298-WGMRW,72,115.5,8312.75,Two year,Fiber optic,No,115.5,72,8316.0,115.45486111111111,Very High Value,No,0.015,Low Risk,VIP Customer
2369-UAPKZ,5,104.1,541.9,Month-to-month,Fiber optic,Yes,104.1,5,520.5,108.38,Low Value,,0.0,Low Risk,Low Priority
3088-LHEFH,11,79.0,929.3,Month-to-month,Fiber optic,No,79.0,11,869.0,84.48181818181818,Low Value,,0.0,Low Risk,Low Priority
2778-OCLGR,24,39.1,971.3,Month-to-month,DSL,Yes,39.1,24,938.4,40.47083333333333,Low Value,No,0.455,Medium Risk,Monitor
6583-KQJLK,15,94.65,1285.05,Month-to-month,Fiber optic,No,94.65,15,1419.75,85.67,Medium Value,,0.0,Low Risk,Low Priority
8544-JNBOX,72,20.8,1521.2,Two year,No,No,20.8,72,1497.6,21.12777777777778,Medium Value,,0.0,Low Risk,Low Priority
6681-ZSEXG,56,59.5,3389.25,Two year,DSL,No,59.5,56,3332.0,60.52232142857143,High Value,No,0.025,Low Risk,High Value Customer
6139-ZZRBQ,64,20.05,1198.05,Two year,No,No,20.05,64,1283.2,18.71953125,Medium Value,,0.0,Low Risk,Low Priority
6116-RFVHN,34,100.45,3414.65,Month-to-month,Fiber optic,No,100.45,34,3415.3,100.43088235294118,High Value,,0.0,Low Risk,High Value Customer
0637-KVDLV,2,76.5,162.45,Month-to-month,Fiber optic,Yes,76.5,2,153.0,81.225,Low Value,,0.0,Low Risk,Low Priority
8884-FEEWR,35,20.6,754.0,One year,No,No,20.6,35,721.0,21.542857142857144,Low Value,,0.0,Low Risk,Low Priority
3125-RAHBV,22,20.3,467.15,One year,No,No,20.3,22,446.6,21.23409090909091,Low Value,No,0.0,Low Risk,Low Priority
6633-MPWBS,5,49.2,216.9,Month-to-month,DSL,Yes,49.2,5,246.0,43.38,Low Value,,0.0,Low Risk,Low Priority
0373-AIVNJ,9,39.55,373.0,One year,DSL,No,39.55,9,355.95,41.44444444444444,Low Value,No,0.115,Low Risk,Low Priority
8785-EPNCG,11,23.15,245.2,Month-to-month,No,Yes,23.15,11,254.65,22.29090909090909,Low Value,,0.0,Low Risk,Low Priority
1682-VCOIO,23,20.45,481.1,One year,No,No,20.45,23,470.35,20.917391304347827,Low Value,,0.0,Low Risk,Low Priority
5729-KLZAR,4,80.85,302.75,Month-to-month,Fiber optic,Yes,80.85,4,323.4,75.6875,Low Value,,0.0,Low Risk,Low Priority
2072-ZVJJX,68,25.25,1728.2,Two year,No,No,25.25,68,1717.0,25.41470588235294,Medium Value,,0.0,Low Risk,Low Priority
8849-AYPTR,33,91.25,2964.05,Month-to-month,Fiber optic,No,91.25,33,3011.25,89.81969696969698,High Value,No,0.345,Low Risk,High Value Customer
9518-IMLHK,31,72.45,2156.25,Month-to-month,DSL,No,72.45,31,2245.9500000000003,69.55645161290323,Medium Value,,0.0,Low Risk,Low Priority
1582-RAFML,1,60.1,60.1,Month-to-month,DSL,Yes,60.1,1,60.1,60.1,Low Value,,0.0,Low Risk,Low Priority
3646-ITDGM,56,19.7,1051.9,Two year,No,No,19.7,56,1103.2,18.78392857142857,Medium Value,No,0.0,Low Risk,Low Priority
8740-CRYFY,1,78.95,78.95,Month-to-month,Fiber optic,Yes,78.95,1,78.95,78.95,Low Value,,0.0,Low Risk,Low Priority
3569-VLDHH,66,75.1,5013.0,One year,DSL,No,75.1,66,4956.599999999999,75.95454545454545,High Value,,0.0,Low Risk,High Value Customer
8224-KDLKN,72,25.0,1738.9,Two year,No,No,25.0,72,1800.0,24.15138888888889,Medium Value,No,0.0,Low Risk,Low Priority
7594-LZNWR,34,69.15,2275.1,Month-to-month,Fiber optic,No,69.15,34,2351.1000000000004,66.91470588235293,Medium Value,,0.0,Low Risk,Low Priority
4001-TSBTV,58,91.55,5511.65,Month-to-month,Fiber optic,No,91.55,58,5309.9,95.02844827586206,High Value,,0.0,Low Risk,High Value Customer
2962-XPMCQ,2,45.15,98.5,Month-to-month,DSL,Yes,45.15,2,90.3,49.25,Low Value,,0.0,Low Risk,Low Priority
8727-XDPUD,37,35.8,1316.9,Two year,DSL,No,35.8,37,1324.6,35.5918918918919,Medium Value,No,0.09,Low Risk,Low Priority
1043-UXOVO,71,113.15,7993.3,Two year,Fiber optic,No,113.15,71,8033.650000000001,112.58169014084508,Very High Value,,0.0,Low Risk,VIP Customer
1064-FBXNK,1,19.85,19.85,One year,No,No,19.85,1,19.85,19.85,Low Value,,0.0,Low Risk,Low Priority
3996-ZNWYK,71,19.8,1388.45,Two year,No,No,19.8,71,1405.8,19.555633802816903,Medium Value,,0.0,Low Risk,Low Priority
2878-DHMIN,35,19.9,666.0,One year,No,No,19.9,35,696.5,19.02857142857143,Low Value,,0.0,Low Risk,Low Priority
7762-ONLJY,6,19.7,94.45,One year,No,No,19.7,6,118.2,15.741666666666667,Low Value,No,0.08,Low Risk,Low Priority
1678-FYZOW,3,79.4,244.65,Month-to-month,Fiber optic,Yes,79.4,3,238.2,81.55,Low Value,,0.0,Low Risk,Low Priority
5795-BKOYE,69,59.1,4134.7,One year,DSL,No,59.1,69,4077.9,59.9231884057971,High Value,,0.0,Low Risk,High Value Customer
8627-EHGIP,44,53.95,2375.4,One year,DSL,Yes,53.95,44,2373.8,53.98636363636364,Medium Value,,0.0,Low Risk,Low Priority
7402-PWYJJ,53,91.15,4862.5,One year,Fiber optic,No,91.15,53,4830.950000000001,91.74528301886792,High Value,,0.0,Low Risk,High Value Customer
5480-TBGPH,24,99.3,2431.35,Month-to-month,Fiber optic,Yes,99.3,24,2383.2,101.30625,Medium Value,,0.0,Low Risk,Low Priority
0018-NYROU,5,68.95,351.5,Month-to-month,Fiber optic,No,68.95,5,344.75,70.3,Low Value,,0.0,Low Risk,Low Priority
7501-VTYLJ,2,51.55,106.2,Month-to-month,DSL,No,51.55,2,103.1,53.1,Low Value,,0.0,Low Risk,Low Priority
7608-RGIRO,62,24.4,1413.0,Two year,No,No,24.4,62,1512.8,22.79032258064516,Medium Value,,0.0,Low Risk,Low Priority
0480-BIXDE,19,96.8,1743.05,Month-to-month,Fiber optic,No,96.8,19,1839.2,91.73947368421052,Medium Value,,0.0,Low Risk,Low Priority
5895-QSXOD,9,70.05,657.5,Month-to-month,Fiber optic,No,70.05,9,630.4499999999999,73.05555555555556,Low Value,,0.0,Low Risk,Low Priority
9814-AOUDH,53,19.5,1050.5,Two year,No,No,19.5,53,1033.5,19.82075471698113,Medium Value,No,0.0,Low Risk,Low Priority
6175-IRFIT,5,78.75,426.35,Month-to-month,Fiber optic,No,78.75,5,393.75,85.27000000000001,Low Value,Yes,0.6025,Medium Risk,Monitor
8760-ZRHKE,71,69.2,4982.5,One year,DSL,No,69.2,71,4913.2,70.17605633802818,High Value,,0.0,Low Risk,High Value Customer
1622-HSHSF,1,19.55,19.55,Month-to-month,No,No,19.55,1,19.55,19.55,Low Value,No,0.21280000000000002,Low Risk,Low Priority
8854-CCVSQ,18,80.65,1451.9,Month-to-month,Fiber optic,Yes,80.65,18,1451.7,80.66111111111111,Medium Value,,0.0,Low Risk,Low Priority
6749-UTDVX,72,103.65,7634.8,Two year,Fiber optic,No,103.65,72,7462.8,106.03888888888888,Very High Value,,0.0,Low Risk,VIP Customer
5542-DHSXL,4,54.7,235.05,Month-to-month,DSL,No,54.7,4,218.8,58.7625,Low Value,,0.0,Low Risk,Low Priority
9102-OXKFY,59,54.15,3116.15,Two year,DSL,No,54.15,59,3194.85,52.81610169491525,High Value,,0.0,Low Risk,High Value Customer
0511-JTEOY,1,71.1,71.1,Month-to-month,Fiber optic,Yes,71.1,1,71.1,71.1,Low Value,,0.0,Low Risk,Low Priority
5216-WASFJ,31,84.85,2633.4,Month-to-month,Fiber optic,No,84.85,31,2630.35,84.9483870967742,Medium Value,,0.0,Low Risk,Low Priority
7808-DVWEP,3,20.0,49.65,Month-to-month,No,No,20.0,3,60.0,16.55,Low Value,,0.0,Low Risk,Low Priority
7067-KSAZT,65,106.25,6979.8,One year,Fiber optic,Yes,106.25,65,6906.25,107.38153846153848,Very High Value,No,0.18,Low Risk,VIP Customer
2284-VFLKH,49,99.25,4920.8,One year,Fiber optic,No,99.25,49,4863.25,100.42448979591838,High Value,,0.0,Low Risk,High Value Customer
0366-NQSHS,2,19.35,46.35,Month-to-month,No,No,19.35,2,38.7,23.175,Low Value,,0.0,Low Risk,Low Priority
6532-YLWSI,53,20.8,1021.8,One year,No,Yes,20.8,53,1102.4,19.279245283018867,Medium Value,,0.0,Low Risk,Low Priority
3807-BPOMJ,55,94.75,5276.1,One year,Fiber optic,No,94.75,55,5211.25,95.92909090909092,High Value,,0.0,Low Risk,High Value Customer
3892-NXAZG,72,114.05,8289.2,Two year,Fiber optic,No,114.05,72,8211.6,115.1277777777778,Very High Value,,0.0,Low Risk,VIP Customer
4948-WBBKL,36,74.9,2659.45,Month-to-month,Fiber optic,No,74.9,36,2696.4,73.8736111111111,Medium Value,,0.0,Low Risk,Low Priority
4182-BGSIQ,10,19.8,196.75,Month-to-month,No,No,19.8,10,198.0,19.675,Low Value,,0.0,Low Risk,Low Priority
9300-AGZNL,1,94.0,94.0,Month-to-month,Fiber optic,Yes,94.0,1,94.0,94.0,Low Value,,0.0,Low Risk,Low Priority
0988-AADSA,72,80.85,5824.75,Two year,DSL,No,80.85,72,5821.2,80.89930555555556,High Value,,0.0,Low Risk,High Value Customer
9972-NKTFD,28,54.65,1517.5,Month-to-month,DSL,No,54.65,28,1530.2,54.19642857142857,Medium Value,No,0.095,Low Risk,Low Priority
3717-LNXKW,38,91.7,3479.05,Month-to-month,Fiber optic,No,91.7,38,3484.6,91.55394736842106,High Value,,0.0,Low Risk,High Value Customer
5734-EJKXG,61,118.6,7365.7,One year,Fiber optic,No,118.6,61,7234.599999999999,120.74918032786886,Very High Value,,0.0,Low Risk,VIP Customer
2207-RYYRL,52,24.55,1331.05,Two year,No,No,24.55,52,1276.6,25.597115384615385,Medium Value,,0.0,Low Risk,Low Priority
6729-FZWSY,67,19.45,1195.95,One year,No,No,19.45,67,1303.15,17.85,Medium Value,,0.0,Low Risk,Low Priority
9695-IDRZR,34,116.15,3946.9,Two year,Fiber optic,No,116.15,34,3949.1,116.08529411764708,High Value,,0.0,Low Risk,High Value Customer
8144-DGHXP,54,80.6,4299.95,Two year,DSL,No,80.6,54,4352.4,79.6287037037037,High Value,,0.0,Low Risk,High Value Customer
2055-PDADH,3,70.4,204.7,Month-to-month,Fiber optic,Yes,70.4,3,211.2,68.23333333333333,Low Value,,0.0,Low Risk,Low Priority
7814-LEEVE,1,20.3,20.3,Month-to-month,No,No,20.3,1,20.3,20.3,Low Value,,0.0,Low Risk,Low Priority
1112-CUNAO,15,89.85,1424.95,Month-to-month,Fiber optic,Yes,89.85,15,1347.75,94.99666666666668,Medium Value,Yes,0.565,Medium Risk,Monitor
5175-AOBHI,4,46.0,193.6,Month-to-month,DSL,Yes,46.0,4,184.0,48.4,Low Value,,0.0,Low Risk,Low Priority
5174-RNGBH,9,66.25,620.55,Month-to-month,DSL,Yes,66.25,9,596.25,68.94999999999999,Low Value,,0.0,Low Risk,Low Priority
8631-WUXGY,46,99.8,4391.25,Month-to-month,Fiber optic,No,99.8,46,4590.8,95.46195652173913,High Value,,0.0,Low Risk,High Value Customer
7270-BDIOA,22,90.0,1993.8,Month-to-month,Fiber optic,Yes,90.0,22,1980.0,90.62727272727273,Medium Value,,0.0,Low Risk,Low Priority
9565-JSNFM,38,70.45,2597.6,One year,Fiber optic,Yes,70.45,38,2677.1,68.3578947368421,Medium Value,No,0.165,Low Risk,Low Priority
5906-DVAPM,55,75.0,4213.9,One year,DSL,No,75.0,55,4125.0,76.61636363636363,High Value,,0.0,Low Risk,High Value Customer
6654-QGBZZ,1,19.9,19.9,Month-to-month,No,No,19.9,1,19.9,19.9,Low Value,No,0.47369999999999995,Medium Risk,Monitor
8348-JLBUG,64,80.3,5017.7,One year,Fiber optic,No,80.3,64,5139.2,78.4015625,High Value,,0.0,Low Risk,High Value Customer
0607-DAAHE,53,19.75,1052.35,Two year,No,Yes,19.75,53,1046.75,19.85566037735849,Medium Value,,0.0,Low Risk,Low Priority
5641-DMBFJ,58,84.3,4916.4,Two year,DSL,No,84.3,58,4889.4,84.7655172413793,High Value,,0.0,Low Risk,High Value Customer
9200-NLNPD,56,54.05,2959.8,One year,DSL,No,54.05,56,3026.8,52.85357142857144,High Value,,0.0,Low Risk,High Value Customer
2664-XJZNO,72,104.9,7559.55,Two year,Fiber optic,No,104.9,72,7552.8,104.99375,Very High Value,,0.0,Low Risk,VIP Customer
9732-KPKBW,1,53.95,53.95,Month-to-month,DSL,Yes,53.95,1,53.95,53.95,Low Value,No,0.44,Medium Risk,Monitor
3339-EAQNV,72,97.25,7133.1,One year,Fiber optic,No,97.25,72,7002.0,99.07083333333334,Very High Value,No,0.225,Low Risk,VIP Customer
0921-OHLVP,22,83.05,1799.3,Month-to-month,Fiber optic,No,83.05,22,1827.1,81.78636363636363,Medium Value,,0.0,Low Risk,Low Priority
3389-YGYAI,8,105.5,829.55,Month-to-month,Fiber optic,Yes,105.5,8,844.0,103.69375,Low Value,,0.0,Low Risk,Low Priority
9560-ARGQJ,16,81.0,1312.15,Month-to-month,Fiber optic,Yes,81.0,16,1296.0,82.009375,Medium Value,,0.0,Low Risk,Low Priority
8350-NYMVI,39,41.1,1597.05,Month-to-month,DSL,No,41.1,39,1602.9,40.95,Medium Value,,0.0,Low Risk,Low Priority
1600-DILPE,12,45.0,524.35,Month-to-month,DSL,No,45.0,12,540.0,43.69583333333333,Low Value,,0.0,Low Risk,Low Priority
0536-ESJEP,54,74.55,4191.45,Two year,DSL,No,74.55,54,4025.7,77.61944444444444,High Value,,0.0,Low Risk,High Value Customer
4654-GGUII,18,40.2,711.95,One year,DSL,No,40.2,18,723.6,39.55277777777778,Low Value,,0.0,Low Risk,Low Priority
6478-HRRCZ,32,70.5,2201.75,One year,DSL,No,70.5,32,2256.0,68.8046875,Medium Value,,0.0,Low Risk,Low Priority
8510-BBWMU,41,19.75,806.95,One year,No,No,19.75,41,809.75,19.68170731707317,Low Value,,0.0,Low Risk,Low Priority
6857-TKDJV,67,24.65,1620.45,Two year,No,No,24.65,67,1651.55,24.18582089552239,Medium Value,,0.0,Low Risk,Low Priority
2360-RDGRO,65,104.25,6812.95,Month-to-month,Fiber optic,No,104.25,65,6776.25,104.81461538461538,Very High Value,,0.0,Low Risk,VIP Customer
0584-BJQGZ,25,78.35,1837.9,Month-to-month,DSL,No,78.35,25,1958.75,73.516,Medium Value,,0.0,Low Risk,Low Priority
5134-IKDAY,1,69.8,69.8,Month-to-month,Fiber optic,Yes,69.8,1,69.8,69.8,Low Value,,0.0,Low Risk,Low Priority
1360-XFJMR,67,109.7,7344.45,One year,Fiber optic,No,109.7,67,7349.900000000001,109.6186567164179,Very High Value,No,0.095,Low Risk,VIP Customer
3070-DVEYC,7,73.75,545.15,Month-to-month,Fiber optic,Yes,73.75,7,516.25,77.87857142857142,Low Value,,0.0,Low Risk,Low Priority
5730-RIITO,43,33.45,1500.25,Month-to-month,DSL,No,33.45,43,1438.35,34.88953488372093,Medium Value,,0.0,Low Risk,Low Priority
9058-MJLZC,24,94.6,2283.15,Month-to-month,Fiber optic,No,94.6,24,2270.4,95.13125,Medium Value,,0.0,Low Risk,Low Priority
5707-ORNDZ,9,54.55,494.05,Month-to-month,DSL,Yes,54.55,9,490.95,54.894444444444446,Low Value,,0.0,Low Risk,Low Priority
0902-XKXPN,69,20.2,1376.5,Two year,No,No,20.2,69,1393.8,19.94927536231884,Medium Value,,0.0,Low Risk,Low Priority
5177-RVZNU,37,20.3,755.4,One year,No,No,20.3,37,751.1,20.416216216216217,Low Value,,0.0,Low Risk,Low Priority
0056-EPFBG,20,39.4,825.4,Two year,DSL,No,39.4,20,788.0,41.27,Low Value,No,0.065,Low Risk,Low Priority
8993-IZEUX,7,69.15,488.65,Month-to-month,Fiber optic,No,69.15,7,484.05000000000007,69.80714285714285,Low Value,,0.0,Low Risk,Low Priority
8696-JKZNU,37,76.25,2841.55,Month-to-month,Fiber optic,Yes,76.25,37,2821.25,76.79864864864865,Medium Value,Yes,0.555,Medium Risk,Monitor
5380-AFSSK,5,93.9,486.85,Month-to-month,Fiber optic,Yes,93.9,5,469.5,97.37,Low Value,,0.0,Low Risk,Low Priority
8190-ZTQFB,41,51.35,2075.1,One year,DSL,No,51.35,41,2105.35,50.61219512195122,Medium Value,No,0.195,Low Risk,Low Priority
7515-LODFU,69,20.3,1356.3,Two year,No,No,20.3,69,1400.7,19.656521739130437,Medium Value,No,0.005,Low Risk,Low Priority
0440-UEDAI,53,94.45,5042.75,One year,Fiber optic,No,94.45,53,5005.85,95.14622641509432,High Value,No,0.16,Low Risk,High Value Customer
1337-BOZWO,18,46.4,812.4,One year,DSL,No,46.4,18,835.1999999999999,45.13333333333333,Low Value,,0.0,Low Risk,Low Priority
0868-VJRDR,64,104.05,6605.55,Two year,Fiber optic,No,104.05,64,6659.2,103.21171875,Very High Value,No,0.1,Low Risk,VIP Customer
8714-EUHJO,31,91.15,2995.45,Month-to-month,Fiber optic,Yes,91.15,31,2825.65,96.62741935483872,Medium Value,No,0.39,Low Risk,Low Priority
6344-SFJVH,20,24.9,505.95,Month-to-month,DSL,No,24.9,20,498.0,25.2975,Low Value,,0.0,Low Risk,Low Priority
3950-VPYJB,57,59.6,3509.4,One year,DSL,No,59.6,57,3397.2000000000003,61.56842105263158,High Value,,0.0,Low Risk,High Value Customer
8041-TMEID,63,108.5,6991.9,Two year,Fiber optic,No,108.5,63,6835.5,110.98253968253968,Very High Value,,0.0,Low Risk,VIP Customer
7321-ZNSLA,13,40.55,590.35,Two year,DSL,No,40.55,13,527.15,45.41153846153846,Low Value,,0.0,Low Risk,Low Priority
6941-KXRRV,48,58.95,2789.7,One year,DSL,No,58.95,48,2829.6000000000004,58.11875,Medium Value,,0.0,Low Risk,Low Priority
3721-CNEYS,2,70.95,137.95,Month-to-month,Fiber optic,Yes,70.95,2,141.9,68.975,Low Value,Yes,0.695,Medium Risk,Monitor
8727-JQFHV,57,20.75,1123.15,Two year,No,No,20.75,57,1182.75,19.704385964912284,Medium Value,,0.0,Low Risk,Low Priority
9475-NNDGC,71,113.15,7953.25,One year,Fiber optic,No,113.15,71,8033.650000000001,112.01760563380282,Very High Value,,0.0,Low Risk,VIP Customer
1355-KUSBG,7,48.8,349.8,Month-to-month,DSL,No,48.8,7,341.6,49.971428571428575,Low Value,,0.0,Low Risk,Low Priority
3688-FTHLT,16,63.05,1067.05,Month-to-month,DSL,No,63.05,16,1008.8,66.690625,Medium Value,,0.0,Low Risk,Low Priority
0899-LIIBW,34,100.85,3527.3,Month-to-month,Fiber optic,No,100.85,34,3428.9,103.74411764705884,High Value,No,0.44,Medium Risk,High Value Customer
2568-OIADY,37,99.5,3762.0,Month-to-month,Fiber optic,Yes,99.5,37,3681.5,101.67567567567568,High Value,,0.0,Low Risk,High Value Customer
1384-RCUXW,16,80.55,1248.9,Month-to-month,Fiber optic,No,80.55,16,1288.8,78.05625,Medium Value,,0.0,Low Risk,Low Priority
5825-XJOCM,48,64.4,3035.35,One year,DSL,No,64.4,48,3091.2000000000003,63.23645833333333,High Value,No,0.05,Low Risk,High Value Customer
6848-YLDFR,58,75.2,4300.8,One year,DSL,No,75.2,58,4361.6,74.15172413793104,High Value,No,0.085,Low Risk,High Value Customer
8125-QPFJD,72,84.9,6065.3,Two year,DSL,No,84.9,72,6112.8,84.24027777777778,Very High Value,,0.0,Low Risk,VIP Customer
2320-YKQBO,7,19.3,144.95,Month-to-month,No,No,19.3,7,135.1,20.707142857142856,Low Value,,0.0,Low Risk,Low Priority
1193-RTSLK,38,83.9,3233.6,Month-to-month,Fiber optic,Yes,83.9,38,3188.2000000000003,85.09473684210526,High Value,,0.0,Low Risk,High Value Customer
2302-ANTDP,48,117.45,5438.9,Month-to-month,Fiber optic,Yes,117.45,48,5637.6,113.31041666666664,High Value,,0.0,Low Risk,High Value Customer
5923-GXUOC,10,104.4,1081.45,Month-to-month,Fiber optic,Yes,104.4,10,1044.0,108.145,Medium Value,,0.0,Low Risk,Low Priority
4973-RLZVI,30,74.65,2308.6,One year,DSL,No,74.65,30,2239.5,76.95333333333333,Medium Value,No,0.165,Low Risk,Low Priority
7869-ZYDST,31,59.05,1882.8,Month-to-month,DSL,No,59.05,31,1830.55,60.73548387096774,Medium Value,,0.0,Low Risk,Low Priority
4501-UYKBC,46,69.1,3255.35,One year,DSL,No,69.1,46,3178.6,70.76847826086956,High Value,No,0.19,Low Risk,High Value Customer
1215-EXRMO,50,20.55,1067.65,Two year,No,No,20.55,50,1027.5,21.353,Medium Value,,0.0,Low Risk,Low Priority
2305-MRGLV,28,76.55,2065.4,Month-to-month,Fiber optic,No,76.55,28,2143.4,73.76428571428572,Medium Value,,0.0,Low Risk,Low Priority
8404-VIOMB,66,62.5,4136.4,Two year,DSL,No,62.5,66,4125.0,62.67272727272727,High Value,,0.0,Low Risk,High Value Customer
5233-GEEAX,8,29.4,221.9,Month-to-month,DSL,Yes,29.4,8,235.2,27.7375,Low Value,,0.0,Low Risk,Low Priority
2359-KLTEK,41,94.9,3848.0,Month-to-month,Fiber optic,No,94.9,41,3890.9,93.85365853658536,High Value,,0.0,Low Risk,High Value Customer
5304-EFJLP,72,111.65,8022.85,Two year,Fiber optic,No,111.65,72,8038.8,111.42847222222224,Very High Value,,0.0,Low Risk,VIP Customer
2673-ZALNP,7,19.9,173.15,One year,No,No,19.9,7,139.29999999999998,24.735714285714288,Low Value,,0.0,Low Risk,Low Priority
9184-GALIL,38,20.45,781.25,Month-to-month,No,No,20.45,38,777.1,20.55921052631579,Low Value,,0.0,Low Risk,Low Priority
4393-RYCRE,44,106.05,4510.8,One year,Fiber optic,No,106.05,44,4666.2,102.51818181818182,High Value,,0.0,Low Risk,High Value Customer
9746-MDMBK,47,113.45,5317.8,One year,Fiber optic,No,113.45,47,5332.150000000001,113.14468085106384,High Value,,0.0,Low Risk,High Value Customer
3162-ZJZFU,53,92.55,4779.45,Month-to-month,Fiber optic,No,92.55,53,4905.15,90.17830188679244,High Value,,0.0,Low Risk,High Value Customer
8404-GFGCZ,4,65.6,250.1,Month-to-month,DSL,No,65.6,4,262.4,62.525,Low Value,,0.0,Low Risk,Low Priority
8875-AKBYH,20,84.35,1745.2,Month-to-month,Fiber optic,No,84.35,20,1687.0,87.26,Medium Value,,0.0,Low Risk,Low Priority
4432-ADRLB,2,44.65,74.9,Month-to-month,DSL,Yes,44.65,2,89.3,37.45,Low Value,,0.0,Low Risk,Low Priority
0533-UCAAU,57,71.1,4140.1,One year,DSL,No,71.1,57,4052.7,72.63333333333334,High Value,,0.0,Low Risk,High Value Customer
1394-SUIUH,44,85.15,3670.5,Month-to-month,Fiber optic,No,85.15,44,3746.6,83.42045454545455,High Value,,0.0,Low Risk,High Value Customer
3521-MNKLV,24,49.7,1167.8,Month-to-month,DSL,No,49.7,24,1192.8000000000002,48.65833333333333,Medium Value,,0.0,Low Risk,Low Priority
2533-TIBIX,15,30.2,469.65,Month-to-month,DSL,No,30.2,15,453.0,31.31,Low Value,,0.0,Low Risk,Low Priority
8993-PHFWD,3,25.25,58.9,Month-to-month,DSL,Yes,25.25,3,75.75,19.633333333333333,Low Value,No,0.38,Low Risk,Low Priority
1565-RHDJD,4,84.05,333.55,Month-to-month,Fiber optic,Yes,84.05,4,336.2,83.3875,Low Value,,0.0,Low Risk,Low Priority
7137-RYLPP,37,85.7,3171.15,Month-to-month,Fiber optic,Yes,85.7,37,3170.9,85.70675675675676,High Value,,0.0,Low Risk,High Value Customer
3765-JXVKY,1,74.7,74.7,Month-to-month,Fiber optic,Yes,74.7,1,74.7,74.7,Low Value,,0.0,Low Risk,Low Priority
5092-STPKP,24,56.35,1381.2,Month-to-month,DSL,No,56.35,24,1352.4,57.55,Medium Value,,0.0,Low Risk,Low Priority
7330-WZLNC,5,90.8,455.5,Month-to-month,Fiber optic,Yes,90.8,5,454.0,91.1,Low Value,,0.0,Low Risk,Low Priority
0114-PEGZZ,33,107.55,3645.5,Month-to-month,Fiber optic,No,107.55,33,3549.15,110.46969696969695,High Value,,0.0,Low Risk,High Value Customer
3359-DSRKA,58,19.85,1158.85,Two year,No,No,19.85,58,1151.3000000000002,19.980172413793102,Medium Value,,0.0,Low Risk,Low Priority
8639-NHQEI,72,95.9,6954.15,Two year,Fiber optic,No,95.9,72,6904.8,96.58541666666666,Very High Value,,0.0,Low Risk,VIP Customer
7161-DFHUF,71,23.85,1672.1,Two year,No,No,23.85,71,1693.35,23.55070422535211,Medium Value,,0.0,Low Risk,Low Priority
3957-LXOLK,28,106.15,3152.5,Month-to-month,Fiber optic,Yes,106.15,28,2972.2000000000003,112.58928571428572,Medium Value,,0.0,Low Risk,Low Priority
3720-DBRWL,51,83.85,4307.1,Two year,DSL,No,83.85,51,4276.349999999999,84.45294117647059,High Value,,0.0,Low Risk,High Value Customer
6635-MYYYZ,30,85.35,2530.4,One year,DSL,Yes,85.35,30,2560.5,84.34666666666666,Medium Value,,0.0,Low Risk,Low Priority
8565-WUXZU,72,84.8,6141.65,Two year,Fiber optic,No,84.8,72,6105.599999999999,85.30069444444445,Very High Value,,0.0,Low Risk,VIP Customer
5281-BUZGT,36,90.85,3186.7,Month-to-month,Fiber optic,Yes,90.85,36,3270.6,88.51944444444445,High Value,No,0.45,Medium Risk,High Value Customer
4994-OBRSZ,14,76.1,1054.8,Two year,DSL,No,76.1,14,1065.4,75.34285714285714,Medium Value,,0.0,Low Risk,Low Priority
0562-FGDCR,72,74.55,5430.65,Two year,DSL,No,74.55,72,5367.599999999999,75.42569444444445,High Value,No,0.035,Low Risk,High Value Customer
2436-QBZFP,22,39.2,849.9,Month-to-month,DSL,No,39.2,22,862.4000000000001,38.63181818181818,Low Value,,0.0,Low Risk,Low Priority
3420-YJLQT,2,79.55,151.75,Month-to-month,Fiber optic,No,79.55,2,159.1,75.875,Low Value,,0.0,Low Risk,Low Priority
6040-CGACY,15,19.6,299.4,Month-to-month,No,No,19.6,15,294.0,19.96,Low Value,,0.0,Low Risk,Low Priority
6582-PLFUU,51,19.55,1086.75,Two year,No,No,19.55,51,997.05,21.308823529411764,Low Value,,0.0,Low Risk,Low Priority
8242-PDSGJ,70,39.15,2692.75,Two year,DSL,No,39.15,70,2740.5,38.46785714285714,Medium Value,,0.0,Low Risk,Low Priority
0264-CNITK,71,20.1,1389.6,Two year,No,No,20.1,71,1427.1,19.57183098591549,Medium Value,,0.0,Low Risk,Low Priority
0089-IIQKO,39,99.95,3767.4,Month-to-month,Fiber optic,No,99.95,39,3898.05,96.6,High Value,,0.0,Low Risk,High Value Customer
7839-NUIAA,61,59.8,3641.5,Month-to-month,DSL,No,59.8,61,3647.8,59.69672131147541,High Value,,0.0,Low Risk,High Value Customer
6075-QMNRR,52,49.75,2535.55,Month-to-month,DSL,No,49.75,52,2587.0,48.760576923076925,Medium Value,No,0.12,Low Risk,Low Priority
5378-IKEEG,1,35.75,35.75,Month-to-month,DSL,Yes,35.75,1,35.75,35.75,Low Value,,0.0,Low Risk,Low Priority
5966-EMAZU,64,108.5,6880.85,One year,Fiber optic,No,108.5,64,6944.0,107.51328125,Very High Value,No,0.165,Low Risk,VIP Customer
0440-EKDCF,62,60.15,3753.2,Two year,DSL,No,60.15,62,3729.3,60.53548387096774,High Value,,0.0,Low Risk,High Value Customer
4774-HHGGS,30,19.05,637.55,Two year,No,No,19.05,30,571.5,21.251666666666665,Low Value,,0.0,Low Risk,Low Priority
2718-GAXQD,4,46.0,181.6,Month-to-month,DSL,Yes,46.0,4,184.0,45.4,Low Value,,0.0,Low Risk,Low Priority
2055-BFOCC,63,84.0,5329.55,One year,DSL,No,84.0,63,5292.0,84.59603174603176,High Value,,0.0,Low Risk,High Value Customer
8180-AKMJV,1,44.55,44.55,Month-to-month,DSL,No,44.55,1,44.55,44.55,Low Value,,0.0,Low Risk,Low Priority
4298-OYIFC,15,103.45,1539.8,Month-to-month,Fiber optic,No,103.45,15,1551.75,102.65333333333334,Medium Value,,0.0,Low Risk,Low Priority
5566-SOEZD,27,80.65,2209.75,One year,Fiber optic,No,80.65,27,2177.55,81.8425925925926,Medium Value,No,0.09,Low Risk,Low Priority
9842-EFSYY,4,57.2,223.75,Month-to-month,DSL,No,57.2,4,228.8,55.9375,Low Value,No,0.31,Low Risk,Low Priority
2272-WUSPA,72,110.75,7751.7,Two year,Fiber optic,No,110.75,72,7974.0,107.6625,Very High Value,No,0.055,Low Risk,VIP Customer
4584-LBNMK,45,24.7,1174.35,One year,No,No,24.7,45,1111.5,26.096666666666664,Medium Value,,0.0,Low Risk,Low Priority
3898-GUYTS,45,97.05,4385.05,Month-to-month,Fiber optic,No,97.05,45,4367.25,97.44555555555556,High Value,,0.0,Low Risk,High Value Customer
0930-EHUZA,36,76.35,2606.35,One year,DSL,No,76.35,36,2748.6,72.39861111111111,Medium Value,,0.0,Low Risk,Low Priority
6413-XKKPU,17,89.4,1539.45,Month-to-month,Fiber optic,Yes,89.4,17,1519.8000000000002,90.55588235294118,Medium Value,,0.0,Low Risk,Low Priority
9975-SKRNR,1,18.9,18.9,Month-to-month,No,No,18.9,1,18.9,18.9,Low Value,,0.0,Low Risk,Low Priority
3703-KBKZP,16,74.45,1261.35,Month-to-month,Fiber optic,No,74.45,16,1191.2,78.834375,Medium Value,,0.0,Low Risk,Low Priority
1449-XQEMT,3,19.8,58.15,Month-to-month,No,Yes,19.8,3,59.400000000000006,19.383333333333333,Low Value,,0.0,Low Risk,Low Priority
2626-URJFX,4,50.9,225.6,Month-to-month,DSL,Yes,50.9,4,203.6,56.4,Low Value,,0.0,Low Risk,Low Priority
4973-MGTON,71,84.4,5969.3,Two year,DSL,No,84.4,71,5992.400000000001,84.07464788732395,High Value,,0.0,Low Risk,High Value Customer
3682-YEUWS,10,24.4,253.9,Month-to-month,No,No,24.4,10,244.0,25.39,Low Value,,0.0,Low Risk,Low Priority
1223-UNPKS,20,20.05,400.0,Two year,No,No,20.05,20,401.0,20.0,Low Value,,0.0,Low Risk,Low Priority
2612-RRIDN,4,81.0,340.85,Month-to-month,Fiber optic,Yes,81.0,4,324.0,85.2125,Low Value,,0.0,Low Risk,Low Priority
4735-ASGMA,26,98.35,2515.3,Month-to-month,Fiber optic,Yes,98.35,26,2557.1,96.7423076923077,Medium Value,Yes,0.69,Medium Risk,Monitor
3446-QDSZF,4,55.5,227.35,Month-to-month,DSL,No,55.5,4,222.0,56.8375,Low Value,,0.0,Low Risk,Low Priority
3669-LVWZB,5,51.0,305.95,Month-to-month,DSL,Yes,51.0,5,255.0,61.19,Low Value,,0.0,Low Risk,Low Priority
6892-EZDTG,4,91.65,365.4,Month-to-month,Fiber optic,Yes,91.65,4,366.6,91.35,Low Value,,0.0,Low Risk,Low Priority
5117-IFGPS,29,84.3,2357.75,Month-to-month,Fiber optic,No,84.3,29,2444.7,81.30172413793103,Medium Value,,0.0,Low Risk,Low Priority
7379-FNIUJ,2,100.2,198.5,Month-to-month,Fiber optic,No,100.2,2,200.4,99.25,Low Value,,0.0,Low Risk,Low Priority
1627-AFWVJ,29,19.4,554.25,Two year,No,No,19.4,29,562.5999999999999,19.11206896551724,Low Value,,0.0,Low Risk,Low Priority
9725-SCPZG,1,90.85,90.85,Month-to-month,Fiber optic,Yes,90.85,1,90.85,90.85,Low Value,,0.0,Low Risk,Low Priority
5884-GCYMI,1,69.4,69.4,Month-to-month,Fiber optic,Yes,69.4,1,69.4,69.4,Low Value,,0.0,Low Risk,Low Priority
3217-FZDMN,8,94.45,742.95,Month-to-month,Fiber optic,Yes,94.45,8,755.6,92.86875,Low Value,,0.0,Low Risk,Low Priority
4486-EFAEB,13,20.4,251.65,Month-to-month,No,No,20.4,13,265.2,19.357692307692307,Low Value,,0.0,Low Risk,Low Priority
0060-FUALY,59,94.75,5597.65,Month-to-month,Fiber optic,No,94.75,59,5590.25,94.87542372881356,High Value,,0.0,Low Risk,High Value Customer
7853-GVUDZ,1,20.15,20.15,Month-to-month,No,Yes,20.15,1,20.15,20.15,Low Value,,0.0,Low Risk,Low Priority
7480-QNVZJ,50,95.7,4816.7,Month-to-month,Fiber optic,Yes,95.7,50,4785.0,96.334,High Value,,0.0,Low Risk,High Value Customer
6954-OOYZZ,18,44.35,768.05,Month-to-month,DSL,No,44.35,18,798.3000000000001,42.66944444444445,Low Value,,0.0,Low Risk,Low Priority
7088-FBAWU,17,74.55,1215.8,Month-to-month,DSL,No,74.55,17,1267.35,71.51764705882353,Medium Value,,0.0,Low Risk,Low Priority
8313-AFGBW,47,73.6,3522.65,Two year,DSL,No,73.6,47,3459.2,74.95,High Value,,0.0,Low Risk,High Value Customer
3943-KDREE,26,74.95,1834.95,Month-to-month,Fiber optic,Yes,74.95,26,1948.7,70.575,Medium Value,,0.0,Low Risk,Low Priority
9239-ZBZZV,6,47.95,305.1,Month-to-month,DSL,Yes,47.95,6,287.70000000000005,50.85,Low Value,,0.0,Low Risk,Low Priority
3097-IDVPU,19,50.1,910.45,Month-to-month,DSL,No,50.1,19,951.9,47.91842105263158,Low Value,,0.0,Low Risk,Low Priority
4398-HSCJH,3,63.6,155.65,Month-to-month,DSL,Yes,63.6,3,190.8,51.88333333333333,Low Value,,0.0,Low Risk,Low Priority
2197-OMWGI,68,53.0,3656.25,Two year,DSL,No,53.0,68,3604.0,53.76838235294117,High Value,,0.0,Low Risk,High Value Customer
2303-PJYHN,2,19.85,52.0,Month-to-month,No,No,19.85,2,39.7,26.0,Low Value,,0.0,Low Risk,Low Priority
9795-VOWON,7,24.35,150.85,One year,DSL,No,24.35,7,170.45000000000002,21.55,Low Value,,0.0,Low Risk,Low Priority
1237-WIYYZ,18,19.55,389.25,Month-to-month,No,No,19.55,18,351.90000000000003,21.625,Low Value,,0.0,Low Risk,Low Priority
1987-AUELQ,71,25.05,1873.7,Two year,No,No,25.05,71,1778.55,26.390140845070423,Medium Value,,0.0,Low Risk,Low Priority
7852-LECYP,13,93.8,1261.0,Month-to-month,Fiber optic,No,93.8,13,1219.4,97.0,Medium Value,,0.0,Low Risk,Low Priority
4430-UZIPO,3,36.85,108.7,Month-to-month,DSL,Yes,36.85,3,110.55,36.23333333333333,Low Value,,0.0,Low Risk,Low Priority
4822-LPTYJ,72,103.75,7346.2,Two year,Fiber optic,No,103.75,72,7470.0,102.03055555555557,Very High Value,,0.0,Low Risk,VIP Customer
8165-CBKXO,66,56.75,3708.4,Two year,DSL,No,56.75,66,3745.5,56.18787878787879,High Value,,0.0,Low Risk,High Value Customer
6527-PZFPV,24,20.8,469.65,One year,No,No,20.8,24,499.2000000000001,19.56875,Low Value,No,0.01,Low Risk,Low Priority
4855-SNKMY,1,44.1,44.1,Month-to-month,DSL,Yes,44.1,1,44.1,44.1,Low Value,,0.0,Low Risk,Low Priority
9593-CVZKR,56,24.45,1385.85,Two year,No,No,24.45,56,1369.2,24.74732142857143,Medium Value,,0.0,Low Risk,Low Priority
8595-SIZNC,22,25.6,548.8,One year,No,No,25.6,22,563.2,24.94545454545454,Low Value,,0.0,Low Risk,Low Priority
8008-HAWED,14,50.75,712.75,Month-to-month,DSL,Yes,50.75,14,710.5,50.910714285714285,Low Value,,0.0,Low Risk,Low Priority
7124-UGSUR,61,104.4,6405.0,One year,Fiber optic,Yes,104.4,61,6368.400000000001,105.0,Very High Value,No,0.11,Low Risk,VIP Customer
1862-SKORY,40,39.3,1637.4,Month-to-month,DSL,Yes,39.3,40,1572.0,40.935,Medium Value,,0.0,Low Risk,Low Priority
5236-XMZJY,42,59.65,2536.55,Month-to-month,DSL,No,59.65,42,2505.3,60.394047619047626,Medium Value,No,0.06,Low Risk,Low Priority
4827-DPADN,72,83.3,6042.7,Two year,DSL,No,83.3,72,5997.599999999999,83.92638888888888,High Value,,0.0,Low Risk,High Value Customer
2694-CIUMO,12,79.55,958.25,Month-to-month,Fiber optic,No,79.55,12,954.6,79.85416666666667,Low Value,No,0.46,Medium Risk,Monitor
5846-ABOBJ,71,24.45,1730.65,Two year,No,No,24.45,71,1735.95,24.375352112676055,Medium Value,,0.0,Low Risk,Low Priority
1439-LCGVL,26,19.2,459.6,One year,No,No,19.2,26,499.2,17.676923076923078,Low Value,,0.0,Low Risk,Low Priority
0909-SDHNU,7,29.8,201.95,Month-to-month,DSL,No,29.8,7,208.6,28.85,Low Value,,0.0,Low Risk,Low Priority
4647-XXZAM,6,45.5,285.2,Month-to-month,DSL,No,45.5,6,273.0,47.53333333333333,Low Value,,0.0,Low Risk,Low Priority
1502-XFCVR,58,106.45,6145.85,One year,Fiber optic,Yes,106.45,58,6174.1,105.96293103448276,Very High Value,,0.0,Low Risk,VIP Customer
7740-KKCXF,51,30.05,1529.45,Month-to-month,DSL,No,30.05,51,1532.55,29.98921568627451,Medium Value,,0.0,Low Risk,Low Priority
5360-XGYAZ,72,65.65,4664.5,Two year,DSL,No,65.65,72,4726.8,64.78472222222223,High Value,,0.0,Low Risk,High Value Customer
9692-TUSXH,18,96.05,1740.7,Month-to-month,Fiber optic,Yes,96.05,18,1728.9,96.70555555555556,Medium Value,Yes,0.545,Medium Risk,Monitor
7912-SYRQT,7,75.1,552.95,Month-to-month,Fiber optic,Yes,75.1,7,525.6999999999999,78.99285714285715,Low Value,Yes,0.59,Medium Risk,Monitor
3557-HTYWR,47,74.05,3496.3,Two year,DSL,No,74.05,47,3480.35,74.38936170212766,High Value,,0.0,Low Risk,High Value Customer
4816-JBHOV,2,44.7,93.7,Month-to-month,DSL,Yes,44.7,2,89.4,46.85,Low Value,,0.0,Low Risk,Low Priority
8920-NAVAY,62,110.75,7053.35,One year,Fiber optic,No,110.75,62,6866.5,113.76370967741936,Very High Value,,0.0,Low Risk,VIP Customer
1699-TLDLZ,16,19.7,301.55,Two year,No,No,19.7,16,315.2,18.846875,Low Value,,0.0,Low Risk,Low Priority
5600-PDUJF,6,49.5,312.7,Month-to-month,DSL,No,49.5,6,297.0,52.11666666666667,Low Value,No,0.295,Low Risk,Low Priority
8292-TYSPY,19,55.0,1046.5,Month-to-month,DSL,Yes,55.0,19,1045.0,55.078947368421055,Medium Value,,0.0,Low Risk,Low Priority
0567-XRHCU,69,43.95,2960.1,Two year,DSL,No,43.95,69,3032.55,42.9,High Value,,0.0,Low Risk,High Value Customer
1867-BDVFH,11,74.35,834.2,Month-to-month,Fiber optic,Yes,74.35,11,817.8499999999999,75.83636363636364,Low Value,Yes,0.705,High Risk,Churn Risk
2067-QYTCF,64,111.15,6953.4,Month-to-month,Fiber optic,No,111.15,64,7113.6,108.646875,Very High Value,,0.0,Low Risk,VIP Customer
2359-QWQUL,39,104.7,4134.85,One year,Fiber optic,Yes,104.7,39,4083.3,106.02179487179488,High Value,,0.0,Low Risk,High Value Customer
9103-TCIHJ,15,55.7,899.8,Month-to-month,DSL,Yes,55.7,15,835.5,59.986666666666665,Low Value,No,0.225,Low Risk,Low Priority
7407-SUJIZ,25,20.6,541.5,Month-to-month,No,No,20.6,25,515.0,21.66,Low Value,,0.0,Low Risk,Low Priority
9150-KPBJQ,6,19.65,116.85,Two year,No,No,19.65,6,117.9,19.475,Low Value,,0.0,Low Risk,Low Priority
0052-DCKON,66,115.8,7942.15,One year,Fiber optic,No,115.8,66,7642.8,120.33560606060604,Very High Value,,0.0,Low Risk,VIP Customer
3654-ARMGP,61,88.65,5321.25,Two year,DSL,No,88.65,61,5407.650000000001,87.23360655737704,High Value,,0.0,Low Risk,High Value Customer
9699-UBQFS,43,94.5,4156.8,Month-to-month,Fiber optic,No,94.5,43,4063.5,96.66976744186049,High Value,,0.0,Low Risk,High Value Customer
9367-TCUYN,12,20.1,223.6,Month-to-month,No,No,20.1,12,241.2,18.633333333333333,Low Value,No,0.065,Low Risk,Low Priority
2851-STERV,35,73.0,2471.25,One year,DSL,No,73.0,35,2555.0,70.60714285714286,Medium Value,,0.0,Low Risk,Low Priority
1261-FWTTE,23,34.65,768.45,Month-to-month,DSL,No,34.65,23,796.9499999999999,33.4108695652174,Low Value,No,0.415,Medium Risk,Monitor
3528-HFRIQ,71,52.3,3765.05,Month-to-month,DSL,No,52.3,71,3713.3,53.02887323943662,High Value,,0.0,Low Risk,High Value Customer
0708-SJDIS,34,65.0,2157.5,Month-to-month,DSL,No,65.0,34,2210.0,63.45588235294117,Medium Value,,0.0,Low Risk,Low Priority
4140-WJAWW,5,19.85,108.05,Month-to-month,No,Yes,19.85,5,99.25,21.61,Low Value,,0.0,Low Risk,Low Priority
2073-QBVBI,41,35.45,1391.65,One year,DSL,No,35.45,41,1453.45,33.94268292682927,Medium Value,,0.0,Low Risk,Low Priority
6928-ONTRW,72,19.7,1379.8,Two year,No,No,19.7,72,1418.4,19.163888888888888,Medium Value,,0.0,Low Risk,Low Priority
3320-VEOYC,14,95.6,1273.3,Month-to-month,Fiber optic,No,95.6,14,1338.4,90.95,Medium Value,Yes,0.84,High Risk,Churn Risk
5231-FIQPA,41,19.85,810.45,Two year,No,No,19.85,41,813.85,19.76707317073171,Low Value,,0.0,Low Risk,Low Priority
6617-WLBQC,23,81.85,1810.85,One year,Fiber optic,No,81.85,23,1882.55,78.73260869565217,Medium Value,,0.0,Low Risk,Low Priority
2599-CIPQE,71,109.3,7782.85,Two year,Fiber optic,No,109.3,71,7760.3,109.61760563380282,Very High Value,,0.0,Low Risk,VIP Customer
6653-CBBOM,1,70.3,70.3,Month-to-month,Fiber optic,Yes,70.3,1,70.3,70.3,Low Value,,0.0,Low Risk,Low Priority
8774-GSBUN,72,25.4,1797.1,Two year,No,No,25.4,72,1828.8,24.959722222222226,Medium Value,,0.0,Low Risk,Low Priority
7326-RIGQZ,6,69.8,377.85,Month-to-month,Fiber optic,No,69.8,6,418.8,62.975,Low Value,,0.0,Low Risk,Low Priority
1401-FTHFQ,23,20.0,445.3,One year,No,No,20.0,23,460.0,19.360869565217392,Low Value,,0.0,Low Risk,Low Priority
3247-ZVOUO,10,85.55,851.75,Month-to-month,Fiber optic,Yes,85.55,10,855.5,85.175,Low Value,,0.0,Low Risk,Low Priority
0254-FNMCI,72,109.9,7624.2,Two year,Fiber optic,No,109.9,72,7912.8,105.89166666666668,Very High Value,,0.0,Low Risk,VIP Customer
1848-LBZHY,7,50.3,355.1,Month-to-month,DSL,No,50.3,7,352.1,50.72857142857144,Low Value,No,0.22,Low Risk,Low Priority
6101-IMRMM,6,94.5,575.45,Month-to-month,Fiber optic,Yes,94.5,6,567.0,95.90833333333336,Low Value,,0.0,Low Risk,Low Priority
8118-TJAFG,9,101.5,906.85,Month-to-month,Fiber optic,No,101.5,9,913.5,100.76111111111112,Low Value,,0.0,Low Risk,Low Priority
5429-LWCMV,12,89.15,1057.55,Month-to-month,Fiber optic,No,89.15,12,1069.8000000000002,88.12916666666666,Medium Value,,0.0,Low Risk,Low Priority
7298-IZWLY,1,19.4,19.4,Month-to-month,No,No,19.4,1,19.4,19.4,Low Value,,0.0,Low Risk,Low Priority
9758-MFWGD,48,29.9,1388.75,One year,DSL,No,29.9,48,1435.1999999999998,28.932291666666668,Medium Value,No,0.185,Low Risk,Low Priority
3955-JBZZM,20,78.8,1641.3,Month-to-month,Fiber optic,No,78.8,20,1576.0,82.065,Medium Value,,0.0,Low Risk,Low Priority
1268-ASBGA,16,85.35,1375.15,Month-to-month,Fiber optic,Yes,85.35,16,1365.6,85.946875,Medium Value,,0.0,Low Risk,Low Priority
8943-URTMR,2,79.65,152.7,Month-to-month,Fiber optic,Yes,79.65,2,159.3,76.35,Low Value,,0.0,Low Risk,Low Priority
4815-TUMEQ,10,19.3,185.2,One year,No,No,19.3,10,193.0,18.52,Low Value,,0.0,Low Risk,Low Priority
4713-LZDRV,2,79.6,195.05,Month-to-month,Fiber optic,Yes,79.6,2,159.2,97.525,Low Value,Yes,0.845,High Risk,Churn Risk
9909-IDLEK,20,96.8,1826.7,Month-to-month,Fiber optic,No,96.8,20,1936.0,91.335,Medium Value,,0.0,Low Risk,Low Priority
4092-OFQZS,20,20.65,417.5,One year,No,No,20.65,20,413.0,20.875,Low Value,,0.0,Low Risk,Low Priority
1561-BWHIN,19,19.8,344.5,One year,No,No,19.8,19,376.2,18.13157894736842,Low Value,,0.0,Low Risk,Low Priority
4325-NFSKC,19,90.6,1660.0,Month-to-month,Fiber optic,Yes,90.6,19,1721.4,87.36842105263158,Medium Value,,0.0,Low Risk,Low Priority
9927-DSWDF,22,104.6,2180.55,Month-to-month,Fiber optic,No,104.6,22,2301.2,99.1159090909091,Medium Value,No,0.465,Medium Risk,Monitor
9500-LTVBP,35,80.05,2835.9,Month-to-month,Fiber optic,No,80.05,35,2801.75,81.02571428571429,Medium Value,,0.0,Low Risk,Low Priority
7252-NTGSS,1,45.15,45.15,Month-to-month,DSL,No,45.15,1,45.15,45.15,Low Value,,0.0,Low Risk,Low Priority
8149-AIQCG,39,73.15,2730.85,Month-to-month,Fiber optic,No,73.15,39,2852.8500000000004,70.02179487179487,Medium Value,,0.0,Low Risk,Low Priority
1360-JYXKQ,54,99.1,5437.1,One year,Fiber optic,No,99.1,54,5351.4,100.68703703703704,High Value,No,0.285,Low Risk,High Value Customer
2955-PSXOE,1,20.2,20.2,Month-to-month,No,Yes,20.2,1,20.2,20.2,Low Value,Yes,0.5167,Medium Risk,Monitor
7762-URZQH,66,106.05,6981.35,Two year,Fiber optic,Yes,106.05,66,6999.3,105.7780303030303,Very High Value,,0.0,Low Risk,VIP Customer
0899-WZRSD,56,105.35,5794.45,Month-to-month,Fiber optic,No,105.35,56,5899.599999999999,103.47232142857142,High Value,,0.0,Low Risk,High Value Customer
3255-GRXMG,18,45.65,747.2,Month-to-month,DSL,No,45.65,18,821.6999999999999,41.51111111111111,Low Value,,0.0,Low Risk,Low Priority
4828-FAZPK,16,79.95,1267.95,Month-to-month,Fiber optic,No,79.95,16,1279.2,79.246875,Medium Value,,0.0,Low Risk,Low Priority
6094-ZIVKX,68,54.45,3674.95,One year,DSL,No,54.45,68,3702.6,54.04338235294117,High Value,,0.0,Low Risk,High Value Customer
6925-BAYGL,53,25.1,1275.6,Two year,No,No,25.1,53,1330.3000000000002,24.067924528301884,Medium Value,,0.0,Low Risk,Low Priority
3262-EIDHV,72,84.7,5893.9,Two year,DSL,No,84.7,72,6098.400000000001,81.85972222222222,Very High Value,,0.0,Low Risk,VIP Customer
7354-OIJLX,9,75.85,724.65,Month-to-month,Fiber optic,No,75.85,9,682.65,80.51666666666667,Low Value,Yes,0.535,Medium Risk,Monitor
1376-HHBDV,30,48.8,1536.75,Month-to-month,DSL,No,48.8,30,1464.0,51.225,Medium Value,,0.0,Low Risk,Low Priority
6907-NZZIJ,36,99.15,3615.6,Month-to-month,Fiber optic,Yes,99.15,36,3569.4,100.43333333333334,High Value,,0.0,Low Risk,High Value Customer
6133-OZILE,18,35.2,607.3,Month-to-month,DSL,No,35.2,18,633.6,33.73888888888889,Low Value,,0.0,Low Risk,Low Priority
4135-FRWKJ,55,76.25,4154.55,One year,DSL,No,76.25,55,4193.75,75.53727272727274,High Value,,0.0,Low Risk,High Value Customer
2911-UREFD,39,55.9,2184.35,Month-to-month,DSL,Yes,55.9,39,2180.1,56.00897435897436,Medium Value,,0.0,Low Risk,Low Priority
3744-ZRRDZ,21,82.35,1852.85,Month-to-month,Fiber optic,Yes,82.35,21,1729.35,88.23095238095237,Medium Value,,0.0,Low Risk,Low Priority
5673-TIYIB,2,40.4,77.15,Month-to-month,DSL,Yes,40.4,2,80.8,38.575,Low Value,,0.0,Low Risk,Low Priority
6551-ZCOTS,33,24.9,847.8,One year,No,No,24.9,33,821.6999999999999,25.690909090909088,Low Value,,0.0,Low Risk,Low Priority
7191-ADRGF,44,54.3,2390.45,Two year,DSL,No,54.3,44,2389.2,54.32840909090908,Medium Value,No,0.175,Low Risk,Low Priority
5018-LXQQG,30,66.3,1923.5,Month-to-month,DSL,No,66.3,30,1989.0,64.11666666666666,Medium Value,No,0.05,Low Risk,Low Priority
6892-BOGQE,71,20.9,1493.2,Two year,No,No,20.9,71,1483.9,21.03098591549296,Medium Value,,0.0,Low Risk,Low Priority
1602-IJQQE,4,75.35,338.1,Month-to-month,Fiber optic,Yes,75.35,4,301.4,84.525,Low Value,,0.0,Low Risk,Low Priority
4628-WQCQQ,35,85.15,3030.6,One year,Fiber optic,Yes,85.15,35,2980.25,86.58857142857143,Medium Value,,0.0,Low Risk,Low Priority
1746-TGTWV,1,75.35,75.35,Month-to-month,Fiber optic,No,75.35,1,75.35,75.35,Low Value,,0.0,Low Risk,Low Priority
5995-SNNEW,23,104.45,2184.85,Month-to-month,Fiber optic,No,104.45,23,2402.35,94.99347826086957,Medium Value,,0.0,Low Risk,Low Priority
8050-WYBND,22,49.45,1031.4,One year,DSL,No,49.45,22,1087.9,46.88181818181818,Medium Value,,0.0,Low Risk,Low Priority
2821-WARNZ,49,19.45,921.3,One year,No,No,19.45,49,953.05,18.802040816326528,Low Value,,0.0,Low Risk,Low Priority
4879-GZLFH,42,92.15,3875.4,Month-to-month,Fiber optic,No,92.15,42,3870.3,92.27142857142856,High Value,,0.0,Low Risk,High Value Customer
1644-IRKSF,33,93.8,3124.5,One year,Fiber optic,Yes,93.8,33,3095.4,94.6818181818182,High Value,,0.0,Low Risk,High Value Customer
8314-HTWVE,7,19.85,144.15,Two year,No,No,19.85,7,138.95000000000002,20.592857142857145,Low Value,No,0.02,Low Risk,Low Priority
9402-ROUMJ,67,100.25,6689.0,One year,Fiber optic,No,100.25,67,6716.75,99.8358208955224,Very High Value,No,0.12,Low Risk,VIP Customer
2507-QZPQS,15,95.7,1451.1,Month-to-month,Fiber optic,No,95.7,15,1435.5,96.74,Medium Value,,0.0,Low Risk,Low Priority
7159-NOKYQ,67,93.15,6368.2,Two year,Fiber optic,No,93.15,67,6241.05,95.04776119402985,Very High Value,No,0.11,Low Risk,VIP Customer
5707-ZMDJP,53,69.7,3729.6,Two year,DSL,No,69.7,53,3694.1,70.36981132075472,High Value,,0.0,Low Risk,High Value Customer
8779-YIQQA,21,19.8,350.1,One year,No,No,19.8,21,415.8,16.67142857142857,Low Value,No,0.0,Low Risk,Low Priority
7136-IHZJA,40,71.35,2847.2,Month-to-month,DSL,No,71.35,40,2854.0,71.17999999999999,Medium Value,,0.0,Low Risk,Low Priority
8966-OIQHG,22,20.75,452.35,One year,No,No,20.75,22,456.5,20.56136363636364,Low Value,,0.0,Low Risk,Low Priority
7074-STDCN,39,40.6,1494.5,Month-to-month,DSL,No,40.6,39,1583.4,38.32051282051282,Medium Value,,0.0,Low Risk,Low Priority
3705-PSNGL,45,20.4,930.45,One year,No,Yes,20.4,45,918.0,20.67666666666667,Low Value,No,0.015,Low Risk,Low Priority
8739-QOTTN,2,20.35,41.85,Month-to-month,No,No,20.35,2,40.7,20.925,Low Value,,0.0,Low Risk,Low Priority
1399-OUPJN,57,19.75,1272.05,Two year,No,No,19.75,57,1125.75,22.316666666666663,Medium Value,,0.0,Low Risk,Low Priority
0277-BKSQP,8,54.4,475.1,Month-to-month,DSL,No,54.4,8,435.2,59.3875,Low Value,,0.0,Low Risk,Low Priority
6502-HCJTI,7,94.7,673.1,Month-to-month,Fiber optic,Yes,94.7,7,662.9,96.15714285714286,Low Value,,0.0,Low Risk,Low Priority
2606-RMDHZ,6,30.5,208.7,Month-to-month,DSL,Yes,30.5,6,183.0,34.78333333333333,Low Value,No,0.29,Low Risk,Low Priority
5774-XZTQC,7,20.45,150.75,Month-to-month,No,No,20.45,7,143.15,21.535714285714285,Low Value,,0.0,Low Risk,Low Priority
2676-SSLTO,49,66.15,3199.0,Two year,DSL,No,66.15,49,3241.3500000000004,65.28571428571429,High Value,No,0.03,Low Risk,High Value Customer
6266-QHOJZ,65,89.85,5844.65,One year,Fiber optic,No,89.85,65,5840.25,89.9176923076923,High Value,,0.0,Low Risk,High Value Customer
7269-JISCY,55,45.05,2462.6,One year,DSL,No,45.05,55,2477.75,44.77454545454545,Medium Value,,0.0,Low Risk,Low Priority
0363-SVHYR,71,86.85,6263.8,Two year,DSL,No,86.85,71,6166.349999999999,88.22253521126761,Very High Value,,0.0,Low Risk,VIP Customer
8547-NSBBO,35,96.75,3403.4,Month-to-month,Fiber optic,No,96.75,35,3386.25,97.24,High Value,,0.0,Low Risk,High Value Customer
8258-GSTJK,3,77.0,237.75,Month-to-month,Fiber optic,Yes,77.0,3,231.0,79.25,Low Value,Yes,0.895,High Risk,Churn Risk
6861-OKBCE,11,20.1,221.35,Month-to-month,No,Yes,20.1,11,221.1,20.12272727272727,Low Value,,0.0,Low Risk,Low Priority
9940-RHLFB,1,75.3,75.3,Month-to-month,Fiber optic,Yes,75.3,1,75.3,75.3,Low Value,Yes,0.615,Medium Risk,Monitor
6591-QGOYB,17,106.65,1672.1,Month-to-month,Fiber optic,No,106.65,17,1813.05,98.35882352941177,Medium Value,,0.0,Low Risk,Low Priority
9070-BCKQP,72,110.15,7881.2,Two year,Fiber optic,No,110.15,72,7930.8,109.46111111111112,Very High Value,No,0.055,Low Risk,VIP Customer
6421-SZVEM,28,82.85,2320.8,One year,Fiber optic,No,82.85,28,2319.8,82.88571428571429,Medium Value,No,0.225,Low Risk,Low Priority
1328-EUZHC,18,20.1,370.5,Two year,No,No,20.1,18,361.8,20.58333333333333,Low Value,,0.0,Low Risk,Low Priority
2995-UPRYS,40,99.2,4062.2,One year,Fiber optic,Yes,99.2,40,3968.0,101.555,High Value,No,0.255,Low Risk,High Value Customer
8878-RYUKI,52,59.45,3043.7,Month-to-month,DSL,No,59.45,52,3091.4,58.5326923076923,High Value,,0.0,Low Risk,High Value Customer
9633-DENPU,47,58.6,2723.4,Month-to-month,DSL,No,58.6,47,2754.2000000000003,57.94468085106383,Medium Value,No,0.09,Low Risk,Low Priority
7811-JIVPF,23,49.7,1081.25,Month-to-month,DSL,No,49.7,23,1143.1,47.01086956521739,Medium Value,,0.0,Low Risk,Low Priority
7113-HIPFI,66,65.85,4097.05,Two year,DSL,No,65.85,66,4346.099999999999,62.07651515151515,High Value,,0.0,Low Risk,High Value Customer
8541-QVFKM,8,73.5,632.2,Month-to-month,Fiber optic,No,73.5,8,588.0,79.025,Low Value,Yes,0.645,Medium Risk,Monitor
6686-YPGHK,47,85.5,4042.3,Month-to-month,Fiber optic,Yes,85.5,47,4018.5,86.00638297872341,High Value,,0.0,Low Risk,High Value Customer
1383-EZRWL,7,20.05,164.85,Month-to-month,No,Yes,20.05,7,140.35,23.55,Low Value,,0.0,Low Risk,Low Priority
9258-CNWAC,71,113.65,8166.8,Two year,Fiber optic,No,113.65,71,8069.150000000001,115.02535211267606,Very High Value,,0.0,Low Risk,VIP Customer
5371-VYLSX,50,83.4,4113.7,Month-to-month,Fiber optic,No,83.4,50,4170.0,82.274,High Value,,0.0,Low Risk,High Value Customer
6374-AFWOX,46,65.65,3047.15,Two year,DSL,No,65.65,46,3019.9,66.24239130434783,High Value,No,0.005,Low Risk,High Value Customer
4759-TRPLW,1,70.4,70.4,Month-to-month,Fiber optic,Yes,70.4,1,70.4,70.4,Low Value,,0.0,Low Risk,Low Priority
5317-FLPJF,66,61.35,4193.4,Two year,DSL,No,61.35,66,4049.1,63.53636363636363,High Value,,0.0,Low Risk,High Value Customer
7621-VPNET,42,85.9,3729.75,Month-to-month,Fiber optic,No,85.9,42,3607.8,88.80357142857143,High Value,,0.0,Low Risk,High Value Customer
6034-YMTOB,5,75.65,399.45,Month-to-month,Fiber optic,No,75.65,5,378.25,79.89,Low Value,Yes,0.5075,Medium Risk,Monitor
8563-IIOXK,7,49.75,331.3,One year,DSL,Yes,49.75,7,348.25,47.32857142857143,Low Value,,0.0,Low Risk,Low Priority
4903-CNOZC,29,70.9,1964.6,One year,DSL,No,70.9,29,2056.1000000000004,67.7448275862069,Medium Value,,0.0,Low Risk,Low Priority
4353-HYOJD,27,49.85,1336.15,Month-to-month,DSL,No,49.85,27,1345.95,49.48703703703704,Medium Value,No,0.115,Low Risk,Low Priority
8020-BWHYL,15,75.3,1147.45,Month-to-month,Fiber optic,Yes,75.3,15,1129.5,76.49666666666667,Medium Value,,0.0,Low Risk,Low Priority
7267-FRMJW,25,20.1,486.05,Two year,No,No,20.1,25,502.50000000000006,19.442,Low Value,,0.0,Low Risk,Low Priority
2982-VPSGI,11,94.0,1078.9,Month-to-month,Fiber optic,Yes,94.0,11,1034.0,98.0818181818182,Medium Value,,0.0,Low Risk,Low Priority
4188-FRABG,57,103.05,5925.75,Month-to-month,Fiber optic,No,103.05,57,5873.849999999999,103.96052631578948,High Value,,0.0,Low Risk,High Value Customer
8199-ZLLSA,67,118.35,7804.15,One year,Fiber optic,Yes,118.35,67,7929.45,116.47985074626864,Very High Value,,0.0,Low Risk,VIP Customer
4128-ETESU,47,99.7,4747.2,Month-to-month,Fiber optic,No,99.7,47,4685.900000000001,101.00425531914894,High Value,,0.0,Low Risk,High Value Customer
0620-DLSLK,13,81.9,1028.9,Month-to-month,Fiber optic,No,81.9,13,1064.7,79.14615384615385,Medium Value,,0.0,Low Risk,Low Priority
4625-EWPTF,8,30.45,226.45,Month-to-month,DSL,Yes,30.45,8,243.6,28.30625,Low Value,,0.0,Low Risk,Low Priority
5980-NOPLP,44,96.1,4364.1,Month-to-month,Fiber optic,Yes,96.1,44,4228.4,99.18409090909093,High Value,,0.0,Low Risk,High Value Customer
3850-OKINF,71,66.2,4692.55,One year,DSL,No,66.2,71,4700.2,66.09225352112676,High Value,,0.0,Low Risk,High Value Customer
6892-XPFPU,24,104.25,2433.9,Month-to-month,Fiber optic,Yes,104.25,24,2502.0,101.4125,Medium Value,Yes,0.565,Medium Risk,Monitor
8010-EZLOU,15,80.2,1217.25,Month-to-month,Fiber optic,Yes,80.2,15,1203.0,81.15,Medium Value,,0.0,Low Risk,Low Priority
1156-ZFYDO,1,19.75,19.75,Month-to-month,No,No,19.75,1,19.75,19.75,Low Value,,0.0,Low Risk,Low Priority
3295-YVUSR,2,72.6,154.3,Month-to-month,Fiber optic,No,72.6,2,145.2,77.15,Low Value,,0.0,Low Risk,Low Priority
8016-NCFVO,55,116.5,6382.55,Month-to-month,Fiber optic,No,116.5,55,6407.5,116.04636363636364,Very High Value,,0.0,Low Risk,VIP Customer
4119-ZYPZY,71,106.8,7623.2,Two year,Fiber optic,No,106.8,71,7582.8,107.36901408450704,Very High Value,,0.0,Low Risk,VIP Customer
5549-ZGHFB,50,24.95,1261.45,Two year,No,No,24.95,50,1247.5,25.229,Medium Value,,0.0,Low Risk,Low Priority
7577-SWIFR,1,89.25,89.25,Month-to-month,Fiber optic,No,89.25,1,89.25,89.25,Low Value,,0.0,Low Risk,Low Priority
0303-WMMRN,5,19.25,86.05,Month-to-month,No,No,19.25,5,96.25,17.21,Low Value,,0.0,Low Risk,Low Priority
6408-OTUBZ,66,104.55,6779.05,One year,Fiber optic,No,104.55,66,6900.3,102.7128787878788,Very High Value,,0.0,Low Risk,VIP Customer
5204-HMGYF,49,87.2,4345.0,One year,DSL,No,87.2,49,4272.8,88.6734693877551,High Value,No,0.025,Low Risk,High Value Customer
1078-TDCRN,3,30.75,82.85,Month-to-month,DSL,No,30.75,3,92.25,27.616666666666664,Low Value,,0.0,Low Risk,Low Priority
3727-OVPRY,66,25.7,1714.55,One year,No,No,25.7,66,1696.2,25.9780303030303,Medium Value,,0.0,Low Risk,Low Priority
3797-FKOGQ,11,86.2,893.2,Month-to-month,Fiber optic,No,86.2,11,948.2,81.2,Low Value,,0.0,Low Risk,Low Priority
7622-NXQZR,28,30.1,810.85,Month-to-month,DSL,No,30.1,28,842.8000000000001,28.95892857142857,Low Value,,0.0,Low Risk,Low Priority
6196-HBOBZ,65,99.35,6347.55,Two year,Fiber optic,No,99.35,65,6457.75,97.65461538461538,Very High Value,,0.0,Low Risk,VIP Customer
3970-XGJDU,62,19.2,1123.65,Two year,No,No,19.2,62,1190.4,18.123387096774195,Medium Value,No,0.005,Low Risk,Low Priority
7017-VFULY,2,20.1,43.15,Month-to-month,No,No,20.1,2,40.2,21.575,Low Value,No,0.17,Low Risk,Low Priority
5562-YJQGT,2,20.35,35.1,Month-to-month,No,No,20.35,2,40.7,17.55,Low Value,,0.0,Low Risk,Low Priority
8807-OPMBM,55,25.65,1388.0,Two year,No,No,25.65,55,1410.75,25.23636363636364,Medium Value,,0.0,Low Risk,Low Priority
5439-WIKXB,41,94.55,3851.45,Month-to-month,Fiber optic,No,94.55,41,3876.55,93.93780487804878,High Value,,0.0,Low Risk,High Value Customer
9874-QLCLH,17,104.2,1743.5,Month-to-month,Fiber optic,Yes,104.2,17,1771.4,102.55882352941175,Medium Value,,0.0,Low Risk,Low Priority
8294-UIMBA,30,94.4,2638.1,One year,Fiber optic,No,94.4,30,2832.0,87.93666666666667,Medium Value,,0.0,Low Risk,Low Priority
8109-YUOHE,17,56.1,946.95,One year,DSL,No,56.1,17,953.7,55.70294117647059,Low Value,,0.0,Low Risk,Low Priority
5840-NVDCG,16,68.25,1114.85,Two year,DSL,No,68.25,16,1092.0,69.678125,Medium Value,,0.0,Low Risk,Low Priority
8092-NLTGF,72,24.75,1777.6,Two year,No,No,24.75,72,1782.0,24.688888888888886,Medium Value,,0.0,Low Risk,Low Priority
5928-QLDHB,9,76.25,684.85,Month-to-month,Fiber optic,No,76.25,9,686.25,76.09444444444445,Low Value,,0.0,Low Risk,Low Priority
9840-EFJQB,1,74.35,74.35,Month-to-month,Fiber optic,No,74.35,1,74.35,74.35,Low Value,,0.0,Low Risk,Low Priority
0696-UKTOX,23,54.15,1312.45,Month-to-month,DSL,No,54.15,23,1245.45,57.06304347826087,Medium Value,,0.0,Low Risk,Low Priority
4801-KFYKL,8,19.45,159.2,Month-to-month,No,No,19.45,8,155.6,19.9,Low Value,,0.0,Low Risk,Low Priority
3472-OAOOR,19,34.95,610.2,Month-to-month,DSL,No,34.95,19,664.0500000000001,32.11578947368421,Low Value,,0.0,Low Risk,Low Priority
6135-OZQVA,7,53.65,404.35,Month-to-month,DSL,No,53.65,7,375.55,57.76428571428572,Low Value,,0.0,Low Risk,Low Priority
8062-YBDOE,1,69.65,69.65,Month-to-month,Fiber optic,Yes,69.65,1,69.65,69.65,Low Value,,0.0,Low Risk,Low Priority
2252-JHJGE,61,104.0,6363.45,One year,Fiber optic,No,104.0,61,6344.0,104.31885245901638,Very High Value,No,0.23,Low Risk,VIP Customer
4188-PCPIG,57,70.35,4124.65,Two year,DSL,No,70.35,57,4009.95,72.36228070175439,High Value,,0.0,Low Risk,High Value Customer
6000-APYLU,9,80.8,713.1,Month-to-month,Fiber optic,Yes,80.8,9,727.1999999999999,79.23333333333333,Low Value,Yes,0.635,Medium Risk,Monitor
7105-BENQF,15,64.85,950.75,One year,DSL,No,64.85,15,972.75,63.38333333333333,Low Value,,0.0,Low Risk,Low Priority
7721-DVEKZ,1,19.65,19.65,Month-to-month,No,No,19.65,1,19.65,19.65,Low Value,,0.0,Low Risk,Low Priority
3566-VVORZ,12,45.9,505.95,Month-to-month,DSL,No,45.9,12,550.8,42.1625,Low Value,,0.0,Low Risk,Low Priority
9507-HSMMZ,54,20.0,1149.65,Two year,No,No,20.0,54,1080.0,21.289814814814815,Medium Value,,0.0,Low Risk,Low Priority
2480-SQIOB,4,44.8,169.65,Month-to-month,DSL,No,44.8,4,179.2,42.4125,Low Value,No,0.355,Low Risk,Low Priority
0947-IDHRQ,7,80.3,526.7,Month-to-month,Fiber optic,Yes,80.3,7,562.1,75.24285714285715,Low Value,,0.0,Low Risk,Low Priority
7813-TKCVO,20,20.35,393.15,One year,No,No,20.35,20,407.0,19.6575,Low Value,,0.0,Low Risk,Low Priority
0128-MKWSG,26,45.8,1147.0,Month-to-month,DSL,No,45.8,26,1190.8,44.11538461538461,Medium Value,,0.0,Low Risk,Low Priority
3672-YITQD,36,84.1,3021.6,Month-to-month,Fiber optic,Yes,84.1,36,3027.6,83.93333333333334,High Value,Yes,0.605,Medium Risk,High Value Customer
4350-ZTLPI,53,108.95,5718.2,One year,Fiber optic,No,108.95,53,5774.35,107.89056603773584,High Value,,0.0,Low Risk,High Value Customer
9048-JVYVF,3,69.35,191.35,Month-to-month,DSL,Yes,69.35,3,208.05,63.78333333333333,Low Value,No,0.385,Low Risk,Low Priority
0361-HJRDX,68,64.35,4539.6,Two year,DSL,No,64.35,68,4375.799999999999,66.75882352941177,High Value,,0.0,Low Risk,High Value Customer
5727-MYATE,72,90.8,6397.6,Two year,DSL,No,90.8,72,6537.599999999999,88.85555555555555,Very High Value,No,0.0,Low Risk,VIP Customer
3823-KYNQY,12,24.95,280.4,One year,No,No,24.95,12,299.4,23.366666666666664,Low Value,,0.0,Low Risk,Low Priority
8988-ECPJR,34,79.6,2718.3,Month-to-month,Fiber optic,Yes,79.6,34,2706.4,79.95,Medium Value,No,0.25,Low Risk,Low Priority
7570-WELNY,68,84.7,5711.05,Two year,Fiber optic,No,84.7,68,5759.6,83.9860294117647,High Value,,0.0,Low Risk,High Value Customer
3021-VLNRJ,50,70.8,3478.15,One year,DSL,No,70.8,50,3540.0,69.563,High Value,,0.0,Low Risk,High Value Customer
3776-EKTKM,1,36.45,36.45,Month-to-month,DSL,Yes,36.45,1,36.45,36.45,Low Value,,0.0,Low Risk,Low Priority
2080-CAZNM,41,104.4,4133.95,Month-to-month,Fiber optic,No,104.4,41,4280.400000000001,100.8280487804878,High Value,,0.0,Low Risk,High Value Customer
1028-FFNJK,30,101.5,2917.65,Month-to-month,Fiber optic,No,101.5,30,3045.0,97.255,High Value,,0.0,Low Risk,High Value Customer
6907-FLBER,1,54.3,54.3,Month-to-month,DSL,No,54.3,1,54.3,54.3,Low Value,,0.0,Low Risk,Low Priority
3001-UNBTL,29,103.95,2964.8,Month-to-month,Fiber optic,No,103.95,29,3014.55,102.2344827586207,High Value,,0.0,Low Risk,High Value Customer
5982-PSMKW,23,91.1,2198.3,Two year,DSL,No,91.1,23,2095.3,95.57826086956524,Medium Value,,0.0,Low Risk,Low Priority
3507-GASNP,60,19.95,1189.9,Two year,No,No,19.95,60,1197.0,19.831666666666667,Medium Value,,0.0,Low Risk,Low Priority
7096-ZNBZI,72,26.45,1914.5,Two year,No,No,26.45,72,1904.4,26.59027777777778,Medium Value,,0.0,Low Risk,Low Priority
1902-XBTFB,22,89.4,2001.5,Month-to-month,Fiber optic,Yes,89.4,22,1966.8,90.97727272727272,Medium Value,No,0.43,Medium Risk,Monitor
1676-MQAOA,72,75.1,5336.35,Two year,DSL,No,75.1,72,5407.2,74.11597222222223,High Value,,0.0,Low Risk,High Value Customer
0786-IVLAW,66,108.1,7238.6,One year,Fiber optic,No,108.1,66,7134.599999999999,109.6757575757576,Very High Value,,0.0,Low Risk,VIP Customer
7566-DSRLQ,72,110.15,7998.8,Two year,Fiber optic,No,110.15,72,7930.8,111.09444444444443,Very High Value,,0.0,Low Risk,VIP Customer
0643-OKLRP,47,80.35,3825.85,Month-to-month,Fiber optic,Yes,80.35,47,3776.45,81.40106382978723,High Value,,0.0,Low Risk,High Value Customer
7245-JMTTQ,51,111.5,5703.25,One year,Fiber optic,No,111.5,51,5686.5,111.82843137254902,High Value,,0.0,Low Risk,High Value Customer
6050-IJRHS,70,106.5,7397.0,One year,Fiber optic,No,106.5,70,7455.0,105.67142857142858,Very High Value,,0.0,Low Risk,VIP Customer
6202-JVYEU,9,19.9,164.6,One year,No,No,19.9,9,179.1,18.288888888888888,Low Value,,0.0,Low Risk,Low Priority
8591-TKMZH,59,111.1,6555.2,Two year,Fiber optic,No,111.1,59,6554.9,111.10508474576272,Very High Value,No,0.035,Low Risk,VIP Customer
0734-OXWBT,3,70.7,225.65,Month-to-month,DSL,No,70.7,3,212.1,75.21666666666667,Low Value,,0.0,Low Risk,Low Priority
4282-ACRXS,38,24.85,955.75,Month-to-month,DSL,No,24.85,38,944.3,25.151315789473685,Low Value,,0.0,Low Risk,Low Priority
0365-TRTPY,37,91.2,3382.3,Month-to-month,Fiber optic,No,91.2,37,3374.4,91.41351351351352,High Value,No,0.235,Low Risk,High Value Customer
7349-ALMUX,37,65.6,2313.8,Two year,DSL,No,65.6,37,2427.2,62.53513513513514,Medium Value,,0.0,Low Risk,Low Priority
9381-NDKME,24,40.65,933.3,Month-to-month,DSL,Yes,40.65,24,975.6,38.8875,Low Value,No,0.26,Low Risk,Low Priority
6502-KUGLL,14,59.45,780.85,Month-to-month,DSL,No,59.45,14,832.3000000000001,55.775,Low Value,,0.0,Low Risk,Low Priority
1841-YSJGV,72,109.95,7852.4,Two year,Fiber optic,No,109.95,72,7916.400000000001,109.0611111111111,Very High Value,,0.0,Low Risk,VIP Customer
2794-XIMMO,53,60.45,3184.25,One year,DSL,Yes,60.45,53,3203.8500000000004,60.08018867924528,High Value,,0.0,Low Risk,High Value Customer
8382-SHQEH,8,84.9,764.95,Month-to-month,Fiber optic,Yes,84.9,8,679.2,95.61875,Low Value,,0.0,Low Risk,Low Priority
3511-BFTJW,72,38.5,2763.0,Two year,DSL,No,38.5,72,2772.0,38.375,Medium Value,No,0.05,Low Risk,Low Priority
6705-LNMDD,20,50.0,1003.05,Month-to-month,DSL,No,50.0,20,1000.0,50.1525,Medium Value,,0.0,Low Risk,Low Priority
7668-XCFYV,17,92.55,1614.7,Month-to-month,Fiber optic,No,92.55,17,1573.35,94.98235294117649,Medium Value,,0.0,Low Risk,Low Priority
2983-ZANRP,2,73.55,145.4,Month-to-month,Fiber optic,Yes,73.55,2,147.1,72.7,Low Value,,0.0,Low Risk,Low Priority
7845-URHJN,8,20.15,156.25,Month-to-month,No,Yes,20.15,8,161.2,19.53125,Low Value,,0.0,Low Risk,Low Priority
3034-ZBEQN,48,34.7,1604.5,One year,DSL,Yes,34.7,48,1665.6,33.427083333333336,Medium Value,,0.0,Low Risk,Low Priority
5018-HEKFO,10,24.5,270.15,Month-to-month,No,No,24.5,10,245.0,27.015,Low Value,,0.0,Low Risk,Low Priority
2923-ARZLG,0,19.7,0.0,One year,No,No,19.7,1,19.7,0.0,Low Value,No,0.09,Low Risk,Low Priority
3976-NLDEZ,1,20.6,20.6,Month-to-month,No,No,20.6,1,20.6,20.6,Low Value,Yes,0.7670999999999999,High Risk,Churn Risk
2282-YGNOR,29,58.0,1734.5,One year,DSL,No,58.0,29,1682.0,59.810344827586206,Medium Value,,0.0,Low Risk,Low Priority
5336-UFNZP,65,107.45,7047.5,One year,Fiber optic,No,107.45,65,6984.25,108.42307692307692,Very High Value,,0.0,Low Risk,VIP Customer
6854-EXGSF,8,65.5,573.15,Month-to-month,DSL,No,65.5,8,524.0,71.64375,Low Value,No,0.23,Low Risk,Low Priority
1241-EZFMJ,61,25.45,1538.6,Two year,No,No,25.45,61,1552.45,25.22295081967213,Medium Value,,0.0,Low Risk,Low Priority
9233-PSYHO,45,100.15,4459.8,One year,Fiber optic,No,100.15,45,4506.75,99.10666666666668,High Value,,0.0,Low Risk,High Value Customer
5376-PCKNB,72,104.45,7459.0,One year,Fiber optic,No,104.45,72,7520.400000000001,103.59722222222224,Very High Value,,0.0,Low Risk,VIP Customer
8044-BGWPI,12,21.15,306.05,Month-to-month,No,No,21.15,12,253.8,25.504166666666663,Low Value,,0.0,Low Risk,Low Priority
4060-LDNLU,7,96.2,639.7,Month-to-month,Fiber optic,No,96.2,7,673.4,91.38571428571429,Low Value,,0.0,Low Risk,Low Priority
3589-PPVKW,9,44.4,348.15,Month-to-month,DSL,No,44.4,9,399.6,38.68333333333333,Low Value,,0.0,Low Risk,Low Priority
8327-LZKAS,43,107.55,4533.9,One year,Fiber optic,Yes,107.55,43,4624.65,105.43953488372092,High Value,,0.0,Low Risk,High Value Customer
5887-IKKYO,58,94.35,5563.65,Two year,Fiber optic,No,94.35,58,5472.299999999999,95.925,High Value,,0.0,Low Risk,High Value Customer
1075-BGWOH,16,98.75,1587.55,Month-to-month,Fiber optic,Yes,98.75,16,1580.0,99.221875,Medium Value,,0.0,Low Risk,Low Priority
1755-RMCXH,2,20.3,40.25,Month-to-month,No,No,20.3,2,40.6,20.125,Low Value,,0.0,Low Risk,Low Priority
0302-JOIVN,8,101.15,842.9,Month-to-month,Fiber optic,Yes,101.15,8,809.2,105.3625,Low Value,,0.0,Low Risk,Low Priority
3858-XHYJO,40,105.75,4228.55,One year,Fiber optic,No,105.75,40,4230.0,105.71375,High Value,No,0.165,Low Risk,High Value Customer
4299-SIMNS,9,81.15,784.45,Month-to-month,Fiber optic,No,81.15,9,730.35,87.16111111111111,Low Value,,0.0,Low Risk,Low Priority
7025-IWFHT,41,89.55,3729.75,One year,Fiber optic,No,89.55,41,3671.55,90.96951219512196,High Value,,0.0,Low Risk,High Value Customer
6261-LHRTG,26,54.75,1406.9,Month-to-month,DSL,No,54.75,26,1423.5,54.11153846153847,Medium Value,,0.0,Low Risk,Low Priority
7841-FCRQD,33,53.75,1857.3,One year,DSL,No,53.75,33,1773.75,56.28181818181818,Medium Value,,0.0,Low Risk,Low Priority
2056-EVGZL,68,105.75,7322.5,One year,Fiber optic,No,105.75,68,7191.0,107.68382352941175,Very High Value,,0.0,Low Risk,VIP Customer
8777-MBMTS,65,105.85,6725.5,Two year,Fiber optic,No,105.85,65,6880.25,103.46923076923076,Very High Value,,0.0,Low Risk,VIP Customer
7753-USQYQ,55,64.2,3627.3,One year,DSL,No,64.2,55,3531.0,65.9509090909091,High Value,,0.0,Low Risk,High Value Customer
5366-IJEQJ,20,88.7,1761.45,Month-to-month,Fiber optic,Yes,88.7,20,1774.0,88.0725,Medium Value,,0.0,Low Risk,Low Priority
7661-CPURM,19,87.7,1725.95,One year,Fiber optic,No,87.7,19,1666.3,90.83947368421052,Medium Value,,0.0,Low Risk,Low Priority
6233-HXJMX,45,89.3,4192.15,Month-to-month,Fiber optic,No,89.3,45,4018.5,93.15888888888888,High Value,,0.0,Low Risk,High Value Customer
5902-WBLSE,70,20.15,1411.2,Two year,No,No,20.15,70,1410.5,20.16,Medium Value,,0.0,Low Risk,Low Priority
1981-INRFU,2,79.75,164.5,Month-to-month,Fiber optic,Yes,79.75,2,159.5,82.25,Low Value,,0.0,Low Risk,Low Priority
4971-PUYQO,27,94.55,2724.6,Month-to-month,Fiber optic,Yes,94.55,27,2552.85,100.91111111111113,Medium Value,,0.0,Low Risk,Low Priority
3239-TPHPZ,12,20.05,264.55,Two year,No,No,20.05,12,240.6,22.04583333333333,Low Value,,0.0,Low Risk,Low Priority
5115-GZDEL,72,67.2,4671.7,Two year,DSL,No,67.2,72,4838.400000000001,64.88472222222222,High Value,,0.0,Low Risk,High Value Customer
3338-CVVEH,12,94.55,1173.55,Month-to-month,Fiber optic,No,94.55,12,1134.6,97.79583333333332,Medium Value,Yes,0.65,Medium Risk,Monitor
8485-GJCDN,5,69.05,318.5,Month-to-month,Fiber optic,Yes,69.05,5,345.25,63.7,Low Value,,0.0,Low Risk,Low Priority
2615-YVMYX,71,107.5,7713.55,Month-to-month,Fiber optic,No,107.5,71,7632.5,108.64154929577464,Very High Value,,0.0,Low Risk,VIP Customer
4393-GEADV,70,114.75,7842.3,Two year,Fiber optic,No,114.75,70,8032.5,112.03285714285714,Very High Value,,0.0,Low Risk,VIP Customer
8486-AYEQH,31,76.05,2227.8,Month-to-month,Fiber optic,No,76.05,31,2357.55,71.86451612903227,Medium Value,,0.0,Low Risk,Low Priority
1527-SXDPN,52,96.25,4990.25,Two year,Fiber optic,Yes,96.25,52,5005.0,95.96634615384616,High Value,,0.0,Low Risk,High Value Customer
6029-WTIPC,37,101.1,3744.05,Month-to-month,Fiber optic,Yes,101.1,37,3740.7,101.19054054054054,High Value,,0.0,Low Risk,High Value Customer
8634-CILSZ,69,104.7,7220.35,One year,Fiber optic,Yes,104.7,69,7224.3,104.6427536231884,Very High Value,,0.0,Low Risk,VIP Customer
5419-JKZNQ,30,77.9,2351.45,Month-to-month,Fiber optic,No,77.9,30,2337.0,78.38166666666666,Medium Value,,0.0,Low Risk,Low Priority
2495-KZNFB,33,90.65,2989.6,Month-to-month,Fiber optic,No,90.65,33,2991.4500000000003,90.5939393939394,Medium Value,,0.0,Low Risk,Low Priority
1409-PHXTF,54,110.45,6077.75,Two year,Fiber optic,No,110.45,54,5964.3,112.55092592592592,High Value,,0.0,Low Risk,High Value Customer
4560-WQAQW,59,68.7,4070.95,One year,DSL,No,68.7,59,4053.3,68.99915254237288,High Value,No,0.065,Low Risk,High Value Customer
9591-YVTEB,55,44.85,2479.05,Month-to-month,DSL,No,44.85,55,2466.75,45.07363636363637,Medium Value,,0.0,Low Risk,Low Priority
9309-BZGNT,69,29.8,2134.3,One year,DSL,No,29.8,69,2056.2000000000003,30.93188405797102,Medium Value,,0.0,Low Risk,Low Priority
4274-DRSQT,66,88.9,6000.1,One year,Fiber optic,No,88.9,66,5867.400000000001,90.91060606060609,High Value,,0.0,Low Risk,High Value Customer
2027-DNKIV,37,58.75,2203.1,One year,DSL,No,58.75,37,2173.75,59.54324324324324,Medium Value,,0.0,Low Risk,Low Priority
8075-GXIUB,9,19.85,183.15,One year,No,No,19.85,9,178.65,20.35,Low Value,,0.0,Low Risk,Low Priority
2885-HIJDH,69,86.9,6194.1,Two year,DSL,No,86.9,69,5996.1,89.7695652173913,High Value,No,0.035,Low Risk,High Value Customer
5424-RLQLC,10,59.65,638.95,Month-to-month,DSL,No,59.65,10,596.5,63.895,Low Value,,0.0,Low Risk,Low Priority
6682-QJDGB,40,55.25,2139.2,Month-to-month,DSL,Yes,55.25,40,2210.0,53.48,Medium Value,No,0.08,Low Risk,Low Priority
6507-DTJZV,13,66.4,831.75,Month-to-month,DSL,No,66.4,13,863.2,63.98076923076923,Low Value,,0.0,Low Risk,Low Priority
8780-IXSTS,6,90.1,521.3,Month-to-month,Fiber optic,Yes,90.1,6,540.5999999999999,86.88333333333333,Low Value,,0.0,Low Risk,Low Priority
7673-BQGKU,69,20.15,1337.5,Two year,No,No,20.15,69,1390.35,19.38405797101449,Medium Value,,0.0,Low Risk,Low Priority
6723-WSNTY,66,108.1,7181.95,One year,Fiber optic,No,108.1,66,7134.599999999999,108.81742424242424,Very High Value,,0.0,Low Risk,VIP Customer
9530-EHPOH,11,53.75,608.0,Month-to-month,DSL,Yes,53.75,11,591.25,55.27272727272727,Low Value,,0.0,Low Risk,Low Priority
2725-IWWBA,46,56.9,2560.1,One year,DSL,No,56.9,46,2617.4,55.65434782608696,Medium Value,,0.0,Low Risk,Low Priority
0345-HKJVM,6,89.3,577.6,Month-to-month,Fiber optic,Yes,89.3,6,535.8,96.26666666666668,Low Value,,0.0,Low Risk,Low Priority
1061-PNTHC,56,109.6,5953.0,Month-to-month,Fiber optic,No,109.6,56,6137.599999999999,106.30357142857144,Very High Value,,0.0,Low Risk,VIP Customer
0394-YONDK,70,25.15,1790.15,Two year,No,No,25.15,70,1760.5,25.57357142857143,Medium Value,,0.0,Low Risk,Low Priority
6574-MCOEH,33,79.15,2531.4,One year,DSL,No,79.15,33,2611.9500000000003,76.70909090909092,Medium Value,,0.0,Low Risk,Low Priority
7399-QHBJS,72,66.75,4760.3,Two year,DSL,No,66.75,72,4806.0,66.11527777777778,High Value,,0.0,Low Risk,High Value Customer
3049-SOLAY,3,95.2,292.85,Month-to-month,Fiber optic,Yes,95.2,3,285.6,97.61666666666667,Low Value,,0.0,Low Risk,Low Priority
0997-YTLNY,19,48.8,953.65,Month-to-month,DSL,No,48.8,19,927.2,50.19210526315789,Low Value,No,0.09,Low Risk,Low Priority
3317-HRTNN,5,45.7,198.0,Month-to-month,DSL,Yes,45.7,5,228.5,39.6,Low Value,,0.0,Low Risk,Low Priority
9479-HYNYL,71,80.7,5705.05,Two year,DSL,No,80.7,71,5729.7,80.35281690140846,High Value,,0.0,Low Risk,High Value Customer
3235-ETOOB,8,74.5,609.9,Month-to-month,Fiber optic,Yes,74.5,8,596.0,76.2375,Low Value,,0.0,Low Risk,Low Priority
9708-KFDBY,1,20.55,20.55,Month-to-month,No,No,20.55,1,20.55,20.55,Low Value,,0.0,Low Risk,Low Priority
8058-INTPH,1,79.65,79.65,Month-to-month,Fiber optic,Yes,79.65,1,79.65,79.65,Low Value,,0.0,Low Risk,Low Priority
3642-GKTCT,61,115.1,6993.65,One year,Fiber optic,No,115.1,61,7021.099999999999,114.65,Very High Value,,0.0,Low Risk,VIP Customer
0774-RMNUW,71,59.7,4122.65,Two year,DSL,No,59.7,71,4238.7,58.06549295774647,High Value,,0.0,Low Risk,High Value Customer
1334-PDUKM,68,86.45,5762.95,One year,Fiber optic,No,86.45,68,5878.6,84.74926470588235,High Value,,0.0,Low Risk,High Value Customer
0756-MPZRL,46,33.7,1537.85,One year,DSL,No,33.7,46,1550.2,33.43152173913043,Medium Value,,0.0,Low Risk,Low Priority
2242-MFOTG,33,80.1,2603.3,One year,Fiber optic,No,80.1,33,2643.3,78.88787878787879,Medium Value,,0.0,Low Risk,Low Priority
2927-CVULT,53,104.05,5566.4,Two year,Fiber optic,No,104.05,53,5514.65,105.0264150943396,High Value,,0.0,Low Risk,High Value Customer
2144-BFDSO,50,108.75,5431.9,Month-to-month,Fiber optic,No,108.75,50,5437.5,108.638,High Value,,0.0,Low Risk,High Value Customer
9289-LBQVU,64,70.15,4480.7,One year,DSL,No,70.15,64,4489.6,70.0109375,High Value,No,0.08,Low Risk,High Value Customer
8745-PVESG,57,41.1,2258.25,One year,DSL,No,41.1,57,2342.7000000000003,39.61842105263158,Medium Value,,0.0,Low Risk,Low Priority
7647-GYYKX,54,20.35,1092.35,Two year,No,No,20.35,54,1098.9,20.2287037037037,Medium Value,,0.0,Low Risk,Low Priority
5647-FXOTP,60,105.9,6401.25,Month-to-month,Fiber optic,No,105.9,60,6354.0,106.6875,Very High Value,,0.0,Low Risk,VIP Customer
5569-OUICF,28,101.3,2812.2,Month-to-month,Fiber optic,Yes,101.3,28,2836.4,100.43571428571428,Medium Value,,0.0,Low Risk,Low Priority
8821-XNHVZ,1,80.05,80.05,Month-to-month,Fiber optic,Yes,80.05,1,80.05,80.05,Low Value,Yes,0.66,Medium Risk,Monitor
2082-OJVTK,29,89.2,2698.35,Month-to-month,Fiber optic,Yes,89.2,29,2586.8,93.04655172413791,Medium Value,,0.0,Low Risk,Low Priority
9700-ISPUP,10,65.5,616.9,Month-to-month,DSL,No,65.5,10,655.0,61.69,Low Value,No,0.37,Low Risk,Low Priority
9839-ETQOE,43,40.45,1912.85,Month-to-month,DSL,No,40.45,43,1739.35,44.48488372093023,Medium Value,,0.0,Low Risk,Low Priority
6078-VESFR,13,70.45,849.1,Month-to-month,Fiber optic,No,70.45,13,915.85,65.31538461538462,Low Value,,0.0,Low Risk,Low Priority
9027-TMATR,43,78.8,3460.3,Two year,DSL,No,78.8,43,3388.4,80.47209302325582,High Value,,0.0,Low Risk,High Value Customer
5940-NFXKV,19,83.65,1465.75,Month-to-month,Fiber optic,Yes,83.65,19,1589.35,77.14473684210526,Medium Value,,0.0,Low Risk,Low Priority
1941-HOSAM,1,90.1,90.1,Month-to-month,Fiber optic,No,90.1,1,90.1,90.1,Low Value,,0.0,Low Risk,Low Priority
9110-HSGTV,69,82.45,5555.3,Two year,DSL,No,82.45,69,5689.05,80.51159420289855,High Value,,0.0,Low Risk,High Value Customer
0704-VCUMB,61,20.25,1278.8,Two year,No,No,20.25,61,1235.25,20.963934426229507,Medium Value,,0.0,Low Risk,Low Priority
6171-ZTVYB,43,66.25,2907.35,Month-to-month,DSL,No,66.25,43,2848.75,67.61279069767441,Medium Value,,0.0,Low Risk,Low Priority
8053-WWDRO,6,19.5,146.3,Month-to-month,No,Yes,19.5,6,117.0,24.383333333333336,Low Value,No,0.185,Low Risk,Low Priority
9564-KCLHR,1,51.25,51.25,Month-to-month,DSL,Yes,51.25,1,51.25,51.25,Low Value,,0.0,Low Risk,Low Priority
1935-IMVBB,56,89.7,4952.95,Month-to-month,Fiber optic,No,89.7,56,5023.2,88.44553571428571,High Value,,0.0,Low Risk,High Value Customer
2535-PBCGC,70,64.55,4504.9,Two year,DSL,No,64.55,70,4518.5,64.35571428571428,High Value,,0.0,Low Risk,High Value Customer
2082-CEFLT,1,45.6,45.6,Month-to-month,DSL,Yes,45.6,1,45.6,45.6,Low Value,,0.0,Low Risk,Low Priority
1470-PSXNM,49,93.65,4520.15,One year,Fiber optic,No,93.65,49,4588.85,92.24795918367346,High Value,No,0.245,Low Risk,High Value Customer
1213-NGCUN,6,49.65,267.35,Month-to-month,DSL,Yes,49.65,6,297.9,44.55833333333334,Low Value,,0.0,Low Risk,Low Priority
2498-XLDZR,32,73.6,2316.85,Two year,DSL,No,73.6,32,2355.2,72.4015625,Medium Value,,0.0,Low Risk,Low Priority
9866-OCCKE,72,109.75,8075.35,Two year,Fiber optic,No,109.75,72,7902.0,112.1576388888889,Very High Value,No,0.055,Low Risk,VIP Customer
5338-YHWYT,37,61.45,2302.35,Two year,DSL,No,61.45,37,2273.65,62.22567567567568,Medium Value,,0.0,Low Risk,Low Priority
7718-UPSKJ,69,106.4,7251.9,One year,Fiber optic,No,106.4,69,7341.6,105.1,Very High Value,,0.0,Low Risk,VIP Customer
8731-WBBMB,26,81.9,2078.55,Month-to-month,DSL,No,81.9,26,2129.4,79.94423076923077,Medium Value,,0.0,Low Risk,Low Priority
1448-CYWKC,58,105.2,6225.4,One year,Fiber optic,No,105.2,58,6101.6,107.33448275862068,Very High Value,,0.0,Low Risk,VIP Customer
7901-IIDQV,24,54.6,1242.25,One year,DSL,No,54.6,24,1310.4,51.76041666666666,Medium Value,,0.0,Low Risk,Low Priority
2690-DVRVK,5,20.55,99.45,One year,No,No,20.55,5,102.75,19.89,Low Value,,0.0,Low Risk,Low Priority
5688-KZTSN,15,20.0,288.05,Month-to-month,No,Yes,20.0,15,300.0,19.203333333333333,Low Value,,0.0,Low Risk,Low Priority
1270-XKUCC,30,19.7,599.25,Two year,No,No,19.7,30,591.0,19.975,Low Value,,0.0,Low Risk,Low Priority
0334-ZFJSR,55,66.05,3462.1,One year,DSL,No,66.05,55,3632.75,62.947272727272725,High Value,,0.0,Low Risk,High Value Customer
2894-QOJRX,25,34.0,853.0,Month-to-month,DSL,Yes,34.0,25,850.0,34.12,Low Value,,0.0,Low Risk,Low Priority
5747-PMBSQ,10,92.5,934.1,Month-to-month,Fiber optic,Yes,92.5,10,925.0,93.41,Low Value,,0.0,Low Risk,Low Priority
5583-EJXRD,44,54.05,2375.2,Two year,DSL,No,54.05,44,2378.2,53.98181818181818,Medium Value,,0.0,Low Risk,Low Priority
4565-EVZMJ,47,58.9,2813.05,One year,DSL,No,58.9,47,2768.3,59.85212765957447,Medium Value,,0.0,Low Risk,Low Priority
3143-JQEGI,13,88.35,1222.8,Month-to-month,Fiber optic,Yes,88.35,13,1148.55,94.06153846153846,Medium Value,,0.0,Low Risk,Low Priority
6386-SZZKH,49,107.95,5293.2,Two year,Fiber optic,Yes,107.95,49,5289.55,108.02448979591836,High Value,,0.0,Low Risk,High Value Customer
3327-YBAKM,64,96.9,6314.35,One year,Fiber optic,No,96.9,64,6201.6,98.66171875,Very High Value,,0.0,Low Risk,VIP Customer
9441-QHEVC,1,19.1,19.1,Month-to-month,No,No,19.1,1,19.1,19.1,Low Value,,0.0,Low Risk,Low Priority
2580-ASVVY,37,45.4,1593.1,Two year,DSL,No,45.4,37,1679.8,43.05675675675676,Medium Value,,0.0,Low Risk,Low Priority
3370-GQEAL,30,85.45,2509.95,Month-to-month,Fiber optic,No,85.45,30,2563.5,83.66499999999999,Medium Value,,0.0,Low Risk,Low Priority
5032-USPKF,38,84.1,3187.65,One year,DSL,No,84.1,38,3195.8,83.88552631578948,High Value,,0.0,Low Risk,High Value Customer
2982-IHMFT,1,74.45,74.45,Month-to-month,Fiber optic,Yes,74.45,1,74.45,74.45,Low Value,,0.0,Low Risk,Low Priority
3521-SYVOR,37,64.75,2345.2,Month-to-month,DSL,Yes,64.75,37,2395.75,63.38378378378378,Medium Value,,0.0,Low Risk,Low Priority
4254-QPEDE,52,66.25,3330.1,Two year,DSL,No,66.25,52,3445.0,64.04038461538461,High Value,,0.0,Low Risk,High Value Customer
6283-GITPX,71,76.9,5522.7,Two year,DSL,No,76.9,71,5459.900000000001,77.78450704225352,High Value,No,0.03,Low Risk,High Value Customer
9526-JAWYF,26,89.8,2335.3,Month-to-month,Fiber optic,Yes,89.8,26,2334.8,89.81923076923077,Medium Value,,0.0,Low Risk,Low Priority
0771-CHWSK,66,74.6,4798.4,Two year,DSL,No,74.6,66,4923.599999999999,72.7030303030303,High Value,,0.0,Low Risk,High Value Customer
9788-HNGUT,72,116.95,8594.4,Two year,Fiber optic,No,116.95,72,8420.4,119.36666666666666,Very High Value,,0.0,Low Risk,VIP Customer
9495-REDIY,25,40.65,970.55,One year,DSL,No,40.65,25,1016.25,38.822,Medium Value,,0.0,Low Risk,Low Priority
5375-XLDOF,69,114.35,7665.8,Two year,Fiber optic,No,114.35,69,7890.15,111.09855072463768,Very High Value,,0.0,Low Risk,VIP Customer
1172-VIYBP,53,69.7,3686.05,Two year,DSL,No,69.7,53,3694.1,69.54811320754717,High Value,,0.0,Low Risk,High Value Customer
5649-VUKMC,12,95.5,1115.15,One year,Fiber optic,Yes,95.5,12,1146.0,92.92916666666667,Medium Value,,0.0,Low Risk,Low Priority
6559-PDZLR,26,98.65,2537.0,Month-to-month,Fiber optic,No,98.65,26,2564.9,97.57692307692308,Medium Value,,0.0,Low Risk,Low Priority
8992-OBVDG,21,61.65,1393.6,Month-to-month,DSL,No,61.65,21,1294.65,66.36190476190475,Medium Value,,0.0,Low Risk,Low Priority
4273-MBHYA,1,89.35,89.35,Month-to-month,Fiber optic,No,89.35,1,89.35,89.35,Low Value,,0.0,Low Risk,Low Priority
4724-WXVWF,48,95.4,4445.3,Month-to-month,Fiber optic,No,95.4,48,4579.200000000001,92.61041666666668,High Value,No,0.31,Low Risk,High Value Customer
5701-GUXDC,26,35.4,978.6,One year,DSL,No,35.4,26,920.4,37.63846153846154,Low Value,No,0.07,Low Risk,Low Priority
1460-UZPRJ,60,19.95,1258.15,Two year,No,No,19.95,60,1197.0,20.96916666666667,Medium Value,,0.0,Low Risk,Low Priority
6082-GLJIX,18,19.25,331.35,Month-to-month,No,No,19.25,18,346.5,18.40833333333333,Low Value,,0.0,Low Risk,Low Priority
5143-EGQFK,10,29.65,291.4,Month-to-month,DSL,Yes,29.65,10,296.5,29.14,Low Value,,0.0,Low Risk,Low Priority
4919-IKATY,5,84.5,453.75,Month-to-month,Fiber optic,Yes,84.5,5,422.5,90.75,Low Value,No,0.495,Medium Risk,Monitor
2495-TTHBQ,4,20.4,84.75,One year,No,No,20.4,4,81.6,21.1875,Low Value,,0.0,Low Risk,Low Priority
0485-ZBSLN,65,24.75,1715.1,Two year,No,No,24.75,65,1608.75,26.38615384615385,Medium Value,,0.0,Low Risk,Low Priority
3810-PJUHR,70,25.35,1715.15,Two year,No,No,25.35,70,1774.5,24.502142857142857,Medium Value,,0.0,Low Risk,Low Priority
9050-QLROH,18,90.7,1597.25,Month-to-month,Fiber optic,Yes,90.7,18,1632.6,88.73611111111111,Medium Value,No,0.305,Low Risk,Low Priority
0847-HGRML,62,20.0,1250.1,Two year,No,No,20.0,62,1240.0,20.16290322580645,Medium Value,,0.0,Low Risk,Low Priority
8232-CTLKO,66,59.75,3996.8,Two year,DSL,No,59.75,66,3943.5,60.55757575757576,High Value,,0.0,Low Risk,High Value Customer
9227-YBAXE,65,82.5,5215.1,Two year,DSL,No,82.5,65,5362.5,80.2323076923077,High Value,,0.0,Low Risk,High Value Customer
6168-WFVVF,3,70.3,235.5,Month-to-month,Fiber optic,Yes,70.3,3,210.9,78.5,Low Value,,0.0,Low Risk,Low Priority
9860-LISIZ,34,20.35,673.2,Month-to-month,No,No,20.35,34,691.9000000000001,19.8,Low Value,No,0.015,Low Risk,Low Priority
0112-QAWRZ,16,90.8,1442.2,Month-to-month,Fiber optic,No,90.8,16,1452.8,90.1375,Medium Value,,0.0,Low Risk,Low Priority
0877-SDMBN,54,103.95,5639.05,One year,Fiber optic,Yes,103.95,54,5613.3,104.42685185185184,High Value,,0.0,Low Risk,High Value Customer
2786-GCDPI,50,104.95,5222.35,Month-to-month,Fiber optic,No,104.95,50,5247.5,104.447,High Value,,0.0,Low Risk,High Value Customer
4043-MKDTV,71,105.25,7291.75,Two year,Fiber optic,No,105.25,71,7472.75,102.70070422535213,Very High Value,,0.0,Low Risk,VIP Customer
8065-YKXKD,10,74.75,799.65,Month-to-month,Fiber optic,Yes,74.75,10,747.5,79.965,Low Value,,0.0,Low Risk,Low Priority
9637-EIHEQ,1,50.8,50.8,Month-to-month,DSL,Yes,50.8,1,50.8,50.8,Low Value,,0.0,Low Risk,Low Priority
9229-RQABD,18,23.75,424.5,One year,No,No,23.75,18,427.5,23.58333333333333,Low Value,,0.0,Low Risk,Low Priority
8313-KTIHG,4,61.3,249.4,Month-to-month,DSL,No,61.3,4,245.2,62.35,Low Value,,0.0,Low Risk,Low Priority
5320-BRKGK,58,75.8,4415.75,Two year,DSL,No,75.8,58,4396.4,76.13362068965517,High Value,,0.0,Low Risk,High Value Customer
6284-KMNUF,56,98.0,5270.6,One year,Fiber optic,No,98.0,56,5488.0,94.11785714285716,High Value,No,0.195,Low Risk,High Value Customer
9689-PTNPG,2,80.25,144.55,Month-to-month,Fiber optic,Yes,80.25,2,160.5,72.275,Low Value,,0.0,Low Risk,Low Priority
9465-RWMXL,32,78.9,2447.95,Month-to-month,Fiber optic,Yes,78.9,32,2524.8,76.4984375,Medium Value,No,0.415,Medium Risk,Monitor
6229-UOLQL,56,52.0,2884.9,One year,DSL,No,52.0,56,2912.0,51.51607142857143,Medium Value,,0.0,Low Risk,Low Priority
2362-IBOOY,36,84.75,3050.15,Month-to-month,Fiber optic,Yes,84.75,36,3051.0,84.72638888888889,High Value,,0.0,Low Risk,High Value Customer
3137-LUPIX,4,64.4,253.0,Month-to-month,DSL,No,64.4,4,257.6,63.25,Low Value,,0.0,Low Risk,Low Priority
0843-WTBXE,53,85.45,4517.25,Month-to-month,Fiber optic,Yes,85.45,53,4528.85,85.23113207547169,High Value,,0.0,Low Risk,High Value Customer
6143-JQKEA,10,45.8,436.2,Month-to-month,DSL,No,45.8,10,458.0,43.62,Low Value,,0.0,Low Risk,Low Priority
8676-OOQEJ,4,30.5,118.4,Month-to-month,DSL,No,30.5,4,122.0,29.6,Low Value,,0.0,Low Risk,Low Priority
5515-IDEJJ,1,19.9,19.9,Month-to-month,No,Yes,19.9,1,19.9,19.9,Low Value,,0.0,Low Risk,Low Priority
9701-CDXHR,51,69.15,3649.6,Month-to-month,Fiber optic,No,69.15,51,3526.65,71.56078431372549,High Value,No,0.225,Low Risk,High Value Customer
7450-NWRTR,12,99.45,1200.15,Month-to-month,Fiber optic,Yes,99.45,12,1193.4,100.0125,Medium Value,,0.0,Low Risk,Low Priority
8124-NZVGJ,6,49.25,255.6,One year,DSL,No,49.25,6,295.5,42.6,Low Value,,0.0,Low Risk,Low Priority
2162-FRZAA,63,39.35,2395.05,Two year,DSL,No,39.35,63,2479.05,38.01666666666667,Medium Value,,0.0,Low Risk,Low Priority
5376-DEQCP,1,70.6,70.6,Month-to-month,Fiber optic,Yes,70.6,1,70.6,70.6,Low Value,Yes,0.745,High Risk,Churn Risk
5118-MUEYH,48,105.1,5083.55,Month-to-month,Fiber optic,No,105.1,48,5044.799999999999,105.90729166666668,High Value,,0.0,Low Risk,High Value Customer
9095-HFAFX,5,81.0,389.6,Month-to-month,Fiber optic,Yes,81.0,5,405.0,77.92,Low Value,,0.0,Low Risk,Low Priority
5627-TVBPP,35,20.1,644.5,One year,No,No,20.1,35,703.5,18.414285714285715,Low Value,,0.0,Low Risk,Low Priority
2379-ENZGV,6,84.85,523.5,Month-to-month,Fiber optic,Yes,84.85,6,509.1,87.25,Low Value,,0.0,Low Risk,Low Priority
3936-QQFLL,2,19.75,39.3,Month-to-month,No,No,19.75,2,39.5,19.65,Low Value,,0.0,Low Risk,Low Priority
2589-AYCRP,50,19.75,989.05,One year,No,No,19.75,50,987.5,19.781,Low Value,,0.0,Low Risk,Low Priority
4067-HLYQI,33,70.4,2406.1,Month-to-month,Fiber optic,No,70.4,33,2323.2000000000003,72.9121212121212,Medium Value,No,0.415,Medium Risk,Monitor
5124-EOGYE,31,20.45,638.55,Two year,No,No,20.45,31,633.9499999999999,20.598387096774196,Low Value,,0.0,Low Risk,Low Priority
5057-RKGLH,9,20.35,191.1,Two year,No,No,20.35,9,183.15,21.23333333333333,Low Value,No,0.01,Low Risk,Low Priority
0292-WEGCH,54,86.2,4524.05,Month-to-month,DSL,No,86.2,54,4654.8,83.77870370370371,High Value,,0.0,Low Risk,High Value Customer
8910-ICHIU,46,95.65,4664.2,One year,Fiber optic,No,95.65,46,4399.900000000001,101.39565217391304,High Value,,0.0,Low Risk,High Value Customer
4097-YODCF,34,103.8,3470.8,One year,Fiber optic,No,103.8,34,3529.2,102.08235294117648,High Value,,0.0,Low Risk,High Value Customer
9715-WZCLW,71,97.2,6910.3,Two year,Fiber optic,No,97.2,71,6901.2,97.32816901408452,Very High Value,No,0.165,Low Risk,VIP Customer
9786-YWNHU,63,63.55,4014.2,Two year,DSL,No,63.55,63,4003.65,63.71746031746032,High Value,,0.0,Low Risk,High Value Customer
6407-GSJNL,51,24.95,1288.0,Two year,No,No,24.95,51,1272.45,25.254901960784316,Medium Value,,0.0,Low Risk,Low Priority
6005-OBZPH,26,89.15,2277.65,Month-to-month,Fiber optic,Yes,89.15,26,2317.9,87.60192307692309,Medium Value,,0.0,Low Risk,Low Priority
4049-ZPALD,64,99.0,6375.8,Two year,Fiber optic,No,99.0,64,6336.0,99.621875,Very High Value,,0.0,Low Risk,VIP Customer
7932-WPTDS,1,24.8,24.8,Month-to-month,DSL,Yes,24.8,1,24.8,24.8,Low Value,,0.0,Low Risk,Low Priority
3733-UOCWF,61,85.55,5251.75,One year,Fiber optic,No,85.55,61,5218.55,86.09426229508196,High Value,No,0.08,Low Risk,High Value Customer
6833-JMZYP,15,94.0,1505.45,Month-to-month,Fiber optic,No,94.0,15,1410.0,100.36333333333332,Medium Value,,0.0,Low Risk,Low Priority
2722-VOJQL,64,105.65,6903.1,One year,Fiber optic,Yes,105.65,64,6761.6,107.8609375,Very High Value,,0.0,Low Risk,VIP Customer
1310-QRITU,18,50.3,913.3,Month-to-month,DSL,No,50.3,18,905.4,50.73888888888889,Low Value,No,0.365,Low Risk,Low Priority
8961-QDZZJ,57,95.0,5535.8,One year,Fiber optic,No,95.0,57,5415.0,97.11929824561405,High Value,,0.0,Low Risk,High Value Customer
9715-SBVSU,14,61.4,815.55,Two year,DSL,No,61.4,14,859.6,58.25357142857143,Low Value,,0.0,Low Risk,Low Priority
8490-BXHEO,18,80.55,1411.65,Month-to-month,Fiber optic,No,80.55,18,1449.9,78.42500000000001,Medium Value,,0.0,Low Risk,Low Priority
7173-TETGO,72,78.5,5602.25,Two year,Fiber optic,No,78.5,72,5652.0,77.80902777777777,High Value,,0.0,Low Risk,High Value Customer
7929-SKFGK,70,114.3,8244.3,Two year,Fiber optic,No,114.3,70,8001.0,117.77571428571429,Very High Value,,0.0,Low Risk,VIP Customer
2300-RQGOI,38,20.05,741.5,Two year,No,No,20.05,38,761.9,19.51315789473684,Low Value,,0.0,Low Risk,Low Priority
3563-SVYLG,68,62.65,4375.8,Two year,DSL,No,62.65,68,4260.2,64.35000000000001,High Value,No,0.025,Low Risk,High Value Customer
5228-EXCET,13,80.85,1008.7,Month-to-month,Fiber optic,Yes,80.85,13,1051.05,77.5923076923077,Medium Value,No,0.475,Medium Risk,Monitor
6435-VWCCY,65,92.7,5968.4,Two year,Fiber optic,No,92.7,65,6025.5,91.82153846153844,Very High Value,,0.0,Low Risk,VIP Customer
4998-IKFSE,30,100.45,3096.9,Month-to-month,Fiber optic,No,100.45,30,3013.5,103.23,High Value,,0.0,Low Risk,High Value Customer
8630-QSGXK,51,75.2,3901.25,Two year,DSL,No,75.2,51,3835.2,76.49509803921569,High Value,,0.0,Low Risk,High Value Customer
2455-USLMV,31,84.75,2613.4,Month-to-month,Fiber optic,No,84.75,31,2627.25,84.30322580645162,Medium Value,,0.0,Low Risk,Low Priority
7394-FKDNK,9,89.45,853.1,Month-to-month,Fiber optic,Yes,89.45,9,805.0500000000001,94.78888888888888,Low Value,,0.0,Low Risk,Low Priority
9488-FVZCC,72,79.5,5661.7,Two year,DSL,No,79.5,72,5724.0,78.63472222222222,High Value,,0.0,Low Risk,High Value Customer
6331-LWDTQ,10,72.15,794.25,Month-to-month,DSL,Yes,72.15,10,721.5,79.425,Low Value,No,0.39,Low Risk,Low Priority
5995-WWKKG,37,19.8,695.05,One year,No,No,19.8,37,732.6,18.785135135135132,Low Value,,0.0,Low Risk,Low Priority
1597-FZREH,2,76.4,160.8,Month-to-month,DSL,Yes,76.4,2,152.8,80.4,Low Value,,0.0,Low Risk,Low Priority
7879-CGSFV,55,100.9,5552.05,One year,Fiber optic,No,100.9,55,5549.5,100.94636363636364,High Value,No,0.165,Low Risk,High Value Customer
9921-EZKBY,33,95.3,3275.15,Month-to-month,Fiber optic,No,95.3,33,3144.9,99.2469696969697,High Value,,0.0,Low Risk,High Value Customer
7432-FFVAR,46,90.95,4236.6,One year,Fiber optic,No,90.95,46,4183.7,92.1,High Value,,0.0,Low Risk,High Value Customer
7246-ZGQDF,1,54.5,54.5,Month-to-month,DSL,No,54.5,1,54.5,54.5,Low Value,,0.0,Low Risk,Low Priority
7000-WCEVQ,20,61.6,1174.35,Month-to-month,DSL,Yes,61.6,20,1232.0,58.7175,Medium Value,,0.0,Low Risk,Low Priority
0727-IWKVK,9,79.9,741.7,Month-to-month,Fiber optic,Yes,79.9,9,719.1,82.41111111111111,Low Value,,0.0,Low Risk,Low Priority
5959-BELXA,32,96.15,3019.25,Month-to-month,Fiber optic,Yes,96.15,32,3076.8,94.3515625,High Value,,0.0,Low Risk,High Value Customer
4456-RHSNB,19,49.6,962.9,Month-to-month,DSL,No,49.6,19,942.4,50.67894736842105,Low Value,,0.0,Low Risk,Low Priority
3512-IZIKN,70,65.3,4759.75,Two year,DSL,Yes,65.3,70,4571.0,67.99642857142857,High Value,,0.0,Low Risk,High Value Customer
2481-SBOYW,61,25.0,1498.35,Two year,No,No,25.0,61,1525.0,24.56311475409836,Medium Value,,0.0,Low Risk,Low Priority
7109-MFBYV,26,45.45,1233.15,Month-to-month,DSL,No,45.45,26,1181.7,47.42884615384616,Medium Value,,0.0,Low Risk,Low Priority
1833-TCXKK,45,107.75,4882.8,Month-to-month,Fiber optic,No,107.75,45,4848.75,108.50666666666667,High Value,No,0.495,Medium Risk,High Value Customer
1832-PEUTS,62,89.1,5411.65,Two year,Fiber optic,No,89.1,62,5524.2,87.28467741935484,High Value,,0.0,Low Risk,High Value Customer
6141-OOXUQ,1,19.65,19.65,Month-to-month,No,Yes,19.65,1,19.65,19.65,Low Value,,0.0,Low Risk,Low Priority
8660-BUETV,3,44.75,148.05,Month-to-month,DSL,No,44.75,3,134.25,49.35,Low Value,,0.0,Low Risk,Low Priority
0580-PIQHM,41,101.6,3930.55,One year,Fiber optic,No,101.6,41,4165.599999999999,95.86707317073171,High Value,,0.0,Low Risk,High Value Customer
5696-CEIQJ,67,103.15,6895.5,Two year,Fiber optic,No,103.15,67,6911.05,102.9179104477612,Very High Value,No,0.085,Low Risk,VIP Customer
7503-ZGUZJ,1,84.65,84.65,Month-to-month,Fiber optic,Yes,84.65,1,84.65,84.65,Low Value,,0.0,Low Risk,Low Priority
1696-HXOWK,71,95.65,6856.95,One year,Fiber optic,No,95.65,71,6791.150000000001,96.57676056338028,Very High Value,,0.0,Low Risk,VIP Customer
3026-ATZYV,37,75.1,2658.8,One year,DSL,No,75.1,37,2778.7,71.85945945945946,Medium Value,,0.0,Low Risk,Low Priority
4012-YCFAI,60,61.35,3766.2,Two year,DSL,No,61.35,60,3681.0,62.77,High Value,No,0.01,Low Risk,High Value Customer
2506-TNFCO,1,69.55,69.55,Month-to-month,Fiber optic,Yes,69.55,1,69.55,69.55,Low Value,,0.0,Low Risk,Low Priority
9970-QBCDA,6,19.7,129.55,Month-to-month,No,No,19.7,6,118.2,21.59166666666667,Low Value,,0.0,Low Risk,Low Priority
8718-PTMEZ,13,31.05,347.25,Month-to-month,DSL,Yes,31.05,13,403.65,26.71153846153846,Low Value,,0.0,Low Risk,Low Priority
9496-IVVRP,11,51.0,581.7,Month-to-month,DSL,No,51.0,11,561.0,52.88181818181818,Low Value,,0.0,Low Risk,Low Priority
2207-OBZNX,7,51.0,354.05,Month-to-month,DSL,Yes,51.0,7,357.0,50.57857142857143,Low Value,,0.0,Low Risk,Low Priority
2657-VPXTA,10,88.85,929.45,Month-to-month,Fiber optic,No,88.85,10,888.5,92.945,Low Value,,0.0,Low Risk,Low Priority
6551-VLJMV,34,20.05,679.0,Two year,No,No,20.05,34,681.7,19.97058823529412,Low Value,,0.0,Low Risk,Low Priority
1221-GHZEP,62,65.1,3846.75,Two year,DSL,No,65.1,62,4036.2,62.04435483870968,High Value,,0.0,Low Risk,High Value Customer
6142-VSJQO,1,44.35,44.35,Month-to-month,DSL,Yes,44.35,1,44.35,44.35,Low Value,,0.0,Low Risk,Low Priority
3458-IDMFK,25,20.75,499.4,Two year,No,No,20.75,25,518.75,19.976,Low Value,,0.0,Low Risk,Low Priority
6933-FHBZC,26,56.05,1553.2,One year,DSL,No,56.05,26,1457.3,59.73846153846154,Medium Value,No,0.105,Low Risk,Low Priority
0221-NAUXK,10,19.95,219.5,One year,No,No,19.95,10,199.5,21.95,Low Value,,0.0,Low Risk,Low Priority
9770-KXGQU,53,98.6,5311.85,One year,Fiber optic,No,98.6,53,5225.799999999999,100.2235849056604,High Value,,0.0,Low Risk,High Value Customer
6437-UKHMV,7,79.7,586.05,Month-to-month,Fiber optic,Yes,79.7,7,557.9,83.72142857142856,Low Value,,0.0,Low Risk,Low Priority
6538-POCHL,33,79.0,2576.8,Month-to-month,Fiber optic,No,79.0,33,2607.0,78.0848484848485,Medium Value,,0.0,Low Risk,Low Priority
6726-NNFWD,71,89.45,6435.25,Two year,Fiber optic,No,89.45,71,6350.95,90.63732394366195,Very High Value,No,0.095,Low Risk,VIP Customer
3002-WQZWT,29,74.2,1993.25,Month-to-month,Fiber optic,No,74.2,29,2151.8,68.73275862068965,Medium Value,,0.0,Low Risk,Low Priority
4277-UDIEF,24,81.0,1923.85,Month-to-month,DSL,No,81.0,24,1944.0,80.16041666666666,Medium Value,,0.0,Low Risk,Low Priority
1208-NBVFH,20,49.6,939.8,Month-to-month,DSL,No,49.6,20,992.0,46.99,Low Value,,0.0,Low Risk,Low Priority
4912-PIGUY,1,84.6,84.6,Month-to-month,Fiber optic,No,84.6,1,84.6,84.6,Low Value,,0.0,Low Risk,Low Priority
1114-CENIM,54,55.0,3092.65,Month-to-month,DSL,Yes,55.0,54,2970.0,57.2712962962963,Medium Value,,0.0,Low Risk,Low Priority
6060-DRTNL,5,84.85,415.55,Month-to-month,Fiber optic,Yes,84.85,5,424.25,83.11,Low Value,,0.0,Low Risk,Low Priority
2725-TTRIQ,72,84.2,5986.55,Two year,DSL,No,84.2,72,6062.400000000001,83.14652777777778,Very High Value,,0.0,Low Risk,VIP Customer
3374-TTZTK,52,106.3,5487.0,Two year,Fiber optic,No,106.3,52,5527.599999999999,105.51923076923076,High Value,,0.0,Low Risk,High Value Customer
8990-ZXLSU,9,69.05,651.5,Month-to-month,Fiber optic,No,69.05,9,621.4499999999999,72.38888888888889,Low Value,,0.0,Low Risk,Low Priority
2275-RBYQS,1,45.4,45.4,Month-to-month,DSL,No,45.4,1,45.4,45.4,Low Value,,0.0,Low Risk,Low Priority
8473-VUVJN,1,73.65,73.65,Month-to-month,Fiber optic,Yes,73.65,1,73.65,73.65,Low Value,,0.0,Low Risk,Low Priority
6289-CPNLD,33,73.9,2405.05,One year,DSL,Yes,73.9,33,2438.7000000000003,72.88030303030304,Medium Value,,0.0,Low Risk,Low Priority
5536-SLHPM,55,77.75,4458.15,Month-to-month,Fiber optic,Yes,77.75,55,4276.25,81.05727272727272,High Value,,0.0,Low Risk,High Value Customer
4419-UJMUS,69,99.35,6856.45,Two year,Fiber optic,No,99.35,69,6855.15,99.36884057971014,Very High Value,No,0.16,Low Risk,VIP Customer
7794-JASDG,1,50.75,50.75,Month-to-month,DSL,No,50.75,1,50.75,50.75,Low Value,,0.0,Low Risk,Low Priority
7609-YBPXG,54,87.1,4735.2,Two year,DSL,No,87.1,54,4703.4,87.68888888888888,High Value,,0.0,Low Risk,High Value Customer
5519-TEEUH,33,20.15,682.15,One year,No,No,20.15,33,664.9499999999999,20.67121212121212,Low Value,No,0.015,Low Risk,Low Priority
7856-GANIL,45,98.7,4525.8,One year,Fiber optic,No,98.7,45,4441.5,100.57333333333334,High Value,,0.0,Low Risk,High Value Customer
0804-XBFBV,11,25.2,321.05,Month-to-month,DSL,No,25.2,11,277.2,29.18636363636364,Low Value,,0.0,Low Risk,Low Priority
2676-OXPPQ,6,55.7,335.65,Month-to-month,DSL,No,55.7,6,334.20000000000005,55.94166666666666,Low Value,,0.0,Low Risk,Low Priority
3703-TTEPD,21,65.35,1424.4,Month-to-month,DSL,No,65.35,21,1372.35,67.82857142857144,Medium Value,,0.0,Low Risk,Low Priority
2799-TSLAG,65,25.3,1748.55,Two year,No,No,25.3,65,1644.5,26.90076923076923,Medium Value,,0.0,Low Risk,Low Priority
0196-VULGZ,6,84.35,474.9,Month-to-month,Fiber optic,Yes,84.35,6,506.1,79.14999999999999,Low Value,,0.0,Low Risk,Low Priority
8837-VVWLQ,8,84.95,668.4,Month-to-month,Fiber optic,Yes,84.95,8,679.6,83.55,Low Value,,0.0,Low Risk,Low Priority
2696-NARTR,11,73.85,926.25,Month-to-month,Fiber optic,Yes,73.85,11,812.3499999999999,84.20454545454545,Low Value,,0.0,Low Risk,Low Priority
2208-NKVVH,43,24.25,1077.95,Two year,No,No,24.25,43,1042.75,25.06860465116279,Medium Value,,0.0,Low Risk,Low Priority
7614-QVWQL,49,51.8,2541.25,One year,DSL,Yes,51.8,49,2538.2,51.86224489795919,Medium Value,,0.0,Low Risk,Low Priority
1976-CFOCS,1,46.0,46.0,Month-to-month,DSL,Yes,46.0,1,46.0,46.0,Low Value,,0.0,Low Risk,Low Priority
4631-OACRM,15,79.4,1156.1,Month-to-month,Fiber optic,Yes,79.4,15,1191.0,77.07333333333332,Medium Value,No,0.44,Medium Risk,Monitor
7139-JZFVG,60,60.5,3694.45,Two year,DSL,No,60.5,60,3630.0,61.57416666666666,High Value,,0.0,Low Risk,High Value Customer
4987-GQWPO,17,25.1,382.8,Month-to-month,DSL,No,25.1,17,426.7000000000001,22.51764705882353,Low Value,,0.0,Low Risk,Low Priority
3755-JBMNH,16,71.8,1167.8,Month-to-month,Fiber optic,Yes,71.8,16,1148.8,72.9875,Medium Value,,0.0,Low Risk,Low Priority
1757-TCATG,35,20.05,746.75,One year,No,No,20.05,35,701.75,21.335714285714285,Low Value,,0.0,Low Risk,Low Priority
6345-ULYRW,44,88.4,3912.9,One year,Fiber optic,Yes,88.4,44,3889.6,88.92954545454546,High Value,,0.0,Low Risk,High Value Customer
4776-XSKYQ,12,30.25,368.85,One year,DSL,No,30.25,12,363.0,30.7375,Low Value,,0.0,Low Risk,Low Priority
8048-DSDFQ,1,20.2,20.2,Month-to-month,No,No,20.2,1,20.2,20.2,Low Value,,0.0,Low Risk,Low Priority
5753-QQWPW,28,59.9,1654.7,One year,DSL,No,59.9,28,1677.2,59.096428571428575,Medium Value,No,0.06,Low Risk,Low Priority
6010-DDPPW,70,25.15,1940.85,Two year,No,No,25.15,70,1760.5,27.72642857142857,Medium Value,,0.0,Low Risk,Low Priority
1809-DMJHQ,5,46.0,221.7,Month-to-month,DSL,Yes,46.0,5,230.0,44.34,Low Value,No,0.245,Low Risk,Low Priority
6693-FRIRW,18,101.3,1794.65,Month-to-month,Fiber optic,No,101.3,18,1823.4,99.70277777777778,Medium Value,,0.0,Low Risk,Low Priority
6586-MYGKD,70,76.95,5289.8,Two year,DSL,No,76.95,70,5386.5,75.56857142857143,High Value,,0.0,Low Risk,High Value Customer
3173-NVMPX,9,55.3,501.2,Month-to-month,DSL,No,55.3,9,497.7,55.68888888888889,Low Value,No,0.215,Low Risk,Low Priority
0248-PGHBZ,67,92.45,6140.85,Two year,Fiber optic,No,92.45,67,6194.150000000001,91.65447761194032,Very High Value,,0.0,Low Risk,VIP Customer
0623-GDISB,1,48.45,48.45,Month-to-month,DSL,No,48.45,1,48.45,48.45,Low Value,,0.0,Low Risk,Low Priority
2892-GESUL,18,19.35,309.25,Two year,No,No,19.35,18,348.3,17.180555555555557,Low Value,No,0.005,Low Risk,Low Priority
6923-EFPNL,4,51.75,201.1,Month-to-month,DSL,Yes,51.75,4,207.0,50.275,Low Value,,0.0,Low Risk,Low Priority
7472-EQOAV,71,86.7,6179.35,One year,Fiber optic,No,86.7,71,6155.7,87.0330985915493,Very High Value,,0.0,Low Risk,VIP Customer
9574-RKJIF,30,94.4,2838.7,Month-to-month,Fiber optic,Yes,94.4,30,2832.0,94.62333333333332,Medium Value,,0.0,Low Risk,Low Priority
2043-WVTQJ,1,55.7,55.7,Month-to-month,DSL,No,55.7,1,55.7,55.7,Low Value,,0.0,Low Risk,Low Priority
8034-RYTVV,55,84.25,4589.85,One year,Fiber optic,No,84.25,55,4633.75,83.45181818181818,High Value,No,0.11,Low Risk,High Value Customer
3863-QSTYI,59,64.65,3735.45,Month-to-month,DSL,No,64.65,59,3814.35,63.31271186440678,High Value,,0.0,Low Risk,High Value Customer
2619-WFQWU,1,70.15,70.15,Month-to-month,Fiber optic,Yes,70.15,1,70.15,70.15,Low Value,,0.0,Low Risk,Low Priority
5044-LRQAQ,7,69.2,477.55,Month-to-month,Fiber optic,No,69.2,7,484.4,68.22142857142858,Low Value,,0.0,Low Risk,Low Priority
1716-LSAMB,45,54.65,2553.7,Two year,DSL,No,54.65,45,2459.25,56.748888888888885,Medium Value,No,0.02,Low Risk,Low Priority
1333-PBMXB,54,24.75,1342.15,One year,No,No,24.75,54,1336.5,24.85462962962963,Medium Value,,0.0,Low Risk,Low Priority
6546-OPBBH,51,23.95,1216.35,One year,No,No,23.95,51,1221.45,23.85,Medium Value,,0.0,Low Risk,Low Priority
5985-BEHZK,72,105.0,7578.05,One year,Fiber optic,No,105.0,72,7560.0,105.25069444444443,Very High Value,,0.0,Low Risk,VIP Customer
9127-QRZMH,44,59.85,2603.95,One year,DSL,No,59.85,44,2633.4,59.18068181818182,Medium Value,,0.0,Low Risk,Low Priority
5919-VCZYM,2,20.05,42.7,Month-to-month,No,No,20.05,2,40.1,21.35,Low Value,,0.0,Low Risk,Low Priority
9644-KVCNC,66,92.15,6056.9,One year,Fiber optic,No,92.15,66,6081.900000000001,91.77121212121212,Very High Value,,0.0,Low Risk,VIP Customer
2137-DQMEV,68,44.8,2983.65,One year,DSL,No,44.8,68,3046.4,43.87720588235294,High Value,,0.0,Low Risk,High Value Customer
8174-LNWMW,31,20.9,689.35,Two year,No,No,20.9,31,647.9,22.23709677419355,Low Value,,0.0,Low Risk,Low Priority
9279-CJEOJ,21,95.4,2025.1,Month-to-month,Fiber optic,No,95.4,21,2003.4,96.43333333333332,Medium Value,Yes,0.59,Medium Risk,Monitor
7964-VEXDG,21,80.35,1747.2,Month-to-month,Fiber optic,No,80.35,21,1687.35,83.2,Medium Value,,0.0,Low Risk,Low Priority
2404-JIBFC,55,85.1,4657.95,Two year,DSL,No,85.1,55,4680.5,84.69,High Value,,0.0,Low Risk,High Value Customer
0778-NELLA,9,34.7,296.1,Month-to-month,DSL,Yes,34.7,9,312.3,32.900000000000006,Low Value,No,0.23,Low Risk,Low Priority
8029-XYPWT,71,115.05,8016.6,Two year,Fiber optic,No,115.05,71,8168.55,112.90985915492958,Very High Value,,0.0,Low Risk,VIP Customer
4614-NUVZD,1,81.1,81.1,Month-to-month,Fiber optic,Yes,81.1,1,81.1,81.1,Low Value,,0.0,Low Risk,Low Priority
4632-PAOYU,22,19.95,433.5,One year,No,No,19.95,22,438.9,19.704545454545453,Low Value,,0.0,Low Risk,Low Priority
3803-KMQFW,1,20.55,20.55,Month-to-month,No,Yes,20.55,1,20.55,20.55,Low Value,,0.0,Low Risk,Low Priority
6804-GDMOI,61,106.6,6428.4,Two year,Fiber optic,Yes,106.6,61,6502.599999999999,105.38360655737704,Very High Value,,0.0,Low Risk,VIP Customer
2990-OGYTD,67,86.15,5883.85,Two year,DSL,No,86.15,67,5772.05,87.81865671641792,High Value,,0.0,Low Risk,High Value Customer
6646-JPPHA,14,78.85,1043.8,Month-to-month,Fiber optic,No,78.85,14,1103.9,74.55714285714285,Medium Value,,0.0,Low Risk,Low Priority
9572-MTILT,59,106.75,6252.9,Month-to-month,Fiber optic,Yes,106.75,59,6298.25,105.9813559322034,Very High Value,,0.0,Low Risk,VIP Customer
7658-UYUQS,21,86.55,1857.25,Month-to-month,Fiber optic,No,86.55,21,1817.55,88.44047619047619,Medium Value,,0.0,Low Risk,Low Priority
7880-XSOJX,4,42.4,146.4,Month-to-month,DSL,No,42.4,4,169.6,36.6,Low Value,,0.0,Low Risk,Low Priority
9611-CTWIH,3,89.45,240.45,Month-to-month,Fiber optic,Yes,89.45,3,268.35,80.14999999999999,Low Value,Yes,0.775,High Risk,Churn Risk
4589-IUAJB,70,24.25,1724.15,Two year,No,No,24.25,70,1697.5,24.630714285714287,Medium Value,,0.0,Low Risk,Low Priority
0329-GTIAJ,3,97.9,315.3,Month-to-month,Fiber optic,Yes,97.9,3,293.70000000000005,105.1,Low Value,,0.0,Low Risk,Low Priority
8746-BFOAJ,21,20.5,429.55,One year,No,No,20.5,21,430.5,20.454761904761902,Low Value,,0.0,Low Risk,Low Priority
8457-XIGKN,20,19.6,356.15,Month-to-month,No,No,19.6,20,392.0,17.807499999999997,Low Value,No,0.02,Low Risk,Low Priority
6072-NUQCB,22,20.25,488.25,One year,No,No,20.25,22,445.5,22.193181818181817,Low Value,,0.0,Low Risk,Low Priority
6629-CZTTH,1,55.7,55.7,Month-to-month,DSL,Yes,55.7,1,55.7,55.7,Low Value,,0.0,Low Risk,Low Priority
8838-GPHZP,63,20.6,1298.7,Two year,No,No,20.6,63,1297.8000000000002,20.614285714285717,Medium Value,,0.0,Low Risk,Low Priority
8750-QWZAJ,70,19.8,1378.75,Two year,No,No,19.8,70,1386.0,19.696428571428573,Medium Value,,0.0,Low Risk,Low Priority
5364-EVNIB,13,79.8,973.45,Month-to-month,Fiber optic,Yes,79.8,13,1037.4,74.88076923076923,Medium Value,,0.0,Low Risk,Low Priority
6918-UMQCG,5,80.2,384.25,Month-to-month,Fiber optic,No,80.2,5,401.0,76.85,Low Value,,0.0,Low Risk,Low Priority
0675-NCDYU,72,116.4,8543.25,Two year,Fiber optic,No,116.4,72,8380.800000000001,118.65625,Very High Value,,0.0,Low Risk,VIP Customer
6339-DKLMK,13,31.65,389.95,Month-to-month,DSL,No,31.65,13,411.45,29.996153846153845,Low Value,,0.0,Low Risk,Low Priority
1346-PJWTK,61,94.15,5731.85,Month-to-month,Fiber optic,No,94.15,61,5743.150000000001,93.96475409836066,High Value,No,0.12,Low Risk,High Value Customer
5088-QZLRL,1,20.65,20.65,Month-to-month,No,No,20.65,1,20.65,20.65,Low Value,,0.0,Low Risk,Low Priority
8023-QHAIO,56,76.85,4275.75,Month-to-month,Fiber optic,No,76.85,56,4303.599999999999,76.35267857142857,High Value,,0.0,Low Risk,High Value Customer
4397-FRLTA,4,20.15,84.5,Month-to-month,No,No,20.15,4,80.6,21.125,Low Value,,0.0,Low Risk,Low Priority
3057-VJJQE,35,55.25,1924.1,Two year,DSL,No,55.25,35,1933.75,54.97428571428571,Medium Value,,0.0,Low Risk,Low Priority
5087-SUURX,18,39.05,669.85,Month-to-month,DSL,Yes,39.05,18,702.9,37.21388888888889,Low Value,,0.0,Low Risk,Low Priority
2302-OUZXB,72,82.15,5784.3,Two year,DSL,No,82.15,72,5914.8,80.3375,High Value,,0.0,Low Risk,High Value Customer
8133-ANHHJ,49,103.0,5166.2,One year,Fiber optic,No,103.0,49,5047.0,105.43265306122449,High Value,,0.0,Low Risk,High Value Customer
2270-CHBFN,44,95.1,4060.55,Month-to-month,Fiber optic,No,95.1,44,4184.4,92.28522727272728,High Value,,0.0,Low Risk,High Value Customer
0013-EXCHZ,3,83.9,267.4,Month-to-month,Fiber optic,Yes,83.9,3,251.7,89.13333333333333,Low Value,,0.0,Low Risk,Low Priority
5982-FPVQN,37,95.15,3532.85,Month-to-month,Fiber optic,No,95.15,37,3520.55,95.48243243243245,High Value,,0.0,Low Risk,High Value Customer
9107-UKCKY,61,79.8,4914.8,One year,DSL,No,79.8,61,4867.8,80.57049180327868,High Value,No,0.225,Low Risk,High Value Customer
4654-ULTTN,70,74.8,5315.8,Two year,DSL,No,74.8,70,5236.0,75.94,High Value,No,0.025,Low Risk,High Value Customer
5550-VFRLC,1,69.85,69.85,Month-to-month,Fiber optic,Yes,69.85,1,69.85,69.85,Low Value,,0.0,Low Risk,Low Priority
5546-BYZSM,41,20.45,775.6,Month-to-month,No,No,20.45,41,838.4499999999999,18.917073170731708,Low Value,,0.0,Low Risk,Low Priority
1492-KGETH,70,78.35,5445.95,One year,DSL,No,78.35,70,5484.5,77.79928571428572,High Value,,0.0,Low Risk,High Value Customer
4929-BSTRX,1,53.55,53.55,Month-to-month,DSL,Yes,53.55,1,53.55,53.55,Low Value,,0.0,Low Risk,Low Priority
4163-HFTUK,51,19.1,1007.8,One year,No,No,19.1,51,974.1,19.76078431372549,Low Value,,0.0,Low Risk,Low Priority
8215-NGSPE,42,20.0,833.55,Two year,No,No,20.0,42,840.0,19.84642857142857,Low Value,,0.0,Low Risk,Low Priority
2225-ZRGSG,70,93.9,6579.05,Two year,Fiber optic,Yes,93.9,70,6573.0,93.98642857142858,Very High Value,,0.0,Low Risk,VIP Customer
8859-YSTWS,48,19.95,1004.5,One year,No,No,19.95,48,957.6,20.92708333333333,Low Value,,0.0,Low Risk,Low Priority
5271-YNWVR,68,113.15,7856.0,Two year,Fiber optic,Yes,113.15,68,7694.200000000001,115.52941176470588,Very High Value,No,0.03,Low Risk,VIP Customer
7601-DHFWZ,48,24.0,1183.05,Two year,No,No,24.0,48,1152.0,24.646875,Medium Value,,0.0,Low Risk,Low Priority
2657-ALMWY,26,84.95,2169.75,Month-to-month,Fiber optic,Yes,84.95,26,2208.7000000000003,83.45192307692308,Medium Value,,0.0,Low Risk,Low Priority
6330-JKLPC,11,80.5,896.9,Month-to-month,Fiber optic,Yes,80.5,11,885.5,81.53636363636363,Low Value,,0.0,Low Risk,Low Priority
4667-OHGKG,1,19.3,19.3,Month-to-month,No,Yes,19.3,1,19.3,19.3,Low Value,No,0.2425,Low Risk,Low Priority
1998-VHJHK,27,19.15,501.35,One year,No,No,19.15,27,517.05,18.56851851851852,Low Value,,0.0,Low Risk,Low Priority
1707-HABPF,46,91.3,4126.35,One year,Fiber optic,No,91.3,46,4199.8,89.70326086956523,High Value,No,0.16,Low Risk,High Value Customer
1660-HSOOQ,1,49.65,49.65,Month-to-month,DSL,Yes,49.65,1,49.65,49.65,Low Value,,0.0,Low Risk,Low Priority
7253-UVNDW,46,54.35,2460.15,Two year,DSL,Yes,54.35,46,2500.1,53.48152173913044,Medium Value,,0.0,Low Risk,Low Priority
0487-VVUVK,25,19.15,477.6,Month-to-month,No,No,19.15,25,478.75,19.104,Low Value,,0.0,Low Risk,Low Priority
7228-OMTPN,4,88.45,370.65,Month-to-month,Fiber optic,Yes,88.45,4,353.8,92.6625,Low Value,,0.0,Low Risk,Low Priority
5063-IUOKK,13,19.75,265.75,Two year,No,No,19.75,13,256.75,20.442307692307693,Low Value,No,0.015,Low Risk,Low Priority
4508-OEBEY,31,75.5,2424.45,One year,DSL,No,75.5,31,2340.5,78.20806451612903,Medium Value,,0.0,Low Risk,Low Priority
0027-KWYKW,23,83.75,1849.95,Month-to-month,Fiber optic,No,83.75,23,1926.25,80.43260869565218,Medium Value,,0.0,Low Risk,Low Priority
2308-STERM,2,19.4,61.05,Month-to-month,No,No,19.4,2,38.8,30.525,Low Value,No,0.127,Low Risk,Low Priority
5982-XMDEX,65,26.5,1698.55,Two year,No,No,26.5,65,1722.5,26.13153846153846,Medium Value,,0.0,Low Risk,Low Priority
6284-AHOOQ,22,90.5,1910.6,Month-to-month,Fiber optic,Yes,90.5,22,1991.0,86.84545454545454,Medium Value,No,0.36,Low Risk,Low Priority
6051-PTVNS,55,19.15,998.1,One year,No,No,19.15,55,1053.25,18.14727272727273,Medium Value,,0.0,Low Risk,Low Priority
2344-JMOGN,9,94.85,890.6,Month-to-month,Fiber optic,Yes,94.85,9,853.65,98.95555555555556,Low Value,,0.0,Low Risk,Low Priority
3799-ISUZQ,7,69.95,529.5,Month-to-month,Fiber optic,Yes,69.95,7,489.65,75.64285714285714,Low Value,,0.0,Low Risk,Low Priority
2877-VDUER,35,40.9,1383.6,One year,DSL,No,40.9,35,1431.5,39.53142857142857,Medium Value,No,0.105,Low Risk,Low Priority
9152-AMKAK,6,80.25,493.4,Two year,DSL,No,80.25,6,481.5,82.23333333333333,Low Value,,0.0,Low Risk,Low Priority
1794-HBQTJ,1,48.6,48.6,Month-to-month,DSL,Yes,48.6,1,48.6,48.6,Low Value,,0.0,Low Risk,Low Priority
9432-VOFYX,17,70.8,1207.0,Month-to-month,Fiber optic,No,70.8,17,1203.6,71.0,Medium Value,,0.0,Low Risk,Low Priority
8049-WJCLQ,10,60.2,563.5,Month-to-month,DSL,No,60.2,10,602.0,56.35,Low Value,,0.0,Low Risk,Low Priority
6586-PSJOX,15,55.2,864.55,One year,DSL,No,55.2,15,828.0,57.63666666666666,Low Value,,0.0,Low Risk,Low Priority
2460-FPSYH,40,55.8,2109.35,Month-to-month,DSL,Yes,55.8,40,2232.0,52.73375,Medium Value,,0.0,Low Risk,Low Priority
9705-ZJBCG,13,54.15,701.05,One year,DSL,No,54.15,13,703.9499999999999,53.92692307692308,Low Value,,0.0,Low Risk,Low Priority
4818-DRBQT,29,80.15,2265.25,Month-to-month,Fiber optic,Yes,80.15,29,2324.3500000000004,78.11206896551724,Medium Value,,0.0,Low Risk,Low Priority
1320-HTRDR,3,75.5,220.6,Month-to-month,Fiber optic,Yes,75.5,3,226.5,73.53333333333333,Low Value,Yes,0.795,High Risk,Churn Risk
6847-KJLTS,58,100.4,5749.8,Month-to-month,Fiber optic,No,100.4,58,5823.200000000001,99.13448275862068,High Value,,0.0,Low Risk,High Value Customer
9670-BPNXF,45,62.55,2796.45,One year,DSL,No,62.55,45,2814.75,62.14333333333333,Medium Value,,0.0,Low Risk,Low Priority
3913-FCUUW,72,70.45,5165.7,Two year,DSL,No,70.45,72,5072.400000000001,71.74583333333334,High Value,No,0.005,Low Risk,High Value Customer
3301-VKTGC,68,85.5,5696.6,One year,Fiber optic,No,85.5,68,5814.0,83.77352941176471,High Value,No,0.055,Low Risk,High Value Customer
1493-AMTIE,1,20.2,20.2,Month-to-month,No,Yes,20.2,1,20.2,20.2,Low Value,No,0.47,Medium Risk,Monitor
9555-SAHUZ,38,54.5,2076.05,Month-to-month,DSL,No,54.5,38,2071.0,54.63289473684211,Medium Value,,0.0,Low Risk,Low Priority
0816-TSPHQ,2,20.75,44.2,Month-to-month,No,No,20.75,2,41.5,22.1,Low Value,No,0.1562,Low Risk,Low Priority
9932-WBWIK,11,20.35,215.25,Month-to-month,No,No,20.35,11,223.85,19.568181818181817,Low Value,,0.0,Low Risk,Low Priority
4619-EVPHY,20,91.0,1859.5,One year,Fiber optic,No,91.0,20,1820.0,92.975,Medium Value,No,0.32,Low Risk,Low Priority
5286-YHCVC,72,104.8,7470.1,Two year,Fiber optic,No,104.8,72,7545.599999999999,103.7513888888889,Very High Value,,0.0,Low Risk,VIP Customer
6424-ELEYH,3,74.75,229.5,Month-to-month,Fiber optic,Yes,74.75,3,224.25,76.5,Low Value,,0.0,Low Risk,Low Priority
4391-RESHN,23,104.05,2470.1,Month-to-month,Fiber optic,Yes,104.05,23,2393.15,107.39565217391304,Medium Value,,0.0,Low Risk,Low Priority
9115-YQHGA,40,51.1,2092.9,Month-to-month,DSL,No,51.1,40,2044.0,52.322500000000005,Medium Value,No,0.205,Low Risk,Low Priority
4462-CYWMH,62,89.8,5629.55,Month-to-month,Fiber optic,No,89.8,62,5567.599999999999,90.7991935483871,High Value,,0.0,Low Risk,High Value Customer
8963-MQVYN,22,20.55,469.85,Month-to-month,No,No,20.55,22,452.1,21.356818181818184,Low Value,,0.0,Low Risk,Low Priority
2458-EOMRE,11,64.05,733.95,Month-to-month,DSL,No,64.05,11,704.55,66.72272727272728,Low Value,,0.0,Low Risk,Low Priority
9334-GWGOW,7,74.85,485.25,Month-to-month,Fiber optic,No,74.85,7,523.9499999999999,69.32142857142857,Low Value,Yes,0.75,High Risk,Churn Risk
6821-BUXUX,13,96.65,1244.5,Month-to-month,Fiber optic,Yes,96.65,13,1256.45,95.73076923076924,Medium Value,Yes,0.755,High Risk,Churn Risk
5028-HTLJB,1,20.05,20.05,Month-to-month,No,Yes,20.05,1,20.05,20.05,Low Value,,0.0,Low Risk,Low Priority
9801-GDWGV,39,103.45,3994.45,Month-to-month,Fiber optic,Yes,103.45,39,4034.55,102.42179487179487,High Value,,0.0,Low Risk,High Value Customer
6542-LWGXJ,3,25.0,78.25,Month-to-month,DSL,No,25.0,3,75.0,26.08333333333333,Low Value,No,0.345,Low Risk,Low Priority
5567-GZKQY,58,20.3,1131.5,Two year,No,No,20.3,58,1177.4,19.50862068965517,Medium Value,,0.0,Low Risk,Low Priority
1222-LRYKO,6,26.35,184.05,Month-to-month,No,No,26.35,6,158.10000000000002,30.675,Low Value,,0.0,Low Risk,Low Priority
2320-JRSDE,1,19.9,19.9,Month-to-month,No,Yes,19.9,1,19.9,19.9,Low Value,,0.0,Low Risk,Low Priority
2087-QAREY,22,54.7,1178.75,Month-to-month,DSL,No,54.7,22,1203.4,53.57954545454545,Medium Value,No,0.11,Low Risk,Low Priority
0601-WZHJF,14,46.35,667.7,Month-to-month,DSL,Yes,46.35,14,648.9,47.69285714285714,Low Value,,0.0,Low Risk,Low Priority
4423-JWZJN,64,90.25,5629.15,One year,Fiber optic,No,90.25,64,5776.0,87.95546875,High Value,,0.0,Low Risk,High Value Customer
5143-WMWOG,1,19.95,19.95,Month-to-month,No,Yes,19.95,1,19.95,19.95,Low Value,,0.0,Low Risk,Low Priority
6490-FGZAT,6,20.65,109.3,Month-to-month,No,No,20.65,6,123.9,18.216666666666665,Low Value,,0.0,Low Risk,Low Priority
5393-RXQSZ,1,79.6,79.6,Month-to-month,Fiber optic,Yes,79.6,1,79.6,79.6,Low Value,,0.0,Low Risk,Low Priority
7452-FOLON,39,25.45,958.45,One year,No,No,25.45,39,992.55,24.575641025641023,Low Value,,0.0,Low Risk,Low Priority
2320-TZRRH,20,19.5,403.15,One year,No,No,19.5,20,390.0,20.1575,Low Value,No,0.02,Low Risk,Low Priority
0231-LXVAP,1,75.9,75.9,Month-to-month,Fiber optic,Yes,75.9,1,75.9,75.9,Low Value,,0.0,Low Risk,Low Priority
9444-JTXHZ,1,76.2,76.2,Month-to-month,Fiber optic,Yes,76.2,1,76.2,76.2,Low Value,,0.0,Low Risk,Low Priority
4942-VZZOM,64,66.15,4392.5,One year,DSL,No,66.15,64,4233.6,68.6328125,High Value,,0.0,Low Risk,High Value Customer
5510-BOIUJ,1,19.25,19.25,Month-to-month,No,Yes,19.25,1,19.25,19.25,Low Value,,0.0,Low Risk,Low Priority
7502-BNYGS,46,69.1,3168.0,Month-to-month,DSL,No,69.1,46,3178.6,68.8695652173913,High Value,,0.0,Low Risk,High Value Customer
4291-HYEBC,28,39.1,1096.6,One year,DSL,No,39.1,28,1094.8,39.16428571428571,Medium Value,,0.0,Low Risk,Low Priority
6147-CBCRA,33,20.05,669.45,Month-to-month,No,No,20.05,33,661.65,20.28636363636364,Low Value,,0.0,Low Risk,Low Priority
6047-SUHPR,39,59.8,2343.85,One year,DSL,No,59.8,39,2332.2,60.09871794871795,Medium Value,,0.0,Low Risk,Low Priority
4471-KXAUH,42,84.3,3588.4,Month-to-month,Fiber optic,Yes,84.3,42,3540.6,85.43809523809524,High Value,,0.0,Low Risk,High Value Customer
9752-ZNQUT,1,48.6,48.6,Month-to-month,DSL,No,48.6,1,48.6,48.6,Low Value,Yes,0.555,Medium Risk,Monitor
7638-QVMVY,7,79.0,522.95,Month-to-month,Fiber optic,Yes,79.0,7,553.0,74.70714285714287,Low Value,,0.0,Low Risk,Low Priority
1576-PFZIW,70,105.35,7511.9,Two year,Fiber optic,No,105.35,70,7374.5,107.31285714285714,Very High Value,,0.0,Low Risk,VIP Customer
5666-MBJPT,65,25.1,1725.0,Two year,No,No,25.1,65,1631.5,26.53846153846154,Medium Value,No,0.005,Low Risk,Low Priority
7312-XSBAT,1,49.75,49.75,Month-to-month,DSL,No,49.75,1,49.75,49.75,Low Value,,0.0,Low Risk,Low Priority
3096-GKWEB,18,94.75,1691.9,Month-to-month,Fiber optic,No,94.75,18,1705.5,93.99444444444444,Medium Value,,0.0,Low Risk,Low Priority
2371-JQHZZ,24,93.0,2248.05,Month-to-month,Fiber optic,No,93.0,24,2232.0,93.66875,Medium Value,,0.0,Low Risk,Low Priority
0674-GCDXG,63,71.9,4479.2,Two year,DSL,No,71.9,63,4529.700000000001,71.0984126984127,High Value,,0.0,Low Risk,High Value Customer
1121-QSIVB,44,77.55,3471.1,One year,DSL,No,77.55,44,3412.2,78.88863636363637,High Value,,0.0,Low Risk,High Value Customer
4396-KLSEH,4,19.85,63.0,Month-to-month,No,No,19.85,4,79.4,15.75,Low Value,No,0.08,Low Risk,Low Priority
3244-DCJWY,1,70.25,70.25,Month-to-month,Fiber optic,Yes,70.25,1,70.25,70.25,Low Value,No,0.375,Low Risk,Low Priority
2824-MYYBN,37,95.25,3314.15,Month-to-month,Fiber optic,No,95.25,37,3524.25,89.57162162162163,High Value,,0.0,Low Risk,High Value Customer
0875-CABNR,10,84.6,865.55,Month-to-month,Fiber optic,Yes,84.6,10,846.0,86.55499999999999,Low Value,,0.0,Low Risk,Low Priority
6345-HOVES,34,25.05,852.7,Month-to-month,DSL,No,25.05,34,851.7,25.079411764705885,Low Value,,0.0,Low Risk,Low Priority
8318-LCNBW,35,53.15,1930.9,One year,DSL,No,53.15,35,1860.25,55.16857142857143,Medium Value,,0.0,Low Risk,Low Priority
6469-QJKZW,4,20.15,91.4,Month-to-month,No,No,20.15,4,80.6,22.85,Low Value,,0.0,Low Risk,Low Priority
0147-ESWWR,39,101.25,3949.15,Month-to-month,Fiber optic,No,101.25,39,3948.75,101.26025641025642,High Value,,0.0,Low Risk,High Value Customer
1217-VASWC,43,100.55,4304.0,One year,Fiber optic,No,100.55,43,4323.65,100.09302325581396,High Value,No,0.215,Low Risk,High Value Customer
7812-FZHPE,17,24.1,409.9,Month-to-month,No,Yes,24.1,17,409.7000000000001,24.11176470588235,Low Value,,0.0,Low Risk,Low Priority
6370-ZVHDV,61,25.3,1554.9,Two year,No,No,25.3,61,1543.3,25.49016393442623,Medium Value,No,0.0,Low Risk,Low Priority
5915-DGNVC,49,71.8,3472.05,One year,DSL,No,71.8,49,3518.2,70.85816326530613,High Value,,0.0,Low Risk,High Value Customer
6260-XLACS,4,19.7,117.8,One year,No,No,19.7,4,78.8,29.45,Low Value,,0.0,Low Risk,Low Priority
3566-CAAYU,64,49.85,3210.35,Two year,DSL,No,49.85,64,3190.4,50.16171875,High Value,,0.0,Low Risk,High Value Customer
4983-CCWMC,3,69.6,207.4,Month-to-month,Fiber optic,No,69.6,3,208.8,69.13333333333334,Low Value,Yes,0.6125,Medium Risk,Monitor
9103-CXVOK,1,19.75,19.75,Month-to-month,No,No,19.75,1,19.75,19.75,Low Value,,0.0,Low Risk,Low Priority
2896-TBNBE,40,80.8,3132.75,One year,Fiber optic,No,80.8,40,3232.0,78.31875,High Value,,0.0,Low Risk,High Value Customer
4797-AXPXK,1,60.0,60.0,Month-to-month,DSL,Yes,60.0,1,60.0,60.0,Low Value,,0.0,Low Risk,Low Priority
5229-PRWKT,8,86.55,649.65,Month-to-month,Fiber optic,Yes,86.55,8,692.4,81.20625,Low Value,,0.0,Low Risk,Low Priority
6982-UQZLY,1,20.85,20.85,Month-to-month,No,Yes,20.85,1,20.85,20.85,Low Value,,0.0,Low Risk,Low Priority
2522-WLNSF,34,64.2,2106.3,One year,DSL,No,64.2,34,2182.8,61.95,Medium Value,No,0.075,Low Risk,Low Priority
3841-CONLJ,1,35.0,35.0,Month-to-month,DSL,No,35.0,1,35.0,35.0,Low Value,,0.0,Low Risk,Low Priority
5057-LCOUI,39,50.75,2011.4,Month-to-month,DSL,Yes,50.75,39,1979.25,51.57435897435898,Medium Value,,0.0,Low Risk,Low Priority
0193-ESZXP,58,105.5,6205.5,One year,Fiber optic,Yes,105.5,58,6119.0,106.99137931034484,Very High Value,,0.0,Low Risk,VIP Customer
4475-NVTLU,45,19.2,903.7,Two year,No,No,19.2,45,864.0,20.082222222222224,Low Value,,0.0,Low Risk,Low Priority
4369-HTUIF,6,85.15,503.6,Month-to-month,Fiber optic,Yes,85.15,6,510.9,83.93333333333334,Low Value,,0.0,Low Risk,Low Priority
9386-LDCZR,43,90.65,3882.3,One year,Fiber optic,No,90.65,43,3897.95,90.28604651162792,High Value,,0.0,Low Risk,High Value Customer
9585-KKMFD,41,20.0,879.8,Two year,No,No,20.0,41,820.0,21.45853658536585,Low Value,,0.0,Low Risk,Low Priority
5399-ZIMKF,5,74.65,383.65,Month-to-month,Fiber optic,No,74.65,5,373.25,76.72999999999999,Low Value,,0.0,Low Risk,Low Priority
0336-KXKFK,72,61.2,4390.25,Two year,DSL,No,61.2,72,4406.400000000001,60.97569444444444,High Value,,0.0,Low Risk,High Value Customer
5619-XZZKR,4,19.95,68.2,One year,No,No,19.95,4,79.8,17.05,Low Value,No,0.005,Low Risk,Low Priority
3948-FVVRP,9,54.8,452.8,Month-to-month,DSL,No,54.8,9,493.2,50.31111111111111,Low Value,No,0.175,Low Risk,Low Priority
5327-XOKKY,72,73.45,5329.0,Two year,DSL,No,73.45,72,5288.400000000001,74.01388888888889,High Value,,0.0,Low Risk,High Value Customer
0983-TATYJ,33,51.45,1758.9,One year,DSL,No,51.45,33,1697.85,53.3,Medium Value,No,0.06,Low Risk,Low Priority
1813-JYWTO,72,80.45,5737.6,Two year,Fiber optic,No,80.45,72,5792.400000000001,79.6888888888889,High Value,,0.0,Low Risk,High Value Customer
0156-FVPTA,22,54.2,1152.7,Month-to-month,DSL,Yes,54.2,22,1192.4,52.39545454545455,Medium Value,,0.0,Low Risk,Low Priority
1984-FCOWB,70,109.5,7674.55,One year,Fiber optic,Yes,109.5,70,7665.0,109.63642857142855,Very High Value,,0.0,Low Risk,VIP Customer
0654-HMSHN,21,104.4,2157.95,Month-to-month,Fiber optic,Yes,104.4,21,2192.4,102.7595238095238,Medium Value,,0.0,Low Risk,Low Priority
6719-OXYBR,15,85.3,1219.85,Month-to-month,Fiber optic,No,85.3,15,1279.5,81.32333333333332,Medium Value,,0.0,Low Risk,Low Priority
3312-ZWLGF,29,79.3,2414.55,Month-to-month,Fiber optic,No,79.3,29,2299.7,83.26034482758621,Medium Value,No,0.425,Medium Risk,Monitor
6476-YHMGA,15,76.5,1155.6,Month-to-month,DSL,No,76.5,15,1147.5,77.03999999999999,Medium Value,,0.0,Low Risk,Low Priority
5287-QWLKY,71,105.1,7548.1,Month-to-month,Fiber optic,Yes,105.1,71,7462.099999999999,106.3112676056338,Very High Value,,0.0,Low Risk,VIP Customer
0795-XCCTE,72,25.4,1809.35,Two year,No,No,25.4,72,1828.8,25.12986111111111,Medium Value,,0.0,Low Risk,Low Priority
0168-XZKBB,19,86.85,1564.4,Month-to-month,Fiber optic,No,86.85,19,1650.15,82.33684210526316,Medium Value,,0.0,Low Risk,Low Priority
3785-NRHYR,1,19.65,19.65,Month-to-month,No,No,19.65,1,19.65,19.65,Low Value,,0.0,Low Risk,Low Priority
5196-SGOAK,1,75.7,75.7,Month-to-month,Fiber optic,Yes,75.7,1,75.7,75.7,Low Value,Yes,0.85,High Risk,Churn Risk
4537-DKTAL,2,45.55,84.4,Month-to-month,DSL,No,45.55,2,91.1,42.2,Low Value,,0.0,Low Risk,Low Priority
7072-MBHEV,11,78.1,864.85,Month-to-month,Fiber optic,No,78.1,11,859.0999999999999,78.62272727272727,Low Value,,0.0,Low Risk,Low Priority
5602-BVFMK,12,19.3,228.75,One year,No,No,19.3,12,231.6,19.0625,Low Value,,0.0,Low Risk,Low Priority
6297-NOOPG,70,110.5,7752.05,Two year,Fiber optic,No,110.5,70,7735.0,110.74357142857144,Very High Value,No,0.045,Low Risk,VIP Customer
1891-UAWWU,20,90.8,1951.0,Month-to-month,Fiber optic,Yes,90.8,20,1816.0,97.55,Medium Value,,0.0,Low Risk,Low Priority
8204-TIFGJ,23,20.3,470.6,Month-to-month,No,No,20.3,23,466.9,20.460869565217397,Low Value,,0.0,Low Risk,Low Priority
8050-DVOJX,49,81.35,4060.9,Two year,DSL,No,81.35,49,3986.15,82.87551020408164,High Value,,0.0,Low Risk,High Value Customer
6108-OQZDQ,4,97.95,384.5,Month-to-month,Fiber optic,Yes,97.95,4,391.8,96.125,Low Value,,0.0,Low Risk,Low Priority
0363-QJVFX,32,108.15,3432.9,Month-to-month,Fiber optic,Yes,108.15,32,3460.8,107.278125,High Value,No,0.265,Low Risk,High Value Customer
8903-XEBGX,2,55.3,108.65,Month-to-month,DSL,No,55.3,2,110.6,54.325,Low Value,Yes,0.54,Medium Risk,Monitor
8169-SAEJD,69,56.55,3952.65,Two year,DSL,No,56.55,69,3901.95,57.28478260869565,High Value,,0.0,Low Risk,High Value Customer
9840-DVNDC,6,80.5,463.05,Month-to-month,Fiber optic,Yes,80.5,6,483.0,77.175,Low Value,Yes,0.59,Medium Risk,Monitor
1089-XZWHH,24,19.7,494.05,Two year,No,No,19.7,24,472.8,20.585416666666667,Low Value,,0.0,Low Risk,Low Priority
2325-WINES,32,104.05,3416.85,One year,Fiber optic,No,104.05,32,3329.6,106.7765625,High Value,,0.0,Low Risk,High Value Customer
6064-ZATLR,27,52.85,1498.65,Two year,DSL,No,52.85,27,1426.95,55.50555555555556,Medium Value,No,0.075,Low Risk,Low Priority
3096-JRDSO,27,104.3,2867.75,Month-to-month,Fiber optic,Yes,104.3,27,2816.1,106.21296296296296,Medium Value,,0.0,Low Risk,Low Priority
7824-PANSQ,58,80.65,4807.35,Month-to-month,Fiber optic,No,80.65,58,4677.700000000001,82.88534482758621,High Value,,0.0,Low Risk,High Value Customer
8042-JVNFH,1,71.35,71.35,Month-to-month,Fiber optic,Yes,71.35,1,71.35,71.35,Low Value,,0.0,Low Risk,Low Priority
9648-BCHKM,18,24.65,471.35,Two year,No,No,24.65,18,443.7,26.186111111111117,Low Value,No,0.01,Low Risk,Low Priority
2888-ADFAO,47,21.3,1041.8,Two year,No,No,21.3,47,1001.1,22.16595744680851,Medium Value,,0.0,Low Risk,Low Priority
8707-HOEDG,70,110.2,7689.8,Two year,Fiber optic,No,110.2,70,7714.0,109.85428571428572,Very High Value,,0.0,Low Risk,VIP Customer
3374-LXDEV,13,89.4,1132.35,Month-to-month,Fiber optic,Yes,89.4,13,1162.2,87.10384615384615,Medium Value,No,0.41,Medium Risk,Monitor
4072-IPYLT,36,51.05,1815.0,Month-to-month,DSL,No,51.05,36,1837.8,50.41666666666666,Medium Value,,0.0,Low Risk,Low Priority
7167-PCEYD,67,19.8,1311.3,Two year,No,No,19.8,67,1326.6,19.571641791044776,Medium Value,No,0.035,Low Risk,Low Priority
4936-YPJNK,10,19.9,199.45,Month-to-month,No,No,19.9,10,199.0,19.945,Low Value,,0.0,Low Risk,Low Priority
1580-BMCMR,19,87.3,1637.3,Month-to-month,Fiber optic,No,87.3,19,1658.7,86.17368421052632,Medium Value,,0.0,Low Risk,Low Priority
4817-KEQSP,71,19.85,1326.35,Two year,No,No,19.85,71,1409.35,18.68098591549296,Medium Value,,0.0,Low Risk,Low Priority
6408-WHTEF,72,89.4,6376.55,Two year,DSL,No,89.4,72,6436.8,88.56319444444445,Very High Value,,0.0,Low Risk,VIP Customer
9251-AWQGT,48,20.0,935.9,Two year,No,No,20.0,48,960.0,19.497916666666665,Low Value,,0.0,Low Risk,Low Priority
8749-CLJXC,1,20.05,20.05,Month-to-month,No,No,20.05,1,20.05,20.05,Low Value,No,0.06,Low Risk,Low Priority
7989-VCQOH,18,83.25,1611.15,Month-to-month,DSL,No,83.25,18,1498.5,89.50833333333334,Medium Value,,0.0,Low Risk,Low Priority
5049-GLYVG,1,20.6,20.6,Month-to-month,No,Yes,20.6,1,20.6,20.6,Low Value,,0.0,Low Risk,Low Priority
4199-QHJNM,67,102.9,6989.7,Two year,Fiber optic,No,102.9,67,6894.3,104.32388059701492,Very High Value,,0.0,Low Risk,VIP Customer
8882-TLVRW,69,39.1,2779.5,Two year,DSL,No,39.1,69,2697.9,40.28260869565217,Medium Value,,0.0,Low Risk,Low Priority
5883-GTGVD,19,99.95,1931.75,Month-to-month,Fiber optic,Yes,99.95,19,1899.05,101.67105263157896,Medium Value,,0.0,Low Risk,Low Priority
5135-GRQJV,72,114.5,8331.95,Two year,Fiber optic,No,114.5,72,8244.0,115.7215277777778,Very High Value,,0.0,Low Risk,VIP Customer
2384-OVPSA,38,20.2,735.9,Two year,No,No,20.2,38,767.6,19.36578947368421,Low Value,,0.0,Low Risk,Low Priority
1371-WEPDS,40,55.8,2283.3,One year,DSL,No,55.8,40,2232.0,57.0825,Medium Value,,0.0,Low Risk,Low Priority
3580-GICBM,61,24.2,1445.2,Two year,No,No,24.2,61,1476.2,23.691803278688525,Medium Value,No,0.02,Low Risk,Low Priority
4817-QRJSX,10,81.0,818.05,Month-to-month,Fiber optic,Yes,81.0,10,810.0,81.80499999999999,Low Value,,0.0,Low Risk,Low Priority
9730-DRTMJ,32,72.8,2333.05,One year,DSL,No,72.8,32,2329.6,72.9078125,Medium Value,,0.0,Low Risk,Low Priority
4686-UXDML,21,99.85,1992.55,Month-to-month,Fiber optic,No,99.85,21,2096.85,94.88333333333333,Medium Value,No,0.46,Medium Risk,Monitor
3349-ANQNH,59,99.5,5890.0,One year,Fiber optic,No,99.5,59,5870.5,99.83050847457628,High Value,,0.0,Low Risk,High Value Customer
2398-YPMUR,13,70.15,916.75,Month-to-month,Fiber optic,Yes,70.15,13,911.95,70.51923076923077,Low Value,,0.0,Low Risk,Low Priority
0932-YIXYU,47,20.25,1029.8,Two year,No,No,20.25,47,951.75,21.91063829787234,Low Value,,0.0,Low Risk,Low Priority
7480-SPLEF,69,26.0,1796.55,Two year,No,No,26.0,69,1794.0,26.03695652173913,Medium Value,,0.0,Low Risk,Low Priority
7636-XUHWW,2,19.9,33.7,Month-to-month,No,No,19.9,2,39.8,16.85,Low Value,,0.0,Low Risk,Low Priority
1431-CYWMH,22,19.05,454.05,Month-to-month,No,No,19.05,22,419.1,20.638636363636365,Low Value,,0.0,Low Risk,Low Priority
5937-EORGB,15,96.5,1392.25,Month-to-month,Fiber optic,No,96.5,15,1447.5,92.81666666666666,Medium Value,,0.0,Low Risk,Low Priority
6349-JDHQP,53,19.85,1049.6,Two year,No,No,19.85,53,1052.0500000000002,19.80377358490566,Medium Value,No,0.005,Low Risk,Low Priority
5539-HIVAK,28,25.7,734.6,Month-to-month,No,No,25.7,28,719.6,26.235714285714288,Low Value,,0.0,Low Risk,Low Priority
5847-MXBEO,22,20.3,475.1,One year,No,No,20.3,22,446.6,21.595454545454547,Low Value,,0.0,Low Risk,Low Priority
9985-MWVIX,1,70.15,70.15,Month-to-month,Fiber optic,Yes,70.15,1,70.15,70.15,Low Value,,0.0,Low Risk,Low Priority
4583-PARNH,16,91.55,1540.05,Month-to-month,Fiber optic,No,91.55,16,1464.8,96.253125,Medium Value,,0.0,Low Risk,Low Priority
1116-FRYVH,48,39.4,1978.65,Two year,DSL,No,39.4,48,1891.2,41.221875,Medium Value,,0.0,Low Risk,Low Priority
1421-HCERK,30,105.7,3181.8,Month-to-month,Fiber optic,No,105.7,30,3171.0,106.06,High Value,,0.0,Low Risk,High Value Customer
9633-XQABV,3,70.25,229.7,Month-to-month,Fiber optic,No,70.25,3,210.75,76.56666666666666,Low Value,,0.0,Low Risk,Low Priority
0716-BQNDX,57,93.75,5625.55,Two year,Fiber optic,No,93.75,57,5343.75,98.6938596491228,High Value,,0.0,Low Risk,High Value Customer
1265-XTECC,68,96.55,6581.9,One year,Fiber optic,Yes,96.55,68,6565.4,96.79264705882352,Very High Value,,0.0,Low Risk,VIP Customer
1183-CANVH,23,60.0,1347.15,One year,DSL,No,60.0,23,1380.0,58.57173913043479,Medium Value,,0.0,Low Risk,Low Priority
1972-XMUWV,65,59.8,3808.2,Two year,DSL,No,59.8,65,3887.0,58.58769230769231,High Value,,0.0,Low Risk,High Value Customer
8679-LZBMD,44,90.65,3974.15,One year,Fiber optic,No,90.65,44,3988.6,90.32159090909092,High Value,,0.0,Low Risk,High Value Customer
3407-JMJQQ,71,109.0,7661.8,Two year,Fiber optic,No,109.0,71,7739.0,107.91267605633804,Very High Value,,0.0,Low Risk,VIP Customer
6252-DFGTK,37,68.1,2479.25,One year,DSL,No,68.1,37,2519.7,67.00675675675676,Medium Value,,0.0,Low Risk,Low Priority
1539-LNKHM,12,20.4,266.6,Month-to-month,No,No,20.4,12,244.8,22.21666666666667,Low Value,,0.0,Low Risk,Low Priority
8645-KOMJQ,69,81.95,5601.4,Two year,DSL,No,81.95,69,5654.55,81.17971014492753,High Value,,0.0,Low Risk,High Value Customer
0289-IVARM,35,60.55,1982.6,Month-to-month,DSL,No,60.55,35,2119.25,56.64571428571429,Medium Value,No,0.08,Low Risk,Low Priority
9761-XUJWD,5,65.6,339.9,Month-to-month,DSL,No,65.6,5,328.0,67.97999999999999,Low Value,,0.0,Low Risk,Low Priority
4057-FKCZK,58,82.5,4828.05,Two year,Fiber optic,No,82.5,58,4785.0,83.24224137931034,High Value,,0.0,Low Risk,High Value Customer
4291-TPNFG,72,82.3,5980.55,Two year,DSL,No,82.3,72,5925.599999999999,83.06319444444445,High Value,,0.0,Low Risk,High Value Customer
6087-YPWHO,72,68.15,4808.7,Two year,DSL,No,68.15,72,4906.8,66.7875,High Value,,0.0,Low Risk,High Value Customer
3197-NNYNB,65,105.1,6631.85,Two year,Fiber optic,No,105.1,65,6831.5,102.02846153846154,Very High Value,,0.0,Low Risk,VIP Customer
3090-QFUVD,1,20.3,20.3,Month-to-month,No,No,20.3,1,20.3,20.3,Low Value,No,0.1655,Low Risk,Low Priority
2237-ZFSMY,39,95.55,3692.85,One year,Fiber optic,Yes,95.55,39,3726.45,94.68846153846154,High Value,,0.0,Low Risk,High Value Customer
1722-LDZJS,53,20.2,1068.15,One year,No,No,20.2,53,1070.6,20.15377358490566,Medium Value,,0.0,Low Risk,Low Priority
1818-ESQMW,27,89.2,2383.6,Month-to-month,Fiber optic,No,89.2,27,2408.4,88.28148148148148,Medium Value,,0.0,Low Risk,Low Priority
4871-JTKJF,1,69.65,69.65,Month-to-month,Fiber optic,Yes,69.65,1,69.65,69.65,Low Value,,0.0,Low Risk,Low Priority
1415-YFWLT,1,89.3,89.3,Month-to-month,Fiber optic,Yes,89.3,1,89.3,89.3,Low Value,,0.0,Low Risk,Low Priority
7401-RUBNK,18,74.8,1438.05,Month-to-month,Fiber optic,No,74.8,18,1346.4,79.89166666666667,Medium Value,,0.0,Low Risk,Low Priority
0506-YLVKJ,46,20.2,917.45,Two year,No,No,20.2,46,929.2,19.944565217391304,Low Value,,0.0,Low Risk,Low Priority
8661-BOYNW,72,84.4,6096.45,Two year,DSL,No,84.4,72,6076.8,84.67291666666667,Very High Value,,0.0,Low Risk,VIP Customer
6711-VTNRE,36,87.55,3078.1,Month-to-month,Fiber optic,Yes,87.55,36,3151.8,85.50277777777778,High Value,No,0.275,Low Risk,High Value Customer
4815-GBTCD,4,25.15,99.95,Month-to-month,DSL,No,25.15,4,100.6,24.9875,Low Value,,0.0,Low Risk,Low Priority
2805-AUFQN,25,19.8,475.2,Two year,No,No,19.8,25,495.0,19.008,Low Value,No,0.02,Low Risk,Low Priority
0980-PVMRC,40,50.85,2036.55,Month-to-month,DSL,No,50.85,40,2034.0,50.91375,Medium Value,,0.0,Low Risk,Low Priority
7233-DRTRF,63,102.4,6444.05,Month-to-month,Fiber optic,No,102.4,63,6451.200000000001,102.28650793650796,Very High Value,,0.0,Low Risk,VIP Customer
3500-RMZLT,15,96.3,1426.75,Month-to-month,Fiber optic,Yes,96.3,15,1444.5,95.11666666666666,Medium Value,,0.0,Low Risk,Low Priority
3873-NFTGI,14,55.5,767.55,Month-to-month,DSL,No,55.5,14,777.0,54.825,Low Value,,0.0,Low Risk,Low Priority
1162-ECVII,72,109.75,7932.5,Two year,Fiber optic,No,109.75,72,7902.0,110.17361111111111,Very High Value,,0.0,Low Risk,VIP Customer
7048-GXDAY,39,106.4,4040.65,Month-to-month,Fiber optic,No,106.4,39,4149.6,103.60641025641026,High Value,,0.0,Low Risk,High Value Customer
8571-ZCMCX,47,60.0,2768.65,Two year,DSL,No,60.0,47,2820.0,58.90744680851064,Medium Value,,0.0,Low Risk,Low Priority
1169-WCVAK,19,88.8,1672.35,Month-to-month,Fiber optic,No,88.8,19,1687.2,88.01842105263158,Medium Value,No,0.15,Low Risk,Low Priority
4548-SDBKE,5,85.2,474.8,Month-to-month,Fiber optic,Yes,85.2,5,426.0,94.96,Low Value,,0.0,Low Risk,Low Priority
8066-POXGX,13,35.1,446.1,Month-to-month,DSL,Yes,35.1,13,456.3,34.315384615384616,Low Value,,0.0,Low Risk,Low Priority
7129-CAKJW,17,80.05,1345.65,Month-to-month,Fiber optic,No,80.05,17,1360.85,79.15588235294118,Medium Value,,0.0,Low Risk,Low Priority
8695-ARGXZ,34,75.55,2425.4,Month-to-month,Fiber optic,No,75.55,34,2568.7,71.33529411764707,Medium Value,,0.0,Low Risk,Low Priority
3570-YUEKJ,42,49.55,2077.95,Month-to-month,DSL,No,49.55,42,2081.1,49.475,Medium Value,,0.0,Low Risk,Low Priority
4143-OOBWZ,5,81.3,416.3,Month-to-month,Fiber optic,Yes,81.3,5,406.5,83.26,Low Value,,0.0,Low Risk,Low Priority
1555-HAPSU,71,23.9,1663.5,Two year,No,No,23.9,71,1696.9,23.42957746478873,Medium Value,No,0.0,Low Risk,Low Priority
1697-NVVGY,19,66.4,1286.05,Month-to-month,DSL,No,66.4,19,1261.6,67.68684210526315,Medium Value,,0.0,Low Risk,Low Priority
7854-EKTJL,2,19.6,35.85,Month-to-month,No,Yes,19.6,2,39.2,17.925,Low Value,No,0.1875,Low Risk,Low Priority
8464-EETCQ,57,18.8,1094.35,Two year,No,No,18.8,57,1071.6,19.19912280701754,Medium Value,,0.0,Low Risk,Low Priority
2419-FSORS,72,108.4,7719.5,Two year,Fiber optic,No,108.4,72,7804.8,107.21527777777776,Very High Value,,0.0,Low Risk,VIP Customer
8132-YPVBX,6,85.95,514.6,Month-to-month,Fiber optic,No,85.95,6,515.7,85.76666666666667,Low Value,Yes,0.57,Medium Risk,Monitor
9102-IAYHT,17,85.45,1451.6,Month-to-month,Fiber optic,Yes,85.45,17,1452.65,85.38823529411764,Medium Value,,0.0,Low Risk,Low Priority
6754-LZUKA,61,80.9,4932.5,Two year,DSL,No,80.9,61,4934.900000000001,80.86065573770492,High Value,,0.0,Low Risk,High Value Customer
3422-LYEPQ,1,71.0,71.0,Month-to-month,Fiber optic,Yes,71.0,1,71.0,71.0,Low Value,Yes,0.805,High Risk,Churn Risk
8099-MZPUJ,48,111.8,5443.65,Two year,Fiber optic,No,111.8,48,5366.4,113.409375,High Value,,0.0,Low Risk,High Value Customer
0787-LHDYT,16,20.6,330.25,Month-to-month,No,No,20.6,16,329.6,20.640625,Low Value,,0.0,Low Risk,Low Priority
2642-DTVCO,9,85.05,746.5,Month-to-month,Fiber optic,Yes,85.05,9,765.4499999999999,82.94444444444444,Low Value,,0.0,Low Risk,Low Priority
0374-IOEGQ,3,44.6,122.7,Month-to-month,DSL,No,44.6,3,133.8,40.9,Low Value,,0.0,Low Risk,Low Priority
4361-JEIVL,1,44.4,44.4,Month-to-month,DSL,Yes,44.4,1,44.4,44.4,Low Value,,0.0,Low Risk,Low Priority
3396-DKDEL,70,115.15,8250.0,Two year,Fiber optic,No,115.15,70,8060.5,117.85714285714286,Very High Value,No,0.045,Low Risk,VIP Customer
1752-OZXFY,60,59.8,3561.15,One year,DSL,No,59.8,60,3588.0,59.3525,High Value,,0.0,Low Risk,High Value Customer
9066-QRSDU,69,26.3,1763.55,One year,No,No,26.3,69,1814.7,25.558695652173917,Medium Value,,0.0,Low Risk,Low Priority
9112-WSNPU,35,70.55,2419.0,Month-to-month,Fiber optic,No,70.55,35,2469.25,69.11428571428571,Medium Value,No,0.42,Medium Risk,Monitor
9867-NNXLC,22,20.05,470.2,Month-to-month,No,No,20.05,22,441.1,21.37272727272727,Low Value,,0.0,Low Risk,Low Priority
5321-NTRKC,66,79.85,5234.95,Two year,DSL,No,79.85,66,5270.099999999999,79.31742424242424,High Value,,0.0,Low Risk,High Value Customer
1363-TXLSL,1,70.3,70.3,Month-to-month,Fiber optic,Yes,70.3,1,70.3,70.3,Low Value,,0.0,Low Risk,Low Priority
9507-EXLTT,1,79.35,79.35,Month-to-month,Fiber optic,Yes,79.35,1,79.35,79.35,Low Value,Yes,0.77,High Risk,Churn Risk
3161-GETRM,34,90.05,3097.0,Month-to-month,Fiber optic,No,90.05,34,3061.7,91.08823529411764,High Value,,0.0,Low Risk,High Value Customer
0402-OAMEN,72,24.45,1709.1,Two year,No,No,24.45,72,1760.4,23.7375,Medium Value,No,0.0,Low Risk,Low Priority
6933-VLYFX,31,59.95,1848.8,One year,DSL,No,59.95,31,1858.45,59.63870967741936,Medium Value,,0.0,Low Risk,Low Priority
6754-WKSHP,30,25.35,723.3,One year,No,No,25.35,30,760.5,24.11,Low Value,,0.0,Low Risk,Low Priority
9846-GKXAS,9,90.8,809.75,Month-to-month,Fiber optic,Yes,90.8,9,817.1999999999999,89.97222222222223,Low Value,,0.0,Low Risk,Low Priority
6017-PPLPX,20,70.45,1470.95,Month-to-month,Fiber optic,Yes,70.45,20,1409.0,73.5475,Medium Value,,0.0,Low Risk,Low Priority
4976-LNFVV,19,34.3,577.15,Month-to-month,DSL,No,34.3,19,651.6999999999999,30.376315789473683,Low Value,,0.0,Low Risk,Low Priority
5055-MGMGF,65,105.05,6914.95,Month-to-month,Fiber optic,No,105.05,65,6828.25,106.38384615384616,Very High Value,,0.0,Low Risk,VIP Customer
4641-FROLU,30,19.3,602.9,Two year,No,No,19.3,30,579.0,20.096666666666668,Low Value,,0.0,Low Risk,Low Priority
2862-JVEOY,6,19.15,124.4,One year,No,No,19.15,6,114.9,20.73333333333333,Low Value,,0.0,Low Risk,Low Priority
2969-QWUBZ,2,51.4,96.8,Month-to-month,DSL,No,51.4,2,102.8,48.4,Low Value,,0.0,Low Risk,Low Priority
9822-BIIGN,53,71.85,3827.9,Month-to-month,DSL,No,71.85,53,3808.05,72.22452830188679,High Value,No,0.1,Low Risk,High Value Customer
2077-MPJQO,7,75.4,533.05,Month-to-month,Fiber optic,No,75.4,7,527.8000000000001,76.14999999999999,Low Value,Yes,0.73,High Risk,Churn Risk
1534-OULXE,61,49.7,2961.4,One year,DSL,No,49.7,61,3031.7000000000003,48.54754098360656,High Value,,0.0,Low Risk,High Value Customer
7136-RVDTZ,70,45.25,3264.45,One year,DSL,Yes,45.25,70,3167.5,46.635,High Value,,0.0,Low Risk,High Value Customer
2971-SGAFL,13,78.75,995.35,Month-to-month,DSL,No,78.75,13,1023.75,76.56538461538462,Medium Value,No,0.385,Low Risk,Low Priority
1480-IVEVR,35,81.6,2815.25,One year,Fiber optic,No,81.6,35,2856.0,80.43571428571428,Medium Value,,0.0,Low Risk,Low Priority
2905-KFQUV,2,70.4,154.8,Month-to-month,Fiber optic,No,70.4,2,140.8,77.4,Low Value,,0.0,Low Risk,Low Priority
4581-SSPWD,3,75.8,246.3,Month-to-month,Fiber optic,Yes,75.8,3,227.4,82.10000000000001,Low Value,,0.0,Low Risk,Low Priority
3370-HXOPH,3,76.1,257.6,Month-to-month,Fiber optic,No,76.1,3,228.3,85.86666666666667,Low Value,,0.0,Low Risk,Low Priority
9391-YZEJW,62,94.0,5757.2,One year,Fiber optic,No,94.0,62,5828.0,92.85806451612903,High Value,,0.0,Low Risk,High Value Customer
9958-MEKUC,72,103.95,7517.7,Two year,Fiber optic,No,103.95,72,7484.400000000001,104.4125,Very High Value,,0.0,Low Risk,VIP Customer
0281-CNTZX,63,19.95,1234.8,Two year,No,No,19.95,63,1256.85,19.6,Medium Value,,0.0,Low Risk,Low Priority
6927-WTFIV,20,71.3,1389.2,Month-to-month,Fiber optic,Yes,71.3,20,1426.0,69.46000000000001,Medium Value,,0.0,Low Risk,Low Priority
4118-CEVPF,35,110.8,3836.3,One year,Fiber optic,No,110.8,35,3878.0,109.60857142857144,High Value,,0.0,Low Risk,High Value Customer
3398-ZOUAA,21,69.1,1474.75,Month-to-month,Fiber optic,Yes,69.1,21,1451.1,70.22619047619048,Medium Value,,0.0,Low Risk,Low Priority
9114-VEPUF,62,96.1,6001.45,One year,Fiber optic,No,96.1,62,5958.2,96.79758064516128,High Value,,0.0,Low Risk,High Value Customer
7876-BEUTG,15,48.8,720.1,Month-to-month,DSL,No,48.8,15,732.0,48.00666666666667,Low Value,No,0.245,Low Risk,Low Priority
2338-BQEZT,55,50.55,2832.75,Month-to-month,DSL,No,50.55,55,2780.25,51.50454545454546,Medium Value,,0.0,Low Risk,Low Priority
9873-MNDKV,11,44.65,472.25,Month-to-month,DSL,No,44.65,11,491.15,42.93181818181818,Low Value,,0.0,Low Risk,Low Priority
0378-NHQXU,17,88.25,1460.65,Month-to-month,Fiber optic,Yes,88.25,17,1500.25,85.92058823529412,Medium Value,,0.0,Low Risk,Low Priority
8241-JUIQO,61,19.45,1336.35,One year,No,No,19.45,61,1186.45,21.90737704918033,Medium Value,No,0.065,Low Risk,Low Priority
2194-IIQOF,71,89.3,6388.65,Two year,DSL,No,89.3,71,6340.3,89.98098591549295,Very High Value,,0.0,Low Risk,VIP Customer
4512-ZUIYL,2,70.0,153.05,Month-to-month,Fiber optic,Yes,70.0,2,140.0,76.525,Low Value,Yes,0.6954,Medium Risk,Monitor
9631-RXVJM,35,19.25,677.9,Two year,No,No,19.25,35,673.75,19.36857142857143,Low Value,,0.0,Low Risk,Low Priority
9584-EXCDZ,17,70.5,1165.6,Month-to-month,Fiber optic,No,70.5,17,1198.5,68.56470588235294,Medium Value,,0.0,Low Risk,Low Priority
7969-AULMZ,21,97.35,2119.5,Month-to-month,Fiber optic,Yes,97.35,21,2044.35,100.92857142857144,Medium Value,,0.0,Low Risk,Low Priority
5093-FEGLU,47,19.65,921.55,Two year,No,No,19.65,47,923.55,19.60744680851064,Low Value,,0.0,Low Risk,Low Priority
2621-UDNLU,3,20.85,72.0,Month-to-month,No,No,20.85,3,62.55,24.0,Low Value,,0.0,Low Risk,Low Priority
7526-IVLYU,3,19.65,68.35,Month-to-month,No,No,19.65,3,58.95,22.78333333333333,Low Value,,0.0,Low Risk,Low Priority
2428-HYUNX,44,19.35,847.25,Two year,No,No,19.35,44,851.4000000000001,19.255681818181817,Low Value,,0.0,Low Risk,Low Priority
9214-EKVXR,1,44.0,44.0,Month-to-month,DSL,No,44.0,1,44.0,44.0,Low Value,,0.0,Low Risk,Low Priority
3410-MHHUM,44,94.4,4295.35,One year,Fiber optic,No,94.4,44,4153.6,97.62159090909093,High Value,,0.0,Low Risk,High Value Customer
0568-ONFPC,5,25.9,135.0,Month-to-month,No,Yes,25.9,5,129.5,27.0,Low Value,,0.0,Low Risk,Low Priority
0733-VUNUW,24,55.65,1400.55,Month-to-month,DSL,Yes,55.65,24,1335.6,58.35625,Medium Value,No,0.16,Low Risk,Low Priority
4550-EVXNY,1,69.65,69.65,Month-to-month,Fiber optic,Yes,69.65,1,69.65,69.65,Low Value,,0.0,Low Risk,Low Priority
2122-YWVYA,18,75.4,1380.4,Month-to-month,Fiber optic,No,75.4,18,1357.2,76.6888888888889,Medium Value,,0.0,Low Risk,Low Priority
2968-SSGAA,10,100.6,1060.2,Month-to-month,Fiber optic,Yes,100.6,10,1006.0,106.02,Medium Value,,0.0,Low Risk,Low Priority
2296-DKZFP,65,71.0,4386.2,Two year,DSL,No,71.0,65,4615.0,67.48,High Value,,0.0,Low Risk,High Value Customer
4844-JJWUY,1,86.0,86.0,Month-to-month,Fiber optic,Yes,86.0,1,86.0,86.0,Low Value,,0.0,Low Risk,Low Priority
6777-TGHTM,53,106.95,5785.5,One year,Fiber optic,Yes,106.95,53,5668.35,109.16037735849056,High Value,No,0.225,Low Risk,High Value Customer
8909-BOLNL,3,21.2,52.05,One year,No,No,21.2,3,63.6,17.349999999999998,Low Value,No,0.065,Low Risk,Low Priority
6603-YRDCJ,33,61.05,2018.4,Two year,DSL,No,61.05,33,2014.65,61.16363636363637,Medium Value,,0.0,Low Risk,Low Priority
3538-WZPHD,3,29.6,79.45,Month-to-month,DSL,Yes,29.6,3,88.80000000000001,26.48333333333333,Low Value,,0.0,Low Risk,Low Priority
3229-USWAR,34,79.95,2727.3,One year,DSL,No,79.95,34,2718.3,80.21470588235294,Medium Value,No,0.065,Low Risk,Low Priority
2138-VFAPZ,14,19.7,263.65,Two year,No,No,19.7,14,275.8,18.832142857142856,Low Value,,0.0,Low Risk,Low Priority
6131-JLWZM,13,20.3,275.4,Month-to-month,No,No,20.3,13,263.90000000000003,21.184615384615384,Low Value,,0.0,Low Risk,Low Priority
4785-QRJHC,46,59.9,2816.65,One year,DSL,Yes,59.9,46,2755.4,61.23152173913044,Medium Value,No,0.17,Low Risk,Low Priority
0269-XFESX,23,24.35,538.5,One year,No,No,24.35,23,560.0500000000001,23.41304347826087,Low Value,,0.0,Low Risk,Low Priority
1709-EJDOX,47,19.75,948.9,Two year,No,No,19.75,47,928.25,20.18936170212766,Low Value,No,0.0,Low Risk,Low Priority
4316-XCSLJ,17,50.3,846.8,Month-to-month,DSL,No,50.3,17,855.0999999999999,49.811764705882354,Low Value,,0.0,Low Risk,Low Priority
8610-WFCJF,49,95.6,4783.5,Month-to-month,Fiber optic,Yes,95.6,49,4684.4,97.62244897959184,High Value,,0.0,Low Risk,High Value Customer
9693-XMUOB,59,50.25,2997.45,Month-to-month,DSL,No,50.25,59,2964.75,50.80423728813559,Medium Value,,0.0,Low Risk,Low Priority
0383-CLDDA,69,85.35,5897.4,Two year,DSL,No,85.35,69,5889.15,85.4695652173913,High Value,,0.0,Low Risk,High Value Customer
4905-JEFDW,11,41.6,470.6,One year,DSL,Yes,41.6,11,457.6,42.78181818181818,Low Value,No,0.44,Medium Risk,Monitor
2709-UQGNP,10,51.65,524.5,Month-to-month,DSL,No,51.65,10,516.5,52.45,Low Value,,0.0,Low Risk,Low Priority
3549-ZTMNH,12,24.0,269.65,Two year,No,No,24.0,12,288.0,22.47083333333333,Low Value,,0.0,Low Risk,Low Priority
7881-INRLC,45,100.85,4740.0,Month-to-month,Fiber optic,Yes,100.85,45,4538.25,105.33333333333331,High Value,,0.0,Low Risk,High Value Customer
8033-ATFAS,39,59.85,2341.5,Month-to-month,DSL,No,59.85,39,2334.15,60.03846153846154,Medium Value,,0.0,Low Risk,Low Priority
1635-NZATJ,71,25.45,1789.65,Two year,No,No,25.45,71,1806.95,25.20633802816901,Medium Value,,0.0,Low Risk,Low Priority
0562-HKHML,71,23.9,1626.4,Two year,No,No,23.9,71,1696.9,22.907042253521126,Medium Value,,0.0,Low Risk,Low Priority
8277-RVRSV,33,24.15,800.3,One year,No,No,24.15,33,796.9499999999999,24.25151515151515,Low Value,,0.0,Low Risk,Low Priority
9943-VSZUV,67,75.7,5060.85,Month-to-month,Fiber optic,No,75.7,67,5071.900000000001,75.53507462686568,High Value,,0.0,Low Risk,High Value Customer
0117-LFRMW,37,40.2,1448.8,Month-to-month,DSL,Yes,40.2,37,1487.4,39.15675675675676,Medium Value,,0.0,Low Risk,Low Priority
6172-FECYY,49,84.5,4254.85,Month-to-month,Fiber optic,Yes,84.5,49,4140.5,86.83367346938776,High Value,,0.0,Low Risk,High Value Customer
7054-ENNGU,9,50.85,466.6,Month-to-month,DSL,No,50.85,9,457.65,51.84444444444445,Low Value,No,0.11,Low Risk,Low Priority
1455-HFBXA,52,91.6,4627.8,Two year,Fiber optic,No,91.6,52,4763.2,88.99615384615385,High Value,,0.0,Low Risk,High Value Customer
9402-CXWPL,70,98.9,6838.6,One year,Fiber optic,No,98.9,70,6923.0,97.69428571428573,Very High Value,,0.0,Low Risk,VIP Customer
1628-BIZYP,1,85.0,85.0,Month-to-month,Fiber optic,No,85.0,1,85.0,85.0,Low Value,Yes,0.795,High Risk,Churn Risk
1965-AKTSX,14,78.95,1101.85,Month-to-month,Fiber optic,Yes,78.95,14,1105.3,78.70357142857142,Medium Value,,0.0,Low Risk,Low Priority
0082-LDZUE,1,44.3,44.3,Month-to-month,DSL,No,44.3,1,44.3,44.3,Low Value,,0.0,Low Risk,Low Priority
4786-UKSNZ,1,20.2,20.2,Month-to-month,No,Yes,20.2,1,20.2,20.2,Low Value,,0.0,Low Risk,Low Priority
5343-SGUBI,52,80.2,4297.6,One year,Fiber optic,No,80.2,52,4170.400000000001,82.64615384615385,High Value,,0.0,Low Risk,High Value Customer
0856-NAOES,6,60.9,414.1,Month-to-month,DSL,No,60.9,6,365.4,69.01666666666667,Low Value,,0.0,Low Risk,Low Priority
1976-AZZPJ,7,34.2,256.6,Month-to-month,DSL,No,34.2,7,239.40000000000003,36.65714285714286,Low Value,,0.0,Low Risk,Low Priority
7248-VZQLC,47,85.2,3969.35,Month-to-month,Fiber optic,Yes,85.2,47,4004.4,84.45425531914893,High Value,,0.0,Low Risk,High Value Customer
6156-UZDLF,26,87.15,2274.1,One year,Fiber optic,No,87.15,26,2265.9,87.46538461538461,Medium Value,,0.0,Low Risk,Low Priority
3099-OONVS,25,54.3,1296.8,Month-to-month,DSL,No,54.3,25,1357.5,51.872,Medium Value,,0.0,Low Risk,Low Priority
9500-WBGRP,69,19.1,1268.85,Two year,No,No,19.1,69,1317.9,18.389130434782608,Medium Value,,0.0,Low Risk,Low Priority
5183-KLYEM,72,112.75,8192.6,Two year,Fiber optic,No,112.75,72,8118.0,113.78611111111113,Very High Value,,0.0,Low Risk,VIP Customer
5144-PQCDZ,4,19.95,59.25,Month-to-month,No,No,19.95,4,79.8,14.8125,Low Value,,0.0,Low Risk,Low Priority
8514-VZHEB,59,19.5,1147.85,Two year,No,No,19.5,59,1150.5,19.45508474576271,Medium Value,,0.0,Low Risk,Low Priority
6625-IUTTT,67,65.55,4361.55,Two year,DSL,No,65.55,67,4391.849999999999,65.09776119402986,High Value,,0.0,Low Risk,High Value Customer
9355-NPPFS,26,78.8,2006.1,Month-to-month,Fiber optic,No,78.8,26,2048.8,77.1576923076923,Medium Value,,0.0,Low Risk,Low Priority
0068-FIGTF,27,78.2,2078.95,One year,DSL,No,78.2,27,2111.4,76.99814814814815,Medium Value,,0.0,Low Risk,Low Priority
5965-GGPRW,72,105.25,7609.75,Two year,Fiber optic,No,105.25,72,7578.0,105.69097222222224,Very High Value,,0.0,Low Risk,VIP Customer
8035-PWSEV,6,89.25,487.05,Month-to-month,Fiber optic,No,89.25,6,535.5,81.175,Low Value,,0.0,Low Risk,Low Priority
2236-HILPA,62,20.65,1218.45,Two year,No,No,20.65,62,1280.3,19.65241935483871,Medium Value,No,0.0,Low Risk,Low Priority
1840-BIUOG,20,68.7,1416.2,One year,DSL,No,68.7,20,1374.0,70.81,Medium Value,,0.0,Low Risk,Low Priority
1356-MKYSK,6,78.65,483.3,Month-to-month,DSL,No,78.65,6,471.9,80.55,Low Value,,0.0,Low Risk,Low Priority
6080-LNESI,51,24.75,1234.6,Two year,No,No,24.75,51,1262.25,24.2078431372549,Medium Value,No,0.02,Low Risk,Low Priority
1830-IPXVJ,61,19.75,1311.6,Two year,No,No,19.75,61,1204.75,21.50163934426229,Medium Value,No,0.0,Low Risk,Low Priority
5828-DWPIL,62,89.1,5618.3,Month-to-month,Fiber optic,No,89.1,62,5524.2,90.61774193548388,High Value,,0.0,Low Risk,High Value Customer
8398-TBIYD,72,84.7,6185.15,Two year,Fiber optic,No,84.7,72,6098.400000000001,85.9048611111111,Very High Value,,0.0,Low Risk,VIP Customer
0011-IGKFF,13,98.0,1237.85,Month-to-month,Fiber optic,Yes,98.0,13,1274.0,95.21923076923076,Medium Value,,0.0,Low Risk,Low Priority
4192-GORJT,5,94.45,498.1,Month-to-month,Fiber optic,Yes,94.45,5,472.25,99.62,Low Value,,0.0,Low Risk,Low Priority
6496-SLWHQ,3,105.0,294.45,Month-to-month,Fiber optic,Yes,105.0,3,315.0,98.15,Low Value,,0.0,Low Risk,Low Priority
9912-GVSEQ,26,93.85,2381.55,Month-to-month,Fiber optic,Yes,93.85,26,2440.1,91.59807692307692,Medium Value,,0.0,Low Risk,Low Priority
2931-FSOHN,13,59.9,788.35,Month-to-month,DSL,No,59.9,13,778.6999999999999,60.642307692307696,Low Value,,0.0,Low Risk,Low Priority
9418-RUKPH,38,19.95,756.4,Two year,No,No,19.95,38,758.1,19.905263157894737,Low Value,,0.0,Low Risk,Low Priority
5383-MMTWC,8,84.0,613.4,Month-to-month,Fiber optic,Yes,84.0,8,672.0,76.675,Low Value,,0.0,Low Risk,Low Priority
9971-ZWPBF,34,108.9,3625.2,Month-to-month,Fiber optic,No,108.9,34,3702.6,106.62352941176472,High Value,,0.0,Low Risk,High Value Customer
4712-AUQZO,18,33.6,550.35,Month-to-month,DSL,No,33.6,18,604.8000000000001,30.575000000000003,Low Value,,0.0,Low Risk,Low Priority
9711-FJTBX,56,85.85,4793.8,One year,Fiber optic,No,85.85,56,4807.599999999999,85.60357142857143,High Value,,0.0,Low Risk,High Value Customer
2908-ZTPNF,36,34.85,1267.2,Month-to-month,DSL,No,34.85,36,1254.6,35.2,Medium Value,,0.0,Low Risk,Low Priority
7240-ETPTR,9,48.75,442.2,Month-to-month,DSL,Yes,48.75,9,438.75,49.13333333333333,Low Value,,0.0,Low Risk,Low Priority
2202-CUYXZ,1,84.85,84.85,Month-to-month,Fiber optic,Yes,84.85,1,84.85,84.85,Low Value,Yes,0.79,High Risk,Churn Risk
5995-OIGLP,12,56.65,654.85,Month-to-month,DSL,Yes,56.65,12,679.8,54.57083333333333,Low Value,,0.0,Low Risk,Low Priority
8421-WZOOW,57,95.3,5567.45,Month-to-month,Fiber optic,No,95.3,57,5432.099999999999,97.67456140350878,High Value,,0.0,Low Risk,High Value Customer
6261-RCVNS,42,73.9,3160.55,One year,DSL,Yes,73.9,42,3103.8,75.25119047619049,High Value,,0.0,Low Risk,High Value Customer
7951-QKZPL,33,24.5,740.3,Two year,No,Yes,24.5,33,808.5,22.433333333333334,Low Value,,0.0,Low Risk,Low Priority
1414-YADCW,70,84.6,5706.2,Two year,Fiber optic,No,84.6,70,5922.0,81.51714285714286,High Value,,0.0,Low Risk,High Value Customer
8756-RDDLT,68,44.95,3085.35,Month-to-month,DSL,No,44.95,68,3056.6000000000004,45.37279411764706,High Value,,0.0,Low Risk,High Value Customer
2862-PFNIK,1,24.7,24.7,Month-to-month,DSL,No,24.7,1,24.7,24.7,Low Value,,0.0,Low Risk,Low Priority
5816-QVHRX,37,100.3,3541.4,Month-to-month,Fiber optic,No,100.3,37,3711.1,95.71351351351352,High Value,,0.0,Low Risk,High Value Customer
4430-YHXGG,4,25.45,84.2,Month-to-month,No,No,25.45,4,101.8,21.05,Low Value,,0.0,Low Risk,Low Priority
6888-SBYAI,1,50.7,50.7,Month-to-month,DSL,No,50.7,1,50.7,50.7,Low Value,,0.0,Low Risk,Low Priority
7395-XWZOY,20,55.0,1165.55,Month-to-month,DSL,No,55.0,20,1100.0,58.2775,Medium Value,No,0.205,Low Risk,Low Priority
7169-YWAMK,72,68.4,4855.35,Two year,DSL,No,68.4,72,4924.8,67.43541666666667,High Value,,0.0,Low Risk,High Value Customer
3640-PHQXK,31,89.9,2806.9,Month-to-month,Fiber optic,Yes,89.9,31,2786.9,90.54516129032258,Medium Value,,0.0,Low Risk,Low Priority
6877-LGWXO,18,78.55,1422.65,Month-to-month,Fiber optic,Yes,78.55,18,1413.9,79.03611111111111,Medium Value,,0.0,Low Risk,Low Priority
6859-RKMZJ,11,55.05,608.15,Month-to-month,DSL,No,55.05,11,605.55,55.28636363636363,Low Value,,0.0,Low Risk,Low Priority
2729-VNVAP,33,19.8,641.35,Two year,No,No,19.8,33,653.4,19.434848484848487,Low Value,,0.0,Low Risk,Low Priority
2957-JIRMN,62,84.45,4959.15,One year,Fiber optic,No,84.45,62,5235.900000000001,79.98629032258064,High Value,,0.0,Low Risk,High Value Customer
2049-BAFNW,1,35.9,35.9,Month-to-month,DSL,No,35.9,1,35.9,35.9,Low Value,,0.0,Low Risk,Low Priority
3842-QTGDL,16,80.75,1321.3,Month-to-month,Fiber optic,No,80.75,16,1292.0,82.58125,Medium Value,,0.0,Low Risk,Low Priority
7163-OCEQI,22,78.65,1663.75,One year,DSL,No,78.65,22,1730.3000000000002,75.625,Medium Value,,0.0,Low Risk,Low Priority
9782-LGXMC,49,61.75,3024.15,Month-to-month,DSL,No,61.75,49,3025.75,61.71734693877551,High Value,,0.0,Low Risk,High Value Customer
5975-BAICR,36,63.7,2188.5,One year,DSL,No,63.7,36,2293.2000000000003,60.79166666666666,Medium Value,No,0.075,Low Risk,Low Priority
8019-ENHXU,42,99.45,4138.05,Month-to-month,Fiber optic,Yes,99.45,42,4176.900000000001,98.525,High Value,,0.0,Low Risk,High Value Customer
5167-GBFRE,4,25.2,102.5,Month-to-month,DSL,Yes,25.2,4,100.8,25.625,Low Value,,0.0,Low Risk,Low Priority
9033-EOXWV,12,74.05,872.65,One year,DSL,Yes,74.05,12,888.5999999999999,72.72083333333333,Low Value,No,0.135,Low Risk,Low Priority
4673-KKSLS,31,87.6,2724.25,Month-to-month,Fiber optic,No,87.6,31,2715.6,87.87903225806451,Medium Value,,0.0,Low Risk,Low Priority
4853-OITSN,5,89.15,413.25,Month-to-month,Fiber optic,No,89.15,5,445.75,82.65,Low Value,,0.0,Low Risk,Low Priority
9800-OUIGR,66,20.0,1374.2,Two year,No,No,20.0,66,1320.0,20.82121212121212,Medium Value,,0.0,Low Risk,Low Priority
1324-NLTJE,15,55.0,757.1,Month-to-month,DSL,Yes,55.0,15,825.0,50.473333333333336,Low Value,,0.0,Low Risk,Low Priority
2324-EFHVG,64,104.4,6692.65,Two year,Fiber optic,No,104.4,64,6681.6,104.57265625,Very High Value,,0.0,Low Risk,VIP Customer
7094-MSZAO,10,20.05,218.5,Month-to-month,No,No,20.05,10,200.5,21.85,Low Value,,0.0,Low Risk,Low Priority
1522-VVDMG,7,89.75,608.8,Month-to-month,Fiber optic,Yes,89.75,7,628.25,86.97142857142856,Low Value,Yes,0.515,Medium Risk,Monitor
6907-CQGPN,29,34.3,1004.75,Month-to-month,DSL,No,34.3,29,994.7,34.64655172413793,Low Value,,0.0,Low Risk,Low Priority
0780-XNZFN,57,20.65,1125.6,Two year,No,No,20.65,57,1177.05,19.74736842105263,Medium Value,,0.0,Low Risk,Low Priority
0239-OXEXL,46,84.25,3847.6,Month-to-month,Fiber optic,No,84.25,46,3875.5,83.64347826086956,High Value,,0.0,Low Risk,High Value Customer
2675-IJRGJ,53,19.65,978.0,Two year,No,No,19.65,53,1041.4499999999998,18.452830188679247,Medium Value,,0.0,Low Risk,Low Priority
7049-GKVZY,17,79.85,1387.35,One year,DSL,No,79.85,17,1357.4499999999998,81.60882352941177,Medium Value,,0.0,Low Risk,Low Priority
8577-QSOCG,38,20.2,746.05,Two year,No,No,20.2,38,767.6,19.632894736842104,Low Value,,0.0,Low Risk,Low Priority
3721-CNZHX,15,19.8,304.6,One year,No,No,19.8,15,297.0,20.30666666666667,Low Value,,0.0,Low Risk,Low Priority
0212-ISBBF,22,50.35,1098.85,Month-to-month,DSL,No,50.35,22,1107.7,49.94772727272727,Medium Value,,0.0,Low Risk,Low Priority
9185-TQCVP,14,85.15,1139.2,Month-to-month,Fiber optic,Yes,85.15,14,1192.1,81.37142857142858,Medium Value,,0.0,Low Risk,Low Priority
3585-YNADK,57,74.6,4368.95,One year,DSL,No,74.6,57,4252.2,76.64824561403509,High Value,,0.0,Low Risk,High Value Customer
5271-DBYSJ,11,79.15,827.7,Month-to-month,Fiber optic,No,79.15,11,870.6500000000001,75.24545454545455,Low Value,,0.0,Low Risk,Low Priority
1099-GODLO,1,20.35,20.35,Two year,No,No,20.35,1,20.35,20.35,Low Value,,0.0,Low Risk,Low Priority
6828-HMKWP,12,21.05,262.05,Two year,No,No,21.05,12,252.6,21.8375,Low Value,,0.0,Low Risk,Low Priority
5567-WSELE,3,94.6,279.55,Month-to-month,Fiber optic,Yes,94.6,3,283.79999999999995,93.18333333333334,Low Value,,0.0,Low Risk,Low Priority
1472-TNCWL,36,94.7,3512.5,Month-to-month,Fiber optic,No,94.7,36,3409.2000000000003,97.56944444444444,High Value,,0.0,Low Risk,High Value Customer
8063-RJYNF,16,94.25,1483.25,Month-to-month,Fiber optic,Yes,94.25,16,1508.0,92.703125,Medium Value,,0.0,Low Risk,Low Priority
0687-ZVTHB,65,72.45,4653.85,One year,DSL,Yes,72.45,65,4709.25,71.59769230769231,High Value,,0.0,Low Risk,High Value Customer
2080-GKCWQ,2,74.95,151.75,Month-to-month,Fiber optic,No,74.95,2,149.9,75.875,Low Value,,0.0,Low Risk,Low Priority
9661-ACXBS,42,105.2,4400.75,Month-to-month,Fiber optic,Yes,105.2,42,4418.400000000001,104.7797619047619,High Value,,0.0,Low Risk,High Value Customer
2193-SFWQW,72,111.95,8033.1,Two year,Fiber optic,No,111.95,72,8060.400000000001,111.57083333333334,Very High Value,,0.0,Low Risk,VIP Customer
5656-JAMLX,62,19.85,1253.65,Two year,No,No,19.85,62,1230.7,20.220161290322583,Medium Value,,0.0,Low Risk,Low Priority
3462-BJQQA,6,89.75,552.65,Month-to-month,Fiber optic,No,89.75,6,538.5,92.10833333333332,Low Value,,0.0,Low Risk,Low Priority
0442-TDYUO,48,20.05,1036.0,Two year,No,No,20.05,48,962.4,21.58333333333333,Low Value,,0.0,Low Risk,Low Priority
6733-LRIZX,35,108.95,4025.5,Two year,Fiber optic,No,108.95,35,3813.25,115.01428571428572,High Value,No,0.24,Low Risk,High Value Customer
9503-XJUME,52,19.65,928.4,One year,No,No,19.65,52,1021.8,17.853846153846153,Medium Value,,0.0,Low Risk,Low Priority
4367-NHWMM,1,24.9,24.9,Month-to-month,DSL,No,24.9,1,24.9,24.9,Low Value,,0.0,Low Risk,Low Priority
3727-RJMEO,6,82.85,460.25,Month-to-month,Fiber optic,Yes,82.85,6,497.1,76.70833333333333,Low Value,,0.0,Low Risk,Low Priority
3779-OSWCF,71,93.2,6506.15,Two year,DSL,No,93.2,71,6617.2,91.63591549295774,Very High Value,,0.0,Low Risk,VIP Customer
6736-DHUQI,67,84.8,5598.3,One year,Fiber optic,No,84.8,67,5681.599999999999,83.55671641791045,High Value,,0.0,Low Risk,High Value Customer
3915-ODIYG,60,71.75,4374.55,One year,DSL,No,71.75,60,4305.0,72.90916666666666,High Value,,0.0,Low Risk,High Value Customer
1360-RCYRT,23,30.35,678.75,Month-to-month,DSL,No,30.35,23,698.0500000000001,29.51086956521739,Low Value,,0.0,Low Risk,Low Priority
2724-FJDYW,39,54.85,2191.7,One year,DSL,No,54.85,39,2139.15,56.197435897435895,Medium Value,,0.0,Low Risk,Low Priority
4451-RWASJ,15,19.5,239.75,One year,No,No,19.5,15,292.5,15.983333333333333,Low Value,,0.0,Low Risk,Low Priority
6646-VRFOL,53,103.85,5485.5,Month-to-month,Fiber optic,Yes,103.85,53,5504.049999999999,103.5,High Value,,0.0,Low Risk,High Value Customer
3460-TJBWI,24,24.2,609.05,Two year,No,No,24.2,24,580.8,25.37708333333333,Low Value,,0.0,Low Risk,Low Priority
5917-HBSDW,37,19.35,683.75,Month-to-month,No,No,19.35,37,715.95,18.47972972972973,Low Value,,0.0,Low Risk,Low Priority
5685-IIXLY,5,83.6,404.2,Month-to-month,Fiber optic,Yes,83.6,5,418.0,80.84,Low Value,,0.0,Low Risk,Low Priority
5671-UUNXD,50,100.65,5189.75,One year,Fiber optic,No,100.65,50,5032.5,103.795,High Value,,0.0,Low Risk,High Value Customer
0956-ACVZC,54,94.1,5060.9,One year,Fiber optic,No,94.1,54,5081.4,93.72037037037036,High Value,,0.0,Low Risk,High Value Customer
2325-NBPZG,3,74.55,233.65,Month-to-month,Fiber optic,No,74.55,3,223.65,77.88333333333334,Low Value,Yes,0.585,Medium Risk,Monitor
4250-ZBWLV,68,108.45,7176.55,One year,Fiber optic,Yes,108.45,68,7374.6,105.5375,Very High Value,,0.0,Low Risk,VIP Customer
4482-FTFFX,5,56.15,291.45,Month-to-month,DSL,No,56.15,5,280.75,58.29,Low Value,,0.0,Low Risk,Low Priority
8859-DZTGQ,33,20.35,689.75,Two year,No,No,20.35,33,671.5500000000001,20.901515151515152,Low Value,,0.0,Low Risk,Low Priority
0440-MOGPM,41,80.55,3263.9,One year,DSL,No,80.55,41,3302.55,79.60731707317073,High Value,,0.0,Low Risk,High Value Customer
0020-JDNXP,34,61.25,1993.2,One year,DSL,No,61.25,34,2082.5,58.62352941176471,Medium Value,,0.0,Low Risk,Low Priority
3752-CQSJI,13,20.45,254.5,Month-to-month,No,No,20.45,13,265.85,19.57692307692308,Low Value,,0.0,Low Risk,Low Priority
5025-GOOKI,20,18.9,347.65,Month-to-month,No,No,18.9,20,378.0,17.3825,Low Value,No,0.04,Low Risk,Low Priority
4698-KVLLG,51,19.6,967.9,Two year,No,No,19.6,51,999.6,18.978431372549014,Low Value,No,0.005,Low Risk,Low Priority
5095-AESKG,3,91.5,242.95,Month-to-month,Fiber optic,Yes,91.5,3,274.5,80.98333333333333,Low Value,,0.0,Low Risk,Low Priority
2887-JPYLU,41,45.2,1841.9,Month-to-month,DSL,No,45.2,41,1853.2,44.92439024390245,Medium Value,,0.0,Low Risk,Low Priority
4770-QAZXN,13,19.45,232.1,Month-to-month,No,No,19.45,13,252.85,17.853846153846153,Low Value,,0.0,Low Risk,Low Priority
4896-CPRPF,35,25.45,809.25,Two year,No,No,25.45,35,890.75,23.12142857142857,Low Value,,0.0,Low Risk,Low Priority
1871-MOWRM,12,80.85,866.45,Month-to-month,Fiber optic,Yes,80.85,12,970.2,72.20416666666667,Low Value,,0.0,Low Risk,Low Priority
9714-EDSUC,4,94.9,360.55,Month-to-month,Fiber optic,No,94.9,4,379.6,90.1375,Low Value,,0.0,Low Risk,Low Priority
2027-OAQQC,43,49.05,2076.2,Month-to-month,DSL,Yes,49.05,43,2109.15,48.28372093023256,Medium Value,,0.0,Low Risk,Low Priority
0282-NVSJS,12,29.3,355.9,Month-to-month,DSL,No,29.3,12,351.6,29.65833333333333,Low Value,,0.0,Low Risk,Low Priority
9090-SGQXL,68,105.3,7299.65,Month-to-month,Fiber optic,Yes,105.3,68,7160.4,107.34779411764706,Very High Value,,0.0,Low Risk,VIP Customer
6595-YGXIT,25,88.95,2291.2,Month-to-month,Fiber optic,Yes,88.95,25,2223.75,91.648,Medium Value,,0.0,Low Risk,Low Priority
7353-YOWFP,7,20.25,129.15,One year,No,No,20.25,7,141.75,18.45,Low Value,,0.0,Low Risk,Low Priority
9835-ZIITK,66,110.85,7491.75,One year,Fiber optic,Yes,110.85,66,7316.099999999999,113.51136363636364,Very High Value,,0.0,Low Risk,VIP Customer
8008-ESFLK,53,110.5,5835.5,One year,Fiber optic,No,110.5,53,5856.5,110.10377358490568,High Value,,0.0,Low Risk,High Value Customer
7537-CBQUZ,63,109.4,7031.45,Month-to-month,Fiber optic,No,109.4,63,6892.200000000001,111.61031746031746,Very High Value,,0.0,Low Risk,VIP Customer
1555-DJEQW,70,114.2,7723.9,Two year,Fiber optic,Yes,114.2,70,7994.0,110.34142857142857,Very High Value,,0.0,Low Risk,VIP Customer
5649-TJHOV,27,36.5,1032.0,Month-to-month,DSL,Yes,36.5,27,985.5,38.22222222222222,Low Value,,0.0,Low Risk,Low Priority
0519-XUZJU,1,70.75,70.75,Month-to-month,Fiber optic,Yes,70.75,1,70.75,70.75,Low Value,,0.0,Low Risk,Low Priority
3363-EWLGO,5,19.95,109.6,Month-to-month,No,No,19.95,5,99.75,21.92,Low Value,,0.0,Low Risk,Low Priority
4750-UKWJK,37,19.6,727.8,One year,No,No,19.6,37,725.2,19.67027027027027,Low Value,,0.0,Low Risk,Low Priority
6338-AVWCY,3,40.15,130.75,Month-to-month,DSL,Yes,40.15,3,120.45,43.583333333333336,Low Value,Yes,0.53,Medium Risk,Monitor
1689-YQBYY,12,76.6,893.0,Month-to-month,Fiber optic,No,76.6,12,919.2,74.41666666666667,Low Value,,0.0,Low Risk,Low Priority
4487-ZYJZK,38,19.6,763.1,One year,No,No,19.6,38,744.8000000000001,20.08157894736842,Low Value,,0.0,Low Risk,Low Priority
2959-FENLU,9,85.3,781.4,Month-to-month,Fiber optic,No,85.3,9,767.6999999999999,86.82222222222222,Low Value,,0.0,Low Risk,Low Priority
0708-LGSMF,13,65.85,902.25,Month-to-month,DSL,No,65.85,13,856.05,69.40384615384616,Low Value,,0.0,Low Risk,Low Priority
9253-QXKBE,29,94.45,2653.65,Month-to-month,Fiber optic,Yes,94.45,29,2739.05,91.5051724137931,Medium Value,,0.0,Low Risk,Low Priority
7634-HLQJR,47,20.05,1016.7,Two year,No,No,20.05,47,942.35,21.631914893617022,Low Value,,0.0,Low Risk,Low Priority
0487-RPVUM,61,99.4,5943.65,Month-to-month,Fiber optic,No,99.4,61,6063.400000000001,97.43688524590164,Very High Value,,0.0,Low Risk,VIP Customer
4079-ULGFR,16,20.0,275.7,Month-to-month,No,No,20.0,16,320.0,17.23125,Low Value,,0.0,Low Risk,Low Priority
2516-XSJKX,41,78.45,3126.45,Two year,DSL,No,78.45,41,3216.4500000000003,76.25487804878048,High Value,,0.0,Low Risk,High Value Customer
0057-QBUQH,43,25.1,1070.15,Two year,No,No,25.1,43,1079.3,24.887209302325584,Medium Value,No,0.015,Low Risk,Low Priority
9445-SZLCH,36,97.35,3457.9,Month-to-month,Fiber optic,Yes,97.35,36,3504.6,96.05277777777778,High Value,,0.0,Low Risk,High Value Customer
6599-SFQVE,6,55.0,340.4,Month-to-month,DSL,No,55.0,6,330.0,56.73333333333333,Low Value,,0.0,Low Risk,Low Priority
8331-ZXFOE,58,71.1,4299.2,One year,DSL,No,71.1,58,4123.799999999999,74.12413793103448,High Value,,0.0,Low Risk,High Value Customer
4003-FUSHP,19,61.55,1093.2,Month-to-month,DSL,No,61.55,19,1169.45,57.53684210526316,Medium Value,No,0.16,Low Risk,Low Priority
0356-ERHVT,11,45.9,521.9,Month-to-month,DSL,No,45.9,11,504.9,47.44545454545455,Low Value,,0.0,Low Risk,Low Priority
7325-ENZFI,39,40.3,1630.4,One year,DSL,No,40.3,39,1571.6999999999998,41.805128205128206,Medium Value,,0.0,Low Risk,Low Priority
4884-ZTHVF,8,87.1,713.6,Month-to-month,Fiber optic,No,87.1,8,696.8,89.2,Low Value,,0.0,Low Risk,Low Priority
3920-HIHMQ,26,49.5,1265.65,Month-to-month,DSL,No,49.5,26,1287.0,48.67884615384616,Medium Value,,0.0,Low Risk,Low Priority
3055-OYMSE,53,73.8,4003.85,Month-to-month,Fiber optic,No,73.8,53,3911.4,75.5443396226415,High Value,,0.0,Low Risk,High Value Customer
0613-WUXUM,70,19.2,1401.4,Two year,No,No,19.2,70,1344.0,20.02,Medium Value,,0.0,Low Risk,Low Priority
7568-PODML,1,45.3,45.3,Month-to-month,DSL,Yes,45.3,1,45.3,45.3,Low Value,,0.0,Low Risk,Low Priority
4458-KVRBJ,59,25.0,1510.5,Two year,No,No,25.0,59,1475.0,25.60169491525424,Medium Value,,0.0,Low Risk,Low Priority
5349-IECLD,2,94.95,178.1,Month-to-month,Fiber optic,Yes,94.95,2,189.9,89.05,Low Value,,0.0,Low Risk,Low Priority
1397-XKKWR,7,35.3,264.8,One year,DSL,No,35.3,7,247.1,37.82857142857143,Low Value,,0.0,Low Risk,Low Priority
3945-GFWQL,12,44.55,480.6,Month-to-month,DSL,Yes,44.55,12,534.5999999999999,40.05,Low Value,,0.0,Low Risk,Low Priority
8097-OMULG,59,76.75,4541.9,One year,DSL,No,76.75,59,4528.25,76.98135593220339,High Value,,0.0,Low Risk,High Value Customer
6013-BHCAW,61,81.0,4976.15,Two year,DSL,No,81.0,61,4941.0,81.57622950819672,High Value,No,0.03,Low Risk,High Value Customer
0401-WDBXM,72,105.55,7542.25,Two year,Fiber optic,No,105.55,72,7599.599999999999,104.75347222222224,Very High Value,,0.0,Low Risk,VIP Customer
3387-PLKUI,13,18.8,251.25,Month-to-month,No,No,18.8,13,244.4,19.32692307692308,Low Value,,0.0,Low Risk,Low Priority
6096-EGVTU,64,24.9,1595.5,One year,No,No,24.9,64,1593.6,24.9296875,Medium Value,No,0.03,Low Risk,Low Priority
3797-VTIDR,1,23.45,23.45,Month-to-month,DSL,Yes,23.45,1,23.45,23.45,Low Value,,0.0,Low Risk,Low Priority
5081-NWSUP,10,64.9,685.55,One year,DSL,No,64.9,10,649.0,68.55499999999999,Low Value,No,0.135,Low Risk,Low Priority
2580-ATZSQ,65,61.35,3874.1,One year,DSL,No,61.35,65,3987.75,59.60153846153846,High Value,,0.0,Low Risk,High Value Customer
8085-MSNLK,62,113.95,6891.4,Two year,Fiber optic,No,113.95,62,7064.900000000001,111.1516129032258,Very High Value,,0.0,Low Risk,VIP Customer
9691-HKOVS,55,90.15,4916.95,One year,DSL,No,90.15,55,4958.25,89.3990909090909,High Value,,0.0,Low Risk,High Value Customer
9881-VCZEP,25,54.1,1373.0,Month-to-month,DSL,No,54.1,25,1352.5,54.92,Medium Value,,0.0,Low Risk,Low Priority
9526-BIHHD,1,29.7,29.7,Month-to-month,DSL,Yes,29.7,1,29.7,29.7,Low Value,,0.0,Low Risk,Low Priority
8757-TFHHJ,1,49.8,49.8,Month-to-month,DSL,No,49.8,1,49.8,49.8,Low Value,No,0.34,Low Risk,Low Priority
4523-WXCEF,59,101.1,6039.9,Month-to-month,Fiber optic,Yes,101.1,59,5964.9,102.37118644067796,High Value,,0.0,Low Risk,High Value Customer
1468-DEFNC,64,24.4,1548.65,Two year,No,No,24.4,64,1561.6,24.19765625,Medium Value,,0.0,Low Risk,Low Priority
5119-KEPFY,36,95.0,3440.25,Month-to-month,Fiber optic,No,95.0,36,3420.0,95.5625,High Value,,0.0,Low Risk,High Value Customer
8364-TRMMK,3,50.65,151.3,Month-to-month,DSL,Yes,50.65,3,151.95,50.43333333333334,Low Value,,0.0,Low Risk,Low Priority
0916-KNFAJ,61,69.9,4226.7,Two year,DSL,No,69.9,61,4263.900000000001,69.29016393442623,High Value,,0.0,Low Risk,High Value Customer
8319-QBEHW,26,39.95,1023.75,One year,DSL,No,39.95,26,1038.7,39.375,Medium Value,,0.0,Low Risk,Low Priority
3063-QFSZL,1,55.4,55.4,Month-to-month,DSL,Yes,55.4,1,55.4,55.4,Low Value,Yes,0.635,Medium Risk,Monitor
8775-LHDJH,1,90.6,90.6,Month-to-month,Fiber optic,Yes,90.6,1,90.6,90.6,Low Value,,0.0,Low Risk,Low Priority
9625-QNLUX,68,103.25,7074.4,Two year,Fiber optic,No,103.25,68,7021.0,104.03529411764706,Very High Value,,0.0,Low Risk,VIP Customer
3097-NQYSN,2,86.85,156.35,Month-to-month,Fiber optic,Yes,86.85,2,173.7,78.175,Low Value,,0.0,Low Risk,Low Priority
4024-CSNBY,72,94.25,6849.75,Two year,Fiber optic,No,94.25,72,6786.0,95.13541666666669,Very High Value,,0.0,Low Risk,VIP Customer
7110-BDTWG,71,47.05,3263.6,Two year,DSL,No,47.05,71,3340.55,45.96619718309859,High Value,,0.0,Low Risk,High Value Customer
7493-GVFIO,57,20.55,1252.85,Two year,No,No,20.55,57,1171.35,21.979824561403507,Medium Value,,0.0,Low Risk,Low Priority
3726-TBHQT,71,114.0,8175.9,Two year,Fiber optic,No,114.0,71,8094.0,115.15352112676057,Very High Value,,0.0,Low Risk,VIP Customer
0690-SRQID,4,19.65,67.55,Month-to-month,No,No,19.65,4,78.6,16.8875,Low Value,,0.0,Low Risk,Low Priority
9605-WGJVW,1,70.2,70.2,Month-to-month,Fiber optic,No,70.2,1,70.2,70.2,Low Value,,0.0,Low Risk,Low Priority
9114-DPSIA,72,81.0,5750.0,Two year,DSL,No,81.0,72,5832.0,79.86111111111111,High Value,No,0.01,Low Risk,High Value Customer
4700-UBQMV,21,75.9,1549.75,One year,DSL,No,75.9,21,1593.9,73.79761904761905,Medium Value,No,0.15,Low Risk,Low Priority
7711-GQBZC,71,24.7,1810.55,Two year,No,No,24.7,71,1753.7,25.500704225352116,Medium Value,,0.0,Low Risk,Low Priority
3565-UNOCC,29,99.05,2952.85,Month-to-month,Fiber optic,Yes,99.05,29,2872.45,101.82241379310344,Medium Value,,0.0,Low Risk,Low Priority
4627-MIHJH,69,110.25,7467.55,Two year,Fiber optic,No,110.25,69,7607.25,108.22536231884058,Very High Value,No,0.1,Low Risk,VIP Customer
9795-NREXC,64,85.0,5484.4,Two year,DSL,No,85.0,64,5440.0,85.69375,High Value,,0.0,Low Risk,High Value Customer
8573-CGOCC,16,19.75,294.9,Month-to-month,No,No,19.75,16,316.0,18.43125,Low Value,,0.0,Low Risk,Low Priority
7356-AYNJP,4,23.9,97.5,One year,No,No,23.9,4,95.6,24.375,Low Value,No,0.065,Low Risk,Low Priority
9249-FXSCK,52,111.25,5916.45,One year,Fiber optic,Yes,111.25,52,5785.0,113.7778846153846,High Value,,0.0,Low Risk,High Value Customer
5493-SDRDQ,2,55.1,113.35,Month-to-month,DSL,Yes,55.1,2,110.2,56.675,Low Value,,0.0,Low Risk,Low Priority
6286-SUUWT,1,19.95,19.95,Month-to-month,No,No,19.95,1,19.95,19.95,Low Value,No,0.4982,Medium Risk,Monitor
4819-HJPIW,18,25.15,476.8,Month-to-month,DSL,No,25.15,18,452.7,26.48888888888889,Low Value,No,0.145,Low Risk,Low Priority
8654-DHAOW,2,54.15,101.65,Month-to-month,DSL,No,54.15,2,108.3,50.825,Low Value,,0.0,Low Risk,Low Priority
5438-QMDDL,19,59.8,1130.85,Month-to-month,DSL,No,59.8,19,1136.2,59.51842105263157,Medium Value,No,0.165,Low Risk,Low Priority
9812-GHVRI,40,83.85,3532.25,Month-to-month,Fiber optic,No,83.85,40,3354.0,88.30625,High Value,No,0.26,Low Risk,High Value Customer
5553-AOINX,66,104.9,6891.45,One year,Fiber optic,No,104.9,66,6923.400000000001,104.41590909090908,Very High Value,,0.0,Low Risk,VIP Customer
1228-ZLNBX,21,75.3,1570.7,Month-to-month,Fiber optic,No,75.3,21,1581.3,74.79523809523809,Medium Value,,0.0,Low Risk,Low Priority
4226-KKDON,8,66.65,520.95,Month-to-month,DSL,No,66.65,8,533.2,65.11875,Low Value,No,0.145,Low Risk,Low Priority
3831-YCPUO,72,109.5,7854.9,Two year,Fiber optic,No,109.5,72,7884.0,109.09583333333332,Very High Value,No,0.005,Low Risk,VIP Customer
7445-WMRBW,48,73.85,3581.4,One year,DSL,No,73.85,48,3544.8,74.6125,High Value,,0.0,Low Risk,High Value Customer
3308-DGHKL,69,19.3,1447.9,Two year,No,No,19.3,69,1331.7,20.984057971014494,Medium Value,,0.0,Low Risk,Low Priority
9924-JPRMC,72,118.2,8547.15,Two year,Fiber optic,No,118.2,72,8510.4,118.71041666666666,Very High Value,,0.0,Low Risk,VIP Customer
0080-EMYVY,14,51.45,727.85,One year,DSL,No,51.45,14,720.3000000000001,51.989285714285714,Low Value,,0.0,Low Risk,Low Priority
6218-KNUBD,6,59.45,357.6,Month-to-month,DSL,No,59.45,6,356.70000000000005,59.6,Low Value,,0.0,Low Risk,Low Priority
7337-CINUD,8,19.5,159.35,Two year,No,No,19.5,8,156.0,19.91875,Low Value,No,0.03,Low Risk,Low Priority
7609-NRNCA,17,19.55,280.85,One year,No,No,19.55,17,332.35,16.52058823529412,Low Value,,0.0,Low Risk,Low Priority
0623-EJQEG,65,93.55,6069.25,One year,Fiber optic,No,93.55,65,6080.75,93.37307692307692,Very High Value,,0.0,Low Risk,VIP Customer
7153-CHRBV,57,59.3,3274.35,One year,DSL,No,59.3,57,3380.1,57.444736842105264,High Value,,0.0,Low Risk,High Value Customer
0871-URUWO,13,102.25,1359.0,Month-to-month,Fiber optic,Yes,102.25,13,1329.25,104.53846153846152,Medium Value,Yes,0.625,Medium Risk,Monitor
9190-MFJLN,19,95.9,1777.9,Month-to-month,Fiber optic,Yes,95.9,19,1822.1,93.57368421052632,Medium Value,,0.0,Low Risk,Low Priority
6198-PNNSZ,56,109.8,6109.65,One year,Fiber optic,No,109.8,56,6148.8,109.10089285714284,Very High Value,No,0.12,Low Risk,VIP Customer
3317-VLGQT,14,78.1,1122.4,Month-to-month,Fiber optic,No,78.1,14,1093.4,80.17142857142858,Medium Value,,0.0,Low Risk,Low Priority
4132-POCZS,52,39.9,2020.9,Month-to-month,DSL,No,39.9,52,2074.8,38.86346153846154,Medium Value,,0.0,Low Risk,Low Priority
5614-DNZCE,58,64.9,3795.45,Two year,DSL,No,64.9,58,3764.2,65.43879310344828,High Value,,0.0,Low Risk,High Value Customer
1095-JUDTC,47,95.05,4504.55,Month-to-month,Fiber optic,Yes,95.05,47,4467.349999999999,95.84148936170212,High Value,,0.0,Low Risk,High Value Customer
3896-RCYYE,67,53.4,3579.15,Month-to-month,DSL,No,53.4,67,3577.8,53.42014925373135,High Value,No,0.09,Low Risk,High Value Customer
9638-JIQYA,2,24.9,49.7,Month-to-month,DSL,No,24.9,2,49.8,24.85,Low Value,Yes,0.52,Medium Risk,Monitor
3258-SANFR,6,44.7,276.5,Month-to-month,DSL,No,44.7,6,268.20000000000005,46.083333333333336,Low Value,,0.0,Low Risk,Low Priority
3190-ITQXP,46,20.25,890.35,Two year,No,No,20.25,46,931.5,19.355434782608697,Low Value,,0.0,Low Risk,Low Priority
0870-VEMYL,5,53.85,259.8,Month-to-month,DSL,Yes,53.85,5,269.25,51.96,Low Value,No,0.27,Low Risk,Low Priority
4833-QTJNO,67,83.85,5588.8,Month-to-month,Fiber optic,No,83.85,67,5617.95,83.41492537313434,High Value,,0.0,Low Risk,High Value Customer
3039-MJSLN,3,20.2,50.6,Month-to-month,No,No,20.2,3,60.6,16.866666666666667,Low Value,,0.0,Low Risk,Low Priority
0178-CIIKR,3,19.95,58.0,Month-to-month,No,No,19.95,3,59.85,19.33333333333333,Low Value,No,0.0695,Low Risk,Low Priority
5385-SUIRI,52,104.2,5568.35,Month-to-month,Fiber optic,Yes,104.2,52,5418.400000000001,107.08365384615384,High Value,,0.0,Low Risk,High Value Customer
3982-XWFZQ,42,50.25,2203.65,Month-to-month,DSL,Yes,50.25,42,2110.5,52.46785714285714,Medium Value,No,0.16,Low Risk,Low Priority
5774-QPLTF,50,20.35,938.95,One year,No,No,20.35,50,1017.5,18.779,Medium Value,No,0.005,Low Risk,Low Priority
2322-VCZHZ,23,90.0,2024.1,Month-to-month,Fiber optic,No,90.0,23,2070.0,88.00434782608696,Medium Value,,0.0,Low Risk,Low Priority
5010-IPEAQ,67,54.2,3623.95,Two year,DSL,No,54.2,67,3631.4,54.08880597014925,High Value,,0.0,Low Risk,High Value Customer
4009-ALQFH,25,99.5,2369.05,Month-to-month,Fiber optic,Yes,99.5,25,2487.5,94.762,Medium Value,,0.0,Low Risk,Low Priority
6383-ZTSIW,39,99.1,3877.95,One year,Fiber optic,No,99.1,39,3864.9,99.43461538461538,High Value,No,0.24,Low Risk,High Value Customer
8990-YOZLV,69,66.9,4577.9,Two year,DSL,No,66.9,69,4616.1,66.3463768115942,High Value,,0.0,Low Risk,High Value Customer
3069-SSVSN,1,25.85,25.85,One year,DSL,No,25.85,1,25.85,25.85,Low Value,No,0.33,Low Risk,Low Priority
5222-IMUKT,32,91.05,2871.5,Month-to-month,Fiber optic,No,91.05,32,2913.6,89.734375,Medium Value,,0.0,Low Risk,Low Priority
3627-FCRDW,9,71.0,672.55,Month-to-month,Fiber optic,Yes,71.0,9,639.0,74.72777777777777,Low Value,,0.0,Low Risk,Low Priority
7562-GSUHK,16,93.2,1573.7,Month-to-month,Fiber optic,Yes,93.2,16,1491.2,98.35625,Medium Value,,0.0,Low Risk,Low Priority
6685-XSHHU,60,20.95,1270.55,Two year,No,No,20.95,60,1257.0,21.175833333333333,Medium Value,,0.0,Low Risk,Low Priority
8901-UPRHR,72,109.2,7711.45,Two year,Fiber optic,No,109.2,72,7862.400000000001,107.10347222222222,Very High Value,,0.0,Low Risk,VIP Customer
4903-UYAVB,5,19.35,126.05,Month-to-month,No,Yes,19.35,5,96.75,25.21,Low Value,,0.0,Low Risk,Low Priority
0118-JPNOY,26,85.8,2193.65,Month-to-month,Fiber optic,No,85.8,26,2230.8,84.37115384615385,Medium Value,,0.0,Low Risk,Low Priority
6776-TLWOI,3,19.85,64.55,Month-to-month,No,Yes,19.85,3,59.55,21.516666666666666,Low Value,No,0.145,Low Risk,Low Priority
3845-FXCYS,2,19.65,31.2,Month-to-month,No,No,19.65,2,39.3,15.6,Low Value,,0.0,Low Risk,Low Priority
5857-XRECV,2,20.5,38.25,One year,No,No,20.5,2,41.0,19.125,Low Value,No,0.1225,Low Risk,Low Priority
0725-CXOTM,36,89.65,3348.1,One year,DSL,No,89.65,36,3227.4,93.00277777777778,High Value,No,0.075,Low Risk,High Value Customer
4343-EJVQB,7,74.35,533.6,Month-to-month,Fiber optic,No,74.35,7,520.4499999999999,76.22857142857143,Low Value,,0.0,Low Risk,Low Priority
9000-PLFUZ,60,49.45,2907.55,Two year,DSL,No,49.45,60,2967.0,48.45916666666667,Medium Value,,0.0,Low Risk,Low Priority
3427-GGZZI,19,89.1,1620.8,Month-to-month,Fiber optic,No,89.1,19,1692.9,85.30526315789473,Medium Value,,0.0,Low Risk,Low Priority
7779-ORAEL,45,75.15,3480.35,Two year,DSL,No,75.15,45,3381.7500000000005,77.3411111111111,High Value,,0.0,Low Risk,High Value Customer
0644-OQMDK,4,70.65,293.85,Month-to-month,Fiber optic,No,70.65,4,282.6,73.4625,Low Value,,0.0,Low Risk,Low Priority
4077-CROMM,31,104.2,3243.45,Month-to-month,Fiber optic,Yes,104.2,31,3230.2000000000003,104.62741935483872,High Value,,0.0,Low Risk,High Value Customer
3154-CFSZG,47,90.05,4137.2,Month-to-month,Fiber optic,No,90.05,47,4232.349999999999,88.02553191489362,High Value,,0.0,Low Risk,High Value Customer
2868-MZAGQ,1,79.25,79.25,Month-to-month,Fiber optic,Yes,79.25,1,79.25,79.25,Low Value,,0.0,Low Risk,Low Priority
4847-QNOKA,1,44.9,44.9,Month-to-month,DSL,Yes,44.9,1,44.9,44.9,Low Value,,0.0,Low Risk,Low Priority
2220-IAHLS,1,19.4,19.4,Month-to-month,No,No,19.4,1,19.4,19.4,Low Value,,0.0,Low Risk,Low Priority
1658-XUHBX,59,88.75,5348.65,Month-to-month,Fiber optic,No,88.75,59,5236.25,90.65508474576272,High Value,,0.0,Low Risk,High Value Customer
6379-RXJRQ,10,70.1,659.65,Month-to-month,Fiber optic,Yes,70.1,10,701.0,65.965,Low Value,,0.0,Low Risk,Low Priority
2378-HTWFW,35,91.0,3180.5,Month-to-month,Fiber optic,No,91.0,35,3185.0,90.87142857142857,High Value,,0.0,Low Risk,High Value Customer
8650-RHRKE,4,29.65,118.5,Month-to-month,DSL,Yes,29.65,4,118.6,29.625,Low Value,Yes,0.645,Medium Risk,Monitor
4377-VDHYI,32,90.8,3023.85,One year,Fiber optic,No,90.8,32,2905.6,94.4953125,Medium Value,No,0.225,Low Risk,Low Priority
0475-RIJEP,43,77.85,3365.85,Month-to-month,Fiber optic,Yes,77.85,43,3347.55,78.27558139534884,High Value,,0.0,Low Risk,High Value Customer
1260-TTRXI,4,54.3,195.3,Month-to-month,DSL,Yes,54.3,4,217.2,48.825,Low Value,,0.0,Low Risk,Low Priority
3719-TDVQB,54,18.95,1031.1,Two year,No,No,18.95,54,1023.3,19.09444444444444,Medium Value,,0.0,Low Risk,Low Priority
6328-ZPBGN,11,95.15,997.65,Month-to-month,Fiber optic,Yes,95.15,11,1046.65,90.69545454545454,Medium Value,Yes,0.81,High Risk,Churn Risk
0201-MIBOL,66,102.4,6471.85,Two year,Fiber optic,No,102.4,66,6758.400000000001,98.05833333333334,Very High Value,,0.0,Low Risk,VIP Customer
4937-QPZPO,61,99.9,6241.35,One year,Fiber optic,No,99.9,61,6093.900000000001,102.31721311475413,Very High Value,No,0.26,Low Risk,VIP Customer
2925-VDZHY,72,88.7,6501.35,Two year,DSL,No,88.7,72,6386.400000000001,90.29652777777778,Very High Value,No,0.0,Low Risk,VIP Customer
6981-TDRFT,44,54.3,2317.1,One year,DSL,No,54.3,44,2389.2,52.66136363636363,Medium Value,,0.0,Low Risk,Low Priority
3413-CSSTH,41,55.7,2237.55,Month-to-month,DSL,No,55.7,41,2283.7000000000003,54.57439024390244,Medium Value,No,0.13,Low Risk,Low Priority
8033-VCZGH,50,103.95,5231.3,One year,Fiber optic,No,103.95,50,5197.5,104.626,High Value,No,0.31,Low Risk,High Value Customer
4789-KWMXN,47,110.85,5275.8,One year,Fiber optic,Yes,110.85,47,5209.95,112.25106382978724,High Value,,0.0,Low Risk,High Value Customer
0224-NIJLP,8,20.15,165.5,Two year,No,No,20.15,8,161.2,20.6875,Low Value,,0.0,Low Risk,Low Priority
7542-CYDDM,18,20.05,358.5,Month-to-month,No,No,20.05,18,360.9,19.916666666666668,Low Value,,0.0,Low Risk,Low Priority
4718-WXBGI,72,91.95,6614.9,Two year,DSL,No,91.95,72,6620.400000000001,91.8736111111111,Very High Value,,0.0,Low Risk,VIP Customer
2867-UIMSS,1,80.5,80.5,Month-to-month,Fiber optic,Yes,80.5,1,80.5,80.5,Low Value,Yes,0.89,High Risk,Churn Risk
8495-PRWFH,42,55.65,2421.75,Month-to-month,DSL,No,55.65,42,2337.3,57.660714285714285,Medium Value,No,0.195,Low Risk,Low Priority
0439-IFYUN,18,74.7,1294.6,Month-to-month,Fiber optic,No,74.7,18,1344.6,71.92222222222222,Medium Value,,0.0,Low Risk,Low Priority
5716-LIBJC,13,104.15,1299.1,One year,Fiber optic,No,104.15,13,1353.95,99.93076923076924,Medium Value,,0.0,Low Risk,Low Priority
2868-LLSKM,68,83.65,5733.4,One year,Fiber optic,No,83.65,68,5688.200000000001,84.31470588235294,High Value,,0.0,Low Risk,High Value Customer
8111-RKSPX,4,72.2,305.55,Month-to-month,Fiber optic,Yes,72.2,4,288.8,76.3875,Low Value,,0.0,Low Risk,Low Priority
2988-QRAJY,69,110.05,7430.75,Two year,Fiber optic,No,110.05,69,7593.45,107.69202898550724,Very High Value,,0.0,Low Risk,VIP Customer
1585-MQSSU,17,51.5,900.5,Month-to-month,DSL,Yes,51.5,17,875.5,52.97058823529412,Low Value,,0.0,Low Risk,Low Priority
0071-NDAFP,25,25.5,630.6,Two year,No,No,25.5,25,637.5,25.224,Low Value,,0.0,Low Risk,Low Priority
2856-NNASM,43,89.55,3856.75,Month-to-month,Fiber optic,Yes,89.55,43,3850.65,89.69186046511628,High Value,,0.0,Low Risk,High Value Customer
7328-ZJAJO,59,19.5,1222.65,Two year,No,No,19.5,59,1150.5,20.72288135593221,Medium Value,,0.0,Low Risk,Low Priority
6458-CYIDZ,5,80.7,374.8,Month-to-month,Fiber optic,No,80.7,5,403.5,74.96000000000001,Low Value,,0.0,Low Risk,Low Priority
8559-CIZFV,21,77.5,1625.0,One year,DSL,Yes,77.5,21,1627.5,77.38095238095238,Medium Value,,0.0,Low Risk,Low Priority
1090-PYKCI,69,105.1,7234.8,One year,Fiber optic,No,105.1,69,7251.9,104.85217391304349,Very High Value,,0.0,Low Risk,VIP Customer
3058-WQDRE,13,25.15,331.85,Month-to-month,DSL,No,25.15,13,326.95,25.52692307692308,Low Value,,0.0,Low Risk,Low Priority
7547-EKNFS,42,95.25,3959.35,Month-to-month,Fiber optic,Yes,95.25,42,4000.5,94.2702380952381,High Value,,0.0,Low Risk,High Value Customer
2279-AXJJK,52,95.65,5088.4,Month-to-month,Fiber optic,No,95.65,52,4973.8,97.85384615384616,High Value,No,0.145,Low Risk,High Value Customer
6769-DYBQN,46,85.0,3969.4,Month-to-month,Fiber optic,Yes,85.0,46,3910.0,86.29130434782608,High Value,No,0.315,Low Risk,High Value Customer
0909-SELIE,61,80.8,4860.85,Two year,DSL,No,80.8,61,4928.8,79.68606557377049,High Value,No,0.01,Low Risk,High Value Customer
3417-TSCIC,29,24.85,788.05,One year,DSL,No,24.85,29,720.6500000000001,27.17413793103448,Low Value,,0.0,Low Risk,Low Priority
1042-HFUCW,25,54.75,1266.35,One year,DSL,No,54.75,25,1368.75,50.654,Medium Value,,0.0,Low Risk,Low Priority
4439-JMPMT,5,85.75,470.95,Month-to-month,Fiber optic,Yes,85.75,5,428.75,94.19,Low Value,,0.0,Low Risk,Low Priority
6537-OTKMY,15,50.75,688.2,One year,DSL,No,50.75,15,761.25,45.88,Low Value,,0.0,Low Risk,Low Priority
8999-EXMNO,19,20.15,387.7,Two year,No,No,20.15,19,382.85,20.405263157894737,Low Value,,0.0,Low Risk,Low Priority
6725-TPKJO,44,20.05,845.25,Two year,No,No,20.05,44,882.2,19.210227272727277,Low Value,,0.0,Low Risk,Low Priority
2446-BEGGB,6,98.25,560.6,Month-to-month,Fiber optic,Yes,98.25,6,589.5,93.43333333333334,Low Value,,0.0,Low Risk,Low Priority
7162-WPHPM,58,71.6,4230.25,Two year,DSL,No,71.6,58,4152.799999999999,72.9353448275862,High Value,,0.0,Low Risk,High Value Customer
1599-MMYRQ,62,81.45,4983.05,One year,Fiber optic,No,81.45,62,5049.900000000001,80.37177419354839,High Value,,0.0,Low Risk,High Value Customer
8821-KVZKQ,70,58.4,4113.15,One year,DSL,No,58.4,70,4088.0,58.75928571428571,High Value,,0.0,Low Risk,High Value Customer
1496-GGSUK,1,25.7,25.7,Month-to-month,DSL,Yes,25.7,1,25.7,25.7,Low Value,,0.0,Low Risk,Low Priority
6434-TTGJP,10,53.7,521.0,Two year,DSL,No,53.7,10,537.0,52.1,Low Value,No,0.055,Low Risk,Low Priority
0042-JVWOJ,26,19.6,471.85,One year,No,No,19.6,26,509.6,18.148076923076925,Low Value,,0.0,Low Risk,Low Priority
0130-SXOUN,66,89.4,5976.9,Month-to-month,Fiber optic,No,89.4,66,5900.400000000001,90.5590909090909,High Value,,0.0,Low Risk,High Value Customer
2575-GFSOE,7,69.0,506.9,Month-to-month,Fiber optic,Yes,69.0,7,483.0,72.41428571428571,Low Value,,0.0,Low Risk,Low Priority
2330-PQGDQ,51,84.2,4299.75,One year,Fiber optic,No,84.2,51,4294.2,84.30882352941177,High Value,,0.0,Low Risk,High Value Customer
1452-UZOSF,72,106.1,7548.6,Two year,Fiber optic,No,106.1,72,7639.2,104.84166666666668,Very High Value,,0.0,Low Risk,VIP Customer
2097-YVPKN,65,25.75,1654.75,Two year,No,No,25.75,65,1673.75,25.45769230769231,Medium Value,,0.0,Low Risk,Low Priority
2842-JTCCU,2,46.05,80.35,Month-to-month,DSL,Yes,46.05,2,92.1,40.175,Low Value,,0.0,Low Risk,Low Priority
8597-CTXVJ,70,64.95,4551.5,One year,DSL,No,64.95,70,4546.5,65.02142857142857,High Value,,0.0,Low Risk,High Value Customer
6631-HMANX,72,85.45,6227.5,Two year,DSL,No,85.45,72,6152.400000000001,86.49305555555556,Very High Value,,0.0,Low Risk,VIP Customer
9962-BFPDU,1,20.05,20.05,Month-to-month,No,No,20.05,1,20.05,20.05,Low Value,No,0.298,Low Risk,Low Priority
3296-SILRA,1,76.4,76.4,Month-to-month,Fiber optic,Yes,76.4,1,76.4,76.4,Low Value,,0.0,Low Risk,Low Priority
9681-OXGVC,5,100.5,514.0,Month-to-month,Fiber optic,Yes,100.5,5,502.5,102.8,Low Value,,0.0,Low Risk,Low Priority
6394-HHHZM,3,20.7,57.5,Month-to-month,No,No,20.7,3,62.1,19.166666666666668,Low Value,,0.0,Low Risk,Low Priority
5995-LFTLE,58,25.3,1474.35,Two year,No,No,25.3,58,1467.4,25.419827586206896,Medium Value,,0.0,Low Risk,Low Priority
5180-UCIIQ,22,40.05,880.2,Month-to-month,DSL,Yes,40.05,22,881.0999999999999,40.00909090909091,Low Value,,0.0,Low Risk,Low Priority
1932-UEDCX,33,100.6,3270.25,Month-to-month,Fiber optic,No,100.6,33,3319.8,99.09848484848484,High Value,,0.0,Low Risk,High Value Customer
7153-OANIO,1,69.95,69.95,Month-to-month,Fiber optic,Yes,69.95,1,69.95,69.95,Low Value,,0.0,Low Risk,Low Priority
5188-HGMLP,54,74.0,3919.15,Month-to-month,Fiber optic,No,74.0,54,3996.0,72.57685185185186,High Value,,0.0,Low Risk,High Value Customer
0665-XHDJU,72,99.4,7285.7,Two year,Fiber optic,No,99.4,72,7156.8,101.19027777777778,Very High Value,No,0.165,Low Risk,VIP Customer
6521-YYTYI,1,93.3,93.3,Month-to-month,Fiber optic,Yes,93.3,1,93.3,93.3,Low Value,,0.0,Low Risk,Low Priority
8878-HMWBV,3,49.15,169.05,Month-to-month,DSL,Yes,49.15,3,147.45,56.35,Low Value,,0.0,Low Risk,Low Priority
8265-HKSOW,72,107.45,7658.3,Two year,Fiber optic,No,107.45,72,7736.400000000001,106.36527777777778,Very High Value,,0.0,Low Risk,VIP Customer
3544-FBCAS,72,83.6,5959.3,Two year,DSL,No,83.6,72,6019.2,82.76805555555556,Very High Value,,0.0,Low Risk,VIP Customer
5331-RGMTT,54,99.05,5295.7,Month-to-month,Fiber optic,No,99.05,54,5348.7,98.06851851851852,High Value,No,0.46,Medium Risk,High Value Customer
4759-PXTAN,59,80.1,4693.2,One year,DSL,No,80.1,59,4725.9,79.5457627118644,High Value,No,0.115,Low Risk,High Value Customer
7054-DMVAS,54,65.3,3512.9,Two year,DSL,No,65.3,54,3526.2,65.0537037037037,High Value,,0.0,Low Risk,High Value Customer
3428-MMGUB,60,89.55,5231.2,Two year,Fiber optic,No,89.55,60,5373.0,87.18666666666667,High Value,,0.0,Low Risk,High Value Customer
6549-BTYPG,60,60.8,3603.45,Two year,DSL,No,60.8,60,3648.0,60.0575,High Value,,0.0,Low Risk,High Value Customer
7823-JSOAG,3,74.5,217.45,Month-to-month,Fiber optic,No,74.5,3,223.5,72.48333333333333,Low Value,,0.0,Low Risk,Low Priority
3705-RHRFR,69,99.15,6875.35,Two year,Fiber optic,No,99.15,69,6841.35,99.6427536231884,Very High Value,,0.0,Low Risk,VIP Customer
9374-YOLBJ,1,19.25,19.25,Month-to-month,No,No,19.25,1,19.25,19.25,Low Value,No,0.31,Low Risk,Low Priority
9074-KGVOX,50,39.45,2021.35,Month-to-month,DSL,No,39.45,50,1972.5,40.427,Medium Value,,0.0,Low Risk,Low Priority
6128-DAFVY,56,44.85,2564.95,Month-to-month,DSL,No,44.85,56,2511.6,45.802678571428565,Medium Value,,0.0,Low Risk,Low Priority
9933-QRGTX,60,97.2,5611.75,Two year,Fiber optic,No,97.2,60,5832.0,93.52916666666668,High Value,,0.0,Low Risk,High Value Customer
4476-OSWTN,69,110.55,7610.1,One year,Fiber optic,No,110.55,69,7627.95,110.2913043478261,Very High Value,,0.0,Low Risk,VIP Customer
3751-KTZEL,1,35.05,35.05,Month-to-month,DSL,Yes,35.05,1,35.05,35.05,Low Value,,0.0,Low Risk,Low Priority
1977-STDKI,1,73.0,73.0,Month-to-month,Fiber optic,Yes,73.0,1,73.0,73.0,Low Value,,0.0,Low Risk,Low Priority
5066-GFJMM,3,19.9,45.75,Month-to-month,No,No,19.9,3,59.7,15.25,Low Value,,0.0,Low Risk,Low Priority
2661-GKBTK,60,76.95,4543.95,Two year,DSL,No,76.95,60,4617.0,75.7325,High Value,,0.0,Low Risk,High Value Customer
0458-HEUZG,13,35.4,450.4,Two year,DSL,No,35.4,13,460.2,34.646153846153844,Low Value,,0.0,Low Risk,Low Priority
7268-WNTCP,62,20.45,1297.35,Two year,No,No,20.45,62,1267.9,20.925,Medium Value,,0.0,Low Risk,Low Priority
0824-VWDPO,45,96.75,4442.75,One year,Fiber optic,No,96.75,45,4353.75,98.72777777777776,High Value,,0.0,Low Risk,High Value Customer
8409-WQJUX,25,54.2,1423.15,One year,DSL,No,54.2,25,1355.0,56.926,Medium Value,No,0.065,Low Risk,Low Priority
2578-JQPHZ,44,100.1,4378.35,Two year,Fiber optic,No,100.1,44,4404.4,99.50795454545457,High Value,,0.0,Low Risk,High Value Customer
3278-FSIXX,2,45.25,74.2,Month-to-month,DSL,No,45.25,2,90.5,37.1,Low Value,,0.0,Low Risk,Low Priority
5813-UECBU,33,83.85,2716.3,Month-to-month,Fiber optic,Yes,83.85,33,2767.05,82.31212121212121,Medium Value,,0.0,Low Risk,Low Priority
0328-GRPMV,1,70.1,70.1,Month-to-month,Fiber optic,Yes,70.1,1,70.1,70.1,Low Value,,0.0,Low Risk,Low Priority
9746-UGFAC,22,20.85,450.65,One year,No,No,20.85,22,458.7000000000001,20.48409090909091,Low Value,No,0.0538,Low Risk,Low Priority
2946-KIQSP,35,33.45,1175.85,Month-to-month,DSL,No,33.45,35,1170.75,33.59571428571428,Medium Value,,0.0,Low Risk,Low Priority
0625-AFOHS,29,20.2,558.8,Two year,No,No,20.2,29,585.8,19.268965517241377,Low Value,No,0.01,Low Risk,Low Priority
6726-WEXXK,27,85.9,2220.1,One year,Fiber optic,No,85.9,27,2319.3,82.22592592592592,Medium Value,,0.0,Low Risk,Low Priority
4636-OLWOE,54,61.0,3283.05,One year,DSL,No,61.0,54,3294.0,60.797222222222224,High Value,,0.0,Low Risk,High Value Customer
4342-HENTK,2,70.65,142.35,Month-to-month,Fiber optic,Yes,70.65,2,141.3,71.175,Low Value,Yes,0.805,High Risk,Churn Risk
4685-ERGHK,57,86.9,4939.25,One year,Fiber optic,No,86.9,57,4953.3,86.65350877192982,High Value,,0.0,Low Risk,High Value Customer
0885-HMGPY,62,69.4,4237.5,Two year,DSL,No,69.4,62,4302.8,68.34677419354838,High Value,,0.0,Low Risk,High Value Customer
5003-OKNNK,15,20.35,335.95,One year,No,No,20.35,15,305.25,22.396666666666665,Low Value,,0.0,Low Risk,Low Priority
4195-SMMNX,2,20.35,33.2,Month-to-month,No,Yes,20.35,2,40.7,16.6,Low Value,,0.0,Low Risk,Low Priority
7208-PSIHR,70,104.3,7188.5,Two year,Fiber optic,No,104.3,70,7301.0,102.69285714285714,Very High Value,,0.0,Low Risk,VIP Customer
4012-ZTHBR,21,44.95,926.25,Month-to-month,DSL,No,44.95,21,943.95,44.10714285714285,Low Value,,0.0,Low Risk,Low Priority
0489-WMEMG,23,49.45,1119.35,One year,DSL,No,49.45,23,1137.35,48.667391304347824,Medium Value,,0.0,Low Risk,Low Priority
7435-ZNUYY,6,20.6,116.6,One year,No,No,20.6,6,123.6,19.433333333333334,Low Value,,0.0,Low Risk,Low Priority
1354-YZFNB,4,19.55,68.8,Two year,No,No,19.55,4,78.2,17.2,Low Value,,0.0,Low Risk,Low Priority
6956-SMUCM,3,99.0,287.4,Month-to-month,Fiber optic,Yes,99.0,3,297.0,95.8,Low Value,,0.0,Low Risk,Low Priority
2985-FMWYF,23,93.5,2341.55,Month-to-month,Fiber optic,No,93.5,23,2150.5,101.80652173913045,Medium Value,Yes,0.66,Medium Risk,Monitor
2812-ENYMO,26,54.55,1362.85,One year,DSL,No,54.55,26,1418.3,52.41730769230769,Medium Value,,0.0,Low Risk,Low Priority
2717-HVIZY,8,20.05,163.6,Month-to-month,No,No,20.05,8,160.4,20.45,Low Value,,0.0,Low Risk,Low Priority
3223-WZWJM,26,83.95,2254.2,Month-to-month,Fiber optic,Yes,83.95,26,2182.7000000000003,86.69999999999999,Medium Value,,0.0,Low Risk,Low Priority
3422-GALYP,2,79.45,145.15,Month-to-month,Fiber optic,No,79.45,2,158.9,72.575,Low Value,,0.0,Low Risk,Low Priority
9053-JZFKV,67,116.2,7752.3,Two year,Fiber optic,Yes,116.2,67,7785.400000000001,115.70597014925372,Very High Value,,0.0,Low Risk,VIP Customer
2530-ENDWQ,71,93.7,6585.35,Two year,Fiber optic,Yes,93.7,71,6652.7,92.75140845070425,Very High Value,,0.0,Low Risk,VIP Customer
2890-WFBHU,59,79.85,4786.1,One year,DSL,No,79.85,59,4711.15,81.12033898305086,High Value,,0.0,Low Risk,High Value Customer
0327-WFZSY,39,100.0,3835.55,One year,Fiber optic,No,100.0,39,3900.0,98.3474358974359,High Value,No,0.335,Low Risk,High Value Customer
7977-HXJKU,21,19.6,397.0,Two year,No,No,19.6,21,411.6,18.904761904761905,Low Value,,0.0,Low Risk,Low Priority
6615-ZGEDR,1,19.7,19.7,Month-to-month,No,Yes,19.7,1,19.7,19.7,Low Value,,0.0,Low Risk,Low Priority
7033-CLAMM,48,20.2,1027.25,Two year,No,No,20.2,48,969.6,21.401041666666668,Low Value,,0.0,Low Risk,Low Priority
4023-RTIQM,31,50.4,1580.1,One year,DSL,No,50.4,31,1562.4,50.97096774193548,Medium Value,,0.0,Low Risk,Low Priority
0864-FVJNJ,64,113.35,7222.75,One year,Fiber optic,No,113.35,64,7254.4,112.85546875,Very High Value,,0.0,Low Risk,VIP Customer
7356-IWLFW,46,80.0,3769.7,Month-to-month,Fiber optic,No,80.0,46,3680.0,81.95,High Value,,0.0,Low Risk,High Value Customer
9541-PWTWO,52,80.95,4233.95,Two year,DSL,No,80.95,52,4209.400000000001,81.42211538461538,High Value,,0.0,Low Risk,High Value Customer
3967-VQOGC,67,24.9,1680.25,Two year,No,No,24.9,67,1668.3,25.078358208955223,Medium Value,No,0.005,Low Risk,Low Priority
7872-RDDLZ,67,54.9,3725.5,Month-to-month,DSL,No,54.9,67,3678.3,55.6044776119403,High Value,,0.0,Low Risk,High Value Customer
9250-WYPLL,5,75.55,413.65,Month-to-month,Fiber optic,Yes,75.55,5,377.75,82.72999999999999,Low Value,,0.0,Low Risk,Low Priority
6308-CQRBU,71,109.25,7707.7,Two year,Fiber optic,No,109.25,71,7756.75,108.55915492957746,Very High Value,,0.0,Low Risk,VIP Customer
2754-XBHTB,9,77.65,714.15,Month-to-month,Fiber optic,Yes,77.65,9,698.85,79.35,Low Value,Yes,0.55,Medium Risk,Monitor
1597-LHYNC,26,95.0,2497.2,Month-to-month,Fiber optic,Yes,95.0,26,2470.0,96.04615384615384,Medium Value,,0.0,Low Risk,Low Priority
0186-CAERR,71,116.3,8309.55,One year,Fiber optic,No,116.3,71,8257.3,117.03591549295774,Very High Value,,0.0,Low Risk,VIP Customer
3043-SUDUA,32,19.9,601.55,Month-to-month,No,No,19.9,32,636.8,18.7984375,Low Value,,0.0,Low Risk,Low Priority
5442-BHQNG,2,70.35,139.25,Month-to-month,Fiber optic,No,70.35,2,140.7,69.625,Low Value,Yes,0.7367,High Risk,Churn Risk
2169-RRLFW,71,25.6,1888.25,Two year,No,No,25.6,71,1817.6,26.59507042253521,Medium Value,No,0.0,Low Risk,Low Priority
5872-OEQNH,60,44.45,2773.9,One year,DSL,No,44.45,60,2667.0,46.23166666666667,Medium Value,,0.0,Low Risk,Low Priority
3162-KKZXO,55,100.15,5409.75,One year,Fiber optic,No,100.15,55,5508.25,98.35909090909092,High Value,,0.0,Low Risk,High Value Customer
7055-VKGDA,54,105.4,5643.4,One year,Fiber optic,Yes,105.4,54,5691.6,104.5074074074074,High Value,,0.0,Low Risk,High Value Customer
0754-UKWQP,2,95.85,197.7,Month-to-month,Fiber optic,Yes,95.85,2,191.7,98.85,Low Value,,0.0,Low Risk,Low Priority
8873-GLDMH,6,73.85,401.3,Month-to-month,Fiber optic,No,73.85,6,443.1,66.88333333333334,Low Value,Yes,0.7342,High Risk,Churn Risk
5696-JVVQY,48,70.1,3238.4,Two year,DSL,No,70.1,48,3364.8,67.46666666666667,High Value,No,0.02,Low Risk,High Value Customer
8946-BFWSG,63,25.25,1573.05,Two year,No,No,25.25,63,1590.75,24.96904761904762,Medium Value,,0.0,Low Risk,Low Priority
7493-TPUWZ,1,79.15,79.15,Month-to-month,Fiber optic,Yes,79.15,1,79.15,79.15,Low Value,,0.0,Low Risk,Low Priority
0547-HURJB,12,21.05,235.8,Month-to-month,No,No,21.05,12,252.6,19.65,Low Value,,0.0,Low Risk,Low Priority
8904-OPDCK,54,24.95,1364.75,Month-to-month,DSL,No,24.95,54,1347.3,25.27314814814815,Medium Value,,0.0,Low Risk,Low Priority
8845-LWKGE,30,64.5,1985.15,One year,DSL,No,64.5,30,1935.0,66.17166666666667,Medium Value,,0.0,Low Risk,Low Priority
1577-HKTFG,30,19.65,655.85,Month-to-month,No,Yes,19.65,30,589.5,21.861666666666668,Low Value,,0.0,Low Risk,Low Priority
8752-STIVR,4,79.0,303.15,Month-to-month,Fiber optic,Yes,79.0,4,316.0,75.7875,Low Value,Yes,0.82,High Risk,Churn Risk
0691-NIKRI,40,105.95,4335.2,One year,Fiber optic,No,105.95,40,4238.0,108.38,High Value,,0.0,Low Risk,High Value Customer
5022-JNQEQ,9,75.85,647.5,Month-to-month,Fiber optic,No,75.85,9,682.65,71.94444444444444,Low Value,Yes,0.515,Medium Risk,Monitor
4558-FANTW,17,91.85,1574.45,Month-to-month,Fiber optic,Yes,91.85,17,1561.4499999999998,92.61470588235296,Medium Value,,0.0,Low Risk,Low Priority
3249-VHRIP,62,43.6,2748.7,Two year,DSL,No,43.6,62,2703.2000000000003,44.33387096774193,Medium Value,,0.0,Low Risk,Low Priority
3736-BLEPA,28,91.25,2483.65,One year,Fiber optic,No,91.25,28,2555.0,88.70178571428572,Medium Value,,0.0,Low Risk,Low Priority
4701-LKOZD,70,89.75,6367.2,Two year,DSL,No,89.75,70,6282.5,90.96,Very High Value,,0.0,Low Risk,VIP Customer
6603-QWSPR,46,104.4,4904.2,Two year,Fiber optic,No,104.4,46,4802.400000000001,106.61304347826086,High Value,,0.0,Low Risk,High Value Customer
9921-QFQUL,23,90.15,2044.95,Month-to-month,Fiber optic,No,90.15,23,2073.4500000000003,88.9108695652174,Medium Value,,0.0,Low Risk,Low Priority
1929-ZCBHE,47,40.3,1794.8,One year,DSL,No,40.3,47,1894.1,38.18723404255319,Medium Value,No,0.08,Low Risk,Low Priority
4378-MYPGO,68,105.25,7173.15,Two year,Fiber optic,No,105.25,68,7157.0,105.4875,Very High Value,No,0.05,Low Risk,VIP Customer
8651-ENBZX,60,106.0,6441.4,One year,Fiber optic,Yes,106.0,60,6360.0,107.35666666666664,Very High Value,,0.0,Low Risk,VIP Customer
4129-LYCOI,67,104.0,7039.05,Two year,Fiber optic,No,104.0,67,6968.0,105.06044776119404,Very High Value,,0.0,Low Risk,VIP Customer
7798-JVXYM,14,69.65,921.4,Month-to-month,DSL,No,69.65,14,975.1,65.81428571428572,Low Value,,0.0,Low Risk,Low Priority
8647-SDTWQ,57,74.3,4018.35,Month-to-month,Fiber optic,No,74.3,57,4235.099999999999,70.49736842105263,High Value,,0.0,Low Risk,High Value Customer
2696-ECXKC,55,100.9,5448.6,One year,Fiber optic,No,100.9,55,5549.5,99.06545454545456,High Value,,0.0,Low Risk,High Value Customer
2081-KJSQF,1,20.25,20.25,Month-to-month,No,No,20.25,1,20.25,20.25,Low Value,,0.0,Low Risk,Low Priority
7623-TRNQN,1,49.9,49.9,Month-to-month,DSL,Yes,49.9,1,49.9,49.9,Low Value,No,0.29,Low Risk,Low Priority
3323-CPBWR,23,96.9,2085.45,Month-to-month,Fiber optic,No,96.9,23,2228.7000000000003,90.67173913043476,Medium Value,,0.0,Low Risk,Low Priority
9330-IJWIO,13,100.35,1358.85,Month-to-month,Fiber optic,Yes,100.35,13,1304.55,104.52692307692308,Medium Value,,0.0,Low Risk,Low Priority
3384-CTMSF,47,104.1,5135.15,Month-to-month,Fiber optic,No,104.1,47,4892.7,109.25851063829786,High Value,,0.0,Low Risk,High Value Customer
0902-RFHOF,38,20.1,730.1,One year,No,No,20.1,38,763.8000000000001,19.21315789473684,Low Value,,0.0,Low Risk,Low Priority
9286-DOJGF,38,74.95,2869.85,Month-to-month,Fiber optic,Yes,74.95,38,2848.1,75.52236842105263,Medium Value,No,0.34,Low Risk,Low Priority
6048-QBXKL,2,56.55,118.25,Month-to-month,DSL,No,56.55,2,113.1,59.125,Low Value,No,0.49,Medium Risk,Monitor
9661-MHUMO,1,49.25,49.25,Month-to-month,DSL,Yes,49.25,1,49.25,49.25,Low Value,No,0.35,Low Risk,Low Priority
7718-RXDGG,15,68.6,1108.6,Month-to-month,Fiber optic,No,68.6,15,1029.0,73.90666666666667,Medium Value,,0.0,Low Risk,Low Priority
1025-FALIX,26,69.05,1815.65,Month-to-month,Fiber optic,No,69.05,26,1795.3,69.83269230769231,Medium Value,,0.0,Low Risk,Low Priority
3451-VAWLI,35,19.7,730.4,Two year,No,No,19.7,35,689.5,20.86857142857143,Low Value,,0.0,Low Risk,Low Priority
3407-QGWLG,3,20.05,75.45,Month-to-month,No,No,20.05,3,60.150000000000006,25.15,Low Value,,0.0,Low Risk,Low Priority
1842-EZJMK,50,103.7,5071.05,Month-to-month,Fiber optic,Yes,103.7,50,5185.0,101.421,High Value,,0.0,Low Risk,High Value Customer
2347-WKKAE,42,94.4,4014.6,Month-to-month,Fiber optic,No,94.4,42,3964.8,95.58571428571427,High Value,,0.0,Low Risk,High Value Customer
8735-DCXNF,10,54.95,568.85,Month-to-month,DSL,No,54.95,10,549.5,56.885000000000005,Low Value,,0.0,Low Risk,Low Priority
3214-IYUUQ,61,93.7,5860.7,One year,Fiber optic,No,93.7,61,5715.7,96.07704918032786,High Value,,0.0,Low Risk,High Value Customer
1936-UAFEH,68,110.25,7279.35,Two year,Fiber optic,No,110.25,68,7497.0,107.04926470588236,Very High Value,No,0.135,Low Risk,VIP Customer
3587-PMCOY,10,98.9,1064.95,One year,Fiber optic,No,98.9,10,989.0,106.495,Low Value,No,0.43,Medium Risk,Monitor
8079-XRJRS,65,89.75,5769.6,One year,Fiber optic,Yes,89.75,65,5833.75,88.76307692307692,High Value,,0.0,Low Risk,High Value Customer
1027-LKKQQ,72,80.45,5886.85,Two year,DSL,No,80.45,72,5792.400000000001,81.76180555555555,High Value,,0.0,Low Risk,High Value Customer
7148-XZPHA,55,79.4,4238.45,Month-to-month,Fiber optic,No,79.4,55,4367.0,77.06272727272727,High Value,,0.0,Low Risk,High Value Customer
8073-IJDCM,1,20.3,20.3,Month-to-month,No,Yes,20.3,1,20.3,20.3,Low Value,,0.0,Low Risk,Low Priority
5309-TAIKL,7,62.8,418.3,Month-to-month,DSL,No,62.8,7,439.6,59.75714285714286,Low Value,,0.0,Low Risk,Low Priority
6856-RAURS,2,74.9,136.05,Month-to-month,Fiber optic,No,74.9,2,149.8,68.025,Low Value,Yes,0.8142,High Risk,Churn Risk
8778-LMWTJ,9,74.85,708.2,Month-to-month,Fiber optic,No,74.85,9,673.65,78.6888888888889,Low Value,Yes,0.58,Medium Risk,Monitor
9717-IOAAF,27,25.85,788.55,Two year,No,No,25.85,27,697.95,29.205555555555552,Low Value,,0.0,Low Risk,Low Priority
8884-ADFVN,7,101.95,700.85,Month-to-month,Fiber optic,Yes,101.95,7,713.65,100.12142857142858,Low Value,Yes,0.87,High Risk,Churn Risk
2845-KDHVX,64,68.3,4378.8,Two year,DSL,No,68.3,64,4371.2,68.41875,High Value,,0.0,Low Risk,High Value Customer
0848-SOMKO,70,48.4,3442.8,Two year,DSL,No,48.4,70,3388.0,49.182857142857145,High Value,,0.0,Low Risk,High Value Customer
2720-WGKHP,2,94.0,181.7,Month-to-month,Fiber optic,Yes,94.0,2,188.0,90.85,Low Value,,0.0,Low Risk,Low Priority
6734-FQAJX,67,105.05,7171.7,Two year,Fiber optic,No,105.05,67,7038.349999999999,107.04029850746268,Very High Value,No,0.115,Low Risk,VIP Customer
2869-ADAWR,45,89.3,4016.85,Month-to-month,Fiber optic,Yes,89.3,45,4018.5,89.26333333333334,High Value,,0.0,Low Risk,High Value Customer
1535-VTJOQ,24,25.15,553.0,Two year,No,No,25.15,24,603.5999999999999,23.041666666666668,Low Value,,0.0,Low Risk,Low Priority
6368-TZZDT,4,19.5,96.85,Two year,No,No,19.5,4,78.0,24.2125,Low Value,,0.0,Low Risk,Low Priority
0943-ZQPXH,44,92.95,4122.9,Month-to-month,Fiber optic,No,92.95,44,4089.8,93.70227272727271,High Value,,0.0,Low Risk,High Value Customer
1293-BSEUN,72,20.7,1482.3,Two year,No,No,20.7,72,1490.4,20.5875,Medium Value,,0.0,Low Risk,Low Priority
9894-EZEWG,1,74.3,74.3,Month-to-month,Fiber optic,Yes,74.3,1,74.3,74.3,Low Value,,0.0,Low Risk,Low Priority
9776-CLUJA,51,77.5,3807.35,Month-to-month,Fiber optic,Yes,77.5,51,3952.5,74.65392156862745,High Value,,0.0,Low Risk,High Value Customer
1302-TPUBN,66,19.35,1240.8,Two year,No,No,19.35,66,1277.1,18.8,Medium Value,,0.0,Low Risk,Low Priority
7851-FLGGQ,1,44.65,44.65,Month-to-month,DSL,Yes,44.65,1,44.65,44.65,Low Value,No,0.44,Medium Risk,Monitor
0637-UBJRP,13,84.05,1095.3,Month-to-month,Fiber optic,Yes,84.05,13,1092.65,84.25384615384615,Medium Value,,0.0,Low Risk,Low Priority
0940-OUQEC,10,80.7,788.8,Month-to-month,Fiber optic,Yes,80.7,10,807.0,78.88,Low Value,,0.0,Low Risk,Low Priority
2378-VTKDH,65,104.35,6578.55,Month-to-month,Fiber optic,No,104.35,65,6782.75,101.20846153846152,Very High Value,,0.0,Low Risk,VIP Customer
0927-CNGRH,1,19.55,19.55,Month-to-month,No,No,19.55,1,19.55,19.55,Low Value,,0.0,Low Risk,Low Priority
8608-OZTLB,38,74.05,2802.3,One year,DSL,No,74.05,38,2813.9,73.74473684210527,Medium Value,,0.0,Low Risk,Low Priority
2335-GSODA,23,40.1,857.75,Two year,DSL,No,40.1,23,922.3,37.29347826086956,Low Value,No,0.025,Low Risk,Low Priority
1952-DVVSW,10,20.1,184.4,One year,No,No,20.1,10,201.0,18.44,Low Value,No,0.03,Low Risk,Low Priority
0702-PGIBZ,4,101.7,364.55,Month-to-month,Fiber optic,Yes,101.7,4,406.8,91.1375,Low Value,,0.0,Low Risk,Low Priority
6656-GULJQ,72,83.55,6093.3,Two year,DSL,No,83.55,72,6015.599999999999,84.62916666666666,Very High Value,,0.0,Low Risk,VIP Customer
9853-JFZDU,35,56.85,1861.1,Month-to-month,DSL,No,56.85,35,1989.75,53.17428571428571,Medium Value,,0.0,Low Risk,Low Priority
1963-VAUKV,1,20.4,20.4,Month-to-month,No,Yes,20.4,1,20.4,20.4,Low Value,No,0.0384,Low Risk,Low Priority
3777-XROBG,58,19.55,1079.65,Two year,No,No,19.55,58,1133.9,18.614655172413794,Medium Value,,0.0,Low Risk,Low Priority
6994-FGRHH,70,106.15,7475.1,One year,Fiber optic,No,106.15,70,7430.5,106.78714285714288,Very High Value,,0.0,Low Risk,VIP Customer
4000-VGMQP,38,78.95,2862.55,One year,DSL,No,78.95,38,3000.1,75.33026315789475,High Value,,0.0,Low Risk,High Value Customer
3999-WRNGR,60,49.75,3069.45,Month-to-month,DSL,No,49.75,60,2985.0,51.1575,Medium Value,,0.0,Low Risk,Low Priority
3466-RITXD,26,92.4,2349.8,Month-to-month,Fiber optic,No,92.4,26,2402.4,90.37692307692308,Medium Value,No,0.405,Medium Risk,Monitor
2680-XKKNJ,8,58.2,469.25,One year,DSL,No,58.2,8,465.6,58.65625,Low Value,,0.0,Low Risk,Low Priority
3058-HJCUY,41,102.6,4213.35,One year,Fiber optic,Yes,102.6,41,4206.599999999999,102.76463414634148,High Value,,0.0,Low Risk,High Value Customer
2974-GGUXS,36,91.95,3301.05,Month-to-month,Fiber optic,No,91.95,36,3310.2000000000003,91.69583333333334,High Value,,0.0,Low Risk,High Value Customer
7994-XIRTR,54,65.25,3529.95,One year,DSL,No,65.25,54,3523.5,65.36944444444444,High Value,,0.0,Low Risk,High Value Customer
3259-FDWOY,71,106.0,7723.7,Two year,Fiber optic,Yes,106.0,71,7526.0,108.78450704225352,Very High Value,,0.0,Low Risk,VIP Customer
2101-RANCD,55,73.1,4144.9,Month-to-month,Fiber optic,No,73.1,55,4020.5,75.36181818181818,High Value,No,0.375,Low Risk,High Value Customer
7921-BEPCI,72,59.75,4265.0,Two year,DSL,No,59.75,72,4302.0,59.23611111111112,High Value,,0.0,Low Risk,High Value Customer
0807-ZABDG,3,55.1,154.65,Month-to-month,DSL,Yes,55.1,3,165.3,51.55,Low Value,,0.0,Low Risk,Low Priority
8510-TMWYB,54,59.8,3246.45,Two year,DSL,No,59.8,54,3229.2,60.11944444444444,High Value,,0.0,Low Risk,High Value Customer
3258-ZKPAI,72,116.6,8337.45,Two year,Fiber optic,No,116.6,72,8395.199999999999,115.79791666666668,Very High Value,,0.0,Low Risk,VIP Customer
1428-IEDPR,52,109.3,5731.4,Two year,Fiber optic,No,109.3,52,5683.599999999999,110.21923076923076,High Value,,0.0,Low Risk,High Value Customer
5298-GSTLM,60,101.4,6176.6,One year,Fiber optic,No,101.4,60,6084.0,102.94333333333334,Very High Value,,0.0,Low Risk,VIP Customer
4450-YOOHP,39,50.65,1905.4,Month-to-month,DSL,No,50.65,39,1975.35,48.85641025641026,Medium Value,,0.0,Low Risk,Low Priority
6728-CZFEI,15,56.15,931.9,One year,DSL,No,56.15,15,842.25,62.126666666666665,Low Value,,0.0,Low Risk,Low Priority
5748-RNCJT,69,106.5,7348.8,Two year,Fiber optic,Yes,106.5,69,7348.5,106.50434782608696,Very High Value,,0.0,Low Risk,VIP Customer
3653-NCRDJ,43,19.2,776.25,One year,No,No,19.2,43,825.6,18.052325581395348,Low Value,,0.0,Low Risk,Low Priority
6121-TNHBO,63,83.0,5243.05,One year,DSL,No,83.0,63,5229.0,83.22301587301588,High Value,,0.0,Low Risk,High Value Customer
5119-NZPTV,2,70.1,141.65,Month-to-month,Fiber optic,No,70.1,2,140.2,70.825,Low Value,,0.0,Low Risk,Low Priority
6519-ZHPXP,72,108.3,7679.65,Two year,Fiber optic,No,108.3,72,7797.599999999999,106.66180555555556,Very High Value,No,0.04,Low Risk,VIP Customer
7739-LAXOG,32,91.05,2954.5,Month-to-month,Fiber optic,Yes,91.05,32,2913.6,92.328125,Medium Value,,0.0,Low Risk,Low Priority
3472-QPRCH,40,25.25,1006.9,Two year,No,No,25.25,40,1010.0,25.1725,Medium Value,,0.0,Low Risk,Low Priority
8224-UAXBZ,58,45.35,2540.1,One year,DSL,No,45.35,58,2630.3,43.79482758620689,Medium Value,,0.0,Low Risk,Low Priority
9610-WCESF,67,43.9,3097.2,Two year,DSL,No,43.9,67,2941.3,46.22686567164179,Medium Value,No,0.13,Low Risk,Low Priority
3865-ZYKAD,69,84.9,5785.65,Month-to-month,Fiber optic,No,84.9,69,5858.1,83.85,High Value,No,0.19,Low Risk,High Value Customer
1422-DGUBX,32,79.25,2619.15,One year,Fiber optic,No,79.25,32,2536.0,81.8484375,Medium Value,,0.0,Low Risk,Low Priority
2999-AANRQ,21,71.05,1524.85,Two year,DSL,No,71.05,21,1492.05,72.61190476190475,Medium Value,,0.0,Low Risk,Low Priority
8668-KNZTI,52,53.75,2790.65,One year,DSL,No,53.75,52,2795.0,53.66634615384616,Medium Value,,0.0,Low Risk,Low Priority
0480-KYJVA,72,24.25,1784.5,Two year,No,No,24.25,72,1746.0,24.78472222222222,Medium Value,No,0.0,Low Risk,Low Priority
6034-ZRYCV,72,54.2,3937.45,Two year,DSL,Yes,54.2,72,3902.4,54.68680555555555,High Value,,0.0,Low Risk,High Value Customer
9746-YKGXB,52,44.25,2276.1,One year,DSL,No,44.25,52,2301.0,43.77115384615384,Medium Value,,0.0,Low Risk,Low Priority
3926-YZVVX,41,50.05,2029.05,One year,DSL,No,50.05,41,2052.05,49.4890243902439,Medium Value,No,0.055,Low Risk,Low Priority
6000-UKLWI,41,20.15,802.35,Two year,No,No,20.15,41,826.15,19.569512195121952,Low Value,,0.0,Low Risk,Low Priority
2079-FBMZK,6,69.25,418.4,Month-to-month,Fiber optic,Yes,69.25,6,415.5,69.73333333333333,Low Value,,0.0,Low Risk,Low Priority
6332-FBZRI,67,69.35,4653.25,One year,DSL,No,69.35,67,4646.45,69.45149253731343,High Value,No,0.07,Low Risk,High Value Customer
2096-XOTMO,16,19.35,275.9,Month-to-month,No,No,19.35,16,309.6,17.24375,Low Value,,0.0,Low Risk,Low Priority
3266-FTKHB,17,19.15,343.45,Two year,No,No,19.15,17,325.54999999999995,20.20294117647059,Low Value,,0.0,Low Risk,Low Priority
8221-EQDGL,35,61.0,2130.45,Month-to-month,DSL,No,61.0,35,2135.0,60.87,Medium Value,,0.0,Low Risk,Low Priority
2346-LOCWC,58,20.5,1191.4,Two year,No,No,20.5,58,1189.0,20.54137931034483,Medium Value,No,0.0,Low Risk,Low Priority
6608-QQLVK,1,50.5,50.5,Month-to-month,DSL,Yes,50.5,1,50.5,50.5,Low Value,Yes,0.675,Medium Risk,Monitor
0298-XACET,52,50.2,2554.0,Two year,DSL,No,50.2,52,2610.4,49.11538461538461,Medium Value,No,0.025,Low Risk,Low Priority
7560-QJAVJ,70,79.6,5589.45,Two year,DSL,No,79.6,70,5572.0,79.84928571428571,High Value,No,0.01,Low Risk,High Value Customer
2995-YWTCD,19,24.9,467.7,Two year,No,No,24.9,19,473.1,24.61578947368421,Low Value,,0.0,Low Risk,Low Priority
3551-HUAZH,1,74.4,74.4,Month-to-month,Fiber optic,Yes,74.4,1,74.4,74.4,Low Value,,0.0,Low Risk,Low Priority
9137-UIYPG,35,106.9,3756.45,Month-to-month,Fiber optic,No,106.9,35,3741.5,107.32714285714285,High Value,,0.0,Low Risk,High Value Customer
2809-ZMYOQ,32,101.35,3334.9,Month-to-month,Fiber optic,No,101.35,32,3243.2,104.215625,High Value,,0.0,Low Risk,High Value Customer
5084-OOVCJ,17,55.35,920.5,Month-to-month,DSL,No,55.35,17,940.95,54.14705882352941,Low Value,,0.0,Low Risk,Low Priority
0254-WWRKD,67,50.55,3431.75,One year,DSL,No,50.55,67,3386.85,51.22014925373134,High Value,,0.0,Low Risk,High Value Customer
7727-SHVZV,9,19.5,150.35,Month-to-month,No,No,19.5,9,175.5,16.705555555555556,Low Value,,0.0,Low Risk,Low Priority
6302-JGYRJ,31,79.45,2587.7,One year,DSL,Yes,79.45,31,2462.9500000000003,83.47419354838709,Medium Value,,0.0,Low Risk,Low Priority
5339-PXDVH,4,90.65,367.95,Month-to-month,Fiber optic,No,90.65,4,362.6,91.9875,Low Value,Yes,0.56,Medium Risk,Monitor
2205-LPVGL,58,89.85,5125.75,One year,Fiber optic,No,89.85,58,5211.299999999999,88.375,High Value,,0.0,Low Risk,High Value Customer
8782-NUUOL,60,79.0,4801.1,One year,DSL,No,79.0,60,4740.0,80.01833333333335,High Value,No,0.085,Low Risk,High Value Customer
3685-YLCMQ,58,104.65,6219.6,One year,Fiber optic,Yes,104.65,58,6069.700000000001,107.2344827586207,Very High Value,,0.0,Low Risk,VIP Customer
7601-WFVZV,1,19.55,19.55,Month-to-month,No,No,19.55,1,19.55,19.55,Low Value,,0.0,Low Risk,Low Priority
4609-KNNWG,27,19.9,550.1,Two year,No,No,19.9,27,537.3,20.374074074074077,Low Value,,0.0,Low Risk,Low Priority
4868-AADLV,66,116.25,7862.25,One year,Fiber optic,No,116.25,66,7672.5,119.125,Very High Value,,0.0,Low Risk,VIP Customer
9529-OFXHY,15,87.75,1242.2,Month-to-month,Fiber optic,No,87.75,15,1316.25,82.81333333333333,Medium Value,,0.0,Low Risk,Low Priority
8634-MPHTR,47,100.05,4871.05,Month-to-month,Fiber optic,Yes,100.05,47,4702.349999999999,103.63936170212766,High Value,,0.0,Low Risk,High Value Customer
2669-QVCRG,41,81.3,3190.65,Month-to-month,Fiber optic,No,81.3,41,3333.3,77.82073170731708,High Value,No,0.175,Low Risk,High Value Customer
2478-EEWWM,59,44.3,2666.75,Month-to-month,DSL,No,44.3,59,2613.7,45.19915254237288,Medium Value,No,0.375,Low Risk,Low Priority
9174-IHETN,50,70.35,3533.6,Two year,Fiber optic,No,70.35,50,3517.4999999999995,70.672,High Value,,0.0,Low Risk,High Value Customer
2233-TXSIU,17,44.45,792.15,One year,DSL,No,44.45,17,755.6500000000001,46.59705882352941,Low Value,No,0.065,Low Risk,Low Priority
9644-UMGQA,6,49.15,295.65,Month-to-month,DSL,No,49.15,6,294.9,49.275,Low Value,,0.0,Low Risk,Low Priority
3256-EZDBI,51,29.45,1459.35,Month-to-month,DSL,No,29.45,51,1501.95,28.61470588235294,Medium Value,,0.0,Low Risk,Low Priority
8761-NSOBC,44,100.55,4398.15,Month-to-month,Fiber optic,Yes,100.55,44,4424.2,99.95795454545454,High Value,,0.0,Low Risk,High Value Customer
0419-YAAPX,49,85.3,4297.95,Month-to-month,Fiber optic,No,85.3,49,4179.7,87.71326530612245,High Value,,0.0,Low Risk,High Value Customer
8413-VONUO,2,95.65,167.3,Month-to-month,Fiber optic,Yes,95.65,2,191.3,83.65,Low Value,,0.0,Low Risk,Low Priority
0872-CASZJ,59,69.1,4096.9,One year,DSL,No,69.1,59,4076.9,69.43898305084745,High Value,,0.0,Low Risk,High Value Customer
4726-DLWQN,50,70.35,3454.6,Month-to-month,DSL,No,70.35,50,3517.4999999999995,69.092,High Value,,0.0,Low Risk,High Value Customer
8164-OCKUJ,59,20.6,1286.0,Two year,No,No,20.6,59,1215.4,21.79661016949153,Medium Value,,0.0,Low Risk,Low Priority
3094-JOJAI,18,74.15,1387.0,Month-to-month,Fiber optic,No,74.15,18,1334.7,77.05555555555556,Medium Value,No,0.335,Low Risk,Low Priority
9494-MRNYX,10,75.05,786.3,Month-to-month,Fiber optic,No,75.05,10,750.5,78.63,Low Value,,0.0,Low Risk,Low Priority
2599-CZABP,14,44.6,641.25,One year,DSL,No,44.6,14,624.4,45.80357142857143,Low Value,,0.0,Low Risk,Low Priority
7945-PRBVF,35,21.45,705.45,Two year,No,No,21.45,35,750.75,20.15571428571429,Low Value,,0.0,Low Risk,Low Priority
4544-RXFMG,8,43.45,345.5,One year,DSL,No,43.45,8,347.6,43.1875,Low Value,,0.0,Low Risk,Low Priority
0859-YGKFW,18,20.05,345.9,One year,No,No,20.05,18,360.9,19.216666666666665,Low Value,,0.0,Low Risk,Low Priority
1150-FTQGN,60,94.15,5811.8,One year,Fiber optic,No,94.15,60,5649.0,96.86333333333332,High Value,,0.0,Low Risk,High Value Customer
9223-UCPVT,1,94.4,94.4,Month-to-month,Fiber optic,Yes,94.4,1,94.4,94.4,Low Value,,0.0,Low Risk,Low Priority
7196-LIWRH,6,19.55,124.45,Two year,No,No,19.55,6,117.3,20.741666666666667,Low Value,,0.0,Low Risk,Low Priority
5448-VWNAM,19,75.9,1375.6,Month-to-month,DSL,No,75.9,19,1442.1,72.39999999999999,Medium Value,,0.0,Low Risk,Low Priority
1177-XZBJL,53,64.15,3491.55,One year,DSL,No,64.15,53,3399.9500000000003,65.87830188679246,High Value,,0.0,Low Risk,High Value Customer
3518-FSTWG,72,109.55,7920.7,Two year,Fiber optic,No,109.55,72,7887.599999999999,110.00972222222222,Very High Value,,0.0,Low Risk,VIP Customer
9330-VOFSZ,60,110.8,6640.7,Two year,Fiber optic,No,110.8,60,6648.0,110.67833333333331,Very High Value,No,0.08,Low Risk,VIP Customer
4351-QLCSU,1,55.0,55.0,Month-to-month,DSL,Yes,55.0,1,55.0,55.0,Low Value,,0.0,Low Risk,Low Priority
0939-EREMR,13,53.45,718.1,Month-to-month,DSL,No,53.45,13,694.85,55.23846153846154,Low Value,,0.0,Low Risk,Low Priority
9389-ACWBI,5,69.95,320.4,Month-to-month,Fiber optic,No,69.95,5,349.75,64.08,Low Value,No,0.365,Low Risk,Low Priority
5419-JPRRN,1,101.45,101.45,Month-to-month,Fiber optic,Yes,101.45,1,101.45,101.45,Low Value,,0.0,Low Risk,Low Priority
3644-QXEHN,13,97.0,1334.45,Month-to-month,Fiber optic,No,97.0,13,1261.0,102.65,Medium Value,,0.0,Low Risk,Low Priority
2911-IJORQ,37,90.6,3358.65,One year,DSL,No,90.6,37,3352.2,90.77432432432433,High Value,,0.0,Low Risk,High Value Customer
5921-NGYRH,64,73.55,4764.0,Month-to-month,Fiber optic,No,73.55,64,4707.2,74.4375,High Value,No,0.125,Low Risk,High Value Customer
2100-BDNSN,5,67.95,350.3,Month-to-month,DSL,Yes,67.95,5,339.75,70.06,Low Value,,0.0,Low Risk,Low Priority
5998-DZLYR,61,94.35,5703.0,Two year,Fiber optic,No,94.35,61,5755.349999999999,93.49180327868852,High Value,,0.0,Low Risk,High Value Customer
0488-GSLFR,1,69.5,69.5,Month-to-month,Fiber optic,Yes,69.5,1,69.5,69.5,Low Value,,0.0,Low Risk,Low Priority
9318-NKNFC,1,18.85,18.85,Month-to-month,No,Yes,18.85,1,18.85,18.85,Low Value,,0.0,Low Risk,Low Priority
3985-HOYPM,26,19.4,525.55,One year,No,No,19.4,26,504.4,20.213461538461537,Low Value,No,0.015,Low Risk,Low Priority
9728-FTTVZ,1,69.2,69.2,Month-to-month,Fiber optic,Yes,69.2,1,69.2,69.2,Low Value,,0.0,Low Risk,Low Priority
9548-LERKT,24,19.75,483.15,Two year,No,No,19.75,24,474.0,20.13125,Low Value,No,0.005,Low Risk,Low Priority
6576-FBXOJ,17,54.6,934.8,One year,DSL,No,54.6,17,928.2,54.98823529411764,Low Value,,0.0,Low Risk,Low Priority
4310-KEDTB,26,29.8,786.5,Month-to-month,DSL,No,29.8,26,774.8000000000001,30.25,Low Value,,0.0,Low Risk,Low Priority
7254-IQWOZ,1,69.65,69.65,Month-to-month,Fiber optic,Yes,69.65,1,69.65,69.65,Low Value,,0.0,Low Risk,Low Priority
2474-BRUCM,40,101.85,4086.3,Month-to-month,Fiber optic,Yes,101.85,40,4074.0,102.1575,High Value,,0.0,Low Risk,High Value Customer
4062-HBMOS,52,103.05,5364.8,Month-to-month,Fiber optic,No,103.05,52,5358.599999999999,103.16923076923078,High Value,,0.0,Low Risk,High Value Customer
0742-NXBGR,1,82.3,82.3,Month-to-month,Fiber optic,Yes,82.3,1,82.3,82.3,Low Value,,0.0,Low Risk,Low Priority
2676-ISHSF,1,20.3,20.3,Month-to-month,No,No,20.3,1,20.3,20.3,Low Value,,0.0,Low Risk,Low Priority
9236-NDUCW,21,35.1,770.4,Two year,DSL,No,35.1,21,737.1,36.68571428571428,Low Value,,0.0,Low Risk,Low Priority
4753-PADAS,67,105.7,6816.95,One year,Fiber optic,No,105.7,67,7081.900000000001,101.7455223880597,Very High Value,No,0.175,Low Risk,VIP Customer
6103-QCKFX,44,56.25,2419.55,Month-to-month,DSL,No,56.25,44,2475.0,54.98977272727273,Medium Value,,0.0,Low Risk,Low Priority
7781-EWARA,70,60.35,4138.7,One year,DSL,No,60.35,70,4224.5,59.12428571428571,High Value,,0.0,Low Risk,High Value Customer
6110-OHIHY,3,79.25,267.6,Month-to-month,Fiber optic,Yes,79.25,3,237.75,89.2,Low Value,,0.0,Low Risk,Low Priority
7018-FPXHH,56,59.8,3457.45,Two year,DSL,No,59.8,56,3348.8,61.740178571428565,High Value,,0.0,Low Risk,High Value Customer
5889-LFOLL,13,84.6,1115.2,Month-to-month,Fiber optic,Yes,84.6,13,1099.8,85.78461538461539,Medium Value,,0.0,Low Risk,Low Priority
5708-EVONK,58,93.4,5435.6,Month-to-month,Fiber optic,Yes,93.4,58,5417.200000000001,93.71724137931037,High Value,,0.0,Low Risk,High Value Customer
8708-XPXHZ,42,94.2,4186.3,Month-to-month,Fiber optic,Yes,94.2,42,3956.4,99.67380952380952,High Value,,0.0,Low Risk,High Value Customer
0616-ATFGB,1,25.05,25.05,Month-to-month,DSL,Yes,25.05,1,25.05,25.05,Low Value,Yes,0.72,High Risk,Churn Risk
0572-ZJKLT,46,99.65,4630.2,Two year,Fiber optic,No,99.65,46,4583.900000000001,100.65652173913044,High Value,,0.0,Low Risk,High Value Customer
5135-RDDQL,63,50.65,3221.25,Two year,DSL,No,50.65,63,3190.95,51.13095238095238,High Value,,0.0,Low Risk,High Value Customer
1353-LJWEM,11,60.9,688.5,Month-to-month,DSL,No,60.9,11,669.9,62.59090909090909,Low Value,,0.0,Low Risk,Low Priority
1794-SWWKL,15,59.65,867.1,Month-to-month,DSL,No,59.65,15,894.75,57.806666666666665,Low Value,,0.0,Low Risk,Low Priority
6166-YIPFO,72,64.7,4746.05,Two year,DSL,No,64.7,72,4658.400000000001,65.91736111111112,High Value,,0.0,Low Risk,High Value Customer
7016-BPGEU,29,25.1,712.85,Month-to-month,DSL,Yes,25.1,29,727.9000000000001,24.58103448275862,Low Value,,0.0,Low Risk,Low Priority
6876-ADESB,1,48.95,48.95,Month-to-month,DSL,Yes,48.95,1,48.95,48.95,Low Value,,0.0,Low Risk,Low Priority
9332-GYWLO,6,54.85,355.1,Month-to-month,DSL,No,54.85,6,329.1,59.18333333333334,Low Value,,0.0,Low Risk,Low Priority
1963-SVUCV,1,45.3,45.3,Month-to-month,DSL,Yes,45.3,1,45.3,45.3,Low Value,,0.0,Low Risk,Low Priority
4184-VODJZ,63,91.35,5764.7,One year,Fiber optic,No,91.35,63,5755.049999999999,91.5031746031746,High Value,No,0.155,Low Risk,High Value Customer
0220-EBGCE,2,85.85,167.3,Month-to-month,Fiber optic,Yes,85.85,2,171.7,83.65,Low Value,,0.0,Low Risk,Low Priority
1092-WPIVQ,18,25.1,428.45,Two year,No,No,25.1,18,451.8,23.802777777777777,Low Value,,0.0,Low Risk,Low Priority
7233-IOQNP,43,34.0,1505.35,Month-to-month,DSL,No,34.0,43,1462.0,35.00813953488372,Medium Value,No,0.16,Low Risk,Low Priority
2834-JKOOW,15,45.9,693.45,One year,DSL,No,45.9,15,688.5,46.23,Low Value,No,0.08,Low Risk,Low Priority
2754-VDLTR,10,95.2,930.4,Month-to-month,Fiber optic,Yes,95.2,10,952.0,93.04,Low Value,,0.0,Low Risk,Low Priority
2400-FEQME,55,20.5,1177.95,Two year,No,No,20.5,55,1127.5,21.417272727272728,Medium Value,,0.0,Low Risk,Low Priority
3190-XFANI,49,100.6,5069.65,One year,Fiber optic,Yes,100.6,49,4929.4,103.46224489795918,High Value,,0.0,Low Risk,High Value Customer
7551-DACSP,6,55.3,324.25,Month-to-month,DSL,Yes,55.3,6,331.79999999999995,54.04166666666666,Low Value,,0.0,Low Risk,Low Priority
4957-SREEC,70,20.35,1458.1,Two year,No,No,20.35,70,1424.5,20.83,Medium Value,,0.0,Low Risk,Low Priority
7235-NXZCP,2,74.85,156.4,Month-to-month,Fiber optic,Yes,74.85,2,149.7,78.2,Low Value,Yes,0.625,Medium Risk,Monitor
0230-UBYPQ,63,36.1,2298.9,One year,DSL,No,36.1,63,2274.3,36.490476190476194,Medium Value,No,0.095,Low Risk,Low Priority
4923-ADWXJ,25,65.8,1679.65,Month-to-month,DSL,No,65.8,25,1645.0,67.186,Medium Value,,0.0,Low Risk,Low Priority
1763-KUAAW,18,20.35,369.6,One year,No,No,20.35,18,366.3,20.53333333333333,Low Value,,0.0,Low Risk,Low Priority
1104-TNLZA,28,105.8,2998.0,Month-to-month,Fiber optic,No,105.8,28,2962.4,107.07142857142856,Medium Value,,0.0,Low Risk,Low Priority
5195-KPUNQ,53,96.75,5206.55,One year,Fiber optic,No,96.75,53,5127.75,98.2367924528302,High Value,,0.0,Low Risk,High Value Customer
0520-FDVVT,35,102.35,3626.1,One year,Fiber optic,Yes,102.35,35,3582.25,103.60285714285716,High Value,,0.0,Low Risk,High Value Customer
3439-GVUSX,1,24.4,24.4,Month-to-month,DSL,No,24.4,1,24.4,24.4,Low Value,,0.0,Low Risk,Low Priority
1444-VVSGW,70,115.65,7968.85,One year,Fiber optic,Yes,115.65,70,8095.5,113.84071428571428,Very High Value,No,0.145,Low Risk,VIP Customer
5712-PTIWW,2,79.85,152.45,Month-to-month,Fiber optic,Yes,79.85,2,159.7,76.225,Low Value,,0.0,Low Risk,Low Priority
5949-HGVJL,26,73.05,1959.5,Month-to-month,DSL,No,73.05,26,1899.3,75.36538461538461,Medium Value,No,0.14,Low Risk,Low Priority
5203-XEHAX,34,64.35,2053.05,One year,DSL,No,64.35,34,2187.9,60.38382352941177,Medium Value,,0.0,Low Risk,Low Priority
1635-HDGFT,19,20.5,398.55,Two year,No,No,20.5,19,389.5,20.976315789473684,Low Value,,0.0,Low Risk,Low Priority
3315-TOTBP,15,76.0,1130.85,Month-to-month,Fiber optic,Yes,76.0,15,1140.0,75.39,Medium Value,,0.0,Low Risk,Low Priority
8050-XGRVL,62,54.75,3425.35,One year,DSL,No,54.75,62,3394.5,55.247580645161285,High Value,,0.0,Low Risk,High Value Customer
6661-HBGWL,42,104.75,4323.45,Month-to-month,Fiber optic,Yes,104.75,42,4399.5,102.93928571428572,High Value,No,0.48,Medium Risk,High Value Customer
1518-VOWAV,9,74.65,703.55,Month-to-month,DSL,Yes,74.65,9,671.85,78.17222222222222,Low Value,,0.0,Low Risk,Low Priority
9828-QHFBK,24,51.15,1275.7,Month-to-month,DSL,No,51.15,24,1227.6,53.15416666666667,Medium Value,,0.0,Low Risk,Low Priority
3908-MKIMJ,68,41.95,2965.75,Two year,DSL,No,41.95,68,2852.6000000000004,43.6139705882353,Medium Value,,0.0,Low Risk,Low Priority
5012-YSPJJ,31,54.35,1647.0,Month-to-month,DSL,No,54.35,31,1684.85,53.12903225806452,Medium Value,,0.0,Low Risk,Low Priority
5909-ECHUI,1,56.25,56.25,Month-to-month,DSL,Yes,56.25,1,56.25,56.25,Low Value,,0.0,Low Risk,Low Priority
1309-BXVOQ,21,106.1,2249.95,Month-to-month,Fiber optic,Yes,106.1,21,2228.1,107.14047619047618,Medium Value,,0.0,Low Risk,Low Priority
6728-VOIFY,63,96.0,6109.75,One year,Fiber optic,No,96.0,63,6048.0,96.98015873015872,Very High Value,,0.0,Low Risk,VIP Customer
9317-WZPGV,2,79.75,159.4,Month-to-month,Fiber optic,Yes,79.75,2,159.5,79.7,Low Value,,0.0,Low Risk,Low Priority
4891-NLUBA,61,61.45,3751.15,Two year,DSL,No,61.45,61,3748.45,61.49426229508197,High Value,,0.0,Low Risk,High Value Customer
2856-HYAPG,1,68.65,68.65,Month-to-month,Fiber optic,Yes,68.65,1,68.65,68.65,Low Value,,0.0,Low Risk,Low Priority
8969-PRHFK,18,19.65,411.25,One year,No,No,19.65,18,353.7,22.84722222222222,Low Value,,0.0,Low Risk,Low Priority
0661-KQHNK,6,19.0,105.5,One year,No,No,19.0,6,114.0,17.583333333333332,Low Value,,0.0,Low Risk,Low Priority
8709-KRDVL,33,100.0,3320.6,Month-to-month,Fiber optic,No,100.0,33,3300.0,100.62424242424242,High Value,Yes,0.635,Medium Risk,High Value Customer
4488-PSYCG,16,20.25,327.45,Month-to-month,No,Yes,20.25,16,324.0,20.465625,Low Value,,0.0,Low Risk,Low Priority
1427-VERSM,56,98.7,5669.5,Month-to-month,Fiber optic,No,98.7,56,5527.2,101.24107142857144,High Value,,0.0,Low Risk,High Value Customer
9801-NOSHQ,23,19.8,465.45,One year,No,No,19.8,23,455.4,20.23695652173913,Low Value,,0.0,Low Risk,Low Priority
6339-YPSAH,9,73.8,704.3,Month-to-month,Fiber optic,No,73.8,9,664.1999999999999,78.25555555555555,Low Value,,0.0,Low Risk,Low Priority
3621-CEOVK,14,100.2,1369.8,Month-to-month,Fiber optic,Yes,100.2,14,1402.8,97.84285714285714,Medium Value,,0.0,Low Risk,Low Priority
6906-ANDWJ,15,74.9,1107.25,Month-to-month,Fiber optic,Yes,74.9,15,1123.5,73.81666666666666,Medium Value,,0.0,Low Risk,Low Priority
2159-TURXX,5,20.05,95.55,Month-to-month,No,No,20.05,5,100.25,19.11,Low Value,No,0.105,Low Risk,Low Priority
1548-FEHVL,61,106.2,6375.2,Month-to-month,Fiber optic,No,106.2,61,6478.2,104.51147540983608,Very High Value,,0.0,Low Risk,VIP Customer
3795-CAWEX,70,116.55,8152.3,Two year,Fiber optic,No,116.55,70,8158.5,116.46142857142856,Very High Value,,0.0,Low Risk,VIP Customer
6215-NQCPY,15,99.7,1566.75,Month-to-month,Fiber optic,No,99.7,15,1495.5,104.45,Medium Value,,0.0,Low Risk,Low Priority
5647-URDKA,8,19.7,130.25,Two year,No,No,19.7,8,157.6,16.28125,Low Value,,0.0,Low Risk,Low Priority
2229-DPMBI,8,19.5,162.15,Two year,No,No,19.5,8,156.0,20.26875,Low Value,,0.0,Low Risk,Low Priority
9626-WEQRM,4,29.15,110.05,Month-to-month,DSL,No,29.15,4,116.6,27.5125,Low Value,,0.0,Low Risk,Low Priority
2188-SXWVT,34,55.0,1885.15,One year,DSL,No,55.0,34,1870.0,55.44558823529412,Medium Value,No,0.005,Low Risk,Low Priority
6258-PVZWJ,68,90.8,6302.85,Two year,DSL,No,90.8,68,6174.4,92.68897058823528,Very High Value,,0.0,Low Risk,VIP Customer
1094-BKOSX,45,51.0,2264.5,One year,DSL,No,51.0,45,2295.0,50.32222222222222,Medium Value,,0.0,Low Risk,Low Priority
6969-MVBAI,9,90.1,816.8,Month-to-month,Fiber optic,No,90.1,9,810.9,90.75555555555556,Low Value,Yes,0.755,High Risk,Churn Risk
2978-XXSOG,22,59.05,1253.5,Month-to-month,DSL,No,59.05,22,1299.1,56.97727272727273,Medium Value,,0.0,Low Risk,Low Priority
2342-CKIAO,2,20.3,41.2,Month-to-month,No,No,20.3,2,40.6,20.6,Low Value,,0.0,Low Risk,Low Priority
6953-PBDIN,70,72.95,5265.55,Two year,DSL,No,72.95,70,5106.5,75.22214285714286,High Value,No,0.005,Low Risk,High Value Customer
3898-BSJYF,10,73.55,693.3,One year,DSL,No,73.55,10,735.5,69.33,Low Value,,0.0,Low Risk,Low Priority
3938-YFPXD,72,84.3,5997.1,Two year,DSL,No,84.3,72,6069.599999999999,83.29305555555555,Very High Value,,0.0,Low Risk,VIP Customer
7696-AMHOD,49,78.0,3824.2,One year,DSL,No,78.0,49,3822.0,78.04489795918367,High Value,,0.0,Low Risk,High Value Customer
2453-SAFNS,54,72.1,3886.05,One year,DSL,No,72.1,54,3893.4,71.96388888888889,High Value,,0.0,Low Risk,High Value Customer
9558-IHEZX,71,106.75,7283.25,Two year,Fiber optic,No,106.75,71,7579.25,102.58098591549296,Very High Value,,0.0,Low Risk,VIP Customer
9617-UDPEU,22,19.25,412.55,One year,No,No,19.25,22,423.5,18.75227272727273,Low Value,,0.0,Low Risk,Low Priority
6340-DACFT,50,20.55,1070.25,Two year,No,No,20.55,50,1027.5,21.405,Medium Value,No,0.0,Low Risk,Low Priority
4955-VCWBI,43,20.0,817.95,One year,No,No,20.0,43,860.0,19.022093023255817,Low Value,No,0.005,Low Risk,Low Priority
6813-GZQCG,45,24.65,1171.3,Two year,No,No,24.65,45,1109.25,26.028888888888886,Medium Value,,0.0,Low Risk,Low Priority
7426-GSWPO,64,103.5,6548.65,Month-to-month,Fiber optic,No,103.5,64,6624.0,102.32265625,Very High Value,,0.0,Low Risk,VIP Customer
3389-KTRXV,23,23.85,625.65,Two year,No,No,23.85,23,548.5500000000001,27.20217391304348,Low Value,,0.0,Low Risk,Low Priority
3118-UHVVQ,68,25.8,1911.5,Two year,No,No,25.8,68,1754.4,28.110294117647054,Medium Value,,0.0,Low Risk,Low Priority
1031-IIDEO,1,70.85,70.85,Month-to-month,Fiber optic,Yes,70.85,1,70.85,70.85,Low Value,,0.0,Low Risk,Low Priority
5832-XKAES,2,69.8,134.7,Month-to-month,Fiber optic,Yes,69.8,2,139.6,67.35,Low Value,,0.0,Low Risk,Low Priority
3205-MXZRA,26,59.45,1507.0,One year,DSL,No,59.45,26,1545.7,57.96153846153846,Medium Value,,0.0,Low Risk,Low Priority
4701-AHWMW,55,54.55,2978.3,Month-to-month,DSL,Yes,54.55,55,3000.25,54.150909090909096,High Value,No,0.095,Low Risk,High Value Customer
8317-BVKSO,14,20.05,299.3,Month-to-month,No,No,20.05,14,280.7,21.37857142857143,Low Value,,0.0,Low Risk,Low Priority
5702-KVQRD,71,82.55,5832.65,Two year,DSL,No,82.55,71,5861.05,82.14999999999999,High Value,No,0.035,Low Risk,High Value Customer
0083-PIVIK,64,81.25,5567.55,One year,DSL,No,81.25,64,5200.0,86.99296875,High Value,,0.0,Low Risk,High Value Customer
9210-IAHGH,7,70.75,450.8,Month-to-month,DSL,Yes,70.75,7,495.25,64.4,Low Value,,0.0,Low Risk,Low Priority
6169-PGNCD,57,74.3,4166.35,Two year,DSL,No,74.3,57,4235.099999999999,73.09385964912282,High Value,,0.0,Low Risk,High Value Customer
0023-XUOPT,13,94.1,1215.6,Month-to-month,Fiber optic,Yes,94.1,13,1223.3,93.5076923076923,Medium Value,Yes,0.54,Medium Risk,Monitor
4592-IWTJI,3,29.7,91.7,Month-to-month,DSL,Yes,29.7,3,89.1,30.566666666666663,Low Value,,0.0,Low Risk,Low Priority
4909-JOUPP,72,109.7,7898.45,Two year,Fiber optic,No,109.7,72,7898.400000000001,109.70069444444444,Very High Value,,0.0,Low Risk,VIP Customer
4657-FWVFY,40,96.35,3915.4,Month-to-month,Fiber optic,No,96.35,40,3854.0,97.885,High Value,,0.0,Low Risk,High Value Customer
2257-BOVXD,14,66.6,979.5,Month-to-month,DSL,No,66.6,14,932.4,69.96428571428571,Low Value,No,0.19,Low Risk,Low Priority
7729-JTEEC,2,44.5,90.05,Month-to-month,DSL,No,44.5,2,89.0,45.025,Low Value,,0.0,Low Risk,Low Priority
7632-MNYOY,66,110.9,7432.05,One year,Fiber optic,Yes,110.9,66,7319.400000000001,112.60681818181818,Very High Value,,0.0,Low Risk,VIP Customer
6518-LGAOV,38,105.0,4026.4,Month-to-month,Fiber optic,Yes,105.0,38,3990.0,105.9578947368421,High Value,,0.0,Low Risk,High Value Customer
7242-QZLXF,1,25.3,25.3,Month-to-month,DSL,Yes,25.3,1,25.3,25.3,Low Value,,0.0,Low Risk,Low Priority
4576-CSAJH,22,55.15,1193.05,One year,DSL,Yes,55.15,22,1213.3,54.22954545454545,Medium Value,,0.0,Low Risk,Low Priority
1000-AJSLD,1,20.1,20.1,Month-to-month,No,Yes,20.1,1,20.1,20.1,Low Value,,0.0,Low Risk,Low Priority
9696-RMYBA,5,80.1,398.55,Month-to-month,Fiber optic,No,80.1,5,400.5,79.71000000000001,Low Value,,0.0,Low Risk,Low Priority
8690-UPCZI,29,69.05,1958.45,One year,DSL,No,69.05,29,2002.45,67.53275862068966,Medium Value,No,0.05,Low Risk,Low Priority
1062-LHZOD,1,69.9,69.9,Month-to-month,Fiber optic,Yes,69.9,1,69.9,69.9,Low Value,,0.0,Low Risk,Low Priority
9770-LXDBK,3,20.4,63.15,Month-to-month,No,No,20.4,3,61.2,21.05,Low Value,,0.0,Low Risk,Low Priority
4086-WITJG,71,19.7,1301.1,Two year,No,No,19.7,71,1398.7,18.32535211267605,Medium Value,No,0.0,Low Risk,Low Priority
8344-WFMFH,9,50.1,484.05,Month-to-month,DSL,No,50.1,9,450.9,53.78333333333333,Low Value,,0.0,Low Risk,Low Priority
9600-NAXZN,43,101.4,4528.0,Month-to-month,Fiber optic,Yes,101.4,43,4360.2,105.30232558139537,High Value,,0.0,Low Risk,High Value Customer
8822-KNBHV,48,83.45,3887.85,One year,DSL,No,83.45,48,4005.6,80.996875,High Value,,0.0,Low Risk,High Value Customer
8404-FYDIB,26,86.65,2208.75,Month-to-month,Fiber optic,No,86.65,26,2252.9,84.95192307692308,Medium Value,,0.0,Low Risk,Low Priority
2791-SFVEW,9,20.15,238.15,Month-to-month,No,No,20.15,9,181.35,26.461111111111112,Low Value,,0.0,Low Risk,Low Priority
6457-USBER,1,80.8,80.8,Month-to-month,Fiber optic,Yes,80.8,1,80.8,80.8,Low Value,,0.0,Low Risk,Low Priority
6762-NSODU,46,19.4,958.15,Two year,No,No,19.4,46,892.4,20.82934782608696,Low Value,,0.0,Low Risk,Low Priority
4662-EKDPQ,2,62.05,118.3,Month-to-month,DSL,Yes,62.05,2,124.1,59.15,Low Value,,0.0,Low Risk,Low Priority
9248-OJYKK,1,76.45,76.45,Month-to-month,Fiber optic,Yes,76.45,1,76.45,76.45,Low Value,Yes,0.925,High Risk,Churn Risk
9888-ZCUMM,64,60.05,3845.45,Two year,DSL,No,60.05,64,3843.2,60.08515625,High Value,,0.0,Low Risk,High Value Customer
3398-FSHON,12,91.3,1094.5,Month-to-month,Fiber optic,Yes,91.3,12,1095.6,91.20833333333331,Medium Value,,0.0,Low Risk,Low Priority
3319-DWOEP,6,95.75,573.75,Month-to-month,Fiber optic,Yes,95.75,6,574.5,95.625,Low Value,,0.0,Low Risk,Low Priority
1074-WVEVG,59,20.35,1267.0,One year,No,No,20.35,59,1200.65,21.47457627118644,Medium Value,,0.0,Low Risk,Low Priority
9979-RGMZT,7,94.05,633.45,One year,Fiber optic,No,94.05,7,658.35,90.49285714285716,Low Value,No,0.4,Medium Risk,Monitor
6437-UDQJM,72,84.1,6129.65,Two year,DSL,No,84.1,72,6055.2,85.13402777777777,Very High Value,,0.0,Low Risk,VIP Customer
1226-IENZN,16,78.75,1218.25,Month-to-month,Fiber optic,No,78.75,16,1260.0,76.140625,Medium Value,,0.0,Low Risk,Low Priority
2108-GLPQB,25,55.55,1405.3,Month-to-month,DSL,No,55.55,25,1388.75,56.212,Medium Value,,0.0,Low Risk,Low Priority
9259-PACGQ,34,62.65,2274.9,Month-to-month,DSL,Yes,62.65,34,2130.1,66.90882352941176,Medium Value,,0.0,Low Risk,Low Priority
4415-IJZTP,1,74.5,74.5,Month-to-month,Fiber optic,Yes,74.5,1,74.5,74.5,Low Value,Yes,0.885,High Risk,Churn Risk
1465-VINDH,10,102.1,1068.85,Month-to-month,Fiber optic,Yes,102.1,10,1021.0,106.885,Medium Value,,0.0,Low Risk,Low Priority
5474-LAMUQ,24,20.1,533.9,One year,No,No,20.1,24,482.4,22.245833333333334,Low Value,,0.0,Low Risk,Low Priority
3468-DRVQJ,10,70.3,676.15,One year,DSL,No,70.3,10,703.0,67.615,Low Value,,0.0,Low Risk,Low Priority
1122-YJBCS,69,53.65,3804.4,One year,DSL,No,53.65,69,3701.85,55.13623188405797,High Value,No,0.085,Low Risk,High Value Customer
4990-ALDGW,57,20.75,1118.8,Two year,No,No,20.75,57,1182.75,19.628070175438594,Medium Value,,0.0,Low Risk,Low Priority
4816-OKWNX,50,103.4,5236.4,One year,Fiber optic,No,103.4,50,5170.0,104.728,High Value,,0.0,Low Risk,High Value Customer
3315-IKYZQ,28,50.8,1386.8,One year,DSL,No,50.8,28,1422.4,49.52857142857143,Medium Value,,0.0,Low Risk,Low Priority
2810-FTLEM,16,50.15,762.25,Month-to-month,DSL,Yes,50.15,16,802.4,47.640625,Low Value,,0.0,Low Risk,Low Priority
4747-LCAQL,25,79.0,1902.0,Month-to-month,DSL,No,79.0,25,1975.0,76.08,Medium Value,,0.0,Low Risk,Low Priority
3411-WLRSQ,3,74.6,239.05,Month-to-month,Fiber optic,No,74.6,3,223.8,79.68333333333334,Low Value,,0.0,Low Risk,Low Priority
0898-XCGTF,61,96.5,5673.7,One year,Fiber optic,No,96.5,61,5886.5,93.01147540983608,High Value,,0.0,Low Risk,High Value Customer
8006-PYCSW,2,20.1,39.8,Month-to-month,No,No,20.1,2,40.2,19.9,Low Value,,0.0,Low Risk,Low Priority
8249-THVEC,51,19.4,997.75,One year,No,No,19.4,51,989.4,19.56372549019608,Low Value,,0.0,Low Risk,Low Priority
8722-PRFDV,71,77.55,5574.35,Two year,DSL,No,77.55,71,5506.05,78.51197183098591,High Value,,0.0,Low Risk,High Value Customer
2164-SOQXL,20,20.05,406.05,Month-to-month,No,No,20.05,20,401.0,20.3025,Low Value,,0.0,Low Risk,Low Priority
4020-KIUDI,6,19.85,138.85,Month-to-month,No,No,19.85,6,119.1,23.141666666666666,Low Value,,0.0,Low Risk,Low Priority
5850-BDWCY,6,20.2,123.65,Month-to-month,No,No,20.2,6,121.2,20.60833333333333,Low Value,No,0.0575,Low Risk,Low Priority
2038-YSEZE,29,67.45,1801.1,Month-to-month,DSL,No,67.45,29,1956.05,62.10689655172413,Medium Value,,0.0,Low Risk,Low Priority
0827-ITJPH,36,18.55,689.0,Two year,No,No,18.55,36,667.8000000000001,19.13888888888889,Low Value,,0.0,Low Risk,Low Priority
8799-OXZMD,28,29.75,790.7,Month-to-month,DSL,No,29.75,28,833.0,28.23928571428572,Low Value,,0.0,Low Risk,Low Priority
1925-TIBLE,7,86.5,582.5,Month-to-month,Fiber optic,Yes,86.5,7,605.5,83.21428571428571,Low Value,,0.0,Low Risk,Low Priority
1705-GUHPV,63,24.2,1618.2,Two year,No,No,24.2,63,1524.6,25.685714285714287,Medium Value,No,0.005,Low Risk,Low Priority
4779-ZGICK,48,23.55,1173.35,Two year,No,No,23.55,48,1130.4,24.444791666666664,Medium Value,No,0.005,Low Risk,Low Priority
0048-PIHNL,49,20.45,900.9,One year,No,No,20.45,49,1002.05,18.38571428571429,Medium Value,No,0.03,Low Risk,Low Priority
0818-OCPZO,27,81.45,2122.05,Month-to-month,Fiber optic,Yes,81.45,27,2199.15,78.59444444444445,Medium Value,,0.0,Low Risk,Low Priority
3967-KXAPS,72,92.3,6719.9,Two year,DSL,No,92.3,72,6645.599999999999,93.33194444444445,Very High Value,No,0.005,Low Risk,VIP Customer
1447-GIQMR,1,69.15,69.15,Month-to-month,Fiber optic,Yes,69.15,1,69.15,69.15,Low Value,,0.0,Low Risk,Low Priority
3704-IEAXF,72,53.65,3784.0,Two year,DSL,No,53.65,72,3862.8,52.55555555555556,High Value,,0.0,Low Risk,High Value Customer
6810-VCAEX,47,39.65,1798.65,One year,DSL,No,39.65,47,1863.55,38.26914893617022,Medium Value,,0.0,Low Risk,Low Priority
0674-EYYZV,1,54.65,54.65,Month-to-month,DSL,No,54.65,1,54.65,54.65,Low Value,,0.0,Low Risk,Low Priority
4480-MBMLB,36,104.8,3886.45,One year,Fiber optic,No,104.8,36,3772.8,107.95694444444445,High Value,,0.0,Low Risk,High Value Customer
1395-OFUWC,43,29.3,1224.05,Month-to-month,DSL,No,29.3,43,1259.9,28.46627906976744,Medium Value,No,0.16,Low Risk,Low Priority
0822-QGCXA,27,83.85,2310.2,Month-to-month,DSL,No,83.85,27,2263.95,85.56296296296296,Medium Value,,0.0,Low Risk,Low Priority
0872-NXJYS,9,79.55,723.4,Month-to-month,Fiber optic,Yes,79.55,9,715.9499999999999,80.37777777777778,Low Value,,0.0,Low Risk,Low Priority
2832-KJCRD,38,103.65,3988.5,Month-to-month,Fiber optic,No,103.65,38,3938.7,104.96052631578948,High Value,,0.0,Low Risk,High Value Customer
3588-WSTTJ,35,99.05,3554.6,Month-to-month,Fiber optic,No,99.05,35,3466.75,101.56,High Value,,0.0,Low Risk,High Value Customer
4075-WKNIU,0,73.35,0.0,Two year,DSL,No,73.35,1,73.35,0.0,Low Value,,0.0,Low Risk,Low Priority
5090-EMGTC,59,100.05,6034.85,Two year,Fiber optic,No,100.05,59,5902.95,102.285593220339,High Value,,0.0,Low Risk,High Value Customer
2346-CZYIL,27,20.35,531.6,Two year,No,No,20.35,27,549.45,19.68888888888889,Low Value,,0.0,Low Risk,Low Priority
3798-EPWRR,2,43.95,85.1,Month-to-month,DSL,No,43.95,2,87.9,42.55,Low Value,,0.0,Low Risk,Low Priority
6258-NGCNG,7,23.5,173.0,Month-to-month,No,No,23.5,7,164.5,24.714285714285715,Low Value,No,0.11,Low Risk,Low Priority
4186-ZBUEW,36,70.7,2511.95,One year,DSL,No,70.7,36,2545.2000000000003,69.77638888888889,Medium Value,,0.0,Low Risk,Low Priority
5274-XHAKY,41,94.3,3893.6,Month-to-month,Fiber optic,No,94.3,41,3866.3,94.9658536585366,High Value,,0.0,Low Risk,High Value Customer
1442-BQPVU,13,29.15,357.15,Month-to-month,DSL,No,29.15,13,378.95,27.47307692307692,Low Value,,0.0,Low Risk,Low Priority
3978-YNKDD,19,20.85,467.5,Two year,No,No,20.85,19,396.15,24.605263157894736,Low Value,No,0.035,Low Risk,Low Priority
4940-KHCWD,60,37.7,2288.7,Two year,DSL,No,37.7,60,2262.0,38.145,Medium Value,No,0.05,Low Risk,Low Priority
9412-ARGBX,48,95.5,4627.85,Two year,Fiber optic,Yes,95.5,48,4584.0,96.41354166666667,High Value,No,0.085,Low Risk,High Value Customer
1389-CXMLU,3,91.05,289.1,Month-to-month,Fiber optic,Yes,91.05,3,273.15,96.36666666666667,Low Value,,0.0,Low Risk,Low Priority
9589-ABEPT,69,92.45,6460.55,Two year,Fiber optic,No,92.45,69,6379.05,93.63115942028986,Very High Value,,0.0,Low Risk,VIP Customer
9388-ZEYVT,43,44.15,1931.3,One year,DSL,No,44.15,43,1898.45,44.913953488372094,Medium Value,,0.0,Low Risk,Low Priority
0305-SQECB,11,36.05,402.6,One year,DSL,No,36.05,11,396.55,36.6,Low Value,,0.0,Low Risk,Low Priority
7605-SNLQG,45,50.25,2221.55,Month-to-month,DSL,No,50.25,45,2261.25,49.36777777777778,Medium Value,,0.0,Low Risk,Low Priority
4670-TABXH,72,109.75,7758.9,Two year,Fiber optic,No,109.75,72,7902.0,107.7625,Very High Value,,0.0,Low Risk,VIP Customer
5561-NWEVX,2,79.2,172.85,Month-to-month,Fiber optic,Yes,79.2,2,158.4,86.425,Low Value,,0.0,Low Risk,Low Priority
0064-SUDOG,12,20.3,224.5,Two year,No,No,20.3,12,243.6,18.70833333333333,Low Value,,0.0,Low Risk,Low Priority
8561-NMTBD,67,112.35,7388.45,One year,Fiber optic,No,112.35,67,7527.45,110.27537313432836,Very High Value,,0.0,Low Risk,VIP Customer
5161-XEUVX,37,94.3,3460.95,Two year,Fiber optic,No,94.3,37,3489.1,93.5391891891892,High Value,No,0.11,Low Risk,High Value Customer
8292-FRFZQ,39,41.15,1700.9,One year,DSL,No,41.15,39,1604.85,43.61282051282051,Medium Value,,0.0,Low Risk,Low Priority
8591-NXRCV,41,74.65,3090.65,Month-to-month,DSL,No,74.65,41,3060.65,75.38170731707318,High Value,,0.0,Low Risk,High Value Customer
7895-VONWT,25,48.25,1293.8,Month-to-month,DSL,No,48.25,25,1206.25,51.752,Medium Value,,0.0,Low Risk,Low Priority
4526-RMTLL,8,76.15,645.8,Two year,DSL,No,76.15,8,609.2,80.725,Low Value,,0.0,Low Risk,Low Priority
6253-GNHWH,71,71.1,5224.95,Two year,DSL,No,71.1,71,5048.099999999999,73.59084507042253,High Value,,0.0,Low Risk,High Value Customer
4566-NECEV,5,96.55,500.1,Month-to-month,Fiber optic,No,96.55,5,482.75,100.02,Low Value,,0.0,Low Risk,Low Priority
8080-POTJR,30,79.3,2427.1,One year,DSL,No,79.3,30,2379.0,80.90333333333334,Medium Value,,0.0,Low Risk,Low Priority
6906-MPARY,40,89.6,3488.15,One year,Fiber optic,No,89.6,40,3584.0,87.20375,High Value,,0.0,Low Risk,High Value Customer
3662-FXJFO,54,20.5,1035.7,Two year,No,No,20.5,54,1107.0,19.17962962962963,Medium Value,,0.0,Low Risk,Low Priority
8107-RZLNV,72,106.3,7565.35,Two year,Fiber optic,No,106.3,72,7653.599999999999,105.07430555555555,Very High Value,,0.0,Low Risk,VIP Customer
0516-OOHAR,28,100.35,2799.0,One year,Fiber optic,No,100.35,28,2809.8,99.96428571428572,Medium Value,No,0.24,Low Risk,Low Priority
2027-CWDNU,18,85.6,1601.5,Month-to-month,Fiber optic,No,85.6,18,1540.8,88.97222222222223,Medium Value,,0.0,Low Risk,Low Priority
2737-WFVYW,2,45.25,85.5,Month-to-month,DSL,Yes,45.25,2,90.5,42.75,Low Value,,0.0,Low Risk,Low Priority
9912-OMZDS,59,106.15,6256.2,One year,Fiber optic,No,106.15,59,6262.85,106.03728813559322,Very High Value,,0.0,Low Risk,VIP Customer
3733-ZEECP,22,51.1,1232.9,Month-to-month,DSL,No,51.1,22,1124.2,56.040909090909096,Medium Value,,0.0,Low Risk,Low Priority
7878-RTCZG,1,19.9,19.9,Month-to-month,No,No,19.9,1,19.9,19.9,Low Value,,0.0,Low Risk,Low Priority
2452-MRMZF,72,25.7,1937.4,Two year,No,No,25.7,72,1850.4,26.90833333333333,Medium Value,,0.0,Low Risk,Low Priority
2272-QAGFO,14,74.3,1096.25,Month-to-month,Fiber optic,Yes,74.3,14,1040.2,78.30357142857143,Medium Value,,0.0,Low Risk,Low Priority
7103-IPXPJ,50,99.4,5059.75,One year,Fiber optic,No,99.4,50,4970.0,101.195,High Value,,0.0,Low Risk,High Value Customer
4342-HFXWS,48,69.7,3023.65,One year,DSL,No,69.7,48,3345.6000000000004,62.99270833333333,High Value,,0.0,Low Risk,High Value Customer
3545-CNWRG,49,98.35,4889.2,Month-to-month,Fiber optic,No,98.35,49,4819.15,99.7795918367347,High Value,,0.0,Low Risk,High Value Customer
1785-BPHTP,28,85.45,2289.9,Month-to-month,Fiber optic,No,85.45,28,2392.6,81.78214285714286,Medium Value,,0.0,Low Risk,Low Priority
4989-LIXVT,68,95.9,6503.2,Month-to-month,Fiber optic,No,95.9,68,6521.200000000001,95.63529411764704,Very High Value,,0.0,Low Risk,VIP Customer
7315-WYOAW,13,100.75,1313.25,Month-to-month,Fiber optic,No,100.75,13,1309.75,101.01923076923076,Medium Value,,0.0,Low Risk,Low Priority
1173-XZPYF,11,89.2,990.3,Month-to-month,Fiber optic,No,89.2,11,981.2,90.02727272727272,Low Value,,0.0,Low Risk,Low Priority
9850-OWRHQ,3,74.1,228.0,Month-to-month,Fiber optic,Yes,74.1,3,222.3,76.0,Low Value,,0.0,Low Risk,Low Priority
3768-NLUBH,57,100.6,5746.15,Month-to-month,Fiber optic,Yes,100.6,57,5734.2,100.80964912280702,High Value,,0.0,Low Risk,High Value Customer
8676-TRMJS,3,75.0,209.1,Month-to-month,Fiber optic,Yes,75.0,3,225.0,69.7,Low Value,Yes,0.6312,Medium Risk,Monitor
2509-TFPJU,72,25.75,1864.2,Two year,No,No,25.75,72,1854.0,25.891666666666666,Medium Value,,0.0,Low Risk,Low Priority
9530-GRMJG,70,84.1,5979.7,Two year,DSL,No,84.1,70,5887.0,85.42428571428572,High Value,No,0.02,Low Risk,High Value Customer
6898-RBTLU,49,79.3,3902.45,Two year,DSL,No,79.3,49,3885.7,79.64183673469387,High Value,,0.0,Low Risk,High Value Customer
5481-NTDOH,67,107.05,7142.5,One year,Fiber optic,No,107.05,67,7172.349999999999,106.6044776119403,Very High Value,,0.0,Low Risk,VIP Customer
2068-WWXQZ,46,20.05,902.0,Two year,No,No,20.05,46,922.3,19.608695652173918,Low Value,,0.0,Low Risk,Low Priority
7359-SSBJK,64,70.2,4481.0,Two year,DSL,Yes,70.2,64,4492.8,70.015625,High Value,,0.0,Low Risk,High Value Customer
2061-VVFST,37,19.5,805.2,Month-to-month,No,No,19.5,37,721.5,21.762162162162163,Low Value,No,0.075,Low Risk,Low Priority
0685-MLYYM,2,70.75,154.85,Month-to-month,Fiber optic,Yes,70.75,2,141.5,77.425,Low Value,Yes,0.685,Medium Risk,Monitor
0749-IRGQE,13,45.3,528.45,Month-to-month,DSL,No,45.3,13,588.9,40.650000000000006,Low Value,Yes,0.59,Medium Risk,Monitor
2380-DAMQP,72,115.15,8349.7,Two year,Fiber optic,No,115.15,72,8290.800000000001,115.96805555555557,Very High Value,,0.0,Low Risk,VIP Customer
2256-YLYLP,68,72.95,4953.25,Two year,DSL,No,72.95,68,4960.6,72.84191176470588,High Value,,0.0,Low Risk,High Value Customer
1272-ILHFG,15,19.65,332.65,One year,No,No,19.65,15,294.75,22.176666666666662,Low Value,,0.0,Low Risk,Low Priority
0164-XAIRP,24,19.55,470.2,Two year,No,No,19.55,24,469.2000000000001,19.591666666666665,Low Value,No,0.005,Low Risk,Low Priority
5666-CYCYZ,24,89.55,2259.35,Month-to-month,Fiber optic,No,89.55,24,2149.2,94.13958333333332,Medium Value,,0.0,Low Risk,Low Priority
4011-ARPHK,27,50.35,1411.35,Month-to-month,DSL,No,50.35,27,1359.45,52.27222222222222,Medium Value,,0.0,Low Risk,Low Priority
8182-PNAGI,12,50.25,593.75,Month-to-month,DSL,Yes,50.25,12,603.0,49.47916666666666,Low Value,,0.0,Low Risk,Low Priority
6365-HITVU,71,87.25,6328.7,Two year,DSL,No,87.25,71,6194.75,89.13661971830986,Very High Value,No,0.01,Low Risk,VIP Customer
7558-IMLMT,67,20.8,1411.9,Two year,No,No,20.8,67,1393.6,21.07313432835821,Medium Value,,0.0,Low Risk,Low Priority
9488-FYQAU,63,109.25,6841.4,Two year,Fiber optic,No,109.25,63,6882.75,108.59365079365078,Very High Value,,0.0,Low Risk,VIP Customer
3590-TCXTB,1,20.35,20.35,Month-to-month,No,No,20.35,1,20.35,20.35,Low Value,,0.0,Low Risk,Low Priority
6994-KERXL,4,55.9,238.5,Month-to-month,DSL,No,55.9,4,223.6,59.625,Low Value,,0.0,Low Risk,Low Priority
7957-RYHQD,40,79.2,3233.85,Month-to-month,Fiber optic,Yes,79.2,40,3168.0,80.84625,High Value,No,0.355,Low Risk,High Value Customer
2180-DXNEG,12,96.0,1062.1,Month-to-month,Fiber optic,Yes,96.0,12,1152.0,88.50833333333333,Medium Value,,0.0,Low Risk,Low Priority
1960-UOTYM,52,79.2,4016.3,Two year,DSL,No,79.2,52,4118.400000000001,77.23653846153846,High Value,,0.0,Low Risk,High Value Customer
2740-JFBOK,10,24.0,226.55,Month-to-month,No,No,24.0,10,240.0,22.655,Low Value,,0.0,Low Risk,Low Priority
6500-JVEGC,68,101.35,7110.75,One year,Fiber optic,No,101.35,68,6891.799999999999,104.56985294117646,Very High Value,,0.0,Low Risk,VIP Customer
5515-AKOAJ,54,100.1,5440.9,Month-to-month,Fiber optic,Yes,100.1,54,5405.4,100.7574074074074,High Value,,0.0,Low Risk,High Value Customer
8976-OQHGT,4,56.5,235.1,Month-to-month,DSL,Yes,56.5,4,226.0,58.775,Low Value,,0.0,Low Risk,Low Priority
5245-VDBUR,52,35.45,1958.95,One year,DSL,No,35.45,52,1843.4,37.67211538461539,Medium Value,No,0.075,Low Risk,Low Priority
6230-BSUXY,1,85.0,85.0,Month-to-month,Fiber optic,Yes,85.0,1,85.0,85.0,Low Value,Yes,0.805,High Risk,Churn Risk
8469-SNFFH,70,79.4,5528.9,One year,DSL,No,79.4,70,5558.0,78.9842857142857,High Value,,0.0,Low Risk,High Value Customer
2144-ESWKO,43,35.2,1463.7,One year,DSL,No,35.2,43,1513.6,34.03953488372093,Medium Value,,0.0,Low Risk,Low Priority
1241-FPMOF,52,19.65,1025.05,Two year,No,No,19.65,52,1021.8,19.7125,Medium Value,,0.0,Low Risk,Low Priority
9928-BZVLZ,12,49.85,552.1,Two year,DSL,No,49.85,12,598.2,46.00833333333333,Low Value,,0.0,Low Risk,Low Priority
4114-QMKVN,56,68.75,3815.4,One year,DSL,No,68.75,56,3850.0,68.13214285714285,High Value,,0.0,Low Risk,High Value Customer
2775-SEFEE,0,61.9,0.0,Two year,DSL,No,61.9,1,61.9,0.0,Low Value,,0.0,Low Risk,Low Priority
9003-CPATH,42,79.9,3313.4,Month-to-month,Fiber optic,No,79.9,42,3355.8,78.89047619047619,High Value,,0.0,Low Risk,High Value Customer
1754-GKYPY,22,89.75,1938.9,Month-to-month,Fiber optic,No,89.75,22,1974.5,88.13181818181819,Medium Value,,0.0,Low Risk,Low Priority
5294-CDGWY,51,59.3,3014.65,One year,DSL,Yes,59.3,51,3024.3,59.11078431372549,High Value,,0.0,Low Risk,High Value Customer
7956-XQWGU,27,19.4,460.25,Month-to-month,No,No,19.4,27,523.8,17.046296296296298,Low Value,,0.0,Low Risk,Low Priority
1591-MQJTP,51,93.65,4839.15,One year,Fiber optic,No,93.65,51,4776.150000000001,94.88529411764704,High Value,,0.0,Low Risk,High Value Customer
5295-PCJOO,4,49.4,184.4,Month-to-month,DSL,Yes,49.4,4,197.6,46.1,Low Value,,0.0,Low Risk,Low Priority
2369-FEVNO,1,19.9,19.9,Month-to-month,No,No,19.9,1,19.9,19.9,Low Value,Yes,0.6799,Medium Risk,Monitor
9863-JZAIC,35,55.0,2010.55,Month-to-month,DSL,Yes,55.0,35,1925.0,57.44428571428571,Medium Value,,0.0,Low Risk,Low Priority
7471-MQPOS,71,72.9,5139.65,One year,DSL,No,72.9,71,5175.900000000001,72.38943661971831,High Value,No,0.23,Low Risk,High Value Customer
7660-HDPJV,1,69.2,69.2,Month-to-month,Fiber optic,Yes,69.2,1,69.2,69.2,Low Value,,0.0,Low Risk,Low Priority
5115-SQAAU,69,25.6,1673.4,Two year,No,No,25.6,69,1766.4,24.25217391304348,Medium Value,,0.0,Low Risk,Low Priority
9845-QOMAD,14,19.75,309.35,One year,No,No,19.75,14,276.5,22.09642857142857,Low Value,,0.0,Low Risk,Low Priority
7672-VFMXZ,57,55.7,3171.6,Month-to-month,DSL,No,55.7,57,3174.9,55.642105263157895,High Value,,0.0,Low Risk,High Value Customer
9739-JLPQJ,72,117.5,8670.1,Two year,Fiber optic,No,117.5,72,8460.0,120.41805555555555,Very High Value,,0.0,Low Risk,VIP Customer
9916-AYHTC,48,19.85,916.0,Two year,No,No,19.85,48,952.8,19.08333333333333,Low Value,,0.0,Low Risk,Low Priority
3855-ONCAR,4,78.9,299.75,Month-to-month,Fiber optic,No,78.9,4,315.6,74.9375,Low Value,,0.0,Low Risk,Low Priority
1488-SYSFC,31,20.65,702.05,Month-to-month,No,No,20.65,31,640.15,22.646774193548385,Low Value,,0.0,Low Risk,Low Priority
7931-PXHFC,38,62.3,2354.8,One year,DSL,Yes,62.3,38,2367.4,61.968421052631584,Medium Value,,0.0,Low Risk,Low Priority
3990-QYKBE,37,92.5,3473.4,Month-to-month,Fiber optic,Yes,92.5,37,3422.5,93.87567567567568,High Value,,0.0,Low Risk,High Value Customer
0970-QXPXW,1,19.65,19.65,Month-to-month,No,No,19.65,1,19.65,19.65,Low Value,,0.0,Low Risk,Low Priority
3259-KNMRR,57,79.75,4438.2,Two year,DSL,No,79.75,57,4545.75,77.86315789473684,High Value,,0.0,Low Risk,High Value Customer
6120-RJKLU,62,79.95,4819.75,Two year,DSL,No,79.95,62,4956.900000000001,77.73790322580645,High Value,,0.0,Low Risk,High Value Customer
9572-WUKSB,3,29.9,92.25,Month-to-month,DSL,No,29.9,3,89.69999999999999,30.75,Low Value,No,0.46,Medium Risk,Monitor
5893-KCLGT,72,19.75,1567.0,Two year,No,No,19.75,72,1422.0,21.76388888888889,Medium Value,,0.0,Low Risk,Low Priority
0076-LVEPS,29,45.0,1242.45,Month-to-month,DSL,No,45.0,29,1305.0,42.84310344827586,Medium Value,No,0.09,Low Risk,Low Priority
3640-JQGJG,13,44.8,559.2,Month-to-month,DSL,No,44.8,13,582.4,43.01538461538462,Low Value,,0.0,Low Risk,Low Priority
4919-MOAVT,3,69.65,220.1,Month-to-month,Fiber optic,Yes,69.65,3,208.95,73.36666666666666,Low Value,,0.0,Low Risk,Low Priority
1596-OQSPS,11,51.1,531.15,Month-to-month,DSL,No,51.1,11,562.1,48.28636363636363,Low Value,,0.0,Low Risk,Low Priority
9867-XOBQA,21,53.15,1183.2,Two year,DSL,No,53.15,21,1116.15,56.34285714285714,Medium Value,No,0.055,Low Risk,Low Priority
9546-KDTRB,19,24.7,465.85,Month-to-month,No,No,24.7,19,469.3,24.51842105263158,Low Value,,0.0,Low Risk,Low Priority
3090-HAWSU,61,111.6,6876.05,Two year,Fiber optic,Yes,111.6,61,6807.599999999999,112.722131147541,Very High Value,,0.0,Low Risk,VIP Customer
9820-RMCQV,11,48.55,501.0,Month-to-month,DSL,Yes,48.55,11,534.05,45.54545454545455,Low Value,No,0.195,Low Risk,Low Priority
3174-RKMOW,35,109.95,3782.4,Month-to-month,Fiber optic,No,109.95,35,3848.25,108.06857142857145,High Value,,0.0,Low Risk,High Value Customer
1760-CAZHT,25,20.8,460.2,Month-to-month,No,No,20.8,25,520.0,18.408,Low Value,,0.0,Low Risk,Low Priority
7839-QRKXN,1,20.2,20.2,Month-to-month,No,Yes,20.2,1,20.2,20.2,Low Value,,0.0,Low Risk,Low Priority
8441-SHIPE,67,25.6,1790.35,Two year,No,No,25.6,67,1715.2,26.72164179104477,Medium Value,,0.0,Low Risk,Low Priority
5204-QZXPU,19,39.65,733.35,Month-to-month,DSL,Yes,39.65,19,753.35,38.59736842105264,Low Value,,0.0,Low Risk,Low Priority
4597-ELFTS,56,24.9,1334.0,One year,No,Yes,24.9,56,1394.4,23.821428571428573,Medium Value,,0.0,Low Risk,Low Priority
1320-GVNHT,72,108.4,7767.25,Two year,Fiber optic,No,108.4,72,7804.8,107.87847222222224,Very High Value,,0.0,Low Risk,VIP Customer
1047-RNXZV,43,19.55,876.15,Two year,No,No,19.55,43,840.65,20.375581395348835,Low Value,No,0.0,Low Risk,Low Priority
3541-ZNUHK,55,85.1,4600.95,Month-to-month,Fiber optic,No,85.1,55,4680.5,83.65363636363637,High Value,,0.0,Low Risk,High Value Customer
8450-JOVAH,2,56.7,113.55,Month-to-month,DSL,Yes,56.7,2,113.4,56.775,Low Value,No,0.29,Low Risk,Low Priority
8725-JEDFD,27,69.05,1793.25,Month-to-month,Fiber optic,No,69.05,27,1864.35,66.41666666666667,Medium Value,,0.0,Low Risk,Low Priority
7562-UXTPG,13,70.15,886.7,Month-to-month,Fiber optic,No,70.15,13,911.95,68.20769230769231,Low Value,,0.0,Low Risk,Low Priority
8071-SBTRN,70,111.15,7737.55,Two year,Fiber optic,No,111.15,70,7780.5,110.53642857142856,Very High Value,,0.0,Low Risk,VIP Customer
1113-IUJYX,14,105.95,1348.9,One year,Fiber optic,Yes,105.95,14,1483.3,96.35,Medium Value,,0.0,Low Risk,Low Priority
6668-CNMFP,19,89.35,1686.85,One year,Fiber optic,No,89.35,19,1697.65,88.78157894736842,Medium Value,,0.0,Low Risk,Low Priority
5626-MGTUK,20,89.1,1879.25,Month-to-month,Fiber optic,No,89.1,20,1782.0,93.9625,Medium Value,,0.0,Low Risk,Low Priority
5681-LLOEI,43,91.25,4013.8,One year,Fiber optic,No,91.25,43,3923.75,93.34418604651164,High Value,,0.0,Low Risk,High Value Customer
8212-DJRCH,5,90.35,434.5,Month-to-month,Fiber optic,No,90.35,5,451.75,86.9,Low Value,Yes,0.52,Medium Risk,Monitor
4323-OHFOW,70,105.55,7195.35,One year,Fiber optic,No,105.55,70,7388.5,102.79071428571427,Very High Value,,0.0,Low Risk,VIP Customer
4933-BSAIP,40,19.1,780.1,Two year,No,No,19.1,40,764.0,19.5025,Low Value,,0.0,Low Risk,Low Priority
2030-BTZRO,6,20.4,107.6,Two year,No,No,20.4,6,122.4,17.933333333333334,Low Value,,0.0,Low Risk,Low Priority
1116-DXXDF,39,100.45,3801.7,Two year,Fiber optic,No,100.45,39,3917.55,97.47948717948718,High Value,,0.0,Low Risk,High Value Customer
9274-CNFMO,4,74.95,308.7,Month-to-month,Fiber optic,Yes,74.95,4,299.8,77.175,Low Value,,0.0,Low Risk,Low Priority
7758-XKCBS,15,29.7,438.25,Month-to-month,DSL,Yes,29.7,15,445.5,29.216666666666665,Low Value,,0.0,Low Risk,Low Priority
8992-JQYUN,1,50.35,50.35,Month-to-month,DSL,Yes,50.35,1,50.35,50.35,Low Value,,0.0,Low Risk,Low Priority
6563-VNPMN,45,85.7,3778.1,Month-to-month,Fiber optic,No,85.7,45,3856.5,83.95777777777778,High Value,,0.0,Low Risk,High Value Customer
0617-AQNWT,64,47.85,3147.5,Two year,DSL,Yes,47.85,64,3062.4,49.1796875,High Value,,0.0,Low Risk,High Value Customer
2267-WTPYD,57,94.0,5438.95,Month-to-month,Fiber optic,No,94.0,57,5358.0,95.42017543859647,High Value,,0.0,Low Risk,High Value Customer
0270-THENM,72,69.85,5102.35,Two year,DSL,No,69.85,72,5029.2,70.86597222222223,High Value,,0.0,Low Risk,High Value Customer
2446-PLQVO,1,70.3,70.3,Month-to-month,Fiber optic,Yes,70.3,1,70.3,70.3,Low Value,,0.0,Low Risk,Low Priority
4707-MAXGU,72,25.85,1872.2,Two year,No,No,25.85,72,1861.2,26.00277777777778,Medium Value,,0.0,Low Risk,Low Priority
2710-WYVXG,3,71.1,213.35,Two year,DSL,No,71.1,3,213.3,71.11666666666666,Low Value,,0.0,Low Risk,Low Priority
3005-NFMTA,55,98.8,5617.75,Month-to-month,Fiber optic,Yes,98.8,55,5434.0,102.14090909090908,High Value,,0.0,Low Risk,High Value Customer
6300-BWMJX,59,93.35,5386.5,Month-to-month,Fiber optic,No,93.35,59,5507.65,91.29661016949152,High Value,,0.0,Low Risk,High Value Customer
8784-CGILN,18,99.85,1776.95,Month-to-month,Fiber optic,Yes,99.85,18,1797.3,98.71944444444443,Medium Value,,0.0,Low Risk,Low Priority
5389-FFVKB,32,80.3,2483.05,Month-to-month,Fiber optic,Yes,80.3,32,2569.6,77.5953125,Medium Value,,0.0,Low Risk,Low Priority
7009-LGECI,4,50.55,235.65,Month-to-month,DSL,No,50.55,4,202.2,58.9125,Low Value,,0.0,Low Risk,Low Priority
8444-WRIDW,66,80.45,5224.35,Month-to-month,Fiber optic,Yes,80.45,66,5309.7,79.15681818181818,High Value,,0.0,Low Risk,High Value Customer
5022-KVDQT,27,81.3,2272.8,Month-to-month,Fiber optic,No,81.3,27,2195.1,84.17777777777779,Medium Value,,0.0,Low Risk,Low Priority
7976-CICYS,4,20.7,83.75,Month-to-month,No,No,20.7,4,82.8,20.9375,Low Value,,0.0,Low Risk,Low Priority
1036-GUDCL,60,79.05,4663.4,Month-to-month,DSL,No,79.05,60,4743.0,77.72333333333333,High Value,No,0.06,Low Risk,High Value Customer
2005-DWQZJ,8,19.05,201.7,Two year,No,No,19.05,8,152.4,25.2125,Low Value,,0.0,Low Risk,Low Priority
8148-WOCMK,8,19.6,125.0,Two year,No,No,19.6,8,156.8,15.625,Low Value,,0.0,Low Risk,Low Priority
7815-PDTHL,35,20.2,684.4,Two year,No,No,20.2,35,707.0,19.554285714285715,Low Value,,0.0,Low Risk,Low Priority
9451-LPGOO,7,86.8,620.35,Month-to-month,Fiber optic,Yes,86.8,7,607.6,88.62142857142858,Low Value,,0.0,Low Risk,Low Priority
9173-IVZVP,53,20.9,1146.05,Two year,No,No,20.9,53,1107.6999999999998,21.623584905660376,Medium Value,,0.0,Low Risk,Low Priority
9129-UXERG,18,103.6,1806.35,Month-to-month,Fiber optic,No,103.6,18,1864.8,100.35277777777776,Medium Value,,0.0,Low Risk,Low Priority
3635-JBPSG,15,38.8,603.0,Two year,DSL,No,38.8,15,582.0,40.2,Low Value,,0.0,Low Risk,Low Priority
7964-ZRKKG,67,88.4,5798.3,One year,Fiber optic,No,88.4,67,5922.8,86.54179104477612,High Value,,0.0,Low Risk,High Value Customer
5868-YWPDW,6,84.2,519.15,Month-to-month,Fiber optic,Yes,84.2,6,505.2000000000001,86.52499999999999,Low Value,,0.0,Low Risk,Low Priority
6229-LSCKB,6,79.7,497.6,Month-to-month,Fiber optic,No,79.7,6,478.2000000000001,82.93333333333334,Low Value,,0.0,Low Risk,Low Priority
2025-JKFWI,13,99.0,1301.7,Month-to-month,Fiber optic,Yes,99.0,13,1287.0,100.13076923076925,Medium Value,Yes,0.63,Medium Risk,Monitor
4078-SAYYN,11,100.75,1129.75,Month-to-month,Fiber optic,Yes,100.75,11,1108.25,102.70454545454544,Medium Value,,0.0,Low Risk,Low Priority
1724-IQWNM,1,19.3,19.3,Month-to-month,No,No,19.3,1,19.3,19.3,Low Value,,0.0,Low Risk,Low Priority
8217-QYOHV,5,55.75,266.95,Month-to-month,DSL,No,55.75,5,278.75,53.39,Low Value,,0.0,Low Risk,Low Priority
5546-QUERU,13,19.95,257.0,One year,No,No,19.95,13,259.35,19.76923076923077,Low Value,,0.0,Low Risk,Low Priority
9940-HPQPG,9,91.75,865.8,Month-to-month,Fiber optic,Yes,91.75,9,825.75,96.2,Low Value,,0.0,Low Risk,Low Priority
6897-UUBNU,29,89.65,2623.65,Month-to-month,Fiber optic,No,89.65,29,2599.8500000000004,90.47068965517242,Medium Value,,0.0,Low Risk,Low Priority
6127-IYJOZ,1,45.85,45.85,Month-to-month,DSL,No,45.85,1,45.85,45.85,Low Value,,0.0,Low Risk,Low Priority
6618-RYATB,1,79.55,79.55,Month-to-month,Fiber optic,Yes,79.55,1,79.55,79.55,Low Value,,0.0,Low Risk,Low Priority
8930-XOTDP,18,55.95,1082.8,Month-to-month,DSL,No,55.95,18,1007.1,60.15555555555555,Medium Value,No,0.21,Low Risk,Low Priority
5916-QEWPT,2,69.0,147.8,Month-to-month,DSL,No,69.0,2,138.0,73.9,Low Value,,0.0,Low Risk,Low Priority
5060-TQUQN,30,83.55,2570.2,Month-to-month,Fiber optic,No,83.55,30,2506.5,85.67333333333333,Medium Value,,0.0,Low Risk,Low Priority
0531-XBKMM,66,65.7,4378.9,Two year,DSL,No,65.7,66,4336.2,66.3469696969697,High Value,,0.0,Low Risk,High Value Customer
8465-SBRXP,38,94.9,3616.25,Two year,Fiber optic,No,94.9,38,3606.2,95.16447368421052,High Value,,0.0,Low Risk,High Value Customer
2408-PSJVE,44,61.9,2924.05,Month-to-month,DSL,No,61.9,44,2723.6,66.45568181818182,Medium Value,No,0.11,Low Risk,Low Priority
9079-YEXQJ,54,111.1,6014.85,Month-to-month,Fiber optic,Yes,111.1,54,5999.4,111.38611111111112,High Value,No,0.215,Low Risk,High Value Customer
9700-ZCLOT,2,20.0,32.7,Month-to-month,No,No,20.0,2,40.0,16.35,Low Value,,0.0,Low Risk,Low Priority
8738-JOKAR,42,67.7,2882.25,One year,DSL,No,67.7,42,2843.4,68.625,Medium Value,,0.0,Low Risk,Low Priority
4534-WGCIR,58,25.15,1509.9,Two year,No,No,25.15,58,1458.6999999999998,26.032758620689656,Medium Value,,0.0,Low Risk,Low Priority
1930-WNXSB,58,92.85,5305.05,Month-to-month,Fiber optic,No,92.85,58,5385.299999999999,91.46637931034483,High Value,,0.0,Low Risk,High Value Customer
2685-SREOM,25,89.1,2368.4,Month-to-month,Fiber optic,Yes,89.1,25,2227.5,94.736,Medium Value,,0.0,Low Risk,Low Priority
3508-CFVZL,71,111.3,7985.9,Two year,Fiber optic,No,111.3,71,7902.3,112.4774647887324,Very High Value,,0.0,Low Risk,VIP Customer
0402-CQAJN,37,101.9,3545.35,Month-to-month,Fiber optic,Yes,101.9,37,3770.3,95.82027027027029,High Value,,0.0,Low Risk,High Value Customer
6692-UDPJC,14,91.65,1301.0,Month-to-month,Fiber optic,Yes,91.65,14,1283.1,92.92857142857144,Medium Value,,0.0,Low Risk,Low Priority
1273-MTETI,4,88.85,372.45,Month-to-month,Fiber optic,Yes,88.85,4,355.4,93.1125,Low Value,,0.0,Low Risk,Low Priority
0657-DOGUM,48,60.6,2985.25,One year,DSL,No,60.6,48,2908.8,62.192708333333336,Medium Value,,0.0,Low Risk,Low Priority
5480-HPRRX,3,25.3,77.75,Month-to-month,DSL,Yes,25.3,3,75.9,25.916666666666668,Low Value,Yes,0.67,Medium Risk,Monitor
8792-AOROI,8,65.5,564.35,Two year,DSL,No,65.5,8,524.0,70.54375,Low Value,,0.0,Low Risk,Low Priority
0295-PPHDO,1,95.45,95.45,Month-to-month,Fiber optic,Yes,95.45,1,95.45,95.45,Low Value,Yes,0.92,High Risk,Churn Risk
5146-YYFRZ,67,19.95,1311.75,Two year,No,No,19.95,67,1336.65,19.578358208955223,Medium Value,,0.0,Low Risk,Low Priority
1195-OIYEJ,13,91.1,1135.7,Month-to-month,Fiber optic,Yes,91.1,13,1184.3,87.36153846153846,Medium Value,,0.0,Low Risk,Low Priority
5906-CVLHP,45,54.15,2319.8,One year,DSL,Yes,54.15,45,2436.75,51.55111111111111,Medium Value,,0.0,Low Risk,Low Priority
3452-SRFEG,49,74.6,3720.35,Month-to-month,Fiber optic,No,74.6,49,3655.4,75.92551020408163,High Value,,0.0,Low Risk,High Value Customer
4070-OKWVH,52,94.6,5025.8,Month-to-month,Fiber optic,No,94.6,52,4919.2,96.65,High Value,,0.0,Low Risk,High Value Customer
5297-MDOIR,63,81.15,5224.5,One year,Fiber optic,No,81.15,63,5112.450000000001,82.92857142857143,High Value,No,0.05,Low Risk,High Value Customer
6369-MCAKO,68,89.05,6185.8,Two year,DSL,No,89.05,68,6055.4,90.96764705882352,Very High Value,,0.0,Low Risk,VIP Customer
4926-UMJZD,31,49.2,1498.55,Month-to-month,DSL,No,49.2,31,1525.2,48.34032258064516,Medium Value,,0.0,Low Risk,Low Priority
6848-HJTXY,64,19.45,1208.6,Two year,No,No,19.45,64,1244.8,18.884375,Medium Value,No,0.0,Low Risk,Low Priority
6341-AEVKX,62,104.3,6613.65,One year,Fiber optic,No,104.3,62,6466.599999999999,106.6717741935484,Very High Value,,0.0,Low Risk,VIP Customer
4501-EQDRN,1,69.7,69.7,Month-to-month,Fiber optic,Yes,69.7,1,69.7,69.7,Low Value,,0.0,Low Risk,Low Priority
2990-HWIML,6,89.5,573.3,Month-to-month,Fiber optic,Yes,89.5,6,537.0,95.55,Low Value,,0.0,Low Risk,Low Priority
0682-USIXD,21,86.05,1818.9,Month-to-month,Fiber optic,No,86.05,21,1807.05,86.61428571428571,Medium Value,No,0.37,Low Risk,Low Priority
6976-BWGLQ,72,25.2,1787.35,Two year,No,No,25.2,72,1814.4,24.824305555555554,Medium Value,,0.0,Low Risk,Low Priority
7078-NVFAM,32,35.15,1051.05,Month-to-month,DSL,No,35.15,32,1124.8,32.8453125,Medium Value,,0.0,Low Risk,Low Priority
8065-QBYTO,71,99.65,7181.25,One year,Fiber optic,No,99.65,71,7075.150000000001,101.1443661971831,Very High Value,,0.0,Low Risk,VIP Customer
2133-TSRRM,34,105.35,3688.6,Month-to-month,Fiber optic,No,105.35,34,3581.9,108.48823529411764,High Value,,0.0,Low Risk,High Value Customer
7384-GHBPI,3,35.15,99.75,Month-to-month,DSL,Yes,35.15,3,105.45,33.25,Low Value,,0.0,Low Risk,Low Priority
7603-USHJS,12,73.75,871.4,Month-to-month,Fiber optic,Yes,73.75,12,885.0,72.61666666666666,Low Value,No,0.39,Low Risk,Low Priority
7234-FECYN,8,101.35,780.5,Month-to-month,Fiber optic,Yes,101.35,8,810.8,97.5625,Low Value,,0.0,Low Risk,Low Priority
2511-ALLCS,35,24.3,821.6,Two year,No,No,24.3,35,850.5,23.474285714285717,Low Value,,0.0,Low Risk,Low Priority
3191-CSNMG,3,80.7,239.45,Month-to-month,Fiber optic,No,80.7,3,242.1,79.81666666666666,Low Value,,0.0,Low Risk,Low Priority
7952-OBOYL,3,89.85,244.45,Month-to-month,Fiber optic,No,89.85,3,269.54999999999995,81.48333333333333,Low Value,Yes,0.775,High Risk,Churn Risk
7470-DYNOE,53,61.1,3357.9,One year,DSL,No,61.1,53,3238.3,63.35660377358491,High Value,,0.0,Low Risk,High Value Customer
7853-OETYL,4,29.05,129.6,Month-to-month,DSL,No,29.05,4,116.2,32.4,Low Value,,0.0,Low Risk,Low Priority
1545-ACTAS,48,99.7,4977.2,One year,Fiber optic,No,99.7,48,4785.6,103.69166666666666,High Value,,0.0,Low Risk,High Value Customer
5876-HZVZM,6,55.9,365.35,Month-to-month,DSL,Yes,55.9,6,335.4,60.89166666666667,Low Value,,0.0,Low Risk,Low Priority
1400-MMYXY,3,105.9,334.65,Month-to-month,Fiber optic,Yes,105.9,3,317.70000000000005,111.55,Low Value,Yes,0.75,High Risk,Churn Risk
5126-RCXYW,54,46.0,2424.05,Two year,DSL,No,46.0,54,2484.0,44.88981481481482,Medium Value,,0.0,Low Risk,Low Priority
3085-QUOZK,1,43.95,43.95,Month-to-month,DSL,Yes,43.95,1,43.95,43.95,Low Value,,0.0,Low Risk,Low Priority
2363-BJLSL,62,80.4,4981.15,Month-to-month,DSL,No,80.4,62,4984.8,80.34112903225805,High Value,,0.0,Low Risk,High Value Customer
1956-YIFGE,22,100.05,2090.25,One year,Fiber optic,No,100.05,22,2201.1,95.01136363636364,Medium Value,No,0.335,Low Risk,Low Priority
3926-CUQZX,1,45.1,45.1,Month-to-month,DSL,Yes,45.1,1,45.1,45.1,Low Value,,0.0,Low Risk,Low Priority
7921-LMDFQ,51,94.0,4905.75,One year,Fiber optic,No,94.0,51,4794.0,96.19117647058825,High Value,,0.0,Low Risk,High Value Customer
2925-MXLSX,30,68.95,2038.7,One year,DSL,No,68.95,30,2068.5,67.95666666666666,Medium Value,,0.0,Low Risk,Low Priority
5820-PTRYM,56,68.45,4014.0,One year,DSL,No,68.45,56,3833.2,71.67857142857143,High Value,No,0.065,Low Risk,High Value Customer
9609-BENEA,35,69.0,2441.7,One year,DSL,No,69.0,35,2415.0,69.76285714285714,Medium Value,,0.0,Low Risk,Low Priority
6211-WHMYA,64,43.85,2751.0,Month-to-month,DSL,No,43.85,64,2806.4,42.984375,Medium Value,,0.0,Low Risk,Low Priority
4459-BBGHE,30,44.5,1307.8,Month-to-month,DSL,No,44.5,30,1335.0,43.59333333333333,Medium Value,,0.0,Low Risk,Low Priority
9945-PSVIP,25,18.7,383.65,Two year,No,No,18.7,25,467.5,15.345999999999998,Low Value,No,0.02,Low Risk,Low Priority
1041-RXHRA,41,70.25,2868.05,Month-to-month,Fiber optic,Yes,70.25,41,2880.25,69.95243902439024,Medium Value,,0.0,Low Risk,Low Priority
1750-CSKKM,9,55.35,449.75,Month-to-month,DSL,Yes,55.35,9,498.15,49.97222222222222,Low Value,,0.0,Low Risk,Low Priority
9108-EJFJP,1,53.55,53.55,Month-to-month,DSL,No,53.55,1,53.55,53.55,Low Value,,0.0,Low Risk,Low Priority
0530-IJVDB,70,114.6,7882.5,Two year,Fiber optic,No,114.6,70,8022.0,112.60714285714286,Very High Value,,0.0,Low Risk,VIP Customer
0508-SQWPL,57,20.1,1087.7,Two year,No,No,20.1,57,1145.7,19.08245614035088,Medium Value,,0.0,Low Risk,Low Priority
2215-ZAFGX,9,85.5,791.7,Month-to-month,Fiber optic,No,85.5,9,769.5,87.96666666666667,Low Value,,0.0,Low Risk,Low Priority
8213-TAZPM,69,108.75,7493.05,One year,Fiber optic,No,108.75,69,7503.75,108.59492753623188,Very High Value,,0.0,Low Risk,VIP Customer
7142-HVGBG,43,103.0,4414.3,Month-to-month,Fiber optic,Yes,103.0,43,4429.0,102.65813953488372,High Value,,0.0,Low Risk,High Value Customer
1304-SEGFY,72,97.85,6841.3,Two year,Fiber optic,No,97.85,72,7045.2,95.01805555555556,Very High Value,,0.0,Low Risk,VIP Customer
7242-EDTYC,44,19.55,819.95,Two year,No,No,19.55,44,860.2,18.635227272727278,Low Value,,0.0,Low Risk,Low Priority
2904-GGUAZ,72,84.05,6052.25,Two year,Fiber optic,No,84.05,72,6051.599999999999,84.05902777777777,Very High Value,,0.0,Low Risk,VIP Customer
8267-ZNYVZ,33,103.75,3361.05,One year,Fiber optic,Yes,103.75,33,3423.75,101.85,High Value,,0.0,Low Risk,High Value Customer
5136-GFPMB,54,89.4,4869.5,Month-to-month,Fiber optic,No,89.4,54,4827.6,90.17592592592592,High Value,No,0.3,Low Risk,High Value Customer
2595-KIWPV,27,19.7,509.3,Two year,No,No,19.7,27,531.9,18.862962962962964,Low Value,,0.0,Low Risk,Low Priority
5243-SAOTC,54,79.85,4308.25,Month-to-month,Fiber optic,No,79.85,54,4311.9,79.7824074074074,High Value,,0.0,Low Risk,High Value Customer
9398-MMQTO,3,74.45,221.1,Month-to-month,Fiber optic,No,74.45,3,223.35,73.7,Low Value,,0.0,Low Risk,Low Priority
7619-PLRLP,53,74.1,3833.95,One year,DSL,No,74.1,53,3927.3,72.33867924528302,High Value,,0.0,Low Risk,High Value Customer
6457-GIRWB,1,69.35,69.35,Month-to-month,Fiber optic,Yes,69.35,1,69.35,69.35,Low Value,,0.0,Low Risk,Low Priority
6508-NJYRO,15,18.8,294.95,One year,No,No,18.8,15,282.0,19.66333333333333,Low Value,,0.0,Low Risk,Low Priority
1450-SKCVI,56,73.85,4092.85,Month-to-month,Fiber optic,Yes,73.85,56,4135.599999999999,73.08660714285715,High Value,,0.0,Low Risk,High Value Customer
4710-NKCAW,5,64.4,316.9,Month-to-month,DSL,No,64.4,5,322.0,63.38,Low Value,,0.0,Low Risk,Low Priority
5306-BVTKJ,48,55.8,2651.2,One year,DSL,No,55.8,48,2678.4,55.23333333333333,Medium Value,,0.0,Low Risk,Low Priority
0357-NVCRI,25,20.05,471.7,Month-to-month,No,No,20.05,25,501.25,18.868,Low Value,,0.0,Low Risk,Low Priority
5570-PTWEH,3,75.15,216.75,Month-to-month,Fiber optic,Yes,75.15,3,225.45,72.25,Low Value,,0.0,Low Risk,Low Priority
2371-KFUOG,58,99.15,5720.95,One year,Fiber optic,No,99.15,58,5750.700000000001,98.63706896551724,High Value,,0.0,Low Risk,High Value Customer
0463-ZSDNT,10,56.75,503.25,Month-to-month,DSL,No,56.75,10,567.5,50.325,Low Value,,0.0,Low Risk,Low Priority
6502-MJQAE,1,69.6,69.6,Month-to-month,Fiber optic,Yes,69.6,1,69.6,69.6,Low Value,,0.0,Low Risk,Low Priority
6257-DTAYD,71,104.15,7365.3,Two year,Fiber optic,No,104.15,71,7394.650000000001,103.73661971830988,Very High Value,,0.0,Low Risk,VIP Customer
4616-ULAOA,65,110.8,7245.9,Two year,Fiber optic,No,110.8,65,7202.0,111.4753846153846,Very High Value,,0.0,Low Risk,VIP Customer
7693-LCKZL,5,80.15,385.0,Month-to-month,Fiber optic,Yes,80.15,5,400.75,77.0,Low Value,,0.0,Low Risk,Low Priority
7746-AWNQW,28,35.75,961.4,Month-to-month,DSL,No,35.75,28,1001.0,34.33571428571428,Medium Value,,0.0,Low Risk,Low Priority
5996-EBTKM,67,69.9,4615.9,Two year,DSL,No,69.9,67,4683.3,68.89402985074626,High Value,,0.0,Low Risk,High Value Customer
2758-RNWXS,35,89.2,3251.3,One year,Fiber optic,No,89.2,35,3122.0,92.89428571428572,High Value,No,0.155,Low Risk,High Value Customer
2314-TNDJQ,72,55.65,3880.05,Two year,DSL,No,55.65,72,4006.8,53.88958333333333,High Value,,0.0,Low Risk,High Value Customer
2405-LBMUW,61,50.7,3088.75,One year,DSL,No,50.7,61,3092.7000000000003,50.635245901639344,High Value,,0.0,Low Risk,High Value Customer
3454-JFUBC,68,20.0,1396.0,Two year,No,No,20.0,68,1360.0,20.529411764705884,Medium Value,No,0.005,Low Risk,Low Priority
0032-PGELS,1,30.5,30.5,Month-to-month,DSL,Yes,30.5,1,30.5,30.5,Low Value,,0.0,Low Risk,Low Priority
9039-ZVJDC,3,19.1,53.05,Month-to-month,No,No,19.1,3,57.3,17.683333333333334,Low Value,,0.0,Low Risk,Low Priority
6797-LNAQX,70,98.3,6859.5,Two year,Fiber optic,Yes,98.3,70,6881.0,97.99285714285716,Very High Value,No,0.11,Low Risk,VIP Customer
9013-AQORL,48,45.55,2108.35,Month-to-month,DSL,No,45.55,48,2186.4,43.92395833333333,Medium Value,No,0.23,Low Risk,Low Priority
2898-MRKPI,68,101.05,6770.5,One year,Fiber optic,No,101.05,68,6871.4,99.56617647058825,Very High Value,,0.0,Low Risk,VIP Customer
2750-BJLSB,47,103.7,4730.6,One year,Fiber optic,No,103.7,47,4873.900000000001,100.65106382978723,High Value,No,0.305,Low Risk,High Value Customer
3648-GZPHF,32,36.25,1151.05,One year,DSL,No,36.25,32,1160.0,35.9703125,Medium Value,,0.0,Low Risk,Low Priority
2075-RMJIK,5,49.4,232.55,Month-to-month,DSL,No,49.4,5,247.0,46.510000000000005,Low Value,,0.0,Low Risk,Low Priority
9588-YRFHY,49,19.9,1022.6,Two year,No,No,19.9,49,975.1,20.869387755102043,Low Value,No,0.005,Low Risk,Low Priority
6394-MFYNG,48,107.4,5121.3,Month-to-month,Fiber optic,Yes,107.4,48,5155.200000000001,106.69375,High Value,,0.0,Low Risk,High Value Customer
1564-NTYXF,13,82.0,1127.2,Month-to-month,Fiber optic,Yes,82.0,13,1066.0,86.70769230769231,Medium Value,,0.0,Low Risk,Low Priority
9364-YKUVW,15,19.8,309.4,Month-to-month,No,No,19.8,15,297.0,20.626666666666665,Low Value,No,0.165,Low Risk,Low Priority
5392-AKEMH,12,45.05,523.1,Month-to-month,DSL,No,45.05,12,540.5999999999999,43.59166666666667,Low Value,,0.0,Low Risk,Low Priority
2451-YMUXS,67,64.55,4250.1,Two year,DSL,No,64.55,67,4324.849999999999,63.43432835820896,High Value,,0.0,Low Risk,High Value Customer
3914-FDRHP,9,86.25,770.5,Month-to-month,Fiber optic,No,86.25,9,776.25,85.61111111111111,Low Value,,0.0,Low Risk,Low Priority
3078-ZKNTS,13,19.75,246.7,Two year,No,No,19.75,13,256.75,18.976923076923075,Low Value,,0.0,Low Risk,Low Priority
1024-KPRBB,38,89.1,3342.0,One year,Fiber optic,No,89.1,38,3385.8,87.94736842105263,High Value,,0.0,Low Risk,High Value Customer
4690-PKDQG,42,95.55,3930.6,Month-to-month,Fiber optic,No,95.55,42,4013.1,93.58571428571427,High Value,,0.0,Low Risk,High Value Customer
8155-IBNHG,24,75.4,1747.85,Month-to-month,Fiber optic,Yes,75.4,24,1809.6,72.82708333333333,Medium Value,,0.0,Low Risk,Low Priority
0886-QGENL,27,101.25,2754.45,Month-to-month,Fiber optic,Yes,101.25,27,2733.75,102.01666666666668,Medium Value,,0.0,Low Risk,Low Priority
9547-ITEFG,9,102.6,897.75,Month-to-month,Fiber optic,No,102.6,9,923.4,99.75,Low Value,,0.0,Low Risk,Low Priority
1264-FUHCX,49,56.3,2780.6,One year,DSL,No,56.3,49,2758.7,56.7469387755102,Medium Value,No,0.08,Low Risk,Low Priority
7789-CRUVC,61,94.2,5895.45,Month-to-month,Fiber optic,No,94.2,61,5746.2,96.6467213114754,High Value,No,0.09,Low Risk,High Value Customer
6598-KELSS,50,43.05,2208.05,One year,DSL,No,43.05,50,2152.5,44.161,Medium Value,,0.0,Low Risk,Low Priority
8739-WWKDU,25,89.5,2196.15,Month-to-month,Fiber optic,Yes,89.5,25,2237.5,87.846,Medium Value,Yes,0.78,High Risk,Churn Risk
8685-WHQPW,22,74.4,1692.6,Month-to-month,Fiber optic,Yes,74.4,22,1636.8000000000002,76.93636363636364,Medium Value,,0.0,Low Risk,Low Priority
4745-LSPLO,1,20.5,20.5,Month-to-month,No,Yes,20.5,1,20.5,20.5,Low Value,,0.0,Low Risk,Low Priority
8083-YTZES,4,74.35,265.35,Month-to-month,Fiber optic,Yes,74.35,4,297.4,66.3375,Low Value,Yes,0.76,High Risk,Churn Risk
7240-FQLHE,18,99.75,1836.25,Month-to-month,Fiber optic,Yes,99.75,18,1795.5,102.01388888888889,Medium Value,,0.0,Low Risk,Low Priority
6664-FPDAC,56,111.95,6418.9,One year,Fiber optic,Yes,111.95,56,6269.2,114.62321428571428,Very High Value,No,0.185,Low Risk,VIP Customer
9972-VAFJJ,53,94.0,4871.45,One year,Fiber optic,No,94.0,53,4982.0,91.91415094339622,High Value,No,0.15,Low Risk,High Value Customer
0422-UXFAP,51,98.85,4947.55,One year,Fiber optic,No,98.85,51,5041.349999999999,97.0107843137255,High Value,No,0.33,Low Risk,High Value Customer
1904-WAJAA,24,64.35,1558.65,Two year,DSL,No,64.35,24,1544.4,64.94375000000001,Medium Value,,0.0,Low Risk,Low Priority
5130-YPIRV,62,72.0,4284.2,Two year,DSL,No,72.0,62,4464.0,69.1,High Value,,0.0,Low Risk,High Value Customer
2843-CQMEG,24,49.7,1218.25,Month-to-month,DSL,No,49.7,24,1192.8000000000002,50.76041666666666,Medium Value,No,0.115,Low Risk,Low Priority
6439-PKTRR,70,80.7,5617.95,Two year,DSL,No,80.7,70,5649.0,80.25642857142857,High Value,,0.0,Low Risk,High Value Customer
5351-QESIO,1,24.2,24.2,Month-to-month,DSL,No,24.2,1,24.2,24.2,Low Value,No,0.35,Low Risk,Low Priority
0786-VSSUD,16,39.0,679.85,Month-to-month,DSL,Yes,39.0,16,624.0,42.490625,Low Value,,0.0,Low Risk,Low Priority
5568-DMXZS,8,65.45,554.45,Month-to-month,DSL,No,65.45,8,523.6,69.30625,Low Value,,0.0,Low Risk,Low Priority
8468-FZTOE,72,74.35,5237.4,Two year,DSL,No,74.35,72,5353.2,72.74166666666666,High Value,,0.0,Low Risk,High Value Customer
6633-SYEUS,23,83.2,2032.3,Month-to-month,Fiber optic,No,83.2,23,1913.6,88.36086956521739,Medium Value,,0.0,Low Risk,Low Priority
6447-GORXK,31,25.0,789.2,Month-to-month,DSL,No,25.0,31,775.0,25.458064516129035,Low Value,,0.0,Low Risk,Low Priority
6967-PEJLL,37,40.2,1525.35,One year,DSL,No,40.2,37,1487.4,41.22567567567568,Medium Value,No,0.095,Low Risk,Low Priority
3976-BWUCK,30,94.1,2804.45,Month-to-month,Fiber optic,Yes,94.1,30,2823.0,93.48166666666664,Medium Value,,0.0,Low Risk,Low Priority
5981-ZVXOT,35,108.35,3726.15,One year,Fiber optic,No,108.35,35,3792.25,106.46142857142856,High Value,,0.0,Low Risk,High Value Customer
1684-FLBGS,23,69.5,1652.1,Month-to-month,DSL,No,69.5,23,1598.5,71.83043478260869,Medium Value,,0.0,Low Risk,Low Priority
1389-WNUIB,20,76.0,1588.75,One year,DSL,No,76.0,20,1520.0,79.4375,Medium Value,,0.0,Low Risk,Low Priority
0376-OIWME,36,93.6,3366.05,Month-to-month,Fiber optic,No,93.6,36,3369.6,93.5013888888889,High Value,,0.0,Low Risk,High Value Customer
3585-ISXZP,8,95.65,778.1,Month-to-month,Fiber optic,Yes,95.65,8,765.2,97.2625,Low Value,Yes,0.75,High Risk,Churn Risk
0218-QNVAS,71,100.55,7113.75,One year,Fiber optic,No,100.55,71,7139.05,100.193661971831,Very High Value,,0.0,Low Risk,VIP Customer
6583-QGCSI,50,88.05,4367.35,Month-to-month,Fiber optic,Yes,88.05,50,4402.5,87.34700000000001,High Value,,0.0,Low Risk,High Value Customer
0804-YGEQV,43,24.45,993.15,One year,No,No,24.45,43,1051.35,23.096511627906978,Medium Value,,0.0,Low Risk,Low Priority
7164-BPTUT,57,89.55,5012.35,Two year,DSL,No,89.55,57,5104.349999999999,87.93596491228071,High Value,,0.0,Low Risk,High Value Customer
4174-LPGTI,41,66.5,2728.6,One year,DSL,Yes,66.5,41,2726.5,66.55121951219512,Medium Value,,0.0,Low Risk,Low Priority
2523-EWWZL,27,76.1,2093.4,Month-to-month,Fiber optic,No,76.1,27,2054.7,77.53333333333333,Medium Value,,0.0,Low Risk,Low Priority
0928-XUTSN,13,80.5,1011.8,Month-to-month,Fiber optic,No,80.5,13,1046.5,77.83076923076922,Medium Value,,0.0,Low Risk,Low Priority
2108-XWMPY,3,35.45,106.85,Month-to-month,DSL,Yes,35.45,3,106.35,35.61666666666667,Low Value,,0.0,Low Risk,Low Priority
0052-YNYOT,67,20.55,1343.4,One year,No,No,20.55,67,1376.85,20.05074626865672,Medium Value,No,0.075,Low Risk,Low Priority
6304-IJFSQ,3,49.9,130.1,Month-to-month,DSL,Yes,49.9,3,149.7,43.36666666666667,Low Value,No,0.435,Medium Risk,Monitor
9586-JGQKH,64,105.4,6794.75,Two year,Fiber optic,No,105.4,64,6745.6,106.16796875,Very High Value,No,0.08,Low Risk,VIP Customer
4501-VCPFK,26,35.75,1022.5,Month-to-month,DSL,No,35.75,26,929.5,39.32692307692308,Low Value,,0.0,Low Risk,Low Priority
6075-SLNIL,38,95.1,3691.2,Month-to-month,Fiber optic,No,95.1,38,3613.8,97.13684210526316,High Value,,0.0,Low Risk,High Value Customer
9347-AERRL,23,19.3,486.2,One year,No,No,19.3,23,443.9,21.139130434782608,Low Value,,0.0,Low Risk,Low Priority
0093-XWZFY,40,104.5,4036.85,Month-to-month,Fiber optic,Yes,104.5,40,4180.0,100.92125,High Value,,0.0,Low Risk,High Value Customer
2274-XUATA,72,63.1,4685.55,Two year,DSL,No,63.1,72,4543.2,65.07708333333333,High Value,,0.0,Low Risk,High Value Customer
1980-KXVPM,3,75.05,256.25,Month-to-month,Fiber optic,Yes,75.05,3,225.15,85.41666666666667,Low Value,Yes,0.73,High Risk,Churn Risk
7703-ZEKEF,23,81.0,1917.1,Month-to-month,Fiber optic,Yes,81.0,23,1863.0,83.35217391304347,Medium Value,,0.0,Low Risk,Low Priority
0723-DRCLG,1,74.45,74.45,Month-to-month,Fiber optic,Yes,74.45,1,74.45,74.45,Low Value,,0.0,Low Risk,Low Priority
5482-NUPNA,4,60.4,272.15,Month-to-month,DSL,Yes,60.4,4,241.6,68.0375,Low Value,No,0.27,Low Risk,Low Priority
6691-CCIHA,62,84.95,5150.55,Two year,DSL,No,84.95,62,5266.900000000001,83.0733870967742,High Value,,0.0,Low Risk,High Value Customer
1685-BQULA,40,93.4,3756.4,Month-to-month,Fiber optic,No,93.4,40,3736.0,93.91,High Value,,0.0,Low Risk,High Value Customer
9053-EJUNL,41,89.2,3645.75,Month-to-month,Fiber optic,No,89.2,41,3657.2,88.92073170731707,High Value,,0.0,Low Risk,High Value Customer
0666-UXTJO,34,85.2,2874.45,Month-to-month,Fiber optic,No,85.2,34,2896.8,84.54264705882352,Medium Value,,0.0,Low Risk,Low Priority
1471-GIQKQ,1,49.95,49.95,Month-to-month,DSL,No,49.95,1,49.95,49.95,Low Value,No,0.395,Low Risk,Low Priority
4807-IZYOZ,51,20.65,1020.75,Two year,No,No,20.65,51,1053.15,20.014705882352946,Medium Value,,0.0,Low Risk,Low Priority
1122-JWTJW,1,70.65,70.65,Month-to-month,Fiber optic,Yes,70.65,1,70.65,70.65,Low Value,,0.0,Low Risk,Low Priority
9710-NJERN,39,20.15,826.0,Two year,No,No,20.15,39,785.8499999999999,21.17948717948718,Low Value,,0.0,Low Risk,Low Priority
9837-FWLCH,12,19.2,239.0,Month-to-month,No,No,19.2,12,230.4,19.916666666666668,Low Value,,0.0,Low Risk,Low Priority
1699-HPSBG,12,59.8,727.8,One year,DSL,Yes,59.8,12,717.5999999999999,60.65,Low Value,,0.0,Low Risk,Low Priority
7203-OYKCT,72,104.95,7544.3,One year,Fiber optic,No,104.95,72,7556.400000000001,104.78194444444443,Very High Value,,0.0,Low Risk,VIP Customer
1035-IPQPU,63,103.5,6479.4,Month-to-month,Fiber optic,No,103.5,63,6520.5,102.84761904761903,Very High Value,No,0.305,Low Risk,VIP Customer
7398-LXGYX,44,84.8,3626.35,Month-to-month,Fiber optic,No,84.8,44,3731.2,82.41704545454546,High Value,No,0.165,Low Risk,High Value Customer
2823-LKABH,18,95.05,1679.4,Month-to-month,Fiber optic,No,95.05,18,1710.9,93.3,Medium Value,,0.0,Low Risk,Low Priority
8775-CEBBJ,9,44.2,403.35,Month-to-month,DSL,Yes,44.2,9,397.8,44.81666666666667,Low Value,,0.0,Low Risk,Low Priority
0550-DCXLH,13,73.35,931.55,Month-to-month,DSL,No,73.35,13,953.55,71.6576923076923,Low Value,,0.0,Low Risk,Low Priority
9281-CEDRU,68,64.1,4326.25,Two year,DSL,No,64.1,68,4358.799999999999,63.62132352941177,High Value,,0.0,Low Risk,High Value Customer
2235-DWLJU,6,44.4,263.05,Month-to-month,DSL,No,44.4,6,266.4,43.84166666666667,Low Value,,0.0,Low Risk,Low Priority
0871-OPBXW,2,20.05,39.25,Month-to-month,No,No,20.05,2,40.1,19.625,Low Value,,0.0,Low Risk,Low Priority
3605-JISKB,55,60.0,3316.1,One year,DSL,No,60.0,55,3300.0,60.29272727272727,High Value,,0.0,Low Risk,High Value Customer
6894-LFHLY,1,75.75,75.75,Month-to-month,Fiber optic,Yes,75.75,1,75.75,75.75,Low Value,,0.0,Low Risk,Low Priority
9767-FFLEM,38,69.5,2625.25,Month-to-month,Fiber optic,No,69.5,38,2641.0,69.08552631578948,Medium Value,No,0.265,Low Risk,Low Priority
0639-TSIQW,67,102.95,6886.25,Month-to-month,Fiber optic,Yes,102.95,67,6897.650000000001,102.77985074626864,Very High Value,,0.0,Low Risk,VIP Customer
8456-QDAVC,19,78.7,1495.1,Month-to-month,Fiber optic,No,78.7,19,1495.3,78.68947368421053,Medium Value,,0.0,Low Risk,Low Priority
7750-EYXWZ,12,60.65,743.3,One year,DSL,No,60.65,12,727.8,61.94166666666666,Low Value,No,0.13,Low Risk,Low Priority
2569-WGERO,72,21.15,1419.4,Two year,No,No,21.15,72,1522.8,19.71388888888889,Medium Value,,0.0,Low Risk,Low Priority
6840-RESVB,24,84.8,1990.5,One year,DSL,No,84.8,24,2035.2,82.9375,Medium Value,,0.0,Low Risk,Low Priority
2234-XADUH,72,103.2,7362.9,One year,Fiber optic,No,103.2,72,7430.400000000001,102.2625,Very High Value,,0.0,Low Risk,VIP Customer
4801-JZAZL,11,29.6,346.45,Month-to-month,DSL,No,29.6,11,325.6,31.495454545454542,Low Value,,0.0,Low Risk,Low Priority
8361-LTMKD,4,74.4,306.6,Month-to-month,Fiber optic,Yes,74.4,4,297.6,76.65,Low Value,Yes,0.645,Medium Risk,Monitor
3186-AJIEK,66,105.65,6844.5,Two year,Fiber optic,No,105.65,66,6972.900000000001,103.70454545454544,Very High Value,,0.0,Low Risk,VIP Customer
