Feature,Importance
LTV,0.06992511359337783
tenure,0.06933626790992595
MonthlyCharges,0.05286091793936226
PaymentMethod_Electronic check,0.0234287739888646
InternetService_Fiber optic,0.021672596288073297
Contract_Two year,0.01870746095014771
OnlineSecurity_Yes,0.016349252450529303
TechSupport_Yes,0.015923057842809136
Contract_One year,0.015289076469283831
PaperlessBilling_Yes,0.015223746591548282
OnlineBackup_Yes,0.01266151767322854
Partner_Yes,0.011530665997014517
gender_Male,0.010291436779614607
Dependents_Yes,0.009766188488510045
SeniorCitizen,0.009730778149773436
DeviceProtection_Yes,0.009343370121109324
MultipleLines_Yes,0.008816680273202891
StreamingTV_Yes,0.008318076155522571
PaymentMethod_Credit card (automatic),0.008150022473414183
StreamingMovies_Yes,0.007869245560401477
StreamingMovies_No internet service,0.007324505654261972
TechSupport_No internet service,0.007220881726979115
OnlineSecurity_No internet service,0.007051509667169255
DeviceProtection_No internet service,0.006629241268189145
PaymentMethod_Mailed check,0.00582618288356189
OnlineBackup_No internet service,0.005736686143508251
StreamingTV_No internet service,0.0046416287298191115
InternetService_No,0.0039806612214222
MultipleLines_No phone service,0.0027871008432215918
PhoneService_Yes,0.0027670705809585377
TotalCharges_20.15,0.0007278248071891692
TotalCharges_19.9,0.0006613571588352539
TotalCharges_288.05,0.0006067037025865561
TotalCharges_19.45,0.000602247169939524
TotalCharges_45.3,0.0005899405251382754
TotalCharges_44.4,0.0005037980708887483
TotalCharges_19.6,0.0004986730801377687
TotalCharges_20.1,0.0004860547274126776
TotalCharges_20.2,0.000483178466781988
TotalCharges_20.5,0.0004597175162972142
Customers_4786-UKSNZ,0.00041553233168686046
Customers_7551-JOHTI,0.00040798671529583856
TotalCharges_45.7,0.00039893850076856035
Customers_1577-HKTFG,0.000385339983602322
TotalCharges_1099.6,0.0003791347957403846
Customers_1349-WXNGG,0.00037447353023898727
Customers_7951-QKZPL,0.00036568960603104624
Customers_0516-VRYBW,0.00036495369038450407
Customers_8329-IBCTI,0.00035982611581236967
TotalCharges_19.95,0.0003588675151734524
TotalCharges_297.3,0.0003575842209344951
Customers_7812-FZHPE,0.0003547998535275419
TotalCharges_63.75,0.0003539773449277296
TotalCharges_20.9,0.0003520930405275214
Customers_1383-EZRWL,0.0003509248822248965
Customers_4877-EVATK,0.00035071176248089637
Customers_1934-SJVJK,0.00035036973184099195
TotalCharges_113.85,0.00034977855540412674
TotalCharges_137.6,0.0003456250670359557
TotalCharges_50.15,0.000345439745263679
Customers_4083-EUGRJ,0.00033809559571831485
Customers_3900-AQPHZ,0.0003378807374486183
TotalCharges_740.3,0.00033757165611566825
Customers_4140-WJAWW,0.00033724770803225744
TotalCharges_289.3,0.0003372011133699102
TotalCharges_178.5,0.0003360566437878097
Customers_8515-OCTJS,0.00033603663781897315
Customers_1043-YCUTE,0.00033548798809585355
Customers_6532-YLWSI,0.0003348905278281026
TotalCharges_31.55,0.0003331090880963857
Customers_1038-ZAGBI,0.0003330710994939382
TotalCharges_7752.3,0.0003301338806660649
Customers_0607-DAAHE,0.0003290714710581919
TotalCharges_658.95,0.0003277858009973604
Customers_1009-IRMNA,0.00032706462216226085
Customers_6323-AYBRX,0.000326642052909897
TotalCharges_126.05,0.00032564647353186836
TotalCharges_1182.55,0.0003254506826766958
TotalCharges_692.1,0.00032544842619602275
Customers_7434-SHXLS,0.0003239142187085452
TotalCharges_45.05,0.00032276160120012736
Customers_1555-DJEQW,0.0003205514940084542
TotalCharges_327.45,0.00031844715870095594
Customers_0278-YXOOG,0.0003180434981039454
Customers_2667-WYLWJ,0.00031623773787747584
Customers_5624-BQSSA,0.000316081688205771
TotalCharges_164.85,0.00031596797343830154
Customers_6141-OOXUQ,0.0003159022768946021
Customers_1449-XQEMT,0.00031541454382011164
Customers_6849-WLEYG,0.0003151156725017368
TotalCharges_145,0.0003149439566420593
Customers_8182-PNAGI,0.00031469440316760013
TotalCharges_4759.75,0.00031427027708695083
Customers_4488-PSYCG,0.0003117624172299808
TotalCharges_1052.35,0.0003113374988272764
Customers_7845-URHJN,0.0003104984274028619
Customers_8305-VHZBZ,0.0003095312190003119
TotalCharges_655.85,0.00030880977893298306
TotalCharges_76.35,0.00030764028253967707
Customers_6990-YNRIO,0.0003067134592792904
Customers_2332-EFBJY,0.0003066822874725093
TotalCharges_1021.8,0.000306319198806291
Customers_1029-QFBEN,0.0003058446291949592
Customers_1452-VOQCH,0.00030513689010609496
TotalCharges_108.05,0.00030112792018842436
Customers_5577-OTWWW,0.0002998397354085508
TotalCharges_58.85,0.00029941884107701454
TotalCharges_70.3,0.00029917052766682036
Customers_2002-MZHWP,0.0002978906328727648
Customers_3506-LCJDC,0.00029781815161507806
TotalCharges_221.35,0.0002961589422034898
TotalCharges_7318.2,0.000296109147567918
TotalCharges_91.1,0.0002961059331934084
Customers_5616-PRTNT,0.0002944201399479179
TotalCharges_4653.85,0.00029425903094893656
TotalCharges_80.55,0.00029302775648608494
Customers_4745-LSPLO,0.00029013852871193
Customers_4195-SMMNX,0.00029013799705549935
TotalCharges_69.65,0.0002889185801021937
Customers_7839-QRKXN,0.00028882260605247686
TotalCharges_390.85,0.00028835025727733647
TotalCharges_44,0.0002882498394796595
Customers_6861-OKBCE,0.00028800409315777594
Customers_9249-FXSCK,0.00028788400808212744
Customers_6121-VZNQB,0.0002875911274248569
Customers_5049-GLYVG,0.00028702705045126396
Customers_5687-DKDTV,0.0002856665321496257
Customers_0107-WESLM,0.00028451581057567255
TotalCharges_45.1,0.00028350390424622163
Customers_7989-CHGTL,0.0002824038923887819
Customers_0617-AQNWT,0.0002814599164553862
Customers_2484-DGXPZ,0.00027941922523843434
Customers_0883-EIBTI,0.0002791079890460814
TotalCharges_33.2,0.0002789997405503631
Customers_2876-VBBBL,0.00027875034738176476
Customers_5356-RHIPP,0.000278530304856274
Customers_7439-DKZTW,0.00027829211360053384
Customers_8624-GIOUT,0.00027799137275971405
Customers_4853-RULSV,0.00027645867246574063
Customers_1725-IQNIY,0.0002761572203377551
Customers_7083-YNSKY,0.0002755224456260144
TotalCharges_5293.4,0.00027418290522697843
TotalCharges_5921.35,0.00027331807210864695
Customers_6289-CPNLD,0.0002708344724227547
Customers_4903-UYAVB,0.00027040776287954964
Customers_4895-TMWIR,0.00027012176456649894
TotalCharges_70.6,0.00026876855827653553
Customers_4390-KYULV,0.00026821798165497965
Customers_7853-GVUDZ,0.0002681276341705567
TotalCharges_69.95,0.000267730658204351
TotalCharges_4547.25,0.0002677139128291405
Customers_0031-PVLZI,0.0002673995500753181
TotalCharges_7611.85,0.00026738335343418117
TotalCharges_5769.75,0.0002672855303370535
Customers_3803-KMQFW,0.0002658205675861466
TotalCharges_1327.15,0.00026524904958479754
Customers_0137-UDEUO,0.0002652270607958624
TotalCharges_77.5,0.0002640617865581682
Customers_4255-DDUOU,0.0002639548894251935
Customers_1066-JKSGK,0.000262714775671542
TotalCharges_2587.7,0.00026266905311912443
Customers_9605-WGJVW,0.0002625183328015579
TotalCharges_3058.65,0.0002624691193686517
Customers_3148-BLQJT,0.0002624273843070606
TotalCharges_50.55,0.0002618304382969046
TotalCharges_6886.25,0.00026138598039764034
TotalCharges_294.45,0.00026106480008177604
Customers_2223-KAGMX,0.00026077866686938017
Customers_7359-SSBJK,0.0002607528330556553
TotalCharges_193.6,0.0002604696417284407
Customers_5510-BOIUJ,0.0002599218672309725
TotalCharges_91.7,0.00025981802798456604
Customers_5028-HTLJB,0.0002591494132653873
Customers_8559-CIZFV,0.0002586126104331636
Customers_4800-VHZKI,0.00025806501795605865
Customers_4322-RCYMT,0.0002577468181151093
Customers_2889-FPWRM,0.000257613718581217
TotalCharges_168.15,0.0002572672112688391
Customers_3192-NQECA,0.0002563304581332758
TotalCharges_1046.5,0.00025630242972663343
Customers_0378-XSZPU,0.00025628342521627343
Customers_4897-QSUYC,0.0002560892068199216
Customers_0203-HHYIJ,0.0002558560375145171
Customers_8073-IJDCM,0.0002551766398413556
TotalCharges_342.4,0.0002550760324935764
TotalCharges_5293.2,0.00025415726445352605
TotalCharges_3182.95,0.0002539251650311712
Customers_1114-CENIM,0.00025374266325600226
TotalCharges_7723.7,0.00025343453463133283
TotalCharges_2254.2,0.00025323843030134634
TotalCharges_7040.85,0.0002531857318231575
TotalCharges_4350.1,0.000253151536191627
Customers_4139-SUGLD,0.00025294318287983464
TotalCharges_5510.65,0.0002527317606231392
Customers_0917-EZOLA,0.0002526003157339214
TotalCharges_50.8,0.0002524929005154135
Customers_7465-ZZRVX,0.000252477955167166
TotalCharges_3160.55,0.00025244246295396056
TotalCharges_19.65,0.0002519528011471875
Customers_5294-CDGWY,0.00025162074752822577
Customers_2321-OMBXY,0.0002512565896015775
Customers_5143-WMWOG,0.0002509086068426283
TotalCharges_6579.05,0.0002505849819037854
TotalCharges_5293.95,0.00025036975835871834
Customers_5688-KZTSN,0.00025011099607803294
TotalCharges_2354.8,0.00024981531021782513
Customers_3948-XHGNA,0.0002496185124767396
TotalCharges_135,0.0002493896934465493
TotalCharges_245.2,0.00024927988347057766
Customers_7931-PXHFC,0.000249195615504161
Customers_7317-GGVPB,0.0002491294572400836
TotalCharges_1716.45,0.0002490316577515184
TotalCharges_89.25,0.00024865102254365847
TotalCharges_229.6,0.00024829546034512497
TotalCharges_19.7,0.0002478636836251443
TotalCharges_74.9,0.0002475897956923457
TotalCharges_20.6,0.00024743821386063016
Customers_5876-HZVZM,0.0002468988282510531
Customers_9603-OAIHC,0.0002468423942559563
TotalCharges_4134.85,0.0002467556878503731
TotalCharges_19.85,0.00024664714491941074
TotalCharges_1625,0.0002465942175935646
Customers_1984-FCOWB,0.0002462789317963253
Customers_8631-NBHFZ,0.00024619943442929045
TotalCharges_3326.2,0.00024618244012100763
TotalCharges_6890,0.00024575351442530815
TotalCharges_2317.1,0.0002452927629234797
Customers_4361-BKAXE,0.00024449486551480793
TotalCharges_309.1,0.0002444777589852225
Customers_9831-BPFRI,0.00024433913018884613
TotalCharges_7723.9,0.0002442780560137988
TotalCharges_50.1,0.00024411413211677566
Customers_1041-RXHRA,0.00024402160071221768
Customers_9063-ZGTUY,0.00024388070030042963
TotalCharges_7532.15,0.00024381945581446247
Customers_1725-MIMXW,0.0002421336505147115
Customers_4106-HADHQ,0.00024161134492217595
Customers_4800-CZMPC,0.00024096991978026595
TotalCharges_45.85,0.00024071621657628154
Customers_6425-YQLLO,0.0002406946257863928
TotalCharges_156.25,0.0002405514653935774
Customers_4355-HBJHH,0.00024042076241775228
TotalCharges_5643.4,0.000240100571761009
TotalCharges_70.15,0.00023970413513539352
TotalCharges_51.15,0.00023967917876903063
Customers_4710-FDUIZ,0.00023926897610860288
Customers_3104-OWCGK,0.00023911979673076536
TotalCharges_1077.5,0.0002390545110011788
TotalCharges_1193.05,0.00023827311614485862
TotalCharges_1425.45,0.00023819487281429244
TotalCharges_5224.35,0.00023806427195879152
Customers_2225-ZRGSG,0.00023793528901947428
TotalCharges_6876.05,0.00023785557696031425
TotalCharges_6937.95,0.0002374891132634207
TotalCharges_409.9,0.00023747795154315234
Customers_0268-QKIWO,0.00023703412646087168
TotalCharges_58.15,0.0002360707671955535
TotalCharges_146.65,0.00023590177435013726
Customers_2262-SLNVK,0.00023578660041131933
Customers_1585-MQSSU,0.0002353721787296183
TotalCharges_2934.3,0.0002348564943573868
TotalCharges_3563.8,0.00023483138428213014
TotalCharges_2460.15,0.00023467109772347234
TotalCharges_2274.9,0.00023465503141479948
TotalCharges_1338.15,0.00023452349537071335
TotalCharges_1334,0.00023417492019345946
TotalCharges_973.55,0.00023372727215411194
Customers_8785-EPNCG,0.00023344782995805114
Customers_5440-FLBQG,0.000233268275459969
TotalCharges_1448.8,0.00023274032080581607
TotalCharges_20.05,0.00023273690553985145
TotalCharges_539.85,0.00023261514394354153
TotalCharges_1863.8,0.00023255827432265672
Customers_6214-EDAKZ,0.00023206860809047092
TotalCharges_7548.1,0.00023185621399365403
TotalCharges_2319.8,0.00023180142699766158
Customers_8040-MNRTF,0.0002309264013470322
TotalCharges_6615.15,0.00023066174658219055
Customers_4597-ELFTS,0.00023064201025019783
TotalCharges_4990.25,0.0002304791232892089
TotalCharges_6056.15,0.00023009794121475757
Customers_0348-SDKOL,0.0002293712201077278
TotalCharges_19.75,0.00022924535514828452
TotalCharges_2917.5,0.00022872260202647037
TotalCharges_302.35,0.00022859493900404787
TotalCharges_654.85,0.00022820867324997889
TotalCharges_5918.8,0.00022812637871836875
TotalCharges_6585.35,0.00022801902206003185
Customers_4088-YLDSU,0.0002275961493763003
Customers_6481-OGDOO,0.0002275259376570009
TotalCharges_374.5,0.00022707418033013848
TotalCharges_2499.3,0.00022700825668795597
Customers_0022-TCJCI,0.00022700526057813772
TotalCharges_214.75,0.0002268392069534771
Customers_4720-VSTSI,0.0002266024807128256
TotalCharges_1445.3,0.00022630527787924674
TotalCharges_6144.55,0.00022618266524099023
Customers_1193-RTSLK,0.00022616210397044165
Customers_7762-URZQH,0.00022606861738665645
TotalCharges_5118.95,0.00022605125779493908
TotalCharges_5769.6,0.0002254691763745207
TotalCharges_6871.9,0.00022508098474930262
Customers_1265-XTECC,0.0002248837843132197
Customers_1899-VXWXM,0.0002247612289291383
Customers_6179-GJPSO,0.00022444466085463392
Customers_9614-RMGHA,0.00022350282024772075
TotalCharges_5794.65,0.0002232946142751657
Customers_0748-RDGGM,0.0002232494601305971
TotalCharges_4594.95,0.00022298794842229197
Customers_2239-JALAW,0.00022293919666751763
Customers_1000-AJSLD,0.0002227114816714449
Customers_5458-CQJTA,0.0002226697593443865
Customers_2722-VOJQL,0.00022253994312186072
TotalCharges_7348.8,0.0002224049004146225
TotalCharges_2405.05,0.0002222799071401501
TotalCharges_74.7,0.0002222350616572893
TotalCharges_7690.9,0.0002222059018335687
TotalCharges_5435.6,0.00022208689457184236
TotalCharges_5356.45,0.00022170062537325505
Customers_4404-HIBDJ,0.0002216648270700837
TotalCharges_5426.85,0.00022151253617759816
Customers_7657-DYEPJ,0.0002208872670499383
TotalCharges_834.15,0.00022081872898010606
Customers_7599-FKVXZ,0.00022076468357730468
Customers_9170-GYZJC,0.00022052618796838464
TotalCharges_18.85,0.00022041605391021852
TotalCharges_84.6,0.00022020651932035888
TotalCharges_7220.35,0.0002201732759559804
Customers_7541-YLXCL,0.00021995130738231995
TotalCharges_7804.15,0.0002197349526053356
TotalCharges_4481,0.000219455489199205
TotalCharges_1254.7,0.0002191729457597567
Customers_8292-TYSPY,0.00021904381979436882
Customers_0112-QWPNC,0.00021897400785661727
Customers_9445-SZLCH,0.00021892383627791442
Customers_2207-OBZNX,0.00021888057618714042
Customers_2215-ZAFGX,0.00021857884503967645
TotalCharges_5275.8,0.0002185378843061256
Customers_0201-OAMXR,0.00021847767414118508
TotalCharges_389.1,0.00021809598341153771
TotalCharges_4059.35,0.00021809318153112129
Customers_3090-HAWSU,0.00021808738350791816
Customers_1623-NLDOT,0.00021787449292203658
TotalCharges_1422.05,0.00021774169349522801
TotalCharges_6341.45,0.00021761516615866766
Customers_8079-XRJRS,0.00021745092001703537
Customers_3351-NQLDI,0.00021734143338628188
TotalCharges_71.25,0.00021726187262058642
Customers_7854-EDSSA,0.00021708869159314402
Customers_5906-CVLHP,0.00021702663073639393
TotalCharges_5551.15,0.00021696372190715545
Customers_4760-XOHVN,0.00021693753031703903
Customers_5089-IFSDP,0.00021691054230779685
TotalCharges_3233.6,0.00021690626248880402
Customers_4913-EHYUI,0.00021683530851048552
TotalCharges_4424.2,0.0002161053823438909
Customers_2011-TRQYE,0.00021594447944795945
Customers_8166-ZZTFS,0.0002156926399786746
Customers_6599-CEBNN,0.00021553422513744121
TotalCharges_4527.45,0.00021545406684763625
TotalCharges_70.05,0.00021510979611391863
TotalCharges_2375.4,0.00021488626707157524
Customers_9259-PACGQ,0.0002148823700063822
Customers_3034-ZBEQN,0.00021475081801134073
Customers_4234-XTNEA,0.0002146538590962178
Customers_5515-IDEJJ,0.00021442683161775294
TotalCharges_7176.55,0.00021440026694024802
Customers_3838-OZURD,0.00021424623488236423
TotalCharges_518.9,0.00021387768205521551
TotalCharges_354.05,0.00021383692265678427
Customers_2189-UXTKY,0.00021374744272343555
Customers_8634-CILSZ,0.0002132274774658171
Customers_6305-YLBMM,0.00021320509578593648
Customers_2302-ANTDP,0.00021276552233129276
Customers_7549-MYGPK,0.0002126635078006628
TotalCharges_25.1,0.0002126563543084737
TotalCharges_3198.6,0.00021265049166024053
Customers_6386-SZZKH,0.00021184772065195037
TotalCharges_5036.3,0.00021171601640293354
TotalCharges_5037.55,0.00021149960754497134
Customers_2565-JSLRY,0.00021121869992512662
TotalCharges_7372.65,0.0002111905778585519
Customers_0568-ONFPC,0.00021115030650032586
TotalCharges_20.3,0.00021112739165843843
Customers_0691-JVSYA,0.00021109896294754433
TotalCharges_3147.5,0.00021107693934312331
Customers_1842-EZJMK,0.00021104831542130542
TotalCharges_4820.15,0.00021104589788158693
TotalCharges_6252.9,0.00021094812843164084
Customers_0093-XWZFY,0.00021090539251347927
Customers_2403-BCASL,0.00021079973686326483
Customers_7577-SWIFR,0.00021048717443273763
Customers_5174-RNGBH,0.0002104564045884696
Customers_4789-KWMXN,0.0002103190731255641
Customers_9863-JZAIC,0.0002101325732262248
TotalCharges_1430.25,0.0002100173089509624
TotalCharges_757.1,0.0002098037977141228
TotalCharges_5265.1,0.00020962889866169454
TotalCharges_605.45,0.00020948511418965982
TotalCharges_6205.5,0.00020939453917591174
Customers_8824-RWFXJ,0.00020902013695305605
Customers_0461-CVKMU,0.0002087605068093598
TotalCharges_79.55,0.00020872696082783606
TotalCharges_24.8,0.00020831730773233876
TotalCharges_1565.7,0.00020812454298880896
TotalCharges_3475.55,0.00020811142034039953
TotalCharges_3229.65,0.00020795660742065568
TotalCharges_5916.45,0.00020789485230259116
TotalCharges_696.35,0.00020787599174635507
TotalCharges_994.55,0.00020734228761353459
Customers_2886-KEFUM,0.00020720341119971554
Customers_2957-LOLHO,0.00020693292036519484
TotalCharges_55,0.00020690462214105942
Customers_7614-QVWQL,0.00020664209904274614
Customers_6982-UQZLY,0.0002065035260788199
Customers_7776-QWNFX,0.0002062241729911134
TotalCharges_8684.8,0.00020616642468391445
Customers_3668-QPYBK,0.00020607166532034122
TotalCharges_2010.55,0.00020603342664896076
Customers_7133-VBDCG,0.00020567062199427773
Customers_6615-ZGEDR,0.00020564374640643133
Customers_4847-TAJYI,0.0002055389220575349
Customers_4576-CSAJH,0.0002053150668068156
Customers_5027-XWQHA,0.00020530011989445155
Customers_3512-IZIKN,0.00020527485328848344
Customers_5154-VEKBL,0.0002052680578926223
TotalCharges_7491.75,0.00020483413205867656
Customers_6849-OYAMU,0.0002047627060543781
TotalCharges_5082.8,0.00020475291630104014
TotalCharges_70.25,0.00020471690303010964
Customers_0426-TIRNE,0.0002047010699651091
Customers_5673-TIYIB,0.0002044678035800571
TotalCharges_2649.15,0.00020434999112838858
TotalCharges_3959.35,0.00020427461450480888
Customers_9318-NKNFC,0.00020420150521907804
TotalCharges_145.15,0.0002038941452138017
TotalCharges_438.4,0.0002038819168149917
TotalCharges_1348.9,0.00020382001951315982
TotalCharges_335.75,0.0002036506469967439
Customers_9564-KCLHR,0.00020329001066315283
Customers_0617-FHSGK,0.0002032215469634981
TotalCharges_19.5,0.00020319257961968568
TotalCharges_24.4,0.00020301090606534002
Customers_6038-GCYEC,0.00020293577226509118
Customers_3571-RFHAR,0.00020287247744480889
TotalCharges_6110.2,0.00020256500072465328
TotalCharges_19.25,0.0002024713417078192
TotalCharges_5614.45,0.000202149655306412
Customers_4081-DYXAV,0.00020199640538937514
TotalCharges_24.05,0.00020199276980717188
TotalCharges_521.35,0.00020196660961239725
Customers_5099-BAILX,0.0002018199360698396
Customers_3318-NMQXL,0.00020152360458064336
TotalCharges_2530.4,0.00020148592114422277
Customers_4588-YBNIB,0.00020146849186956854
TotalCharges_1127.35,0.00020146422146601897
Customers_2150-UWTFY,0.00020143828955858974
Customers_4883-QICIH,0.00020127185659506484
TotalCharges_399.6,0.00020111413475787712
Customers_5016-ETTFF,0.00020110297735228454
Customers_7394-LWLYN,0.00020107660087656455
TotalCharges_1054.6,0.000200975958930941
TotalCharges_449.75,0.00020083559255659178
Customers_1591-NFNLQ,0.0002008210107351246
TotalCharges_6903.1,0.0002008023096195197
Customers_1113-IUJYX,0.00020064046876289572
TotalCharges_1502.65,0.0002005482990499707
TotalCharges_3626.1,0.00020050518957272177
Customers_5922-ABDVO,0.00020046720754629037
TotalCharges_3937.45,0.00019989575924963534
TotalCharges_45.65,0.00019984800943647293
Customers_7881-INRLC,0.00019983014499092567
TotalCharges_104.2,0.0001997534132594894
TotalCharges_6127.6,0.00019965625504294516
Customers_4912-PIGUY,0.00019963482643624305
TotalCharges_6985.65,0.00019952842732075252
TotalCharges_7534.65,0.0001994900544837838
Customers_7619-ODSGN,0.00019925139960852125
Customers_1481-ZUWZA,0.0001992231568731671
TotalCharges_1380.1,0.00019921263013944563
Customers_4925-LMHOK,0.0001991525418700114
TotalCharges_892.65,0.0001988929622213492
TotalCharges_114.1,0.00019871489346914582
TotalCharges_6281.45,0.0001978935777470756
TotalCharges_1604.5,0.0001977726061879149
Customers_3804-RVTGV,0.00019758328501020303
Customers_1120-BMWUB,0.0001975501845614671
TotalCharges_3014.65,0.00019751881044351456
Customers_2219-MVUSO,0.00019748352691646029
TotalCharges_72.1,0.00019740605071162605
TotalCharges_20.95,0.00019728043760775752
Customers_7248-VZQLC,0.00019722759649616544
TotalCharges_620.55,0.00019719506723487774
TotalCharges_7689.95,0.0001971190740136508
TotalCharges_70.2,0.0001969304321701795
TotalCharges_84.5,0.00019692575862764798
TotalCharges_5149.5,0.00019689188725365535
TotalCharges_1206.05,0.00019680576665175102
TotalCharges_235.1,0.00019677067260198588
Customers_2027-OAQQC,0.00019675550618347486
Customers_4791-QRGMF,0.00019655781292867003
TotalCharges_2498.4,0.00019655551560553622
TotalCharges_4867.95,0.00019646105575376265
TotalCharges_900.5,0.00019609316264292533
Customers_6207-WIOLX,0.000196091030894208
Customers_9158-VCTQB,0.00019607696764876114
Customers_7639-SUPCW,0.00019587607712555255
TotalCharges_6873.75,0.0001958722639171723
Customers_9174-FKWZE,0.00019579143483883292
TotalCharges_4874.8,0.0001954926060285629
Customers_8267-ZNYVZ,0.00019537194066359065
Customers_0840-DFEZH,0.00019525007211598755
Customers_0877-SDMBN,0.00019498320493420166
TotalCharges_2636.05,0.00019488827323742723
Customers_6641-XRPSU,0.00019487588318788853
Customers_5748-RNCJT,0.0001948566388084986
TotalCharges_2452.7,0.00019473315853995243
Customers_7683-CBDKJ,0.0001945871574481322
TotalCharges_1637.4,0.00019438452878302716
TotalCharges_7262,0.00019415968031532473
Customers_9633-XQABV,0.00019414960210770418
Customers_7562-GSUHK,0.00019400179091969734
Customers_3927-NLNRY,0.00019381014678585508
TotalCharges_3624.3,0.0001937643061898243
Customers_7593-XFKDI,0.0001936815311224688
TotalCharges_7432.05,0.00019320386966355596
TotalCharges_3264.5,0.0001932002864941565
TotalCharges_2541.25,0.00019317736866702277
Customers_3419-SNJJD,0.00019305480970230107
TotalCharges_2716.3,0.00019294787194448478
Customers_3791-LGQCY,0.00019284859191535857
TotalCharges_5154.6,0.0001927942162903031
Customers_7486-KSRVI,0.0001926769519391043
Customers_8229-TNIQA,0.0001925216733268206
Customers_0021-IKXGC,0.00019228719648910274
Customers_8199-ZLLSA,0.00019211548153272285
Customers_9572-MTILT,0.00019156222617089453
Customers_3190-XFANI,0.00019150437158152076
Customers_7065-YUNRY,0.00019103301065623226
TotalCharges_4065,0.00019100415181156683
TotalCharges_1067.15,0.00019089412155133718
TotalCharges_5000.2,0.00019086782143609991
TotalCharges_151.75,0.0001908414825687177
TotalCharges_5124.6,0.00019075540523769868
TotalCharges_3754.6,0.0001905296115720334
TotalCharges_3457.9,0.00019050211489896225
TotalCharges_19.1,0.0001904215347530287
Customers_0420-BWTPW,0.00019031319156617078
TotalCharges_4213.35,0.0001902703696506296
TotalCharges_305.55,0.0001901062182227063
Customers_9053-JZFKV,0.00018982130026072526
Customers_8809-RIHDD,0.0001897159366757437
TotalCharges_191.05,0.00018949789359314632
TotalCharges_3273.55,0.00018935998536938022
TotalCharges_676.35,0.00018929512412745237
TotalCharges_260.8,0.00018916883735919278
Customers_0618-XWMSS,0.00018909406693036072
TotalCharges_2342.2,0.000189054340818345
Customers_0260-ZDLGK,0.00018905333755972513
Customers_6839-ITVZJ,0.00018900603339137452
TotalCharges_199.85,0.0001887163802429501
TotalCharges_4600.7,0.00018862000565342523
Customers_6635-MYYYZ,0.00018857001577108387
TotalCharges_19.3,0.00018850421704099448
TotalCharges_727.8,0.00018841909651241752
TotalCharges_431,0.0001883985777451191
TotalCharges_1929.35,0.00018830963036883423
Customers_4749-OJKQU,0.00018820248479501397
Customers_3976-BWUCK,0.0001881873256120479
TotalCharges_651.4,0.0001880025363070138
TotalCharges_4138.05,0.0001879092434362368
TotalCharges_1616.15,0.00018786872210313596
TotalCharges_1152.7,0.0001877575076549789
TotalCharges_2404.15,0.00018771672734210271
TotalCharges_6981.35,0.00018767775168251847
Customers_1644-IRKSF,0.00018763591215414252
TotalCharges_2804.45,0.0001875709315140924
Customers_7055-VKGDA,0.00018756205358130127
Customers_2311-QYMUQ,0.0001875327325742027
TotalCharges_3520.75,0.0001875284821558022
TotalCharges_4837.6,0.00018752314428466875
TotalCharges_937.6,0.00018735575128245194
Customers_2433-KMEAS,0.0001872060760127255
TotalCharges_86.6,0.00018717903804546876
Customers_5649-TJHOV,0.00018706093677683548
TotalCharges_3066.45,0.00018697886836480888
TotalCharges_663.55,0.00018674078396677945
TotalCharges_181.65,0.00018671335942328147
TotalCharges_2524.45,0.0001867078072644031
Customers_5995-OIGLP,0.00018667692164748333
Customers_8496-EJAUI,0.00018664621839269849
TotalCharges_75.6,0.00018662076125934682
Customers_4612-THJBS,0.0001863736768723382
TotalCharges_6448.05,0.0001862827662422889
Customers_2634-HCZGT,0.00018616354569987313
TotalCharges_6941.2,0.00018603965745750067
Customers_3424-NMNBO,0.00018601639741120835
TotalCharges_5685.8,0.00018586972587799431
Customers_3023-GFLBR,0.00018578801672017274
TotalCharges_5121.3,0.00018574062122900524
Customers_0193-ESZXP,0.00018570537388695402
Customers_4187-CINZD,0.0001854408936226615
Customers_6345-ULYRW,0.00018534923984327923
Customers_8563-IIOXK,0.00018533021402964534
Customers_6173-ITPWD,0.00018524964971722283
TotalCharges_6215.35,0.0001852156503754997
Customers_6394-MFYNG,0.0001851828256964647
TotalCharges_2282.55,0.00018518046286172322
Customers_1527-SXDPN,0.00018505007924593517
Customers_6261-RCVNS,0.0001849669058857328
Customers_4143-HHPMK,0.00018493650459406685
TotalCharges_6581.9,0.00018477437711623065
Customers_5020-ZSTTY,0.00018472639481536033
TotalCharges_255.25,0.00018462653807518783
TotalCharges_20.55,0.0001845546931654372
TotalCharges_4515.85,0.00018429834757506847
TotalCharges_93.7,0.00018416277184630738
TotalCharges_457.1,0.00018410392860271157
TotalCharges_684.85,0.00018405558288736717
TotalCharges_1527.5,0.00018392114205111924
TotalCharges_75.1,0.00018388978980061126
Customers_2359-QWQUL,0.00018376276186077075
TotalCharges_5610.7,0.00018360274192005523
Customers_3426-NIYYL,0.00018353380398649616
Customers_3580-REOAC,0.000183498221603429
TotalCharges_2345.2,0.00018348804828879531
Customers_3259-FDWOY,0.00018339573582983471
Customers_0991-BRRFB,0.00018330127517592827
Customers_5073-WXOYN,0.00018314192576245538
Customers_5013-SBUIH,0.00018300367498220261
TotalCharges_5341.8,0.0001829115185820667
TotalCharges_5071.05,0.0001828880936504705
TotalCharges_4512.7,0.00018285134029681852
Customers_0843-WTBXE,0.0001828290794597241
TotalCharges_131.05,0.00018277149048892162
Customers_3230-WYKIR,0.00018264368489516892
Customers_1322-AGOQM,0.00018260062915006442
Customers_4566-QVRRW,0.0001825298085437981
Customers_8627-EHGIP,0.00018246526660613236
Customers_3030-YZADT,0.00018243857312217262
TotalCharges_365.35,0.00018239240717256923
Customers_3714-JTVOV,0.00018222443416216432
TotalCharges_160.8,0.00018220100910657777
Customers_0117-LFRMW,0.0001821168138016933
TotalCharges_3777.15,0.0001819382905250786
TotalCharges_415.55,0.00018188392147082112
Customers_0533-BNWKF,0.00018181024862028129
TotalCharges_347.25,0.00018161765991089786
TotalCharges_1454.15,0.00018154785761237093
TotalCharges_5940.85,0.00018145228772615936
Customers_3815-SLMEF,0.0001813024898112689
TotalCharges_3303.05,0.000180883905594481
Customers_1197-BVMVG,0.00018074562328630417
Customers_5766-XQXMQ,0.00018070718639086694
TotalCharges_597,0.00018037204852644237
TotalCharges_70.1,0.0001803506114684526
TotalCharges_232.35,0.0001803469905376139
Customers_8722-NGNBH,0.00018011729412888012
TotalCharges_6603,0.0001800470804669122
TotalCharges_1210.4,0.0001799797963734336
Customers_2810-FTLEM,0.00017996746340046541
Customers_9835-ZIITK,0.0001797693138604587
TotalCharges_51.25,0.00017976803535866892
TotalCharges_2933.2,0.00017975453601197657
Customers_5708-EVONK,0.000179593192304785
TotalCharges_791.7,0.00017952202141690652
TotalCharges_2791.5,0.000179509399776746
TotalCharges_74.3,0.00017927256812025775
Customers_5394-SVGJV,0.00017923232494169842
Customers_7547-EKNFS,0.00017917416047553687
TotalCharges_2497.35,0.00017911762248243063
Customers_3462-BJQQA,0.0001789102593357211
Customers_0156-FVPTA,0.00017889938124350508
Customers_0578-SKVMF,0.00017888637098222173
Customers_3878-AVSOQ,0.0001787434323486687
Customers_4580-TMHJU,0.0001787421372082253
Customers_2108-XWMPY,0.00017868076837362803
TotalCharges_206.6,0.00017865134053553862
Customers_3415-TAILE,0.00017850660357353695
TotalCharges_1608.15,0.00017831590895772513
TotalCharges_253.8,0.00017821036294996372
TotalCharges_4116.15,0.000178160333536062
TotalCharges_866.45,0.00017806924216118937
TotalCharges_5029.2,0.00017791972061076134
Customers_3886-CERTZ,0.00017780497728971903
TotalCharges_1043.35,0.00017779502128204054
Customers_7253-UVNDW,0.00017778215006815636
Customers_4831-EOBFE,0.0001777248027401805
TotalCharges_712.85,0.00017772129860232295
Customers_9574-RKJIF,0.0001775977013583989
TotalCharges_223.45,0.0001774268095916353
Customers_2382-BCKQJ,0.00017739591760453847
Customers_2817-NTQDO,0.00017738122816155077
TotalCharges_35.05,0.0001773287950085852
Customers_8773-HHUOZ,0.00017728712839382903
Customers_0654-HMSHN,0.00017721636218393907
Customers_8019-ENHXU,0.00017713455062310642
Customers_3489-HHPFY,0.00017682414241849254
TotalCharges_2467.75,0.0001766893141536212
Customers_6680-NENYN,0.00017662512847798988
Customers_9617-INGJY,0.0001765432142044367
TotalCharges_2416.1,0.00017638017815051448
Customers_0565-IYCGT,0.00017633584063118975
TotalCharges_480.6,0.00017633419196752455
TotalCharges_937.5,0.0001762106326996702
TotalCharges_229.7,0.00017618945137928236
TotalCharges_5373.1,0.00017614673533377753
Customers_8901-HJXTF,0.00017606177962445227
Customers_9057-MSWCO,0.00017602569140802
TotalCharges_20.25,0.00017595055534492455
Customers_1228-FZFRV,0.00017587718136302172
TotalCharges_6039.9,0.00017581965817071123
Customers_9578-VRMNM,0.00017570132593645272
Customers_5389-FFVKB,0.00017568022714896416
Customers_2530-ENDWQ,0.00017566985308758464
Customers_0836-SEYLU,0.00017555311299757089
Customers_6357-JJPQT,0.0001755462172188383
TotalCharges_5893.15,0.0001754950602767664
Customers_7721-JXEAW,0.00017547446909133992
Customers_9412-GHEEC,0.0001754400658022723
Customers_8775-CEBBJ,0.00017542609465520315
TotalCharges_2347.9,0.00017540340289199348
TotalCharges_805.1,0.0001752846715969727
TotalCharges_2250.65,0.00017526561069285747
TotalCharges_4036.85,0.00017520693532608147
Customers_6366-ZGQGL,0.00017519282790977244
Customers_6559-ILWKJ,0.00017505475630693782
Customers_4039-HEUNW,0.000174903466238987
Customers_7398-SKNQZ,0.0001748399163466645
Customers_1213-NGCUN,0.0001748285994534233
TotalCharges_118.3,0.0001748178846098125
Customers_4628-WQCQQ,0.0001748121408242004
Customers_1508-DFXCU,0.0001747802620201862
TotalCharges_259.8,0.00017470211377497246
Customers_0687-ZVTHB,0.00017460681436783557
Customers_2794-XIMMO,0.00017456860000108834
Customers_5057-LCOUI,0.00017456638326541246
TotalCharges_663.05,0.000174436687920019
Customers_2249-YPRNG,0.0001743338246616233
Customers_8309-IEYJD,0.00017420089979076295
Customers_8976-OQHGT,0.00017412900342764096
TotalCharges_4830.25,0.00017409317774041242
Customers_6097-EQISJ,0.0001740668862646091
Customers_3707-LRWZD,0.00017383703113597364
Customers_9090-SGQXL,0.0001738021975888402
TotalCharges_7674.55,0.00017378532207303304
Customers_0644-OQMDK,0.000173656310878568
TotalCharges_4398.15,0.00017364415883359583
TotalCharges_1235.55,0.00017356099362971845
TotalCharges_678.45,0.00017349710543936427
Customers_0471-LVHGK,0.00017344162892531155
Customers_3863-IUBJR,0.0001734361311126832
TotalCharges_593.75,0.00017340387997153813
TotalCharges_2728.6,0.00017324387152207926
Customers_2789-HQBOU,0.00017322959182802293
TotalCharges_266.8,0.00017320342432426957
TotalCharges_914,0.00017314628746825666
Customers_8035-BUYVG,0.00017305497423804304
Customers_4550-VBOFE,0.0001730363053121212
TotalCharges_331.3,0.00017299117754695083
TotalCharges_293.3,0.00017296893393061613
Customers_0928-XUTSN,0.00017290403666887056
Customers_7752-XUSCI,0.0001727953268107064
TotalCharges_2104.55,0.00017268152194610878
Customers_0406-BPDVR,0.0001725982426088171
TotalCharges_30.5,0.0001723993065766178
Customers_2153-MREFK,0.00017236744572899713
TotalCharges_219,0.00017209628430586536
Customers_5669-SRAIP,0.00017209393427727643
Customers_0587-DMGBH,0.00017196763275318657
TotalCharges_1172.95,0.00017193497325548537
TotalCharges_3409.6,0.00017179612149960402
TotalCharges_3184.25,0.00017170554293344196
Customers_5202-IVJNU,0.000171578622544821
TotalCharges_135.75,0.00017130653592675407
TotalCharges_6428.4,0.00017128998225994247
TotalCharges_2184.35,0.00017113450547078288
Customers_2141-RRYGO,0.0001711308699251467
Customers_6986-IXNDM,0.00017109686775635763
TotalCharges_2655.25,0.00017107117508453798
TotalCharges_1555.65,0.00017106780411509543
TotalCharges_941,0.00017101305601376925
Customers_2929-QNSRW,0.00017100692899503785
TotalCharges_2178.6,0.00017093163424429628
TotalCharges_113.35,0.0001708293279381813
Customers_9776-CLUJA,0.0001707871736426628
Customers_4174-LPGTI,0.0001707646407964068
TotalCharges_2839.65,0.00017072988156949863
Customers_6804-GDMOI,0.0001706341077525513
TotalCharges_1240.25,0.00017051761139856954
TotalCharges_5961.1,0.00017029604532183673
Customers_8444-WRIDW,0.00017018313140418562
Customers_8155-IBNHG,0.000170172252534448
Customers_5649-VUKMC,0.0001701321440351549
TotalCharges_120.25,0.00017003527552422604
Customers_5449-FIBXJ,0.00017000025817505266
Customers_4391-RESHN,0.00016994918656166132
Customers_8387-MOJJT,0.0001699116723341224
Customers_0761-AETCS,0.00016985451769909655
TotalCharges_832.35,0.00016980058053351195
TotalCharges_2867.75,0.00016978991624178898
Customers_8087-LGYHQ,0.0001697781508407722
Customers_6734-GMPVK,0.00016956537701163176
TotalCharges_3912.9,0.00016933087519282756
TotalCharges_3001.2,0.0001692836100466712
Customers_2894-QOJRX,0.0001692246744503873
TotalCharges_567.8,0.00016906802030079054
TotalCharges_7133.25,0.00016901750312277433
Customers_0415-MOSGF,0.00016901194019100193
Customers_2911-UREFD,0.00016893696696439244
TotalCharges_2331.3,0.00016892105804528496
TotalCharges_2109.35,0.0001687202110033122
TotalCharges_6125.4,0.00016871441108504278
Customers_5180-UCIIQ,0.00016864796262238573
Customers_6769-DCQLI,0.0001684612401809137
TotalCharges_215.2,0.00016839868716878758
TotalCharges_450.8,0.00016832749611996457
TotalCharges_6413.65,0.0001682506994798437
Customers_1640-PLFMP,0.00016805913240119724
TotalCharges_6017.65,0.000168057050766246
Customers_9101-BWFSS,0.00016802657597420515
Customers_0397-GZBBC,0.0001678824625231002
Customers_3453-RTHJQ,0.00016784169253186078
TotalCharges_4687.9,0.00016780874155464728
TotalCharges_2157.95,0.00016778363195916858
Customers_8919-FYFQZ,0.00016775437508557818
Customers_5502-RLUYV,0.00016761374419663346
Customers_2189-WWOEW,0.00016755265441634643
Customers_4765-OXPPD,0.00016748886988035525
Customers_3647-GMGDH,0.00016746557321009562
Customers_3842-IYKUE,0.00016742475488383996
TotalCharges_5124.55,0.00016735845657477912
Customers_3092-IGHWF,0.0001672662942766316
TotalCharges_3092.65,0.00016716786239721649
Customers_6818-WOBHJ,0.0001671325202343425
TotalCharges_4131.95,0.00016710752970263744
TotalCharges_8109.8,0.00016704420395021583
TotalCharges_20.85,0.00016703655585301975
Customers_4628-CTTLA,0.00016703477706275086
Customers_5399-ZIMKF,0.00016697293827027667
Customers_0475-RIJEP,0.00016693230397130175
TotalCharges_3862.55,0.00016687429658252654
TotalCharges_874.8,0.00016686638876126724
TotalCharges_6975.25,0.00016678149832586174
Customers_8749-JMNKX,0.00016675382003835716
TotalCharges_4400.75,0.00016630304342781708
Customers_0639-TSIQW,0.0001662513213504259
TotalCharges_1834.95,0.00016624203035114392
Customers_9210-IAHGH,0.00016609740910178997
Customers_0691-IFBQW,0.00016593461826875926
TotalCharges_6283.3,0.00016567723077785058
Customers_5536-RTPWK,0.00016564205636899774
TotalCharges_1259,0.00016560030169619324
TotalCharges_8127.6,0.00016554035312008847
Customers_7716-YTYHG,0.00016548117978279606
TotalCharges_6396.45,0.00016546791848133377
Customers_2235-ZGKPT,0.00016528369677455186
Customers_3943-KDREE,0.00016519683180829504
TotalCharges_332.45,0.00016516448010379885
TotalCharges_280.35,0.00016515766869589063
TotalCharges_2514.5,0.0001651451853882713
TotalCharges_477.55,0.00016511008048573063
TotalCharges_4348.65,0.000165054825910258
TotalCharges_1745.2,0.00016504497541372753
TotalCharges_2076.2,0.000164735959456518
Customers_3926-CUQZX,0.00016470550103075968
TotalCharges_5639.05,0.00016450196115180442
Customers_0601-WZHJF,0.00016443324865743418
Customers_5480-TBGPH,0.00016438192733580207
Customers_8806-EAGWC,0.0001643582154068714
Customers_2460-FPSYH,0.00016431795077358536
Customers_2979-SXESE,0.00016428592284128802
TotalCharges_1157.05,0.00016427454299328638
TotalCharges_2496.7,0.000164193684522315
TotalCharges_1032,0.00016415246308599626
Customers_8257-RZAHR,0.00016400236700428268
Customers_8651-ENBZX,0.00016391733710125825
Customers_5150-ITWWB,0.0001639129064597021
TotalCharges_1767.35,0.0001638996760336088
TotalCharges_356.1,0.00016389593117729744
TotalCharges_165.2,0.00016376524086041938
Customers_6583-QGCSI,0.00016362677136677568
Customers_3009-JWMPU,0.00016349673537762843
TotalCharges_1970.5,0.00016344325702320585
Customers_1373-ORVIZ,0.0001633312702221614
TotalCharges_494.05,0.00016331012236817555
Customers_1596-BBVTG,0.00016330909489929455
TotalCharges_422.4,0.00016324074962856922
Customers_3992-YWPKO,0.0001631607934945101
Customers_2100-BDNSN,0.0001630617658652796
TotalCharges_2564.3,0.00016293578466307492
TotalCharges_2758.15,0.00016284343499081217
TotalCharges_552.65,0.00016268526409635026
TotalCharges_1424.5,0.00016263692202259032
TotalCharges_4853.75,0.00016261871433999453
Customers_1450-SKCVI,0.00016252933799957916
TotalCharges_69.4,0.00016246585145935895
TotalCharges_3384,0.00016244750763565755
TotalCharges_4016.85,0.00016242732441542934
TotalCharges_2249.95,0.00016236689942313766
TotalCharges_4517.25,0.00016230616863774686
TotalCharges_2362.1,0.0001620671724596329
Customers_2858-MOFSQ,0.00016201256110832837
TotalCharges_1057.55,0.00016198134655369533
Customers_2123-AGEEN,0.00016197925823587163
TotalCharges_947.3,0.0001619479488176085
Customers_8417-FMLZI,0.00016190988488858776
TotalCharges_74.6,0.00016166708071589216
Customers_2833-SLKDQ,0.00016165903581971441
Customers_2898-LSJGD,0.00016165434083372998
TotalCharges_2651.2,0.00016160924712036313
Customers_4351-QLCSU,0.00016155685048727984
TotalCharges_2171.15,0.00016154464973148748
Customers_9360-OMDZZ,0.0001614847088527563
TotalCharges_75.3,0.00016137056958651864
Customers_1891-FZYSA,0.00016131625956932027
Customers_0643-OKLRP,0.00016126918523250673
TotalCharges_6145.85,0.00016100794076821215
Customers_7551-DACSP,0.00016094985939951932
Customers_6410-LEFEN,0.00016089148481197534
Customers_6350-XFYGW,0.00016084771187214347
TotalCharges_3013.05,0.0001607527007615108
Customers_4291-SHSBH,0.0001607411257015041
TotalCharges_1836.25,0.00016073814507249325
TotalCharges_6851.65,0.00016069058250590566
TotalCharges_5885.4,0.00016063120432942572
Customers_1670-SVOWZ,0.0001606294350122801
TotalCharges_3243.45,0.00016054462144057005
TotalCharges_5742.9,0.00016046776068856042
Customers_6923-EFPNL,0.0001604148930853349
Customers_9601-BRXPO,0.00016040985566856292
Customers_2320-JRSDE,0.00016040854058644894
Customers_4060-LDNLU,0.00016026439304114943
Customers_0115-TFERT,0.00016017138351200183
TotalCharges_46.3,0.00016016328302558984
TotalCharges_2435.15,0.00016000861712273437
Customers_6397-JNZZG,0.000159973629305507
TotalCharges_1900.25,0.00015989933204729617
Customers_6229-LSCKB,0.00015978575035462315
TotalCharges_70.7,0.00015975942083988948
Customers_3208-YPIOE,0.00015974637579589074
Customers_1732-VHUBQ,0.00015972319614786194
TotalCharges_856.35,0.00015967229569799208
TotalCharges_1855.65,0.00015960805016624995
TotalCharges_3229.4,0.00015946246067863424
Customers_0786-VSSUD,0.00015945824738721164
TotalCharges_5743.05,0.0001594569782316019
TotalCharges_135.2,0.00015941278062523142
Customers_3285-UCQVC,0.0001592826516859419
Customers_8945-MUQUF,0.00015917446760243162
TotalCharges_1761.05,0.00015916094106281357
Customers_2115-BFTIW,0.0001590748868826969
Customers_6581-NQCBA,0.00015898790674592707
Customers_1689-MRZQR,0.000158927745288635
TotalCharges_5017.9,0.0001589187405252947
Customers_1502-XFCVR,0.00015888790646337623
TotalCharges_6441.4,0.0001588205313661044
Customers_3859-CVCET,0.00015879296611643958
Customers_6982-SSHFK,0.0001587835361845018
TotalCharges_5509.3,0.00015871659101289681
Customers_3870-MQAMG,0.00015867034732360962
TotalCharges_106.85,0.00015859467944317183
Customers_7774-OJSXI,0.00015853458348707113
TotalCharges_144.8,0.00015853087641695722
TotalCharges_1060.2,0.00015838579916262825
Customers_6986-IJDHX,0.00015820555722515178
Customers_7044-YAACC,0.0001581729035808771
TotalCharges_522.95,0.000158116581893437
TotalCharges_5069.65,0.00015811515831085494
TotalCharges_7446.9,0.00015796104300500768
Customers_2037-XJFUP,0.0001578815472924158
TotalCharges_3036.75,0.00015777286438850734
Customers_3315-TOTBP,0.00015770045478209497
TotalCharges_4750.95,0.00015768366650734128
TotalCharges_324.25,0.00015767747272614146
Customers_8270-RKSAP,0.000157484263313241
Customers_8327-LZKAS,0.00015744373234794583
Customers_7530-HDYDS,0.00015737896570416178
Customers_9518-RWHZL,0.00015731216081092187
TotalCharges_597.9,0.0001572935636985622
TotalCharges_2015.35,0.0001572765236081394
TotalCharges_6254.2,0.0001571875524326706
TotalCharges_5453.4,0.00015717992482612263
Customers_1432-FPAXX,0.00015715545974688517
TotalCharges_3969.35,0.00015713804675310998
Customers_2408-TZMJL,0.00015704587019026422
TotalCharges_69.1,0.00015686464640512148
Customers_3814-MLAXC,0.00015685823301992606
Customers_4124-MMETB,0.0001568037611975877
TotalCharges_3706.95,0.00015643904964510503
TotalCharges_403.35,0.00015638189320479762
TotalCharges_123.8,0.00015638189017512787
TotalCharges_1066.9,0.0001562960477063338
TotalCharges_2697.4,0.00015622843747758496
TotalCharges_350.3,0.0001562218211011163
TotalCharges_4749.15,0.00015605394140382953
Customers_3763-GCZHZ,0.0001559522998889532
TotalCharges_4367.35,0.00015582834233147225
TotalCharges_50.6,0.0001558256767750204
Customers_4818-DRBQT,0.0001557207164062632
Customers_7459-RRWQZ,0.0001556581131640492
Customers_2834-SPCJV,0.00015562834417808812
TotalCharges_2555.9,0.00015540583290872954
Customers_4423-YLHDV,0.00015518447119039215
TotalCharges_25.25,0.00015516144427381675
Customers_3500-RMZLT,0.0001549381444759588
Customers_7730-IUTDZ,0.0001548895412416645
Customers_3336-JORSO,0.00015444488549567483
Customers_9651-GTSAQ,0.00015440580503264882
Customers_3058-HJCUY,0.00015432877852514007
Customers_4510-PYUSH,0.00015430521530472694
Customers_1343-EHPYB,0.00015428935947373954
Customers_2947-DOMLJ,0.00015413782858135635
TotalCharges_174.45,0.000154107595829831
Customers_5935-FCCNB,0.00015401017685860886
Customers_3685-YLCMQ,0.00015392808496618218
TotalCharges_81.05,0.00015390780067960953
TotalCharges_3361.05,0.00015390743383590958
Customers_0322-YINQP,0.00015385351241065903
TotalCharges_159.15,0.00015385016929263305
Customers_5813-UECBU,0.00015384031907916983
Customers_0354-WYROK,0.00015380964122526153
Customers_9948-YPTDG,0.00015372603923039823
TotalCharges_1023.9,0.00015351226605076116
TotalCharges_1582.75,0.00015345222322398307
TotalCharges_939.7,0.0001533754320600695
TotalCharges_1093.1,0.00015332307514998326
TotalCharges_4242.35,0.00015331782348960245
TotalCharges_4211.55,0.0001532920743906381
Customers_5130-IEKQT,0.0001532867170696512
Customers_3164-AALRN,0.00015320117500200372
TotalCharges_153.8,0.00015316611558706384
TotalCharges_966.55,0.00015310074887654775
TotalCharges_7101.5,0.00015304734376676035
Customers_4307-KTUMW,0.0001528412265654617
TotalCharges_2011.4,0.00015274693614788408
Customers_0807-ZABDG,0.0001526127136392845
TotalCharges_270.8,0.0001525847345849761
TotalCharges_765.5,0.00015253705419415148
TotalCharges_2169.8,0.000152514773503088
Customers_4471-KXAUH,0.00015250395184357004
Customers_1219-NNDDO,0.00015246064594322996
TotalCharges_777.3,0.0001524576478894567
TotalCharges_4254.85,0.00015244054225261835
Customers_0402-CQAJN,0.0001524393425771472
TotalCharges_6710.5,0.00015241865026343886
Customers_5032-MIYKT,0.00015238505537746056
TotalCharges_75.35,0.00015227080491913897
Customers_5928-QLDHB,0.00015220321506531344
TotalCharges_2483.05,0.0001521995357252325
Customers_3757-NJYBX,0.00015214067875714743
TotalCharges_69.75,0.0001520415526242051
TotalCharges_3692.85,0.00015190965017383386
Customers_7225-CBZPL,0.00015185873520712605
Customers_6927-WTFIV,0.00015166894157570422
Customers_5569-OUICF,0.00015164688385844023
TotalCharges_2111.45,0.0001515735984652153
TotalCharges_89.35,0.00015156129373828164
TotalCharges_4783.5,0.00015152142794039634
TotalCharges_2265.25,0.00015117518691796762
Customers_3521-SYVOR,0.00015107664099826856
Customers_8740-XLHDR,0.00015084359317330288
TotalCharges_482.8,0.00015082971097867088
TotalCharges_1208.35,0.0001507019828130647
TotalCharges_155.35,0.00015047370410764814
Customers_8111-SLLHI,0.00015039507988083567
TotalCharges_1400.3,0.0001503639440572246
Customers_3144-AUDBS,0.0001503038739902634
TotalCharges_201.1,0.00015027428048590354
Customers_3445-HXXGF,0.00015019718656139624
Customers_2799-ARNLO,0.00015005599469484037
TotalCharges_483.7,0.00014997003948790695
TotalCharges_55.2,0.0001498286789612378
TotalCharges_4534.9,0.00014962035576795518
TotalCharges_5624.85,0.00014947274131280725
Customers_0623-IIHUG,0.00014936181455311103
Customers_6439-GTPCA,0.00014919623527990088
TotalCharges_5485.5,0.00014902750944720912
Customers_7112-OPOTK,0.00014896247037196603
TotalCharges_139.35,0.00014895269305265709
TotalCharges_60.1,0.00014894364234403258
TotalCharges_2781.85,0.0001488358365026238
TotalCharges_48.55,0.00014882605401660186
TotalCharges_239.55,0.00014876658672926103
TotalCharges_319.15,0.00014851769882221453
Customers_2984-AFWNC,0.00014850702555323773
Customers_4398-HSCJH,0.00014847123101385554
Customers_9840-EFJQB,0.00014840669599735452
TotalCharges_564.65,0.00014834382277596636
Customers_8374-XGEJJ,0.00014830681514566116
Customers_4671-LXRDQ,0.0001482734134741839
TotalCharges_3027.4,0.00014814535984095304
TotalCharges_134.05,0.00014806297507242435
Customers_6860-YRJZP,0.0001479383606367259
Customers_2187-LZGPL,0.0001478748903149641
TotalCharges_2698.35,0.00014785412775693822
TotalCharges_69.6,0.00014776317310095078
TotalCharges_4026.4,0.00014771203664628666
TotalCharges_2954.5,0.0001476901042941255
Customers_8761-NSOBC,0.00014762261517897436
Customers_2983-ZANRP,0.00014754849283908736
Customers_7136-RVDTZ,0.00014751954006255404
TotalCharges_3994.45,0.0001474271670552192
Customers_6313-GIDIT,0.00014739164360456144
TotalCharges_402.5,0.00014737835113498712
Customers_7321-VGNKU,0.00014731966547490178
TotalCharges_6287.25,0.00014730059055836765
Customers_3669-LVWZB,0.00014725615218136992
TotalCharges_44.45,0.00014724706025666444
TotalCharges_5278.15,0.00014718130900321426
Customers_0886-QGENL,0.00014701749585320305
TotalCharges_667.7,0.00014696514891414863
Customers_5136-KCKGI,0.00014694829803536368
TotalCharges_5508.35,0.0001469070179100029
TotalCharges_3124.5,0.0001468846707158423
TotalCharges_79.6,0.00014686561488285919
Customers_4911-BANWH,0.00014683398085700865
TotalCharges_6219.6,0.00014683372531996302
Customers_6302-JGYRJ,0.00014678229464953
Customers_2842-JTCCU,0.00014663051438516779
TotalCharges_169.45,0.00014661924581278607
Customers_5590-YRFJT,0.00014660682961111095
Customers_4770-UEZOX,0.00014660601246743648
Customers_8708-XPXHZ,0.00014657443724765433
Customers_1208-DNHLN,0.00014649437262305388
Customers_7016-BPGEU,0.00014645760515044978
Customers_4273-MBHYA,0.00014636986560708827
TotalCharges_1888.65,0.0001463654384736146
TotalCharges_75.55,0.00014635207868533262
Customers_7892-POOKP,0.00014630574296331053
TotalCharges_2979.5,0.00014629907834308066
TotalCharges_1389.2,0.00014621031445087536
Customers_7963-GQRMY,0.00014619460958641175
Customers_6905-NIQIN,0.00014616424892602116
Customers_1254-IZEYF,0.0001460195099178974
Customers_2876-GZYZC,0.00014599678826345645
Customers_5485-WUYWF,0.0001458506410936592
Customers_6771-XWBDM,0.00014569733460654432
Customers_6918-UMQCG,0.00014539183878093466
Customers_7632-MNYOY,0.00014536107638585074
Customers_3096-JRDSO,0.000145347610293696
Customers_0407-BDJKB,0.00014525206158435248
Customers_3295-YVUSR,0.00014524118084001698
Customers_7823-JSOAG,0.00014524044569873883
TotalCharges_239.45,0.00014521374258642244
Customers_9661-ACXBS,0.00014518517087027462
Customers_2869-ADAWR,0.00014512479703323607
TotalCharges_5440.9,0.00014507919793857612
Customers_4236-XPXAV,0.00014497919340419348
Customers_7395-IGJOS,0.0001449677875370024
TotalCharges_1592.35,0.00014495587483322688
TotalCharges_74.45,0.00014495140766413163
TotalCharges_134.5,0.00014492423051251475
TotalCharges_4533.9,0.0001449170405229342
Customers_5307-DZCVC,0.00014478830835188504
TotalCharges_217.45,0.00014466166775121115
Customers_3194-ORPIK,0.00014462762802485628
TotalCharges_3474.45,0.0001445035150661704
TotalCharges_54.65,0.00014446564034036621
Customers_9415-DPEWS,0.0001443638376858495
Customers_8623-TMRBY,0.000144300366539935
Customers_2951-QOQTK,0.00014425079428336953
Customers_4847-QNOKA,0.000144143830783605
TotalCharges_3515.25,0.00014410521942622093
TotalCharges_3655.45,0.0001440127565621725
TotalCharges_435.4,0.00014392615292619046
Customers_4484-GLZOU,0.000143812763604503
Customers_9801-GDWGV,0.00014369683041353033
TotalCharges_7250.15,0.00014369659807071433
Customers_2568-OIADY,0.00014358721997998275
Customers_9912-GVSEQ,0.0001435363708361113
Customers_4659-NZRUF,0.0001435018772110257
Customers_5175-AOBHI,0.00014346989102553717
Customers_7703-ZEKEF,0.0001434521700169662
TotalCharges_1539.45,0.00014343906771700424
Customers_3085-QUOZK,0.00014339667625931423
TotalCharges_154.65,0.000143394979091093
TotalCharges_44.9,0.00014335077022443454
Customers_6595-COKXZ,0.00014326951066983895
TotalCharges_632.95,0.00014324226568138753
Customers_2237-ZFSMY,0.00014321255171779912
TotalCharges_4146.05,0.0001431926786504337
TotalCharges_4092.85,0.00014299158654171545
Customers_5842-POCOP,0.00014292309898796064
TotalCharges_4370.25,0.00014280269140488314
Customers_7243-LCGGZ,0.00014273539119667207
TotalCharges_74.35,0.0001427285928257426
Customers_4080-OGPJL,0.00014272694506921565
TotalCharges_703.55,0.0001426947292411743
TotalCharges_70.35,0.00014254970652451528
TotalCharges_609.65,0.00014248909331279747
TotalCharges_934.1,0.00014238846740436277
TotalCharges_261.65,0.00014223579394967607
TotalCharges_20,0.00014209568455802625
Customers_9170-CCKOU,0.0001420716751399335
Customers_7641-EUYET,0.00014206382801123997
TotalCharges_3204.65,0.00014204850294425393
Customers_0378-NHQXU,0.00014203949919035474
Customers_5348-CAGXB,0.00014201662297164602
Customers_8818-XYFCQ,0.0001419603285414502
Customers_6629-CZTTH,0.00014193875662474312
Customers_0596-BQCEQ,0.0001418681983094664
TotalCharges_1573.7,0.0001418408689990954
Customers_4971-PUYQO,0.00014167508597854908
TotalCharges_2566.5,0.00014159060767015275
TotalCharges_293.85,0.00014158835993104466
Customers_5385-SUIRI,0.00014155613295209805
TotalCharges_3640.45,0.00014152709882388805
TotalCharges_2874.15,0.00014141922138473815
TotalCharges_1131.3,0.0001414067271215553
Customers_8844-TONUD,0.00014129270333725947
TotalCharges_4338.6,0.00014124499927361416
Customers_5295-PCJOO,0.00014119539113323175
Customers_3934-HXCFZ,0.0001411839094085823
TotalCharges_163.7,0.00014099790838789734
TotalCharges_1691.9,0.00014092299822078867
TotalCharges_600,0.00014080127036752245
Customers_1582-RAFML,0.00014071764411393276
TotalCharges_270.95,0.00014060285757290977
TotalCharges_1337.45,0.0001406023662634772
Customers_7783-YKGDV,0.00014054925656164637
TotalCharges_1460.65,0.0001405065738380202
Customers_5959-BELXA,0.00014050147569997118
TotalCharges_5464.65,0.0001404393512056938
TotalCharges_3615.6,0.0001404018150491265
Customers_1324-NLTJE,0.00014039493883850692
TotalCharges_4284.8,0.00014027353080766643
Customers_4523-WXCEF,0.00014026431985086744
TotalCharges_695.75,0.00014025224634276045
TotalCharges_2745.7,0.00014022023126856545
Customers_7481-ATQQS,0.00014010658444795277
TotalCharges_3467,0.00014008187848289875
Customers_3806-DXQOM,0.00014007866792219894
Customers_6467-CHFZW,0.0001399874990814636
Customers_4250-ZBWLV,0.00013998738595157216
Customers_2003-CKLOR,0.00013988717632893214
Customers_2640-PMGFL,0.00013982424983902215
TotalCharges_497.6,0.0001398059978713791
TotalCharges_45.6,0.00013974126387389794
TotalCharges_762.25,0.00013968020094392997
Customers_8242-SOQUO,0.00013967227457455482
TotalCharges_3678.3,0.00013965048206354789
TotalCharges_5438.9,0.00013954351586475174
Customers_6689-KXGBO,0.00013953509302770878
Customers_5087-SUURX,0.0001395247733028109
Customers_5536-SLHPM,0.00013948480335034495
Customers_0793-TWELN,0.00013946760416186095
Customers_1173-XZPYF,0.0001393369659598978
Customers_8565-CLBZW,0.00013930509445133713
TotalCharges_704.3,0.00013926152822226972
Customers_2719-BDAQO,0.0001391557100077063
Customers_7694-VLBWQ,0.00013911417946378376
Customers_9526-BIHHD,0.0001390747273220498
Customers_3143-ILDAL,0.00013892715330907112
TotalCharges_6786.4,0.00013889828440274163
TotalCharges_216.9,0.0001388852400749053
Customers_0257-ZESQC,0.0001387901203305796
Customers_1095-JUDTC,0.00013856536541907401
Customers_6496-JDSSB,0.00013854373464766394
TotalCharges_1776.95,0.00013846010052457044
TotalCharges_4458.15,0.00013844643364929884
Customers_2657-ALMWY,0.00013839438663999784
TotalCharges_140.1,0.0001383898576923851
TotalCharges_706.85,0.00013837765042754306
Customers_7858-GTZSP,0.000138366760597544
TotalCharges_1772.25,0.00013832822861430198
Customers_0455-XFASS,0.00013827970043876132
TotalCharges_44.8,0.00013821342987569633
Customers_8178-EYZUO,0.00013820865691031075
TotalCharges_912,0.00013817693941998963
Customers_1871-MOWRM,0.000138139849325487
TotalCharges_1441.1,0.00013813265893006303
Customers_8610-WFCJF,0.00013808987218708564
Customers_2685-SREOM,0.00013787935624081475
Customers_7979-CORPM,0.00013787489143339616
TotalCharges_74.4,0.00013785325141752266
Customers_1513-XNPPH,0.0001378168445851985
TotalCharges_2911.3,0.000137716679818859
Customers_5498-TXHLF,0.0001377052341352571
TotalCharges_365.55,0.00013733932314235607
Customers_3317-VLGQT,0.00013725339635440223
Customers_2897-DOVND,0.00013725024225571766
TotalCharges_151.3,0.00013716954489449747
TotalCharges_1215.65,0.0001371516214574524
Customers_4315-MURBD,0.00013708357590088948
Customers_9600-UDOPK,0.00013703962203224544
Customers_5208-HFSBT,0.00013703555690467394
TotalCharges_655.9,0.00013677667221296579
TotalCharges_999.45,0.00013670399420741513
TotalCharges_7299.65,0.00013669484767429879
TotalCharges_108.7,0.00013669389368342423
Customers_0280-XJGEX,0.000136657516794447
TotalCharges_1068.85,0.00013663698268857197
TotalCharges_1021.55,0.00013661473205462085
TotalCharges_811.65,0.00013652757005176835
TotalCharges_188.7,0.00013648863929729957
TotalCharges_55.7,0.00013644680792974665
Customers_8066-POXGX,0.0001364100669480754
TotalCharges_1747.85,0.00013640544525161981
Customers_4432-ADRLB,0.0001363887747807859
TotalCharges_2431.35,0.00013632489253194443
Customers_1323-OOEPC,0.00013625475656491818
Customers_9526-JAWYF,0.00013618414005811072
Customers_6599-RCLCJ,0.000136135155866474
TotalCharges_1914.9,0.00013613068604823126
Customers_0947-MUGVO,0.0001360757908971353
Customers_3946-MHCZW,0.00013604472945799215
Customers_3768-NLUBH,0.0001359619167527902
TotalCharges_1269.55,0.0001359302505472662
Customers_6128-CZOMY,0.00013585252335008606
TotalCharges_2165.05,0.00013569694572497642
Customers_4116-TZAQJ,0.00013566761357331367
TotalCharges_4154.8,0.0001356669923348918
TotalCharges_1147.45,0.00013550998662799056
TotalCharges_5574.75,0.00013547453244272027
Customers_0895-DQHEW,0.0001354706984868922
Customers_5287-QWLKY,0.00013546851396713185
Customers_8325-QRPZR,0.00013544017652733652
TotalCharges_2710.25,0.00013542996211405155
Customers_0032-PGELS,0.00013539122468746417
TotalCharges_69.55,0.0001353416943162915
TotalCharges_108.15,0.00013533609954646217
Customers_4625-EWPTF,0.00013533371952109262
Customers_2018-QKYGT,0.0001352688247030315
Customers_3132-TVFDZ,0.00013519515160192216
TotalCharges_44.75,0.00013514849450244488
TotalCharges_1692.6,0.0001351370158330737
TotalCharges_399.25,0.00013504800045517949
Customers_8205-OTCHB,0.00013501954151130338
TotalCharges_25.2,0.0001350009747372004
Customers_7517-LDMPS,0.00013499535794710583
Customers_0324-BRPCJ,0.00013488173054414975
Customers_4554-YGZIH,0.0001348664193260431
Customers_9851-QXEEQ,0.00013483939628986232
TotalCharges_43.95,0.00013466922022869508
TotalCharges_2467.1,0.00013461223838737513
TotalCharges_4443.45,0.00013459696474024015
TotalCharges_2812.2,0.00013454840332693225
TotalCharges_2274.35,0.0001345417392722305
TotalCharges_167.3,0.00013450406488202456
TotalCharges_69.8,0.00013449007588583984
Customers_7675-OZCZG,0.00013446615716231796
TotalCharges_840.1,0.00013435918931135201
Customers_2195-ZRVAX,0.0001343235007318584
TotalCharges_44.55,0.00013431182012647983
Customers_7392-YYPYJ,0.00013411754282300676
Customers_0875-CABNR,0.0001341088255290727
Customers_5981-ITEMU,0.00013409020075446376
TotalCharges_217.55,0.00013405340826050467
TotalCharges_2854.55,0.00013404008061475197
Customers_4077-CROMM,0.0001339476099294259
TotalCharges_2890.65,0.00013394424230783205
Customers_3656-TKRVZ,0.0001339268233319453
TotalCharges_114.7,0.0001339247070058477
Customers_7359-PTSXY,0.00013390399619008967
Customers_0927-LCSMG,0.00013387541048355393
TotalCharges_24.7,0.00013386936983822802
TotalCharges_384.25,0.00013379672373468678
Customers_9190-MFJLN,0.000133788237622134
TotalCharges_44.7,0.00013376936887265903
TotalCharges_3856.75,0.00013372161293983385
TotalCharges_3152.5,0.00013371250715890772
TotalCharges_865.8,0.00013370177062846494
Customers_8436-BJUMM,0.0001336677681662984
Customers_3348-CFRNX,0.00013360650471325747
Customers_9094-AZPHK,0.000133481682151955
TotalCharges_53.55,0.00013347725537629635
TotalCharges_49.55,0.0001334772373925993
Customers_4959-JOSRX,0.00013345432387718264
Customers_7240-FQLHE,0.00013337353353290785
TotalCharges_1238.45,0.0001333086314190598
TotalCharges_3019.25,0.00013328104758726699
Customers_8634-MPHTR,0.00013326409692340207
Customers_3904-UKFRE,0.0001332606553853823
Customers_9360-AHGNL,0.0001332422212546629
Customers_1226-UDFZR,0.00013322683379349092
TotalCharges_2868.05,0.0001331745702590493
TotalCharges_299.7,0.00013313664869959432
TotalCharges_4414.3,0.0001330968211881631
Customers_9206-GVPEQ,0.00013306512274357442
Customers_0727-BMPLR,0.00013303507961891903
Customers_4503-BDXBD,0.00013303142917122732
Customers_7245-NIIWQ,0.00013299058234941474
TotalCharges_669.85,0.0001329863900038602
TotalCharges_262.05,0.00013293895684250194
TotalCharges_71.35,0.00013291719211278946
Customers_7377-DMMRI,0.00013289582215280372
TotalCharges_679.55,0.00013281295026825655
Customers_9530-EHPOH,0.0001328037270855834
TotalCharges_1025.95,0.00013278919571252184
Customers_4958-GZWIY,0.00013244960481614525
TotalCharges_4113.1,0.00013236395927182482
Customers_0508-OOLTO,0.00013234809048054083
Customers_3751-KTZEL,0.00013231433860503653
TotalCharges_4759.85,0.00013223971350201664
TotalCharges_1011.8,0.0001322288611004515
TotalCharges_3266,0.0001320466363324063
Customers_8875-AKBYH,0.0001319947827728716
Customers_1396-QWFBJ,0.0001319599802723166
TotalCharges_1527.35,0.00013188672078398697
Customers_8614-VGMMV,0.00013185688705975174
TotalCharges_893.55,0.0001318500349256095
TotalCharges_5617.75,0.0001317476444463241
TotalCharges_303.7,0.0001316909612146567
Customers_0516-WJVXC,0.00013146316102227558
Customers_0520-FDVVT,0.0001313985530094625
Customers_0320-JDNQG,0.000131376914720171
Customers_9117-SHLZX,0.00013133055410468098
Customers_5299-RULOA,0.00013131213568115773
TotalCharges_2866.45,0.00013124756200089864
TotalCharges_2186.4,0.0001312435990779939
TotalCharges_2264.05,0.000131206981455801
TotalCharges_196.95,0.00013118975346553108
TotalCharges_2862.75,0.00013115295381622993
TotalCharges_308.25,0.00013114195294227878
TotalCharges_3588.4,0.00013111758013748334
TotalCharges_50.9,0.0001311046434882637
Customers_9492-TOKRI,0.00013110156513311368
Customers_1625-JAIIY,0.00013101208763730796
Customers_7627-JKIAZ,0.0001309058673327667
Customers_9824-BEMCV,0.00013087882628154385
Customers_4592-IWTJI,0.00013086682350571595
Customers_9172-JITSM,0.00013080013112763632
Customers_9799-CAYJJ,0.00013076818247881935
TotalCharges_2602.9,0.0001307651939863194
TotalCharges_810.2,0.00013068238146263147
Customers_4797-AXPXK,0.000130590439143281
Customers_9667-EQRXU,0.0001305513384028609
Customers_3755-JBMNH,0.00013046685673299177
Customers_6413-XKKPU,0.00013045585632311718
TotalCharges_261.25,0.00013045469614429578
Customers_4013-UBXWQ,0.00013044230379555616
Customers_6158-DWPZT,0.00013042643089683487
Customers_7000-WCEVQ,0.0001304243625734755
TotalCharges_2303.35,0.00013041090141293403
Customers_4193-ORFCL,0.00013038342172033164
TotalCharges_3734.25,0.00013038125838294354
Customers_2082-OJVTK,0.00013036701737349245
Customers_2884-GBPFB,0.00013027245248014866
TotalCharges_3825.85,0.00013021870546399574
Customers_3669-OYSJI,0.00013020156624216222
Customers_7739-LAXOG,0.0001301722693147343
Customers_6393-WRYZE,0.00013006853963215992
Customers_9448-REEVD,0.0001300271179700525
TotalCharges_1359.7,0.00012997174401844288
TotalCharges_740.8,0.00012995469121465078
TotalCharges_4504.55,0.00012990450210282868
Customers_7825-ECJRF,0.00012990270527947758
TotalCharges_2660.2,0.0001298508126471205
TotalCharges_3545.35,0.00012982847615943658
TotalCharges_347.4,0.00012982786135576994
TotalCharges_96.05,0.00012980301544756825
TotalCharges_69.9,0.00012977685298734353
Customers_1699-HPSBG,0.00012977546930157088
TotalCharges_487.05,0.0001297679842291663
TotalCharges_1237.85,0.0001297296005404811
TotalCharges_2068.55,0.0001296986303632349
Customers_1960-UYCNN,0.00012966154350220897
TotalCharges_392.5,0.00012965565001836593
Customers_4184-TJFAN,0.00012949074013529583
Customers_7326-RIGQZ,0.00012937635120307788
Customers_5707-ORNDZ,0.00012937355159171353
TotalCharges_718.55,0.0001292182690790004
TotalCharges_438.25,0.00012917049886129837
Customers_2834-JRTUA,0.0001290675445318994
TotalCharges_1742.75,0.00012894692810651374
Customers_6959-UWKHF,0.0001289420715498514
TotalCharges_46.2,0.00012893899873056043
Customers_2683-BPJSO,0.00012886545845200518
TotalCharges_583.45,0.00012874691186347495
TotalCharges_1676.95,0.00012871409678344664
Customers_3370-HXOPH,0.00012862674153820816
Customers_5028-GZLDO,0.0001285783994858008
TotalCharges_759.55,0.00012855526191318442
Customers_9957-YODKZ,0.00012849192742810415
TotalCharges_4029.95,0.00012846081137566875
TotalCharges_2542.45,0.0001284008642779803
Customers_0207-MDKNV,0.00012836383826288786
TotalCharges_2012.7,0.0001282655847525573
Customers_4250-FDVOU,0.00012826280868972147
Customers_4059-IIEBK,0.00012813225387309568
Customers_1501-SGHBW,0.0001281316850125224
TotalCharges_19.55,0.0001279628866461778
TotalCharges_257.6,0.00012783751230413957
TotalCharges_669.45,0.0001277332700770665
Customers_4704-ERYFC,0.00012770383909272494
Customers_5204-QZXPU,0.000127642407698509
TotalCharges_3030.6,0.00012733906961656405
Customers_7206-PQBBZ,0.00012726037104958762
Customers_1393-IMKZG,0.00012720976300603304
Customers_8705-WZCYL,0.00012719317139069596
TotalCharges_328.95,0.0001271175023511603
TotalCharges_715,0.00012704112925053342
TotalCharges_923.5,0.00012701796729812324
TotalCharges_567.45,0.0001269530541936424
Customers_0265-EDXBD,0.00012683774018354098
TotalCharges_818.05,0.00012676313387164387
TotalCharges_3645.6,0.00012670653217037846
TotalCharges_989.45,0.00012669623833859076
Customers_2157-MXBJS,0.00012668086990513493
TotalCharges_3017.65,0.00012665784360805214
TotalCharges_3264.45,0.00012654189965886808
Customers_9625-QSTYE,0.00012647709846028049
TotalCharges_2239.65,0.00012647376970826096
TotalCharges_81,0.00012628075006859005
Customers_7137-RYLPP,0.00012626764534603478
Customers_7593-JNWRU,0.00012626043199155491
Customers_4395-PZMSN,0.00012623785071330326
TotalCharges_2633.4,0.0001262142645499792
Customers_0504-HHAPI,0.00012619669293624318
Customers_2034-CGRHZ,0.0001261914654351654
TotalCharges_336.15,0.0001261904120961218
TotalCharges_201,0.0001261220714025279
Customers_5143-EGQFK,0.00012593522111279412
TotalCharges_6143.15,0.0001258565358432222
Customers_2344-JMOGN,0.00012585489409214215
TotalCharges_3046.05,0.0001258444492380977
TotalCharges_48.6,0.000125747999947363
TotalCharges_3029.1,0.00012568371740421903
Customers_6326-MTTXK,0.0001256787986070926
Customers_1660-HSOOQ,0.00012566629652730447
TotalCharges_45.8,0.00012566356350646047
Customers_4884-ZTHVF,0.0001256114423291536
TotalCharges_880.2,0.0001256011984799758
TotalCharges_351.5,0.00012558811205599972
TotalCharges_515.45,0.00012551745461609296
Customers_3683-QKIUE,0.00012549720665369217
Customers_4636-QRJKY,0.0001254317160817231
TotalCharges_4273.45,0.00012534678194370122
Customers_9494-MRNYX,0.00012531682666297843
Customers_1612-EOHDH,0.00012526745811287785
TotalCharges_60,0.00012513712761939624
TotalCharges_50.75,0.0001250614631142778
TotalCharges_267.35,0.0001249871986541771
TotalCharges_35.9,0.00012494679521839392
Customers_2397-BRLOM,0.00012491930395390233
Customers_5442-XSDCW,0.00012488852608510197
TotalCharges_3186.65,0.00012486680978275304
TotalCharges_2572.95,0.0001248055885264462
TotalCharges_1563.9,0.00012474994810783194
Customers_0018-NYROU,0.0001247101420261322
TotalCharges_1236.15,0.0001246872513850337
TotalCharges_3436.1,0.00012461399484653627
Customers_8665-UTDHZ,0.0001245468953298304
TotalCharges_273.2,0.00012449350186870053
Customers_4558-FANTW,0.00012448078395864868
Customers_5520-FVEWJ,0.00012446463793836665
Customers_2037-SGXHH,0.00012445201989707611
TotalCharges_66.95,0.00012438865916703534
Customers_0621-TWIEM,0.0001243592964464555
TotalCharges_1021.75,0.00012429274439812186
TotalCharges_1174.35,0.0001242112758413207
Customers_5108-ADXWO,0.00012418309595890596
TotalCharges_1132.75,0.00012412454796959793
TotalCharges_3941.7,0.0001240647182759962
Customers_3191-CSNMG,0.00012389864722217172
Customers_1565-RHDJD,0.0001238053710014344
Customers_7517-SAWMO,0.00012379086648529587
TotalCharges_1845.9,0.0001237675689356761
Customers_4482-EWFMI,0.00012376465423036894
TotalCharges_4541.2,0.00012376218776498048
TotalCharges_1574.45,0.0001236828818235285
TotalCharges_50.65,0.0001236813976925411
Customers_5515-AKOAJ,0.000123601219311105
Customers_8399-YNDCH,0.00012342787350983164
TotalCharges_903.6,0.00012335031551627976
TotalCharges_788.6,0.00012331036717063245
Customers_9474-PHLYD,0.0001231318383764916
TotalCharges_1948.35,0.00012310833486614726
Customers_4607-CHPCA,0.00012308985397168818
TotalCharges_102.75,0.00012303556783230374
Customers_7994-UYIVZ,0.00012298629547522036
TotalCharges_1607.2,0.00012298055530300848
Customers_8718-PTMEZ,0.00012295895888799025
Customers_3671-SHRSP,0.00012294670712218334
TotalCharges_2365.15,0.00012293370048037714
TotalCharges_853,0.00012288297809339598
TotalCharges_2838.7,0.0001227859028565027
TotalCharges_659.45,0.00012268319604984352
Customers_3097-NNSPB,0.00012251953581622185
Customers_0196-JTUQI,0.00012243072301432108
Customers_2688-BHGOG,0.0001224228547398213
Customers_5288-AHOUP,0.0001222906781901596
Customers_3420-YJLQT,0.0001222364982414021
Customers_5219-YIPTK,0.000122213395835077
TotalCharges_2659.4,0.0001221969059631995
Customers_1200-TUZHR,0.0001221942060026506
Customers_2684-EIWEO,0.0001221874780347179
Customers_5429-LWCMV,0.00012217698401506506
TotalCharges_184.4,0.00012212022897281486
Customers_8802-UNOJF,0.00012195631987069098
Customers_1862-SKORY,0.00012194379085449049
Customers_3005-NFMTA,0.00012185203328495977
Customers_3538-WZPHD,0.00012184781738871245
TotalCharges_874.2,0.00012180795531264578
TotalCharges_4042.3,0.00012167543143333212
TotalCharges_893,0.00012163306920923668
Customers_9763-PDTKK,0.00012158551309444815
Customers_1571-SAVHK,0.00012153713814822139
TotalCharges_225.6,0.0001215252105443217
Customers_7780-OTDSO,0.00012151008440513222
TotalCharges_273.75,0.00012147797079517656
TotalCharges_2724.6,0.00012143628225514833
Customers_4430-UZIPO,0.00012142228310441402
TotalCharges_435,0.00012139462900645369
Customers_5940-NFXKV,0.00012137983915539094
Customers_1010-DIAUQ,0.000121363644533352
Customers_6686-YPGHK,0.00012133663100361083
Customers_2232-DMLXU,0.00012129575377969217
TotalCharges_3807.35,0.0001212567707898467
TotalCharges_2335.3,0.00012121004504866098
TotalCharges_90.6,0.00012118492672787629
Customers_6961-VCPMC,0.00012118100976122322
Customers_9889-TMAHG,0.00012107571059282106
TotalCharges_1107.25,0.00012106949768913822
TotalCharges_4086.3,0.00012090883422784139
TotalCharges_90.05,0.00012083908069455035
Customers_0337-CNPZE,0.00012082349578086682
Customers_2474-BRUCM,0.00012081449078913547
Customers_3565-UNOCC,0.00012079387320923309
Customers_2357-COQEK,0.00012077793359384253
TotalCharges_45.15,0.00012067577296186555
TotalCharges_40.1,0.00012060445093947596
Customers_3422-GALYP,0.00012055551884569416
TotalCharges_929.45,0.0001205470861046805
TotalCharges_190.05,0.00012046465545808819
TotalCharges_661.25,0.00012021217369024446
Customers_2774-LVQUS,0.0001201222640173855
Customers_2479-BRAMR,0.00012008846488289015
Customers_9658-WYUFB,0.00012006329060878536
Customers_7142-HVGBG,0.00011990717029200259
Customers_1447-PJGGA,0.0001198937877273964
TotalCharges_2806.9,0.00011987841228582642
Customers_0224-RLWWD,0.00011981595846751181
TotalCharges_639.7,0.00011981455361266602
Customers_3269-ATYWD,0.00011974147086498526
Customers_5914-DVBWJ,0.0001196906947890516
TotalCharges_1617.5,0.00011959346076963061
Customers_0248-IPDFW,0.00011946828661876583
TotalCharges_1496.9,0.00011945679404581875
TotalCharges_1130.85,0.0001194284674403313
Customers_0362-ZBZWJ,0.00011942755122850877
Customers_4662-EKDPQ,0.00011932598356755246
TotalCharges_1743.5,0.0001191677031734866
Customers_9821-POOTN,0.0001191526581400472
Customers_4446-BZKHU,0.00011913020886013214
TotalCharges_94.55,0.00011903735018316145
TotalCharges_80.35,0.00011903342490029924
TotalCharges_210.75,0.00011899287367182858
Customers_1624-WOIWJ,0.00011892450605412618
Customers_6987-XQSJT,0.0001187821464711406
TotalCharges_396.3,0.0001187389403873784
Customers_7758-XKCBS,0.00011873593585933906
Customers_7207-RMRDB,0.00011871577955102894
Customers_1597-FZREH,0.00011862110907811457
TotalCharges_815.5,0.00011856610218602082
TotalCharges_2404.1,0.00011855255183530502
TotalCharges_1074.3,0.0001185351823107756
Customers_4547-KQRTM,0.00011853269758152344
TotalCharges_525,0.00011848099875861946
TotalCharges_319.6,0.00011846167098321395
Customers_4480-QQRHC,0.00011839162253065086
TotalCharges_415.05,0.00011838892654307342
TotalCharges_2470.1,0.00011838470612229032
TotalCharges_24.75,0.00011834108459393743
TotalCharges_1820.45,0.00011828499956733966
TotalCharges_3046.15,0.00011827282671672021
Customers_8784-CGILN,0.00011824805387337042
Customers_2079-FBMZK,0.0001181813059320463
Customers_9290-SHCMB,0.00011816154747830542
Customers_8107-KNCIM,0.00011815240383506796
TotalCharges_1222.8,0.00011812261713209763
Customers_5980-NOPLP,0.00011804901584311001
TotalCharges_319.85,0.00011803987683267327
TotalCharges_89.3,0.0001179984273801571
Customers_2506-CLAKW,0.0001176983179007886
TotalCharges_154.8,0.0001176826436489777
TotalCharges_2200.25,0.00011756486870995566
Customers_3945-GFWQL,0.00011749612538892616
Customers_5899-MQZZL,0.00011745004565706055
TotalCharges_242.8,0.00011742173287649537
Customers_9600-NAXZN,0.00011737298462366158
TotalCharges_3309.25,0.00011735483754520695
Customers_7802-EFKNY,0.00011735280916555473
TotalCharges_1639.3,0.00011730579533801972
Customers_6633-MPWBS,0.00011724087603871863
TotalCharges_341.45,0.00011719728142338065
TotalCharges_333.55,0.00011716359047775159
Customers_8949-JTMAY,0.00011715573225511483
TotalCharges_1742.95,0.00011710107661676808
TotalCharges_2326.05,0.00011707826219218034
TotalCharges_2661.1,0.0001170669195303729
TotalCharges_4729.75,0.00011699876428153172
Customers_8519-QJGJD,0.00011695052258205037
TotalCharges_1375.15,0.00011691392419741995
Customers_3536-IQCTX,0.00011690159020672278
Customers_1271-SJBGZ,0.00011688035446416194
Customers_6339-YPSAH,0.0001168648432108689
TotalCharges_24.45,0.00011685755326966498
Customers_7767-UXAGJ,0.00011674445764142961
Customers_3223-DWFIO,0.00011672561513440403
TotalCharges_4045.65,0.00011661889116383346
Customers_8313-NDOIA,0.00011659698372638503
TotalCharges_1133.65,0.00011655549376481835
TotalCharges_1490.95,0.00011651596679523975
Customers_1251-STYSZ,0.00011644354300502705
TotalCharges_195.3,0.00011643293460971701
TotalCharges_553,0.00011638945225179007
Customers_5519-YLDGW,0.0001162969651298143
TotalCharges_417.75,0.00011624928182032584
Customers_7402-EYFXX,0.00011621071063149507
TotalCharges_3207.55,0.00011619719433195839
TotalCharges_631.85,0.00011617800842408403
TotalCharges_4740,0.00011607744691181469
TotalCharges_1554,0.00011598650799259699
Customers_7580-UGXNC,0.00011596465887641538
Customers_9647-ERGBE,0.00011590249625960309
Customers_3106-ULWFW,0.00011582878290267448
TotalCharges_713.6,0.00011581545528976116
Customers_5832-XKAES,0.00011580520639488295
Customers_4183-WCSEP,0.00011573590160753656
TotalCharges_134.7,0.00011572800866547342
Customers_8679-JOEVF,0.00011571026252244199
TotalCharges_145.4,0.00011567040775912308
TotalCharges_741.7,0.00011564118118745204
TotalCharges_70.85,0.00011560476087554372
Customers_8260-NGFNY,0.00011535831096693286
Customers_8263-JQAIK,0.00011525438434398698
TotalCharges_712.75,0.00011522543326787538
TotalCharges_801.3,0.00011522037565775826
TotalCharges_2754.45,0.00011518485051682093
TotalCharges_346.4,0.00011517640705441387
Customers_4910-AQFFX,0.0001151221519549354
Customers_0634-SZPQA,0.00011509261648383313
TotalCharges_3527.6,0.00011492904155269974
Customers_3884-HCSWG,0.00011488161215033083
TotalCharges_1203.9,0.00011486686553338031
Customers_6172-FECYY,0.00011469062821604842
Customers_4248-HCETZ,0.00011468402761285858
Customers_0133-BMFZO,0.00011462972219851565
TotalCharges_2381.55,0.00011462525860028949
TotalCharges_1329.2,0.00011461636667191838
Customers_8020-BWHYL,0.0001145971275868627
Customers_3627-FCRDW,0.0001145899813063915
Customers_5908-QMGOE,0.00011458584240744677
Customers_5216-WASFJ,0.00011457135086979632
TotalCharges_624.6,0.00011456780633714352
Customers_1766-GKNMI,0.00011452217838993698
TotalCharges_526.95,0.00011446572655471207
TotalCharges_199.75,0.00011437988363461387
Customers_7927-AUXBZ,0.00011434095956513837
TotalCharges_416.45,0.00011423887893887699
Customers_8625-AZYZY,0.00011420083438537354
TotalCharges_1221.65,0.00011416732337596861
TotalCharges_408.5,0.00011410588792408148
TotalCharges_2745.2,0.00011397854950953187
Customers_1583-IHQZE,0.00011395288596140614
TotalCharges_90.1,0.00011392077980976783
TotalCharges_1167.8,0.00011383034977040288
TotalCharges_55.45,0.00011382156503189418
TotalCharges_196.15,0.0001137953808070309
TotalCharges_2952.85,0.00011373820979521867
Customers_8008-HAWED,0.00011369182504277334
TotalCharges_341.6,0.00011361772963897271
TotalCharges_1660,0.00011358196064430778
Customers_3198-VELRD,0.00011350763857630607
Customers_2873-ZLIWT,0.00011342660409642278
TotalCharges_155.65,0.00011342096682791486
Customers_2800-VEQXM,0.00011340322854554601
TotalCharges_2416.55,0.00011339506904836438
TotalCharges_74.2,0.00011334496916640328
TotalCharges_266.9,0.00011333036452990726
TotalCharges_1149.65,0.00011329038556175331
Customers_1794-HBQTJ,0.00011327877265972175
Customers_9506-UXUSK,0.00011324443480276926
TotalCharges_318.5,0.0001132084243912963
Customers_6692-UDPJC,0.00011311141636657838
TotalCharges_784.45,0.00011307640035985733
TotalCharges_2030.3,0.00011307082165237372
TotalCharges_668.4,0.00011292875119563475
Customers_0311-UNPFF,0.0001129127302072299
Customers_5572-ZDXHY,0.00011286058126884232
TotalCharges_77.15,0.00011280315959270405
TotalCharges_92.45,0.00011279374555861043
TotalCharges_3473.4,0.00011271244566477622
Customers_9355-NPPFS,0.0001127072913265304
Customers_5650-VDUDS,0.00011269044156108222
Customers_0224-HJAPT,0.00011268592889773855
Customers_3096-IZETN,0.00011261079683794515
TotalCharges_398.55,0.0001124898998995109
TotalCharges_1345.75,0.0001124370439110909
TotalCharges_1671.6,0.00011243684095219675
Customers_6518-LGAOV,0.0001124081378919948
TotalCharges_96.45,0.00011239553151363234
Customers_7079-QRCBC,0.00011238849332866643
TotalCharges_95.85,0.00011237456350089297
Customers_4749-VFKVB,0.00011233910557242887
TotalCharges_465.05,0.00011233136708178464
TotalCharges_865.55,0.0001123135322690956
TotalCharges_1457.25,0.00011231235225850492
Customers_1666-JXLKU,0.000112260830758238
Customers_1142-WACZW,0.00011211778580529514
TotalCharges_2184.85,0.0001120231033361871
TotalCharges_1752.45,0.000111880835526645
Customers_2135-DQWAQ,0.00011186775618023174
TotalCharges_2322.85,0.00011182271724167844
TotalCharges_141.5,0.00011173374866579296
Customers_5552-ZNFSJ,0.00011169373351052179
TotalCharges_1614.7,0.0001116817230242799
TotalCharges_4680.05,0.00011166087574668174
Customers_6907-NZZIJ,0.00011161540805088698
Customers_5043-TRZWM,0.00011143528522449872
Customers_3640-PHQXK,0.00011132587205238395
TotalCharges_4186.3,0.00011126741751811103
Customers_3737-GCSPV,0.0001112393905825002
TotalCharges_673.1,0.00011108849653350065
TotalCharges_2293.6,0.00011107379279726959
TotalCharges_29.7,0.00011106675730393284
Customers_2038-OEQZH,0.0001106925564231768
TotalCharges_2425.4,0.00011067576637879797
TotalCharges_896.9,0.00011066871210490781
Customers_4929-BSTRX,0.00011066098953418738
Customers_9314-IJWSQ,0.00011059023650998564
TotalCharges_810.7,0.00011054843570626966
TotalCharges_1185,0.00011050712251951334
Customers_2080-GKCWQ,0.0001103270084280593
Customers_5091-HFAZW,0.00011032399359608377
Customers_5117-IFGPS,0.00011027087979043376
Customers_0365-BZUWY,0.00011020526315403942
TotalCharges_639.65,0.00010998143649446471
TotalCharges_3351.55,0.00010993850992808527
Customers_6400-BWQKW,0.00010993709535641064
Customers_0611-DFXKO,0.00010991826092076733
Customers_7668-XCFYV,0.00010988801288616116
Customers_5879-SESNB,0.00010983098993041888
TotalCharges_1233.4,0.0001097774326445636
Customers_4633-MKHYU,0.0001097336640714656
Customers_0420-HLGXF,0.00010956925818512751
Customers_5998-VVEJY,0.00010951514597705791
TotalCharges_1730.35,0.00010950912094600832
TotalCharges_49.3,0.00010948886471581877
Customers_9734-YWGEX,0.00010947460312808589
TotalCharges_5594,0.00010946457797612798
TotalCharges_294.2,0.0001093781295497232
TotalCharges_1129.1,0.00010937760920414859
Customers_4854-CIDCF,0.00010932621124186655
TotalCharges_830.7,0.00010931734057520485
TotalCharges_146.9,0.00010930042761680835
TotalCharges_5283.95,0.00010929744410319672
TotalCharges_180.25,0.00010928278448341608
Customers_4566-GOLUK,0.00010926663922667694
Customers_2608-BHKFN,0.00010925533016653857
TotalCharges_73.6,0.00010917675147107288
Customers_3874-EQOEP,0.00010916947644615922
Customers_0612-RTZZA,0.00010915802948823606
Customers_5493-SDRDQ,0.00010910940108419108
Customers_1226-IENZN,0.00010899366336460709
Customers_4021-RQSNY,0.00010879712236054735
Customers_0637-UBJRP,0.00010878315683994457
Customers_1771-OADNZ,0.0001087503587412256
Customers_0219-YTZUE,0.00010871391930959247
Customers_8104-OSKWT,0.00010871371827338147
Customers_0187-QSXOE,0.00010857812441409008
Customers_8800-JOOCF,0.00010856657769219306
TotalCharges_2070.6,0.00010856400185848267
TotalCharges_4871.05,0.00010853890897334676
TotalCharges_45.75,0.00010852582292079449
Customers_7825-GKXMW,0.00010849734230197801
TotalCharges_200.2,0.00010839636490187949
TotalCharges_3004.15,0.00010835521508653974
TotalCharges_1789.25,0.00010828580134302046
Customers_5366-IJEQJ,0.00010820867039541479
TotalCharges_3496.3,0.00010819126636753104
Customers_3329-WDIOK,0.00010816385870107692
Customers_6198-ZFIOJ,0.00010791509440390947
TotalCharges_2369.05,0.00010790896414179934
Customers_6993-OHLXR,0.00010787502849922485
TotalCharges_308.1,0.0001076736069757131
Customers_3143-JQEGI,0.0001076640853340245
Customers_4009-ALQFH,0.00010764895681882717
TotalCharges_242.95,0.00010758864879701808
TotalCharges_81.25,0.00010754075443781996
TotalCharges_324.2,0.00010749505811658958
TotalCharges_2625.55,0.00010745813721175257
TotalCharges_1214.05,0.00010742367989373732
Customers_5995-SNNEW,0.00010741511299522029
TotalCharges_526.7,0.0001073932280079244
Customers_4450-DLLMH,0.0001072421926138482
Customers_1268-ASBGA,0.00010717618378978145
TotalCharges_402.6,0.00010710749787106998
TotalCharges_4812.75,0.00010710554837015282
Customers_6956-SMUCM,0.00010708736664408799
TotalCharges_1261.35,0.00010705982971781955
Customers_3001-CBHLQ,0.00010703898539461633
TotalCharges_4364.1,0.0001070149333210529
Customers_2359-KMGLI,0.00010697603908554514
Customers_9050-IKDZA,0.0001069316015310495
Customers_3496-LFSZU,0.00010691632520032055
TotalCharges_1060.6,0.00010687544616496474
Customers_2592-SEIFQ,0.00010687018152692276
Customers_7586-ZATGZ,0.00010680845598643342
TotalCharges_604.7,0.00010679776395201531
TotalCharges_2628.6,0.00010679388196437975
Customers_7242-QZLXF,0.00010675493823422787
Customers_7426-RHZGU,0.00010673752045292969
Customers_1496-GGSUK,0.00010670371972651736
Customers_7878-RTCZG,0.00010667351917896108
Customers_3452-GWUIN,0.0001066683718441313
Customers_3799-ISUZQ,0.00010662429752140529
Customers_2372-HWUHI,0.00010662219790748346
TotalCharges_45.55,0.00010660658614256365
Customers_6502-HCJTI,0.00010656599709304792
Customers_8642-GVWRF,0.00010649690097074012
TotalCharges_1934.45,0.00010646414888605659
TotalCharges_25.15,0.00010645861835208555
TotalCharges_1284.2,0.00010644892513283776
Customers_6851-WEFYX,0.00010643634083147204
TotalCharges_340.25,0.00010643372552143616
Customers_5293-WXJAK,0.00010642083435446013
Customers_6923-JHPMP,0.00010641031914610881
TotalCharges_235.05,0.00010639027119919119
Customers_1518-VOWAV,0.00010636044583333494
Customers_3223-WZWJM,0.00010632987840130549
Customers_8819-IMISP,0.0001060969944430147
Customers_9773-PEQBZ,0.00010608867879895317
Customers_9136-ALYBR,0.00010608107207762649
Customers_4074-SJFFA,0.00010596525412495398
Customers_7568-PODML,0.00010595630988434606
Customers_9565-DJPIB,0.0001057862418041437
TotalCharges_2180.55,0.00010569971171855032
Customers_0013-EXCHZ,0.00010559461378300221
TotalCharges_5688.05,0.00010555088727392393
TotalCharges_1483.25,0.00010550980671462787
Customers_2519-FAKOD,0.00010541215942459927
Customers_4373-VVHQL,0.00010538944398857545
Customers_9540-JYROE,0.00010527969309588896
TotalCharges_20.35,0.00010517488882092648
TotalCharges_2357.75,0.00010517389167021267
TotalCharges_3541.35,0.00010514794023353761
TotalCharges_45,0.00010505496805379876
TotalCharges_1301,0.00010497395105755758
TotalCharges_80.95,0.00010496490774662538
Customers_5729-KLZAR,0.00010495822411591239
Customers_6017-PPLPX,0.00010485485600044653
TotalCharges_3437.5,0.00010479424482362184
Customers_8443-WVPSS,0.00010478706222445473
TotalCharges_1133.9,0.00010466262071686808
Customers_6215-NQCPY,0.00010463471292016389
Customers_2696-NARTR,0.00010458610407141661
Customers_9722-UJOJR,0.0001045668502830991
Customers_6142-VSJQO,0.0001045589481964259
TotalCharges_134.35,0.00010453487661167097
Customers_3393-FMZPV,0.00010442894038515534
TotalCharges_5746.15,0.00010435317301344023
Customers_4110-PFEUZ,0.00010435210407154028
Customers_3957-LXOLK,0.00010433777275919186
Customers_6330-JKLPC,0.00010432224573842763
TotalCharges_90.55,0.00010428426300053684
Customers_0946-CLJTI,0.00010421324271182477
Customers_6900-PXRMS,0.00010416638495696781
TotalCharges_547.65,0.00010412966870801513
Customers_0867-MKZVY,0.000104109152528922
Customers_7321-PKUYW,0.00010406832660569916
Customers_1309-BXVOQ,0.00010401551208174405
Customers_9524-EGPJC,0.00010398965842976028
Customers_3550-SAHFP,0.00010394760270137447
Customers_6034-ZRYCV,0.00010394503190748682
Customers_3165-HDOEW,0.00010390593777637602
Customers_6347-DCUIK,0.00010389751360644771
TotalCharges_4346.4,0.00010388930206065994
TotalCharges_1566.75,0.00010387611714136638
Customers_4299-SIMNS,0.0001037536396382365
TotalCharges_223.15,0.00010370876092516773
Customers_4652-NNHNY,0.00010366643542859228
Customers_9093-FPDLG,0.00010365345842416582
TotalCharges_1564.4,0.00010365007651206036
TotalCharges_1474.75,0.00010361493908603353
TotalCharges_2387.75,0.00010349007000254354
TotalCharges_1852.85,0.00010344634882138614
Customers_1597-LHYNC,0.00010337979965639241
TotalCharges_1013.35,0.00010331565176032276
TotalCharges_1390.6,0.00010327941402486876
TotalCharges_563.65,0.00010327396706131034
TotalCharges_2187.55,0.00010322625560871555
Customers_8637-XJIVR,0.0001031636716748798
TotalCharges_2494.65,0.00010307175431885152
Customers_7365-BVCJH,0.00010304643913138685
TotalCharges_3365.85,0.00010298554041081117
Customers_6390-DSAZX,0.00010292673121387848
Customers_6519-CFDBX,0.00010280700007302616
Customers_5747-PMBSQ,0.00010277214817103779
TotalCharges_575.45,0.00010276112329185149
TotalCharges_3605.2,0.00010275283088972365
Customers_6435-SRWBJ,0.00010274201261396681
TotalCharges_4259.3,0.00010262055705105938
Customers_7743-EXURX,0.00010259867146304221
Customers_2920-RNCEZ,0.00010257654771939073
Customers_0637-YLETY,0.00010255135627625232
Customers_5949-XIKAE,0.00010252784215741712
Customers_2845-AFFTX,0.00010246935649649831
Customers_3211-ILJTT,0.00010238172282824746
TotalCharges_454.15,0.00010233003117941229
TotalCharges_1120.95,0.00010229922353860045
TotalCharges_909.25,0.00010227355166136794
Customers_4572-DVCGN,0.0001022610228814753
TotalCharges_92.65,0.00010222402483250765
TotalCharges_41.85,0.00010221540231284914
Customers_0887-HJGAR,0.0001021714670879905
TotalCharges_137.1,0.00010216562748471032
Customers_1750-CSKKM,0.00010213919938702822
Customers_2207-NHRJK,0.00010211870251878677
Customers_2276-YDAVZ,0.00010205757729923962
TotalCharges_44.1,0.00010201482508803375
Customers_6240-EURKS,0.00010197705018942093
Customers_5168-MSWXT,0.0001019639414604593
Customers_8429-XIBUM,0.0001019424122435493
TotalCharges_44.35,0.00010193328583194152
TotalCharges_387.2,0.00010189563360281802
TotalCharges_54.75,0.00010183126437180707
TotalCharges_1993.8,0.00010174291531872532
Customers_5365-LLFYV,0.0001017333461157422
TotalCharges_672.55,0.00010166163441026514
Customers_5956-YHHRX,0.00010165733565779647
Customers_6646-VRFOL,0.00010164095613446573
TotalCharges_383.65,0.00010157177952833353
TotalCharges_377.85,0.00010153627285937307
Customers_8017-LXHFA,0.00010148505684154824
TotalCharges_888.65,0.00010142138191483887
Customers_5868-CZJDR,0.00010141625436308128
Customers_7993-PYKOF,0.00010135251292418957
Customers_5364-XYIRR,0.00010133884822583558
Customers_3855-ONCAR,0.00010132009222292054
TotalCharges_69.35,0.00010131954552615266
Customers_4918-QLLIW,0.00010131246467503106
TotalCharges_1001.2,0.00010127214546632276
Customers_6786-OBWQR,0.00010120980406395177
TotalCharges_99.75,0.00010119386329904842
Customers_5701-YVSVF,0.00010114503402572273
Customers_9696-RMYBA,0.00010112712150526929
Customers_1746-TGTWV,0.000101072966340508
Customers_9940-HPQPG,0.0001010512765782435
Customers_9961-JBNMK,0.00010103301230736656
TotalCharges_25.7,0.00010102695710761065
Customers_8999-BOHSE,0.00010099549302635737
Customers_4629-NRXKX,0.00010092138445679084
TotalCharges_990.9,0.00010081614013025585
TotalCharges_931.75,0.00010079132963953022
TotalCharges_1017.35,0.00010077187110088885
Customers_0674-EYYZV,0.00010068296043046681
TotalCharges_3759.05,0.00010067697445842045
Customers_3420-ZDBMA,0.00010065815490276294
TotalCharges_1218.25,0.00010065194999666762
TotalCharges_154.3,0.00010061545984823943
TotalCharges_1008.55,0.00010050891228694424
TotalCharges_627.4,0.00010050076049869076
Customers_8118-TJAFG,0.00010041009632339979
Customers_5119-NZPTV,0.0001003980737852494
TotalCharges_832.05,0.00010039198890422229
Customers_9514-JDSKI,0.00010036364167689523
Customers_9462-MJUAW,0.00010035524318133248
TotalCharges_2368.4,0.00010033058796978356
TotalCharges_267.4,0.000100308025929862
Customers_8063-RJYNF,0.00010027373941487227
Customers_9828-AOQLM,0.00010026689159841381
Customers_1891-UAWWU,0.00010023383271460067
TotalCharges_1974.8,0.00010020945797206595
TotalCharges_84.4,0.00010020414582645709
Customers_3473-XIIIT,0.00010009113623228057
TotalCharges_70.75,0.00010008142422294096
TotalCharges_165,9.996452584249556e-05
Customers_2468-SJFLM,9.989514687953182e-05
Customers_0818-OCPZO,9.985402816840601e-05
Customers_4441-NIHPT,9.981698134581529e-05
TotalCharges_1294.6,9.979471722112033e-05
TotalCharges_2217.15,9.976017379121859e-05
Customers_8868-WOZGU,9.97372917281467e-05
Customers_6582-OIVSP,9.967421881577161e-05
TotalCharges_834.7,9.965224101413623e-05
TotalCharges_4874.7,9.960059562392805e-05
TotalCharges_3369.05,9.95531573435249e-05
Customers_2956-GGUCQ,9.95300061377632e-05
TotalCharges_62.8,9.948985614867262e-05
TotalCharges_488.65,9.939902423448561e-05
Customers_2082-CEFLT,9.928336542859569e-05
TotalCharges_1816.75,9.926167429084641e-05
TotalCharges_305.95,9.925350135725791e-05
Customers_2962-XPMCQ,9.923418751634297e-05
Customers_3744-ZRRDZ,9.918641010115376e-05
TotalCharges_500.1,9.914345549074249e-05
Customers_0511-JTEOY,9.914298893199714e-05
TotalCharges_990.3,9.909536530806509e-05
Customers_7479-NITWS,9.901759873835568e-05
Customers_9058-CBREO,9.901731880005293e-05
TotalCharges_3334.9,9.887893613567105e-05
Customers_1122-JWTJW,9.887649687376402e-05
TotalCharges_545.15,9.887590828238214e-05
TotalCharges_198,9.885758848003939e-05
Customers_1262-OPMFY,9.877799828826986e-05
Customers_9753-OYLBX,9.874467510617415e-05
TotalCharges_36.55,9.866467682490843e-05
Customers_1941-HOSAM,9.865533817905066e-05
TotalCharges_257.05,9.86089397964953e-05
Customers_9239-ZBZZV,9.859123316263589e-05
Customers_7598-UAASY,9.858583729801626e-05
Customers_2831-EBWRN,9.855477070110189e-05
Customers_8182-BJDSI,9.854854267842991e-05
TotalCharges_371.6,9.853210332045035e-05
Customers_9874-QLCLH,9.831423100590647e-05
Customers_8337-MSSXB,9.831311438388801e-05
Customers_5233-GEEAX,9.822760132204489e-05
Customers_6311-UEUME,9.820891117796933e-05
TotalCharges_541.9,9.817040415524359e-05
Customers_5019-GQVCR,9.813716112644881e-05
TotalCharges_1081.45,9.810923226614184e-05
TotalCharges_1305.95,9.809528127317804e-05
Customers_2180-DXNEG,9.808042471891189e-05
Customers_4853-OITSN,9.803586646482096e-05
Customers_6583-KQJLK,9.803077945221249e-05
Customers_5318-IXUZF,9.794198082240823e-05
Customers_9560-ARGQJ,9.79178928765356e-05
Customers_0661-XEYAN,9.786876139328678e-05
Customers_8687-BAFGU,9.784475914658948e-05
Customers_2612-RANWT,9.777005376831068e-05
Customers_4277-PVRAN,9.769017780791627e-05
Customers_2430-USGXP,9.76306988735035e-05
TotalCharges_31.35,9.754659837999053e-05
Customers_6087-MVHJH,9.753046944856448e-05
Customers_1723-HKXJQ,9.749179812764837e-05
TotalCharges_868.5,9.745668491783578e-05
TotalCharges_531,9.726161355564916e-05
TotalCharges_48.95,9.724244665336656e-05
TotalCharges_79.8,9.723677265014588e-05
Customers_2091-RFFBA,9.714791769412745e-05
Customers_4598-XLKNJ,9.713095480987865e-05
TotalCharges_62.25,9.705928437595722e-05
Customers_4902-OHLSK,9.705020024329016e-05
TotalCharges_1115.15,9.704824589470893e-05
Customers_4813-HQMGZ,9.703853892011418e-05
Customers_6432-TWQLB,9.697145059257866e-05
Customers_6365-MTGZX,9.697127793900695e-05
Customers_8640-SDGKB,9.693000862372327e-05
Customers_8685-WHQPW,9.692439198815035e-05
Customers_4369-HTUIF,9.690970881462095e-05
Customers_4349-GFQHK,9.690430034500689e-05
Customers_1567-DSCIC,9.685364002515535e-05
Customers_8364-TRMMK,9.684482978906165e-05
TotalCharges_46,9.683130119937606e-05
Customers_3217-FZDMN,9.679537551483437e-05
TotalCharges_127.1,9.669765926810786e-05
Customers_6078-VESFR,9.669450584347922e-05
Customers_3714-NTNFO,9.660402533827012e-05
Customers_5047-LHVLY,9.660085789753586e-05
Customers_8630-FJLIB,9.652800552011222e-05
TotalCharges_1122.4,9.64967438285492e-05
Customers_0939-YAPAF,9.645234006539628e-05
TotalCharges_550.6,9.638107585402355e-05
TotalCharges_1258.3,9.627362769089902e-05
TotalCharges_3762,9.625200758798852e-05
TotalCharges_24.25,9.613632892868148e-05
TotalCharges_1777.9,9.613042479195744e-05
TotalCharges_600.15,9.603171540191437e-05
Customers_5570-PTWEH,9.59740228352865e-05
TotalCharges_4528,9.593698130645997e-05
Customers_3376-BMGFE,9.586407683006945e-05
TotalCharges_330.05,9.580305807409058e-05
TotalCharges_49.9,9.57971359884324e-05
Customers_1626-ERCMM,9.577802479896678e-05
TotalCharges_743.75,9.570867425296698e-05
Customers_3411-WLRSQ,9.569189548128299e-05
TotalCharges_54.35,9.5667332218781e-05
TotalCharges_1534.75,9.566467174187721e-05
Customers_3440-JPSCL,9.55840694460116e-05
TotalCharges_1219.85,9.558148692805843e-05
TotalCharges_842.9,9.55405350805162e-05
TotalCharges_272.2,9.545235954526468e-05
TotalCharges_608,9.535696546533679e-05
TotalCharges_1364.3,9.53091646187824e-05
TotalCharges_4036,9.523813816763831e-05
TotalCharges_46.4,9.520092531645709e-05
Customers_7841-TZDMQ,9.514859455892209e-05
TotalCharges_1415,9.51287504069844e-05
TotalCharges_1931.75,9.506372503564016e-05
Customers_0168-XZKBB,9.501145863373509e-05
Customers_5077-DXTCG,9.495588575046771e-05
Customers_0722-SVSFK,9.495433376348161e-05
TotalCharges_1917.1,9.488362337945864e-05
Customers_0135-NMXAP,9.483494763953449e-05
TotalCharges_184.15,9.481678745467239e-05
Customers_8276-MQBYC,9.468562209486888e-05
TotalCharges_70.65,9.46457229922551e-05
Customers_6235-VDHOM,9.462026647807359e-05
Customers_7938-OUHIO,9.450931955084565e-05
TotalCharges_987.95,9.449116348783251e-05
Customers_4195-NZGTA,9.445957576738215e-05
Customers_5022-KVDQT,9.44355022099202e-05
TotalCharges_174.75,9.435677918010267e-05
TotalCharges_49.65,9.43405929546295e-05
TotalCharges_446.1,9.431250158818525e-05
Customers_8048-DSDFQ,9.428354337941185e-05
Customers_4298-OYIFC,9.426440668007445e-05
TotalCharges_791.75,9.424690660975934e-05
Customers_3990-QYKBE,9.408714128529052e-05
Customers_5712-PTIWW,9.40799770198209e-05
Customers_1264-BYWMS,9.40740915128607e-05
Customers_0940-OUQEC,9.406977714446609e-05
TotalCharges_4913.3,9.405481255741802e-05
TotalCharges_55.8,9.405192996490848e-05
TotalCharges_2415.95,9.404900471692006e-05
Customers_4803-AXVYP,9.403879590883994e-05
Customers_4013-TLDHQ,9.397777573050919e-05
Customers_2454-RPBRZ,9.389554006743531e-05
TotalCharges_1422.1,9.38751602359204e-05
Customers_4855-SNKMY,9.383615172660827e-05
Customers_1084-UQCHV,9.382555607611294e-05
Customers_4559-UWIHT,9.380521046102765e-05
Customers_3956-MGXOG,9.379789493389512e-05
Customers_6101-IMRMM,9.378532952176354e-05
TotalCharges_4388.4,9.376760714323931e-05
TotalCharges_1247.75,9.374993791501944e-05
TotalCharges_273.4,9.370180043459049e-05
TotalCharges_3105.55,9.353993000103544e-05
Customers_5364-EVNIB,9.350036223393959e-05
Customers_8695-ARGXZ,9.344319794161571e-05
TotalCharges_2287.25,9.339624970497946e-05
TotalCharges_2755.35,9.335777529798958e-05
TotalCharges_2231.05,9.335104923463808e-05
Customers_6402-ZFPPI,9.32914778536902e-05
Customers_0329-GTIAJ,9.327736395803805e-05
TotalCharges_69.85,9.324383905702201e-05
TotalCharges_1625.65,9.323259410276658e-05
TotalCharges_70.4,9.321199965668756e-05
Customers_6032-IGALN,9.32044634258361e-05
TotalCharges_2595.25,9.318703538943544e-05
TotalCharges_529.5,9.312147269309134e-05
TotalCharges_2122.45,9.301013928905992e-05
TotalCharges_1345.55,9.300738801620002e-05
TotalCharges_1285.05,9.297399374553612e-05
Customers_2657-VPXTA,9.292684192076149e-05
Customers_9588-OZDMQ,9.289835019131838e-05
Customers_2632-UCGVD,9.283566854547198e-05
Customers_9402-ORRAH,9.27724010693979e-05
TotalCharges_461.7,9.2725044482605e-05
Customers_3247-MHJKM,9.270909566105012e-05
Customers_6005-OBZPH,9.266078254646427e-05
Customers_6178-KFNHS,9.260001641865288e-05
TotalCharges_106.55,9.258021817178379e-05
TotalCharges_76.2,9.256306643899703e-05
Customers_9398-MMQTO,9.255179044698662e-05
Customers_5649-ANRML,9.250084794850148e-05
Customers_3398-ZOUAA,9.242204047856858e-05
TotalCharges_492.55,9.239950840424551e-05
TotalCharges_20.45,9.23789737718561e-05
Customers_3186-BAXNB,9.223743017102398e-05
Customers_7615-ESMYF,9.22263961609657e-05
TotalCharges_30.2,9.219706440134949e-05
TotalCharges_4187.75,9.211995752083338e-05
Customers_2656-FMOKZ,9.210666906713321e-05
TotalCharges_371.9,9.204564902663642e-05
Customers_2856-NNASM,9.204277285055537e-05
TotalCharges_1095.3,9.20355520445916e-05
Customers_3834-XUIFC,9.202910507926076e-05
Customers_4822-YCXMX,9.20001759674881e-05
TotalCharges_5568.35,9.196804383160047e-05
TotalCharges_291.4,9.193578577046862e-05
Customers_6210-KBBPI,9.191823116320202e-05
Customers_2275-RBYQS,9.189865718222595e-05
TotalCharges_1782.4,9.188460239394232e-05
Customers_9430-FRQOC,9.184513764399498e-05
TotalCharges_1146.65,9.161762170254041e-05
TotalCharges_2516.2,9.155789483267438e-05
Customers_3566-HJGPK,9.155688592276682e-05
Customers_5599-HVLTW,9.153528665117649e-05
TotalCharges_318.6,9.150737529609516e-05
TotalCharges_162.55,9.148592149664835e-05
TotalCharges_1993.25,9.146496535568843e-05
Customers_9367-WXLCH,9.145057255501269e-05
Customers_4816-LXZYW,9.140909456706282e-05
Customers_3753-TSEMP,9.140723016124084e-05
Customers_0491-KAPQG,9.140057319418102e-05
TotalCharges_340.4,9.133120340341813e-05
Customers_2862-PFNIK,9.131946140111416e-05
Customers_4274-OWWYO,9.126120943589191e-05
TotalCharges_1451.6,9.124191699540363e-05
Customers_2235-DWLJU,9.121275468159493e-05
TotalCharges_973.45,9.118980561596155e-05
Customers_5909-ECHUI,9.117219308428626e-05
Customers_3249-ZPQRG,9.116532142674263e-05
Customers_8180-AKMJV,9.113532635374743e-05
Customers_9269-CQOOL,9.103420080690893e-05
Customers_7537-RBWEA,9.102618425411501e-05
TotalCharges_305.1,9.101956450136409e-05
Customers_5955-ERIHD,9.097683248313561e-05
TotalCharges_470.95,9.094352286111125e-05
TotalCharges_1426.75,9.090817332817347e-05
TotalCharges_2227.8,9.087693286351846e-05
TotalCharges_3944.5,9.086043267885011e-05
Customers_5590-BYNII,9.077339678421718e-05
Customers_4132-KALRO,9.07474075345724e-05
Customers_9919-KNPOO,9.07330391435472e-05
Customers_7270-BDIOA,9.070347005275668e-05
Customers_4361-JEIVL,9.069074963610615e-05
TotalCharges_1873.7,9.06514204792033e-05
TotalCharges_2964.8,9.064531493827602e-05
TotalCharges_1760.25,9.058538794167233e-05
TotalCharges_2931,9.053981428158148e-05
TotalCharges_2497.2,9.043538782909825e-05
TotalCharges_2088.8,9.035413473548433e-05
Customers_4373-MAVJG,9.034123715560658e-05
TotalCharges_2169.75,9.033881036205166e-05
TotalCharges_824.75,9.031043220433284e-05
TotalCharges_43.3,9.025765518900933e-05
Customers_9191-MYQKX,9.024032020057648e-05
TotalCharges_19.2,9.023773572560426e-05
TotalCharges_234.85,9.015283211830087e-05
TotalCharges_496.9,9.014563002679207e-05
TotalCharges_59.05,9.005929610765355e-05
TotalCharges_2896.6,9.00545541046647e-05
Customers_8878-HMWBV,9.003413283043797e-05
TotalCharges_1162.85,9.001934294833493e-05
Customers_2929-ERCFZ,8.999934540722419e-05
Customers_0378-TOVMS,8.999202170279721e-05
Customers_3178-FESZO,8.995575652763188e-05
TotalCharges_2361.8,8.995514467354046e-05
Customers_9898-KZQDZ,8.993560198274551e-05
TotalCharges_1095.65,8.991880248628428e-05
TotalCharges_2248.05,8.988929562224968e-05
Customers_2880-FPNAE,8.984691424173675e-05
TotalCharges_498.1,8.979820350414563e-05
TotalCharges_181.6,8.978859119657472e-05
Customers_5696-QURRL,8.976795260521138e-05
Customers_2575-GFSOE,8.975765505429503e-05
TotalCharges_662.65,8.975670908502651e-05
Customers_6416-TVAIH,8.960622389196227e-05
Customers_6702-OHFWR,8.953117669201267e-05
Customers_2718-GAXQD,8.951639251410245e-05
TotalCharges_242,8.947668322341893e-05
TotalCharges_825.7,8.945375349228452e-05
TotalCharges_281,8.938128536401182e-05
Customers_1260-TTRXI,8.937946881626637e-05
TotalCharges_24.9,8.937136524203884e-05
TotalCharges_1058.6,8.935658646901389e-05
Customers_5167-GBFRE,8.927436141749122e-05
TotalCharges_3906.7,8.927239377789748e-05
TotalCharges_1443.65,8.918996612073901e-05
TotalCharges_1384.75,8.915796499367506e-05
Customers_0480-BIXDE,8.914561399224865e-05
Customers_9606-PBKBQ,8.913032478941652e-05
TotalCharges_404.2,8.909255907704038e-05
Customers_1478-VPOAD,8.90636541924943e-05
TotalCharges_5812.6,8.903275379201397e-05
TotalCharges_548.9,8.902471743864531e-05
Customers_2674-MIAHT,8.900011337190619e-05
TotalCharges_69.2,8.899855273371611e-05
Customers_3583-EKAPL,8.896308982180208e-05
TotalCharges_1470.95,8.884059931925142e-05
TotalCharges_365.65,8.878656847399329e-05
Customers_2672-DZUOY,8.877513233681158e-05
Customers_2645-QTLMB,8.873300017694614e-05
TotalCharges_1111.65,8.872369485902787e-05
Customers_7714-YXSMB,8.870160333479401e-05
Customers_9822-OAOVB,8.868912536236069e-05
TotalCharges_1799.3,8.8598215788952e-05
Customers_2371-JQHZZ,8.851094607064139e-05
Customers_3677-TNKIO,8.847878571059565e-05
Customers_2013-SGDXK,8.840959192809846e-05
Customers_4146-SVFUD,8.840886572707873e-05
TotalCharges_3395.8,8.839011611080943e-05
Customers_4030-VPZBD,8.819516956067958e-05
TotalCharges_385.9,8.81893150321805e-05
Customers_8714-CTZJW,8.817762864228064e-05
TotalCharges_880.05,8.817727105468954e-05
Customers_4484-CGXFK,8.816654230864157e-05
TotalCharges_42.9,8.814747455909555e-05
TotalCharges_541.15,8.813927684628872e-05
TotalCharges_442.2,8.813254704182863e-05
Customers_4290-BSXUX,8.810785900251829e-05
TotalCharges_1072,8.806796672863799e-05
TotalCharges_263.05,8.806670927047801e-05
Customers_8485-GJCDN,8.803061914289645e-05
TotalCharges_467.55,8.800552383649444e-05
Customers_0093-EXYQL,8.799859245845325e-05
TotalCharges_1761.45,8.7965797119193e-05
Customers_1740-CSDJP,8.796010877402733e-05
TotalCharges_95,8.791961924412578e-05
Customers_2636-OHFMN,8.791855576912895e-05
Customers_3716-UVSPD,8.781468770217298e-05
TotalCharges_1641.3,8.781235366502141e-05
Customers_0746-JTRFU,8.777573443259499e-05
Customers_9253-QXKBE,8.773636754771243e-05
Customers_9903-LYSAB,8.770170110419179e-05
Customers_9095-HFAFX,8.769806669982196e-05
TotalCharges_2384.15,8.767196879149362e-05
Customers_5940-AHUHD,8.764623426833141e-05
TotalCharges_251.75,8.76405092820068e-05
TotalCharges_2149.05,8.760950936418749e-05
TotalCharges_679.85,8.758387723425779e-05
Customers_2369-UAPKZ,8.756153544470867e-05
Customers_0519-XUZJU,8.755275730354655e-05
TotalCharges_1465.75,8.75208138472462e-05
Customers_5685-IIXLY,8.741018515734035e-05
TotalCharges_98.5,8.740045830913783e-05
Customers_5405-ZMYXQ,8.739384180488861e-05
TotalCharges_2440.15,8.735634456733205e-05
Customers_7595-EUIVN,8.733097066186628e-05
Customers_2868-SNELZ,8.727291234887863e-05
TotalCharges_1511.2,8.727089087888537e-05
TotalCharges_2576.2,8.706856438511561e-05
Customers_0137-OCGAB,8.703404990517787e-05
Customers_0529-ONKER,8.697521077439615e-05
TotalCharges_811.8,8.697446116430342e-05
Customers_5095-AESKG,8.697054433568147e-05
TotalCharges_2979.2,8.692175927824762e-05
Customers_1918-ZBFQJ,8.68013894516241e-05
Customers_6906-ANDWJ,8.679039342179554e-05
TotalCharges_2871.5,8.673671572598035e-05
Customers_8064-RAVOH,8.659203991273543e-05
TotalCharges_168.5,8.657508574005063e-05
Customers_4325-NFSKC,8.657307533063503e-05
TotalCharges_853.1,8.65245733470435e-05
TotalCharges_389.6,8.652267108141296e-05
Customers_0125-LZQXK,8.648454041840361e-05
Customers_3951-NJCVI,8.646086434090703e-05
Customers_6212-ATMLK,8.644380679595363e-05
Customers_9026-RNUJS,8.640024664612061e-05
TotalCharges_413.25,8.636257940910044e-05
Customers_2815-CPTUL,8.627632900263531e-05
Customers_2408-WITXK,8.62415020699227e-05
TotalCharges_733.35,8.618587385346197e-05
TotalCharges_2665,8.601078906024016e-05
TotalCharges_385,8.600368387924358e-05
Customers_4585-HETAI,8.5883775875157e-05
Customers_5934-RMPOV,8.578192312852513e-05
Customers_8128-YVJRG,8.573101384523797e-05
Customers_0495-ZBNGW,8.571338626187116e-05
Customers_8710-YGLWG,8.571304697629297e-05
Customers_4741-WWJQZ,8.570559364798016e-05
Customers_2754-VDLTR,8.567222139473976e-05
Customers_2362-IBOOY,8.566656052816516e-05
TotalCharges_1422.65,8.560041021126282e-05
Customers_6032-KRXXO,8.557669217425274e-05
Customers_0396-YCHWO,8.555146466201203e-05
TotalCharges_87.9,8.553101082153363e-05
TotalCharges_742.95,8.55195423251547e-05
TotalCharges_786.3,8.551348270195694e-05
Customers_7854-FOKSF,8.537937300991675e-05
TotalCharges_1029.75,8.533466458303114e-05
TotalCharges_2429.1,8.531422716354239e-05
TotalCharges_1505.85,8.531307521816179e-05
Customers_9637-EIHEQ,8.528074560200362e-05
Customers_8617-ENBDS,8.527765346455291e-05
TotalCharges_321.9,8.526704101670278e-05
Customers_4123-DVHPH,8.523000264813828e-05
TotalCharges_1587.55,8.522735499536881e-05
TotalCharges_1515.1,8.522220809362225e-05
TotalCharges_237.25,8.517930814035947e-05
TotalCharges_1052.4,8.517247318441673e-05
TotalCharges_1120.3,8.515545334754752e-05
Customers_7295-JOMMD,8.501965504372931e-05
TotalCharges_214.55,8.489022189224909e-05
Customers_1845-ZLLIG,8.477224735790439e-05
Customers_8861-HGGKB,8.464556314916421e-05
Customers_1212-GLHMD,8.462069759633687e-05
Customers_5760-IFJOZ,8.461300037625541e-05
Customers_0236-HFWSV,8.459584157893172e-05
Customers_2080-CAZNM,8.45641720184413e-05
Customers_0221-WMXNQ,8.452584577084584e-05
Customers_6100-QQHEB,8.449745451777406e-05
Customers_0148-DCDOS,8.44633800425008e-05
Customers_6221-AVQYL,8.443520891366553e-05
TotalCharges_239.05,8.438752045607033e-05
TotalCharges_416.3,8.433708501103096e-05
TotalCharges_2757.85,8.429959884643656e-05
Customers_1465-VINDH,8.429583340146335e-05
Customers_6116-RFVHN,8.427435429354699e-05
TotalCharges_232.5,8.426405868053786e-05
TotalCharges_2193,8.423836277293012e-05
TotalCharges_2244.95,8.423413968598364e-05
Customers_4929-XIHVW,8.408553362788169e-05
Customers_2114-MGINA,8.407103786823127e-05
TotalCharges_609.9,8.40616511126507e-05
TotalCharges_155.8,8.401098006944898e-05
TotalCharges_1064.65,8.400304967268234e-05
TotalCharges_940.35,8.400265769298101e-05
Customers_5857-TYBCJ,8.399492221563937e-05
Customers_3866-MDTUB,8.398810568773185e-05
Customers_5989-PGKJB,8.398539708057685e-05
Customers_7932-WPTDS,8.39610597803601e-05
Customers_0011-IGKFF,8.395374397335269e-05
TotalCharges_770.5,8.394508539736852e-05
TotalCharges_890.6,8.394295918118498e-05
Customers_2933-FILNV,8.384895734027932e-05
TotalCharges_834.1,8.38015706344811e-05
Customers_3748-FVMZZ,8.379842384909205e-05
Customers_1062-LHZOD,8.377993400704363e-05
Customers_0411-EZJZE,8.377751070651257e-05
TotalCharges_1358.85,8.375848651050051e-05
Customers_9189-JWSHV,8.371685466418312e-05
Customers_0302-JOIVN,8.370854789635736e-05
Customers_1866-RZZQS,8.365703054392175e-05
Customers_4952-YSOGZ,8.363802397402918e-05
Customers_8854-CCVSQ,8.35070849347205e-05
TotalCharges_76,8.348998454571168e-05
TotalCharges_85.1,8.34285702523007e-05
TotalCharges_1222.05,8.342029430188794e-05
TotalCharges_446.05,8.336559363660722e-05
Customers_7548-SEPYI,8.334041608547877e-05
TotalCharges_264.85,8.327715808623641e-05
Customers_8486-AYEQH,8.323166506055084e-05
Customers_8720-RQSBJ,8.32158505540157e-05
Customers_7890-VYYWG,8.320132003156418e-05
TotalCharges_157.75,8.319406742007643e-05
TotalCharges_1620.8,8.317572825149664e-05
Customers_5044-LRQAQ,8.312174117411779e-05
Customers_8837-VVWLQ,8.306868462502533e-05
TotalCharges_3474.2,8.303807841442379e-05
Customers_1963-SVUCV,8.300335836511555e-05
TotalCharges_1105.4,8.299583717078846e-05
TotalCharges_655.5,8.299535270880646e-05
TotalCharges_246.5,8.299282206247321e-05
TotalCharges_73,8.298681706132652e-05
TotalCharges_659.65,8.291964770451144e-05
Customers_3916-NRPAP,8.289767576642025e-05
TotalCharges_651.5,8.289075928936622e-05
TotalCharges_71.1,8.287726230282169e-05
TotalCharges_1899.65,8.286773392543707e-05
Customers_7339-POGZN,8.278674797268706e-05
Customers_4201-JMNGR,8.27797789731058e-05
TotalCharges_2407.3,8.277237941569522e-05
TotalCharges_1539.8,8.275283068644271e-05
TotalCharges_535.55,8.275262015376788e-05
Customers_2154-KVJFF,8.27355201724825e-05
Customers_3703-VAVCL,8.269109845917194e-05
Customers_8120-JDCAM,8.26453004819187e-05
TotalCharges_1164.3,8.260687554295036e-05
TotalCharges_293.15,8.256232788084517e-05
Customers_9208-OLGAQ,8.253000583254438e-05
TotalCharges_331.9,8.251824529672167e-05
Customers_6645-MXQJT,8.250347888590632e-05
TotalCharges_502.85,8.245762748092368e-05
TotalCharges_70.9,8.243062994678278e-05
Customers_5896-NPFWW,8.24057054236011e-05
Customers_7234-FECYN,8.239388336135479e-05
Customers_4289-DTDKW,8.238061164145765e-05
Customers_6198-RTPMF,8.234958109119726e-05
Customers_8990-ZXLSU,8.233252087533807e-05
Customers_1450-GALXR,8.231391767576129e-05
Customers_0225-ZORZP,8.226707426418497e-05
TotalCharges_6164.7,8.22515792004318e-05
Customers_8519-IMDHU,8.221986314910432e-05
Customers_6185-TASNN,8.212712726870367e-05
TotalCharges_828.05,8.209279838118691e-05
TotalCharges_2043.45,8.20641676549433e-05
Customers_6407-UTSLV,8.200734544814085e-05
Customers_3703-KBKZP,8.190585444403543e-05
TotalCharges_220.1,8.187925879435963e-05
Customers_1589-AGTLK,8.178886514712656e-05
Customers_5937-EORGB,8.1785168100859e-05
TotalCharges_851.75,8.173669584465733e-05
Customers_6424-ELEYH,8.168820616293916e-05
Customers_4065-JJAVA,8.163344806681566e-05
TotalCharges_2537,8.162969121913889e-05
Customers_5652-MSDEY,8.150638028934612e-05
TotalCharges_50.45,8.148337390624564e-05
TotalCharges_1139.2,8.133082355067069e-05
Customers_1184-PJVDB,8.126655889851062e-05
TotalCharges_89.15,8.115772692446262e-05
Customers_1976-CFOCS,8.115430451457874e-05
TotalCharges_1062.1,8.112321748400456e-05
Customers_1569-TTNYJ,8.106044968072041e-05
TotalCharges_927.35,8.086285971731973e-05
Customers_8224-DWCKX,8.083886564753477e-05
Customers_0195-IESCP,8.0792850580241e-05
TotalCharges_1951,8.078962057930659e-05
Customers_6877-LGWXO,8.075483340705693e-05
Customers_6599-SFQVE,8.07454851396734e-05
TotalCharges_3645.75,8.069347301578971e-05
Customers_2472-OVKUP,8.052182324134086e-05
Customers_9894-EZEWG,8.050258152659935e-05
TotalCharges_413.65,8.049840442207694e-05
Customers_0872-NXJYS,8.0496173232598e-05
Customers_6331-EWIEB,8.036745222149935e-05
TotalCharges_94.4,8.031801044409353e-05
Customers_8922-LIEGH,8.030324419096169e-05
Customers_9244-ZVAPM,8.028726035655078e-05
TotalCharges_35,8.026080508157758e-05
TotalCharges_1340.1,8.021326885709082e-05
TotalCharges_1346.3,8.018612055738602e-05
TotalCharges_315.3,8.014578667415147e-05
TotalCharges_546.45,8.01295025974159e-05
TotalCharges_329.8,8.011155074769482e-05
TotalCharges_953.45,8.010909282835994e-05
Customers_6817-WTYHE,8.000345555102447e-05
Customers_3049-NDXFL,7.993084260768835e-05
TotalCharges_418.8,7.985326808077757e-05
TotalCharges_220.95,7.98050417371271e-05
TotalCharges_85.45,7.979828762035254e-05
TotalCharges_1742.5,7.979828094403903e-05
Customers_8118-LSUEL,7.964583413429769e-05
TotalCharges_2006.1,7.959036254295725e-05
Customers_7903-CMPEY,7.95404390310425e-05
TotalCharges_3673.6,7.953663125813453e-05
Customers_8189-XRIKE,7.95140219046897e-05
TotalCharges_1308.1,7.947460744270392e-05
Customers_8945-GRKHX,7.946727720087885e-05
Customers_0570-BFQHT,7.9418365251962e-05
TotalCharges_1752.55,7.940637602682917e-05
Customers_9365-SRSZE,7.936435115529452e-05
TotalCharges_1861.5,7.928099681235889e-05
TotalCharges_916.75,7.916569064775548e-05
Customers_2074-GKOWZ,7.91370144720989e-05
Customers_9330-IJWIO,7.912187761597146e-05
TotalCharges_1612.75,7.909692600686273e-05
TotalCharges_44.95,7.908037109297442e-05
Customers_7721-DVEKZ,7.90526554959432e-05
TotalCharges_96.85,7.904915987357734e-05
TotalCharges_84.3,7.887426556609955e-05
Customers_0742-NXBGR,7.886268801174434e-05
TotalCharges_141.65,7.884231621533884e-05
TotalCharges_273,7.883473829501162e-05
TotalCharges_2998,7.87691306249534e-05
TotalCharges_1975.85,7.873686762872598e-05
TotalCharges_216.75,7.870781923680115e-05
Customers_0375-HVGXO,7.864343026039189e-05
TotalCharges_44.3,7.858472619749804e-05
TotalCharges_56.25,7.853638815366101e-05
Customers_6994-KERXL,7.853532433672067e-05
Customers_6204-IEUXJ,7.850118134351655e-05
Customers_6060-DRTNL,7.843504985858214e-05
Customers_2984-MIIZL,7.840114977986315e-05
Customers_5931-FLJJF,7.831514613565726e-05
Customers_0670-KDOMA,7.82859404471777e-05
TotalCharges_122.7,7.819861009952571e-05
TotalCharges_226.45,7.819595048631005e-05
TotalCharges_797.25,7.818222693050129e-05
TotalCharges_293.65,7.814084807350309e-05
TotalCharges_347.65,7.80974319775094e-05
Customers_9399-APLBT,7.801767176082518e-05
Customers_2528-HFYZX,7.800513883840195e-05
TotalCharges_551.35,7.797074771272015e-05
Customers_6086-ESGRL,7.796834015490095e-05
Customers_3389-YGYAI,7.793934642375848e-05
Customers_5655-JSMZM,7.79241286785189e-05
TotalCharges_1553.9,7.7909701337357e-05
TotalCharges_401.1,7.781512502505305e-05
Customers_1728-BQDMA,7.777619710361051e-05
Customers_7562-UXTPG,7.777239815511032e-05
Customers_0277-BKSQP,7.775928527509963e-05
Customers_7240-ETPTR,7.770189166318087e-05
Customers_4597-NUCQV,7.769446584534532e-05
TotalCharges_2391.8,7.764583593662855e-05
Customers_6108-OQZDQ,7.758263530600377e-05
TotalCharges_185.55,7.754078986265448e-05
Customers_0880-TKATG,7.747027302461721e-05
Customers_7801-KICAO,7.746709969101247e-05
TotalCharges_1743.05,7.740721670217403e-05
Customers_1428-GTBJJ,7.737146306899606e-05
Customers_1608-GMEWB,7.730862550012006e-05
TotalCharges_115.95,7.730352630704e-05
Customers_2722-JMONI,7.72218158557416e-05
Customers_3629-ZNKXA,7.721554073570167e-05
TotalCharges_1579.7,7.717132399466971e-05
Customers_5233-AOZUF,7.71599831560338e-05
Customers_6029-WTIPC,7.713222226623453e-05
Customers_3987-KQDDU,7.710103463917687e-05
TotalCharges_2249.1,7.708759635803513e-05
TotalCharges_325.45,7.708310086590734e-05
Customers_8225-BTJAU,7.704093433262682e-05
TotalCharges_451.1,7.701317019173866e-05
Customers_9490-DFPMD,7.700292973204797e-05
Customers_3644-QXEHN,7.695863359129362e-05
TotalCharges_1130,7.680204167229181e-05
TotalCharges_506.9,7.679399763655145e-05
Customers_4729-XKASR,7.672615104436729e-05
TotalCharges_411.75,7.66382473279378e-05
TotalCharges_196.4,7.662020182891104e-05
TotalCharges_2259.35,7.661575741021008e-05
Customers_2840-XANRC,7.658728322948997e-05
TotalCharges_2404.85,7.655335065639656e-05
TotalCharges_152.45,7.654142850918626e-05
Customers_2424-WVHPL,7.653189046765049e-05
TotalCharges_1111.85,7.650236810175414e-05
Customers_2675-DHUTR,7.649895987418544e-05
Customers_3413-BMNZE,7.644087235931665e-05
Customers_2107-FBPTK,7.640256233484856e-05
Customers_0023-HGHWL,7.637650491780177e-05
Customers_7693-LCKZL,7.630278760871927e-05
TotalCharges_69.7,7.625927111494396e-05
TotalCharges_238.5,7.617333867734888e-05
Customers_3427-GGZZI,7.613746133479488e-05
TotalCharges_338.1,7.612688274820377e-05
TotalCharges_307.4,7.612027027694313e-05
TotalCharges_75.8,7.610163126946996e-05
Customers_4514-GFCFI,7.604564664299735e-05
TotalCharges_434.5,7.603582952376122e-05
Customers_9921-ZVRHG,7.601261673581642e-05
Customers_3588-WSTTJ,7.598118828432669e-05
Customers_3606-TWKGI,7.596819356137494e-05
TotalCharges_102.5,7.594712525286072e-05
Customers_0921-OHLVP,7.594425535662703e-05
Customers_8290-YWKHZ,7.579530014398822e-05
TotalCharges_486.85,7.576773507629363e-05
TotalCharges_3414.65,7.574585221767046e-05
Customers_3785-NRHYR,7.573534556127455e-05
TotalCharges_1463.5,7.571904211530172e-05
TotalCharges_886.7,7.571851248188624e-05
Customers_2740-TVLFN,7.571676232560934e-05
TotalCharges_1313.25,7.570109290005665e-05
Customers_9734-UYXQI,7.562691697113361e-05
TotalCharges_754.65,7.557219883556921e-05
TotalCharges_1369.8,7.556996891346543e-05
TotalCharges_3270.25,7.555380531171056e-05
Customers_8734-DKSTZ,7.548116900565508e-05
TotalCharges_80.15,7.548109750555785e-05
TotalCharges_424.15,7.54545583620535e-05
TotalCharges_829.55,7.544504198371129e-05
TotalCharges_1775.8,7.543430337811966e-05
TotalCharges_661.55,7.543337665527938e-05
Customers_4505-EXZHB,7.543318698070602e-05
Customers_1342-JPNKI,7.539765928050678e-05
TotalCharges_1849.95,7.538299447880167e-05
Customers_0027-KWYKW,7.535566536206629e-05
TotalCharges_1938.9,7.535552600870686e-05
TotalCharges_287.4,7.52641299629216e-05
Customers_5605-IYGFG,7.525554563174874e-05
TotalCharges_1115.2,7.522291743428648e-05
TotalCharges_1178.4,7.512399023038457e-05
Customers_5244-IRFIH,7.509638498380437e-05
Customers_1769-GRUIK,7.509064605475397e-05
Customers_0620-DLSLK,7.502501912758528e-05
TotalCharges_999.9,7.501514565133648e-05
TotalCharges_1047.7,7.489514657542516e-05
TotalCharges_70.45,7.484627866179386e-05
Customers_0817-HSUSE,7.484428409895006e-05
TotalCharges_3171.15,7.477104439215212e-05
TotalCharges_1275.65,7.475826614059947e-05
TotalCharges_712.25,7.474936834193825e-05
TotalCharges_680.05,7.474856349953803e-05
Customers_2809-ZMYOQ,7.473998092199076e-05
TotalCharges_519.15,7.470120625949275e-05
Customers_3398-FSHON,7.469042056415424e-05
TotalCharges_950.2,7.465104921383792e-05
Customers_4958-XCBDQ,7.450055235531984e-05
Customers_5543-QDCRY,7.449819681829619e-05
Customers_1792-UXAFY,7.449518307919793e-05
Customers_3318-OSATS,7.446476002158673e-05
TotalCharges_1180.95,7.444592655811505e-05
Customers_2905-KFQUV,7.444438844233398e-05
TotalCharges_4200.25,7.441824391865385e-05
Customers_8356-WUAOJ,7.440250966402089e-05
TotalCharges_1058.1,7.438005464957413e-05
TotalCharges_299.75,7.437121902337888e-05
Customers_0447-RXSGD,7.436778579308012e-05
Customers_6352-TWCAU,7.435480303108558e-05
Customers_9185-TQCVP,7.434783193044249e-05
Customers_7048-GXDAY,7.433487061425343e-05
TotalCharges_44.6,7.422703382668068e-05
TotalCharges_1359.45,7.422670797086205e-05
Customers_3211-AAPKX,7.41916035183896e-05
Customers_8937-RDTHP,7.417985776762683e-05
Customers_4612-SSVHJ,7.413404409399918e-05
TotalCharges_189.2,7.403029969248096e-05
Customers_6127-ISGTU,7.394817978842272e-05
TotalCharges_672.7,7.394135601376417e-05
TotalCharges_71.55,7.394075191375443e-05
Customers_0374-IOEGQ,7.393629440881947e-05
Customers_3096-GKWEB,7.382961836800985e-05
TotalCharges_74,7.382289127308298e-05
TotalCharges_999.8,7.381916562137609e-05
TotalCharges_170.5,7.375105889503011e-05
TotalCharges_302.75,7.367581649959077e-05
Customers_8111-RKSPX,7.362458129104469e-05
TotalCharges_2642.05,7.35640904258466e-05
TotalCharges_100.25,7.354590388656362e-05
TotalCharges_1495.1,7.352783513018139e-05
Customers_0212-ISBBF,7.351437448414548e-05
Customers_5600-KTXFM,7.348926342615212e-05
Customers_7480-QNVZJ,7.34361904897398e-05
Customers_9432-VOFYX,7.342548039713796e-05
Customers_8063-GBATB,7.340480262221156e-05
TotalCharges_1028.9,7.332770945546905e-05
Customers_9743-DQKQW,7.327604315538296e-05
TotalCharges_2627.2,7.324668415440335e-05
Customers_3070-DVEYC,7.323010239005237e-05
Customers_7831-QGOXH,7.322122710276439e-05
TotalCharges_3744.05,7.321687992064771e-05
Customers_7786-WBJYI,7.320205238965275e-05
TotalCharges_489.45,7.31288468980245e-05
Customers_8348-HFYIV,7.312724854763578e-05
TotalCharges_44.05,7.312045877654496e-05
Customers_3317-HRTNN,7.310434852677796e-05
TotalCharges_633.85,7.304753640770559e-05
Customers_7394-FKDNK,7.30383163007028e-05
TotalCharges_1378.25,7.302751503536934e-05
TotalCharges_45.25,7.287407007103215e-05
Customers_4521-YEEHE,7.281812065233465e-05
TotalCharges_178.7,7.278801721330566e-05
Customers_4763-PGDPO,7.275906537840547e-05
Customers_5261-QSHQM,7.274952832145712e-05
TotalCharges_111.4,7.272251790181879e-05
Customers_5968-VXZLG,7.259575712176432e-05
Customers_0689-NKYLF,7.256690957758406e-05
TotalCharges_1312.15,7.25468362259153e-05
Customers_9058-MJLZC,7.250125974270937e-05
TotalCharges_147.15,7.249810251941434e-05
TotalCharges_80.2,7.247513651941287e-05
TotalCharges_544.55,7.246177942076705e-05
TotalCharges_82.85,7.23999599139238e-05
Customers_1754-GKYPY,7.236901244697845e-05
Customers_2122-YWVYA,7.234980985252346e-05
TotalCharges_159.4,7.230683765129973e-05
TotalCharges_364.55,7.229921395843974e-05
Customers_2504-DSHIH,7.227281048659353e-05
Customers_5630-IXDXV,7.22696893527088e-05
Customers_8779-QRDMV,7.225882857220088e-05
TotalCharges_55.55,7.225419884554512e-05
Customers_4817-QRJSX,7.220933401215138e-05
Customers_2209-XADXF,7.219368236668515e-05
Customers_4385-GZQXV,7.216545356379524e-05
Customers_5609-CEBID,7.215099245247149e-05
Customers_6380-ARCEH,7.214987269608748e-05
Customers_8413-VONUO,7.20973013242682e-05
Customers_9518-XXBXE,7.209147347610779e-05
TotalCharges_788.8,7.206731164123764e-05
TotalCharges_174.2,7.201065252242637e-05
Customers_1875-QIVME,7.197889079534738e-05
Customers_1866-OBPNR,7.195858064863854e-05
TotalCharges_43.8,7.195611547701968e-05
TotalCharges_284.9,7.192848176655234e-05
TotalCharges_49.85,7.190353381897563e-05
Customers_9992-RRAMN,7.18963114374506e-05
TotalCharges_23.45,7.183570637793201e-05
Customers_7511-YMXVQ,7.182989448607454e-05
TotalCharges_47.5,7.181936571326365e-05
TotalCharges_100.4,7.178642460845634e-05
Customers_1915-IOFGU,7.173358603245902e-05
TotalCharges_720.45,7.16890199724366e-05
Customers_3518-PZXZQ,7.166191162419149e-05
Customers_6688-UZPWD,7.160044654846162e-05
Customers_6502-MJQAE,7.159353412588178e-05
Customers_9281-OFDMF,7.15907930856755e-05
TotalCharges_1651.95,7.153372792715896e-05
TotalCharges_1687.95,7.152574938125965e-05
Customers_9223-UCPVT,7.15196366081164e-05
Customers_8035-PWSEV,7.140082308174457e-05
Customers_1730-ZMAME,7.138423690309956e-05
TotalCharges_1144.5,7.138172556159217e-05
TotalCharges_1145.35,7.136953874805519e-05
TotalCharges_1117.55,7.133713571020094e-05
TotalCharges_4040.2,7.126350810721732e-05
Customers_9850-OWRHQ,7.120424493393622e-05
TotalCharges_35.25,7.116215269176949e-05
TotalCharges_2653.65,7.114594678525023e-05
TotalCharges_716.1,7.11041009712808e-05
TotalCharges_137.85,7.107012120387088e-05
TotalCharges_5364.8,7.104769663257607e-05
Customers_6818-DJXAA,7.104121600117371e-05
Customers_1251-KRREG,7.10181191406127e-05
TotalCharges_1553.95,7.1016206318635e-05
Customers_6559-PDZLR,7.091070263459537e-05
TotalCharges_82.7,7.090524708061901e-05
TotalCharges_847.3,7.073863403588892e-05
TotalCharges_1380.4,7.073745019781295e-05
Customers_0334-GDDSO,7.072585288580568e-05
TotalCharges_79.45,7.066002344858749e-05
TotalCharges_1444.65,7.065034984343591e-05
Customers_3955-JBZZM,7.056027885862451e-05
TotalCharges_389.95,7.054941587482566e-05
Customers_4367-NHWMM,7.044363097488695e-05
Customers_1086-LXKFY,7.043561937863143e-05
Customers_8981-FJGLA,7.030386371148522e-05
TotalCharges_916.9,7.030252929938932e-05
Customers_7318-EIVKO,7.027788460443158e-05
Customers_6877-TJMBR,7.026470614192601e-05
TotalCharges_420.45,7.02451951688908e-05
Customers_4282-YMKNA,7.020743151423645e-05
Customers_7028-DVOIQ,7.01841771934448e-05
Customers_8286-AFUYI,7.014758987514327e-05
TotalCharges_657.5,7.006283594771088e-05
TotalCharges_25.8,6.999823108182675e-05
TotalCharges_418.4,6.999105483818765e-05
TotalCharges_357.75,6.998429595851e-05
Customers_3001-UNBTL,6.99737186330811e-05
TotalCharges_1201.15,6.99373668020616e-05
Customers_3597-MVHJT,6.990313251517606e-05
TotalCharges_89.75,6.978002288835736e-05
Customers_3346-BRMIS,6.974567576584988e-05
TotalCharges_355.2,6.974096836169402e-05
TotalCharges_194.55,6.972303726947311e-05
TotalCharges_224.05,6.962963105131337e-05
Customers_3797-FKOGQ,6.961128327376563e-05
Customers_8382-SHQEH,6.957430804902506e-05
Customers_0623-GDISB,6.951239640020474e-05
TotalCharges_914.3,6.94532004938659e-05
TotalCharges_606.55,6.937818806962557e-05
Customers_7145-FEJWU,6.934687893790679e-05
TotalCharges_143.9,6.930815341186493e-05
Customers_3902-FOIGH,6.928866073793655e-05
TotalCharges_3554.6,6.927951924856481e-05
Customers_3776-EKTKM,6.917244846658092e-05
TotalCharges_2122.05,6.915982656120336e-05
TotalCharges_111.05,6.912388640426117e-05
Customers_5183-SNMJQ,6.91027019245822e-05
TotalCharges_973.25,6.909398999991726e-05
Customers_4951-UKAAQ,6.908277722401612e-05
Customers_7379-FNIUJ,6.907566345140525e-05
Customers_9102-IAYHT,6.904963097792264e-05
TotalCharges_1813.1,6.90482182402192e-05
TotalCharges_90.35,6.89979318905832e-05
Customers_6030-REHUX,6.89952415069019e-05
TotalCharges_3121.1,6.890224306694785e-05
Customers_0680-DFNNY,6.88736027690305e-05
TotalCharges_183.75,6.886205468093048e-05
TotalCharges_75.5,6.885269057968447e-05
Customers_0439-IFYUN,6.881736056589285e-05
Customers_3481-JHUZH,6.87723416703572e-05
Customers_3296-SILRA,6.868998233936898e-05
Customers_6275-YDUVO,6.867081910769564e-05
Customers_0515-YPMCW,6.866753480981678e-05
Customers_3278-FSIXX,6.861633894664256e-05
Customers_5569-KGJHX,6.851835050194035e-05
TotalCharges_45.4,6.850776374894894e-05
TotalCharges_799.65,6.848814473079417e-05
TotalCharges_1415.55,6.847367927213884e-05
Customers_9053-EJUNL,6.846242923186347e-05
Customers_8950-MTZNV,6.846134328960461e-05
Customers_5138-WVKYJ,6.83190977147227e-05
TotalCharges_308.7,6.831686564634332e-05
Customers_9272-LSVYH,6.82759576883247e-05
Customers_2398-YPMUR,6.827346812143414e-05
Customers_0822-GAVAP,6.82396937336049e-05
Customers_0067-DKWBL,6.815283481662851e-05
Customers_7296-PIXQY,6.805064222985506e-05
Customers_7729-JTEEC,6.801863074948235e-05
TotalCharges_256.75,6.796948795051846e-05
TotalCharges_1145.7,6.795444778944022e-05
Customers_0650-BWOZN,6.786972748438185e-05
TotalCharges_3810.55,6.7823555259368e-05
TotalCharges_161.5,6.782174121452667e-05
Customers_1078-TDCRN,6.778647120202758e-05
TotalCharges_996.85,6.767896952262028e-05
TotalCharges_888.75,6.767277159073259e-05
Customers_2103-ZRXFN,6.762927519234783e-05
TotalCharges_893.2,6.759885318700225e-05
TotalCharges_56.35,6.754215768764664e-05
TotalCharges_270.7,6.754114781641691e-05
Customers_6615-NGGZJ,6.7501787023666e-05
TotalCharges_365.4,6.748190322596593e-05
Customers_5271-DBYSJ,6.730623375866991e-05
Customers_8584-KMVXD,6.730600126816696e-05
Customers_0897-FEGMU,6.721916249732538e-05
Customers_4143-OOBWZ,6.721119197723228e-05
Customers_4822-NGOCH,6.71886868189176e-05
TotalCharges_40.2,6.718444460441776e-05
Customers_3097-NQYSN,6.715394878723355e-05
Customers_8450-UYIBU,6.713495516358355e-05
Customers_9214-EKVXR,6.713299777400344e-05
Customers_7901-TBKJX,6.711998419354808e-05
TotalCharges_2483.5,6.710877227913835e-05
Customers_2260-USTRB,6.708325016778703e-05
TotalCharges_827.7,6.699905555357617e-05
Customers_3074-GQWYX,6.698930839900427e-05
Customers_1580-BMCMR,6.687515500854391e-05
TotalCharges_1392.25,6.687231426127464e-05
TotalCharges_1558.7,6.685750521417797e-05
Customers_6778-YSNIH,6.68468332523671e-05
Customers_9846-GKXAS,6.674293104364589e-05
Customers_1602-IJQQE,6.667484642229878e-05
Customers_9620-ENEJV,6.667134264487727e-05
Customers_2737-WFVYW,6.666307952543697e-05
TotalCharges_45.35,6.66285591974332e-05
Customers_5923-GXUOC,6.657148120251151e-05
Customers_2252-ISRNH,6.656540039108481e-05
TotalCharges_926.25,6.655901265320589e-05
TotalCharges_897.75,6.65550251533098e-05
TotalCharges_221.9,6.64742476946236e-05
Customers_4439-JMPMT,6.645985138289232e-05
TotalCharges_35.45,6.638463300909148e-05
Customers_3545-CNWRG,6.634221801538852e-05
TotalCharges_140.7,6.63210779379313e-05
Customers_9725-SCPZG,6.627539025308482e-05
TotalCharges_1637.3,6.623959462356159e-05
Customers_6689-TCZHQ,6.621473883562891e-05
TotalCharges_3050.15,6.61839122029528e-05
Customers_3045-XETSH,6.616903627999485e-05
Customers_1910-FMXJM,6.61430585519091e-05
Customers_5868-YWPDW,6.61144951210285e-05
TotalCharges_1594.75,6.611023448253888e-05
Customers_7924-GJZFI,6.608925520542794e-05
Customers_5222-IMUKT,6.608620733327695e-05
Customers_6103-BOCOU,6.60686525450297e-05
Customers_4919-MOAVT,6.606060997989084e-05
TotalCharges_593.45,6.602388427863654e-05
TotalCharges_846,6.594958277589585e-05
Customers_5692-ICXLW,6.593789662561214e-05
TotalCharges_2283.15,6.587131187944217e-05
Customers_0641-EVBOJ,6.586435828321881e-05
Customers_5522-NYKPB,6.583829652214233e-05
TotalCharges_29.9,6.582044690748448e-05
Customers_7908-QCBCA,6.578557486347528e-05
Customers_7252-NTGSS,6.574457854495032e-05
Customers_5482-PLVPE,6.562799761238546e-05
TotalCharges_50.35,6.559892654037214e-05
Customers_3372-KWFBM,6.559742059348241e-05
TotalCharges_55.3,6.555311486626147e-05
Customers_8372-JUXUI,6.550055441819604e-05
TotalCharges_2936.25,6.544819074694337e-05
TotalCharges_827.45,6.542759822469044e-05
Customers_5445-UTODQ,6.541794367662407e-05
TotalCharges_49.5,6.537777300954192e-05
Customers_6242-MBHPK,6.525708895980803e-05
TotalCharges_1451.9,6.519418229498691e-05
Customers_7074-IEVOJ,6.518434790568118e-05
Customers_0434-CSFON,6.515479477639101e-05
Customers_2495-KZNFB,6.514557233822598e-05
TotalCharges_118.25,6.510045029624372e-05
Customers_1013-QCWAM,6.508142490245538e-05
Customers_3196-NVXLZ,6.506230377704845e-05
Customers_9274-UARKJ,6.495921144568908e-05
Customers_4282-ACRXS,6.49136832602831e-05
Customers_7693-QPEFS,6.48785781631512e-05
Customers_6907-FLBER,6.485103002579482e-05
TotalCharges_1391.15,6.484519569222723e-05
TotalCharges_238.1,6.484089135613798e-05
Customers_3235-ETOOB,6.482381909294859e-05
Customers_3247-ZVOUO,6.48149628782555e-05
Customers_9965-YOKZB,6.478676624259532e-05
Customers_5899-OUVKV,6.462769337644945e-05
Customers_5976-JCJRH,6.455908853894995e-05
TotalCharges_434.1,6.454318537703838e-05
TotalCharges_553.4,6.452481902143377e-05
TotalCharges_921.4,6.450947237489184e-05
Customers_4815-GBTCD,6.448840423437553e-05
TotalCharges_6936.85,6.444053280775842e-05
Customers_7384-GHBPI,6.442659015945437e-05
TotalCharges_68.5,6.439777176042006e-05
Customers_3969-GYXEL,6.435267239427544e-05
Customers_0947-IDHRQ,6.420836518706516e-05
TotalCharges_169.05,6.419139216244863e-05
TotalCharges_229.5,6.416437873975683e-05
TotalCharges_1901.05,6.411807006246837e-05
Customers_5647-FXOTP,6.411684776987468e-05
TotalCharges_919.4,6.398945480541375e-05
TotalCharges_151.8,6.391806883082856e-05
TotalCharges_49.8,6.390697933965156e-05
TotalCharges_2271.85,6.38985599458617e-05
Customers_0196-VULGZ,6.38518214580165e-05
TotalCharges_1207,6.381350926015336e-05
Customers_3663-MITLP,6.381264408133111e-05
Customers_6833-JMZYP,6.376939391837975e-05
Customers_3999-QGRJH,6.373844500292637e-05
TotalCharges_2024.1,6.373685166857638e-05
TotalCharges_964.35,6.369804270144957e-05
Customers_8404-GFGCZ,6.36738959129239e-05
Customers_1334-FJSVR,6.36725046379739e-05
Customers_4236-UJPWO,6.367158584688795e-05
Customers_9897-KXHCM,6.366949442666743e-05
TotalCharges_4718.25,6.365899916494912e-05
Customers_3841-CONLJ,6.358588052556018e-05
TotalCharges_577.6,6.351873320020152e-05
TotalCharges_1112.3,6.34281992155527e-05
Customers_6960-HVYXR,6.342242512350946e-05
Customers_5561-NWEVX,6.340649477721228e-05
TotalCharges_767.9,6.337479191360532e-05
TotalCharges_79.35,6.330147540084919e-05
Customers_9274-CNFMO,6.326018127360716e-05
TotalCharges_47.95,6.324903750623555e-05
Customers_0537-QYZZN,6.32419496756996e-05
Customers_8433-WXGNA,6.32328066200183e-05
Customers_6298-QDFNH,6.320909019432473e-05
Customers_1689-YQBYY,6.320476764778892e-05
Customers_6267-DCFFZ,6.319147397565783e-05
TotalCharges_6401.25,6.318072906696899e-05
TotalCharges_1135.7,6.317483478840522e-05
Customers_6650-VJONK,6.311306862482792e-05
TotalCharges_29.85,6.308456216782311e-05
TotalCharges_3067.2,6.305105907972809e-05
TotalCharges_250.1,6.302015809070443e-05
Customers_9547-ITEFG,6.301770821004918e-05
TotalCharges_536.4,6.301552826153703e-05
TotalCharges_653.9,6.298800799852766e-05
TotalCharges_262.3,6.297410383614434e-05
TotalCharges_795.65,6.279894771207448e-05
Customers_6145-NNPNO,6.275442408743519e-05
TotalCharges_221.1,6.274274892756495e-05
TotalCharges_178.1,6.268939602152965e-05
Customers_5404-GGUKR,6.265304843040741e-05
TotalCharges_5780.7,6.263687544449679e-05
Customers_4433-JCGCG,6.262137002264663e-05
Customers_7734-DBOAI,6.259541707546952e-05
Customers_5054-IEXZT,6.258919160642798e-05
Customers_3797-VTIDR,6.256817132544003e-05
Customers_1355-KUSBG,6.255556292907182e-05
Customers_1905-OEILC,6.251924924908794e-05
Customers_6135-OZQVA,6.24820105809477e-05
TotalCharges_2031.95,6.24593087393859e-05
TotalCharges_1058.25,6.24562140237518e-05
TotalCharges_436.6,6.244752860295685e-05
TotalCharges_159.45,6.241736802977646e-05
TotalCharges_2845.15,6.238199505544163e-05
Customers_4062-HBMOS,6.23312892218499e-05
Customers_4537-DKTAL,6.230663198980426e-05
TotalCharges_866.4,6.230110049656189e-05
TotalCharges_602.55,6.225539496906236e-05
Customers_7590-VHVEG,6.224506071506657e-05
TotalCharges_6747.35,6.214332811807614e-05
TotalCharges_162.45,6.212420392803933e-05
Customers_5299-SJCZT,6.210547645297042e-05
Customers_2024-BASKD,6.207971074101507e-05
Customers_6719-OXYBR,6.203891308218934e-05
Customers_9947-OTFQU,6.196866903451392e-05
Customers_1965-AKTSX,6.188318865174325e-05
TotalCharges_99.95,6.18753064273968e-05
TotalCharges_314.6,6.186814567326675e-05
Customers_0674-DGMAQ,6.182067517132267e-05
TotalCharges_930.4,6.179615730710472e-05
Customers_0970-QXPXW,6.179421393077248e-05
TotalCharges_1073.3,6.17601332356477e-05
Customers_4183-MYFRB,6.173553252402578e-05
TotalCharges_523.5,6.171874253205733e-05
TotalCharges_70.5,6.17164479430104e-05
Customers_6772-KSATR,6.167383760821002e-05
TotalCharges_228,6.166066215034726e-05
Customers_7754-IXRMC,6.153710973678161e-05
Customers_8992-JQYUN,6.153463803715489e-05
TotalCharges_68.65,6.144865041802925e-05
Customers_6260-ONULR,6.137874043839874e-05
TotalCharges_520,6.136085453169555e-05
TotalCharges_2291.2,6.131272843534755e-05
TotalCharges_438,6.121563864864577e-05
Customers_5153-RTHKF,6.120377081099223e-05
Customers_5035-BVCXS,6.117713744496997e-05
TotalCharges_85.8,6.11665972205823e-05
TotalCharges_105.6,6.112815420384289e-05
TotalCharges_97.1,6.110123651653632e-05
TotalCharges_1943.9,6.109611742653631e-05
TotalCharges_2395.7,6.108856429744704e-05
Customers_3871-IKPYH,6.106445094556614e-05
Customers_1447-GIQMR,6.105826850563717e-05
TotalCharges_4849.1,6.0966819743963335e-05
TotalCharges_4949.1,6.093888722342599e-05
TotalCharges_1973.75,6.093083943848496e-05
Customers_9944-HKVVB,6.0924969094845375e-05
TotalCharges_119.75,6.081696900444009e-05
Customers_7978-DKUQH,6.081010398223137e-05
Customers_5884-GCYMI,6.080086458301182e-05
Customers_9250-WYPLL,6.078148009918069e-05
Customers_2697-NQBPF,6.07648331898417e-05
TotalCharges_3540.65,6.0704822146153484e-05
Customers_5175-WLYXL,6.0654976572593976e-05
Customers_3234-VKACU,6.064816709174394e-05
TotalCharges_43.85,6.060960020130945e-05
Customers_4727-MCYZG,6.054944077931906e-05
TotalCharges_819.55,6.054856875414904e-05
Customers_7312-XSBAT,6.0541892487706747e-05
TotalCharges_1734.5,6.05389037490556e-05
Customers_9667-TKTVZ,6.0524307701195393e-05
Customers_3088-LHEFH,6.0446581434438265e-05
Customers_9121-PHQSR,6.042824946567525e-05
TotalCharges_6578.55,6.041319420030791e-05
Customers_1075-BGWOH,6.0353351284654146e-05
Customers_9885-CSMWE,6.0340800566389244e-05
Customers_2656-TABEH,6.0325959257078375e-05
Customers_0727-IWKVK,6.0297818115084727e-05
Customers_0928-JMXNP,6.018801419236273e-05
TotalCharges_96.8,6.01799425974231e-05
Customers_0082-LDZUE,6.017690349698064e-05
TotalCharges_562.7,6.015695894030068e-05
Customers_3091-FYHKI,6.010915380390935e-05
TotalCharges_156.35,6.0091590861970094e-05
TotalCharges_198.5,6.00674078098561e-05
Customers_1658-BYGOY,6.00026492588457e-05
Customers_6110-OHIHY,5.999351865107233e-05
Customers_6339-DKLMK,5.997355732230711e-05
TotalCharges_2272.8,5.989711738627813e-05
TotalCharges_1504.05,5.9856040566775393e-05
TotalCharges_79.15,5.979810753603105e-05
TotalCharges_70,5.978592360361658e-05
TotalCharges_4816.7,5.976392857108124e-05
Customers_1304-NECVQ,5.973695911543143e-05
Customers_7969-AULMZ,5.972317225790797e-05
Customers_9133-AYJZG,5.967636365189957e-05
TotalCharges_1842.8,5.963897000865385e-05
Customers_6876-ADESB,5.9635905680715266e-05
Customers_4998-IKFSE,5.9600224461796276e-05
TotalCharges_453.4,5.95558446187633e-05
Customers_1925-TIBLE,5.9539402625550196e-05
Customers_2959-FENLU,5.9438810269636186e-05
TotalCharges_1862.9,5.9414701210829247e-05
Customers_3276-HDUEG,5.9278094862545205e-05
TotalCharges_188.1,5.9276340582355077e-05
Customers_1406-PUQVY,5.9234664252580846e-05
Customers_3488-PGMQJ,5.922446348782125e-05
TotalCharges_573.75,5.9193826283182766e-05
TotalCharges_84.8,5.9149653138996404e-05
Customers_6892-EZDTG,5.914728100951304e-05
Customers_3002-WQZWT,5.9122809131223395e-05
Customers_6127-IYJOZ,5.911914448658977e-05
TotalCharges_114.15,5.911279028320568e-05
Customers_9444-JTXHZ,5.909575523912404e-05
Customers_7538-GWHML,5.9081934985408594e-05
TotalCharges_3168.75,5.9038666435154654e-05
Customers_4137-BTIKL,5.90016062058346e-05
TotalCharges_433.95,5.88757119973261e-05
Customers_8510-AWCXC,5.8865425322771604e-05
Customers_8096-LOIST,5.885620215309431e-05
TotalCharges_706.6,5.8843813002622925e-05
TotalCharges_190.5,5.875480058671682e-05
Customers_1196-AMORA,5.8707782927161307e-05
Customers_8648-PFRMP,5.86919022771253e-05
TotalCharges_1669.4,5.866517541015443e-05
TotalCharges_809.75,5.8647246404633415e-05
Customers_4828-FAZPK,5.86439075314619e-05
Customers_4716-HHKQH,5.864032807333793e-05
TotalCharges_1078.9,5.863532036059471e-05
Customers_8903-WMRNW,5.860693452485069e-05
TotalCharges_248.4,5.859609080645642e-05
Customers_5858-EAFCZ,5.8587207621887286e-05
Customers_9985-MWVIX,5.855294987852913e-05
Customers_5378-IKEEG,5.8545588084777825e-05
TotalCharges_113.95,5.85100981409797e-05
TotalCharges_2440.25,5.8496372991795094e-05
TotalCharges_493.65,5.8479729648117764e-05
Customers_2507-QZPQS,5.837972512761561e-05
Customers_9529-OFXHY,5.837173341377525e-05
TotalCharges_2277.65,5.832071955553783e-05
Customers_1453-RZFON,5.830683607405096e-05
Customers_7233-DRTRF,5.82606016579467e-05
TotalCharges_60.15,5.819823707760886e-05
TotalCharges_1540.05,5.8159324546356556e-05
TotalCharges_830.85,5.8143334419350714e-05
TotalCharges_1059.55,5.812756288780022e-05
Customers_8543-MSDMF,5.810418270334069e-05
TotalCharges_384.5,5.8058940706678236e-05
Customers_2824-MYYBN,5.794431761900766e-05
Customers_9348-YVOMK,5.7942372486029083e-05
Customers_2921-XWDJH,5.7912833999666505e-05
Customers_2637-FKFSY,5.791226545067991e-05
Customers_8012-SOUDQ,5.789473465049329e-05
TotalCharges_4391.25,5.782559211914027e-05
Customers_9809-IMGCQ,5.781467405644329e-05
Customers_9584-EXCDZ,5.779876974709685e-05
Customers_5883-GTGVD,5.778786769802857e-05
Customers_5453-AXEPF,5.770112788558578e-05
TotalCharges_1129.35,5.76647388671258e-05
TotalCharges_837.95,5.7661943168403894e-05
TotalCharges_1056.95,5.75882597048216e-05
Customers_2181-UAESM,5.757226256215558e-05
Customers_2523-EWWZL,5.75545352159695e-05
Customers_8974-OVACP,5.7536276203986846e-05
Customers_2931-FSOHN,5.753363357717021e-05
Customers_7422-WNBTY,5.746196792705179e-05
Customers_7315-WYOAW,5.745932013518947e-05
Customers_6458-CYIDZ,5.7399182485942485e-05
Customers_4816-JBHOV,5.739766713646194e-05
Customers_1455-UGQVH,5.733380863512531e-05
Customers_3621-CEOVK,5.732956952026186e-05
TotalCharges_503.6,5.7300406148067526e-05
Customers_2378-VTKDH,5.726559293072047e-05
Customers_6015-VVHHE,5.720326473393457e-05
TotalCharges_2989.6,5.71096311827961e-05
TotalCharges_141.45,5.708549331367776e-05
TotalCharges_2509.95,5.7081992558755114e-05
Customers_8481-YYXWG,5.706985807418526e-05
Customers_7379-POKDZ,5.6946489055947696e-05
Customers_0147-ESWWR,5.692308333679441e-05
TotalCharges_25.3,5.688963434067839e-05
TotalCharges_267.6,5.682300353964799e-05
Customers_8212-CRQXP,5.680967994588418e-05
Customers_3352-ALMCK,5.675476880153091e-05
Customers_5119-KEPFY,5.672766887036519e-05
TotalCharges_1037.75,5.6701977239950994e-05
TotalCharges_780.5,5.669430583921455e-05
TotalCharges_855.3,5.667880011684247e-05
TotalCharges_764.95,5.664620832078938e-05
Customers_2603-HVKCG,5.663081571170936e-05
Customers_1216-JWVUX,5.647419141280442e-05
TotalCharges_322.5,5.636134959997942e-05
TotalCharges_44.15,5.63596393061123e-05
Customers_6646-JPPHA,5.634281949909738e-05
TotalCharges_1101.85,5.631678745190241e-05
Customers_0315-LVCRK,5.629157027348495e-05
Customers_9408-SSNVZ,5.622686058911705e-05
Customers_4086-YQSNZ,5.609929484737022e-05
Customers_9436-ZBZCT,5.6072639884634945e-05
TotalCharges_1470.05,5.606081544629084e-05
TotalCharges_148.05,5.6039072200211226e-05
TotalCharges_80.85,5.601196834573535e-05
TotalCharges_3838.75,5.59977210246216e-05
Customers_5356-CSVSQ,5.598130476593424e-05
TotalCharges_75.05,5.595964423972519e-05
Customers_2265-CYWIV,5.5937256141507727e-05
Customers_7852-LECYP,5.59354557402122e-05
TotalCharges_2324.7,5.589227855837699e-05
Customers_4661-NJEUX,5.582994729465593e-05
Customers_3349-ANQNH,5.580393241834541e-05
Customers_3961-SXAXY,5.5791690856682085e-05
Customers_3003-CMDUU,5.57752155525262e-05
Customers_0925-VYDLG,5.5738187466772846e-05
Customers_2272-QAGFO,5.5686752659643264e-05
Customers_1907-UBQFC,5.5680434796510714e-05
TotalCharges_3096.9,5.560874975790611e-05
TotalCharges_4939.25,5.5605136694778076e-05
Customers_2027-CWDNU,5.5605120290110765e-05
Customers_2725-KXXWT,5.5573064867452126e-05
TotalCharges_19.4,5.551541534850549e-05
Customers_2379-ENZGV,5.551021449183743e-05
Customers_5666-CYCYZ,5.550805843163712e-05
TotalCharges_324.6,5.547813956501477e-05
TotalCharges_1600.25,5.54756425976524e-05
Customers_1384-RCUXW,5.5471483360160726e-05
TotalCharges_1373.05,5.5436138038923095e-05
Customers_8168-UQWWF,5.541992583438966e-05
Customers_1389-CXMLU,5.539080119345001e-05
TotalCharges_1281,5.5351832568266607e-05
Customers_5522-JBWMO,5.533053778550016e-05
TotalCharges_929.3,5.5315318101887253e-05
Customers_0345-HKJVM,5.531392692295001e-05
TotalCharges_1334.45,5.5257875344942794e-05
Customers_7613-LLQFO,5.524403526695066e-05
TotalCharges_790.15,5.523742074307832e-05
Customers_7442-YGZFK,5.52352429128802e-05
TotalCharges_521.1,5.5221396409559954e-05
Customers_0975-VOOVL,5.521752938189216e-05
TotalCharges_3314.15,5.515610167414247e-05
TotalCharges_68.95,5.5150782954976866e-05
Customers_5804-LEPIM,5.514935811756908e-05
Customers_2026-TGDHM,5.5123334273069376e-05
TotalCharges_1529.2,5.509805972237297e-05
TotalCharges_1129.75,5.503768344556997e-05
Customers_3798-EPWRR,5.500037786649265e-05
Customers_2626-URJFX,5.4981880467680854e-05
TotalCharges_735.5,5.4974637360732896e-05
TotalCharges_858.6,5.496756147497306e-05
TotalCharges_1537.9,5.496718215824206e-05
TotalCharges_59.55,5.4935374362754116e-05
TotalCharges_487.75,5.489892344561685e-05
Customers_9129-UXERG,5.479598329732148e-05
Customers_6844-DZKRF,5.473454284007656e-05
Customers_2792-LSHWX,5.458234010687303e-05
TotalCharges_887.35,5.457578854120646e-05
Customers_7718-RXDGG,5.4463178229394144e-05
Customers_3384-CTMSF,5.445325125881802e-05
Customers_0772-GYEQQ,5.430448571850264e-05
Customers_8660-BUETV,5.430334758101335e-05
Customers_1391-UBDAR,5.429574272483258e-05
Customers_2777-PHDEI,5.424528984510493e-05
TotalCharges_788.35,5.4244188701942714e-05
TotalCharges_352.65,5.4221574912337756e-05
Customers_2982-IHMFT,5.4219178735521836e-05
TotalCharges_79.05,5.421437645545641e-05
Customers_9644-UMGQA,5.421375153171645e-05
Customers_7698-YFGEZ,5.420410507427997e-05
TotalCharges_4018.35,5.4116555420175166e-05
TotalCharges_838.7,5.4090137657784333e-05
Customers_7020-OZKXZ,5.408117227352655e-05
Customers_6513-EECDB,5.405841415821961e-05
Customers_5122-CYFXA,5.402242207888305e-05
Customers_8993-IZEUX,5.401123998404648e-05
Customers_7617-EYGLW,5.400046162297656e-05
TotalCharges_1879.25,5.3942858242083446e-05
Customers_0231-LXVAP,5.392023690520093e-05
TotalCharges_179.25,5.391339643436686e-05
Customers_5392-AKEMH,5.389943484903125e-05
TotalCharges_6300.15,5.3893953923803596e-05
Customers_2691-NZETQ,5.387848517986682e-05
TotalCharges_1290,5.383533189289705e-05
Customers_5673-FSSMF,5.379895280355358e-05
Customers_2916-BQZLN,5.375453490269893e-05
Customers_4702-IOQDC,5.375112950489904e-05
TotalCharges_237.95,5.366105156566956e-05
Customers_7901-HXJVA,5.357973349840199e-05
Customers_1399-UBQIU,5.3561327717067667e-05
TotalCharges_2835.5,5.3549971812075126e-05
TotalCharges_291.45,5.348635154694155e-05
TotalCharges_952.3,5.345680252203065e-05
Customers_8835-VSDSE,5.343313560114728e-05
TotalCharges_176.2,5.342679515850559e-05
Customers_4546-FOKWR,5.337537915930417e-05
Customers_2516-VQRRV,5.3361312229577174e-05
TotalCharges_587.1,5.335551785233227e-05
Customers_3737-XBQDD,5.333724940807839e-05
Customers_9796-BPKIW,5.328610848573112e-05
TotalCharges_3949.15,5.328340816250467e-05
Customers_5950-AAAGJ,5.327938688408894e-05
Customers_4881-JVQOD,5.321880020839335e-05
TotalCharges_2599.95,5.3209220494501955e-05
TotalCharges_371.65,5.3201326216908454e-05
TotalCharges_1868.4,5.320097024043733e-05
Customers_4228-ZGYUW,5.313045943503446e-05
TotalCharges_863.1,5.300628566004795e-05
Customers_9800-ONTFE,5.295036465051108e-05
Customers_0829-XXPLX,5.293916112666424e-05
TotalCharges_1961.6,5.2919926235626256e-05
Customers_3428-MMGUB,5.291635718862118e-05
TotalCharges_1233.65,5.290723179857894e-05
TotalCharges_5135.15,5.288410804100895e-05
Customers_6996-KNSML,5.287952376326519e-05
Customers_3066-RRJIO,5.2823738989031886e-05
TotalCharges_2937.65,5.277790236394251e-05
Customers_0848-ZGQIJ,5.2693288834608065e-05
TotalCharges_1348.95,5.267407478125729e-05
TotalCharges_117.05,5.258796268583078e-05
Customers_2739-CACDQ,5.2567854631637046e-05
Customers_9237-HQITU,5.2539770794838803e-05
Customers_5275-SQEIZ,5.2522770093029896e-05
TotalCharges_955.75,5.249564538968626e-05
Customers_8887-IPQNC,5.249068862200453e-05
TotalCharges_3930.6,5.2487890419089346e-05
Customers_5018-GWURO,5.247560010410922e-05
TotalCharges_1679.4,5.2471794923804725e-05
TotalCharges_172.85,5.246155580809543e-05
Customers_5380-AFSSK,5.243631487351727e-05
Customers_6140-QNRQQ,5.238529565696933e-05
TotalCharges_35.75,5.234474453121481e-05
TotalCharges_2917.65,5.223262769570994e-05
Customers_2674-MLXMN,5.2111229799475126e-05
TotalCharges_49.75,5.2103143426403904e-05
TotalCharges_4707.1,5.208576006190447e-05
TotalCharges_85.5,5.2056069370790536e-05
Customers_7246-ZGQDF,5.205027728253176e-05
Customers_0306-JAELE,5.2035983834536875e-05
TotalCharges_343.95,5.198076196298763e-05
Customers_6379-RXJRQ,5.197780088444375e-05
TotalCharges_865.1,5.196959671352543e-05
Customers_0376-OIWME,5.196128297608603e-05
Customers_9172-ANCRX,5.189922902937415e-05
Customers_9025-AOMKI,5.187745002825277e-05
TotalCharges_39.65,5.1841598545460266e-05
TotalCharges_512.45,5.182206541482994e-05
Customers_6715-OFDBP,5.1767509347790745e-05
Customers_7625-XCQRH,5.175539514168097e-05
TotalCharges_857.2,5.1590215480459436e-05
Customers_2070-XYMFH,5.157729935453482e-05
TotalCharges_137.25,5.1554329856865944e-05
TotalCharges_76.4,5.155141218057028e-05
TotalCharges_70.8,5.152892473047282e-05
Customers_0129-KPTWJ,5.152026762269195e-05
Customers_0771-WLCLA,5.1484376130937794e-05
Customers_1635-FJFCC,5.125545281587537e-05
Customers_5628-RKIFK,5.124200064018614e-05
Customers_2476-YGEFM,5.105840295914222e-05
Customers_6595-YGXIT,5.10374662690261e-05
Customers_5371-VYLSX,5.10132377936754e-05
Customers_0094-OIFMO,5.1006108776080787e-05
Customers_0723-DRCLG,5.0938385300689255e-05
Customers_1767-TGTKO,5.089437948541397e-05
TotalCharges_1835.3,5.088846827009573e-05
Customers_7794-JASDG,5.08770917927623e-05
TotalCharges_474.9,5.086329065971833e-05
TotalCharges_244.65,5.0862482838314e-05
TotalCharges_889,5.083583744105566e-05
Customers_3754-DXMRT,5.074470429818497e-05
TotalCharges_673.25,5.071698451842067e-05
Customers_0968-GSIKN,5.0709257852297624e-05
Customers_4806-HIPDW,5.062776331633398e-05
Customers_9019-QVLZD,5.062390870260666e-05
Customers_3765-JXVKY,5.060316345043375e-05
Customers_7658-UYUQS,5.060001212858008e-05
Customers_5947-SGKCL,5.057156820159206e-05
Customers_6683-VLCTZ,5.0531165565357656e-05
Customers_1157-BQCUW,5.052959351387655e-05
Customers_2322-VCZHZ,5.052539534452561e-05
Customers_0151-ONTOV,5.050842412804668e-05
TotalCharges_649.65,5.0497005586369164e-05
TotalCharges_5222.35,5.047696319102922e-05
Customers_8931-GJJIQ,5.045843548251473e-05
TotalCharges_82.3,5.045255916289943e-05
TotalCharges_355.1,5.045170216351157e-05
Customers_9631-XEYKE,5.04434123143375e-05
Customers_3801-HMYNL,5.038554241972507e-05
Customers_3351-NGXYI,5.035799213418078e-05
Customers_5597-GLBUC,5.034538368343858e-05
Customers_8468-EHYJA,5.03386414649349e-05
Customers_5482-VXSXJ,5.0320725554888074e-05
Customers_8313-KTIHG,5.0305016136451205e-05
Customers_8086-OVPWV,5.027394546961346e-05
TotalCharges_723.4,5.026882211958416e-05
TotalCharges_5931,5.0253614435184096e-05
Customers_3068-OMWZA,5.025090232051277e-05
Customers_1785-BPHTP,5.0236185644251414e-05
Customers_8943-URTMR,5.023121149771984e-05
Customers_3071-VBYPO,5.0200525956408445e-05
Customers_2058-DCJBE,5.015267584211989e-05
Customers_7895-VONWT,5.0080711754919734e-05
Customers_1363-TXLSL,5.0005108921323505e-05
Customers_5960-MVTUK,4.9971923580293746e-05
Customers_4285-GYRQC,4.9955066908481324e-05
Customers_3811-VBYBZ,4.98731249479592e-05
TotalCharges_4133.95,4.987238903919688e-05
TotalCharges_3851.45,4.9827732691220666e-05
TotalCharges_2093.4,4.9826425160110636e-05
TotalCharges_214.4,4.966579341925706e-05
TotalCharges_676.7,4.963415177927959e-05
TotalCharges_20.4,4.9624023606746296e-05
TotalCharges_1217.25,4.961030567359684e-05
TotalCharges_50.7,4.958452403446601e-05
Customers_4583-PARNH,4.9572854865778906e-05
TotalCharges_524.35,4.956530731577132e-05
Customers_1307-ATKGB,4.9556498091673644e-05
TotalCharges_4459.8,4.953592415139303e-05
TotalCharges_1093.4,4.9500880890649585e-05
TotalCharges_738.2,4.9474492823424276e-05
Customers_3177-LASXD,4.938889448933889e-05
TotalCharges_1152.8,4.938205661535299e-05
TotalCharges_132.4,4.929762530611417e-05
TotalCharges_75.9,4.928547664557818e-05
TotalCharges_158.4,4.9273467039490666e-05
Customers_7147-AYBAA,4.920059276853584e-05
TotalCharges_475.1,4.919638252785692e-05
TotalCharges_2970.8,4.9182614067722836e-05
TotalCharges_523.15,4.916380688316859e-05
Customers_7892-QVYKW,4.913137090897277e-05
Customers_5889-LFOLL,4.912667755618721e-05
TotalCharges_2095,4.9117823997511795e-05
Customers_2982-VPSGI,4.90787964942229e-05
Customers_0812-WUPTB,4.905017721650513e-05
Customers_5349-IECLD,4.8976293937972886e-05
Customers_4781-ZXYGU,4.8924893247029e-05
TotalCharges_1411.65,4.887442646646373e-05
Customers_2568-BRGYX,4.8861495478731454e-05
Customers_6896-SRVYQ,4.8845354505428096e-05
Customers_5533-NHFRF,4.884270864034992e-05
TotalCharges_658.1,4.8829883688221566e-05
TotalCharges_244.85,4.879952126460577e-05
Customers_8695-WDYEA,4.874672692386058e-05
Customers_9885-AIBVB,4.873441943648127e-05
TotalCharges_268.35,4.8627525636933563e-05
Customers_6496-SLWHQ,4.8625431905039e-05
Customers_5564-NEMQO,4.8597449872140045e-05
Customers_7159-FVYPK,4.854551078932009e-05
Customers_0709-TVGUR,4.852731407058958e-05
TotalCharges_1706.45,4.84861533060304e-05
Customers_4094-NSEDU,4.847900426743725e-05
Customers_2081-VEYEH,4.840050296763545e-05
Customers_4536-PLEQY,4.83614533696627e-05
TotalCharges_4922.4,4.836140878305228e-05
Customers_6652-YFFJO,4.833315481470293e-05
TotalCharges_7521.95,4.8330577333987495e-05
Customers_3746-EUBYR,4.8252812437065985e-05
TotalCharges_2088.05,4.825013441822472e-05
TotalCharges_313.6,4.82251348750966e-05
Customers_7341-LXCAF,4.820287673778936e-05
Customers_3793-MMFUH,4.8188788894598315e-05
Customers_0374-AACSZ,4.817738934777857e-05
Customers_8042-JVNFH,4.8174710572861723e-05
Customers_7274-RTAPZ,4.8167975682967695e-05
Customers_0929-PECLO,4.814588582350336e-05
TotalCharges_751.65,4.8115909226886194e-05
Customers_6218-KNUBD,4.806341479468566e-05
TotalCharges_1793.25,4.8035454992142836e-05
TotalCharges_635.6,4.801792481232272e-05
Customers_4931-TRZWN,4.7978343293306536e-05
TotalCharges_927.15,4.797520189322553e-05
Customers_5442-UTCVD,4.792241921591184e-05
TotalCharges_3147.15,4.7905801439065905e-05
TotalCharges_4063,4.79016127919449e-05
Customers_9168-INPSZ,4.7897535089998697e-05
TotalCharges_2187.15,4.787731089829891e-05
Customers_1024-VRZHF,4.787299372447701e-05
Customers_2049-BAFNW,4.7847394058800054e-05
Customers_1028-FFNJK,4.7843332737680544e-05
TotalCharges_4747.2,4.779938842006562e-05
Customers_0428-IKYCP,4.7795853096352606e-05
TotalCharges_196.9,4.7670088153329616e-05
TotalCharges_710.05,4.764958499819023e-05
Customers_0916-QOFDP,4.763005232527537e-05
Customers_5229-PRWKT,4.762787340902785e-05
Customers_4210-QFJMF,4.7623474270660865e-05
TotalCharges_1293.8,4.7618177545270224e-05
TotalCharges_4902.8,4.761524103306452e-05
TotalCharges_54.3,4.756013265106959e-05
TotalCharges_818.45,4.755979989136265e-05
TotalCharges_849.1,4.7509003807370586e-05
TotalCharges_3645.05,4.748971013233173e-05
Customers_7389-KBFIT,4.743770965353019e-05
TotalCharges_6444.05,4.743296418825735e-05
TotalCharges_205.05,4.740274046115805e-05
Customers_1472-TNCWL,4.736777823603092e-05
TotalCharges_644.35,4.7325089366051877e-05
Customers_2373-NTKOD,4.730422928117796e-05
Customers_7508-MYBOG,4.7281980404049296e-05
TotalCharges_3452.55,4.7275332317586444e-05
TotalCharges_1218.55,4.724301823830893e-05
TotalCharges_729.95,4.722611246229453e-05
TotalCharges_83.4,4.7157643677642826e-05
Customers_0564-JJHGS,4.7154391819754033e-05
Customers_7314-OXENN,4.7133840853760525e-05
TotalCharges_781.4,4.712327606889437e-05
TotalCharges_1794.65,4.7107071047296086e-05
TotalCharges_78.45,4.7100966631854034e-05
Customers_6726-WEXXK,4.708648404928157e-05
Customers_7601-WFVZV,4.7079787711857216e-05
Customers_3452-SRFEG,4.706676730126828e-05
Customers_2660-EMUBI,4.705377102020372e-05
TotalCharges_1350.15,4.704950586419111e-05
Customers_0064-YIJGF,4.7045141579877875e-05
Customers_3643-AHCFP,4.7042018047165536e-05
Customers_1104-TNLZA,4.699086453876119e-05
Customers_1932-UEDCX,4.6987398167360535e-05
TotalCharges_576.65,4.69292953596568e-05
Customers_2672-TGEFF,4.692360508588621e-05
TotalCharges_1046.1,4.6920790216208926e-05
Customers_4685-ERGHK,4.690524447788386e-05
TotalCharges_95.6,4.6902516275179216e-05
TotalCharges_146.05,4.687878525304914e-05
TotalCharges_362.6,4.686006664421675e-05
TotalCharges_48.45,4.683134063548999e-05
Customers_4801-JZAZL,4.681502317159187e-05
Customers_0488-GSLFR,4.681221443736211e-05
Customers_2273-QCKXA,4.679315629013246e-05
Customers_9306-CPCBC,4.674329148342436e-05
TotalCharges_289.1,4.671861136650527e-05
Customers_0684-AOSIH,4.670640819191424e-05
Customers_4501-EQDRN,4.668536983838361e-05
Customers_4948-WBBKL,4.6684653996922056e-05
TotalCharges_250.05,4.665640686569773e-05
Customers_0122-OAHPZ,4.662666717718871e-05
TotalCharges_1184,4.66113185592586e-05
TotalCharges_81.7,4.654719200347609e-05
TotalCharges_404.35,4.652845435190082e-05
Customers_7503-ZGUZJ,4.6526503439654746e-05
Customers_4566-NECEV,4.6503963287956975e-05
TotalCharges_3143.65,4.64629807178569e-05
TotalCharges_1336.9,4.6461904394970576e-05
Customers_7410-OIEDU,4.643647626958649e-05
Customers_2506-TNFCO,4.639325510473568e-05
TotalCharges_3204.4,4.638254810039509e-05
TotalCharges_80.3,4.637899817938059e-05
TotalCharges_560.85,4.634835243409608e-05
Customers_3589-PPVKW,4.6299720330868696e-05
TotalCharges_78.65,4.6286903682992204e-05
TotalCharges_3340.55,4.621598368901822e-05
Customers_5439-WIKXB,4.6191451666587925e-05
TotalCharges_79.9,4.6134980673703514e-05
TotalCharges_3988.5,4.611817565662318e-05
TotalCharges_3365.4,4.6113912485182416e-05
Customers_4145-UQXUQ,4.6107920686755856e-05
Customers_2786-GCDPI,4.610790346540587e-05
Customers_7526-BEZQB,4.605490192830441e-05
Customers_8654-DHAOW,4.5994222142780056e-05
TotalCharges_918.6,4.598181067661426e-05
Customers_8647-SDTWQ,4.5962835048042735e-05
TotalCharges_4040.65,4.5848115024812306e-05
Customers_2625-TRCZQ,4.584235465646394e-05
TotalCharges_189.1,4.5788439513619824e-05
Customers_2135-RXIHG,4.571154949891443e-05
Customers_1724-BQUHA,4.569455580749365e-05
Customers_2842-BCQGE,4.569142873196016e-05
Customers_4026-SKKHW,4.56727042173746e-05
Customers_6859-RKMZJ,4.566670783055797e-05
TotalCharges_1374.9,4.565013555075432e-05
Customers_3853-LYGAM,4.564884932960376e-05
TotalCharges_3865.6,4.563913944526427e-05
TotalCharges_265.8,4.560262952147853e-05
Customers_3055-OYMSE,4.5592421654045447e-05
Customers_2903-YYTBW,4.557637309724565e-05
TotalCharges_1127.2,4.5559512278883784e-05
TotalCharges_1170.5,4.54981960300821e-05
Customers_6437-UKHMV,4.549573872924642e-05
Customers_7330-WZLNC,4.549545861071007e-05
TotalCharges_3217.65,4.537199056901405e-05
Customers_2446-BEGGB,4.536266636338804e-05
Customers_7638-QVMVY,4.533758329437567e-05
Customers_6656-JWRQX,4.5334149292674865e-05
TotalCharges_36.45,4.5320579365959775e-05
Customers_3956-CJUST,4.530731975890293e-05
Customers_8272-ONJLV,4.52862877921467e-05
TotalCharges_187.45,4.5286084619817894e-05
Customers_2538-OIMXF,4.5195872270118924e-05
Customers_8885-QSQBX,4.514232941786308e-05
Customers_6618-RYATB,4.5141619625114666e-05
TotalCharges_820.5,4.514018014149253e-05
TotalCharges_2897.95,4.512806286643672e-05
TotalCharges_864.85,4.51274932649699e-05
TotalCharges_902.25,4.510702143403315e-05
TotalCharges_523.1,4.509027997802679e-05
TotalCharges_34.7,4.507851220331043e-05
TotalCharges_5890,4.504208142144523e-05
TotalCharges_2997.45,4.498711911459254e-05
Customers_3914-FDRHP,4.496675660790727e-05
Customers_5626-MGTUK,4.4910320338736936e-05
TotalCharges_711.15,4.4886092582305724e-05
Customers_2460-NGXBJ,4.4856288736110994e-05
TotalCharges_217.1,4.4853706672637e-05
Customers_1194-HVAIF,4.480172713375313e-05
TotalCharges_235.5,4.474244198173351e-05
Customers_4626-GYCZP,4.471741707450236e-05
Customers_3995-WFCSM,4.4709684018674745e-05
Customers_7798-JVXYM,4.4705075492979353e-05
Customers_1156-ZFYDO,4.4672851002204606e-05
TotalCharges_3343.15,4.4666552447858675e-05
Customers_4690-PKDQG,4.460787416486557e-05
TotalCharges_511.25,4.46045686958457e-05
TotalCharges_1505.45,4.458700275365769e-05
TotalCharges_378.4,4.45711700325916e-05
TotalCharges_6223.3,4.4549364985311664e-05
Customers_1482-OXZSY,4.454630871012951e-05
Customers_0637-KVDLV,4.453937854204363e-05
Customers_6243-OZGFH,4.4514266427865475e-05
Customers_8816-VXNZD,4.448388616351331e-05
Customers_8051-HJRLT,4.448176340323435e-05
Customers_8337-UPOAQ,4.4475554147892324e-05
TotalCharges_139.05,4.4431375756214035e-05
Customers_1777-JYQPJ,4.441704423683992e-05
TotalCharges_1108.6,4.441031034762886e-05
TotalCharges_4385.05,4.4396027032568024e-05
Customers_4759-TRPLW,4.437697205926407e-05
Customers_1031-IIDEO,4.437582013669742e-05
TotalCharges_762.5,4.430784706344561e-05
Customers_4140-MUHUG,4.429171880124016e-05
TotalCharges_1850.65,4.428428942680007e-05
Customers_5215-LNLDJ,4.426253178035858e-05
TotalCharges_71.15,4.422674715512478e-05
Customers_6888-SBYAI,4.417195664301622e-05
Customers_6569-KTMDU,4.414747012343011e-05
Customers_9821-BESNZ,4.412453418628521e-05
TotalCharges_4904.85,4.411912881734906e-05
Customers_3162-KKZXO,4.408456982297896e-05
TotalCharges_4473,4.408249245021699e-05
TotalCharges_5749.8,4.4064488824248254e-05
Customers_2619-WFQWU,4.406329451883014e-05
TotalCharges_3366.05,4.404608757276811e-05
Customers_5583-SXDAG,4.403177329375872e-05
Customers_9391-EOYLI,4.401841973215013e-05
TotalCharges_231.8,4.401049247072073e-05
Customers_4109-CYRBD,4.400960267062455e-05
TotalCharges_1743.9,4.3995720349267115e-05
TotalCharges_160.85,4.398524773952184e-05
TotalCharges_1381.8,4.3948044628439135e-05
Customers_3254-YRILK,4.394589900566349e-05
Customers_7567-ECMCM,4.393804282018261e-05
Customers_9061-TIHDA,4.3934052719818043e-05
TotalCharges_580.8,4.392920606024608e-05
Customers_3370-GQEAL,4.392767751445227e-05
TotalCharges_1288.3,4.392323026678427e-05
Customers_6968-GMKPR,4.390274186366894e-05
Customers_4128-ETESU,4.3888788102964904e-05
Customers_1996-DBMUS,4.388343409625114e-05
Customers_2014-MKGMH,4.385769305138289e-05
TotalCharges_244.1,4.385708063675823e-05
TotalCharges_436.2,4.3842233695760814e-05
TotalCharges_54.5,4.381166095177977e-05
Customers_9134-CEQMF,4.374529376842099e-05
TotalCharges_49.05,4.373737563718692e-05
Customers_7975-TZMLR,4.371883775784635e-05
TotalCharges_1461.15,4.371579338314196e-05
TotalCharges_3645.5,4.3709989681688914e-05
Customers_7089-IVVAZ,4.369372269015676e-05
TotalCharges_278.4,4.3669299755125627e-05
TotalCharges_585.95,4.366564276210373e-05
TotalCharges_856.65,4.3542352881105756e-05
Customers_1818-ESQMW,4.354115963771515e-05
Customers_0318-QUUOB,4.350993369783341e-05
TotalCharges_521.3,4.350361708504341e-05
TotalCharges_1820.9,4.348986286915421e-05
Customers_2360-RDGRO,4.345449710608661e-05
TotalCharges_3720.35,4.3446319459169e-05
TotalCharges_1442,4.3430533800128404e-05
TotalCharges_167.2,4.338818645438242e-05
Customers_7878-JGDKK,4.338009629986749e-05
Customers_7521-AFHAB,4.335713698444196e-05
Customers_4680-KUTAJ,4.33564763972595e-05
TotalCharges_2119.5,4.3341404187683876e-05
Customers_2675-OTVVJ,4.3324904390260876e-05
TotalCharges_3344.1,4.33156519727254e-05
TotalCharges_889.9,4.330853615805328e-05
TotalCharges_966.25,4.3308194087329195e-05
TotalCharges_4690.65,4.327188758912827e-05
Customers_8329-GWVPJ,4.3264685233737974e-05
TotalCharges_144.15,4.3255240960368234e-05
Customers_3727-RJMEO,4.3244401336694273e-05
Customers_7501-VTYLJ,4.324142725720039e-05
TotalCharges_3782.4,4.32363577039413e-05
TotalCharges_4946.05,4.322761707750735e-05
TotalCharges_295.65,4.3208655321248625e-05
TotalCharges_334.8,4.3198601238345225e-05
TotalCharges_688.65,4.3170983697733e-05
TotalCharges_973.65,4.313948435390613e-05
Customers_2676-ISHSF,4.312331157508367e-05
Customers_6711-FLDFB,4.311028165403361e-05
Customers_8393-JMVMB,4.308168850250262e-05
Customers_7905-TVXTA,4.298966693742906e-05
TotalCharges_970.45,4.2983343347957865e-05
Customers_7072-MBHEV,4.2968270114866075e-05
Customers_4795-KTRTH,4.295505310821045e-05
TotalCharges_637.4,4.294330556700991e-05
Customers_0311-QYWSS,4.290789493706991e-05
TotalCharges_679.3,4.2889350553038206e-05
Customers_8167-GJLRN,4.288269213465947e-05
TotalCharges_69.15,4.2837067033821985e-05
TotalCharges_119.5,4.282092606928289e-05
Customers_7665-TOALD,4.282080340513342e-05
TotalCharges_2157.3,4.279132199679821e-05
TotalCharges_579,4.275719399319948e-05
Customers_9261-WDCAF,4.274041315543502e-05
Customers_1469-LBJQJ,4.273097066416244e-05
TotalCharges_220.45,4.2699251276446474e-05
Customers_5644-PDMZC,4.268162341111083e-05
TotalCharges_260.9,4.265407830658749e-05
Customers_2823-LKABH,4.261574972226295e-05
Customers_3665-JATSN,4.2548814593393464e-05
TotalCharges_2462.55,4.254421832454902e-05
Customers_6741-EGCBI,4.253496157431829e-05
Customers_4192-GORJT,4.252080874810195e-05
Customers_6537-QLGEX,4.250096574162956e-05
TotalCharges_2401.05,4.248701410443932e-05
TotalCharges_2807.65,4.2477279561013885e-05
TotalCharges_906.85,4.247458825272255e-05
Customers_0880-FVFWF,4.246953056492482e-05
Customers_4482-FTFFX,4.2434673083677465e-05
TotalCharges_6690.75,4.24272467374366e-05
Customers_7779-LGOVN,4.2416978102597744e-05
TotalCharges_664.4,4.2398107825101105e-05
Customers_1195-OIYEJ,4.239434616064037e-05
Customers_2462-XIIJB,4.2377997705166135e-05
TotalCharges_338.9,4.235183129197882e-05
TotalCharges_110.05,4.234875805376143e-05
TotalCharges_455.5,4.233030237524215e-05
TotalCharges_118.4,4.225038135233182e-05
Customers_4879-GZLFH,4.224887789757204e-05
TotalCharges_100.2,4.223569520261905e-05
TotalCharges_6470.1,4.222184181310157e-05
TotalCharges_560.6,4.22217306225272e-05
Customers_9714-EDSUC,4.220783720207883e-05
TotalCharges_582.5,4.218568272046844e-05
Customers_1907-YLNYW,4.2180939432696015e-05
TotalCharges_301.4,4.2176880322633384e-05
Customers_2040-VZIKE,4.209823569200695e-05
Customers_7401-RUBNK,4.209722877337246e-05
TotalCharges_412.1,4.205343288482636e-05
Customers_5027-QPKTE,4.2045761106623304e-05
TotalCharges_70.55,4.2044806109672766e-05
TotalCharges_3089.6,4.203708079882884e-05
TotalCharges_100.8,4.20027984961084e-05
TotalCharges_1212.85,4.199325140670619e-05
TotalCharges_773.65,4.195805136330266e-05
Customers_4522-AKYLR,4.193365062597394e-05
Customers_4061-UKJWL,4.1922903081543e-05
TotalCharges_228.4,4.18899897614734e-05
TotalCharges_5581.05,4.188783692309859e-05
Customers_5956-VKDTT,4.188524914782098e-05
Customers_2969-QWUBZ,4.1865729851746964e-05
Customers_3030-ZKIWL,4.1848021201439065e-05
TotalCharges_38.45,4.184531486960954e-05
Customers_3771-PZOBW,4.173263814006241e-05
Customers_1320-REHCS,4.1708572397488865e-05
Customers_5519-NPHVG,4.169019500606567e-05
TotalCharges_181.1,4.168714170596834e-05
Customers_5778-BVOFB,4.167323245054956e-05
Customers_1427-VERSM,4.16449755832138e-05
Customers_2465-BLLEU,4.164197652275215e-05
TotalCharges_181.7,4.162501194158955e-05
TotalCharges_2130.55,4.153074344204109e-05
Customers_4465-VDKIQ,4.152546735176651e-05
Customers_7563-BIUPC,4.1512410605167724e-05
TotalCharges_1096.25,4.1507755782490507e-05
TotalCharges_419.7,4.150768983414679e-05
Customers_8065-YKXKD,4.145553238556996e-05
Customers_0666-UXTJO,4.14340116811505e-05
TotalCharges_2659.45,4.1433995611154386e-05
Customers_4112-LUEIZ,4.139359541811484e-05
TotalCharges_81.1,4.138822310235917e-05
Customers_2832-KJCRD,4.133772774814993e-05
TotalCharges_452.7,4.1320957687010834e-05
TotalCharges_533.6,4.131044830016307e-05
Customers_3439-GVUSX,4.129715970041888e-05
TotalCharges_360.55,4.1256244056535546e-05
TotalCharges_484.05,4.123345983484968e-05
TotalCharges_130.15,4.1221874426724135e-05
TotalCharges_3474.05,4.120028176342915e-05
TotalCharges_86,4.114532251709032e-05
TotalCharges_460.25,4.113403654035897e-05
Customers_1685-BQULA,4.112760889793951e-05
Customers_8645-KWHJO,4.107107721183189e-05
Customers_2205-YMZZJ,4.104481675602556e-05
TotalCharges_331.85,4.1041265687769646e-05
Customers_1564-NTYXF,4.0975447832836556e-05
Customers_1624-NALOJ,4.091269578534531e-05
Customers_2654-VBVPB,4.0886455757611455e-05
Customers_7156-MHUGY,4.0870357982922955e-05
Customers_9026-LHEVG,4.0865915747771805e-05
Customers_7216-EWTRS,4.085900131992203e-05
Customers_7493-TPUWZ,4.077251076504906e-05
Customers_9415-TPKRV,4.075325797377369e-05
Customers_7850-VWJUU,4.074321080699602e-05
TotalCharges_5038.15,4.0691970477778963e-05
TotalCharges_97,4.068041452504124e-05
Customers_4587-NUKOX,4.0657902684898584e-05
Customers_0326-VDYXE,4.065637421538166e-05
Customers_4431-EDMIQ,4.061007295415789e-05
Customers_9552-TGUZV,4.060188587044703e-05
Customers_7294-TMAOP,4.0558014402892094e-05
TotalCharges_1094.5,4.0534540847290844e-05
TotalCharges_1882.55,4.052582476769297e-05
TotalCharges_1205.5,4.0517725936723154e-05
TotalCharges_2210.2,4.0512217913133645e-05
TotalCharges_3439,4.049363391643865e-05
Customers_1977-STDKI,4.0476090843425925e-05
Customers_4824-GUCBY,4.047484712681586e-05
TotalCharges_3741.85,4.044743645907789e-05
TotalCharges_82.15,4.04388878422879e-05
TotalCharges_4014.6,4.042779570385089e-05
Customers_5948-UJZLF,4.040760624069463e-05
TotalCharges_4613.95,4.0400930430453745e-05
Customers_2347-WKKAE,4.037907758251309e-05
Customers_6022-KOUQO,4.037439756845473e-05
TotalCharges_4370.75,4.037252148879808e-05
Customers_9108-EJFJP,4.03706726788931e-05
TotalCharges_101.65,4.035110014268892e-05
Customers_4851-BQDNX,4.032957318835866e-05
TotalCharges_1559.25,4.0329461819305724e-05
Customers_7291-CDTMJ,4.0307580400867814e-05
Customers_1304-BCCFO,4.026354352024835e-05
TotalCharges_2570.2,4.025238391431138e-05
TotalCharges_152.7,4.0252021340423576e-05
Customers_7126-RBHSD,4.0246672388095716e-05
TotalCharges_253,4.024524210734552e-05
TotalCharges_317.25,4.024444059603133e-05
Customers_8535-SFUTN,4.022046722591183e-05
TotalCharges_2048.8,4.018671222591588e-05
Customers_3494-JCHRQ,4.017695057836909e-05
Customers_4468-KAZHE,4.016187317746566e-05
Customers_8344-WFMFH,4.015542001970325e-05
Customers_9837-BMCLM,4.012938716563994e-05
TotalCharges_4586.15,4.010755283791718e-05
Customers_9971-ZWPBF,4.010312209784868e-05
Customers_5172-MIGPM,4.0087442560451235e-05
Customers_7129-CAKJW,4.0051704133013106e-05
TotalCharges_3557.7,4.001194621064037e-05
TotalCharges_4889.2,3.9962184885001814e-05
Customers_2055-PDADH,3.9941968104958174e-05
TotalCharges_775.3,3.990153924547044e-05
Customers_3688-FTHLT,3.988769852643369e-05
TotalCharges_369.15,3.9792876547770804e-05
TotalCharges_129.6,3.974394581705182e-05
TotalCharges_340.85,3.973265335426917e-05
Customers_3192-LNKRK,3.9702790153750623e-05
TotalCharges_956.65,3.964862402421619e-05
Customers_1422-DGUBX,3.961533400759875e-05
Customers_5383-MMTWC,3.957542236003483e-05
Customers_0999-QXNSA,3.94789620789726e-05
TotalCharges_505.95,3.94589850691707e-05
Customers_7488-MXJIV,3.944476337271245e-05
TotalCharges_4889.3,3.940393244927529e-05
TotalCharges_3440.25,3.940082570465257e-05
Customers_1846-XWOQN,3.939265684281164e-05
Customers_8644-XLFBW,3.935667488353314e-05
Customers_3258-SANFR,3.9336309396254857e-05
TotalCharges_5611.7,3.9319424097812546e-05
Customers_8414-MYSHR,3.929938529118455e-05
TotalCharges_370.4,3.929504436721556e-05
TotalCharges_149.05,3.9286252758770236e-05
Customers_7310-EGVHZ,3.925790795324009e-05
Customers_4869-EPIUS,3.919870832217032e-05
Customers_0259-GBZSH,3.9194429504536786e-05
TotalCharges_981.45,3.9151167587238986e-05
TotalCharges_233.7,3.914025809027721e-05
TotalCharges_381.3,3.913525298556498e-05
Customers_8566-YPRGL,3.912798653205461e-05
Customers_1548-FEHVL,3.9115046153670486e-05
TotalCharges_1857.25,3.910843822518221e-05
Customers_8388-FYNPZ,3.909746943590719e-05
TotalCharges_1442.2,3.907336213814526e-05
Customers_7096-UCLNH,3.9068210442543626e-05
Customers_1047-NNCBF,3.905591895410587e-05
TotalCharges_49,3.904408554307222e-05
TotalCharges_1358.6,3.9043471149641774e-05
TotalCharges_1929,3.903703784928767e-05
Customers_2615-YVMYX,3.901718893996697e-05
TotalCharges_276.5,3.898777448491354e-05
TotalCharges_1165.6,3.89749753876641e-05
Customers_4138-NAXED,3.897446601428583e-05
Customers_1618-CFHME,3.896398667617707e-05
Customers_1641-RQDAY,3.895483907481279e-05
TotalCharges_669,3.8947776678407025e-05
Customers_4001-TSBTV,3.889720913216532e-05
Customers_6416-YJTTB,3.8857042451049936e-05
Customers_1803-BGNBD,3.8848511849669655e-05
Customers_5134-IKDAY,3.881829535257159e-05
TotalCharges_4952.95,3.879988959998691e-05
TotalCharges_279.55,3.8791652408144586e-05
Customers_1415-YFWLT,3.8773145407185515e-05
TotalCharges_4599.15,3.87249213856815e-05
TotalCharges_502.6,3.871421361321887e-05
TotalCharges_2939.8,3.871059094532328e-05
Customers_3446-QDSZF,3.870250778405203e-05
Customers_6847-KJLTS,3.864988098941986e-05
Customers_5423-BHIXO,3.863791987697121e-05
TotalCharges_73.55,3.863732923037537e-05
TotalCharges_419.35,3.862659639323675e-05
Customers_0754-UKWQP,3.8624605882786035e-05
TotalCharges_333.65,3.861073865531448e-05
TotalCharges_5315.1,3.846844515882283e-05
Customers_5999-LCXAO,3.846381136258274e-05
TotalCharges_2723.15,3.8463723619799004e-05
Customers_5916-QEWPT,3.844790951208533e-05
TotalCharges_6339.45,3.8447628226033735e-05
TotalCharges_144.55,3.8419286022390125e-05
Customers_0701-RFGFI,3.8404915430821946e-05
Customers_1928-BXYIV,3.840488816243148e-05
Customers_5568-DMXZS,3.832400602367892e-05
Customers_7009-LGECI,3.83233309182121e-05
TotalCharges_5409.75,3.829901058319834e-05
Customers_2607-FBDFF,3.8285143542156104e-05
TotalCharges_4747.85,3.826508218967633e-05
TotalCharges_3726.15,3.823126085849612e-05
Customers_9689-PTNPG,3.818642399619168e-05
TotalCharges_313.45,3.817353228457986e-05
Customers_6161-UUUTA,3.8162650120450595e-05
TotalCharges_1434.6,3.8158440362049996e-05
Customers_8490-BXHEO,3.8154788408041585e-05
TotalCharges_147.8,3.81274564404501e-05
Customers_9441-QHEVC,3.8089473381314576e-05
TotalCharges_979.05,3.805582868806376e-05
Customers_8062-YBDOE,3.804936848368413e-05
Customers_9488-HGMJH,3.804712786895804e-05
Customers_2853-CWQFQ,3.804512892643492e-05
Customers_0929-HYQEW,3.802972190070658e-05
TotalCharges_477.7,3.799583960943949e-05
Customers_7967-HYCDE,3.7992684063491654e-05
TotalCharges_3211.9,3.797779362987154e-05
Customers_4989-LIXVT,3.796619643641857e-05
Customers_0325-XBFAC,3.7937338812577454e-05
Customers_0295-QVKPB,3.789159291142481e-05
Customers_2672-HUYVI,3.7826097835756423e-05
TotalCharges_123.05,3.7816720526021326e-05
TotalCharges_3532.85,3.780402994428228e-05
TotalCharges_2263.45,3.7797707451911984e-05
TotalCharges_1781.35,3.779451083648256e-05
Customers_5816-SCGFC,3.7792333222671624e-05
Customers_5981-ZVXOT,3.778953306242053e-05
Customers_2240-HSJQD,3.777003342463511e-05
Customers_6362-QHAFM,3.776924878566216e-05
TotalCharges_330.8,3.7759833363289776e-05
TotalCharges_206.15,3.7722035793043994e-05
TotalCharges_1438.05,3.771612350559389e-05
TotalCharges_408.25,3.767619291985075e-05
Customers_4550-EVXNY,3.759652306498709e-05
TotalCharges_2877.95,3.7548007847370195e-05
Customers_0356-ERHVT,3.7534508124629615e-05
TotalCharges_3829.75,3.752141750407378e-05
Customers_1855-AGAWH,3.748107621814056e-05
TotalCharges_174.8,3.7459361364818055e-05
Customers_5649-RXQTV,3.7426710884289786e-05
TotalCharges_1747.2,3.741356879212083e-05
Customers_7077-XJMET,3.7338430157748506e-05
Customers_3082-VQXNH,3.7308856792756185e-05
Customers_2081-KJSQF,3.7307238093531016e-05
TotalCharges_209.9,3.7268429295081135e-05
TotalCharges_793.55,3.724855012664869e-05
Customers_8010-EZLOU,3.724532549018491e-05
Customers_9761-XUJWD,3.722369941051958e-05
TotalCharges_184.65,3.721790699547502e-05
Customers_1579-KLYDT,3.72032062075223e-05
TotalCharges_4744.35,3.717575835043861e-05
Customers_8473-VUVJN,3.7172099021703044e-05
Customers_2868-MZAGQ,3.715375274745511e-05
TotalCharges_3625.2,3.708457443684849e-05
Customers_4280-DLSHD,3.70703326204687e-05
TotalCharges_3670.5,3.701593304607268e-05
Customers_8780-IXSTS,3.700139193384569e-05
Customers_7789-HKSBS,3.69967899155823e-05
TotalCharges_1778.5,3.699041040260156e-05
Customers_0708-LGSMF,3.6973372286486246e-05
Customers_0247-SLUJI,3.693026789250034e-05
TotalCharges_3684.95,3.6925339219306524e-05
TotalCharges_1677.85,3.689584132896992e-05
TotalCharges_359.4,3.681252645915347e-05
Customers_3898-GUYTS,3.680674548353867e-05
Customers_6168-WFVVF,3.678948499973784e-05
TotalCharges_1233.15,3.6777922181563294e-05
Customers_3932-IJWDZ,3.6775566319874316e-05
Customers_3577-AMVUX,3.6759726561576404e-05
Customers_1025-FALIX,3.6758089172286494e-05
Customers_2883-ILGWO,3.671651399478298e-05
Customers_6551-GNYDG,3.669743485244352e-05
TotalCharges_1043.8,3.6660762796001044e-05
Customers_1089-HDMKP,3.661135560278344e-05
Customers_6952-OMNWB,3.659940527446335e-05
TotalCharges_5016.25,3.659131411507888e-05
Customers_5393-RXQSZ,3.658489577713406e-05
Customers_9451-LPGOO,3.65684854300431e-05
TotalCharges_323.45,3.6566015337260306e-05
TotalCharges_20.65,3.655462927878275e-05
TotalCharges_197.7,3.654644069734391e-05
TotalCharges_196.75,3.652837908188058e-05
TotalCharges_220.75,3.649226832746105e-05
TotalCharges_87.3,3.6467964455355885e-05
Customers_8904-OPDCK,3.645790532353587e-05
Customers_3808-HFKDE,3.6457569418872554e-05
Customers_3873-NFTGI,3.6419549395219224e-05
Customers_2692-BUCFV,3.640479934948908e-05
Customers_5919-TMRGD,3.6403278044977325e-05
Customers_9895-VFOXH,3.6376101881748716e-05
Customers_0585-EGDDA,3.636036853917354e-05
TotalCharges_3413.25,3.634578062317177e-05
TotalCharges_2082.95,3.634186875115064e-05
Customers_7396-VJUZB,3.631646304672744e-05
Customers_8980-WQFWL,3.6303854738565503e-05
TotalCharges_6914.95,3.628396810770637e-05
Customers_1307-TVUFB,3.627427761709999e-05
Customers_0856-NAOES,3.626999127810362e-05
Customers_1867-TJHTS,3.626961663915588e-05
TotalCharges_2208.75,3.62476158085356e-05
TotalCharges_374.8,3.6216762839194726e-05
TotalCharges_3301.05,3.618909884445148e-05
Customers_5312-UXESG,3.6168645716040604e-05
Customers_6088-BXMRG,3.613615528951878e-05
TotalCharges_5219.65,3.613328614052786e-05
TotalCharges_2621.75,3.605938071130457e-05
TotalCharges_30.55,3.6053709882048986e-05
Customers_1791-PQHBB,3.604943141332038e-05
TotalCharges_90.85,3.6039941725014625e-05
TotalCharges_638.95,3.603232914072505e-05
TotalCharges_4113.7,3.5993477376295665e-05
TotalCharges_420.2,3.5991788489222375e-05
TotalCharges_249.4,3.597416632874077e-05
TotalCharges_1806.35,3.5966096513363634e-05
TotalCharges_226.95,3.5965518922364475e-05
Customers_5828-DWPIL,3.596429337710254e-05
TotalCharges_73.65,3.595786128707355e-05
TotalCharges_3249.4,3.595477491072305e-05
TotalCharges_3875.4,3.594819322069981e-05
TotalCharges_1871.15,3.593153228701329e-05
Customers_5294-DMSFH,3.591500218137042e-05
Customers_2519-ERQOJ,3.588851822052204e-05
Customers_6008-NAIXK,3.584176056057842e-05
Customers_7853-OETYL,3.5840111976852814e-05
TotalCharges_1275.7,3.581748751105405e-05
Customers_5494-HECPR,3.581734775086318e-05
Customers_9591-YVTEB,3.579473429455653e-05
TotalCharges_86.05,3.578801703099669e-05
TotalCharges_7397,3.577008500590275e-05
Customers_9231-ZJYAM,3.57674536089489e-05
Customers_4102-OQUPX,3.571054082333441e-05
Customers_4343-EJVQB,3.569938819854023e-05
TotalCharges_3043.7,3.569783263707393e-05
TotalCharges_79.2,3.5674997470358695e-05
TotalCharges_617.15,3.566972002281434e-05
TotalCharges_75.75,3.564355662322024e-05
Customers_3301-LSLWQ,3.564332908549621e-05
Customers_7851-WZEKY,3.562432901208428e-05
TotalCharges_227.35,3.560927937911469e-05
TotalCharges_462.8,3.557104010650215e-05
Customers_7576-OYWBN,3.553997914631316e-05
TotalCharges_5060.85,3.551839030964325e-05
Customers_1763-WQFUK,3.5489470867001814e-05
Customers_9003-CPATH,3.548218657636055e-05
TotalCharges_3062.45,3.546674177304273e-05
Customers_6625-UTXEW,3.54053742673667e-05
Customers_1678-FYZOW,3.5402104426319965e-05
TotalCharges_472.25,3.539681386482466e-05
Customers_0541-FITGH,3.536418930571463e-05
TotalCharges_514,3.52911511836575e-05
Customers_5895-QSXOD,3.52620344142734e-05
Customers_3130-ICDUP,3.522053549611973e-05
Customers_6629-LADHQ,3.5201638743827e-05
TotalCharges_731.3,3.509634343912846e-05
TotalCharges_1148.1,3.5075564076235996e-05
TotalCharges_3954.1,3.501221519852899e-05
Customers_2761-XECQW,3.5009923255715345e-05
Customers_8357-EQXFO,3.500312613678493e-05
TotalCharges_5629.55,3.500247905402276e-05
Customers_8242-JSVBO,3.498845906610576e-05
TotalCharges_141.7,3.4985859670839734e-05
TotalCharges_2835.9,3.4964010032413484e-05
TotalCharges_292.8,3.492391489897832e-05
Customers_2111-DWYHN,3.4860309793106324e-05
TotalCharges_151.65,3.4808628894812396e-05
TotalCharges_109.25,3.480668855328743e-05
TotalCharges_6713.2,3.480221050152068e-05
TotalCharges_5497.05,3.479711899863891e-05
TotalCharges_2001,3.479673814586822e-05
TotalCharges_348.15,3.4751414609537214e-05
Customers_7030-NJVDP,3.4682985608630285e-05
Customers_4822-RVYBB,3.4680034253148346e-05
TotalCharges_646.85,3.467071426977048e-05
TotalCharges_4495.65,3.4608011248744806e-05
TotalCharges_564.4,3.459985612259658e-05
TotalCharges_321.75,3.4551818223129836e-05
TotalCharges_1612.2,3.454784046411721e-05
TotalCharges_164.5,3.453575583634925e-05
TotalCharges_163.55,3.45279887594387e-05
Customers_2988-GBIVW,3.452647061492325e-05
TotalCharges_1615.1,3.452350248346576e-05
Customers_8972-HJWNV,3.450042223798607e-05
Customers_1230-QAJDW,3.44947934000862e-05
TotalCharges_746.5,3.449460209551268e-05
Customers_4320-QMLLA,3.446702689523515e-05
Customers_6199-IWKGC,3.4445535784561845e-05
Customers_9626-VFRGG,3.44441540750656e-05
Customers_3727-JEZTU,3.44201253223856e-05
Customers_6356-ELRKD,3.4391223117819484e-05
TotalCharges_4039,3.4380265289512695e-05
Customers_7483-IQWIB,3.4363292997464205e-05
Customers_9699-UBQFS,3.4350438673793086e-05
TotalCharges_368.1,3.4337544829548305e-05
Customers_6143-JQKEA,3.432287912482331e-05
Customers_2952-QAYZF,3.4309126936465475e-05
Customers_3058-WQDRE,3.429818104755785e-05
Customers_6035-RIIOM,3.4295560145584006e-05
Customers_1273-MTETI,3.427268710795138e-05
TotalCharges_2215.25,3.423263965507411e-05
Customers_7272-QDCKA,3.4227704997726074e-05
TotalCharges_202.15,3.4209538913739484e-05
TotalCharges_181.5,3.4203185201389006e-05
TotalCharges_424.45,3.416055813957216e-05
TotalCharges_168.6,3.41531999257922e-05
Customers_8982-NHAVY,3.414447039089711e-05
Customers_1935-IMVBB,3.413603009952154e-05
Customers_4007-NHVHI,3.411394822277159e-05
TotalCharges_6081.4,3.4111745787424823e-05
Customers_3049-SOLAY,3.409062746368799e-05
TotalCharges_6536.5,3.40645367980422e-05
TotalCharges_571.05,3.4050810315828015e-05
Customers_7421-ZLUPA,3.404557279914903e-05
Customers_1550-EENBN,3.402735508180942e-05
Customers_8544-GOQSH,3.401416276164117e-05
Customers_2826-DXLQO,3.399772837298461e-05
Customers_1228-ZLNBX,3.399431175666606e-05
Customers_4012-ZTHBR,3.398724483377944e-05
Customers_9921-QFQUL,3.3969446687003256e-05
TotalCharges_3398.9,3.396713831498132e-05
Customers_4238-HFHSN,3.394752828768048e-05
Customers_3158-MOERK,3.39193610415718e-05
TotalCharges_6029,3.3915702100963376e-05
Customers_3027-ZTDHO,3.386872651907175e-05
TotalCharges_571.15,3.385682020263725e-05
Customers_1101-SSWAG,3.382400339352311e-05
TotalCharges_7082.45,3.380434698104996e-05
Customers_7351-KYHQH,3.377924784654751e-05
TotalCharges_521.9,3.377248193918661e-05
Customers_8800-ZKRFW,3.3770502125131774e-05
TotalCharges_298.35,3.374873441829476e-05
Customers_7826-VVKWT,3.372478984316799e-05
TotalCharges_3418.2,3.372001030391329e-05
Customers_3113-IWHLC,3.369089289914987e-05
Customers_7594-RQHXR,3.3675962813416836e-05
TotalCharges_107.25,3.366237634560225e-05
Customers_8725-JEDFD,3.3661543030070687e-05
Customers_3138-BKYAV,3.365939674391092e-05
TotalCharges_2193.65,3.365114760527702e-05
TotalCharges_235.65,3.3639194591258296e-05
TotalCharges_1242.2,3.3614027211171244e-05
TotalCharges_4920.55,3.3598553174503714e-05
TotalCharges_2265,3.3596822937836584e-05
Customers_9124-LHCJQ,3.358576639703412e-05
TotalCharges_4149.45,3.355918384420938e-05
Customers_5565-FILXA,3.3525115619544044e-05
Customers_8384-FZBJK,3.34545203596101e-05
TotalCharges_3454.6,3.3413144210030636e-05
Customers_4950-BDEUX,3.339695814811585e-05
TotalCharges_812.5,3.3385946764645814e-05
Customers_3050-GBUSH,3.334599118119427e-05
Customers_2038-LLMLM,3.334364269063298e-05
TotalCharges_321.65,3.332706581672446e-05
Customers_2612-RRIDN,3.3308650927856606e-05
TotalCharges_607.3,3.3288685217692235e-05
TotalCharges_455.3,3.328847228582462e-05
Customers_9943-VSZUV,3.326420116005894e-05
Customers_4844-JJWUY,3.32587163973409e-05
TotalCharges_620.35,3.323157898654198e-05
Customers_1353-LJWEM,3.3204565166033516e-05
TotalCharges_2971.7,3.320403465154331e-05
Customers_5243-SAOTC,3.3199637401191214e-05
Customers_6464-KEXXH,3.31853421714027e-05
TotalCharges_2172.05,3.3180960023153703e-05
Customers_5671-UUNXD,3.314540294720458e-05
Customers_0141-YEAYS,3.314348167634016e-05
Customers_4603-JANFB,3.313635163360117e-05
Customers_4191-XOVOM,3.311865092578756e-05
Customers_3988-RQIXO,3.31177180581177e-05
Customers_4098-NAUKP,3.303303308989795e-05
Customers_6233-HXJMX,3.2998158927446735e-05
TotalCharges_344.2,3.299090016792331e-05
TotalCharges_19.15,3.298731014323499e-05
Customers_4078-SAYYN,3.29696683659223e-05
Customers_7284-BUYEC,3.2967700576728145e-05
TotalCharges_318.1,3.287759117111759e-05
TotalCharges_851.8,3.2847671140771815e-05
TotalCharges_7069.3,3.284732332636204e-05
Customers_6917-IAYHD,3.283810565262206e-05
TotalCharges_3371.75,3.2837561282638176e-05
Customers_2012-NWRPA,3.283110666466347e-05
TotalCharges_3141.7,3.281820400873106e-05
Customers_0112-QAWRZ,3.281629024702252e-05
TotalCharges_3092,3.279435149231616e-05
Customers_6637-KYRCV,3.2786836595069e-05
TotalCharges_1098.85,3.2781312260715186e-05
Customers_1919-RTPQD,3.276643146421739e-05
Customers_7188-CBBBA,3.2749621719955e-05
TotalCharges_6423,3.274276983556949e-05
TotalCharges_61.15,3.2741668229400454e-05
Customers_6131-FOYAS,3.271830365883956e-05
TotalCharges_1322.55,3.2647551354135776e-05
Customers_0220-EBGCE,3.262816808365429e-05
Customers_2272-UOINI,3.26267814714366e-05
TotalCharges_4674.4,3.2616021071044893e-05
TotalCharges_357.6,3.257790625863719e-05
TotalCharges_5682.25,3.256210352310093e-05
Customers_0463-ZSDNT,3.254910810991358e-05
Customers_5716-LIBJC,3.2537843785059134e-05
Customers_5797-APWZC,3.253526631879183e-05
TotalCharges_1049.05,3.244948790883172e-05
TotalCharges_5450.7,3.244570111149361e-05
Customers_1098-TDVUQ,3.240357305919134e-05
TotalCharges_392.65,3.239748005952856e-05
TotalCharges_1803.7,3.236684057266233e-05
TotalCharges_4116.9,3.233361516412585e-05
Customers_0404-SWRVG,3.2315043923225054e-05
TotalCharges_78.05,3.229863971939712e-05
TotalCharges_4108.15,3.227675063454213e-05
TotalCharges_2106.05,3.226611802435289e-05
Customers_6522-YRBXD,3.226384518380789e-05
Customers_7929-DMBCV,3.225720397908189e-05
Customers_5302-BDJNT,3.2231034618758e-05
TotalCharges_923.85,3.222163122236312e-05
Customers_0111-KLBQG,3.22115511804427e-05
Customers_6538-POCHL,3.218518850703488e-05
Customers_3503-TYDAY,3.217477005343392e-05
TotalCharges_7308.95,3.2167806290804344e-05
Customers_0697-ZMSWS,3.215153634267625e-05
Customers_4826-XTSOH,3.2151507895652216e-05
Customers_3162-ZJZFU,3.211800332580384e-05
TotalCharges_5914.4,3.2089414014641225e-05
TotalCharges_3691.2,3.208039925712186e-05
TotalCharges_242.05,3.207247341352663e-05
TotalCharges_101.45,3.203313988584458e-05
TotalCharges_207.35,3.200949428920263e-05
Customers_4130-MZLCC,3.199613296339621e-05
Customers_2582-FFFZR,3.193096905745582e-05
TotalCharges_235,3.190837669584293e-05
Customers_4544-RXFMG,3.189094849709081e-05
TotalCharges_3122.4,3.184983606092316e-05
Customers_5192-EBGOV,3.182767184837534e-05
TotalCharges_2383.6,3.182523359996408e-05
TotalCharges_660.9,3.1802436919592924e-05
Customers_0734-OXWBT,3.177227152643588e-05
Customers_0575-CUQOV,3.176470175094076e-05
TotalCharges_765.45,3.173921686507707e-05
Customers_5445-GLVOT,3.1724637988205935e-05
TotalCharges_531.15,3.170935995370973e-05
Customers_5982-FPVQN,3.1704730671777125e-05
TotalCharges_5125.5,3.169921583181791e-05
TotalCharges_3415.25,3.1684059832398635e-05
Customers_3865-QBWSJ,3.168019697886263e-05
Customers_9546-CQJSU,3.167171279239834e-05
Customers_9314-QDMDW,3.16632344979709e-05
Customers_7254-IQWOZ,3.164438068111038e-05
TotalCharges_208.45,3.164230046962741e-05
TotalCharges_1164.05,3.1640646931991533e-05
Customers_0100-DUVFC,3.162274777821111e-05
Customers_2573-GYRUU,3.160698152610593e-05
TotalCharges_1916.2,3.1600212260996956e-05
Customers_0114-PEGZZ,3.1586627690396e-05
Customers_3174-RKMOW,3.158194593926221e-05
Customers_3319-DWOEP,3.1565560169414245e-05
TotalCharges_3545.05,3.156434896365385e-05
Customers_6692-YQHXC,3.152457696472283e-05
Customers_5550-VFRLC,3.147822943591634e-05
TotalCharges_654.5,3.146544832984355e-05
TotalCharges_91.3,3.1436926759276534e-05
Customers_2586-CWXVV,3.1421209033265885e-05
TotalCharges_85,3.142086129607816e-05
Customers_7346-MEDWM,3.141034736564832e-05
Customers_0577-WHMEV,3.136405673097353e-05
Customers_7109-MFBYV,3.133351992667427e-05
TotalCharges_1672.1,3.1321224719409903e-05
Customers_4548-SDBKE,3.131914288151137e-05
TotalCharges_1601.5,3.129035475439363e-05
TotalCharges_474.8,3.127321496230837e-05
TotalCharges_4308.25,3.126574689361153e-05
TotalCharges_542.4,3.1210063270303873e-05
TotalCharges_1451.1,3.1146399923297274e-05
Customers_5712-AHQNN,3.113537974095853e-05
Customers_5886-VLQVU,3.10686300457114e-05
Customers_1845-CSBRZ,3.103896017187054e-05
TotalCharges_2751,3.101862591896311e-05
TotalCharges_1643.55,3.100657834086225e-05
Customers_7120-RFMVS,3.0999304626005565e-05
TotalCharges_2948.6,3.099288270484391e-05
Customers_4119-ZYPZY,3.096133630705593e-05
Customers_0106-GHRQR,3.0947763581276944e-05
TotalCharges_767.55,3.0944370158936435e-05
Customers_7594-LZNWR,3.093331970304074e-05
TotalCharges_363.15,3.0927263831524136e-05
Customers_8808-ELEHO,3.092308215036858e-05
TotalCharges_229.55,3.087935977417609e-05
TotalCharges_1640,3.087256484133073e-05
TotalCharges_5673.7,3.085206399440409e-05
Customers_9693-XMUOB,3.084700905027054e-05
TotalCharges_546.95,3.083943599330253e-05
Customers_2866-IKBTM,3.083274960783253e-05
Customers_1394-SUIUH,3.080314053007844e-05
Customers_6259-WJQLC,3.073908704661325e-05
Customers_4220-TINQT,3.073298062431056e-05
Customers_1456-TWCGB,3.072682219019952e-05
Customers_6988-CJEYV,3.071711199958555e-05
TotalCharges_6496.15,3.0708731562952196e-05
Customers_9904-EHEVJ,3.0674047696564334e-05
Customers_6653-CBBOM,3.0666055855010423e-05
TotalCharges_246.3,3.066579157094369e-05
Customers_2519-LBNQL,3.065779953347759e-05
TotalCharges_2192.9,3.0631140179892934e-05
Customers_1704-NRWYE,3.061276426057898e-05
Customers_9501-UKKNL,3.059261015310557e-05
Customers_4080-IIARD,3.057987361503652e-05
Customers_3387-VATUS,3.057811495432589e-05
TotalCharges_1131.2,3.055180778323027e-05
Customers_0722-TROQR,3.055097008196862e-05
TotalCharges_226.2,3.054839732775923e-05
Customers_3845-JHAMY,3.0535137940984215e-05
Customers_2642-DTVCO,3.0497391218802182e-05
TotalCharges_2619.25,3.046172748587921e-05
TotalCharges_3027.65,3.0437307669785306e-05
TotalCharges_503.25,3.0418541914997688e-05
TotalCharges_2613.4,3.0418369695786417e-05
Customers_8676-OOQEJ,3.0409394744411383e-05
TotalCharges_601.25,3.0407856022595824e-05
Customers_7636-OWBPG,3.0394174237458063e-05
TotalCharges_2901.8,3.0387215370249404e-05
TotalCharges_3342,3.037286416919974e-05
TotalCharges_898.35,3.036945333197806e-05
Customers_5240-IJOQT,3.03604344425185e-05
TotalCharges_371.4,3.0358389464743966e-05
TotalCharges_33.6,3.033224053812842e-05
TotalCharges_6751.35,3.0329157643865088e-05
TotalCharges_5832,3.030543538067989e-05
Customers_7634-WSWDB,3.0299671666346797e-05
Customers_7508-SMHXL,3.0283450262746715e-05
Customers_7943-RQCHR,3.024963443690257e-05
Customers_2085-BOJKI,3.024414931007042e-05
Customers_1658-XUHBX,3.0217826728558485e-05
TotalCharges_6519.75,3.0217011683667206e-05
Customers_5035-PGZXH,3.0187670976980084e-05
TotalCharges_195.65,3.0186754401646907e-05
Customers_7814-LEEVE,3.0173000898145386e-05
TotalCharges_143.65,3.0152397993687508e-05
Customers_8782-LKFPK,3.0108391712727383e-05
Customers_1258-YMZNM,3.0103571903377086e-05
TotalCharges_446.8,3.00957690093131e-05
Customers_8775-LHDJH,3.0056583510032398e-05
TotalCharges_3729.75,3.003622803197185e-05
TotalCharges_758.6,3.0007921952704975e-05
Customers_7402-PWYJJ,2.9995016453916117e-05
Customers_4510-HIMLV,2.9980411525317598e-05
TotalCharges_131.65,2.9957941425649762e-05
TotalCharges_6375.2,2.9941358931749157e-05
Customers_7596-LDUXP,2.9928893944223068e-05
TotalCharges_5189.75,2.9918311072227453e-05
Customers_7128-GGCNO,2.9913151909674428e-05
TotalCharges_374,2.9902507687239673e-05
Customers_0139-IVFJG,2.9901246232417184e-05
Customers_3522-CDKHF,2.988582404728742e-05
Customers_0495-RVCBF,2.9877892072100134e-05
TotalCharges_210.3,2.9855401618184992e-05
Customers_2856-HYAPG,2.9843453611664603e-05
TotalCharges_3848,2.983716053192643e-05
Customers_5839-SUYVZ,2.9832052803666707e-05
TotalCharges_69.5,2.9819244804963783e-05
Customers_8149-AIQCG,2.9803997687635864e-05
TotalCharges_5913.95,2.9796320792855472e-05
TotalCharges_1683.7,2.978483995600585e-05
Customers_5419-JKZNQ,2.9765167076190655e-05
TotalCharges_1797.75,2.976329436866534e-05
TotalCharges_870.25,2.9747688669270215e-05
Customers_8098-LLAZX,2.9730190348328654e-05
TotalCharges_7713.55,2.9729055987972528e-05
TotalCharges_3015.75,2.97238711473664e-05
Customers_3128-YOVTD,2.972191416590058e-05
Customers_1981-INRFU,2.972085548157533e-05
Customers_6050-IJRHS,2.9718114908579304e-05
TotalCharges_3886.45,2.9695821321237037e-05
TotalCharges_876.75,2.9690232645743723e-05
TotalCharges_1286.05,2.966578779235584e-05
TotalCharges_2142.8,2.9644789423777175e-05
TotalCharges_225.65,2.962777715553809e-05
Customers_5046-NUHWD,2.9603013107338976e-05
Customers_3570-YUEKJ,2.9585560207509104e-05
TotalCharges_1783.6,2.9563842035174505e-05
Customers_9419-IPPBE,2.9562037778496615e-05
Customers_8404-FYDIB,2.9531871390144363e-05
TotalCharges_1621.35,2.9528050524113656e-05
TotalCharges_3893.6,2.951586405947731e-05
TotalCharges_106.2,2.9479774733761987e-05
Customers_5906-BFOZT,2.9473708383148134e-05
Customers_6917-YACBP,2.9471682584084154e-05
TotalCharges_4016.75,2.94699385831657e-05
Customers_2346-DJQTB,2.945155238704606e-05
TotalCharges_7076.35,2.9442103037985286e-05
Customers_1636-NTNCO,2.9420276897332865e-05
Customers_8229-MYEJZ,2.941289352648919e-05
Customers_0328-GRPMV,2.9357133048649274e-05
Customers_5337-IIWKZ,2.9342141964130096e-05
TotalCharges_90.75,2.9338279162776513e-05
TotalCharges_1765.95,2.932842255215161e-05
TotalCharges_3419.3,2.932004607354061e-05
TotalCharges_1732.6,2.927857765292542e-05
Customers_8456-QDAVC,2.9250918268635416e-05
Customers_5156-UMKOW,2.9250730299664688e-05
TotalCharges_3161.6,2.9241356399062975e-05
TotalCharges_5676.65,2.9230231383706157e-05
Customers_7760-OYPDY,2.918760505790281e-05
Customers_1548-ARAGG,2.9173459038898696e-05
TotalCharges_1249.25,2.9146887871317492e-05
Customers_4553-DVPZG,2.914362452845432e-05
Customers_2985-JUUBZ,2.9135715011633263e-05
Customers_6693-FRIRW,2.9130666495842604e-05
Customers_1480-IVEVR,2.9102305896204126e-05
Customers_4647-XXZAM,2.9101963499690088e-05
Customers_4718-DHSMV,2.907202063910202e-05
TotalCharges_1096.6,2.906890010960578e-05
TotalCharges_803.3,2.9064795324170744e-05
Customers_8185-UPYBR,2.9029113288259913e-05
Customers_8069-YQQAJ,2.9019478574859024e-05
Customers_1728-CXQBE,2.90128979645649e-05
TotalCharges_1952.25,2.8979594331050335e-05
Customers_6789-HJBWG,2.897702348427204e-05
Customers_8580-AECUZ,2.8967204679252048e-05
Customers_7298-IZWLY,2.8965666683940284e-05
TotalCharges_1404.65,2.8960331934351886e-05
Customers_1724-IQWNM,2.8936542820738234e-05
TotalCharges_1299.1,2.8919657879722584e-05
Customers_0927-CNGRH,2.8912774877612023e-05
Customers_2623-DRYAM,2.89099188459045e-05
Customers_2592-YKDIF,2.8896499279392907e-05
Customers_9317-WZPGV,2.8896270471173323e-05
Customers_4581-SSPWD,2.8893203830228753e-05
Customers_1304-SEGFY,2.8842138712157286e-05
TotalCharges_3205.6,2.883587412414453e-05
TotalCharges_3162.65,2.88316832542066e-05
Customers_2208-UGTGR,2.8831549637764754e-05
Customers_5146-CBVOE,2.8808464528785964e-05
Customers_5697-GOMBF,2.8802987968141254e-05
TotalCharges_78.95,2.8743625346319895e-05
Customers_9643-YBLUR,2.8681909375149312e-05
TotalCharges_771.95,2.868039718644101e-05
Customers_9281-PKKZE,2.8679734846279395e-05
Customers_0799-DDIHE,2.866412103118229e-05
Customers_5071-FBJFS,2.865569816634282e-05
TotalCharges_6503.2,2.8644328814052818e-05
Customers_3946-JEWRQ,2.862993723998579e-05
Customers_6322-PJJDJ,2.86275521001726e-05
Customers_4291-HYEBC,2.8618067696321902e-05
TotalCharges_292.85,2.8617947874904998e-05
Customers_8605-ITULD,2.8579253299456322e-05
TotalCharges_321.05,2.856400929756829e-05
Customers_9776-OJUZI,2.855686523468987e-05
Customers_8563-OYMQY,2.8516476364266165e-05
TotalCharges_768.05,2.848992870815801e-05
Customers_5924-IFQTT,2.84839669991265e-05
Customers_8000-REIQB,2.845971378341931e-05
TotalCharges_55.05,2.842045753135344e-05
Customers_8205-MQUGY,2.8400003948173886e-05
Customers_8979-CAMGB,2.837732085848515e-05
Customers_8183-ONMXC,2.8376465591240198e-05
TotalCharges_4156.8,2.835749154144498e-05
Customers_9728-FTTVZ,2.835340987849864e-05
TotalCharges_2896.55,2.8348569012834877e-05
TotalCharges_349.8,2.8339719780478873e-05
TotalCharges_7634.8,2.832482721743527e-05
Customers_9470-XCCEM,2.8284310071324992e-05
TotalCharges_93.85,2.8282921568976538e-05
Customers_7813-ZGGAW,2.826703134459943e-05
Customers_1024-KPRBB,2.8258090328303122e-05
Customers_9873-MNDKV,2.8244361870532006e-05
TotalCharges_208.85,2.8213273414341053e-05
Customers_7176-WIONM,2.8203876957711118e-05
Customers_6288-LBEAR,2.818760674410982e-05
TotalCharges_5294.6,2.8172150969103518e-05
TotalCharges_152.3,2.8160426569032224e-05
Customers_3701-SFMUH,2.815867916321088e-05
Customers_0003-MKNFE,2.8151895510754383e-05
TotalCharges_4085.75,2.8121260566513787e-05
TotalCharges_2688.45,2.8104169922028268e-05
Customers_1208-NBVFH,2.8079077611162648e-05
TotalCharges_5669.5,2.8069922203702527e-05
TotalCharges_7854.15,2.8052441559426967e-05
TotalCharges_2495.15,2.8018446201757073e-05
Customers_1958-RNRKS,2.801792973536971e-05
Customers_7766-CLTIC,2.7998499363243358e-05
Customers_1215-FIGMP,2.7995174789697065e-05
Customers_2676-OXPPQ,2.7993143253660624e-05
TotalCharges_4735.35,2.7949239105143613e-05
TotalCharges_540.95,2.7910832553037103e-05
TotalCharges_530.05,2.790678451518361e-05
TotalCharges_3097,2.7880002823227774e-05
TotalCharges_6588.95,2.787572166855151e-05
TotalCharges_79.1,2.784580521898246e-05
TotalCharges_298.7,2.783135506938075e-05
Customers_9402-CXWPL,2.7818599384770038e-05
Customers_4829-ZLJTK,2.7818402714478806e-05
TotalCharges_382.2,2.7785739612146175e-05
TotalCharges_2289.9,2.7762847707681346e-05
Customers_0781-LKXBR,2.7751404965166855e-05
Customers_3717-LNXKW,2.773871054687023e-05
TotalCharges_498.25,2.772731461642157e-05
TotalCharges_3634.8,2.7713469326359575e-05
TotalCharges_5376.4,2.770719743691847e-05
TotalCharges_4159.45,2.7688451828701677e-05
TotalCharges_245.15,2.764937501738562e-05
Customers_1849-RJYIG,2.764147358636666e-05
TotalCharges_2065.15,2.760779999685295e-05
Customers_0107-YHINA,2.759952510195688e-05
TotalCharges_370.65,2.7590584489820515e-05
TotalCharges_1815.65,2.7587577628454442e-05
TotalCharges_5688.45,2.7564562413374755e-05
Customers_3583-KRKMD,2.7558015156821015e-05
TotalCharges_1556.85,2.755218323914773e-05
Customers_1698-XFZCI,2.752960286075668e-05
TotalCharges_4526.85,2.7529502514691368e-05
Customers_2067-QYTCF,2.7499234942064137e-05
Customers_9169-BSVIN,2.7497605370491577e-05
Customers_9505-SQFSW,2.749560822566035e-05
TotalCharges_1248.9,2.7435893173082672e-05
TotalCharges_1345.65,2.7413838498999956e-05
TotalCharges_1259.35,2.740649731796694e-05
TotalCharges_394.1,2.7398952882969464e-05
TotalCharges_84.65,2.7397045765053194e-05
Customers_2004-OCQXK,2.7370859595331883e-05
Customers_6447-GORXK,2.733234624254636e-05
Customers_9780-FKVVF,2.7319481236779088e-05
TotalCharges_7213.75,2.731660345468296e-05
TotalCharges_4275.75,2.726706889642778e-05
Customers_4488-KQFDT,2.7192845898456105e-05
Customers_5868-YTYKS,2.718334477668103e-05
Customers_6941-PMGEP,2.7179145743726754e-05
Customers_2018-PZKMU,2.7176395922884835e-05
Customers_7356-IWLFW,2.717232459573974e-05
TotalCharges_4509.5,2.7104622873827183e-05
TotalCharges_1267.95,2.7099986585496624e-05
Customers_5298-GSTLM,2.7074820403433307e-05
Customers_8627-ZYGSZ,2.7053880044634015e-05
Customers_3689-MOZGR,2.7036813603436762e-05
Customers_5875-YPQFJ,2.7023512141347616e-05
Customers_3717-OFRTN,2.701712665400257e-05
Customers_3014-WJKSM,2.695203430607547e-05
Customers_3566-VVORZ,2.6935908946609045e-05
TotalCharges_125.5,2.693320426201518e-05
Customers_5780-INQIK,2.6932694717387088e-05
Customers_2208-NQBCT,2.6929701467577847e-05
TotalCharges_186.3,2.6924061843713725e-05
TotalCharges_336.7,2.6923350027378487e-05
TotalCharges_829.1,2.6894512668469197e-05
TotalCharges_5941.05,2.68912797014464e-05
TotalCharges_2673.45,2.6891241480411534e-05
TotalCharges_6521.9,2.687792744139507e-05
Customers_4614-NUVZD,2.687374399056876e-05
Customers_5515-RUGKN,2.685610949214902e-05
TotalCharges_622.9,2.6803053310623257e-05
Customers_6749-UTDVX,2.6770874385314654e-05
TotalCharges_71.65,2.676353240236941e-05
TotalCharges_2966.95,2.674768956621391e-05
TotalCharges_612.95,2.670091056691167e-05
TotalCharges_2595.85,2.66956653248633e-05
TotalCharges_939.8,2.6651404718581625e-05
Customers_2359-KLTEK,2.6639061973516515e-05
Customers_5567-WSELE,2.6611689779902514e-05
TotalCharges_688.5,2.6607751563436456e-05
TotalCharges_4600.95,2.660339563336128e-05
Customers_3043-TYBNO,2.660106088587214e-05
TotalCharges_89.1,2.658066653392876e-05
TotalCharges_5496.9,2.658044336925906e-05
Customers_2811-POVEX,2.6576513010910385e-05
Customers_6457-GIRWB,2.6574643411477868e-05
Customers_5060-TQUQN,2.6543071646816328e-05
Customers_6967-QIQRV,2.6539528131830858e-05
TotalCharges_877.35,2.6538724752934668e-05
Customers_6486-LHTMA,2.6512844880439176e-05
Customers_8963-JLGJT,2.650969334425579e-05
TotalCharges_149.55,2.6508445673846167e-05
TotalCharges_2199.05,2.6505552951536546e-05
Customers_8548-AWOFC,2.650352761569744e-05
Customers_7148-XZPHA,2.6498298071709055e-05
TotalCharges_1111.2,2.6483936378398045e-05
TotalCharges_4753.85,2.648131126392864e-05
TotalCharges_7405.5,2.6477010177706386e-05
Customers_4695-WJZUE,2.644828207782238e-05
TotalCharges_79.95,2.6428198641300398e-05
Customers_4452-QIIEB,2.6410150820965522e-05
Customers_2483-XSSMZ,2.6383548275794606e-05
Customers_7964-VEXDG,2.6347549384929033e-05
Customers_7982-VCELR,2.6342824654504012e-05
TotalCharges_6841.3,2.632725097479466e-05
Customers_2974-GGUXS,2.632488599802278e-05
Customers_8992-VONJD,2.6321685517266786e-05
Customers_5701-ZIKJE,2.6320677097296043e-05
Customers_9975-SKRNR,2.629604815276682e-05
TotalCharges_113.1,2.6250189413875207e-05
TotalCharges_170.85,2.6234422512394873e-05
Customers_4811-JBUVU,2.6231472447879924e-05
TotalCharges_2007.85,2.623023671780249e-05
Customers_8755-IWJHN,2.6229390412665456e-05
TotalCharges_563.5,2.6225173276428576e-05
TotalCharges_4122.9,2.6222365706613566e-05
TotalCharges_608.15,2.6200867948583475e-05
TotalCharges_3091.75,2.6181649681089114e-05
Customers_9708-HPXWZ,2.6176365605895918e-05
Customers_2027-WKXMW,2.614508844849469e-05
Customers_6572-ADKRS,2.612617751331586e-05
TotalCharges_89.9,2.6114797510364074e-05
TotalCharges_229.4,2.6100300817377228e-05
Customers_7660-HDPJV,2.6087465327433953e-05
Customers_0186-CAERR,2.606488903828e-05
Customers_7206-GZCDC,2.6055013003208133e-05
TotalCharges_5971.25,2.6048280448433386e-05
Customers_0702-PGIBZ,2.6039982101458574e-05
Customers_6521-YYTYI,2.603991348237517e-05
Customers_6894-LFHLY,2.6027904473747302e-05
TotalCharges_204.7,2.6017690732525266e-05
TotalCharges_611.65,2.6015126780838527e-05
TotalCharges_1232.9,2.6012131606912066e-05
TotalCharges_438.05,2.6007378285224685e-05
Customers_9282-IZGQK,2.5999877579918866e-05
Customers_5055-MGMGF,2.5989144709765446e-05
TotalCharges_414.1,2.5988269381247193e-05
Customers_7821-DPRQE,2.5907576167328144e-05
TotalCharges_4733.1,2.588477141001441e-05
Customers_4821-SJHJV,2.5822356389975187e-05
TotalCharges_3236.35,2.5819912331538846e-05
TotalCharges_573.3,2.579546382550003e-05
Customers_8375-KVTHK,2.5794423267721068e-05
Customers_1761-AEZZR,2.5769046478773043e-05
Customers_0118-JPNOY,2.576552297135177e-05
TotalCharges_5597.65,2.5760502670797602e-05
Customers_0678-RLHVP,2.5757656151664975e-05
TotalCharges_3887.25,2.575666145408353e-05
TotalCharges_357.15,2.574866831362032e-05
Customers_6457-USBER,2.574656006195591e-05
Customers_2378-HTWFW,2.5744791081767922e-05
TotalCharges_237.2,2.574358919825441e-05
Customers_5149-TGWDZ,2.5735877774009118e-05
TotalCharges_5621.85,2.5720166477173556e-05
TotalCharges_4017.45,2.5705421990427792e-05
Customers_3692-JHONH,2.5701490456040686e-05
Customers_8203-XJZRC,2.569676224226766e-05
TotalCharges_2239.4,2.568626782108343e-05
TotalCharges_389.8,2.568487258356966e-05
Customers_4976-LNFVV,2.5676283019432068e-05
TotalCharges_418.3,2.565722885146499e-05
Customers_8329-UTMVM,2.56442669679648e-05
Customers_7450-NWRTR,2.5635462918719248e-05
Customers_6807-SIWJI,2.5611085525273718e-05
Customers_5539-TMZLF,2.560407969877767e-05
Customers_7228-PAQPD,2.5592281672326646e-05
TotalCharges_5731.4,2.5589105024073035e-05
Customers_2720-WGKHP,2.558538962563024e-05
TotalCharges_372.45,2.55778270289221e-05
Customers_1442-BQPVU,2.5565416240742218e-05
TotalCharges_2220.1,2.554912897434505e-05
TotalCharges_3275.15,2.554533419075622e-05
TotalCharges_1857.75,2.5537702876370316e-05
Customers_0564-MUUQK,2.5528387619403118e-05
Customers_2957-JIRMN,2.552027049894629e-05
Customers_2144-BFDSO,2.5519753768451824e-05
TotalCharges_3756.4,2.5514762480811498e-05
TotalCharges_7544.3,2.5513793054971527e-05
TotalCharges_4312.5,2.5511240089062818e-05
Customers_8677-HDZEE,2.550862396261554e-05
Customers_2207-QPJED,2.5505395870209918e-05
Customers_6465-GSRCL,2.5503909087917317e-05
TotalCharges_21.05,2.5495965239793857e-05
Customers_3537-HPKQT,2.5473889238899205e-05
TotalCharges_1972.35,2.547274789153682e-05
TotalCharges_3000.25,2.546781121835312e-05
TotalCharges_5538.8,2.5465131851962743e-05
Customers_6180-YBIQI,2.5412211128997816e-05
TotalCharges_2065.4,2.540376672169164e-05
TotalCharges_653.95,2.5369870807350847e-05
Customers_7016-NVRIC,2.53643562215241e-05
Customers_6351-SCJKT,2.5357628973522247e-05
TotalCharges_5873.75,2.5332693093665276e-05
TotalCharges_741.4,2.5325505784802704e-05
TotalCharges_2793.55,2.5309201709101236e-05
TotalCharges_393.45,2.5279017995715395e-05
Customers_6985-HAYWX,2.5270964968474914e-05
Customers_8807-ARQET,2.5249304060210775e-05
TotalCharges_2020.9,2.5239126680619303e-05
Customers_1768-HNVGJ,2.523515571800575e-05
Customers_7916-VCCPB,2.5227605368996394e-05
Customers_5176-LDKUH,2.5221368565400948e-05
Customers_0274-JKUJR,2.5221356703120547e-05
Customers_9848-JQJTX,2.520209754760417e-05
TotalCharges_4327.5,2.5178101335201208e-05
TotalCharges_3532,2.5153912040087155e-05
Customers_3167-SNQPL,2.5101516984901445e-05
TotalCharges_2861.45,2.5086179061990665e-05
TotalCharges_396.1,2.5083424751864327e-05
Customers_7993-NQLJE,2.507983210403469e-05
Customers_3323-CPBWR,2.5072448354775873e-05
Customers_3345-PBBFH,2.500696193097309e-05
Customers_5527-ACHSO,2.5004518201715913e-05
TotalCharges_4738.3,2.4993673843966217e-05
Customers_4480-MBMLB,2.4987678150263145e-05
TotalCharges_2479.05,2.4987285234064043e-05
TotalCharges_3273.8,2.4975790025648085e-05
Customers_9356-AXGMP,2.496613851715096e-05
TotalCharges_2647.2,2.495601102773523e-05
Customers_1091-SOZGA,2.495493343449676e-05
Customers_6567-HOOPW,2.490567123053794e-05
TotalCharges_94,2.4903893975872664e-05
TotalCharges_3242.5,2.488669377630477e-05
Customers_2990-HWIML,2.4882053785862042e-05
TotalCharges_2538.05,2.486864370530776e-05
TotalCharges_3181.8,2.486530717493179e-05
TotalCharges_165.45,2.486223683642392e-05
TotalCharges_6109.75,2.4849852530121658e-05
TotalCharges_1364.75,2.4830118077872825e-05
TotalCharges_4555.2,2.4823114718864687e-05
TotalCharges_5869.4,2.4815840247763696e-05
Customers_6954-OOYZZ,2.4815100588933334e-05
TotalCharges_6951.15,2.4757784222960666e-05
Customers_8152-UOBNY,2.4723027369562668e-05
Customers_0943-ZQPXH,2.4687903466378312e-05
TotalCharges_943.85,2.4660685331461866e-05
Customers_8631-WUXGY,2.4642473496276214e-05
Customers_0060-FUALY,2.462816224035764e-05
TotalCharges_2338.35,2.4624326051763283e-05
Customers_9659-QEQSY,2.4577699745252998e-05
Customers_3620-MWJNE,2.457120424882833e-05
TotalCharges_2077.95,2.4556909073694238e-05
Customers_5835-BEQEU,2.448707144796894e-05
TotalCharges_6314.35,2.4487034640487854e-05
TotalCharges_300.4,2.4486741734035143e-05
TotalCharges_1315,2.4479251364011464e-05
TotalCharges_3545.1,2.4473720917340647e-05
Customers_4860-IJUDE,2.4419534512376114e-05
TotalCharges_6373.1,2.441599222487799e-05
TotalCharges_1992.2,2.439795101769001e-05
Customers_1329-VHWNP,2.439654405729466e-05
Customers_3733-LSYCE,2.4387563671288965e-05
Customers_3638-DIMPH,2.437815427500289e-05
Customers_6029-CSMJE,2.435463168589758e-05
Customers_9919-YLNNG,2.4348004051292486e-05
Customers_7129-AZJDE,2.4344486522991324e-05
TotalCharges_3355.65,2.4339073476637618e-05
TotalCharges_190.1,2.4322883033861366e-05
Customers_5834-ASPWA,2.4308392107293722e-05
TotalCharges_412.5,2.430817473640698e-05
TotalCharges_926.2,2.4290320721028243e-05
TotalCharges_1228.65,2.428362071347563e-05
TotalCharges_1783.75,2.4277201132920833e-05
Customers_9332-GYWLO,2.4251415645228578e-05
TotalCharges_93.3,2.422330415330168e-05
Customers_4291-HPAXL,2.4222368277198538e-05
Customers_3137-LUPIX,2.4212685721058015e-05
Customers_4439-YRNVD,2.4205637981998725e-05
TotalCharges_4692.95,2.4166851162380787e-05
TotalCharges_125.95,2.4165187444434872e-05
TotalCharges_723.35,2.413881952707983e-05
TotalCharges_612.1,2.4123278864099797e-05
Customers_5433-KYGHE,2.412155550793649e-05
Customers_5960-WPXQM,2.4088705306071597e-05
Customers_4636-JGAAI,2.408556973162138e-05
Customers_4389-UEFCZ,2.4080606721302396e-05
TotalCharges_1212.1,2.406778155248456e-05
TotalCharges_7323.15,2.406501229171553e-05
Customers_8058-JMEQO,2.4062411036710674e-05
TotalCharges_1686.85,2.4048251359457294e-05
TotalCharges_676.15,2.404762720819796e-05
TotalCharges_440.2,2.4043402528821032e-05
TotalCharges_147.75,2.4004642753111053e-05
Customers_0867-LDTTC,2.395402909793321e-05
Customers_7153-OANIO,2.3952609276020678e-05
TotalCharges_80.25,2.3945513854343833e-05
TotalCharges_3974.15,2.3929268664396903e-05
TotalCharges_4872.2,2.3885310820328987e-05
Customers_5973-EJGDP,2.3870252641169514e-05
Customers_7966-YOTQW,2.386121667555465e-05
TotalCharges_3565.65,2.3855196622104175e-05
Customers_0423-UDIJQ,2.3838768308332348e-05
Customers_0201-MIBOL,2.381517733290082e-05
Customers_4123-FCVCB,2.378640176727414e-05
Customers_0380-NEAVX,2.3766979440136416e-05
TotalCharges_1114.55,2.3741242172958362e-05
Customers_2379-GYFLQ,2.3734354399637505e-05
TotalCharges_3650.35,2.3703073001160726e-05
Customers_7926-IJOOU,2.3690171170915006e-05
TotalCharges_382.8,2.3686132509740597e-05
TotalCharges_85.7,2.3684893254948147e-05
TotalCharges_1233.25,2.3673986763554478e-05
Customers_5882-CMAZQ,2.3665687425161795e-05
Customers_7872-RDDLZ,2.3656408999620804e-05
TotalCharges_6812.95,2.3602030456272445e-05
Customers_6837-HAEVO,2.3582147632025086e-05
TotalCharges_6754.35,2.357038199518873e-05
TotalCharges_6688.1,2.3555289701955385e-05
Customers_1600-DILPE,2.3552853973101937e-05
Customers_4634-JLRJT,2.3552500845247648e-05
Customers_7776-QGYJC,2.3536958856463487e-05
TotalCharges_287.85,2.3524829058839572e-05
Customers_7245-JMTTQ,2.352208003076339e-05
Customers_9469-WEJBT,2.3503406460713328e-05
TotalCharges_6889.8,2.347260929861825e-05
Customers_8065-BVEPF,2.3468766328685584e-05
Customers_4188-FRABG,2.346097159236381e-05
Customers_8095-WANWK,2.3422485668004914e-05
Customers_9029-FEGVJ,2.338894548832952e-05
Customers_3863-QSTYI,2.3383170462931537e-05
Customers_0550-DCXLH,2.3358808350788483e-05
Customers_7271-AJDTL,2.332596335382074e-05
TotalCharges_4847.35,2.331146333955743e-05
Customers_9681-KYGYB,2.330912455549046e-05
Customers_0804-XBFBV,2.3304351153899086e-05
TotalCharges_383.55,2.328673155152114e-05
Customers_5074-FBGHB,2.327509223351279e-05
Customers_6345-HOVES,2.325835865073201e-05
TotalCharges_3541.4,2.3221078208725236e-05
Customers_9391-YZEJW,2.3207763758328605e-05
Customers_0512-FLFDW,2.3200608745805627e-05
Customers_4657-FWVFY,2.319650657337797e-05
TotalCharges_4453.3,2.3190331711564175e-05
TotalCharges_3339.05,2.314968375179242e-05
Customers_0178-SZBHO,2.3137520326563126e-05
Customers_0811-GSDTP,2.3124920707657048e-05
Customers_5188-HGMLP,2.312372242581193e-05
TotalCharges_3919.15,2.310571556936777e-05
Customers_6075-SLNIL,2.3100234863644025e-05
TotalCharges_339.9,2.308629949870808e-05
TotalCharges_4192.15,2.3085525869068167e-05
Customers_8603-IJWDN,2.3078172656274035e-05
TotalCharges_5916.95,2.3066078590189477e-05
TotalCharges_3767.4,2.3042090695989622e-05
TotalCharges_2807.1,2.3034826168185093e-05
Customers_2636-ALXXZ,2.3033000105626263e-05
TotalCharges_964.9,2.302771693273736e-05
TotalCharges_2730.85,2.30247447229818e-05
Customers_2806-MLNTI,2.3014569132907072e-05
TotalCharges_5683.6,2.3004467064531892e-05
TotalCharges_189.95,2.2985720811531137e-05
Customers_5562-BETPV,2.2973305858787375e-05
TotalCharges_2298.55,2.293897793185153e-05
TotalCharges_297.35,2.2921799611278347e-05
Customers_5424-RLQLC,2.290983903681306e-05
Customers_3694-DELSO,2.2905341817489063e-05
Customers_6908-VVYHM,2.286195099223877e-05
TotalCharges_7634.25,2.2861669402339017e-05
Customers_2937-FTHUR,2.2859501240855804e-05
Customers_5201-USSQZ,2.285563633583205e-05
Customers_8217-QYOHV,2.2843860113128793e-05
TotalCharges_7610.1,2.283232496924005e-05
Customers_3404-JNXAX,2.2809877804397222e-05
Customers_8679-LZBMD,2.279924112781757e-05
TotalCharges_2111.3,2.2792381747636196e-05
Customers_5201-FRKKS,2.278973399647376e-05
TotalCharges_202.25,2.2786470310884928e-05
TotalCharges_156.1,2.2781987392520232e-05
Customers_7880-XSOJX,2.2761258303351315e-05
Customers_8023-QHAIO,2.2755524699032457e-05
Customers_9375-MHRRS,2.273507868844051e-05
Customers_4176-FXYBO,2.2725769697652385e-05
Customers_3005-TYFRD,2.272139782827411e-05
TotalCharges_641.25,2.27211679093969e-05
Customers_9705-IOVQQ,2.270959590144808e-05
TotalCharges_6871.7,2.2699658595110303e-05
Customers_8812-ZRHFP,2.2696206046485047e-05
TotalCharges_1750.85,2.2694946705257468e-05
Customers_9732-EQMWY,2.267123208957938e-05
TotalCharges_1573.95,2.2662288374762865e-05
Customers_3551-HUAZH,2.2655186909629632e-05
TotalCharges_4959.15,2.26497156472074e-05
Customers_7742-MYPGI,2.263953880218445e-05
TotalCharges_2874.45,2.261594996437048e-05
TotalCharges_346.45,2.2611739961867724e-05
Customers_7074-STDCN,2.2606581912140154e-05
TotalCharges_3694.7,2.2606208048716018e-05
Customers_2043-WVTQJ,2.2605068706396517e-05
Customers_0673-IGUQO,2.259885002763906e-05
Customers_3070-BDOQC,2.2598768627965457e-05
Customers_1853-ARAAQ,2.2595074090792972e-05
TotalCharges_232.55,2.25890842959724e-05
TotalCharges_1843.05,2.2529912794183355e-05
TotalCharges_3646.8,2.2515262982525266e-05
Customers_4622-YNKIJ,2.250626392591358e-05
Customers_9825-YCXWZ,2.2486482847250658e-05
TotalCharges_3069.45,2.247376766252829e-05
TotalCharges_1493.55,2.24599891890057e-05
TotalCharges_3958.85,2.2456869511403173e-05
Customers_2277-BKJKN,2.244855864355149e-05
Customers_7611-YKYTC,2.2447380528557778e-05
TotalCharges_5431.4,2.2402135606558616e-05
TotalCharges_134.6,2.2387337234833772e-05
TotalCharges_592.65,2.2365150019120834e-05
Customers_0898-XCGTF,2.236159602079998e-05
Customers_2533-TIBIX,2.2359754787804175e-05
TotalCharges_2568.15,2.232069136486124e-05
Customers_5276-KQWHG,2.2281533067668273e-05
Customers_8008-ESFLK,2.2280194583710605e-05
TotalCharges_6332.75,2.2235780601265833e-05
TotalCharges_1611.15,2.2223573097722094e-05
Customers_9305-CDSKC,2.21924640283496e-05
TotalCharges_1523.4,2.2149223551041957e-05
TotalCharges_1023.85,2.214808642380993e-05
Customers_1096-ADRUX,2.2145208381411592e-05
TotalCharges_1800.05,2.214107804574157e-05
Customers_7047-FWEYA,2.213290255057913e-05
Customers_1216-BGTSP,2.2128508728266665e-05
Customers_3807-BPOMJ,2.2117188189611266e-05
Customers_3842-QTGDL,2.2117183457353277e-05
TotalCharges_4428.6,2.2116802427023756e-05
TotalCharges_3196,2.2111393995588717e-05
TotalCharges_2531.4,2.208006364713939e-05
TotalCharges_475,2.2076799361889195e-05
TotalCharges_593.3,2.2057240303106043e-05
Customers_6124-ACRHJ,2.2050381295757752e-05
Customers_9489-UTFKA,2.204606876154683e-05
TotalCharges_3973.2,2.204497514897243e-05
TotalCharges_5029.05,2.2032386376341578e-05
TotalCharges_92.5,2.2016790964757054e-05
TotalCharges_4475.9,2.200941677585955e-05
Customers_1374-DMZUI,2.2005286440847106e-05
TotalCharges_2085.45,2.2003071698898655e-05
Customers_4238-JSSWH,2.1999689709473183e-05
TotalCharges_4779.45,2.1997773599048115e-05
TotalCharges_19,2.19631278313885e-05
Customers_4324-BZCKL,2.1955326976524424e-05
TotalCharges_524.5,2.193084093416143e-05
TotalCharges_3769.7,2.1928700163853003e-05
TotalCharges_4554.85,2.1927253478261796e-05
TotalCharges_3171.6,2.1924895710746712e-05
TotalCharges_1410.25,2.192477645581745e-05
TotalCharges_5386.5,2.1902656352944232e-05
TotalCharges_3313.4,2.1896029134270434e-05
TotalCharges_143.35,2.185595241586734e-05
Customers_0080-OROZO,2.1824988479224993e-05
Customers_2065-MMKGR,2.181127788183257e-05
Customers_2542-HYGIQ,2.1785493957866833e-05
Customers_9793-WECQC,2.178066419873417e-05
Customers_3723-BFBGR,2.177221535404878e-05
TotalCharges_4557.5,2.175674795476822e-05
Customers_6549-NNDYT,2.1747307399654177e-05
TotalCharges_5025.8,2.173834068105627e-05
Customers_9681-OXGVC,2.1716799151882903e-05
TotalCharges_2096.1,2.1693468627521388e-05
Customers_8652-YHIYU,2.1686942320574353e-05
TotalCharges_577.15,2.1677705493459075e-05
TotalCharges_819.4,2.1673881186984784e-05
Customers_0899-WZRSD,2.166743140499873e-05
TotalCharges_4510.8,2.166482493188155e-05
TotalCharges_2292.75,2.166448172959418e-05
Customers_1596-OQSPS,2.166416903109673e-05
Customers_0924-BJCRC,2.1657464288014718e-05
Customers_8107-RZLNV,2.165700636195858e-05
Customers_4450-YOOHP,2.1642760314855932e-05
TotalCharges_1151.55,2.1632556373369084e-05
TotalCharges_274.35,2.1627362234366937e-05
Customers_4250-WAROZ,2.16113786519666e-05
Customers_4495-LHSSK,2.1595038566315908e-05
Customers_5002-GCQFH,2.1579014808262063e-05
Customers_5076-YVXCM,2.1556285533945587e-05
TotalCharges_3778.1,2.1553606291748626e-05
Customers_6360-SVNWV,2.154115090664957e-05
TotalCharges_2351.45,2.1533622988896465e-05
Customers_6728-WYQBC,2.1533136098070312e-05
TotalCharges_5305.05,2.151991517296721e-05
TotalCharges_1261,2.1514331300560107e-05
TotalCharges_2032.3,2.1500914065395136e-05
Customers_7064-FRRSW,2.1487723999155068e-05
TotalCharges_1441.95,2.148185198908968e-05
Customers_2968-SSGAA,2.1447174688356872e-05
Customers_3645-DEYGF,2.1444959810818684e-05
TotalCharges_1667.25,2.1440523391120156e-05
TotalCharges_2964,2.143484198857007e-05
Customers_2604-XVDAM,2.1431781254740576e-05
TotalCharges_2552.9,2.143070361810352e-05
TotalCharges_445.95,2.1429755822905715e-05
TotalCharges_4765,2.1429182891520814e-05
TotalCharges_1522.65,2.1411820078135515e-05
TotalCharges_5602.25,2.140886625520658e-05
TotalCharges_1200.15,2.1403288236455996e-05
Customers_4232-JGKIY,2.139560577313541e-05
Customers_8740-CRYFY,2.1392540549310897e-05
Customers_4393-RYCRE,2.137150565962222e-05
Customers_2480-JZOSN,2.136806246064501e-05
Customers_8878-RYUKI,2.1364314156058322e-05
TotalCharges_4730.9,2.1363172991728586e-05
Customers_3308-MHOOC,2.131159345146047e-05
TotalCharges_1067.05,2.130429725268234e-05
TotalCharges_7629.85,2.1303648249824723e-05
TotalCharges_2094.65,2.1301139093014313e-05
TotalCharges_646.05,2.1298933094681577e-05
Customers_6959-GQEGV,2.129795807808645e-05
TotalCharges_2619.15,2.1293129022507885e-05
Customers_0481-SUMCB,2.1280196004668943e-05
TotalCharges_2483.65,2.1271053055323515e-05
Customers_8849-PRIQJ,2.1256729024550283e-05
Customers_5419-JPRRN,2.12085723231504e-05
Customers_7426-GSWPO,2.1201612701866662e-05
TotalCharges_94.6,2.1177935853702896e-05
Customers_4360-QRAVE,2.117016243090584e-05
Customers_2229-VWQJH,2.1169794747683293e-05
TotalCharges_4905.75,2.11612648650838e-05
Customers_0723-VSOBE,2.1157180934541137e-05
Customers_4129-LYCOI,2.1102335930665815e-05
Customers_8016-NCFVO,2.1093449801923548e-05
Customers_7740-KKCXF,2.1070105313418674e-05
Customers_9300-RENDD,2.1067182035515398e-05
TotalCharges_3990.6,2.1050381137221898e-05
Customers_5118-MUEYH,2.1047421679105787e-05
Customers_3452-ABWRL,2.1000579539230643e-05
TotalCharges_266.95,2.099884181391272e-05
TotalCharges_5925.75,2.0989761827293136e-05
TotalCharges_3801.7,2.098031261346799e-05
Customers_4450-MDZFX,2.095712748242461e-05
Customers_1921-KYSAY,2.094363459692593e-05
Customers_2731-GJRDG,2.0921254212122397e-05
Customers_5760-WRAHC,2.0911032699825016e-05
Customers_6579-JPICP,2.089699968852474e-05
TotalCharges_2459.8,2.0890218538181124e-05
Customers_6211-WHMYA,2.088975589247128e-05
TotalCharges_5969.95,2.0872301637883026e-05
Customers_6897-UUBNU,2.086250650747336e-05
TotalCharges_6585.2,2.086102409253477e-05
Customers_3572-UOLYZ,2.085647968150715e-05
TotalCharges_1183.8,2.0850313702615203e-05
Customers_8267-KFGYD,2.0846952463364604e-05
TotalCharges_2815.25,2.0839728744677336e-05
TotalCharges_381.2,2.079168747571572e-05
TotalCharges_4807.35,2.0766937071773605e-05
TotalCharges_69.25,2.075745928204968e-05
Customers_3170-GWYKC,2.0749836670046874e-05
Customers_3272-VUHPV,2.074202826937761e-05
TotalCharges_683.25,2.0736796266473157e-05
Customers_2446-PLQVO,2.071046161407491e-05
Customers_5816-QVHRX,2.07049734932796e-05
TotalCharges_21.1,2.070155220745988e-05
TotalCharges_2427.35,2.0687815996056773e-05
Customers_3144-KMTWZ,2.0679637119402534e-05
Customers_0716-BQNDX,2.0669193087913393e-05
Customers_1564-HJUVY,2.0668067682758472e-05
TotalCharges_7107,2.066690004663628e-05
Customers_6281-FKEWS,2.0662986074676773e-05
Customers_0621-JFHOL,2.066222398024351e-05
Customers_5977-CKHON,2.0620581722784e-05
Customers_5277-ZLOOR,2.0618018737850974e-05
TotalCharges_6382,2.061399596019935e-05
Customers_9912-OMZDS,2.0613576477063982e-05
Customers_0177-PXBAT,2.060050795605286e-05
Customers_0953-LGOVU,2.0576751198637366e-05
TotalCharges_5025,2.0547511863554074e-05
Customers_7905-NJMXS,2.0523012816215892e-05
TotalCharges_3725.5,2.0508549435905326e-05
Customers_5686-CMAWK,2.0489426529958678e-05
Customers_8967-SZQAS,2.0466158155062828e-05
Customers_6743-HHQPF,2.046185972580622e-05
TotalCharges_2044.95,2.0459995628685333e-05
TotalCharges_5625.55,2.045875095030594e-05
TotalCharges_1295.4,2.044660426855104e-05
Customers_2874-YXVVA,2.0443139499528012e-05
TotalCharges_1642.75,2.0436867402935606e-05
Customers_0939-EREMR,2.043653296320159e-05
TotalCharges_5083.55,2.0425158784451118e-05
Customers_6480-YAGIY,2.0413298022813187e-05
TotalCharges_6471.85,2.038610092287724e-05
Customers_2585-KTFRE,2.0366250294297032e-05
TotalCharges_428.7,2.0358430995120578e-05
Customers_3761-FLYZI,2.0332441444841972e-05
TotalCharges_1570.7,2.0289309623422043e-05
TotalCharges_3930.55,2.0285778938987608e-05
TotalCharges_81.95,2.0282545320908374e-05
TotalCharges_551.3,2.0262935425972806e-05
TotalCharges_3688.6,2.025535174669945e-05
TotalCharges_5976.9,2.0233662672929525e-05
TotalCharges_4896.35,2.0220657021490785e-05
Customers_9688-YGXVR,2.0211555531978556e-05
TotalCharges_2275.1,2.0203220378931e-05
TotalCharges_1321.3,2.0202837755556483e-05
TotalCharges_20.75,2.0177553071496804e-05
TotalCharges_2566.3,2.017462125668397e-05
TotalCharges_6838.6,2.01645816304856e-05
TotalCharges_662.95,2.013111068503954e-05
Customers_4415-WNGVR,2.011785544155769e-05
TotalCharges_645.8,2.0117370225923443e-05
TotalCharges_1299.8,2.007721340926564e-05
Customers_1282-IHQAC,2.0074255283545538e-05
TotalCharges_613.4,2.005955915175061e-05
Customers_2453-SAFNS,2.003481743572308e-05
TotalCharges_224.85,2.0022180533907247e-05
Customers_0330-BGYZE,2.0014881733498093e-05
Customers_7351-MHQVU,2.0014797101233768e-05
TotalCharges_6929.4,2.0003077603147735e-05
TotalCharges_6004.85,1.999553707527817e-05
TotalCharges_259.4,1.9988181420062694e-05
TotalCharges_2513.5,1.9986017518897318e-05
TotalCharges_75.45,1.9982614236380745e-05
Customers_4462-CYWMH,1.9977720073007096e-05
Customers_3209-ZPKFI,1.996249012661537e-05
Customers_0786-IVLAW,1.9942983610465246e-05
TotalCharges_79.65,1.9942369002822804e-05
TotalCharges_565.35,1.9923707869750055e-05
Customers_8123-QBNAZ,1.9921119543801573e-05
Customers_6300-BWMJX,1.9916464605057535e-05
Customers_9103-CXVOK,1.9908272319082926e-05
TotalCharges_1373,1.989596344052962e-05
TotalCharges_74.95,1.9877547498261808e-05
TotalCharges_5330.2,1.9867967736566437e-05
Customers_7011-CVEUC,1.9854519649505822e-05
TotalCharges_445.85,1.9821168626445823e-05
TotalCharges_475.7,1.980372292374219e-05
Customers_8058-INTPH,1.9786317384089462e-05
Customers_9522-BNTHX,1.977297091578263e-05
Customers_3055-MJDSB,1.9744274481381152e-05
Customers_0191-ZHSKZ,1.9727620462569265e-05
Customers_6474-FVJLC,1.970775312746132e-05
Customers_1455-ESIQH,1.9704677404171344e-05
Customers_5349-AZPEW,1.9698489667345178e-05
TotalCharges_3899.05,1.969160042425846e-05
TotalCharges_4178.65,1.9689284023374858e-05
Customers_8402-EIVQS,1.968403739896784e-05
Customers_8751-EDEKA,1.9667570991089544e-05
Customers_0308-GIQJT,1.9667245316740117e-05
Customers_7228-OMTPN,1.964668914143082e-05
TotalCharges_554.05,1.964096197259366e-05
Customers_7682-AZNDK,1.9634115890997542e-05
TotalCharges_6382.55,1.9626163928379543e-05
TotalCharges_1309,1.960616600940662e-05
TotalCharges_5757.2,1.960456188124201e-05
Customers_3629-WEAAM,1.958485279914231e-05
TotalCharges_2433.5,1.956987080785815e-05
Customers_5382-TEMLV,1.9569735662920977e-05
Customers_0130-SXOUN,1.956447098333615e-05
Customers_6168-YBYNP,1.956267294723172e-05
TotalCharges_5438.95,1.9556533787543328e-05
TotalCharges_1307.8,1.9555987384499885e-05
TotalCharges_2958.95,1.9553973847316455e-05
TotalCharges_2151.6,1.9511205658528713e-05
Customers_5939-XAIXZ,1.950436169158736e-05
Customers_8715-KKTFG,1.9494689332438248e-05
Customers_3982-DQLUS,1.9493096457920926e-05
Customers_5334-JLAXU,1.9489993955292268e-05
TotalCharges_810.85,1.9488501463114936e-05
TotalCharges_150.85,1.948509932872784e-05
Customers_0468-YRPXN,1.9477700636139197e-05
TotalCharges_6548.65,1.943583255568506e-05
TotalCharges_961.4,1.9435056337404525e-05
TotalCharges_3775.85,1.9433256091705664e-05
Customers_8597-CWYHH,1.9420116678635907e-05
TotalCharges_4297.6,1.9418410507399584e-05
TotalCharges_447.9,1.9408444943041654e-05
TotalCharges_4331.4,1.9395844643495774e-05
Customers_0956-ACVZC,1.9390018698389485e-05
TotalCharges_568.2,1.938637624203074e-05
Customers_5651-WYIPH,1.9369709967541043e-05
TotalCharges_5276.1,1.9343103050913937e-05
TotalCharges_4634.35,1.933861170448103e-05
TotalCharges_1051.05,1.932585606838526e-05
Customers_2455-USLMV,1.931565327223654e-05
Customers_7302-ZHMHP,1.9310101300614557e-05
TotalCharges_566.1,1.9298816866899783e-05
TotalCharges_5348.65,1.929430641532968e-05
Customers_4459-BBGHE,1.925719210498472e-05
TotalCharges_5893.95,1.9254860512154746e-05
Customers_8996-ZROXE,1.9250837746713313e-05
Customers_4456-RHSNB,1.9228177637309464e-05
TotalCharges_5347.95,1.920682772816456e-05
Customers_6253-WRFHY,1.9202334472720693e-05
Customers_5198-HQAEN,1.9186486389167345e-05
TotalCharges_255.6,1.917431451489702e-05
TotalCharges_2310.2,1.9162602397098943e-05
Customers_0887-WBJVH,1.9147037129421104e-05
TotalCharges_764.55,1.9140673112836743e-05
TotalCharges_629.55,1.9124884574796185e-05
Customers_6563-VNPMN,1.9118628541456342e-05
TotalCharges_4303.65,1.911233858202985e-05
Customers_0851-DFJKB,1.9102516938993955e-05
TotalCharges_3723.65,1.906024136381578e-05
TotalCharges_2553.35,1.9044594764689484e-05
Customers_9774-NRNAU,1.902549887862241e-05
Customers_2074-GUHPQ,1.901220816920194e-05
TotalCharges_5129.45,1.9008280051945747e-05
Customers_0621-HJWXJ,1.8999098414949207e-05
Customers_9626-WEQRM,1.8996981211178344e-05
Customers_5370-IIVVL,1.89946210429506e-05
Customers_2927-QRRQV,1.896236574274607e-05
Customers_4355-CVPVS,1.894226359095307e-05
Customers_1833-VGRUM,1.8939050928723135e-05
TotalCharges_322.9,1.8915215828270143e-05
Customers_9974-JFBHQ,1.8914776000072704e-05
Customers_7203-OYKCT,1.8913376412921825e-05
Customers_8262-COGGB,1.8901594192157487e-05
TotalCharges_1277.5,1.8900894009621038e-05
Customers_2599-CZABP,1.8895164458616208e-05
Customers_0623-EJQEG,1.886556335452226e-05
TotalCharges_7774.05,1.8864618695796937e-05
TotalCharges_688.2,1.8830092771653526e-05
Customers_4910-GMJOT,1.882367679612087e-05
Customers_5447-WZAFP,1.881343413584652e-05
TotalCharges_7984.15,1.880282828556888e-05
TotalCharges_3263.9,1.879882784780822e-05
TotalCharges_3357.9,1.877746619555638e-05
Customers_0282-NVSJS,1.8753784430907273e-05
TotalCharges_6860.6,1.8751103791012898e-05
Customers_9408-HRXRK,1.8750626681172814e-05
TotalCharges_670.65,1.874238048814448e-05
TotalCharges_5846.65,1.8724641687970327e-05
Customers_9396-ZSFLL,1.8710357003407846e-05
TotalCharges_3512.5,1.870168041964033e-05
Customers_2458-EOMRE,1.8695535085075484e-05
Customers_4908-XAXAY,1.8694308904127213e-05
Customers_5843-TTHGI,1.865461076993654e-05
TotalCharges_6253,1.8653771253932205e-05
Customers_6862-CQUMB,1.864189468841539e-05
TotalCharges_161.45,1.8641428784191797e-05
TotalCharges_586.05,1.8640906028906866e-05
Customers_9777-WJJPR,1.8609984783750542e-05
TotalCharges_3442.15,1.8608283576155412e-05
Customers_9644-KVCNC,1.859791541996266e-05
Customers_0774-IFUVM,1.8588859814650632e-05
Customers_1986-PHGZF,1.8566943202199678e-05
Customers_9881-VCZEP,1.8560688634896443e-05
TotalCharges_5498.8,1.8551318461601337e-05
Customers_5315-CKEQK,1.854973075374586e-05
Customers_8148-BPLZQ,1.854309801663166e-05
Customers_5651-CPDND,1.8507879082634073e-05
Customers_2669-OIDSD,1.849943786616096e-05
Customers_7285-KLOTR,1.8486433007828502e-05
Customers_4070-OKWVH,1.8478854788341036e-05
Customers_0549-CYCQN,1.8419432036144813e-05
TotalCharges_5774.55,1.8403388951486697e-05
TotalCharges_7920.7,1.8398859170754323e-05
Customers_7921-LMDFQ,1.835683904498704e-05
Customers_8910-LEDAG,1.8353674358956943e-05
TotalCharges_4003.85,1.8346548598039002e-05
Customers_3733-ZEECP,1.834191961808004e-05
Customers_2105-PHWON,1.8339407670509213e-05
Customers_8868-GAGIO,1.831604615749828e-05
Customers_8659-HDIYE,1.8276144857241995e-05
TotalCharges_3915.4,1.8266924250269842e-05
TotalCharges_6311.2,1.826383749455487e-05
TotalCharges_3778,1.823665747381258e-05
TotalCharges_492.1,1.8218722481673806e-05
Customers_6261-LHRTG,1.8207112017026497e-05
Customers_5996-DAOQL,1.819978632625619e-05
Customers_4673-KKSLS,1.8190367508086148e-05
Customers_6624-JDRDS,1.8189553759969908e-05
TotalCharges_5794.45,1.818930692941347e-05
TotalCharges_3836.3,1.8180619380694095e-05
Customers_4097-YODCF,1.8178718963324295e-05
Customers_8984-EYLLL,1.816667711136701e-05
Customers_6133-OZILE,1.8156460303335697e-05
Customers_4472-LVYGI,1.8155214010737532e-05
Customers_5195-KPUNQ,1.8146006257054708e-05
TotalCharges_422.6,1.8119320016263767e-05
TotalCharges_1588.25,1.8113527644850183e-05
TotalCharges_4834,1.8086474577686874e-05
Customers_8152-VETUR,1.8078944221840285e-05
Customers_1116-DXXDF,1.8066484738064547e-05
TotalCharges_288.35,1.8064501694323548e-05
TotalCharges_2823,1.8049953686392644e-05
Customers_4988-IQIGL,1.8049240830041703e-05
Customers_7989-VCQOH,1.804444435926095e-05
TotalCharges_3921.3,1.8038979938657623e-05
TotalCharges_345.5,1.8023581603120326e-05
TotalCharges_80.8,1.801576328839175e-05
Customers_8070-AAWZP,1.799826283856933e-05
TotalCharges_955.15,1.7987803918336322e-05
Customers_4827-USJHP,1.796972162583471e-05
Customers_7550-WIQVA,1.7964798116674888e-05
Customers_1543-LLLFT,1.7955215428509704e-05
TotalCharges_3591.25,1.7947199280297036e-05
TotalCharges_2623.65,1.794000987371203e-05
TotalCharges_2570,1.7916558685597252e-05
TotalCharges_6487.2,1.7897431194630127e-05
TotalCharges_6056.9,1.7875495584924858e-05
TotalCharges_4483.95,1.7874434209717886e-05
TotalCharges_2448.5,1.7861523298971596e-05
Customers_4455-BFSPD,1.7852662964520515e-05
Customers_5274-XHAKY,1.7841875284471354e-05
Customers_5414-OFQCB,1.7841670568834117e-05
Customers_6266-QHOJZ,1.7832725234319486e-05
Customers_8189-HBVRW,1.782860019858534e-05
Customers_2530-FMFXO,1.7824844975115272e-05
TotalCharges_7707.7,1.781836746029058e-05
Customers_3999-WRNGR,1.7818026850251895e-05
TotalCharges_307.6,1.780449797508988e-05
Customers_4710-NKCAW,1.7798172832178102e-05
Customers_4676-MQUEA,1.779721620442417e-05
Customers_3397-AVTKU,1.7775314870087436e-05
Customers_0835-JKADZ,1.7763282887889796e-05
Customers_8049-WJCLQ,1.7759992018071547e-05
TotalCharges_6982.5,1.7753548526330173e-05
Customers_6537-OTKMY,1.7750244875465673e-05
TotalCharges_930.05,1.773966962640776e-05
TotalCharges_5481.25,1.7715717242063107e-05
TotalCharges_5036.9,1.7711932887507674e-05
TotalCharges_157.55,1.7709951722640834e-05
Customers_4391-LNRXK,1.770660984996847e-05
TotalCharges_5163.3,1.770373864996567e-05
Customers_3428-XZMAZ,1.770144708431778e-05
TotalCharges_854.45,1.769569259645867e-05
TotalCharges_2263.4,1.7695623209917627e-05
Customers_0909-SDHNU,1.7692261810669704e-05
TotalCharges_3581.6,1.768321106814622e-05
Customers_6308-CQRBU,1.7680274352069197e-05
Customers_5133-VRSAB,1.768022853564483e-05
TotalCharges_829.3,1.766782802838609e-05
Customers_9300-AGZNL,1.7656049985045683e-05
TotalCharges_5703.25,1.7633030426500307e-05
Customers_3920-HIHMQ,1.762468780836863e-05
Customers_4529-CKBCL,1.7623502696643525e-05
Customers_1410-RSCMR,1.76177063175714e-05
TotalCharges_773.2,1.7608948368545006e-05
TotalCharges_5730.7,1.7600503112120284e-05
Customers_1397-XKKWR,1.7591257623987364e-05
TotalCharges_4839.15,1.7590801289693864e-05
Customers_9921-EZKBY,1.7590309013762474e-05
TotalCharges_6126.15,1.758697847841304e-05
Customers_8547-NSBBO,1.7583310903534455e-05
TotalCharges_5861.75,1.7570388375153268e-05
Customers_6906-MPARY,1.7558764163254498e-05
TotalCharges_1742.45,1.75557261929934e-05
Customers_6505-OZNPG,1.7541671066457384e-05
Customers_6599-GZWCM,1.7541373917439993e-05
Customers_3099-OONVS,1.7514088486819253e-05
Customers_4567-AKPIA,1.7502155811663494e-05
Customers_0810-BDHAW,1.7496353875704232e-05
Customers_3511-APPBJ,1.749220552607225e-05
TotalCharges_4154.55,1.747530715347134e-05
TotalCharges_6176.6,1.7472965205483482e-05
Customers_6103-LIANB,1.746942122608506e-05
Customers_7241-AJHFS,1.7462631513451524e-05
Customers_4957-TREIR,1.7457244321696303e-05
Customers_1170-SASML,1.7429359462429673e-05
TotalCharges_5244.45,1.7399528635648857e-05
TotalCharges_865.75,1.736833466647006e-05
TotalCharges_1826.7,1.7367943181411734e-05
TotalCharges_5515.45,1.7363742986425188e-05
Customers_1357-MVDOZ,1.735709166607707e-05
TotalCharges_5960.5,1.734093021731397e-05
Customers_7824-PANSQ,1.732675663904912e-05
Customers_3316-UWXUY,1.732169121479564e-05
Customers_2267-FPIMA,1.7320774990671616e-05
Customers_8552-OBVRU,1.7313722690153833e-05
TotalCharges_6347.55,1.7304089215924367e-05
Customers_0931-MHTEM,1.729530709980382e-05
Customers_0853-NWIFK,1.728535549178526e-05
Customers_5481-NTDOH,1.7247508616700263e-05
TotalCharges_7346.2,1.724015050168568e-05
TotalCharges_1545.4,1.7233281191783632e-05
TotalCharges_2564.95,1.7228518781918477e-05
TotalCharges_1033.9,1.72277657952033e-05
Customers_3528-HFRIQ,1.7212643989881757e-05
TotalCharges_639.45,1.719952116820539e-05
TotalCharges_88.8,1.7154071193918584e-05
TotalCharges_2638.1,1.715342147300512e-05
Customers_4257-GAESD,1.7147236152106988e-05
Customers_1099-BTKWT,1.7146975457843634e-05
Customers_9323-HGFWY,1.7146291849224927e-05
TotalCharges_1614.05,1.71440269317997e-05
TotalCharges_6171.2,1.713015509452455e-05
Customers_8735-DCXNF,1.7119332908588497e-05
Customers_7108-DGVUU,1.7103037228727366e-05
Customers_3090-LETTY,1.707716775086218e-05
TotalCharges_1137.05,1.7075949393616774e-05
Customers_4186-ZBUEW,1.70744073127179e-05
TotalCharges_6792.45,1.706496508800164e-05
Customers_3255-GRXMG,1.7064609747071703e-05
TotalCharges_2838.55,1.705856098640716e-05
Customers_3373-YZZYM,1.705354720771801e-05
Customers_6575-SUVOI,1.7043969827275673e-05
TotalCharges_2683.2,1.7038028203816495e-05
Customers_2325-WINES,1.7037074925628445e-05
TotalCharges_449.3,1.7033772748515683e-05
Customers_0595-ITUDF,1.7025830853713717e-05
TotalCharges_1009.25,1.70146927657865e-05
Customers_7268-IGMFD,1.699514822560507e-05
Customers_8216-AZUUZ,1.695185764490614e-05
Customers_4424-TKOPW,1.695001591641998e-05
TotalCharges_3107.3,1.6948416694881854e-05
Customers_1656-DRSMG,1.693391614021441e-05
TotalCharges_2603.3,1.692800936280215e-05
Customers_5443-SCMKX,1.692650822117412e-05
Customers_6891-JPYFF,1.6907946479538515e-05
TotalCharges_5405.8,1.6907022718346785e-05
Customers_9853-JFZDU,1.6906235532797063e-05
Customers_5740-YHGTW,1.689500320047043e-05
Customers_1976-AZZPJ,1.6870207363408836e-05
Customers_5203-XEHAX,1.685883774761309e-05
Customers_1925-LFCZZ,1.685517092843973e-05
Customers_7950-XWOVN,1.6854489504963746e-05
TotalCharges_4335.2,1.683286567292798e-05
Customers_5311-IHLEI,1.6822648451875006e-05
TotalCharges_3161.4,1.682198544941375e-05
TotalCharges_7112.15,1.6807945772979647e-05
TotalCharges_551.95,1.678448149897382e-05
Customers_9933-QRGTX,1.67695532944419e-05
Customers_5811-IWXYM,1.6761602092278725e-05
Customers_1099-GODLO,1.674263280334268e-05
Customers_2402-TAIRZ,1.673598001815699e-05
Customers_6507-DTJZV,1.6728711118481855e-05
Customers_1423-BMPBQ,1.6722101486272575e-05
Customers_5734-EJKXG,1.6717967478599976e-05
Customers_6227-FBDXH,1.6702850716156096e-05
Customers_1930-WNXSB,1.668938568076692e-05
TotalCharges_799,1.668681668064621e-05
Customers_8791-GFXLZ,1.6686372993908386e-05
TotalCharges_3008.15,1.668388832322887e-05
TotalCharges_4238.45,1.6665873549652153e-05
TotalCharges_2684.35,1.6654117088916003e-05
TotalCharges_5720.35,1.6641692627106475e-05
TotalCharges_7002.95,1.664099129053668e-05
TotalCharges_7746.7,1.6624619378896637e-05
Customers_0567-GGCAC,1.6621152654759173e-05
TotalCharges_2070.05,1.6596254717885373e-05
TotalCharges_1398.6,1.657490623085926e-05
TotalCharges_1424.4,1.656862931423646e-05
Customers_8108-UXRQN,1.65409782651986e-05
Customers_7554-AKDQF,1.653955854945944e-05
Customers_3038-PQIUY,1.6537801261800566e-05
TotalCharges_4524.05,1.65369306205799e-05
TotalCharges_920.5,1.6516031767749038e-05
Customers_2673-CXQEU,1.6510043570670044e-05
Customers_9373-WSLOY,1.6505768950801744e-05
TotalCharges_79.25,1.6505396898493555e-05
TotalCharges_5070.4,1.6501243870359924e-05
TotalCharges_3959.15,1.6499565878074392e-05
TotalCharges_19.8,1.6496267030145943e-05
Customers_5151-HQRDG,1.6487729775273313e-05
Customers_2259-OUUSZ,1.647923856108887e-05
TotalCharges_3548.3,1.6458517331227326e-05
Customers_6549-YMFAW,1.645834552019686e-05
Customers_3161-GETRM,1.6440571834777946e-05
Customers_8705-DWKTI,1.64294878101499e-05
Customers_0869-PAPRP,1.6419355985674566e-05
TotalCharges_1718.95,1.6412936893008254e-05
TotalCharges_7565.35,1.6412252787216067e-05
Customers_3865-YIOTT,1.640833843738295e-05
TotalCharges_2283.3,1.6405915592614546e-05
TotalCharges_25,1.640006016289007e-05
TotalCharges_7677.4,1.639366045555862e-05
Customers_9978-HYCIN,1.6380934072209505e-05
TotalCharges_593.85,1.636884347983406e-05
Customers_4918-FYJNT,1.636133233189065e-05
Customers_2560-PPCHE,1.6359651779201584e-05
TotalCharges_4266.4,1.635438243735739e-05
TotalCharges_4456.65,1.6345186497084804e-05
Customers_6578-KRMAW,1.6328213612050794e-05
Customers_2959-EEXWB,1.632082571904937e-05
TotalCharges_1739.6,1.6316766020221725e-05
TotalCharges_2036.55,1.6301830658668475e-05
Customers_1142-IHLOO,1.6298072137848045e-05
Customers_1104-FEJAM,1.629270541216581e-05
Customers_3197-NNYNB,1.629064459253266e-05
Customers_2832-SCUCO,1.6269734749410175e-05
Customers_9495-SKLKD,1.626802153744331e-05
Customers_2091-GPPIQ,1.623964158223125e-05
TotalCharges_244.75,1.6237287403932393e-05
Customers_5141-ZUVBH,1.6219111324088133e-05
TotalCharges_5068.05,1.6217414251422425e-05
Customers_5593-SUAOO,1.6205024633504216e-05
Customers_1663-MHLHE,1.6188670443988028e-05
Customers_4692-NNQRU,1.6181887390425044e-05
Customers_6358-LYNGM,1.6155454653865182e-05
Customers_6217-TOWGS,1.614989371175444e-05
Customers_2851-STERV,1.613738313492915e-05
TotalCharges_5676,1.613273700994941e-05
TotalCharges_5737.6,1.6122545130303564e-05
Customers_2709-UQGNP,1.6112190482694353e-05
Customers_0089-IIQKO,1.609403106841442e-05
TotalCharges_580.1,1.608546461109237e-05
TotalCharges_7412.25,1.6052143315876112e-05
Customers_8992-OBVDG,1.605148081146108e-05
Customers_3786-WOVKF,1.6011061640972752e-05
Customers_9060-HJJRW,1.6010014234642064e-05
TotalCharges_827.05,1.6009303935126733e-05
TotalCharges_4422.95,1.6002537232135623e-05
Customers_7173-TETGO,1.6002140019664073e-05
Customers_5968-XQIVE,1.599951883448922e-05
TotalCharges_6236.75,1.5997439330229544e-05
Customers_5286-YHCVC,1.5995412588208016e-05
Customers_6689-VRRTK,1.5988635070050076e-05
Customers_1169-SAOCL,1.596977598706089e-05
Customers_3521-MNKLV,1.5965657484460126e-05
TotalCharges_5448.6,1.5960923818853463e-05
Customers_9233-PSYHO,1.595010165882312e-05
TotalCharges_4297.95,1.594693487903693e-05
Customers_1545-ACTAS,1.5946791344088636e-05
Customers_7080-TNUWP,1.5915443280190602e-05
Customers_6907-CQGPN,1.5900374228646363e-05
TotalCharges_5168.1,1.589912782116752e-05
Customers_2716-GFZOR,1.5877761438731485e-05
Customers_6745-JEFZB,1.587442033700826e-05
Customers_5945-AZYHT,1.586654370140327e-05
Customers_7799-DSEWS,1.5858728824814075e-05
TotalCharges_5798.3,1.5857322793404362e-05
TotalCharges_7544,1.5854558760702645e-05
Customers_0319-QZTCO,1.5834263536773917e-05
Customers_2858-EIMXH,1.5830324207957897e-05
TotalCharges_4982.5,1.5796527251888765e-05
Customers_8294-UIMBA,1.5786242049554548e-05
TotalCharges_1077.05,1.5758248597039832e-05
TotalCharges_4162.05,1.575587586822315e-05
TotalCharges_493.4,1.5748837888662166e-05
TotalCharges_53.05,1.5745745995528398e-05
Customers_6035-BXTTY,1.5743479966808483e-05
Customers_4871-JTKJF,1.5726692756127763e-05
Customers_6333-YDVLT,1.571252731364035e-05
Customers_8198-RKSZG,1.5697509341499173e-05
Customers_9152-AMKAK,1.5696577236970584e-05
Customers_5732-IKGQH,1.5677828018151385e-05
Customers_7449-HVPIV,1.5657559999002013e-05
TotalCharges_1478.85,1.5647769624901753e-05
TotalCharges_3161.2,1.564343431401567e-05
Customers_7319-VENRZ,1.5634317954856613e-05
Customers_6994-ORCWG,1.5612060464743684e-05
Customers_2371-KFUOG,1.560081418676756e-05
TotalCharges_1003.05,1.5597543122983877e-05
Customers_1135-LMECX,1.5597529511346787e-05
TotalCharges_5610.15,1.559498879809976e-05
Customers_7041-TXQJH,1.5583873156899234e-05
Customers_2436-QBZFP,1.5561308317153006e-05
Customers_4159-NAAIX,1.5557331720383824e-05
Customers_0603-OLQDC,1.555048359168666e-05
TotalCharges_57.4,1.554527799563637e-05
Customers_0980-PVMRC,1.55364008349985e-05
Customers_1309-XGFSN,1.552308809873626e-05
Customers_2320-SLKMB,1.5521481842198895e-05
Customers_5193-QLVZB,1.5505592698838608e-05
Customers_4118-CEVPF,1.549271861424878e-05
Customers_0314-TKOSI,1.5489759625536352e-05
Customers_5897-ZYEKH,1.5487227309961838e-05
TotalCharges_1348.5,1.548680094932706e-05
Customers_7644-OMVMY,1.5476149199418393e-05
Customers_2925-MXLSX,1.5463389387373054e-05
Customers_3635-JBPSG,1.5453818318568848e-05
TotalCharges_4984.85,1.5448937927614595e-05
TotalCharges_6613.65,1.5436304817511763e-05
Customers_2452-SNHFZ,1.543406151887267e-05
Customers_7537-CBQUZ,1.542931645702172e-05
TotalCharges_483.3,1.5410212141188364e-05
TotalCharges_18.9,1.5408743924465248e-05
TotalCharges_335.65,1.5407393188252515e-05
Customers_7446-YPODE,1.5406519772069496e-05
Customers_1703-MGIAB,1.5399663568918844e-05
Customers_2075-RMJIK,1.5378101866641588e-05
TotalCharges_7238.6,1.5377444859970996e-05
Customers_0419-YAAPX,1.5368783016845477e-05
Customers_4827-LTQRJ,1.5356086654632404e-05
TotalCharges_1291.3,1.534405267587086e-05
TotalCharges_4451.85,1.5343214637386168e-05
TotalCharges_3168,1.5338175417375573e-05
Customers_6408-OTUBZ,1.5326296898080955e-05
TotalCharges_6744.2,1.5312167926257892e-05
TotalCharges_7031.45,1.5309598377192267e-05
Customers_2474-LCNUE,1.529749584375279e-05
Customers_7868-BGSZA,1.5296407745697955e-05
Customers_6137-MFAJN,1.528711679290981e-05
TotalCharges_3416.85,1.5256616603488489e-05
TotalCharges_4525.8,1.5248524938914027e-05
Customers_1591-MQJTP,1.5184672674443888e-05
Customers_3703-TTEPD,1.518334071773143e-05
TotalCharges_1011.5,1.5177544090656454e-05
Customers_1400-WIVLL,1.5175374740513361e-05
Customers_3584-WKTTW,1.5165218494508254e-05
TotalCharges_5511.65,1.5160522170113684e-05
Customers_5312-IRCFR,1.5160274222793548e-05
TotalCharges_4869.35,1.5145560744601614e-05
TotalCharges_1886.4,1.5131425806302464e-05
TotalCharges_849.9,1.513096585793749e-05
TotalCharges_852.7,1.5130488784292943e-05
TotalCharges_4137.2,1.511593678335664e-05
TotalCharges_4563,1.5104586413309179e-05
TotalCharges_2681.15,1.5100879652233945e-05
TotalCharges_846.8,1.5092153795574838e-05
TotalCharges_6153.85,1.5085158443047599e-05
Customers_1298-PHBTI,1.507843108311835e-05
Customers_9142-KZXOP,1.5065165191003872e-05
TotalCharges_7459.05,1.5058287919625106e-05
Customers_7105-BENQF,1.5050886947168222e-05
Customers_6728-VOIFY,1.5043192415344945e-05
TotalCharges_1838.15,1.5041048849707423e-05
TotalCharges_2715.3,1.5019064569150787e-05
TotalCharges_201.95,1.5005632434005967e-05
TotalCharges_5867,1.4997580434210346e-05
Customers_6591-QGOYB,1.4976577968729148e-05
TotalCharges_2748.7,1.4974637428303585e-05
TotalCharges_5229.8,1.4963307974601187e-05
Customers_4826-TZEVA,1.4952214442536607e-05
Customers_1710-RCXUS,1.4950889242136319e-05
Customers_3509-GWQGF,1.4940384429855632e-05
TotalCharges_574.5,1.4917557174493876e-05
Customers_4132-POCZS,1.4909510405952225e-05
Customers_3541-ZNUHK,1.4909350428645041e-05
TotalCharges_4972.1,1.4903635882742757e-05
Customers_0228-MAUWC,1.489666221912005e-05
TotalCharges_4594.65,1.4895869768466578e-05
TotalCharges_4018.55,1.4880843485954947e-05
TotalCharges_1701.65,1.48664886543176e-05
Customers_0691-NIKRI,1.4866214349567724e-05
TotalCharges_3713.95,1.486615507161997e-05
TotalCharges_4904.25,1.486585267068006e-05
Customers_3640-JQGJG,1.4863510503202965e-05
Customers_8769-KKTPH,1.4858837543054707e-05
TotalCharges_5064.85,1.4853137351480646e-05
TotalCharges_3765.05,1.4841452649874796e-05
Customers_5898-IGSLP,1.4837900489754004e-05
Customers_7674-YTAFD,1.4824923067792342e-05
Customers_7103-IPXPJ,1.4796034127509064e-05
Customers_6723-WSNTY,1.4786798678846375e-05
TotalCharges_4859.25,1.4769575195994013e-05
TotalCharges_7240.65,1.4766177549683662e-05
TotalCharges_5231.2,1.475747658433771e-05
Customers_2692-AQCPF,1.4741648872235746e-05
Customers_1125-SNVCK,1.4732338862555e-05
Customers_5173-WXOQV,1.4720595456829379e-05
Customers_6341-AEVKX,1.4705629675019817e-05
TotalCharges_146.4,1.4705587243450283e-05
TotalCharges_2094.9,1.4687087082427935e-05
TotalCharges_1175.85,1.4680513376761553e-05
TotalCharges_837.5,1.466884831104702e-05
Customers_8896-BQTTI,1.4667469335694138e-05
Customers_1356-MKYSK,1.4659711553817166e-05
TotalCharges_6638.35,1.4658017079218816e-05
Customers_3716-LRGXK,1.4646329867118218e-05
TotalCharges_6891.45,1.4642778557419268e-05
Customers_8756-RDDLT,1.4642520279133779e-05
TotalCharges_4921.2,1.4638736447739665e-05
Customers_5336-UFNZP,1.4638219231915236e-05
Customers_5663-QBGIS,1.4635271195543811e-05
TotalCharges_2184.6,1.4631378074046324e-05
Customers_8201-AAXCB,1.4631021135981196e-05
Customers_8314-DPQHL,1.4625553877464931e-05
TotalCharges_2555.05,1.4606859894119655e-05
TotalCharges_6597.25,1.4601568957401117e-05
Customers_1428-IEDPR,1.4595444444247378e-05
Customers_6047-SUHPR,1.4592753437898805e-05
Customers_5386-THSLQ,1.458369986466401e-05
TotalCharges_5825.5,1.4581970905598086e-05
TotalCharges_5060.9,1.4580689848110194e-05
Customers_1389-WNUIB,1.4573805439879236e-05
TotalCharges_467.85,1.457372628696257e-05
TotalCharges_4997.5,1.4563123765725271e-05
TotalCharges_605.75,1.4558889381741033e-05
Customers_5397-TUPSH,1.4557768931607656e-05
Customers_7576-JMYWV,1.4552614296618185e-05
TotalCharges_934.15,1.4544155812059691e-05
Customers_1285-OKIPP,1.4537470774921802e-05
TotalCharges_7470.1,1.4525057376359364e-05
TotalCharges_1459.35,1.4513360273882757e-05
TotalCharges_3005.8,1.4512358108613417e-05
TotalCharges_668.85,1.4485418301671471e-05
TotalCharges_7337.55,1.4475677644836484e-05
TotalCharges_1597.4,1.4473134180552208e-05
Customers_5701-SVCWR,1.4461986395508985e-05
Customers_3606-SBKRY,1.4457240465345631e-05
TotalCharges_6256.2,1.4456147265568855e-05
TotalCharges_79.7,1.445100788233517e-05
Customers_4075-WKNIU,1.4446059340434039e-05
TotalCharges_1264.2,1.4442848387230986e-05
TotalCharges_5200.8,1.4434532571308749e-05
Customers_7299-GNVPL,1.4434299744359914e-05
Customers_1215-VFYVK,1.4434033424598636e-05
Customers_7182-OVLBJ,1.4430279152300809e-05
TotalCharges_5431.9,1.4416730982100332e-05
Customers_7024-OHCCK,1.4371730414803442e-05
Customers_1679-JRFBR,1.4357928259129805e-05
Customers_2055-SIFSS,1.4356527971648229e-05
Customers_7621-VPNET,1.4330349695152328e-05
Customers_3552-CTCYF,1.4304654910813953e-05
TotalCharges_5629.15,1.4279960335952487e-05
TotalCharges_790.7,1.4268731198741855e-05
Customers_2305-MRGLV,1.4256730636112965e-05
TotalCharges_1611.65,1.423841557421308e-05
TotalCharges_1175.6,1.4234271308615071e-05
TotalCharges_1215.45,1.4178927485974059e-05
Customers_7176-WRTNX,1.4158935071128033e-05
Customers_3164-YAXFY,1.4148889551624079e-05
Customers_0750-EBAIU,1.4147517192207029e-05
Customers_0401-WDBXM,1.4147252473286228e-05
Customers_1732-FEKLD,1.4141949773200272e-05
Customers_7130-YXBRO,1.4135745861608742e-05
Customers_5088-QZLRL,1.4135593518678984e-05
TotalCharges_6292.7,1.4134424066751743e-05
Customers_0479-HMSWA,1.4111324962338269e-05
TotalCharges_8477.6,1.4090037164966719e-05
Customers_8752-GHJFU,1.407360404595039e-05
TotalCharges_5835.5,1.4063892815382566e-05
TotalCharges_3756.45,1.4046505375181344e-05
Customers_2391-IPLOP,1.4022287403799543e-05
Customers_7622-NXQZR,1.4005397025727196e-05
Customers_1153-GNOLC,1.3998277440661564e-05
Customers_5339-TJFEK,1.3992186559942297e-05
TotalCharges_434.8,1.3991856347861226e-05
TotalCharges_3735.45,1.3987703690018507e-05
Customers_6614-VBEGU,1.3983975259991573e-05
Customers_0222-CNVPT,1.3951892855717626e-05
TotalCharges_6526.65,1.3950355485613858e-05
Customers_0369-ZGOVK,1.3940778375050678e-05
TotalCharges_711.95,1.3938260685419017e-05
TotalCharges_4287.2,1.3935780584067486e-05
TotalCharges_7111.3,1.3926959948953562e-05
TotalCharges_7848.5,1.3908920060764336e-05
TotalCharges_2576.8,1.3908302944932337e-05
Customers_9787-XVQIU,1.390076715270921e-05
TotalCharges_7297.75,1.3892754177090247e-05
TotalCharges_5552.5,1.3882901116327893e-05
Customers_7909-FIOIY,1.387878280885957e-05
Customers_9500-LTVBP,1.3862565326842848e-05
Customers_1049-FYSYG,1.385818782519468e-05
Customers_0248-PGHBZ,1.3851909565069926e-05
TotalCharges_1882.8,1.3847448992602793e-05
TotalCharges_2309.55,1.3845893462886055e-05
Customers_2782-JEEBU,1.3837715829469518e-05
TotalCharges_6953.4,1.383425372042707e-05
Customers_6668-CNMFP,1.3829059074486301e-05
Customers_5569-IDSEY,1.3823422348620549e-05
TotalCharges_401.5,1.3820681203303021e-05
TotalCharges_780.15,1.3818914276099228e-05
TotalCharges_3990.75,1.3818758809910279e-05
Customers_4826-DXMUP,1.3810860839092699e-05
TotalCharges_3128.8,1.3802586024544827e-05
TotalCharges_5980.75,1.377111938788676e-05
Customers_6174-NRBTZ,1.3758681201900986e-05
Customers_2000-MPKCA,1.3753481877131434e-05
Customers_3908-MKIMJ,1.3748118922070797e-05
Customers_9691-HKOVS,1.3745956397097838e-05
Customers_9114-AAFQH,1.374412697784474e-05
Customers_8224-UAXBZ,1.3719199517923469e-05
TotalCharges_6823.4,1.3702856608103757e-05
TotalCharges_7317.1,1.3682697130990542e-05
Customers_4767-HZZHQ,1.3678595237285185e-05
Customers_5055-BRMNE,1.3678020324195133e-05
Customers_5223-UZAVK,1.3660949643983989e-05
TotalCharges_7047.5,1.365440975473375e-05
TotalCharges_6511.8,1.365130698378562e-05
TotalCharges_1191.2,1.3643924463612347e-05
Customers_8124-NZVGJ,1.3634589308696048e-05
Customers_2639-UGMAZ,1.3616799320470532e-05
Customers_3253-HKOKL,1.3613263893244476e-05
Customers_8735-IJJEG,1.3603272852450135e-05
Customers_3062-ICYZQ,1.3597354124996236e-05
Customers_7820-ZYGNY,1.3586065003076942e-05
Customers_4683-WYDOU,1.3585338758229014e-05
TotalCharges_1734.2,1.357676610974393e-05
Customers_1697-NVVGY,1.357595103207746e-05
Customers_8947-YRTDV,1.3566046382509512e-05
Customers_4822-LPTYJ,1.354039792323676e-05
Customers_1840-BIUOG,1.3524903662418447e-05
TotalCharges_7379.8,1.3521638734947522e-05
Customers_6156-UZDLF,1.3485163164359892e-05
TotalCharges_1596.6,1.347769324085201e-05
TotalCharges_1442.6,1.3473897909588096e-05
Customers_2931-XIQBR,1.3473533939155576e-05
TotalCharges_5038.45,1.3468108283264219e-05
Customers_9069-LGEUL,1.346025648196472e-05
TotalCharges_1097.15,1.3459328408308595e-05
TotalCharges_1665.2,1.3452677288861564e-05
TotalCharges_3479.05,1.3450774635696254e-05
TotalCharges_2282.95,1.3447509429294273e-05
Customers_7964-ZRKKG,1.3446347221461635e-05
Customers_8559-WNQZS,1.3438096423236207e-05
TotalCharges_3003.55,1.341254513475263e-05
Customers_2812-SFXMJ,1.3403852227569714e-05
TotalCharges_6602.9,1.3399623619660462e-05
Customers_8894-JVDCV,1.3394936564750447e-05
TotalCharges_1912.85,1.3385232362964368e-05
TotalCharges_3847.6,1.3377483587353285e-05
TotalCharges_2078.55,1.3363215788452047e-05
TotalCharges_7320.9,1.3360512125052619e-05
Customers_9896-UYMIE,1.3330546638111854e-05
Customers_5553-AOINX,1.3329960028876724e-05
TotalCharges_7839.85,1.33256658237619e-05
Customers_0233-FTHAV,1.3321279009315436e-05
Customers_8417-GSODA,1.3309337102616918e-05
Customers_6344-SFJVH,1.330584220093985e-05
Customers_8082-GHXOP,1.3296714922864579e-05
TotalCharges_216.45,1.3294384054378537e-05
Customers_4115-UMJFQ,1.3283302087234181e-05
TotalCharges_3887.85,1.3278777880604794e-05
TotalCharges_515.75,1.3272656802622822e-05
TotalCharges_2067,1.3259899810590973e-05
Customers_1784-EZDKJ,1.32406626392396e-05
TotalCharges_7382.85,1.3221949752430448e-05
TotalCharges_789.2,1.321405631247206e-05
TotalCharges_2471.25,1.3213956465113032e-05
TotalCharges_7806.6,1.3192481098412561e-05
Customers_3709-OIJEA,1.3185154794458145e-05
Customers_0096-FCPUF,1.3181951283679218e-05
TotalCharges_2731,1.317825922465223e-05
TotalCharges_5243.05,1.3177596909130432e-05
Customers_9494-BDNNC,1.317505177250139e-05
TotalCharges_3180.5,1.3169004207624579e-05
Customers_2267-WTPYD,1.316836859298968e-05
Customers_4742-DRORA,1.3156886839283845e-05
TotalCharges_5059.75,1.3139472774819899e-05
Customers_8263-OKETD,1.3124264681067164e-05
Customers_6794-HKIAJ,1.3090401616612173e-05
TotalCharges_1288.75,1.3087764838927093e-05
TotalCharges_355.9,1.3074674684659914e-05
Customers_3590-TCXTB,1.3063871113479795e-05
Customers_4310-KEDTB,1.3055642895047144e-05
TotalCharges_7303.05,1.3054943415410475e-05
Customers_3160-TYXLT,1.3049908843348087e-05
TotalCharges_5623.7,1.3043179388153499e-05
Customers_6647-ZEDXT,1.3041836445677876e-05
TotalCharges_4264.6,1.3040225306352924e-05
TotalCharges_5680.9,1.3014844581948946e-05
TotalCharges_2857.6,1.3013483649742472e-05
TotalCharges_1155.6,1.3003060921991323e-05
Customers_2202-OUTMO,1.3001410384952247e-05
TotalCharges_24,1.2996740573392413e-05
Customers_1708-PBBOA,1.2981972564465753e-05
TotalCharges_5099.15,1.2975520705314778e-05
Customers_6128-DAFVY,1.2954197354500909e-05
Customers_6296-DDOOR,1.2953508054526896e-05
Customers_9114-VEPUF,1.2950719255187891e-05
Customers_9475-NNDGC,1.2947107121619561e-05
Customers_1409-PHXTF,1.2934462706762327e-05
Customers_5998-DZLYR,1.2924814669112996e-05
Customers_5996-NRVXR,1.2894530243304827e-05
Customers_3915-ODIYG,1.2894273553675092e-05
Customers_5366-OBVMR,1.2888435099516692e-05
Customers_7105-MXJLL,1.2887186949429089e-05
Customers_2896-TBNBE,1.2877912745408601e-05
Customers_6196-HBOBZ,1.2863810006988458e-05
Customers_8961-QDZZJ,1.2859881378474846e-05
Customers_5777-KJIRB,1.2836263680588652e-05
Customers_6435-VWCCY,1.2828172899154849e-05
TotalCharges_786.5,1.2823963250041697e-05
TotalCharges_7383.7,1.2817792978606853e-05
Customers_2186-QZEYA,1.2811042403850547e-05
TotalCharges_7853.7,1.2807161605219117e-05
Customers_1020-JPQOW,1.2800442032329057e-05
Customers_1360-RCYRT,1.2795610309384575e-05
Customers_3468-DRVQJ,1.2790659519787222e-05
TotalCharges_631.4,1.2782059592551997e-05
Customers_8250-ZNGGW,1.2774538303222872e-05
TotalCharges_1752.65,1.2763264135822906e-05
Customers_4608-LCIMN,1.2760429605106482e-05
TotalCharges_842.25,1.2749325413040142e-05
TotalCharges_1884.65,1.274850460610445e-05
Customers_1061-PNTHC,1.2721737071699648e-05
Customers_1334-PDUKM,1.2706727267419733e-05
Customers_3807-XHCJH,1.2704124148124997e-05
TotalCharges_2724.25,1.2701175728066878e-05
Customers_8065-QBYTO,1.2698026724574955e-05
Customers_2172-EJXVF,1.2695061163194324e-05
Customers_1614-JBEBI,1.2694556219498185e-05
TotalCharges_5411.65,1.268636768883595e-05
TotalCharges_1215.8,1.2685759705359566e-05
TotalCharges_7511.65,1.2678628817313921e-05
Customers_6439-LAJXL,1.2676833643000055e-05
TotalCharges_4904.2,1.267278738033675e-05
Customers_3413-DHLPB,1.2672172367991755e-05
Customers_9862-KJTYK,1.2670055244376533e-05
Customers_6921-OZMFH,1.2668772051147664e-05
TotalCharges_4016.2,1.2668538417259534e-05
TotalCharges_3450.15,1.2666087258731382e-05
TotalCharges_2341.5,1.2660248057018296e-05
Customers_4868-AADLV,1.2658025856600067e-05
TotalCharges_3608,1.2657300419415267e-05
Customers_1095-WGNGG,1.2654559902671262e-05
TotalCharges_5232.9,1.2646341053180747e-05
TotalCharges_4828.05,1.264248249558718e-05
TotalCharges_6300.85,1.2638724486394225e-05
Customers_9518-IMLHK,1.2638362706728933e-05
Customers_8313-AFGBW,1.2630558449974782e-05
TotalCharges_610.75,1.26246604599932e-05
Customers_7049-GKVZY,1.2613124071195738e-05
TotalCharges_5826.65,1.2596147671653239e-05
TotalCharges_3772.65,1.2588515576868578e-05
TotalCharges_1201.65,1.2573701961111006e-05
TotalCharges_4348.1,1.2565829530695407e-05
Customers_8707-RMEZH,1.256186305258434e-05
TotalCharges_3791.6,1.2556550421016896e-05
Customers_7516-GMHUV,1.2542406064103479e-05
TotalCharges_2136.9,1.2536750498596725e-05
Customers_7799-LGRDP,1.2509753197222508e-05
Customers_9702-AIUJO,1.2508451808805164e-05
Customers_5168-MQQCA,1.2506028123654015e-05
TotalCharges_1620.2,1.2504843644117694e-05
Customers_6821-JPCDC,1.2502026493168446e-05
TotalCharges_2888.7,1.2498133786215883e-05
TotalCharges_7181.25,1.2461305610109932e-05
Customers_4513-CXYIX,1.2456787653107283e-05
TotalCharges_3605.6,1.245126237674025e-05
Customers_6627-CFOSN,1.2448532858793055e-05
TotalCharges_1195.75,1.244163114108921e-05
Customers_4713-ZBURT,1.2432187449941046e-05
Customers_5131-PONJI,1.2426941222648663e-05
TotalCharges_1971.5,1.2418309737383615e-05
TotalCharges_3213.75,1.2412455994752453e-05
Customers_6718-BDGHG,1.2391810396577324e-05
TotalCharges_5936.55,1.2390357722153762e-05
TotalCharges_4079.55,1.2385491572031418e-05
TotalCharges_6962.85,1.2377931671374025e-05
Customers_5639-NTUPK,1.2368496421572788e-05
Customers_8454-AATJP,1.2364238781736653e-05
TotalCharges_1905.4,1.2326667696251758e-05
Customers_4010-YLMVT,1.2322221738532285e-05
TotalCharges_6518.35,1.2316114011711288e-05
TotalCharges_1367.75,1.2308716632479705e-05
Customers_9432-RUVSL,1.230548138122302e-05
TotalCharges_4914.9,1.2294292604857735e-05
TotalCharges_568.85,1.2290918903157034e-05
Customers_1335-HQMKX,1.2282711748588903e-05
TotalCharges_892.7,1.2263946165510743e-05
TotalCharges_7129.45,1.2255765515943186e-05
TotalCharges_5253.95,1.22492429710247e-05
Customers_3705-RHRFR,1.2231864196634986e-05
Customers_1685-VAYJF,1.2228893372067625e-05
TotalCharges_1500.25,1.2227917058809936e-05
Customers_3256-EZDBI,1.221939850769906e-05
Customers_4324-AHJKS,1.2213506283253815e-05
TotalCharges_7624.2,1.220675504433098e-05
TotalCharges_593.05,1.2204162795241452e-05
Customers_7595-EHCDL,1.220146592152563e-05
Customers_1353-GHZOS,1.2190989882339161e-05
TotalCharges_7251.9,1.2182572214772694e-05
TotalCharges_1287.85,1.2172047258294528e-05
TotalCharges_53.15,1.2171102375202329e-05
Customers_7661-CPURM,1.2170401475465613e-05
Customers_6353-BRMMA,1.2165758600780859e-05
Customers_4307-KWMXE,1.2146651519284745e-05
TotalCharges_1802.15,1.2134585259373006e-05
TotalCharges_747.2,1.2127995477504246e-05
TotalCharges_7227.45,1.2124499192884275e-05
Customers_3097-IDVPU,1.2118180626323567e-05
Customers_7123-WQUHX,1.2114292742807027e-05
TotalCharges_6849.4,1.2109112467625986e-05
Customers_2324-EFHVG,1.2107645746777986e-05
Customers_8799-OXZMD,1.2086016829738757e-05
Customers_4338-EYCER,1.2082625210877308e-05
TotalCharges_5948.7,1.2080548141328118e-05
TotalCharges_1652.1,1.2072173822104033e-05
TotalCharges_1912.15,1.207044863040864e-05
Customers_7470-DYNOE,1.2059626192800845e-05
TotalCharges_5567.45,1.2058314787321188e-05
Customers_9715-SBVSU,1.2044257787038816e-05
Customers_4043-MKDTV,1.2042861585063486e-05
TotalCharges_6840.95,1.2038060326998046e-05
TotalCharges_492,1.2011488047632998e-05
TotalCharges_2820.65,1.2009921523190114e-05
TotalCharges_1536.75,1.2003903651328106e-05
TotalCharges_950.75,1.198960042991428e-05
Customers_9928-BZVLZ,1.1978658364515216e-05
TotalCharges_6843.15,1.197860938403103e-05
TotalCharges_7266.95,1.1971683015170763e-05
Customers_0020-INWCK,1.1968758617251767e-05
Customers_0895-UADGO,1.1968533113052047e-05
Customers_2904-GGUAZ,1.1966735730585173e-05
Customers_9137-UIYPG,1.1966203366195127e-05
TotalCharges_1516.6,1.1964039408294171e-05
Customers_9845-PEEKO,1.1942948858223344e-05
TotalCharges_7138.65,1.1938649513906312e-05
Customers_4274-DRSQT,1.1937070341045093e-05
Customers_7954-MLBUN,1.193535586452228e-05
Customers_1121-QSIVB,1.1935102424352494e-05
TotalCharges_908.75,1.192650545048105e-05
TotalCharges_3876.2,1.1924300302957018e-05
Customers_8663-UPDGF,1.1914883303170128e-05
Customers_6705-LNMDD,1.1908216888526472e-05
Customers_3221-CJMSG,1.1904121140260849e-05
TotalCharges_6912.7,1.1885266307589212e-05
Customers_1297-VQDRP,1.1882126368978777e-05
Customers_1448-CYWKC,1.1872035026690596e-05
TotalCharges_3687.75,1.1863623443448965e-05
TotalCharges_6225.4,1.1853517557292426e-05
TotalCharges_1156.35,1.1845133290416305e-05
Customers_7088-FBAWU,1.1841614647337314e-05
TotalCharges_831.75,1.1831653462231504e-05
TotalCharges_2877.05,1.1824109431615908e-05
Customers_2576-HXMPA,1.1822903743547034e-05
Customers_4049-ZPALD,1.1812817285172198e-05
TotalCharges_1265.65,1.1808508396771041e-05
Customers_5619-PTMIK,1.1808428274288539e-05
TotalCharges_5969.3,1.1805212482963714e-05
Customers_1891-QRQSA,1.1801487218161958e-05
Customers_9174-IHETN,1.179421263692876e-05
Customers_9839-ETQOE,1.1792851791337647e-05
Customers_2045-BMBTJ,1.1785661363741306e-05
Customers_2220-IAHLS,1.1783243146320007e-05
Customers_7673-LPRNY,1.178194237169309e-05
Customers_7797-EJMDP,1.1780103727831118e-05
Customers_6121-TNHBO,1.1774224676758438e-05
TotalCharges_6869.7,1.1765946598864004e-05
TotalCharges_5487,1.1761857703680997e-05
TotalCharges_5327.25,1.1739881366437231e-05
Customers_8495-LJDFO,1.1730079665010196e-05
TotalCharges_4590.35,1.1729487925393235e-05
Customers_3537-RYBHH,1.1712664389559164e-05
Customers_3016-KSVCP,1.1704148397476572e-05
Customers_8952-WCVCD,1.1699926194263773e-05
Customers_4611-ANLQC,1.1696481238579693e-05
Customers_2434-EEVDB,1.1687342838263346e-05
TotalCharges_957.1,1.1685967399597379e-05
Customers_8080-POTJR,1.1656711506889828e-05
Customers_8465-SBRXP,1.1648693071920905e-05
Customers_1552-AAGRX,1.1637983844021568e-05
Customers_9577-WJVCQ,1.1626301283839953e-05
TotalCharges_5044.8,1.1624749964581814e-05
Customers_1017-FBQMM,1.1616976138326255e-05
TotalCharges_3132.75,1.160212298661038e-05
TotalCharges_2852.4,1.160054602095552e-05
TotalCharges_256.6,1.159206561051859e-05
TotalCharges_6692.65,1.1584145095084684e-05
TotalCharges_5681.1,1.1580672413731038e-05
Customers_2616-UUTFK,1.1560243447197905e-05
Customers_4177-JPDFU,1.1556351394912e-05
TotalCharges_6989.45,1.1543246759883334e-05
Customers_9938-TKDGL,1.1531070383297884e-05
Customers_9481-IEBZY,1.1523825857663746e-05
Customers_8149-RSOUN,1.1523600900656553e-05
TotalCharges_6052.25,1.1519260350425983e-05
Customers_2073-QBVBI,1.1512806565272319e-05
Customers_9828-QHFBK,1.150242080535363e-05
Customers_3890-RTCMS,1.1502031499141592e-05
TotalCharges_2684.85,1.148782064117014e-05
TotalCharges_37.2,1.148765039889365e-05
Customers_3597-YASZG,1.1485436443943007e-05
TotalCharges_1144.6,1.1484095988178562e-05
TotalCharges_2633.95,1.1472275071840681e-05
Customers_7075-BNDVQ,1.1459801341054424e-05
Customers_0396-HUJBP,1.1455206527952236e-05
Customers_2133-TSRRM,1.1446830164898322e-05
TotalCharges_93.55,1.1439397856461045e-05
Customers_7587-AOVVU,1.1428575312125889e-05
Customers_1229-RCALF,1.1419460727571151e-05
TotalCharges_2928.5,1.1418131140633966e-05
TotalCharges_1830.1,1.1411080241284447e-05
TotalCharges_559.2,1.1410668588209694e-05
TotalCharges_692.35,1.1398855949980909e-05
Customers_5590-ZSKRV,1.139400476799144e-05
Customers_2430-RRYUW,1.1393065525620778e-05
Customers_6244-BESBM,1.1387362144221947e-05
TotalCharges_2423.4,1.1382169459337754e-05
TotalCharges_3985.35,1.1380715541878088e-05
TotalCharges_552.7,1.1372866898121419e-05
Customers_5802-ADBRC,1.1370771994833512e-05
Customers_5090-EMGTC,1.1366054847145905e-05
TotalCharges_4174.35,1.1353664899205424e-05
Customers_7765-LWVVH,1.1338212268545572e-05
Customers_3154-CFSZG,1.1337479592459045e-05
TotalCharges_1125.2,1.1334147713819629e-05
TotalCharges_5718.2,1.1333471962902438e-05
TotalCharges_7195.35,1.1329170227167914e-05
Customers_7089-XXAYG,1.132858809933814e-05
TotalCharges_6631.85,1.130066932969257e-05
TotalCharges_3616.25,1.129442853886852e-05
Customers_3898-BSJYF,1.1269161111754136e-05
Customers_4057-FKCZK,1.1266473509423093e-05
TotalCharges_1653.45,1.1258349488135785e-05
TotalCharges_2058.5,1.1254268214312621e-05
Customers_0392-BZIUW,1.122849529683268e-05
Customers_9488-FYQAU,1.1223496257350838e-05
Customers_5343-SGUBI,1.1219848450404249e-05
TotalCharges_1834.15,1.121656134500623e-05
TotalCharges_482.25,1.1208927615831665e-05
TotalCharges_4532.3,1.1205731056193734e-05
TotalCharges_348.8,1.1203517119645018e-05
TotalCharges_927.65,1.1202044035442287e-05
TotalCharges_3870.3,1.1184258545709278e-05
Customers_2200-DSAAL,1.1171601141572403e-05
TotalCharges_2979.3,1.1169207164176316e-05
TotalCharges_1985.15,1.116603678115305e-05
Customers_2578-JQPHZ,1.116424945267025e-05
TotalCharges_3946.9,1.1145440724440538e-05
TotalCharges_3533.6,1.1140128459527248e-05
TotalCharges_1725.95,1.1136183995064547e-05
TotalCharges_7159.7,1.1132930242187845e-05
Customers_4833-QTJNO,1.1132296760422901e-05
Customers_1183-CANVH,1.112340785422975e-05
Customers_1839-UMACK,1.112167829131203e-05
Customers_0292-WEGCH,1.1118584948522545e-05
TotalCharges_5121.75,1.1118583841773983e-05
TotalCharges_3187.65,1.111371905354571e-05
Customers_9076-AXYIK,1.110158865437879e-05
Customers_2851-MMUTZ,1.1088179703886249e-05
Customers_5954-BDFSG,1.1080230578275209e-05
Customers_5174-ITUMV,1.1080135441893062e-05
TotalCharges_1269.6,1.1077783349439398e-05
TotalCharges_1022.5,1.1077689104363889e-05
Customers_9609-BENEA,1.1075392842674228e-05
TotalCharges_7053.35,1.1069516172972564e-05
Customers_9350-VLHMB,1.1066931065975353e-05
Customers_6476-YHMGA,1.1062473297743115e-05
Customers_7808-DVWEP,1.1060021691922976e-05
Customers_8111-BKVDS,1.1050295622745438e-05
TotalCharges_6375.8,1.1049957267762099e-05
TotalCharges_946.95,1.1041274627528417e-05
TotalCharges_91.4,1.1038989553379063e-05
Customers_1004-NOZNR,1.1019265124173228e-05
Customers_8999-XXGNS,1.1018518878168939e-05
Customers_4328-VUFWD,1.098512535191898e-05
Customers_8905-IAZPF,1.0983951881120715e-05
TotalCharges_970.4,1.0969743255383507e-05
TotalCharges_6844.5,1.096844581917596e-05
TotalCharges_52,1.0956793551753e-05
Customers_1352-VHKAJ,1.0955963387916796e-05
Customers_7722-CVFXN,1.0943237880316126e-05
Customers_1060-ENTOF,1.0932183652003769e-05
TotalCharges_5969.85,1.0921140576520137e-05
TotalCharges_285.2,1.0898407317656948e-05
Customers_2911-IJORQ,1.0895591449461138e-05
Customers_9677-AVKED,1.0895274143682828e-05
Customers_8845-LWKGE,1.0894792600731605e-05
TotalCharges_3024.15,1.088768737895342e-05
Customers_3417-TSCIC,1.0886077282410787e-05
Customers_2792-VPPET,1.0868784727961778e-05
TotalCharges_438.9,1.0862189215459263e-05
TotalCharges_693.3,1.0858380411081872e-05
TotalCharges_718.1,1.0835864107845638e-05
TotalCharges_1258.35,1.083217207607777e-05
Customers_0136-IFMYD,1.0829412453744267e-05
Customers_0960-HUWBM,1.0819690159904367e-05
TotalCharges_3470.8,1.0798125409916954e-05
Customers_6873-UDNLD,1.078519118354797e-05
TotalCharges_5588.8,1.0772129770233694e-05
TotalCharges_7719.5,1.0771855547043101e-05
TotalCharges_1626.05,1.0765484675761196e-05
TotalCharges_651.55,1.0764666264873532e-05
Customers_3126-WQMGH,1.075350891552691e-05
Customers_3850-OKINF,1.0749212098861887e-05
TotalCharges_6129.65,1.0748063981818688e-05
TotalCharges_41.2,1.0738675718817978e-05
TotalCharges_7334.05,1.0738270714303103e-05
Customers_1150-FTQGN,1.073649879488653e-05
Customers_4282-MSACW,1.0734743794224436e-05
TotalCharges_442.45,1.0729912567215066e-05
Customers_0285-INHLN,1.0729483490789131e-05
TotalCharges_7623.2,1.0720043075391557e-05
TotalCharges_3974.7,1.0712683559401379e-05
TotalCharges_2212.55,1.0698711872067321e-05
TotalCharges_1416.2,1.0688221727309466e-05
Customers_0580-PIQHM,1.0685205946612117e-05
TotalCharges_5424.25,1.0670604970608202e-05
Customers_4323-OHFOW,1.0668943174250171e-05
Customers_1134-YWTYF,1.066747962401221e-05
Customers_5150-LJNSR,1.066016514040459e-05
TotalCharges_3471.1,1.0658617502847086e-05
TotalCharges_1888.45,1.0653200171353388e-05
Customers_6635-CPNUN,1.0640057391454512e-05
Customers_0215-BQKGS,1.0634612359467584e-05
Customers_9708-KFDBY,1.0624111318909687e-05
TotalCharges_5598,1.0614217811551429e-05
Customers_0946-FKYTX,1.0608367269953608e-05
TotalCharges_4669.2,1.0604445365366997e-05
Customers_6981-TDRFT,1.059282691996298e-05
TotalCharges_6430.9,1.0581380232204084e-05
Customers_0655-YDGFJ,1.0576189653438465e-05
TotalCharges_7862.25,1.0572813516767995e-05
Customers_8565-HBFNN,1.0571306217206108e-05
TotalCharges_7039.05,1.056504439248115e-05
TotalCharges_8061.5,1.0563481797690447e-05
TotalCharges_4113.15,1.0562129735333131e-05
TotalCharges_1267.2,1.055631687788049e-05
Customers_4987-GQWPO,1.0554755819125412e-05
Customers_0872-JCPIB,1.053842344912351e-05
Customers_5651-CRHKQ,1.0529486738422598e-05
TotalCharges_7365.7,1.052929102121505e-05
TotalCharges_5031.85,1.0529095434954707e-05
TotalCharges_7099,1.0521375679594738e-05
TotalCharges_7349.35,1.0506986952090145e-05
TotalCharges_1375.6,1.0503481066817618e-05
TotalCharges_772.85,1.0501940665295423e-05
TotalCharges_4539.35,1.0496159547288401e-05
TotalCharges_4862.5,1.0485264014120032e-05
TotalCharges_6770.5,1.0484593293348738e-05
Customers_9391-DXGGG,1.0481981220732079e-05
TotalCharges_25.4,1.0475278427845912e-05
Customers_3258-SYSWS,1.0475019654656846e-05
Customers_4646-QZXTF,1.047125892811503e-05
TotalCharges_3157,1.0468377888831463e-05
TotalCharges_6603.8,1.0464659337980218e-05
TotalCharges_2015.8,1.0463984719871646e-05
Customers_4903-CNOZC,1.0441799019328776e-05
TotalCharges_6077.75,1.0439653472010249e-05
TotalCharges_1004.75,1.043194299047163e-05
Customers_0442-ZXKVS,1.0431540419946461e-05
Customers_7839-NUIAA,1.0429853814111433e-05
TotalCharges_6118.95,1.0421203057705889e-05
TotalCharges_1391.65,1.0406872094781791e-05
Customers_7208-PSIHR,1.0404483990669596e-05
TotalCharges_2080.1,1.0403912953868249e-05
Customers_8091-TTVAX,1.0390102756091553e-05
Customers_7143-BQIBA,1.0386888034071408e-05
Customers_0083-PIVIK,1.0378637403971085e-05
TotalCharges_1655.35,1.037295812388869e-05
TotalCharges_4576.3,1.0372593344434276e-05
TotalCharges_780.85,1.0370505549948473e-05
Customers_8318-LCNBW,1.0366191683835143e-05
TotalCharges_6700.05,1.0361420851923607e-05
Customers_7940-UQQUG,1.0350905618025133e-05
TotalCharges_2766.4,1.0350295844187997e-05
Customers_9297-FVVDH,1.0331230896020185e-05
TotalCharges_2548.55,1.033105637814958e-05
TotalCharges_6139.5,1.0324788575903393e-05
TotalCharges_4267.15,1.0322832974815873e-05
Customers_1088-CNNKB,1.0303747726115605e-05
Customers_0815-MFZGM,1.0301602221675736e-05
Customers_5327-XOKKY,1.0280083086757103e-05
Customers_2887-JPYLU,1.027204325879652e-05
Customers_1696-MZVAU,1.0271909290550951e-05
TotalCharges_3641.5,1.0260755638414006e-05
Customers_2419-FSORS,1.0260260823407599e-05
TotalCharges_4438.2,1.0251911770513845e-05
Customers_6469-MRVET,1.0248933943413041e-05
Customers_1337-BOZWO,1.024835493454689e-05
Customers_2898-MRKPI,1.0237831494385725e-05
TotalCharges_2854.95,1.0237573970092236e-05
TotalCharges_6273.4,1.0235082552482965e-05
Customers_6827-IEAUQ,1.0218870470706877e-05
Customers_6869-FGJJC,1.0215764700064035e-05
Customers_7570-WELNY,1.0213616032357623e-05
TotalCharges_7578.05,1.021309823826375e-05
TotalCharges_6671.7,1.0210715365860362e-05
TotalCharges_4018.05,1.0205214275711264e-05
Customers_1173-NOEYG,1.0194670998779842e-05
Customers_4939-KYYPY,1.0189824161904184e-05
Customers_0602-DDUML,1.0187082392773931e-05
TotalCharges_2743.45,1.0182486847201352e-05
TotalCharges_5420.65,1.018183879884156e-05
Customers_8041-TMEID,1.0179139421982091e-05
Customers_2580-ASVVY,1.0177373062974841e-05
Customers_9959-WOFKT,1.0176848699702735e-05
TotalCharges_1296.8,1.0160544608118693e-05
Customers_9770-LXDBK,1.015984986880112e-05
Customers_0699-NDKJM,1.0155982499037352e-05
TotalCharges_727.85,1.015304540981356e-05
Customers_5756-JYOJT,1.0152511336685972e-05
Customers_6633-SYEUS,1.0136577968365544e-05
TotalCharges_6725.3,1.0133880767748332e-05
Customers_5872-OEQNH,1.012712421935584e-05
TotalCharges_2230.85,1.011483947333219e-05
TotalCharges_249.55,1.011408098392297e-05
TotalCharges_7880.25,1.0107652722799511e-05
Customers_5815-HGGHV,1.0106335432623378e-05
TotalCharges_1071.4,1.009704501935366e-05
TotalCharges_8071.05,1.0083827312586361e-05
Customers_5294-IMHHT,1.0080861703421386e-05
TotalCharges_867.1,1.0078947435106513e-05
Customers_0266-CLZKZ,1.0060928829447277e-05
TotalCharges_2438.6,1.004919723270183e-05
TotalCharges_5116.6,1.0042920615623827e-05
Customers_3097-PYWXL,1.0029757351542694e-05
Customers_8350-NYMVI,1.0027522871401064e-05
TotalCharges_3721.9,1.0026636584910792e-05
TotalCharges_5563.65,1.0025473077692723e-05
Customers_4837-QUSFT,1.0021926258048775e-05
Customers_9052-VKDUW,1.0018152901661006e-05
Customers_7672-VFMXZ,1.0013509584639883e-05
Customers_6576-FBXOJ,1.0012703838444673e-05
Customers_2577-GVSIL,1.0005298013853305e-05
Customers_8017-UVSZU,9.997668806527647e-06
Customers_7856-GANIL,9.986174651570997e-06
TotalCharges_4900.65,9.986025717274487e-06
Customers_8220-OCUFY,9.983712316602286e-06
Customers_1735-XMJVH,9.982838731283617e-06
Customers_9833-TGFHX,9.982098565285928e-06
TotalCharges_5637.85,9.981953125823937e-06
Customers_5376-PCKNB,9.976146652090247e-06
Customers_1518-OMDIK,9.960587475731605e-06
TotalCharges_132.25,9.951270442880645e-06
TotalCharges_4323.35,9.949939757119373e-06
TotalCharges_7459,9.948464190803104e-06
TotalCharges_1462.6,9.946007228017717e-06
Customers_3642-GKTCT,9.937626823072486e-06
TotalCharges_7475.1,9.919786923809805e-06
Customers_2469-DTSGX,9.910700627603997e-06
Customers_7013-PSXHK,9.906021579351707e-06
Customers_5730-RIITO,9.905377626704291e-06
Customers_7025-IWFHT,9.902036390814437e-06
TotalCharges_5711.05,9.901831501757123e-06
TotalCharges_554.45,9.901374184973846e-06
Customers_5478-JJVZK,9.90037940887383e-06
TotalCharges_1031.4,9.897574177628713e-06
TotalCharges_1494.5,9.88582341808662e-06
TotalCharges_435.45,9.88140537515537e-06
TotalCharges_4392.5,9.879631627282549e-06
Customers_3450-WXOAT,9.872433205888799e-06
TotalCharges_1815,9.869459558684188e-06
TotalCharges_1497.05,9.853972851934845e-06
TotalCharges_1406.9,9.8528069232177e-06
Customers_6416-JNVRK,9.852534694351275e-06
Customers_3845-FXCYS,9.850362650376631e-06
Customers_4023-RTIQM,9.843257116243358e-06
Customers_0862-PRCBS,9.840988876453017e-06
Customers_9555-SAHUZ,9.832567861175614e-06
TotalCharges_432.25,9.832365261816127e-06
TotalCharges_6431.05,9.830605553841221e-06
TotalCharges_3009.5,9.826864601009914e-06
TotalCharges_2909.95,9.826256186098628e-06
TotalCharges_550.35,9.821394492702725e-06
TotalCharges_5656.75,9.819075051832552e-06
TotalCharges_4295.35,9.81532235757719e-06
Customers_2475-MROZF,9.809884940956504e-06
Customers_1402-PTHGN,9.80140163348443e-06
TotalCharges_7758.9,9.789786393421826e-06
TotalCharges_2830.45,9.775297315819763e-06
TotalCharges_6993.65,9.766335442356281e-06
Customers_1794-SWWKL,9.764180317778453e-06
TotalCharges_6595,9.760020565971086e-06
Customers_4525-VZCZG,9.75011942183323e-06
TotalCharges_1663.75,9.743502094860202e-06
TotalCharges_130.5,9.741557417553547e-06
Customers_9496-IVVRP,9.735032477024118e-06
Customers_3736-BLEPA,9.73474416458658e-06
Customers_5256-SKJGO,9.73373471577634e-06
TotalCharges_7930.55,9.717523713852665e-06
TotalCharges_5206.55,9.708550858467754e-06
TotalCharges_7118.9,9.699999789208367e-06
TotalCharges_7362.9,9.698144553210176e-06
Customers_7718-UPSKJ,9.69750774883659e-06
Customers_3059-NGMXB,9.69733504025601e-06
TotalCharges_2583.75,9.69222626952839e-06
TotalCharges_7030.65,9.687791417431974e-06
TotalCharges_3435.6,9.684005471271513e-06
TotalCharges_2196.45,9.682752793044106e-06
Customers_3340-QBBFM,9.680170259142292e-06
TotalCharges_2549.1,9.67807202302271e-06
TotalCharges_2907.55,9.666635557558435e-06
TotalCharges_4368.85,9.660384138307058e-06
TotalCharges_1652.95,9.642712584410844e-06
TotalCharges_6172,9.625659785211276e-06
Customers_5084-OOVCJ,9.614344453158584e-06
Customers_4849-PYRLQ,9.610051591990879e-06
TotalCharges_6819.45,9.603209643587368e-06
TotalCharges_6717.9,9.601577122872278e-06
Customers_8879-XUAHX,9.601127620318517e-06
TotalCharges_7942.15,9.591813660074992e-06
Customers_2108-GLPQB,9.582540649565763e-06
Customers_9763-GRSKD,9.573803654607375e-06
TotalCharges_6721.6,9.571839165993684e-06
TotalCharges_2427.1,9.57008524151841e-06
Customers_3259-QMXUN,9.569253952174122e-06
TotalCharges_3673.15,9.544564229203314e-06
TotalCharges_2215.45,9.539633778335016e-06
TotalCharges_39.3,9.517323953101263e-06
TotalCharges_4449.75,9.514794029789484e-06
TotalCharges_299.05,9.514747331913634e-06
TotalCharges_5733.4,9.512603253791634e-06
TotalCharges_1045.25,9.511516096872293e-06
Customers_6257-DTAYD,9.507924814834858e-06
TotalCharges_5289.05,9.50734022616182e-06
TotalCharges_3165.6,9.505873448799519e-06
TotalCharges_1929.95,9.487971295441574e-06
Customers_5160-UXJED,9.485922441043803e-06
TotalCharges_2522.4,9.48581153001553e-06
TotalCharges_246.6,9.479856335815792e-06
Customers_9134-WYRVP,9.479593190911808e-06
TotalCharges_2019.8,9.478336175444805e-06
TotalCharges_5299.65,9.475701536474201e-06
Customers_2988-QRAJY,9.459669794378659e-06
TotalCharges_6383.9,9.454089702233464e-06
TotalCharges_1312.45,9.449137403723994e-06
TotalCharges_5475.9,9.44874001086246e-06
TotalCharges_5264.3,9.448167852728385e-06
Customers_3410-MHHUM,9.441659003242004e-06
TotalCharges_4135,9.427742706935434e-06
Customers_1452-XRSJV,9.412485436646283e-06
TotalCharges_1187.05,9.411877071966819e-06
Customers_4350-ZTLPI,9.404110012386721e-06
TotalCharges_2832.75,9.403455114183395e-06
TotalCharges_934.8,9.402257669599574e-06
Customers_9592-ERDKV,9.39279068324433e-06
TotalCharges_5073.1,9.38772199769744e-06
TotalCharges_5432.2,9.38499269924002e-06
TotalCharges_1119.35,9.378416708607052e-06
TotalCharges_62.9,9.3765085281818e-06
TotalCharges_1558.65,9.364914659001104e-06
Customers_0822-QGCXA,9.363184302350714e-06
TotalCharges_4964.7,9.363167311082027e-06
TotalCharges_5611.75,9.358644302099445e-06
Customers_8760-ZRHKE,9.35654700738288e-06
Customers_9938-EKRGF,9.35346288290078e-06
TotalCharges_6185.15,9.341729567332165e-06
Customers_7605-SNLQG,9.330987773303922e-06
TotalCharges_1266.35,9.311768503981273e-06
TotalCharges_1315.35,9.308920881521113e-06
Customers_6549-BTYPG,9.307321202114911e-06
TotalCharges_610.2,9.29988276754658e-06
Customers_2316-ESMLS,9.297341633575896e-06
Customers_7901-IIDQV,9.296480785305232e-06
Customers_3714-XPXBW,9.293373116718512e-06
Customers_2499-AJYUA,9.292623725202343e-06
Customers_1573-LGXBA,9.291401307173008e-06
Customers_7409-JURKQ,9.282325509331649e-06
Customers_8133-ANHHJ,9.2808504916836e-06
Customers_9554-DFKIC,9.274287052005988e-06
Customers_5206-HPJKM,9.27341171895159e-06
TotalCharges_2209.15,9.260771987565144e-06
TotalCharges_3094.65,9.241968602665585e-06
TotalCharges_4220.35,9.235813928692532e-06
Customers_3402-XRIUO,9.22962529980048e-06
TotalCharges_4378.35,9.229219692203065e-06
Customers_6732-FZUGP,9.227607751480087e-06
TotalCharges_603,9.225134219001038e-06
TotalCharges_3420.5,9.219110735617102e-06
Customers_2775-SEFEE,9.211516503541096e-06
Customers_4929-ROART,9.20549802915143e-06
Customers_9818-XQCUV,9.205187205125238e-06
Customers_6067-NGCEU,9.198128139308074e-06
TotalCharges_678.75,9.196948522577491e-06
Customers_9101-NTIXF,9.187849109300299e-06
TotalCharges_1387.35,9.186608529467727e-06
Customers_7740-BTPUX,9.185273257540843e-06
Customers_9894-QMIMJ,9.184511709872772e-06
Customers_3327-YBAKM,9.184183164424375e-06
Customers_1421-HCERK,9.178204086266202e-06
Customers_3470-BTGQO,9.175451657385748e-06
TotalCharges_2379.1,9.168676902726765e-06
TotalCharges_3704.15,9.159305912570439e-06
TotalCharges_5333.35,9.15338335920845e-06
Customers_5309-TAIKL,9.150649496225623e-06
TotalCharges_1593.1,9.148097168638315e-06
TotalCharges_4981.15,9.140580212376788e-06
TotalCharges_1055.9,9.138475012746852e-06
TotalCharges_2606.35,9.126063615828368e-06
Customers_5913-INRQV,9.12467858056127e-06
Customers_3824-RHKVR,9.12449020618736e-06
TotalCharges_469.25,9.122637369769264e-06
TotalCharges_7133.45,9.112019785450205e-06
TotalCharges_5012.1,9.099716028231355e-06
TotalCharges_1190.5,9.086036505146476e-06
Customers_5056-FIMPT,9.074542947450225e-06
Customers_8707-HOEDG,9.065559115606675e-06
Customers_2636-SJDOU,9.058447730471405e-06
Customers_4616-ULAOA,9.053766999282986e-06
Customers_1544-JJMYL,9.050758995261589e-06
TotalCharges_5301.1,9.044804770611935e-06
TotalCharges_7953.25,9.039424418625557e-06
Customers_6778-EICRF,9.032895294450095e-06
Customers_5067-XJQFU,9.031321952660656e-06
TotalCharges_1370.35,9.028734188712532e-06
Customers_6295-OSINB,9.02682527935555e-06
Customers_7841-FCRQD,9.02237669038454e-06
Customers_5724-BIDBU,9.020842206831443e-06
Customers_4476-OSWTN,9.015719341287234e-06
Customers_8100-HZZLJ,9.012250762096498e-06
TotalCharges_2168.9,8.989278590915475e-06
Customers_3195-TQDZX,8.985072636317382e-06
TotalCharges_742.9,8.984088364960949e-06
TotalCharges_3522.65,8.981442178555977e-06
Customers_9746-MDMBK,8.97777447060005e-06
TotalCharges_48.35,8.969051172846835e-06
TotalCharges_4614.55,8.964550952012661e-06
Customers_3156-QLHBO,8.962135236265356e-06
Customers_6838-YAUVY,8.956576158594769e-06
Customers_8050-WYBND,8.941654974192095e-06
TotalCharges_5809.75,8.934507159756754e-06
Customers_2826-UWHIS,8.92053436013808e-06
TotalCharges_1291.35,8.918668925175666e-06
TotalCharges_3923.8,8.916148889520126e-06
Customers_0689-DSXGL,8.914372053506721e-06
Customers_6574-MCOEH,8.900277066966137e-06
Customers_2680-XKKNJ,8.896978223569836e-06
Customers_0620-XEFWH,8.895957945699373e-06
Customers_5214-NLTIT,8.885837754880155e-06
TotalCharges_144.95,8.881737664510972e-06
Customers_4083-BFNYK,8.878842975759684e-06
Customers_9342-VNIMQ,8.877910364880376e-06
TotalCharges_4860.35,8.87671798506027e-06
Customers_9388-ZEYVT,8.875499178991905e-06
TotalCharges_4179.1,8.870553689944876e-06
TotalCharges_465.7,8.864589992528515e-06
TotalCharges_4786.15,8.860279711130146e-06
Customers_7163-OCEQI,8.858506143809973e-06
Customers_5448-VWNAM,8.857185337230623e-06
TotalCharges_690.5,8.854261103248963e-06
TotalCharges_3085.35,8.853692333707736e-06
Customers_2303-PJYHN,8.84808455262761e-06
TotalCharges_2651.1,8.843772275427793e-06
TotalCharges_4191.45,8.840198115033712e-06
Customers_7989-AWGEH,8.833338780349196e-06
Customers_2338-BQEZT,8.829080822630201e-06
TotalCharges_7365.3,8.824890666822505e-06
TotalCharges_6001.45,8.820447671112076e-06
Customers_6620-JDYNW,8.81155872710418e-06
Customers_0458-HEUZG,8.811309309106334e-06
TotalCharges_2243.9,8.808449947461528e-06
Customers_0218-QNVAS,8.798547675999373e-06
Customers_5110-CHOPY,8.794612103227958e-06
TotalCharges_1439.35,8.784425621665356e-06
TotalCharges_7840.6,8.78225317824802e-06
Customers_0813-TAXXS,8.78073158237684e-06
Customers_7382-DFJTU,8.774929217872035e-06
Customers_4374-YMUSQ,8.772508807498389e-06
Customers_9139-TWBAS,8.767355545268082e-06
Customers_9619-GSATL,8.749813448124345e-06
Customers_8169-SAEJD,8.735561220423374e-06
TotalCharges_702.05,8.73421684087942e-06
TotalCharges_8022.85,8.731030644544423e-06
Customers_1135-HIORI,8.726467441697495e-06
Customers_0795-GMVQO,8.726416280744407e-06
Customers_3422-WJOYD,8.721820189868334e-06
Customers_7629-WFGLW,8.713077922584198e-06
Customers_9058-HRZSV,8.698096370666813e-06
Customers_1813-JYWTO,8.697442091354323e-06
Customers_5018-HEKFO,8.68781966404878e-06
Customers_9391-LMANN,8.685994703194255e-06
TotalCharges_7932.5,8.680974130140686e-06
Customers_5562-YJQGT,8.673679305715252e-06
Customers_9146-JRIOX,8.672794140928935e-06
TotalCharges_3126.45,8.669879239842845e-06
Customers_6738-ISCBM,8.66911122777194e-06
Customers_6250-CGGUN,8.658991837461729e-06
Customers_9086-YJYXS,8.653295521052079e-06
Customers_1202-KKGFU,8.646341555992851e-06
TotalCharges_264.8,8.642048006301231e-06
TotalCharges_3551.65,8.636424227394173e-06
Customers_1371-WEPDS,8.633840295825479e-06
Customers_4423-JWZJN,8.62977689877522e-06
Customers_6475-VHUIZ,8.609427977736794e-06
TotalCharges_6000.1,8.609136294944543e-06
TotalCharges_6066.55,8.607416536613555e-06
Customers_0523-VNGTF,8.601275693004719e-06
Customers_5197-PYEPU,8.600516910339757e-06
TotalCharges_947.75,8.579874958659944e-06
Customers_2284-VFLKH,8.57519387364024e-06
Customers_8006-PYCSW,8.567124631346885e-06
TotalCharges_750.1,8.561198382924352e-06
TotalCharges_2033.05,8.549016559264643e-06
TotalCharges_931.9,8.547956525293587e-06
Customers_0239-OXEXL,8.540921938372481e-06
Customers_9571-EDEBV,8.538019158048966e-06
Customers_0842-IWYCP,8.535911194143576e-06
Customers_4367-NUYAO,8.531843079069363e-06
Customers_7078-NVFAM,8.525206778775943e-06
TotalCharges_1441.8,8.51998959101542e-06
Customers_0237-YFUTL,8.518100616873634e-06
TotalCharges_4968,8.517446279627878e-06
Customers_3374-TTZTK,8.51460454121999e-06
TotalCharges_3364.55,8.512003301891132e-06
Customers_3580-HYCSP,8.511464049112264e-06
Customers_9798-DRYDS,8.502117413582598e-06
Customers_0068-FIGTF,8.501714050974204e-06
TotalCharges_5817,8.478076541527906e-06
Customers_9099-FTUHS,8.47649671072149e-06
TotalCharges_1540.2,8.47452602064625e-06
Customers_2039-JONDJ,8.471853745313954e-06
Customers_7781-EWARA,8.468891567916716e-06
TotalCharges_6668.35,8.466116809008575e-06
TotalCharges_4442.75,8.465130729473678e-06
TotalCharges_5265.5,8.46193483460994e-06
TotalCharges_4631.7,8.453693830647882e-06
Customers_9039-ZVJDC,8.43004541276563e-06
Customers_0080-EMYVY,8.42231398335665e-06
Customers_9909-IDLEK,8.418497400657474e-06
TotalCharges_1837.9,8.409411846801639e-06
Customers_8474-UMLNT,8.407729430421974e-06
TotalCharges_6549.45,8.40677341085518e-06
Customers_8788-DOXSU,8.402569935250851e-06
TotalCharges_5645.8,8.396398833915632e-06
TotalCharges_6841.45,8.395643201888037e-06
Customers_4667-QONEA,8.394271010373109e-06
Customers_6791-YBNAK,8.393940446455991e-06
Customers_2558-BUOZZ,8.387870290855628e-06
Customers_8348-JLBUG,8.383189926582844e-06
Customers_9500-WBGRP,8.37984697137957e-06
Customers_0584-BJQGZ,8.374860194975518e-06
TotalCharges_4116.8,8.368507085233731e-06
TotalCharges_1931.3,8.360964867222945e-06
TotalCharges_2618.3,8.346910635202566e-06
Customers_0197-PNKNK,8.325996103313166e-06
Customers_4726-DLWQN,8.322363861510474e-06
TotalCharges_962.9,8.310981638404868e-06
Customers_6728-DKUCO,8.30949649732156e-06
TotalCharges_733.95,8.295386059408084e-06
TotalCharges_7082.5,8.294361300978983e-06
Customers_8562-GHPPI,8.294187159782603e-06
TotalCharges_955.6,8.292842823190277e-06
Customers_0103-CSITQ,8.28671153577876e-06
TotalCharges_6460.55,8.281450231455593e-06
Customers_0454-OKRCT,8.277398637002982e-06
TotalCharges_1023.75,8.275675095833905e-06
TotalCharges_56,8.275526520139164e-06
Customers_1064-FBXNK,8.273984811387689e-06
Customers_2696-ECXKC,8.270748231839843e-06
Customers_9036-CSKBW,8.26773393520787e-06
TotalCharges_5535.8,8.263008592785465e-06
TotalCharges_1406,8.25531623005048e-06
Customers_5681-LLOEI,8.25501951684801e-06
TotalCharges_5839.3,8.253024902162366e-06
Customers_6242-FEGFD,8.239499107463468e-06
Customers_4906-ZHGPK,8.239464314120457e-06
Customers_4926-UMJZD,8.238913488997298e-06
TotalCharges_1801.1,8.234885216039076e-06
TotalCharges_3219.75,8.224946818800522e-06
TotalCharges_6654.1,8.222216144334415e-06
Customers_5307-UVGNB,8.218026553488366e-06
TotalCharges_2441.7,8.212321232543343e-06
Customers_4654-DLAMQ,8.210222324699506e-06
Customers_6202-DYYFX,8.205265796756876e-06
TotalCharges_6687.85,8.202988393229699e-06
TotalCharges_6565.85,8.202009522007295e-06
TotalCharges_1910.75,8.198849043605941e-06
TotalCharges_2656.3,8.192849276952194e-06
Customers_9589-ABEPT,8.180439577989752e-06
TotalCharges_4738.85,8.180297503924746e-06
Customers_8984-HPEMB,8.17787140628737e-06
Customers_7753-USQYQ,8.172579980557782e-06
Customers_1303-SRDOK,8.167612905571854e-06
Customers_7758-UJWYS,8.159068856483011e-06
Customers_6211-WWLTF,8.154940321852703e-06
TotalCharges_7472.15,8.139197716358578e-06
Customers_6339-TBELP,8.138660808418658e-06
TotalCharges_4917.75,8.137007684752478e-06
TotalCharges_5848.6,8.135799905927653e-06
Customers_2272-JKMSI,8.133717686937272e-06
Customers_7244-QWYHG,8.128336461843693e-06
TotalCharges_5706.3,8.125323995165248e-06
Customers_7636-XUHWW,8.116345379901047e-06
Customers_7607-QKKTJ,8.111133141349854e-06
TotalCharges_3173.35,8.109514640795e-06
Customers_1376-HHBDV,8.10603216293892e-06
TotalCharges_7962.2,8.104288542849198e-06
Customers_4385-ZKVNW,8.09945487394477e-06
Customers_7502-BNYGS,8.094304716826291e-06
TotalCharges_1161.75,8.09414841261843e-06
Customers_2233-FAGXV,8.09113418568879e-06
Customers_8865-TNMNX,8.090289558141015e-06
TotalCharges_2789.7,8.081753614696646e-06
Customers_7801-CEDNV,8.06749201066201e-06
Customers_0440-MOGPM,8.063170073502567e-06
TotalCharges_1867.6,8.061825689813032e-06
TotalCharges_1411.35,8.060250052325067e-06
TotalCharges_65.95,8.058440561209404e-06
TotalCharges_4615.9,8.057565252461751e-06
TotalCharges_3902.6,8.05200231149133e-06
TotalCharges_1323.7,8.03902874209969e-06
TotalCharges_1151.05,8.022438504312174e-06
Customers_2519-TWKFS,8.02014272286124e-06
Customers_2801-NISEI,8.017343989023907e-06
Customers_4283-IVYCI,8.005449362426257e-06
TotalCharges_128.6,7.992303533461243e-06
TotalCharges_1600.95,7.988826047129249e-06
Customers_8383-SGHJU,7.986682496843326e-06
Customers_9445-ZUEQE,7.98271745094953e-06
TotalCharges_5586.45,7.979058982467472e-06
TotalCharges_2044.75,7.966222170774456e-06
Customers_8405-IGQFX,7.96536495995919e-06
Customers_5965-GGPRW,7.963373631591874e-06
Customers_8591-NXRCV,7.949765041965477e-06
Customers_5353-WILCI,7.948063528311517e-06
TotalCharges_702,7.947809721648202e-06
Customers_5206-XZZQI,7.945447480960145e-06
Customers_0827-ITJPH,7.937485865773892e-06
TotalCharges_1825.5,7.934565148120915e-06
Customers_2790-XUYMV,7.929055370766614e-06
Customers_2056-EVGZL,7.906815207587556e-06
TotalCharges_4025.6,7.906437598255307e-06
Customers_8331-ZXFOE,7.893062352803863e-06
Customers_3181-VTHOE,7.876066333681163e-06
Customers_2946-KIQSP,7.86730858566758e-06
TotalCharges_463.6,7.864125063847866e-06
Customers_0412-UCCNP,7.858160557702206e-06
Customers_3199-NPKCN,7.854272778433018e-06
Customers_3137-NYQQI,7.850951674688837e-06
Customers_0310-SUCIN,7.850013778900992e-06
Customers_6655-LHBYW,7.848592991630216e-06
Customers_2712-SYWAY,7.84680355673526e-06
Customers_5837-LXSDN,7.838785353791253e-06
Customers_9497-QCMMS,7.833642580660539e-06
Customers_9659-ZTWSM,7.823912107760573e-06
TotalCharges_3088.25,7.817380955608996e-06
Customers_8033-ATFAS,7.805515673234693e-06
Customers_6963-EZQEE,7.801427228273025e-06
Customers_6941-KXRRV,7.799168347652436e-06
TotalCharges_1992.95,7.798672477237355e-06
Customers_4429-WYGFR,7.797988322877338e-06
Customers_2080-SRCDE,7.796918961893867e-06
TotalCharges_6744.25,7.78659583050594e-06
Customers_7446-KQISO,7.77593037390446e-06
Customers_2710-WYVXG,7.76555344067142e-06
Customers_6992-TKNYO,7.764543618272588e-06
TotalCharges_2737.05,7.762793458799215e-06
Customers_6621-YOBKI,7.75309479773304e-06
Customers_2330-PQGDQ,7.751878092842157e-06
TotalCharges_7553.6,7.751806523475964e-06
TotalCharges_5483.9,7.746430675899723e-06
TotalCharges_3882.3,7.745603534919674e-06
TotalCharges_454.05,7.740079833068935e-06
TotalCharges_238.15,7.734884786273077e-06
Customers_8205-VSLRB,7.733718535596903e-06
TotalCharges_944.65,7.731149072888617e-06
Customers_6522-OIQSX,7.73032508415543e-06
Customers_8734-FNWVH,7.72440908071226e-06
TotalCharges_985.05,7.723924489460226e-06
TotalCharges_6252.7,7.723152569583519e-06
Customers_0619-OLYUR,7.722719949637751e-06
TotalCharges_1070.7,7.714533857958065e-06
TotalCharges_324.15,7.712241117072614e-06
Customers_2197-OMWGI,7.707660779653118e-06
TotalCharges_5040.2,7.706076412143987e-06
TotalCharges_5166.2,7.7019624564651e-06
TotalCharges_5589.3,7.698570224248492e-06
TotalCharges_5899.85,7.689013319105312e-06
TotalCharges_4299.75,7.687514889206628e-06
TotalCharges_3327.05,7.68471984448834e-06
TotalCharges_5930.05,7.681877365987795e-06
Customers_0670-ANMUU,7.663651194877963e-06
Customers_8879-ZKJOF,7.663128328856641e-06
TotalCharges_7998.8,7.651955268226526e-06
TotalCharges_7168.25,7.649859913215598e-06
Customers_9154-QDGTH,7.643142440263616e-06
TotalCharges_1971.15,7.641114261175805e-06
TotalCharges_5461.45,7.640229317888517e-06
Customers_5827-MWCZK,7.630209009739185e-06
Customers_8883-ANODQ,7.627043912685309e-06
TotalCharges_969.85,7.6241645671410095e-06
TotalCharges_2221.55,7.6217829545372605e-06
TotalCharges_5791.1,7.620344535735953e-06
Customers_1810-BOHSY,7.6136123300535535e-06
Customers_5067-DGXLL,7.611384079529294e-06
TotalCharges_1423.05,7.604736767708928e-06
Customers_0757-WCUUZ,7.5983041335187274e-06
TotalCharges_1588.7,7.59422803776824e-06
TotalCharges_1507,7.593122221769176e-06
Customers_0708-SJDIS,7.592240684028109e-06
TotalCharges_3237.05,7.573469381064402e-06
Customers_8200-KLNYW,7.573247713810927e-06
TotalCharges_7550.3,7.5731115761822154e-06
Customers_2773-OVBPK,7.562422082749806e-06
TotalCharges_6703.5,7.560963603972919e-06
TotalCharges_239,7.555330993748077e-06
Customers_6166-YIPFO,7.5444597581374305e-06
TotalCharges_7789.6,7.531996781677447e-06
TotalCharges_1381.2,7.5253231291093334e-06
Customers_7175-NTIXE,7.522467693233897e-06
TotalCharges_4060.55,7.501731474402477e-06
Customers_7361-YPXFS,7.499967293073814e-06
TotalCharges_8033.1,7.496802522025101e-06
Customers_3230-JCNZS,7.4907041147344144e-06
TotalCharges_5618.3,7.489545134326336e-06
Customers_4682-BLBUC,7.487561951260428e-06
Customers_9277-JOOMO,7.486313669117406e-06
Customers_8606-CIQUL,7.477495671036149e-06
Customers_9386-LDCZR,7.46708271057029e-06
TotalCharges_4664.2,7.46487522972893e-06
Customers_0756-MPZRL,7.4632502754564325e-06
Customers_2612-PHGOX,7.462289764829651e-06
TotalCharges_681.4,7.458264448803182e-06
Customers_4366-CTOUZ,7.4492036826162455e-06
Customers_4644-PIZRT,7.44576412193733e-06
Customers_6463-MVYRY,7.443948120520129e-06
TotalCharges_5953,7.43496035438986e-06
TotalCharges_39.8,7.4345368001080105e-06
Customers_1335-MXCSE,7.4342747150032255e-06
Customers_4135-FRWKJ,7.4241035201235125e-06
Customers_8668-KNZTI,7.412850532565521e-06
Customers_2292-XQWSV,7.410380878926551e-06
Customers_1485-YDHMM,7.407794369320894e-06
TotalCharges_7181.95,7.403139538080802e-06
Customers_1336-EZFZY,7.400626476897124e-06
Customers_6728-CZFEI,7.3958197909464945e-06
Customers_5678-VFNEQ,7.3944707341475125e-06
TotalCharges_4698.05,7.388453001750597e-06
Customers_8670-ERCJH,7.387300253194106e-06
Customers_5126-RCXYW,7.3769267303505325e-06
Customers_4381-MHQDC,7.37524940057313e-06
TotalCharges_1253.5,7.368235389085605e-06
Customers_0824-VWDPO,7.367539483200034e-06
Customers_1834-ABKHQ,7.36606794051812e-06
Customers_1684-FLBGS,7.362616266878101e-06
Customers_0384-RVBPI,7.3549501233276284e-06
Customers_5285-MVEHD,7.354468140135254e-06
Customers_5504-WSIUR,7.351375954072419e-06
TotalCharges_2754,7.350774746527856e-06
TotalCharges_4473.45,7.350581281308565e-06
Customers_7110-BDTWG,7.3488007229464565e-06
Customers_3039-MJSLN,7.3456053905835006e-06
TotalCharges_2224.5,7.3431240561134635e-06
TotalCharges_4484.05,7.342428507260965e-06
TotalCharges_617.85,7.334679562117551e-06
TotalCharges_94.5,7.333524204624234e-06
Customers_6617-WLBQC,7.3314510441080305e-06
Customers_0679-TDGAK,7.329971383429542e-06
TotalCharges_31.2,7.328559655499658e-06
Customers_1371-DWPAZ,7.32407480241103e-06
TotalCharges_4494.65,7.299271101485044e-06
Customers_7544-ZVIKX,7.298561686128522e-06
TotalCharges_5720.95,7.292572575023506e-06
Customers_3744-ZBHON,7.271538693734248e-06
TotalCharges_6766.95,7.2578272250103145e-06
TotalCharges_4639.45,7.254295611867408e-06
TotalCharges_6669.45,7.24150724206619e-06
TotalCharges_38.8,7.2407997579891135e-06
Customers_4504-YOULA,7.240773155449688e-06
TotalCharges_1389.85,7.2368309902722735e-06
TotalCharges_3966.3,7.235205175948692e-06
TotalCharges_6954.15,7.230485238948245e-06
TotalCharges_2424.45,7.22457037975968e-06
TotalCharges_8046.85,7.218298157786164e-06
TotalCharges_1221.55,7.207212872162214e-06
TotalCharges_8309.55,7.202613847849613e-06
Customers_7746-AWNQW,7.202410829236927e-06
Customers_0975-UYDTX,7.1953554911053186e-06
Customers_1755-RMCXH,7.195095661713204e-06
Customers_7156-MXBJE,7.194030107954991e-06
Customers_5846-QFDFI,7.180088759926237e-06
TotalCharges_3972.25,7.164710176186666e-06
Customers_6368-TZZDT,7.160701978178282e-06
Customers_8564-LDKFL,7.158886119242616e-06
Customers_5702-SKUOB,7.152342507667968e-06
Customers_1257-SXUXQ,7.143637289802078e-06
TotalCharges_931.55,7.135915740110089e-06
Customers_6500-JVEGC,7.135174801748409e-06
Customers_5993-JSUWV,7.12871430146465e-06
TotalCharges_2076.05,7.123292926132491e-06
TotalCharges_2847.2,7.120100679002464e-06
TotalCharges_504.05,7.117566124978638e-06
TotalCharges_3970.4,7.116448157993837e-06
TotalCharges_61.35,7.109817597107909e-06
Customers_8311-UEUAB,7.103933569434246e-06
Customers_2868-LLSKM,7.101557057679083e-06
Customers_5268-DSMNQ,7.1008538045373465e-06
TotalCharges_61.45,7.100241184997255e-06
TotalCharges_7051.95,7.091443294215767e-06
Customers_9504-DSHWM,7.086802572224409e-06
TotalCharges_5329,7.083312271176755e-06
Customers_2144-ESWKO,7.072988474122659e-06
Customers_6139-ZZRBQ,7.069314083647138e-06
TotalCharges_343.45,7.064754790041178e-06
Customers_3174-AKMAS,7.0627861836260555e-06
Customers_3806-YAZOV,7.049570045688369e-06
TotalCharges_184.05,7.0486402064982545e-06
TotalCharges_1274.45,7.044033226620558e-06
TotalCharges_7589.8,7.043306273335526e-06
Customers_8319-QBEHW,7.041281307944211e-06
Customers_5887-IKKYO,7.0311253798332544e-06
Customers_2675-IJRGJ,7.027171872152843e-06
TotalCharges_7142.5,7.026059874348463e-06
TotalCharges_1832.4,7.025222772143252e-06
TotalCharges_7382.25,7.01791934016498e-06
TotalCharges_3808.2,7.0141197296267995e-06
Customers_0188-GWFLE,7.0067273056698705e-06
TotalCharges_68.35,7.001373549490388e-06
Customers_6368-NWMCE,6.996958546540409e-06
TotalCharges_5234.95,6.993420410518469e-06
Customers_1661-CZBAU,6.991586443172356e-06
TotalCharges_6069.25,6.990911711405697e-06
Customers_5795-BKOYE,6.990724676026955e-06
TotalCharges_7982.5,6.982248687731788e-06
TotalCharges_2813.05,6.977162577574837e-06
Customers_9225-BZLNZ,6.977120655147909e-06
Customers_2890-WFBHU,6.9637124238196244e-06
TotalCharges_564.35,6.96258052457564e-06
Customers_0323-XWWTN,6.962559387565527e-06
TotalCharges_5760.65,6.95486839553755e-06
TotalCharges_7878.3,6.946389711253152e-06
TotalCharges_1689.45,6.945564278313408e-06
TotalCharges_587.45,6.936408893254594e-06
Customers_8144-DGHXP,6.935893116555934e-06
Customers_5149-CUZUJ,6.933181663292348e-06
Customers_4795-WRNVT,6.928778953518251e-06
TotalCharges_4786.1,6.924195870918186e-06
Customers_6994-FGRHH,6.922344476483664e-06
Customers_8259-NFJTV,6.914944409536004e-06
Customers_6195-MELTI,6.912712491421896e-06
Customers_1666-JZPZT,6.909091693955208e-06
Customers_7746-QYVCO,6.907509644002698e-06
TotalCharges_547.8,6.907240022250516e-06
TotalCharges_4903.15,6.901816210642323e-06
TotalCharges_3399.85,6.897513365680189e-06
TotalCharges_1421.75,6.895862031258057e-06
Customers_7325-ENZFI,6.887247001751555e-06
TotalCharges_4054.2,6.883079004808115e-06
Customers_7576-ASEJU,6.881246206946286e-06
TotalCharges_469.65,6.877721929640512e-06
Customers_5542-DHSXL,6.876949153451295e-06
TotalCharges_253.9,6.876615407994255e-06
TotalCharges_204.55,6.873705739822367e-06
TotalCharges_6049.5,6.865327708838887e-06
Customers_6893-ODYYE,6.858728258078809e-06
TotalCharges_2333.05,6.848524345065904e-06
Customers_7785-RDVIG,6.844731014350719e-06
TotalCharges_1597.05,6.833934550371525e-06
TotalCharges_2540.1,6.831071188550078e-06
Customers_8208-EUMTE,6.828666428283543e-06
Customers_9220-CXRSC,6.82655045219492e-06
Customers_4832-VRBMR,6.8057295822434575e-06
TotalCharges_4299.95,6.803760201481113e-06
TotalCharges_3283.05,6.797836987668054e-06
Customers_6469-QJKZW,6.791051639987498e-06
Customers_0187-WZNAB,6.789612139484998e-06
TotalCharges_6068.65,6.787532530085252e-06
TotalCharges_6038.55,6.786593988118282e-06
Customers_4816-OKWNX,6.777014417935517e-06
Customers_9074-KGVOX,6.7748715214127656e-06
Customers_7102-JJVTX,6.761724302202646e-06
Customers_4198-VFOEA,6.760094756658413e-06
TotalCharges_3488.15,6.757447025006017e-06
TotalCharges_552.1,6.754751355885096e-06
Customers_8044-BGWPI,6.7480968116049994e-06
TotalCharges_3252,6.747765677589028e-06
TotalCharges_4735.2,6.746934778143292e-06
TotalCharges_2274.1,6.743253483779261e-06
TotalCharges_2656.7,6.738930749415657e-06
TotalCharges_1993.2,6.736141486860514e-06
TotalCharges_5580.8,6.727428799689533e-06
TotalCharges_7714.65,6.723977533598956e-06
TotalCharges_2929.75,6.720921510570613e-06
TotalCharges_4911.05,6.711284652773512e-06
TotalCharges_7082.85,6.7078673308980985e-06
Customers_6616-AALSR,6.704359764381664e-06
TotalCharges_3886.05,6.693812966416278e-06
Customers_8510-TMWYB,6.691367850804597e-06
Customers_3022-BEXHZ,6.672189301435067e-06
Customers_8847-GEOOQ,6.67194192146826e-06
Customers_1841-YSJGV,6.6717157603704435e-06
TotalCharges_5746.75,6.671234319415747e-06
TotalCharges_3035.8,6.668673778510444e-06
Customers_7787-BNTZM,6.663637318718689e-06
Customers_0383-CLDDA,6.661660721084854e-06
Customers_0744-GKNGE,6.661247775111349e-06
TotalCharges_4692.55,6.653245092563052e-06
Customers_8883-GRDWQ,6.651689190106885e-06
Customers_1898-JSNDC,6.646953503144129e-06
Customers_9618-LFJRU,6.645869042795403e-06
TotalCharges_2023.55,6.643884724773555e-06
TotalCharges_5174.35,6.635381555541465e-06
TotalCharges_1905.7,6.633561992121745e-06
TotalCharges_2033.85,6.631425998114613e-06
TotalCharges_1081.25,6.627439900526472e-06
Customers_1162-ECVII,6.6127181193282104e-06
TotalCharges_51.6,6.6123745731440375e-06
TotalCharges_1166.7,6.6016106417106475e-06
Customers_3391-JSQEW,6.59310614745877e-06
TotalCharges_5898.6,6.59147558812248e-06
TotalCharges_3027.25,6.584143627379e-06
Customers_4277-UDIEF,6.583304624122043e-06
Customers_9470-RTWDV,6.578382695772053e-06
TotalCharges_3707.6,6.57385508029841e-06
TotalCharges_2447.45,6.573634955390881e-06
Customers_6504-VBLFL,6.565079623697981e-06
Customers_3941-XTSKM,6.563495445751768e-06
Customers_2234-XADUH,6.554949740643757e-06
Customers_9762-YAQAA,6.546179506873728e-06
Customers_6556-DBKZF,6.542010720540321e-06
Customers_3981-QSVQI,6.536382177425483e-06
Customers_2640-LYMOV,6.516379135160429e-06
Customers_5327-CNLUQ,6.513031210219054e-06
Customers_0820-FNRNX,6.510130988865051e-06
Customers_2393-DIVAI,6.5099245108551334e-06
Customers_2294-SALNE,6.4929159151869075e-06
Customers_5153-LXKDT,6.483382897582822e-06
TotalCharges_4793.8,6.47438882869588e-06
Customers_3078-ZKNTS,6.4729884906725874e-06
TotalCharges_84.2,6.472647407250209e-06
TotalCharges_417.7,6.470732532298871e-06
TotalCharges_4627.8,6.467740533564656e-06
TotalCharges_6067.4,6.446849519683566e-06
Customers_7929-SKFGK,6.445979733507768e-06
TotalCharges_1930.9,6.441892583456221e-06
Customers_9309-BZGNT,6.437279504960837e-06
TotalCharges_4977.2,6.426254934934201e-06
TotalCharges_5236.4,6.4186138900473526e-06
Customers_9769-TSBZE,6.415897038348284e-06
Customers_7833-PKIHD,6.415486769921433e-06
TotalCharges_7061.65,6.415449416998811e-06
TotalCharges_6055.55,6.404300545088523e-06
TotalCharges_7422.1,6.404013941971576e-06
Customers_3963-RYFNS,6.394862700194453e-06
TotalCharges_38.15,6.392071018981082e-06
TotalCharges_4993.4,6.390105726061076e-06
Customers_5397-NSKQG,6.382973911637686e-06
TotalCharges_7332.4,6.3752102383614896e-06
TotalCharges_839.65,6.373493403524494e-06
TotalCharges_5043.2,6.371627623730254e-06
Customers_4558-CGYCZ,6.3692647884899636e-06
Customers_8421-WZOOW,6.365999543370966e-06
Customers_0206-TBWLC,6.364350727687822e-06
TotalCharges_1837.7,6.3632074036007956e-06
Customers_3363-DTIVD,6.360581308526801e-06
Customers_3307-TLCUD,6.359143752517828e-06
TotalCharges_3403.4,6.3539548614280965e-06
TotalCharges_1242.25,6.35151452932847e-06
Customers_0345-XMMUG,6.350535090159986e-06
Customers_5762-TJXGK,6.34432911295952e-06
TotalCharges_1841.9,6.343000723289688e-06
Customers_5447-VYTKW,6.322225004424771e-06
Customers_0487-RPVUM,6.321984857053828e-06
TotalCharges_3007.25,6.314844635702834e-06
TotalCharges_3581.4,6.312904392598253e-06
TotalCharges_5706.2,6.3117389250488405e-06
Customers_4837-PZTIC,6.308384517371775e-06
Customers_7501-IWUNG,6.306819910807411e-06
Customers_9137-NOQKA,6.304514759503314e-06
TotalCharges_1861.1,6.292531358200498e-06
TotalCharges_3109.9,6.2903120326478194e-06
Customers_3282-ZISZV,6.281849771269379e-06
TotalCharges_98.35,6.279604340798678e-06
Customers_4957-TIALW,6.272104002624508e-06
TotalCharges_6989.7,6.2706334293323314e-06
TotalCharges_1980.3,6.2644843612707755e-06
Customers_0742-LAFQK,6.264095245583383e-06
Customers_3657-COGMW,6.255804427188986e-06
TotalCharges_4747.5,6.255411936976804e-06
Customers_7883-ROJOC,6.247474225168659e-06
TotalCharges_1559.45,6.245622563843646e-06
TotalCharges_8399.15,6.245453153291858e-06
TotalCharges_316.9,6.240667760547733e-06
Customers_4422-QVIJA,6.237135030196673e-06
Customers_7508-KBIMB,6.232558079511891e-06
Customers_3259-KNMRR,6.229265483108575e-06
TotalCharges_1374.35,6.218801728640328e-06
TotalCharges_1679.65,6.2144682259480795e-06
Customers_2621-UDNLU,6.214396072858665e-06
Customers_8550-XSXUQ,6.211882666851079e-06
TotalCharges_1923.85,6.21063216154805e-06
Customers_2266-SJNAT,6.20968773045923e-06
TotalCharges_6157.6,6.2089628367077295e-06
TotalCharges_6152.4,6.20553264625771e-06
TotalCharges_3371,6.198551963812995e-06
Customers_5982-PSMKW,6.193635372602998e-06
Customers_5304-EFJLP,6.182077428845428e-06
Customers_9861-PDSZP,6.179886201397688e-06
TotalCharges_8003.8,6.1721598328511105e-06
TotalCharges_938.65,6.170561926413321e-06
TotalCharges_1498.55,6.155097979880117e-06
Customers_4654-GGUII,6.1544803205282266e-06
Customers_5844-QVTAT,6.151710464369061e-06
Customers_8869-LIHMK,6.1515219722211035e-06
TotalCharges_7467.5,6.142902271816458e-06
TotalCharges_2586,6.139485003034266e-06
Customers_6840-RESVB,6.138990253586015e-06
TotalCharges_3771.5,6.138271688270599e-06
TotalCharges_2538.2,6.13727933784206e-06
Customers_7554-NEWDD,6.129216848655035e-06
Customers_9837-FWLCH,6.123383814567816e-06
Customers_9786-IJYDL,6.12111412613553e-06
TotalCharges_3635.15,6.120893122344363e-06
Customers_5555-RNPGT,6.113270997678352e-06
TotalCharges_2093.9,6.108564474654248e-06
Customers_7976-CICYS,6.105067390501361e-06
TotalCharges_5317.8,6.100739449926708e-06
TotalCharges_2134.3,6.099626074309421e-06
Customers_0254-FNMCI,6.096018598242921e-06
TotalCharges_321.7,6.0953640425811424e-06
Customers_2805-EDJPQ,6.0844278826159495e-06
TotalCharges_3210.35,6.080978852409625e-06
Customers_1697-BCSHV,6.0726274495550734e-06
TotalCharges_7609.75,6.071186469754929e-06
TotalCharges_39.85,6.06858346485358e-06
TotalCharges_161.15,6.068086886339912e-06
TotalCharges_1393.6,6.0666731791364884e-06
TotalCharges_1848.8,6.0635885533291885e-06
TotalCharges_4479.2,6.063277215914186e-06
TotalCharges_228.65,6.0608951391793195e-06
Customers_7771-ZONAT,6.055738809574509e-06
Customers_3213-VVOLG,6.055091270847349e-06
TotalCharges_237.3,6.051568006815337e-06
Customers_6614-FHDBO,6.049865591796032e-06
Customers_2683-JXWQQ,6.049358955418883e-06
TotalCharges_1529.45,6.0472509052262575e-06
TotalCharges_82.9,6.04650249327876e-06
TotalCharges_2000.2,6.0412863967075845e-06
TotalCharges_261.3,6.039609679399304e-06
TotalCharges_7887.25,6.037870421850729e-06
Customers_3472-OAOOR,6.03726202397747e-06
Customers_4316-XCSLJ,6.02196926645944e-06
TotalCharges_5290.45,6.015851733212953e-06
Customers_4091-TVOCN,6.0125125469512316e-06
TotalCharges_39.25,6.004946959939415e-06
Customers_2796-UUZZO,6.003507865848429e-06
TotalCharges_33.7,5.998718129791185e-06
TotalCharges_4264,5.996680011678696e-06
Customers_5781-BKHOP,5.9917718134620345e-06
TotalCharges_1936.85,5.985796290933825e-06
TotalCharges_3505.1,5.984650223867788e-06
Customers_7869-ZYDST,5.983271328643539e-06
Customers_0916-KNFAJ,5.978178929957588e-06
TotalCharges_1325.85,5.9773627779534064e-06
TotalCharges_828.2,5.9749018422410426e-06
TotalCharges_2117.2,5.972752796753508e-06
Customers_0308-IVGOK,5.971787191768298e-06
Customers_8406-LNMHF,5.962844545278856e-06
Customers_7524-VRLPL,5.960257191805293e-06
Customers_5985-TBABQ,5.9591167165649146e-06
TotalCharges_6538.45,5.9526651515266725e-06
TotalCharges_1304.85,5.949136397497591e-06
Customers_7136-IHZJA,5.945746098684284e-06
Customers_8610-ZIKJJ,5.942757280961895e-06
Customers_2521-NPUZR,5.940402330102407e-06
Customers_2270-CHBFN,5.938886456064602e-06
TotalCharges_4916.95,5.937886699277935e-06
Customers_8822-KNBHV,5.928570396829765e-06
Customers_5127-BZENZ,5.926417283390315e-06
TotalCharges_746.05,5.925578012236859e-06
Customers_3530-CRZSB,5.9248719599625575e-06
TotalCharges_7035.6,5.923069968574525e-06
Customers_5693-PIPCS,5.9141762657481036e-06
TotalCharges_2049.05,5.913365655626565e-06
TotalCharges_4084.35,5.907729893477198e-06
TotalCharges_592.75,5.8879230061767375e-06
TotalCharges_4615.25,5.8856851071888965e-06
Customers_3315-IKYZQ,5.877492997678382e-06
TotalCharges_61.7,5.874648861287525e-06
TotalCharges_3342.45,5.869395941290726e-06
Customers_3205-MXZRA,5.867718081718316e-06
Customers_1347-KTTTA,5.862510093434306e-06
Customers_5176-OLSKT,5.855956504029573e-06
TotalCharges_57.5,5.852263070227137e-06
TotalCharges_5692.65,5.8433001624080556e-06
Customers_8226-BXGES,5.8399423590923366e-06
Customers_3969-JQABI,5.834671973248013e-06
Customers_8224-IVVPA,5.832758345030414e-06
Customers_3134-DSHVC,5.830450780622793e-06
TotalCharges_4309.55,5.829996047056475e-06
Customers_4011-ARPHK,5.829372499150097e-06
TotalCharges_92.75,5.8256451692563795e-06
Customers_6754-LZUKA,5.820986237123632e-06
Customers_2150-WLKUW,5.820490258036888e-06
Customers_7874-ECPQJ,5.816942946685034e-06
TotalCharges_2762.75,5.811213107393033e-06
TotalCharges_1327.85,5.810966346842198e-06
Customers_3518-FSTWG,5.802271484157631e-06
Customers_6161-ERDGD,5.801255131726918e-06
Customers_6437-UDQJM,5.7994010360780565e-06
Customers_1599-MMYRQ,5.7983435536486485e-06
TotalCharges_4284.65,5.796765431397436e-06
Customers_8097-VBQTZ,5.796757437135359e-06
TotalCharges_1810.85,5.796003876845641e-06
Customers_1832-PEUTS,5.795169700933219e-06
TotalCharges_2773.9,5.7911403491178825e-06
Customers_5229-DTFYB,5.787886576262407e-06
TotalCharges_7281.6,5.781671089171177e-06
TotalCharges_57.2,5.780081941024414e-06
Customers_4000-VGMQP,5.777201449096476e-06
Customers_8496-DMZUK,5.774032000068764e-06
Customers_7432-FFVAR,5.7595598300874e-06
TotalCharges_477.6,5.75818656636918e-06
Customers_3466-BYAVD,5.752515261406813e-06
TotalCharges_7039.45,5.751993176990524e-06
TotalCharges_212.3,5.7456558984917295e-06
Customers_4508-OEBEY,5.73530221713614e-06
TotalCharges_4039.5,5.734599386595606e-06
Customers_4854-SSLTN,5.732631690870073e-06
Customers_7089-RKVSZ,5.729429823284245e-06
Customers_1247-QBVSH,5.7292262775044315e-06
Customers_0496-AHOOK,5.725034885319738e-06
Customers_9481-WHGWY,5.7229515990068546e-06
Customers_4636-OLWOE,5.7138695900800485e-06
Customers_0864-FVJNJ,5.713342817354708e-06
Customers_0052-DCKON,5.704855574875851e-06
TotalCharges_2054.4,5.702060816404585e-06
Customers_7162-WPHPM,5.698836096807955e-06
Customers_8731-WBBMB,5.698554213645231e-06
TotalCharges_3377.8,5.697656379123845e-06
TotalCharges_2768.65,5.697282864959084e-06
Customers_7964-YESJC,5.69710788321692e-06
Customers_4397-FRLTA,5.696557004972292e-06
TotalCharges_5779.6,5.6931635882280116e-06
Customers_5989-OMNJE,5.682222235680731e-06
Customers_6950-TWMYB,5.673463468430983e-06
Customers_2651-ZCBXV,5.670665196192692e-06
Customers_4115-BNPJY,5.66575493583358e-06
Customers_0557-ASKVU,5.6606403911407575e-06
Customers_7811-JIVPF,5.658523279036155e-06
TotalCharges_7875,5.658108124518115e-06
TotalCharges_947.4,5.649830270106078e-06
Customers_8565-WUXZU,5.6436717837552126e-06
TotalCharges_3437.45,5.641442047512353e-06
TotalCharges_813.45,5.635294960514922e-06
Customers_9578-FOMUK,5.632486628634898e-06
Customers_1080-BWSYE,5.631366071938222e-06
Customers_1752-OZXFY,5.628540056802562e-06
Customers_3224-DFQNQ,5.627794620823826e-06
Customers_4923-ADWXJ,5.623875850691079e-06
TotalCharges_1647,5.623518148873397e-06
TotalCharges_1181.75,5.618933720883201e-06
TotalCharges_2181.55,5.61322139050374e-06
TotalCharges_7455.45,5.600828743478987e-06
TotalCharges_3460.3,5.595084677266225e-06
Customers_6440-DKQGE,5.5906330292408925e-06
Customers_3407-QGWLG,5.582534617568069e-06
Customers_2984-TBYKU,5.581066083482086e-06
Customers_2282-YGNOR,5.579043242059543e-06
TotalCharges_1261.7,5.577755103924198e-06
TotalCharges_4920.8,5.577438756105668e-06
TotalCharges_6669.05,5.572496854040149e-06
TotalCharges_7511.9,5.566742743559601e-06
Customers_7602-MVRMB,5.564187806672774e-06
TotalCharges_7530.8,5.560151200021754e-06
Customers_9558-IHEZX,5.5595526784527905e-06
Customers_7459-IMVYU,5.558041962474703e-06
TotalCharges_94.15,5.555964857041777e-06
Customers_1325-USMEC,5.555535237626454e-06
TotalCharges_6034.85,5.553519479792082e-06
TotalCharges_6590.8,5.552721377721082e-06
TotalCharges_6841.4,5.547561727368619e-06
TotalCharges_4630.2,5.5466378744357675e-06
Customers_5199-FPUSP,5.542003236424823e-06
TotalCharges_4861.45,5.5380269559666406e-06
TotalCharges_83.75,5.537208002100617e-06
TotalCharges_5812,5.532551354702023e-06
TotalCharges_7188.5,5.532427653429994e-06
Customers_3345-JHUEO,5.531711768527928e-06
Customers_3347-YJZZE,5.531233232945643e-06
Customers_9150-HEPMB,5.529177271823057e-06
TotalCharges_150.35,5.5250459731722715e-06
TotalCharges_3254.35,5.519630528326936e-06
Customers_0661-WCQNQ,5.519530489243232e-06
Customers_9426-SXNHE,5.518650326829241e-06
TotalCharges_2021.2,5.5174785789002335e-06
TotalCharges_3593.8,5.513550862234437e-06
Customers_8498-XXGWA,5.512506522952821e-06
TotalCharges_910.45,5.497571439724704e-06
Customers_0961-ZWLVI,5.4893445614988265e-06
Customers_6999-CHVCF,5.482488741832295e-06
Customers_5640-CAXOA,5.481672989456369e-06
TotalCharges_67.55,5.473188407512997e-06
TotalCharges_378.6,5.468538998537598e-06
Customers_1474-JUWSM,5.465761997291272e-06
Customers_4134-BSXLX,5.4599089886315774e-06
Customers_6319-QSUSR,5.4595469893796614e-06
TotalCharges_4433.3,5.457604473540688e-06
TotalCharges_4378.9,5.455796688392714e-06
Customers_4182-BGSIQ,5.4529256745301e-06
Customers_7153-CHRBV,5.4478484183280015e-06
TotalCharges_454.65,5.440307276018867e-06
Customers_0657-DOGUM,5.435237575713688e-06
TotalCharges_3833.95,5.4286205045828474e-06
Customers_6865-JZNKO,5.425404271320002e-06
Customers_8853-TZDGH,5.422399125127055e-06
TotalCharges_4016.3,5.41573798675979e-06
TotalCharges_3082.1,5.409719669231827e-06
Customers_2863-IMQDR,5.4057630163904115e-06
TotalCharges_2038.7,5.3982195793109435e-06
Customers_3096-YXENJ,5.39145834721336e-06
Customers_7217-JYHOQ,5.391433188851002e-06
TotalCharges_4013.8,5.385287782814834e-06
TotalCharges_1253.15,5.383888212948061e-06
TotalCharges_2188.45,5.377412745553433e-06
Customers_6202-JVYEU,5.374868130001058e-06
Customers_8680-CGLTP,5.374353228595639e-06
TotalCharges_2460.35,5.370384468502918e-06
Customers_0409-WTMPL,5.368390220784443e-06
Customers_2027-DNKIV,5.366981298219721e-06
Customers_2516-XSJKX,5.363935347319883e-06
TotalCharges_2198.9,5.352097695368162e-06
Customers_0750-EKNGL,5.350905564688982e-06
TotalCharges_1170.55,5.350623442718008e-06
TotalCharges_444.75,5.349914214611809e-06
Customers_5325-UWTWJ,5.348013547575389e-06
Customers_9796-MVYXX,5.3436930778868794e-06
Customers_2999-AANRQ,5.342161141328027e-06
Customers_8901-UPRHR,5.341058027025024e-06
Customers_3508-CFVZL,5.340195797683683e-06
TotalCharges_36.8,5.337803030054952e-06
Customers_6734-CKRSM,5.326321772470264e-06
Customers_4986-MXSFP,5.325267630188502e-06
Customers_3108-PCCGG,5.3239639936426874e-06
Customers_7526-IVLYU,5.306677672265432e-06
TotalCharges_7689.8,5.304867165157081e-06
TotalCharges_2959.8,5.300645817183772e-06
Customers_7336-RLLRH,5.300152508364592e-06
TotalCharges_1955.4,5.299469408733391e-06
Customers_3633-CDBUW,5.294943262681248e-06
Customers_2342-CKIAO,5.292462030679927e-06
TotalCharges_1405.3,5.2910496938782355e-06
Customers_2486-WYVVE,5.2900270749472555e-06
Customers_6937-GCDGQ,5.283659327281733e-06
TotalCharges_2301.15,5.281543875475523e-06
Customers_4104-PVRPS,5.278697594407593e-06
Customers_4111-BNXIF,5.274365980813582e-06
Customers_6231-WFGFH,5.273726916698063e-06
TotalCharges_3529.95,5.273619476160137e-06
TotalCharges_450.4,5.27050547679939e-06
TotalCharges_5714.2,5.264319981432151e-06
TotalCharges_6827.5,5.2637278906589335e-06
Customers_4003-OCTMP,5.2635903277410234e-06
TotalCharges_2078.95,5.262674223282243e-06
TotalCharges_3674.95,5.258694584328912e-06
TotalCharges_6998.95,5.257221627488984e-06
TotalCharges_1957.1,5.2539600384989135e-06
TotalCharges_7009.5,5.251695015532395e-06
TotalCharges_1588.75,5.245461065955747e-06
TotalCharges_4549.45,5.239950738142903e-06
TotalCharges_1530.6,5.229456361306116e-06
TotalCharges_4543.15,5.222782910525809e-06
Customers_6778-JFCMK,5.221980303859569e-06
TotalCharges_6741.15,5.2183209977123855e-06
TotalCharges_4872.35,5.213887294159221e-06
Customers_6661-EIPZC,5.213078700135998e-06
TotalCharges_5150.55,5.208445378694759e-06
Customers_3977-QCRSL,5.207083215426134e-06
Customers_5306-BVTKJ,5.206880325484136e-06
TotalCharges_152.95,5.2062162392809654e-06
Customers_7445-WMRBW,5.205993628867968e-06
TotalCharges_471.7,5.204242935547434e-06
TotalCharges_1712.9,5.203644699376661e-06
Customers_4526-RMTLL,5.201934000091681e-06
TotalCharges_4746.05,5.199662705274655e-06
Customers_6265-SXWBU,5.195855067760956e-06
Customers_5774-XZTQC,5.191253379433209e-06
TotalCharges_459.95,5.189460678008644e-06
Customers_5125-CNDSP,5.1867433408415305e-06
TotalCharges_1537.85,5.1842454589801634e-06
TotalCharges_1463.7,5.180773154275434e-06
Customers_6394-HHHZM,5.165797722815074e-06
Customers_1291-CUOCY,5.1647476509517615e-06
TotalCharges_4233.95,5.158153519155609e-06
TotalCharges_2908.2,5.156105308040866e-06
Customers_4418-LZMSV,5.151650521548152e-06
Customers_2023-VQFDL,5.148098947114321e-06
Customers_8042-RNLKO,5.147455264851027e-06
TotalCharges_71.2,5.143911751308256e-06
Customers_1576-PFZIW,5.143072753217912e-06
Customers_1937-OTUKY,5.141487925576592e-06
TotalCharges_795.15,5.139489529411605e-06
Customers_9498-FIMXL,5.135256757486767e-06
TotalCharges_8564.75,5.134824345905291e-06
Customers_4712-AUQZO,5.1337603629446e-06
TotalCharges_4895.1,5.1249074855128494e-06
Customers_2190-PHBHR,5.123953599649884e-06
Customers_2546-KZAAT,5.119712440025782e-06
TotalCharges_1317.95,5.113843855277429e-06
TotalCharges_2802.3,5.107157043399218e-06
Customers_7727-SHVZV,5.100245604619785e-06
TotalCharges_2208.05,5.0979572648118905e-06
TotalCharges_2369.3,5.096550820431258e-06
Customers_9675-ICXCT,5.095547313223133e-06
TotalCharges_6733.15,5.091319909151354e-06
TotalCharges_659.35,5.087060693727779e-06
TotalCharges_5566.4,5.084457813115917e-06
Customers_5375-XLDOF,5.082922979874293e-06
Customers_4365-MSDYN,5.075673091657382e-06
TotalCharges_3116.15,5.074745139451227e-06
TotalCharges_5460.2,5.07360529761813e-06
Customers_8672-OAUPW,5.070283623456768e-06
Customers_8007-YYPWD,5.0679678843302535e-06
TotalCharges_3263.6,5.051310695839284e-06
Customers_7691-KGKGP,5.049785525385383e-06
TotalCharges_2053.05,5.048063684406197e-06
Customers_0366-NQSHS,5.045648528490058e-06
TotalCharges_4236.6,5.045489263281187e-06
Customers_1972-XMUWV,5.042499007767632e-06
Customers_5066-GFJMM,5.036842227075776e-06
Customers_1301-LOPVR,5.035641021668431e-06
TotalCharges_7244.7,5.0343298289150976e-06
Customers_6176-YJWAS,5.034252650383163e-06
Customers_9031-ZVQPT,5.02425206757752e-06
TotalCharges_4747.65,5.0235992816564055e-06
Customers_6023-GSSXW,5.022621542588443e-06
Customers_2520-SGTTA,5.019683561139617e-06
Customers_1699-UOTXU,5.018920872252126e-06
TotalCharges_1992.85,5.014314758155154e-06
TotalCharges_2083.1,5.014139361504263e-06
Customers_1680-VDCWW,5.008039050810434e-06
TotalCharges_2669.45,5.006938735928509e-06
Customers_3891-NLXJB,5.005564832197729e-06
Customers_6479-VDGRK,5.001195353128532e-06
TotalCharges_7113.75,4.99549661215641e-06
Customers_9092-GDZKO,4.9904673137095724e-06
Customers_5614-DNZCE,4.98891255277931e-06
Customers_8071-SBTRN,4.981837449816939e-06
Customers_6736-DHUQI,4.9797209282355205e-06
Customers_3082-WQRVY,4.977868066588392e-06
TotalCharges_5153.5,4.97613742409e-06
Customers_2192-CKRLV,4.976024755808358e-06
TotalCharges_1952.8,4.97303305038792e-06
Customers_1455-HFBXA,4.970160389495759e-06
TotalCharges_6944.5,4.968490246281977e-06
TotalCharges_3042.25,4.966739640280128e-06
Customers_0455-ENTCR,4.958828330227542e-06
Customers_2740-JFBOK,4.958042755311966e-06
Customers_4054-CUMIA,4.957091435354451e-06
TotalCharges_581.7,4.955566692884705e-06
TotalCharges_59.25,4.9533167135114356e-06
Customers_9795-SHUHB,4.9531658209200145e-06
Customers_8958-JPTRR,4.949287873632735e-06
Customers_6341-JVQGF,4.945443172718013e-06
TotalCharges_2021.35,4.945060694357471e-06
TotalCharges_2839.95,4.944915191829504e-06
TotalCharges_316.2,4.944045566135735e-06
TotalCharges_493.95,4.941547940438761e-06
Customers_1488-SYSFC,4.927486116047549e-06
TotalCharges_7882.5,4.925853719820807e-06
Customers_0303-UNCIP,4.921476595593564e-06
Customers_4114-QMKVN,4.919315505952625e-06
TotalCharges_2312.55,4.917380349298932e-06
TotalCharges_5437.75,4.915587343422917e-06
TotalCharges_8012.75,4.913137749852535e-06
TotalCharges_4166.35,4.910701134031203e-06
Customers_4393-GEADV,4.908546453633158e-06
Customers_7269-JISCY,4.906299418205602e-06
Customers_1696-HXOWK,4.9036385709173865e-06
TotalCharges_3472.05,4.902345245110886e-06
Customers_0104-PPXDV,4.899909804207141e-06
TotalCharges_5844.65,4.895449088464273e-06
TotalCharges_3131.55,4.89176938078511e-06
TotalCharges_2296.25,4.89134400595879e-06
Customers_7255-SSFBC,4.891106139888936e-06
TotalCharges_992.7,4.8880699028571915e-06
TotalCharges_422.7,4.886998158143012e-06
Customers_3186-AJIEK,4.876847969140091e-06
TotalCharges_2545.75,4.860280495408391e-06
TotalCharges_2484,4.855172984985518e-06
TotalCharges_4845.4,4.850600757481538e-06
TotalCharges_7576.7,4.847078471343834e-06
Customers_7036-ZZKBD,4.841770447294535e-06
Customers_2969-VAPYH,4.838117580410943e-06
Customers_5832-EXGTT,4.832913470935213e-06
TotalCharges_485.2,4.832150139238978e-06
Customers_6797-UCJHZ,4.830217513749939e-06
Customers_4079-WWQQQ,4.829530041283318e-06
TotalCharges_3901.25,4.827622769473429e-06
Customers_3474-BAFSJ,4.821049020183468e-06
TotalCharges_1258.15,4.82028573820344e-06
TotalCharges_3794.5,4.81184070869218e-06
Customers_3648-GZPHF,4.811416143963744e-06
TotalCharges_5714.25,4.810825547522941e-06
TotalCharges_2344.5,4.809625798891541e-06
TotalCharges_46.35,4.808513103296565e-06
Customers_0930-EHUZA,4.805610461177812e-06
TotalCharges_1940.8,4.802895936285836e-06
Customers_4922-CVPDX,4.800986451664444e-06
Customers_8200-LGKSR,4.79634003968177e-06
Customers_6670-MFRPK,4.7933372646241904e-06
Customers_6478-HRRCZ,4.787886064483724e-06
TotalCharges_117.95,4.787621290401535e-06
Customers_7596-ZYWBB,4.787421350308714e-06
TotalCharges_3375.9,4.785152998650225e-06
TotalCharges_72,4.784875126462811e-06
TotalCharges_7015.9,4.784792260150336e-06
Customers_6502-KUGLL,4.781804338938121e-06
Customers_4458-KVRBJ,4.7741700153811844e-06
TotalCharges_3370.2,4.773722679281489e-06
TotalCharges_788.05,4.773524425821511e-06
TotalCharges_5229.45,4.771801536810636e-06
TotalCharges_3021.45,4.768496583568951e-06
Customers_9695-IDRZR,4.767862556485246e-06
Customers_7663-ZTEGJ,4.762534620327311e-06
Customers_3007-FDPEA,4.761384109118303e-06
Customers_1950-KSVVJ,4.758741337768228e-06
Customers_4139-JPIAM,4.757026703183174e-06
Customers_2363-BJLSL,4.755486059801211e-06
Customers_5915-DGNVC,4.755182210181209e-06
TotalCharges_7322.5,4.753768411449961e-06
Customers_0191-EQUUH,4.750945299049945e-06
TotalCharges_7537.5,4.748153240896721e-06
Customers_4189-NAKJS,4.7470046089874806e-06
TotalCharges_7898.45,4.745965080223632e-06
Customers_7005-CYUIL,4.7420595443078275e-06
Customers_8261-GWDBQ,4.7418862591688735e-06
TotalCharges_2907.35,4.739077593151872e-06
TotalCharges_3975.9,4.726493342602299e-06
TotalCharges_970.55,4.71905726911053e-06
Customers_8232-CTLKO,4.717448066108077e-06
TotalCharges_7291.75,4.7171848243029705e-06
TotalCharges_7548.6,4.7160271869211e-06
TotalCharges_2511.55,4.7149440664722996e-06
TotalCharges_4326.25,4.711904724877428e-06
Customers_8204-YJCLA,4.710463668502148e-06
Customers_7707-PYBBH,4.705603742834197e-06
TotalCharges_2495.2,4.7055283723985325e-06
TotalCharges_3629.2,4.705487709407768e-06
Customers_6094-ZIVKX,4.701771466588661e-06
Customers_9027-YFHQJ,4.697116120077246e-06
TotalCharges_2169.4,4.685983160070131e-06
Customers_5032-USPKF,4.683180343629478e-06
Customers_7519-JTWQH,4.6814585911033315e-06
TotalCharges_129.55,4.6761799737586335e-06
Customers_9885-MFVSU,4.674712967352102e-06
TotalCharges_32.7,4.670855825419603e-06
Customers_7219-TLZHO,4.66528777886539e-06
TotalCharges_7110.75,4.6648834377648775e-06
TotalCharges_280.4,4.6646478205055e-06
TotalCharges_3561.15,4.664615798790397e-06
Customers_2845-KDHVX,4.6600164531076e-06
Customers_4670-TABXH,4.660014085271816e-06
Customers_8213-TAZPM,4.658476413774204e-06
Customers_0305-SQECB,4.657010985451497e-06
TotalCharges_4454.25,4.652299751266132e-06
Customers_9207-ZPANB,4.650779399753544e-06
Customers_6723-CEGQI,4.64803060821481e-06
TotalCharges_5997.1,4.6447602860256584e-06
Customers_0810-DHDBD,4.632723059579806e-06
Customers_9513-DXHDA,4.626565430411617e-06
TotalCharges_5811.8,4.6224082012101095e-06
Customers_6620-HVDUJ,4.620205513719087e-06
TotalCharges_2911.5,4.61473124521851e-06
Customers_2277-AXSDC,4.611083548014939e-06
TotalCharges_2965.75,4.606097465350798e-06
Customers_0336-KXKFK,4.6059417024263685e-06
TotalCharges_4194.85,4.602552076592692e-06
Customers_3617-XLSGQ,4.601520094913711e-06
Customers_1877-HKBQX,4.598311514943593e-06
TotalCharges_8436.25,4.597915925579474e-06
TotalCharges_5377.8,4.5916122304133045e-06
TotalCharges_7210.85,4.589483538256566e-06
TotalCharges_2753.8,4.587528406975994e-06
TotalCharges_158.95,4.585135863831525e-06
Customers_9362-MWODR,4.58508363810983e-06
TotalCharges_330.6,4.578426283531224e-06
TotalCharges_2640.55,4.577163686971567e-06
TotalCharges_3914.05,4.575993930674022e-06
TotalCharges_6875.35,4.573336908114517e-06
Customers_0853-TWRVK,4.571664197892114e-06
Customers_5144-PQCDZ,4.563581997901624e-06
TotalCharges_4541.9,4.562488791662728e-06
TotalCharges_152.6,4.562328715233076e-06
TotalCharges_3250.45,4.56134586690694e-06
Customers_4547-FZJWE,4.5591111979128575e-06
TotalCharges_7209,4.5586744945676324e-06
TotalCharges_5528.9,4.555251346371567e-06
Customers_9955-QOPOY,4.5543806366053054e-06
TotalCharges_146.6,4.5517135660758775e-06
TotalCharges_2603.95,4.551590858951477e-06
Customers_6303-KFWSL,4.543002788563637e-06
TotalCharges_6786.1,4.5426025016650835e-06
Customers_8099-MZPUJ,4.541973383368088e-06
TotalCharges_58.3,4.541339905055544e-06
TotalCharges_5860.7,4.539259120129861e-06
Customers_2400-XIWIO,4.53582774467482e-06
Customers_4909-JOUPP,4.533498514517989e-06
Customers_0320-DWVTU,4.52872474130981e-06
Customers_7564-GHCVB,4.5278671565894385e-06
Customers_3696-XRIEN,4.524494236646693e-06
TotalCharges_3246.45,4.520030210511582e-06
Customers_8746-OQQRW,4.514855727654796e-06
TotalCharges_246.25,4.513751375407683e-06
Customers_5073-RZGBK,4.506621559295957e-06
TotalCharges_2333.85,4.503450862082169e-06
TotalCharges_5233.25,4.498550717695617e-06
Customers_1465-WCZVT,4.498056918784482e-06
TotalCharges_1889.5,4.486063162553202e-06
Customers_8777-MBMTS,4.486059215993238e-06
Customers_1814-DKOLC,4.485643945895808e-06
TotalCharges_7493.05,4.483346942453109e-06
TotalCharges_6398.05,4.4832806572265105e-06
TotalCharges_7222.75,4.481405872180071e-06
Customers_6682-VCIXC,4.48058927663214e-06
Customers_9795-VOWON,4.474181967961851e-06
Customers_9705-ZJBCG,4.4712168168190644e-06
Customers_4999-IEZLT,4.468653406715046e-06
TotalCharges_6683.4,4.465793690425922e-06
Customers_7025-WCBNE,4.4617809306574435e-06
Customers_9028-LIHRP,4.459412434942802e-06
Customers_8823-RLPWL,4.458760360388553e-06
Customers_2085-JVGAD,4.453329361317695e-06
Customers_9236-NDUCW,4.452558510474704e-06
TotalCharges_1821.2,4.445506736902769e-06
Customers_1810-MVMAI,4.4373795431826695e-06
TotalCharges_2708.2,4.4355747656039084e-06
TotalCharges_8425.3,4.4348716516404275e-06
Customers_9680-NIAUV,4.432686737209496e-06
TotalCharges_7943.45,4.43165913598652e-06
Customers_4501-VCPFK,4.431142482860567e-06
Customers_8920-NAVAY,4.423527654044833e-06
Customers_8706-HRADD,4.419435368879424e-06
TotalCharges_3656.25,4.4190629252270775e-06
TotalCharges_4374.55,4.41018032241239e-06
TotalCharges_4847.05,4.408705334282272e-06
TotalCharges_1031.1,4.4053646420154885e-06
TotalCharges_198.25,4.400363491262178e-06
TotalCharges_1902,4.396523541494944e-06
TotalCharges_3627.3,4.394621388060269e-06
TotalCharges_368.85,4.393866507350949e-06
TotalCharges_1362.85,4.390977748690057e-06
TotalCharges_1336.65,4.388532936515173e-06
TotalCharges_77.6,4.388357912591835e-06
TotalCharges_3019.1,4.384917035706089e-06
Customers_5269-NRGDP,4.3847391607388e-06
Customers_1042-HFUCW,4.381436835857026e-06
TotalCharges_5360.75,4.38014168083749e-06
TotalCharges_5445.95,4.374323880359222e-06
Customers_0565-JUPYD,4.372114191295477e-06
Customers_8221-EQDGL,4.367092366929187e-06
Customers_9367-OIUXP,4.363973517727307e-06
TotalCharges_84.75,4.36256235172403e-06
Customers_8231-BSWXX,4.35793400618749e-06
Customers_5322-TEUJK,4.350185356229134e-06
TotalCharges_1719.15,4.3500649516231415e-06
TotalCharges_1126.35,4.346784256564321e-06
Customers_5756-OZRIO,4.346248413621935e-06
TotalCharges_6858.9,4.345836281788464e-06
TotalCharges_2276.1,4.344197312770172e-06
TotalCharges_2603.1,4.341970344180659e-06
Customers_3482-ABPKK,4.338010163097205e-06
Customers_0562-KBDVM,4.334141967631186e-06
TotalCharges_1208.15,4.333893802045226e-06
TotalCharges_3023.55,4.330933040620558e-06
Customers_6278-FEPBZ,4.329324496852874e-06
Customers_0254-WWRKD,4.323793016210384e-06
Customers_0384-LPITE,4.322495684033547e-06
Customers_4531-AUZNK,4.317809451809099e-06
TotalCharges_8035.95,4.310312492537388e-06
TotalCharges_60.65,4.306823087084967e-06
Customers_9467-ROOLM,4.306744323452156e-06
TotalCharges_2560.1,4.306487772157e-06
Customers_2055-BFOCC,4.303503417323706e-06
TotalCharges_2156.25,4.302063422046819e-06
TotalCharges_2462.6,4.300830349660936e-06
Customers_8561-NMTBD,4.295019195408419e-06
TotalCharges_4042.2,4.291137189351808e-06
Customers_2030-BTZRO,4.289641980479924e-06
TotalCharges_815.55,4.287016660247803e-06
Customers_5989-AXPUC,4.281405583535485e-06
TotalCharges_109.2,4.279609516825714e-06
Customers_6693-DJWTY,4.2709145312225e-06
Customers_9782-LGXMC,4.270270919071203e-06
Customers_9000-PLFUZ,4.26833456194597e-06
Customers_2038-YSEZE,4.2667952923469835e-06
TotalCharges_3482.85,4.254636347467324e-06
TotalCharges_275.7,4.254367646685469e-06
Customers_4295-YURET,4.250061199644897e-06
TotalCharges_8404.9,4.2459943699941286e-06
Customers_3283-WCWXT,4.24598754949586e-06
Customers_6691-CCIHA,4.245964872182313e-06
TotalCharges_8547.15,4.243553104078019e-06
TotalCharges_5608.4,4.243008328018356e-06
Customers_6933-VLYFX,4.228185778826995e-06
TotalCharges_516.15,4.215092942550319e-06
TotalCharges_6083.1,4.2121570947326374e-06
TotalCharges_1390.85,4.21189994327682e-06
Customers_0017-DINOC,4.202872089444945e-06
Customers_3392-EHMNK,4.201865959398426e-06
Customers_8752-IMQOS,4.199900869064247e-06
Customers_7994-XIRTR,4.196498513591805e-06
TotalCharges_1662.05,4.1920787915973445e-06
Customers_7029-IJEJK,4.189997079531124e-06
TotalCharges_3842.6,4.187423182202647e-06
TotalCharges_1846.65,4.1851950649827844e-06
Customers_0848-SOMKO,4.182786457637719e-06
TotalCharges_139.75,4.182115312830364e-06
Customers_9750-BOOHV,4.1819633090832715e-06
Customers_8398-TBIYD,4.1685793573528694e-06
Customers_7610-TVOPG,4.159404500562608e-06
TotalCharges_7782.85,4.158976187851247e-06
TotalCharges_5329.55,4.1499370628130185e-06
TotalCharges_122.9,4.1471586196742575e-06
Customers_8189-DUKMV,4.14272209265299e-06
TotalCharges_6779.05,4.1347183469149445e-06
Customers_4806-DXQCE,4.1346415616702534e-06
TotalCharges_1567.55,4.133170554854315e-06
TotalCharges_3320.75,4.133145904184467e-06
TotalCharges_1096.65,4.132213564389165e-06
Customers_3658-QQJYD,4.131501447358128e-06
TotalCharges_1025.15,4.122933986633713e-06
TotalCharges_1682.05,4.117118572864542e-06
TotalCharges_5357.75,4.110744387640215e-06
TotalCharges_6218.45,4.109582119601468e-06
Customers_6506-EYCNH,4.102025450493139e-06
TotalCharges_3208.65,4.100730469896372e-06
TotalCharges_7251.7,4.097012685419159e-06
Customers_8109-YUOHE,4.087291951168544e-06
Customers_9742-XOKTS,4.08437854884703e-06
Customers_8434-PNQZX,4.0842883667606216e-06
Customers_9700-ZCLOT,4.081939908603243e-06
TotalCharges_3808,4.080453578007089e-06
TotalCharges_3145.15,4.069932292812858e-06
Customers_5829-NVSQN,4.069661973630714e-06
Customers_8259-DZLIZ,4.069512292754933e-06
TotalCharges_1010,4.066422423591076e-06
TotalCharges_1990.5,4.066005474942657e-06
TotalCharges_1493.1,4.065693698094785e-06
Customers_5453-YBTWV,4.059109511326969e-06
TotalCharges_78.3,4.048879954163719e-06
TotalCharges_5175.3,4.045630573660346e-06
TotalCharges_7074.4,4.044550033508343e-06
TotalCharges_4265,4.043537384366971e-06
Customers_9391-TTOYH,4.042110699988135e-06
Customers_1982-FEBTD,4.040872820375929e-06
Customers_1552-CZCLL,4.037349533290993e-06
Customers_2662-NNTDK,4.027632459282537e-06
TotalCharges_527.5,4.0255245930008746e-06
TotalCharges_5000.05,4.022539158848295e-06
Customers_4747-LCAQL,4.022161542082802e-06
TotalCharges_6152.3,4.01704436609333e-06
TotalCharges_1700.9,4.01696410502853e-06
Customers_3800-LYTRK,4.013357417430255e-06
Customers_4686-GEFRM,4.005281158077113e-06
Customers_2057-BOYKM,4.004552799367366e-06
TotalCharges_1983.15,4.000369170877467e-06
TotalCharges_1510.3,3.998173537447027e-06
Customers_7134-HBPBS,3.997582031692307e-06
TotalCharges_5917.55,3.993547786724994e-06
Customers_0098-BOWSO,3.993118815719064e-06
Customers_9970-QBCDA,3.989284585724693e-06
Customers_8410-BGQXN,3.989123756936433e-06
TotalCharges_5436.45,3.9866681644033575e-06
TotalCharges_2658.8,3.985427805863011e-06
Customers_3612-YUNGG,3.984047618448445e-06
Customers_0547-HURJB,3.969682762163555e-06
Customers_0396-UKGAI,3.9686991241781094e-06
Customers_8929-KSWIH,3.96168116291263e-06
Customers_1206-EHBDD,3.9538774673024095e-06
Customers_6806-YDEUL,3.950302615173523e-06
Customers_9995-HOTOH,3.947267697876718e-06
Customers_2996-XAUVF,3.945625195186296e-06
TotalCharges_4138.9,3.937828585121066e-06
TotalCharges_3134.7,3.930669132444477e-06
TotalCharges_2443.3,3.929907187457241e-06
TotalCharges_138.85,3.928215548752288e-06
Customers_9888-ZCUMM,3.9255948890788526e-06
Customers_5092-STPKP,3.92486325823534e-06
Customers_6171-ZTVYB,3.9241074251958336e-06
Customers_0795-XCCTE,3.923923340787142e-06
TotalCharges_63.6,3.923286406954876e-06
TotalCharges_254.5,3.9195066655668305e-06
TotalCharges_3011.65,3.917081858825994e-06
TotalCharges_7869.05,3.911230297600447e-06
TotalCharges_213.35,3.9111121721623765e-06
Customers_3566-CAAYU,3.909740295312841e-06
TotalCharges_73.05,3.90672738707512e-06
TotalCharges_3053,3.905444487825201e-06
Customers_7503-MIOGA,3.903822777996077e-06
Customers_3308-JSGML,3.900531489020955e-06
Customers_4815-YOSUK,3.89866565888581e-06
Customers_1179-INLAT,3.897132792254016e-06
TotalCharges_83.3,3.8961360632111635e-06
Customers_4598-ZADCK,3.894512283982946e-06
TotalCharges_7559.55,3.8934397074314904e-06
TotalCharges_844.45,3.892508088381271e-06
Customers_5792-JALQC,3.883622710623553e-06
TotalCharges_2191.7,3.881519855102012e-06
Customers_6625-IUTTT,3.8791603857644056e-06
TotalCharges_211.95,3.878316678609101e-06
Customers_4578-PHJYZ,3.872863549640581e-06
Customers_8871-JLMHM,3.8719113172810815e-06
TotalCharges_158.35,3.868083517812629e-06
Customers_5832-TRLPB,3.867098765649642e-06
TotalCharges_1237.3,3.867082021082987e-06
TotalCharges_6330.4,3.865938058315429e-06
TotalCharges_7852.4,3.8608356654222794e-06
Customers_0667-NSRGI,3.851706965162787e-06
Customers_8644-XYTSV,3.8501161007450774e-06
TotalCharges_1699.15,3.847469458998645e-06
Customers_0078-XZMHT,3.8464776769320575e-06
TotalCharges_1054.8,3.841989424789607e-06
TotalCharges_3457.45,3.837323838827585e-06
Customers_0489-WMEMG,3.831588350743346e-06
Customers_5546-BYZSM,3.829205260484633e-06
TotalCharges_3617.1,3.8282365966592316e-06
TotalCharges_6385.95,3.828184132037439e-06
TotalCharges_3582.4,3.82622891938125e-06
TotalCharges_1113.95,3.8202178931843185e-06
Customers_5149-QYTTU,3.8197428116056764e-06
Customers_2908-ZTPNF,3.817795026870754e-06
Customers_2812-ENYMO,3.815352392324397e-06
Customers_2000-DHJUY,3.8130552800439474e-06
TotalCharges_7031.3,3.8106084020156707e-06
TotalCharges_3921.1,3.8018350920599572e-06
TotalCharges_5311.85,3.7984053832006706e-06
Customers_0036-IHMOT,3.794777571195203e-06
Customers_6427-FEFIG,3.7947718948468843e-06
Customers_0303-WMMRN,3.792908368710661e-06
Customers_9931-DCEZH,3.792122273719055e-06
TotalCharges_2511.95,3.791952127219411e-06
Customers_1960-UOTYM,3.775621011251402e-06
TotalCharges_8476.5,3.773900975982695e-06
Customers_7872-BAAZR,3.771387933852217e-06
Customers_4472-VESGY,3.769519123024857e-06
TotalCharges_2531.8,3.761427489826322e-06
TotalCharges_5237.4,3.761154412032646e-06
TotalCharges_589.25,3.7531748552530514e-06
Customers_4884-TVUQF,3.7503767294723643e-06
TotalCharges_2444.25,3.7491970622474507e-06
TotalCharges_7149.35,3.7463303253866894e-06
Customers_5278-PNYOX,3.7460153373906925e-06
Customers_5781-RFZRP,3.7447345322531864e-06
TotalCharges_520.55,3.7376682434048948e-06
Customers_2167-FQSTQ,3.7353560557322144e-06
Customers_6016-LVTJQ,3.73104066573374e-06
TotalCharges_219.5,3.7281399281275267e-06
TotalCharges_1445.95,3.7261270702198016e-06
TotalCharges_1672.15,3.724311360262553e-06
TotalCharges_3038.55,3.7207995419881287e-06
Customers_5124-EOGYE,3.7201434601735035e-06
Customers_8739-QOTTN,3.719021988146651e-06
TotalCharges_47.7,3.713937948122223e-06
Customers_5320-BRKGK,3.7138794663832485e-06
Customers_0696-UKTOX,3.700181487871326e-06
TotalCharges_2911.8,3.6995526356443383e-06
Customers_3678-MNGZX,3.698705933547301e-06
TotalCharges_2343.85,3.698208279191883e-06
TotalCharges_5784.3,3.6946904258860078e-06
TotalCharges_2610.65,3.694188544697148e-06
TotalCharges_3119.9,3.69030235325217e-06
Customers_7100-FQPRV,3.688278602182469e-06
TotalCharges_1007.9,3.6865099296606316e-06
Customers_2137-DQMEV,3.685022047254194e-06
TotalCharges_7990.05,3.684066855720979e-06
TotalCharges_5662.25,3.6811976620627764e-06
TotalCharges_2882.25,3.675913756033514e-06
TotalCharges_1461.45,3.670399575419281e-06
TotalCharges_857.8,3.670286059824863e-06
Customers_9541-ZPSEA,3.664849969931216e-06
TotalCharges_1347.15,3.6636524047556177e-06
TotalCharges_1520.1,3.6633125523762367e-06
TotalCharges_3103.25,3.6605993893722913e-06
TotalCharges_3088.75,3.655204399835918e-06
TotalCharges_5762.95,3.6528423238063774e-06
TotalCharges_76.95,3.6434154632507315e-06
TotalCharges_3638.25,3.642939340182022e-06
Customers_8792-AOROI,3.642528791840578e-06
Customers_8467-WYNSR,3.637909679917769e-06
TotalCharges_2546.85,3.6372979505867468e-06
TotalCharges_7430.75,3.6370692867176267e-06
TotalCharges_2003.6,3.634156916667586e-06
Customers_0840-DCNZE,3.6337380211866897e-06
Customers_8316-BBQAY,3.633514299988863e-06
TotalCharges_5730.15,3.6296560306463176e-06
Customers_7622-FWGEW,3.6283696052637e-06
Customers_1163-VIPRI,3.6152340376862477e-06
Customers_8745-PVESG,3.6137577279095953e-06
Customers_5012-YSPJJ,3.6121051438216976e-06
TotalCharges_1189.9,3.611966714137717e-06
TotalCharges_109.8,3.6096592125664526e-06
Customers_3739-YBWAB,3.603836247053867e-06
Customers_2931-VUVJN,3.603653482795943e-06
TotalCharges_3983.6,3.602432091753207e-06
TotalCharges_7661.8,3.5968498988909054e-06
Customers_3115-JPJDD,3.5962037445218015e-06
Customers_2192-OZITF,3.5922803844158706e-06
Customers_0872-CASZJ,3.590952939453634e-06
TotalCharges_156.85,3.58160995608527e-06
TotalCharges_6297.65,3.5806086699891524e-06
TotalCharges_3662.25,3.573748090111964e-06
Customers_3750-RNQKR,3.5716209173306255e-06
Customers_2296-DKZFP,3.571396114057506e-06
TotalCharges_5567.55,3.57058110677437e-06
TotalCharges_159.2,3.5690024293645103e-06
Customers_5499-ECUTN,3.568765353924847e-06
TotalCharges_5064.45,3.5640119271124697e-06
TotalCharges_2796.45,3.5636866885614133e-06
TotalCharges_208,3.5616628007218274e-06
Customers_5919-VCZYM,3.5616327026183863e-06
Customers_5791-KAJFD,3.560183458876771e-06
TotalCharges_165.5,3.559989314247827e-06
Customers_7021-XSNYE,3.5511290486476085e-06
TotalCharges_183.15,3.5493562244248017e-06
Customers_2830-LEWOA,3.5448039764760566e-06
TotalCharges_8016.6,3.5436121421141373e-06
Customers_5196-WPYOW,3.543049835587491e-06
TotalCharges_6179.35,3.536011163423307e-06
Customers_1430-SFQSA,3.529834993622477e-06
Customers_4199-QHJNM,3.529129489236413e-06
TotalCharges_2018.4,3.526288070984404e-06
TotalCharges_7396.15,3.5251536492017497e-06
Customers_4194-WHFCB,3.522941502547918e-06
TotalCharges_6511.25,3.517042321330805e-06
TotalCharges_2016.3,3.5152032391450966e-06
Customers_7343-EOBEU,3.514072759749719e-06
Customers_3870-SPZSI,3.513165126677807e-06
Customers_6916-HIJSE,3.5096096266299064e-06
TotalCharges_3316.1,3.504264652173383e-06
TotalCharges_4469.1,3.500134346503604e-06
Customers_9754-CLVZW,3.497295836729614e-06
TotalCharges_1412.4,3.494167291543129e-06
TotalCharges_6449.15,3.4937906882822284e-06
TotalCharges_5753.25,3.492483507625908e-06
Customers_8466-PZBLH,3.491083981160927e-06
Customers_2410-CIYFZ,3.4899600682572897e-06
Customers_6631-HMANX,3.485531496860449e-06
TotalCharges_6325.25,3.484217683301089e-06
TotalCharges_2356.75,3.4833295305739927e-06
Customers_7472-EQOAV,3.482790712223679e-06
TotalCharges_2782.4,3.479969961679336e-06
TotalCharges_3883.3,3.479431064601897e-06
TotalCharges_5943.65,3.4781950615231692e-06
TotalCharges_531.55,3.473659523828323e-06
Customers_9251-WNSOD,3.469311265850013e-06
Customers_5996-EBTKM,3.468425609590605e-06
Customers_8067-NIOYM,3.465393055726613e-06
Customers_8910-ICHIU,3.4629114755166957e-06
Customers_8309-PPCED,3.455890769567318e-06
TotalCharges_7987.6,3.4507719549123186e-06
Customers_2211-RMNHO,3.449670618356989e-06
TotalCharges_1546.3,3.4487275147131185e-06
TotalCharges_4513.65,3.4465723001771536e-06
TotalCharges_40.25,3.443587389582065e-06
TotalCharges_168.65,3.4414942790879264e-06
Customers_4056-QHXHZ,3.4360964862055564e-06
Customers_7566-DSRLQ,3.431140258863751e-06
Customers_7873-CVMAW,3.4306166876279766e-06
Customers_0690-SRQID,3.4306021055799094e-06
TotalCharges_2234.55,3.427009913764823e-06
TotalCharges_3708.4,3.424319189109026e-06
TotalCharges_1940.85,3.4233126999643545e-06
TotalCharges_3358.65,3.421920578195974e-06
Customers_6695-FRVEC,3.4200935564044964e-06
Customers_3298-QEICA,3.4164201812392058e-06
Customers_0014-BMAQU,3.413979839070032e-06
Customers_4486-EFAEB,3.413283998163747e-06
TotalCharges_739.9,3.4116888696507268e-06
TotalCharges_6096.45,3.4104343331472634e-06
TotalCharges_7882.25,3.401922159072792e-06
TotalCharges_4068,3.398328574586001e-06
TotalCharges_4854.3,3.3881211125373087e-06
TotalCharges_5154.5,3.385548634775131e-06
TotalCharges_1636.95,3.384072360837274e-06
TotalCharges_7726.35,3.3786553471900715e-06
TotalCharges_6725.5,3.3761791889196028e-06
TotalCharges_198.1,3.375079673121874e-06
TotalCharges_1216.6,3.3749151717962497e-06
Customers_3752-CQSJI,3.3728119491507695e-06
TotalCharges_3848.8,3.372391826143607e-06
TotalCharges_4237.5,3.3709277406061974e-06
Customers_2252-NKNSI,3.3703259525461417e-06
Customers_9924-JPRMC,3.3698202011381733e-06
TotalCharges_3442.8,3.3662051661747687e-06
Customers_9079-LWTFD,3.36287998190389e-06
Customers_0013-SMEOE,3.3618994498035945e-06
Customers_2005-DWQZJ,3.3368034525763024e-06
TotalCharges_4805.65,3.3349467136325638e-06
Customers_8821-KVZKQ,3.334650493764035e-06
TotalCharges_2768.35,3.333102896129992e-06
TotalCharges_4539.6,3.332567483702945e-06
Customers_9495-REDIY,3.3316489683887773e-06
Customers_3936-QQFLL,3.327609704779112e-06
Customers_7508-DQAKK,3.326214153151861e-06
Customers_4915-BFSXL,3.3253057836741904e-06
Customers_2466-NEJOJ,3.3228809001533847e-06
TotalCharges_7657.4,3.317438182479713e-06
Customers_2242-MFOTG,3.31687208413465e-06
Customers_0526-SXDJP,3.3120725025254023e-06
TotalCharges_6991.9,3.306313741230394e-06
Customers_6402-SSEJG,3.30463057165702e-06
TotalCharges_6991.6,3.2968239709450447e-06
TotalCharges_3950.85,3.2966436857725007e-06
TotalCharges_1714.95,3.295247739791922e-06
TotalCharges_3431.75,3.2897551662848483e-06
TotalCharges_1147,3.288600487357349e-06
TotalCharges_543.8,3.285134638077522e-06
TotalCharges_1309.15,3.2835790049031204e-06
TotalCharges_2878.55,3.281567818471065e-06
TotalCharges_4263.45,3.2815484076933475e-06
TotalCharges_1306.3,3.278973697626472e-06
TotalCharges_1282.85,3.2755729431886294e-06
Customers_6036-TTFYU,3.2748423413313446e-06
TotalCharges_4798.4,3.273073681453053e-06
TotalCharges_168.9,3.272283200808814e-06
TotalCharges_3562.5,3.2717166308441542e-06
Customers_1094-BKOSX,3.2714103718819986e-06
Customers_0967-BMLBD,3.270313398605655e-06
TotalCharges_6697.35,3.2566917729832696e-06
Customers_5985-BEHZK,3.2561731494156723e-06
Customers_2931-SVLTV,3.255777937915184e-06
Customers_7037-MTYVW,3.2541372986384056e-06
Customers_7605-BDWDC,3.2492138587044682e-06
Customers_6904-JLBGY,3.244726152494909e-06
Customers_1137-DGOWI,3.2394811677934374e-06
TotalCharges_1440.75,3.2323298325283573e-06
Customers_8630-QSGXK,3.2318428023157753e-06
TotalCharges_830.8,3.231030598192635e-06
Customers_5248-RPYWW,3.2293012501615074e-06
TotalCharges_31.9,3.2262527093490612e-06
Customers_5578-NKCXI,3.2258081151496783e-06
Customers_4785-NKHCX,3.2255274098153523e-06
TotalCharges_5555.3,3.2251579180118518e-06
TotalCharges_6028.95,3.223892101364466e-06
Customers_9565-FLVCG,3.2154689117750414e-06
Customers_6898-RBTLU,3.2150069460944244e-06
TotalCharges_7845.8,3.2092747839028444e-06
TotalCharges_68.45,3.2082889925893475e-06
Customers_9500-IWPXQ,3.2067172333032466e-06
Customers_6942-LBFDP,3.2064795105006716e-06
TotalCharges_63.15,3.1992701123322415e-06
Customers_3244-CQPHU,3.1980898576717546e-06
TotalCharges_6856.95,3.193395644483846e-06
Customers_8150-QUDFX,3.1925304039322044e-06
Customers_9224-VTYID,3.1909325769084782e-06
Customers_8932-CZHRQ,3.1855775360484205e-06
Customers_5716-EZXZN,3.1852366638163523e-06
Customers_3933-DQPWX,3.1830797114565303e-06
TotalCharges_5968.4,3.181888758311425e-06
TotalCharges_5617.95,3.1804540976377787e-06
TotalCharges_3822.45,3.1759701894925115e-06
Customers_6648-INWPS,3.1757090511049205e-06
Customers_7730-CLDSV,3.173409553342419e-06
TotalCharges_4131.2,3.1716314570553243e-06
Customers_2978-XXSOG,3.16840903615068e-06
TotalCharges_3353.4,3.1663701463279277e-06
Customers_7779-ORAEL,3.165648463402685e-06
Customers_4072-IPYLT,3.1607652425939613e-06
Customers_3557-HTYWR,3.1599142205181092e-06
Customers_7998-ZLXWN,3.1577798646254837e-06
Customers_0114-RSRRW,3.15413822964204e-06
TotalCharges_7388.45,3.1459132582777386e-06
Customers_5173-ZXXXL,3.1447763546707746e-06
TotalCharges_1024.7,3.1442078272823394e-06
TotalCharges_5538.35,3.1432177622606855e-06
TotalCharges_4985.9,3.1419497134486735e-06
Customers_7184-LRUUR,3.140741685132516e-06
Customers_7945-HLKEA,3.140477518067319e-06
Customers_3696-DFHHB,3.1398751596086084e-06
TotalCharges_1750.7,3.1398325868662397e-06
TotalCharges_4138.7,3.1394257187752087e-06
Customers_0142-GVYSN,3.135848879975429e-06
Customers_2176-LVPNX,3.1347692739063577e-06
Customers_4694-PHWFW,3.133439596116808e-06
Customers_9803-FTJCG,3.1325221119331554e-06
TotalCharges_470.2,3.130703430746728e-06
TotalCharges_6309.65,3.130648599067843e-06
Customers_8008-OTEZX,3.1302217367933795e-06
TotalCharges_304.6,3.1293261284077623e-06
Customers_3363-EWLGO,3.1281205975604354e-06
Customers_9470-YFUYI,3.1272374083252137e-06
TotalCharges_3023.65,3.1267360923547274e-06
Customers_9817-APLHW,3.120963213780298e-06
Customers_9351-LZYGF,3.1188770062080924e-06
TotalCharges_187.75,3.118754633505818e-06
Customers_3621-CHYVB,3.11840262892615e-06
TotalCharges_422.3,3.116456545173146e-06
Customers_7975-JMZNT,3.114803470727689e-06
TotalCharges_1426.45,3.1142098793608235e-06
Customers_1536-YHDOE,3.112672390297173e-06
TotalCharges_3874.1,3.0962098791433832e-06
Customers_7521-YXVZY,3.091387424291384e-06
Customers_6352-GIGGQ,3.0910363500267375e-06
TotalCharges_5125.75,3.090958917988735e-06
TotalCharges_331.35,3.0903065540939187e-06
TotalCharges_2348.45,3.0886115231873018e-06
TotalCharges_6921.7,3.0872788277574847e-06
Customers_5840-NVDCG,3.0869802946708058e-06
TotalCharges_1927.3,3.0670065140515336e-06
Customers_0114-IGABW,3.0596107528672075e-06
Customers_6586-MYGKD,3.059358077058631e-06
Customers_2451-YMUXS,3.059045569473712e-06
Customers_6122-EFVKN,3.0557942842475145e-06
TotalCharges_3260.1,3.0499039634839767e-06
Customers_0530-IJVDB,3.047928778746928e-06
Customers_1821-BUCWY,3.0467178201814445e-06
Customers_9348-ROUAI,3.043042905099814e-06
Customers_8263-QMNTJ,3.0402543839151693e-06
TotalCharges_96.1,3.039837697614592e-06
Customers_2732-ISEZX,3.0366766207968598e-06
Customers_9711-FJTBX,3.034492401255419e-06
TotalCharges_2479.25,3.028169924663502e-06
TotalCharges_4155.95,3.0262446839525838e-06
TotalCharges_6770.85,3.020649233581534e-06
TotalCharges_6668,3.015955002788221e-06
Customers_2320-YKQBO,3.0144097771023594e-06
Customers_3214-IYUUQ,3.012284648546402e-06
Customers_2364-UFROM,3.009445637073641e-06
Customers_0723-FDLAY,3.008657067624723e-06
Customers_8414-OOEEL,3.0055953785402487e-06
Customers_0030-FNXPP,3.0050210262523005e-06
TotalCharges_3373.4,3.0034988775778325e-06
TotalCharges_185.4,3.0018822934881214e-06
TotalCharges_89.05,3.0011078336786253e-06
TotalCharges_4535.85,2.9961367604127087e-06
TotalCharges_4855.35,2.9921159509509886e-06
Customers_0942-KOWSM,2.9880603211703546e-06
Customers_8016-ZMGMO,2.9870133253763824e-06
TotalCharges_160.05,2.985028668105612e-06
TotalCharges_7567.2,2.983588285017472e-06
TotalCharges_5017.7,2.9779744690673045e-06
Customers_8608-OZTLB,2.9768308727599463e-06
TotalCharges_8310.55,2.97474361510224e-06
Customers_7923-IYJWY,2.972613979372298e-06
TotalCharges_4916.4,2.969714058413772e-06
Customers_8249-THVEC,2.967269478374625e-06
Customers_4522-XRWWI,2.966690024675844e-06
Customers_2439-QKJUL,2.966501527078998e-06
Customers_4568-TTZRT,2.965409758785072e-06
Customers_5539-HIVAK,2.9650427910268292e-06
TotalCharges_2157.5,2.963999087786137e-06
TotalCharges_8443.7,2.9617530459624924e-06
Customers_9477-LGWQI,2.9612541961645084e-06
TotalCharges_7904.25,2.9601117884973564e-06
TotalCharges_6885.75,2.9461489588030978e-06
TotalCharges_536.35,2.9456708896442886e-06
Customers_6762-QVYJO,2.9443837852691113e-06
TotalCharges_8065.65,2.941513667845075e-06
Customers_9932-WBWIK,2.9408488154669553e-06
TotalCharges_1623.4,2.939174423040097e-06
Customers_4403-BWPAY,2.937210839313152e-06
TotalCharges_252.75,2.936018812270784e-06
TotalCharges_35.1,2.93123937373072e-06
TotalCharges_1696.2,2.9295556514738527e-06
TotalCharges_155.9,2.9287231281837363e-06
Customers_4730-AWNAU,2.926479216201054e-06
Customers_3796-ENZGF,2.926457582281624e-06
TotalCharges_2492.25,2.923120148123674e-06
Customers_5641-DMBFJ,2.920609855455256e-06
Customers_3823-KYNQY,2.91682745389954e-06
TotalCharges_68.8,2.909479273614979e-06
Customers_7138-GIRSH,2.9046055834135407e-06
TotalCharges_4310.35,2.9032872557569873e-06
TotalCharges_2030.75,2.902872509652907e-06
Customers_4776-XSKYQ,2.9005790928574483e-06
TotalCharges_6424.7,2.8997029904701816e-06
TotalCharges_6141.65,2.8979232258514266e-06
Customers_5777-ZPQNC,2.8966498814130843e-06
Customers_0277-ORXQS,2.8941996230081237e-06
Customers_0253-ZTEOB,2.8875235953744267e-06
Customers_0871-OPBXW,2.8859412450901914e-06
TotalCharges_3574.5,2.885874617194858e-06
TotalCharges_5289.8,2.884581872990885e-06
Customers_3318-ISQFQ,2.883270148286265e-06
TotalCharges_4890.5,2.8777324955734513e-06
Customers_6463-HHXJR,2.8727902501924982e-06
TotalCharges_4048.95,2.872758592815883e-06
Customers_9200-NLNPD,2.871603944683671e-06
TotalCharges_702.9,2.871192963202351e-06
TotalCharges_134.75,2.870455519371046e-06
Customers_9929-PLVPA,2.8701543122836043e-06
TotalCharges_996.45,2.8690753078070696e-06
TotalCharges_369.6,2.864952608056453e-06
Customers_2205-LPVGL,2.8609603173500183e-06
TotalCharges_6306.5,2.853701236413887e-06
Customers_0607-MVMGC,2.8536945189013245e-06
Customers_1032-MAELW,2.8536821530930824e-06
TotalCharges_8424.9,2.8531289877874345e-06
TotalCharges_6293.2,2.84676357647628e-06
TotalCharges_7732.65,2.8458614723874406e-06
TotalCharges_7993.3,2.8436292823120388e-06
TotalCharges_1857.3,2.8431890876048053e-06
TotalCharges_3419.5,2.842233380796338e-06
Customers_3758-CKOQL,2.8414869794902814e-06
TotalCharges_8058.85,2.836162243835815e-06
Customers_7868-TMWMZ,2.832895350229451e-06
Customers_3410-YOQBQ,2.831413057289415e-06
TotalCharges_2236.2,2.831345896327869e-06
Customers_0505-SPOOW,2.8250036073379044e-06
Customers_4770-QAZXN,2.8241667193441593e-06
Customers_0731-EBJQB,2.822387178998424e-06
Customers_2450-ZKEED,2.8139591133209055e-06
TotalCharges_1580.1,2.8129043898444706e-06
Customers_9102-OXKFY,2.8125737363995217e-06
Customers_5546-QUERU,2.8122629349604525e-06
TotalCharges_5375.15,2.8099651764753258e-06
Customers_9958-MEKUC,2.8011791369519715e-06
TotalCharges_5903.15,2.795940143763764e-06
TotalCharges_2203.1,2.7857639272837033e-06
Customers_6260-XLACS,2.779209516165332e-06
TotalCharges_5032.25,2.7759538898607893e-06
Customers_1266-NZYUI,2.771242193643803e-06
Customers_0516-QREYC,2.7678963374532676e-06
TotalCharges_116.95,2.7673544156949875e-06
Customers_5930-GBIWP,2.7668820265145127e-06
Customers_1442-OKRJE,2.7635535853845498e-06
TotalCharges_571.75,2.7621873134575215e-06
TotalCharges_445.3,2.7604066721566756e-06
Customers_9027-TMATR,2.752410103070627e-06
Customers_8268-YDIXR,2.751561421588408e-06
Customers_1163-ONYEY,2.748984027322959e-06
TotalCharges_1816.2,2.7432924355267895e-06
TotalCharges_3068.6,2.741515769531505e-06
TotalCharges_1653.85,2.740992055268421e-06
TotalCharges_1386.8,2.737591365044351e-06
Customers_5172-RKOCB,2.7366116705143844e-06
Customers_9359-JANWS,2.726687401207034e-06
TotalCharges_279.5,2.7266106223717514e-06
Customers_9987-LUTYD,2.7226664889870528e-06
Customers_1226-JZNKR,2.7215404001413695e-06
Customers_2138-VFAPZ,2.7145213601421436e-06
TotalCharges_4378.8,2.7072692776060543e-06
TotalCharges_2961.4,2.6954657808677978e-06
TotalCharges_2722.2,2.691224923423346e-06
TotalCharges_1024,2.6907065624178725e-06
TotalCharges_54.7,2.687714904155623e-06
TotalCharges_4140.1,2.6875246332287954e-06
Customers_5135-GRQJV,2.683446741634038e-06
Customers_8990-YOZLV,2.6813463476674846e-06
TotalCharges_1177.05,2.680085439878818e-06
Customers_5917-HBSDW,2.6796559756522073e-06
Customers_9770-KXGQU,2.6789034998494592e-06
Customers_7696-AMHOD,2.678338736215786e-06
TotalCharges_8129.3,2.6782927627637447e-06
Customers_8819-WFGGJ,2.675068343826561e-06
TotalCharges_8331.95,2.671382627692797e-06
TotalCharges_394.85,2.6710842687392165e-06
Customers_7047-YXDMZ,2.670617636115268e-06
Customers_1027-LKKQQ,2.669158641887806e-06
Customers_6741-QRLUP,2.666922827809933e-06
Customers_0993-OSGPT,2.662035462042532e-06
TotalCharges_4543.95,2.6610384274009813e-06
Customers_7925-PNRGI,2.658400365011994e-06
TotalCharges_4885.85,2.6571615177728064e-06
TotalCharges_8192.6,2.650895626390648e-06
TotalCharges_314.95,2.6500809321872838e-06
Customers_3675-YDUPJ,2.6417154534178427e-06
Customers_6092-QZVPP,2.641668727170892e-06
Customers_0654-PQKDW,2.635258693793932e-06
Customers_6603-QWSPR,2.6312021681939745e-06
Customers_8738-JOKAR,2.630142286840625e-06
Customers_1534-OULXE,2.627171537198013e-06
Customers_2690-DVRVK,2.6264389225524475e-06
TotalCharges_5553.25,2.6189783712451396e-06
TotalCharges_5893.9,2.6176312708616158e-06
Customers_6064-PUPMC,2.6095939444647103e-06
Customers_3569-VLDHH,2.6078283885339284e-06
Customers_4636-TVXVG,2.6067827319907278e-06
Customers_5944-UGLLK,2.604003200449605e-06
TotalCharges_78.9,2.599222293620903e-06
Customers_2123-VSCOT,2.5951671988793095e-06
Customers_9553-DLCLU,2.589367963486295e-06
Customers_0214-JHPFW,2.588589828390823e-06
Customers_2120-SMPEX,2.588253176327902e-06
TotalCharges_1267.05,2.585707227202493e-06
TotalCharges_2921.75,2.5832163143244816e-06
Customers_5624-RYAMH,2.571040465850358e-06
TotalCharges_8594.4,2.570289248622253e-06
TotalCharges_1964.6,2.569917801148225e-06
TotalCharges_716.4,2.5666805245963476e-06
Customers_2724-FJDYW,2.565606773529586e-06
TotalCharges_7711.25,2.5629365496563395e-06
Customers_6878-GGDWG,2.562912995649424e-06
Customers_9938-ZREHM,2.558517093991877e-06
TotalCharges_2196.3,2.5566685793815135e-06
Customers_4430-YHXGG,2.5555278874115458e-06
TotalCharges_1924.1,2.5544508615926772e-06
Customers_4872-VXRIL,2.5494261896211624e-06
TotalCharges_1714.55,2.5446267875515066e-06
TotalCharges_601.55,2.540900671449468e-06
TotalCharges_178.8,2.540690071712596e-06
Customers_8681-ICONS,2.5364741417784223e-06
Customers_1053-MXTTK,2.530629113159186e-06
TotalCharges_2647.1,2.5301143423744426e-06
TotalCharges_169.75,2.528669052775294e-06
Customers_3669-WHAFY,2.5260678564889537e-06
Customers_3086-RUCRN,2.5234322396126047e-06
TotalCharges_2688.85,2.521600075492285e-06
Customers_8975-SKGRX,2.5200009576974207e-06
TotalCharges_2879.2,2.5197042294535677e-06
TotalCharges_4859.95,2.518821496898712e-06
Customers_0128-MKWSG,2.518784944562733e-06
TotalCharges_189.45,2.5173850707454534e-06
TotalCharges_1466.1,2.5153693400209487e-06
TotalCharges_8349.7,2.5140933397213573e-06
TotalCharges_5401.9,2.508665414377915e-06
Customers_8963-MQVYN,2.5083021837155054e-06
Customers_1796-JANOW,2.5064287262242897e-06
TotalCharges_109.5,2.503733592667134e-06
Customers_4626-OZDTJ,2.502776576215604e-06
Customers_6371-NZYEG,2.501631813778063e-06
Customers_2888-ADFAO,2.500158293392974e-06
TotalCharges_3665.55,2.4954934322457e-06
TotalCharges_1477.65,2.4940482713205317e-06
TotalCharges_1492.1,2.493669659590126e-06
Customers_4994-OBRSZ,2.49115688701395e-06
TotalCharges_6891.4,2.491055269972983e-06
TotalCharges_3824.2,2.48947073748479e-06
TotalCharges_566.5,2.4887298791425824e-06
Customers_8292-FRFZQ,2.4886141975154453e-06
Customers_1265-ZFOSD,2.488551583138502e-06
TotalCharges_1140.05,2.486559591068467e-06
Customers_5120-ZBLAI,2.4857536013122618e-06
TotalCharges_4542.35,2.485513225321582e-06
TotalCharges_7261.75,2.4844883133585668e-06
Customers_2054-PJOCK,2.4834909187181966e-06
Customers_6252-DFGTK,2.483132047963003e-06
TotalCharges_5598.3,2.4824528138852763e-06
TotalCharges_1678.05,2.4818838968888403e-06
Customers_8165-CBKXO,2.481753093099534e-06
Customers_9830-ECLEN,2.479676281819366e-06
TotalCharges_2657.55,2.4785308603005106e-06
Customers_1092-WPIVQ,2.4779706428244966e-06
Customers_4291-YZODP,2.4773298797682543e-06
Customers_6598-KELSS,2.476996008988251e-06
TotalCharges_2933.95,2.47374966269724e-06
Customers_8898-KASCD,2.4718640635622518e-06
TotalCharges_7511.3,2.4687150234496556e-06
Customers_2900-PHPLN,2.4659581511416854e-06
Customers_4676-WLUHT,2.4645398571713128e-06
Customers_5676-CFLYY,2.463495532242364e-06
TotalCharges_7767.25,2.462669664697228e-06
TotalCharges_3857.1,2.4609179796256568e-06
Customers_4024-CSNBY,2.459299440347451e-06
TotalCharges_2066,2.4584118246121894e-06
TotalCharges_2658.4,2.454855193698282e-06
Customers_5135-RDDQL,2.449167831077816e-06
Customers_5222-JCXZT,2.4486453527387744e-06
TotalCharges_42.7,2.446789439199163e-06
TotalCharges_7245.9,2.444228790476884e-06
TotalCharges_1932.75,2.4418428944000295e-06
Customers_1599-EAHXY,2.4416106881333046e-06
Customers_4697-LUPSU,2.4397365464173394e-06
Customers_1154-HYWWO,2.4382968099614914e-06
TotalCharges_3810.8,2.436549936112838e-06
Customers_1925-GMVBW,2.4356648145303717e-06
TotalCharges_73.45,2.4345437079802327e-06
Customers_0334-ZFJSR,2.43360771731303e-06
TotalCharges_697.25,2.431912214936359e-06
TotalCharges_73.1,2.4263833990808817e-06
TotalCharges_1327.4,2.4259459062313952e-06
Customers_3057-VJJQE,2.4250460786187344e-06
Customers_5387-ASZNZ,2.423190797715411e-06
TotalCharges_3600.65,2.4216337275161864e-06
Customers_9127-FHJBZ,2.4203240793081626e-06
TotalCharges_494.9,2.4198662845952363e-06
Customers_8571-ZCMCX,2.4194674494004618e-06
Customers_4980-URKXC,2.4169198029048545e-06
TotalCharges_300.7,2.4140567208531456e-06
TotalCharges_2627.35,2.412935790210064e-06
TotalCharges_8312.4,2.4104441838669138e-06
Customers_1557-EMYVT,2.409977058705458e-06
TotalCharges_2680.15,2.4095686995915244e-06
TotalCharges_3834.4,2.398687960090975e-06
TotalCharges_8244.3,2.398589331614262e-06
Customers_8138-EALND,2.3984042049452246e-06
TotalCharges_1733.15,2.3973466233440696e-06
TotalCharges_3877.65,2.39631375900533e-06
TotalCharges_6643.5,2.3916363393469996e-06
Customers_5627-TVBPP,2.385707037063152e-06
Customers_6439-PKTRR,2.3842802174448925e-06
Customers_8670-MEFCP,2.383040394680114e-06
TotalCharges_1939.35,2.377713530104343e-06
Customers_6586-PSJOX,2.373099834619588e-06
Customers_0023-UYUPN,2.3702963088142648e-06
TotalCharges_615.35,2.36796609033339e-06
TotalCharges_8405,2.3612329727907414e-06
TotalCharges_106.8,2.3606160194783357e-06
Customers_4801-KFYKL,2.3598424897317337e-06
TotalCharges_5071.9,2.355196369221642e-06
TotalCharges_4549.05,2.351558897737396e-06
TotalCharges_7581.5,2.3512837554514324e-06
TotalCharges_1524.85,2.3495331868183863e-06
TotalCharges_5471.75,2.3463174718250684e-06
Customers_9199-PWQVC,2.3457823482920336e-06
TotalCharges_112.75,2.343784163236791e-06
TotalCharges_251.65,2.340552361701456e-06
TotalCharges_3043.6,2.3398183172042013e-06
Customers_9738-QLWTP,2.3396491950110214e-06
Customers_0536-ESJEP,2.3389235435071564e-06
TotalCharges_2198.3,2.33236045117311e-06
TotalCharges_4891.5,2.331769041813584e-06
Customers_0907-HQNTS,2.331430319959529e-06
Customers_5038-ETMLM,2.328386063590612e-06
Customers_6490-FGZAT,2.3277007061728985e-06
TotalCharges_5435,2.3270002965787295e-06
Customers_6671-NGWON,2.325339263398048e-06
Customers_9253-VIFJQ,2.324491715558816e-06
TotalCharges_4069.9,2.322654583397802e-06
TotalCharges_3753.2,2.3226044548050195e-06
TotalCharges_812.4,2.3200053593620866e-06
Customers_6719-FGEDO,2.3185123137719647e-06
TotalCharges_1802.55,2.31832741474142e-06
TotalCharges_1108,2.315341535908477e-06
Customers_7608-RGIRO,2.3107961130575764e-06
Customers_3727-OVPRY,2.310620814219881e-06
Customers_9018-PCIOK,2.3093323711141757e-06
Customers_0787-LHDYT,2.3079277242950094e-06
Customers_7623-HKYRK,2.3069650740329723e-06
Customers_6286-ZHAOK,2.3054307499885506e-06
TotalCharges_1292.2,2.3001105987811693e-06
Customers_5712-VBOXD,2.29840923984909e-06
TotalCharges_4103.9,2.297907653357289e-06
Customers_6377-KSLXC,2.2966109291164894e-06
TotalCharges_4487.3,2.296388280595527e-06
TotalCharges_6094.25,2.2952800171999897e-06
Customers_5039-LZRQT,2.2951313077004476e-06
TotalCharges_4119.4,2.2921568396404794e-06
Customers_4615-PIVVU,2.291915846689824e-06
TotalCharges_2635,2.291556627457481e-06
TotalCharges_40.9,2.291373325848823e-06
TotalCharges_3541.1,2.2886179604544225e-06
TotalCharges_3838.2,2.28740270646031e-06
Customers_1345-GKDZZ,2.2862997791222067e-06
Customers_4549-ZDQYY,2.2809224901469375e-06
Customers_5795-KTGUD,2.2784798679650045e-06
TotalCharges_734.6,2.2781045928771598e-06
Customers_7247-XOZPB,2.277838106057092e-06
Customers_8815-LMFLX,2.276505253725069e-06
TotalCharges_2696.55,2.2760982944001397e-06
TotalCharges_2369.7,2.273515738281097e-06
TotalCharges_2962,2.2733058956651815e-06
TotalCharges_2258.25,2.2717481327152646e-06
TotalCharges_1505.9,2.2679105789332905e-06
TotalCharges_1087.45,2.2667556322993135e-06
TotalCharges_4217.8,2.2653252223738146e-06
Customers_1506-YJTYT,2.25761720333287e-06
Customers_1045-LTCYT,2.2495046384032977e-06
TotalCharges_6362.35,2.247965439071112e-06
TotalCharges_185.2,2.2473572320769662e-06
TotalCharges_4824.45,2.2473308851374122e-06
Customers_2351-BKRZW,2.245911135734585e-06
TotalCharges_101.9,2.244557831131136e-06
TotalCharges_222.65,2.239286183487707e-06
Customers_6901-GOGZG,2.238841050159887e-06
Customers_2223-GDSHL,2.237758842698062e-06
Customers_1779-PWPMG,2.2359343195725144e-06
Customers_1488-PBLJN,2.235000160016849e-06
Customers_2703-AMTUL,2.2348126997427176e-06
Customers_9350-ZXYJC,2.231232246327581e-06
Customers_3813-DHBBB,2.2299867989059365e-06
TotalCharges_3952.65,2.2283680321304335e-06
Customers_1131-QQZEB,2.2277976173517777e-06
TotalCharges_4230.25,2.2272957007336804e-06
TotalCharges_2790.65,2.2260192540233393e-06
TotalCharges_6416.7,2.2239249776169926e-06
Customers_4304-XUMGI,2.2237386082850692e-06
Customers_2664-XJZNO,2.223392656117954e-06
Customers_6050-FFXES,2.222526959400106e-06
TotalCharges_4390.25,2.217744106918672e-06
Customers_6339-RZCBJ,2.2163365358967347e-06
TotalCharges_413,2.215521976098952e-06
Customers_1116-FRYVH,2.2138401608191705e-06
Customers_1904-WAJAA,2.2135597713576577e-06
Customers_4565-EVZMJ,2.2119989285669777e-06
Customers_0572-ZJKLT,2.199298294608634e-06
Customers_1090-PYKCI,2.1976252162650255e-06
TotalCharges_5963.95,2.1972933678150035e-06
TotalCharges_5196.1,2.193359491284879e-06
TotalCharges_93.45,2.1914724239738928e-06
Customers_8639-NHQEI,2.1893579070837856e-06
Customers_6663-JOCQO,2.189109556013266e-06
Customers_8659-IOOPU,2.1889934881458076e-06
TotalCharges_2193.2,2.188863127328112e-06
Customers_7710-JSYOA,2.1867630090958866e-06
Customers_8480-PPONV,2.184755472807228e-06
Customers_1414-YADCW,2.1840164347377325e-06
Customers_2096-XOTMO,2.1825713353391655e-06
Customers_3810-DVDQQ,2.1822409274169164e-06
Customers_6979-TNDEU,2.18124919048342e-06
TotalCharges_1255.1,2.180347353324863e-06
TotalCharges_2130.45,2.1785918554067956e-06
Customers_6837-BJYDQ,2.1731963297490142e-06
TotalCharges_4055.5,2.1713864661977126e-06
TotalCharges_4250.1,2.170655578352287e-06
Customers_0661-KQHNK,2.1692835911043147e-06
Customers_3178-CIFOT,2.1688229862608066e-06
Customers_3280-MRDOF,2.165545646975389e-06
Customers_5130-YPIRV,2.1633510149940943e-06
Customers_7017-VFHAY,2.162101121911789e-06
TotalCharges_389.25,2.1603811731661086e-06
TotalCharges_470.6,2.156412612948866e-06
Customers_1991-VOPLL,2.1555177424770305e-06
TotalCharges_107.05,2.153030623025757e-06
Customers_2361-FJWNO,2.1530216706664853e-06
TotalCharges_8152.3,2.149226967723635e-06
Customers_0533-UCAAU,2.149124361326561e-06
TotalCharges_6293.45,2.146657373998468e-06
TotalCharges_3273.95,2.1461234667761467e-06
Customers_3275-RHRNE,2.1457485834886285e-06
TotalCharges_3729.6,2.1455718295896264e-06
Customers_3067-SVMTC,2.145251167027805e-06
Customers_6752-APNJL,2.1431549114039264e-06
Customers_2933-XEUJM,2.141176560109502e-06
Customers_0380-ZCSBI,2.1408087929307457e-06
TotalCharges_4732.35,2.1389505318854895e-06
TotalCharges_5924.4,2.138331702423507e-06
Customers_3026-ATZYV,2.128957607455554e-06
Customers_7633-MVPUY,2.128756363053316e-06
TotalCharges_1874.45,2.1267736775827055e-06
TotalCharges_7234.8,2.1210034393850904e-06
Customers_3407-JMJQQ,2.1179187378819398e-06
TotalCharges_1564.05,2.1164229637629536e-06
Customers_7139-JZFVG,2.113203635176352e-06
Customers_3638-WEABW,2.1066866763212593e-06
TotalCharges_199.45,2.1066187826950062e-06
TotalCharges_4689.15,2.104344344033283e-06
Customers_7435-ZNUYY,2.1038357106996905e-06
TotalCharges_8013.55,2.1021486035213403e-06
TotalCharges_4858.7,2.1002290363946925e-06
TotalCharges_4456.35,2.0960418502936713e-06
TotalCharges_3694.45,2.0959286034665985e-06
Customers_7542-CYDDM,2.0932616339913275e-06
TotalCharges_1423.35,2.0913776969750344e-06
Customers_5158-RIVOP,2.0892059181816715e-06
Customers_4860-YZGZM,2.084600890701836e-06
Customers_0743-HNPFG,2.084336277551544e-06
TotalCharges_4908.25,2.0793018269890327e-06
TotalCharges_1782,2.077338768423856e-06
Customers_4369-NYSCF,2.074092194334356e-06
Customers_2632-IVXVF,2.073547562138427e-06
TotalCharges_3379.25,2.071795093857859e-06
TotalCharges_1982.1,2.070934496914128e-06
Customers_9880-TDQAC,2.0694398164160537e-06
TotalCharges_5013,2.068963181674897e-06
Customers_7973-DZRKH,2.067199478512055e-06
TotalCharges_1253.8,2.0670483031091807e-06
TotalCharges_402.85,2.0631191756019723e-06
TotalCharges_7795.95,2.062749021647665e-06
TotalCharges_2633.3,2.0621256061383565e-06
Customers_6418-PIQSP,2.060688995884138e-06
TotalCharges_302.45,2.0600593269303543e-06
Customers_3740-RLMVT,2.0568327157516097e-06
TotalCharges_369.1,2.0560359428790576e-06
TotalCharges_2211.8,2.0554497289991946e-06
TotalCharges_4748.7,2.0547836177794617e-06
TotalCharges_2983.65,2.054739675277919e-06
Customers_5855-EIBDE,2.052781408543207e-06
Customers_7996-MHXLW,2.0527793755356568e-06
Customers_0208-BPQEJ,2.0527785234920116e-06
Customers_9581-GVBXT,2.0524847269893575e-06
Customers_8265-HKSOW,2.0508644237446757e-06
TotalCharges_2893.4,2.0467369521914854e-06
TotalCharges_3975.7,2.0466205296062455e-06
TotalCharges_6563.4,2.046190450611398e-06
TotalCharges_8672.45,2.0436605788486804e-06
TotalCharges_7114.25,2.0387503502840436e-06
TotalCharges_3423.5,2.0372517451921076e-06
TotalCharges_4983.05,2.033723536841925e-06
TotalCharges_3465.7,2.0328116883482164e-06
TotalCharges_34.8,2.030874989194001e-06
Customers_6234-RAAPL,2.029621699998107e-06
Customers_1621-YNCJH,2.029361275901621e-06
TotalCharges_3580.95,2.0280928317654345e-06
Customers_3401-URHDA,2.027408753592941e-06
TotalCharges_411.15,2.027062846047534e-06
TotalCharges_3478.75,2.0261139406458488e-06
Customers_9625-QNLUX,2.025790440593631e-06
Customers_4778-IZARL,2.0243799761900846e-06
TotalCharges_109.3,2.0242927427162095e-06
Customers_0356-OBMAC,2.022069078406168e-06
TotalCharges_284.3,2.0214118978339417e-06
TotalCharges_150.6,2.020063714570273e-06
TotalCharges_5831.2,2.017192198120708e-06
TotalCharges_4459.15,2.015939033193925e-06
Customers_5451-YHYPW,2.015832522853749e-06
TotalCharges_4060.9,2.0134986838847355e-06
Customers_1480-BKXGA,2.0120469585085017e-06
Customers_8631-XVRZL,2.0037645870528703e-06
TotalCharges_117.8,2.001961023845469e-06
Customers_6993-YGFJV,2.001153824156757e-06
TotalCharges_2879.9,2.0008324928527903e-06
Customers_1452-UZOSF,1.999112000901344e-06
Customers_2789-CZANW,1.993143781597535e-06
TotalCharges_161.95,1.9924413605762626e-06
Customers_7018-FPXHH,1.9919071065842703e-06
Customers_0487-CRLZF,1.9905262044818665e-06
Customers_3551-GAEGL,1.9869133646666422e-06
Customers_3043-SUDUA,1.9844788853758795e-06
TotalCharges_412.6,1.9831249790108515e-06
Customers_8029-XYPWT,1.981455229527214e-06
Customers_2380-DAMQP,1.9814392616965904e-06
TotalCharges_4226.7,1.9734282379575067e-06
Customers_1498-DQNRX,1.9717796684254454e-06
TotalCharges_4096.9,1.9710056981753028e-06
TotalCharges_341.35,1.97029390723807e-06
Customers_1539-LNKHM,1.969974600269567e-06
TotalCharges_391.7,1.9681511761111e-06
Customers_4116-IQRFR,1.964140501841042e-06
Customers_9867-NNXLC,1.9632024947755544e-06
TotalCharges_6310.9,1.96262404925042e-06
TotalCharges_7283.25,1.9623028800905153e-06
TotalCharges_275.4,1.960141321741256e-06
TotalCharges_8306.05,1.9594418907754527e-06
Customers_3957-HHLMR,1.9563469221389367e-06
TotalCharges_2960.1,1.9496877681735374e-06
TotalCharges_306.05,1.9443328818932457e-06
TotalCharges_141.1,1.944183220338657e-06
Customers_1492-KGETH,1.9411081953693294e-06
Customers_2234-EOFPT,1.938579065582744e-06
Customers_8404-VIOMB,1.9371805390751594e-06
TotalCharges_1798.65,1.936307315517609e-06
TotalCharges_193.05,1.934434786605251e-06
Customers_9411-TPQQV,1.9344059298026695e-06
TotalCharges_8543.25,1.9339280139031037e-06
TotalCharges_3175.85,1.9325518140745608e-06
Customers_6810-VCAEX,1.9324240482080532e-06
Customers_0621-CXBKL,1.9318030813341163e-06
TotalCharges_2431.95,1.928286853789932e-06
Customers_1930-BZLHI,1.9277979346019998e-06
Customers_9575-IWCAZ,1.9257769829910057e-06
Customers_2673-ZALNP,1.9240431493792495e-06
TotalCharges_2264.5,1.9239873843406048e-06
TotalCharges_1785.65,1.923354471950945e-06
Customers_8851-RAGOV,1.9232942618799695e-06
Customers_1563-IWQEX,1.921769792999532e-06
TotalCharges_3751.15,1.9208762211722837e-06
Customers_3605-JISKB,1.918822289296324e-06
TotalCharges_6352.4,1.916519930267288e-06
Customers_7921-BEPCI,1.9163654969723737e-06
Customers_6963-KQYQB,1.9160522111800497e-06
TotalCharges_424.5,1.9145964678305872e-06
TotalCharges_86.35,1.9121793045255924e-06
Customers_1237-WIYYZ,1.9112386347464416e-06
TotalCharges_6589.6,1.9108852214855975e-06
Customers_9546-KDTRB,1.9060990366059377e-06
Customers_3682-YEUWS,1.9029509905644536e-06
TotalCharges_2919.85,1.9026189254015888e-06
Customers_2509-TFPJU,1.9005214106397974e-06
TotalCharges_4616.05,1.898933080579167e-06
Customers_1172-VIYBP,1.898889960252313e-06
TotalCharges_4953.25,1.896870799753349e-06
Customers_0459-SPZHJ,1.895450508689337e-06
TotalCharges_1498.35,1.8947627178384337e-06
Customers_0487-VVUVK,1.8931688339484724e-06
TotalCharges_7711.45,1.8927412079432665e-06
Customers_2878-RMWXY,1.8926228604321577e-06
Customers_3911-RSNHI,1.8915024144662756e-06
TotalCharges_198.7,1.8907222969878233e-06
Customers_2739-CCZMB,1.88902597363135e-06
Customers_5605-XNWEN,1.887068100513868e-06
Customers_4890-VMUAV,1.8852497021403737e-06
TotalCharges_232.1,1.8848575087751768e-06
Customers_1043-UXOVO,1.8822834880243323e-06
TotalCharges_8078.1,1.88107447158858e-06
Customers_1641-BYBTK,1.8784734311913447e-06
Customers_3166-PNEOF,1.8730246071882454e-06
Customers_0945-TSONX,1.8728804227563062e-06
Customers_8085-MSNLK,1.871308633462411e-06
Customers_3654-ARMGP,1.8687919858625417e-06
TotalCharges_8308.9,1.86812411883901e-06
TotalCharges_6302.8,1.8667137067728964e-06
TotalCharges_3603.45,1.864525112408526e-06
TotalCharges_415.9,1.862998233230612e-06
Customers_2371-JUNGC,1.8615437048068955e-06
TotalCharges_4284.2,1.8598353780963328e-06
TotalCharges_1013.6,1.8561938906838239e-06
Customers_2160-GPFXD,1.8560015732279304e-06
TotalCharges_563.05,1.8554274889336758e-06
TotalCharges_162.3,1.8534031244947395e-06
TotalCharges_1630.4,1.8517189513509243e-06
TotalCharges_7922.75,1.8514466767814333e-06
Customers_2862-JVEOY,1.8480475242147831e-06
TotalCharges_299.4,1.8478951768335708e-06
Customers_0906-QVPMS,1.8472243374378715e-06
TotalCharges_3169.55,1.8446559792878684e-06
Customers_6040-CGACY,1.8441392339001883e-06
Customers_6543-JXSOO,1.8414443388310445e-06
TotalCharges_507.4,1.8409302929845176e-06
Customers_9150-KPBJQ,1.8371173414925792e-06
TotalCharges_1066.15,1.8350682206006185e-06
Customers_7609-YBPXG,1.8347843721617656e-06
TotalCharges_2339.3,1.834763731840413e-06
Customers_1265-BCFEO,1.8334568647076167e-06
TotalCharges_2976.95,1.8319216416007336e-06
TotalCharges_223.9,1.8317303881151155e-06
TotalCharges_6046.1,1.8311659233887058e-06
TotalCharges_4003,1.826187435827569e-06
Customers_9055-MOJJJ,1.8248820325062618e-06
Customers_4750-UKWJK,1.8236201694629562e-06
Customers_4664-NJCMS,1.821328015100596e-06
Customers_6516-NKQBO,1.8203005203768174e-06
Customers_7995-ZHHNZ,1.8189741773709614e-06
TotalCharges_5031,1.8183954676549528e-06
TotalCharges_8093.15,1.8181144640131641e-06
Customers_6603-YRDCJ,1.8175238635117102e-06
TotalCharges_2588.95,1.8172374350100057e-06
Customers_6870-ECSHE,1.8164180754825571e-06
Customers_2729-VNVAP,1.8159935893302024e-06
TotalCharges_104.3,1.814042796282319e-06
TotalCharges_4819.75,1.8131122451936359e-06
TotalCharges_311.6,1.8123359962233636e-06
TotalCharges_3521.7,1.8121417172049492e-06
TotalCharges_4820.55,1.8119968111933e-06
TotalCharges_1937.4,1.810089979850896e-06
TotalCharges_1840.75,1.8080727397663842e-06
TotalCharges_8333.95,1.807846580773183e-06
TotalCharges_8182.75,1.8053904480965478e-06
Customers_8597-CTXVJ,1.8035761828397427e-06
Customers_0771-CHWSK,1.798527873801212e-06
Customers_4178-EGMON,1.798296849179337e-06
Customers_7711-YIJWC,1.7973942769450424e-06
TotalCharges_1382.9,1.7920438235016013e-06
Customers_9746-YKGXB,1.7889933409574976e-06
Customers_0556-FJEGU,1.7796210528335672e-06
TotalCharges_4263.4,1.7781669671005954e-06
TotalCharges_529.8,1.771714133271778e-06
Customers_7340-KEFQE,1.7699763997372376e-06
Customers_1051-EQPZR,1.7693408324816107e-06
Customers_8295-FHIVV,1.767313459765969e-06
TotalCharges_3462.1,1.765676366431043e-06
Customers_7234-KMNRQ,1.7648922527451077e-06
Customers_9730-DRTMJ,1.7645429325633702e-06
Customers_1140-UKVZG,1.7639854468065648e-06
Customers_6674-KVJHG,1.763587279113834e-06
TotalCharges_93.4,1.7631278706254576e-06
Customers_4942-VZZOM,1.762904563517999e-06
Customers_0347-UBKUZ,1.7628505095434432e-06
TotalCharges_432.5,1.7598427965426996e-06
Customers_7963-SHNDT,1.7588673066962151e-06
Customers_7619-PLRLP,1.7550061187401292e-06
TotalCharges_227.45,1.7544509555993639e-06
Customers_5393-HJZSM,1.7532721259696043e-06
TotalCharges_755.4,1.7515638819242866e-06
Customers_3976-HXHCE,1.7483890270811152e-06
Customers_2717-HVIZY,1.7481153984496462e-06
TotalCharges_7556.9,1.7466937705467884e-06
Customers_2606-PKWJB,1.745847346251709e-06
TotalCharges_4368.95,1.745015087675623e-06
Customers_3902-MIVLE,1.7446758498625603e-06
TotalCharges_4818.8,1.7442062626830088e-06
Customers_4063-EIKNQ,1.7431752687685926e-06
Customers_6510-UPNKS,1.7422354186582507e-06
Customers_0020-JDNXP,1.742176553006177e-06
TotalCharges_973.95,1.7418614724353955e-06
Customers_5322-ZSMZY,1.7412843131725797e-06
TotalCharges_3571.6,1.7411664603363985e-06
Customers_3950-VPYJB,1.7397064710000226e-06
Customers_4808-YNLEU,1.7384459834566359e-06
TotalCharges_5574.35,1.7380214585899684e-06
Customers_9512-PHSMG,1.737070297376661e-06
Customers_7795-CFOCW,1.7370639178323e-06
TotalCharges_7542.25,1.7369765431814287e-06
Customers_7030-FZTFM,1.7363244663484203e-06
Customers_9670-BPNXF,1.7352280306525808e-06
Customers_6584-VQMYT,1.7345460412110094e-06
Customers_0754-EEBDC,1.7330297045392154e-06
Customers_5183-KLYEM,1.7325519083821338e-06
TotalCharges_4322.85,1.730332450243731e-06
TotalCharges_272.95,1.7295642855232735e-06
TotalCharges_6925.9,1.728760108698342e-06
Customers_3500-NSDOA,1.7266051743625746e-06
TotalCharges_129.15,1.7257092022057909e-06
Customers_8060-HIWJJ,1.7229612039238487e-06
TotalCharges_6849.75,1.721918448492922e-06
Customers_9127-QRZMH,1.7211675308031097e-06
Customers_3585-YNADK,1.7201373574199853e-06
TotalCharges_6350.5,1.7185034352218803e-06
Customers_0730-BGQGF,1.7165228315453443e-06
TotalCharges_8277.05,1.7160985478796675e-06
TotalCharges_770.4,1.7141893755272036e-06
TotalCharges_122,1.7137595280558884e-06
Customers_5914-XRFQB,1.7137103229708026e-06
Customers_2239-CGBUZ,1.7136742680988426e-06
TotalCharges_4362.05,1.7128820100190634e-06
Customers_0795-LAFGP,1.711706102183812e-06
Customers_6048-UWKAL,1.7104179636439092e-06
TotalCharges_2204.35,1.7089021202061646e-06
TotalCharges_7159.05,1.7086574532922899e-06
Customers_6147-CBCRA,1.7084590874442287e-06
Customers_7665-NKLAV,1.7078388693892557e-06
Customers_9786-YWNHU,1.707298498423786e-06
TotalCharges_1454.25,1.7066517214862795e-06
Customers_1866-NXPSP,1.7037442354104107e-06
TotalCharges_5743.3,1.702534746992816e-06
TotalCharges_3112.05,1.7013805030112203e-06
Customers_5955-EPOAZ,1.7001318318050347e-06
TotalCharges_7104.2,1.6996500819515433e-06
TotalCharges_723.3,1.6952612278693658e-06
TotalCharges_251.6,1.6949729133144855e-06
TotalCharges_3077,1.6934716805601962e-06
TotalCharges_7842.3,1.6906133728345705e-06
TotalCharges_2421.6,1.6890962848501557e-06
TotalCharges_294.5,1.6881721747436556e-06
TotalCharges_4720,1.6864640812361368e-06
TotalCharges_3770,1.6843963386402129e-06
Customers_4393-OBCRR,1.681138360867942e-06
TotalCharges_144.35,1.6803326709519686e-06
Customers_3841-NFECX,1.6797783535650848e-06
TotalCharges_3045.75,1.6736478760028185e-06
TotalCharges_232.4,1.6724899102352677e-06
TotalCharges_186.15,1.6705349299233306e-06
Customers_0635-WKOLD,1.6697290046593582e-06
TotalCharges_1061.6,1.665123036348701e-06
TotalCharges_1756.2,1.6642944496734132e-06
TotalCharges_6994.8,1.6617143642979706e-06
Customers_9548-ZMVTX,1.6593423204564262e-06
TotalCharges_4134.7,1.6579853684784225e-06
TotalCharges_2386.85,1.6574361732372885e-06
Customers_3458-IDMFK,1.6562435215887672e-06
TotalCharges_978,1.654811070137928e-06
TotalCharges_3512.15,1.65342768781533e-06
Customers_4797-MIWUM,1.6527633971790204e-06
Customers_6481-LXPWL,1.6519185033547322e-06
Customers_8469-SNFFH,1.6515414034094025e-06
Customers_4936-YPJNK,1.6514977853957606e-06
Customers_2581-VKIRT,1.6512030195963614e-06
Customers_7670-ZBPOQ,1.6483414477301715e-06
Customers_4609-KNNWG,1.6481988139346424e-06
Customers_1431-AIDJQ,1.6411107253370527e-06
TotalCharges_1072.6,1.6399734798546522e-06
TotalCharges_3019.7,1.6393974296789615e-06
Customers_8317-BVKSO,1.6333157095397156e-06
Customers_9560-BBZXK,1.6329556392075027e-06
Customers_1240-HCBOH,1.6324387186946306e-06
Customers_2405-LBMUW,1.6310966323437378e-06
TotalCharges_3815.4,1.6291928456615198e-06
Customers_7968-QUXNS,1.6284950846878572e-06
TotalCharges_1087.25,1.6259266320451661e-06
TotalCharges_6065.3,1.624930465195039e-06
TotalCharges_121.25,1.62443069912281e-06
Customers_2495-TTHBQ,1.6240042955731347e-06
Customers_1354-YZFNB,1.622630341971148e-06
TotalCharges_2302.35,1.6220966219381932e-06
TotalCharges_157.65,1.6220524869850033e-06
TotalCharges_3566.7,1.6209680486447974e-06
Customers_9795-NREXC,1.619914052572754e-06
TotalCharges_675.6,1.617474011458653e-06
Customers_6229-UOLQL,1.6160502446180147e-06
Customers_7055-JCGNI,1.6129288214705722e-06
Customers_0567-XRHCU,1.6127201154911693e-06
Customers_7951-VRDVK,1.6112306624376621e-06
TotalCharges_218.5,1.6111670406678753e-06
TotalCharges_8164.1,1.6099742092181518e-06
TotalCharges_1547.35,1.608889568629527e-06
TotalCharges_270.15,1.606984563711499e-06
TotalCharges_2395.05,1.603845275849439e-06
Customers_7777-UNYHB,1.599653573546144e-06
Customers_3372-CDXFJ,1.5979358129391036e-06
TotalCharges_387.9,1.5926769836801419e-06
Customers_9871-ELEYA,1.5921226283958199e-06
Customers_1702-CCFNJ,1.5916800975261975e-06
Customers_2193-SFWQW,1.5910736520755922e-06
TotalCharges_7806.5,1.5900720034412387e-06
TotalCharges_8058.55,1.5897572993729937e-06
TotalCharges_8041.65,1.5893401470036793e-06
Customers_0234-TEVTT,1.5872953894457053e-06
TotalCharges_3480.35,1.5846809646636586e-06
TotalCharges_461.3,1.5828361171289779e-06
TotalCharges_5129.3,1.5783638509951377e-06
Customers_1642-HMARX,1.5773841698411384e-06
TotalCharges_8289.2,1.576340376246414e-06
Customers_3892-NXAZG,1.5731674565455842e-06
Customers_8468-FZTOE,1.5726961130984585e-06
Customers_7665-VIGUD,1.572607460924626e-06
Customers_9194-GFVOI,1.571880634349507e-06
TotalCharges_294.9,1.5716228741044943e-06
Customers_6082-GLJIX,1.5710735222194042e-06
TotalCharges_1082.75,1.570144094595615e-06
TotalCharges_1563.95,1.5697921870179505e-06
TotalCharges_8175.9,1.5669413627122519e-06
TotalCharges_174.7,1.5667923967290316e-06
TotalCharges_1638.7,1.5629385176747466e-06
TotalCharges_1521.2,1.5622853715337507e-06
TotalCharges_8248.5,1.5614097476688819e-06
Customers_9531-NSBMR,1.556565778961298e-06
Customers_8395-ETZKQ,1.5480489999079048e-06
Customers_8882-TLVRW,1.5458497297170227e-06
Customers_8328-SKJNO,1.5446438129566245e-06
Customers_2351-RRBUE,1.5440879952202622e-06
TotalCharges_3510.3,1.5434730762410026e-06
Customers_5684-FJVYR,1.542289604381099e-06
TotalCharges_5727.15,1.5417904557387902e-06
Customers_5602-BVFMK,1.539989691141023e-06
TotalCharges_320.45,1.5396412161152524e-06
Customers_5846-NEQVZ,1.5392946670868328e-06
TotalCharges_3894.4,1.538971620325861e-06
Customers_7599-NTMDP,1.5368438226180524e-06
Customers_5472-CVMDX,1.5359438932714686e-06
Customers_8573-CGOCC,1.5353599425057955e-06
Customers_7301-ABVAD,1.5344893909081188e-06
Customers_8587-XYZSF,1.5341449546903205e-06
Customers_1177-XZBJL,1.5334128145087677e-06
TotalCharges_2419.55,1.5328041898372862e-06
Customers_9239-GZHZE,1.532358820108691e-06
Customers_4616-EWBNJ,1.5282176960579835e-06
TotalCharges_2799.75,1.5252805796161476e-06
Customers_5456-ITGIC,1.5240645820106646e-06
TotalCharges_2345.55,1.5236432116462917e-06
Customers_6754-WKSHP,1.5193377090664685e-06
TotalCharges_7966.9,1.5178272608391974e-06
Customers_2753-JMMCV,1.5167510125157736e-06
Customers_7094-MSZAO,1.5140576898013749e-06
TotalCharges_882.55,1.5133758816501607e-06
TotalCharges_5956.85,1.5124582962072067e-06
TotalCharges_6140.85,1.5114320467888266e-06
TotalCharges_5897.4,1.5110782434557808e-06
Customers_1222-KJNZD,1.5081371160600938e-06
Customers_8207-DMRVL,1.504130576833372e-06
Customers_8046-DNVTL,1.5038325485779782e-06
TotalCharges_3058.15,1.5034489817098549e-06
TotalCharges_3682.45,1.5011991574440705e-06
Customers_1866-DIOQZ,1.5008093987930046e-06
Customers_9135-MGVPY,1.4997560847704012e-06
Customers_9570-KYEUA,1.4983995536087174e-06
TotalCharges_3870,1.4977861775815023e-06
Customers_4723-BEGSG,1.497418242673654e-06
Customers_2809-ILCYT,1.4958835856998502e-06
TotalCharges_6096.9,1.4935414206443474e-06
Customers_7274-CGTOD,1.4895102699369112e-06
Customers_4671-VJLCL,1.4885162567351248e-06
TotalCharges_2884.9,1.4870357733905487e-06
TotalCharges_5484.4,1.4848425386460194e-06
TotalCharges_2985.25,1.4820526277859398e-06
Customers_2164-SOQXL,1.479654211415769e-06
Customers_7503-EPSZW,1.4796278978308454e-06
TotalCharges_34.75,1.4789029011256209e-06
TotalCharges_4213.9,1.4783053361993303e-06
Customers_5788-YPOEG,1.4767307008814927e-06
TotalCharges_475.25,1.476085628416729e-06
TotalCharges_429.55,1.4748380486518065e-06
Customers_9110-HSGTV,1.4745406462044688e-06
TotalCharges_3795.45,1.4725621407257852e-06
Customers_1676-MQAOA,1.4713781701770513e-06
Customers_1089-XZWHH,1.468880101740246e-06
TotalCharges_3686.05,1.4671688435273804e-06
TotalCharges_6448.85,1.4667761524914898e-06
TotalCharges_5264.5,1.4662572633666225e-06
Customers_8097-OMULG,1.4633420737761122e-06
TotalCharges_5986.55,1.461014812415901e-06
TotalCharges_3632,1.4589641536653095e-06
TotalCharges_2692.75,1.4578897169544236e-06
TotalCharges_4361.55,1.457341082772283e-06
Customers_3727-OWVYD,1.457164713239406e-06
TotalCharges_6093.3,1.4564704192189308e-06
Customers_0336-PIKEI,1.4552506210848301e-06
Customers_9967-ATRFS,1.454630229574507e-06
TotalCharges_641.15,1.4542551713907131e-06
TotalCharges_5011.15,1.4540643571918555e-06
TotalCharges_8297.5,1.451330687691892e-06
Customers_8510-BBWMU,1.4507875671130442e-06
TotalCharges_178.85,1.449269188898442e-06
TotalCharges_3739.8,1.4481432340276017e-06
TotalCharges_76.65,1.4465837743110238e-06
TotalCharges_745.3,1.4447035655564662e-06
TotalCharges_3772.5,1.443969452831648e-06
TotalCharges_3478.15,1.440192498052229e-06
TotalCharges_198.6,1.4395209804779591e-06
Customers_8039-ACLPL,1.4391406697735596e-06
Customers_3387-PLKUI,1.4379100113978442e-06
Customers_8204-TIFGJ,1.4375150701330556e-06
Customers_0374-FIUCA,1.436727433945053e-06
TotalCharges_6705.7,1.4326690970677225e-06
TotalCharges_1198.05,1.4304933055888887e-06
TotalCharges_3409.1,1.4303969392843332e-06
TotalCharges_864.55,1.4297939322338383e-06
TotalCharges_367.55,1.429470857708691e-06
TotalCharges_4464.8,1.4273884537226985e-06
Customers_1763-KUAAW,1.426400973768149e-06
Customers_2829-HYVZP,1.4263019829657664e-06
TotalCharges_973.1,1.423784435525331e-06
Customers_0428-AXXLJ,1.4229970974533718e-06
TotalCharges_5309.5,1.4216813194028734e-06
TotalCharges_415.4,1.420093436384629e-06
Customers_6131-JLWZM,1.419659135415006e-06
Customers_1352-HNSAW,1.4175978769198737e-06
TotalCharges_422.5,1.413157665231576e-06
Customers_2791-SFVEW,1.4108713523405847e-06
Customers_5186-PEIZU,1.4097933233234955e-06
Customers_7639-OPLNG,1.4097146773044508e-06
TotalCharges_638,1.4064592909883258e-06
Customers_5129-HHMZC,1.4037359783480124e-06
TotalCharges_180.7,1.4020500512125649e-06
Customers_6217-KDYWC,1.402015816348314e-06
Customers_3021-VLNRJ,1.3948993822226753e-06
TotalCharges_1901.25,1.3938898296287296e-06
TotalCharges_3778.2,1.393325743622193e-06
TotalCharges_2862.55,1.392422698345696e-06
Customers_1837-YQUCE,1.3908417740747394e-06
Customers_8050-DVOJX,1.3906421666010787e-06
Customers_1535-VTJOQ,1.3877527370877548e-06
Customers_2256-YLYLP,1.3867823294596214e-06
TotalCharges_469.85,1.3862488641437309e-06
Customers_4451-RWASJ,1.3797724592764987e-06
TotalCharges_4807.45,1.3713025285808458e-06
TotalCharges_3363.8,1.3708908550450317e-06
Customers_1171-TYKUR,1.3688880780494046e-06
Customers_6131-IUNXN,1.3686655568560986e-06
TotalCharges_1978.65,1.3680269852196937e-06
TotalCharges_2201.75,1.3659578269032402e-06
Customers_2404-JIBFC,1.3617497140922166e-06
TotalCharges_4504.9,1.3609389048481439e-06
Customers_5227-JSCFE,1.3609330626377858e-06
TotalCharges_4760.3,1.3594836283342047e-06
Customers_6152-ONASV,1.3579626673807567e-06
Customers_1015-JPFYW,1.3568560790024186e-06
Customers_6177-PEVRA,1.354406877096074e-06
Customers_7596-IIWYC,1.3538712168685116e-06
Customers_4163-KIUHY,1.353070682635941e-06
TotalCharges_4136.4,1.3530121086947323e-06
Customers_3061-BCKYI,1.3520642905046711e-06
Customers_6120-RJKLU,1.3496176147454615e-06
TotalCharges_4577.9,1.3487274198439018e-06
Customers_5396-IZEPB,1.3476020043573292e-06
TotalCharges_111.65,1.3439909151111357e-06
Customers_4445-KWOKW,1.3438178439209198e-06
Customers_2580-ATZSQ,1.3417112669500106e-06
Customers_9717-IOAAF,1.3407950698441437e-06
Customers_7569-NMZYQ,1.3393313391596753e-06
Customers_4719-UMSIY,1.339216205500172e-06
TotalCharges_164.6,1.3337004575689056e-06
TotalCharges_4299.2,1.3335528387062066e-06
TotalCharges_4946.7,1.3317084185082258e-06
Customers_9084-OAYKL,1.3304206745439218e-06
Customers_5148-ORICT,1.3277229335348726e-06
Customers_4835-YSJMR,1.3267304437546726e-06
Customers_2882-WDTBA,1.3265499858610182e-06
Customers_6103-QCKFX,1.3254084240182067e-06
Customers_3726-TBHQT,1.3232164367121559e-06
Customers_3882-IYOIJ,1.3214488173458032e-06
TotalCharges_4741.45,1.3210868848683496e-06
TotalCharges_3509.4,1.3210121401708316e-06
Customers_4967-WPNCF,1.320838839674986e-06
TotalCharges_701.05,1.3197526981802245e-06
Customers_9067-YGSCA,1.3171157439065115e-06
TotalCharges_226.55,1.3161476411227373e-06
Customers_4079-ULGFR,1.3159547485318168e-06
Customers_2302-OUZXB,1.315560367396743e-06
TotalCharges_4551.5,1.3115395987347883e-06
TotalCharges_150.75,1.310592167006396e-06
TotalCharges_1436.95,1.3095707467928151e-06
TotalCharges_3512.9,1.3077163047478274e-06
Customers_0229-LFJAF,1.3056447000582943e-06
TotalCharges_4995.35,1.3041503425871158e-06
Customers_8908-NMQTX,1.3033386882627964e-06
Customers_5214-CHIWJ,1.3031430067535061e-06
TotalCharges_8670.1,1.303091274254548e-06
Customers_3249-VHRIP,1.3011663350961549e-06
TotalCharges_100.9,1.2978865714170282e-06
Customers_6972-SNKKW,1.297702335695646e-06
TotalCharges_733.55,1.294967388462155e-06
Customers_9802-CAQUT,1.2942313620645815e-06
TotalCharges_4447.75,1.2934945162322876e-06
Customers_0973-KYVNF,1.2934511488815102e-06
TotalCharges_6224.8,1.2920758476742336e-06
Customers_5161-UBZXI,1.2911727745351941e-06
TotalCharges_4145.9,1.2904605067300775e-06
TotalCharges_3090.65,1.2904090503345598e-06
TotalCharges_136.75,1.2903945812937535e-06
Customers_8595-SIZNC,1.2881474423257197e-06
Customers_4032-RMHCI,1.2873641603319265e-06
Customers_8003-EWNDZ,1.282168466139416e-06
TotalCharges_4386.2,1.2820357080299387e-06
TotalCharges_2424.5,1.281893889047741e-06
TotalCharges_5515.8,1.2812882472418221e-06
Customers_8336-TAVKX,1.281189620064573e-06
Customers_3262-EIDHV,1.281163828984176e-06
TotalCharges_3865.45,1.2800163978845863e-06
Customers_2040-XBAVJ,1.2788186881016217e-06
TotalCharges_3527,1.2763732567597682e-06
TotalCharges_578.5,1.2752044398692741e-06
Customers_2682-KEVRP,1.2751472324198013e-06
Customers_6024-RUGGH,1.274216842924793e-06
Customers_0436-TWFFZ,1.2740411751429988e-06
Customers_7639-LIAYI,1.2714876226119218e-06
TotalCharges_5705.05,1.2696720656285132e-06
Customers_5338-YHWYT,1.2649004653658867e-06
TotalCharges_6126.1,1.260875031919087e-06
Customers_2928-HLDBA,1.2604189152604609e-06
TotalCharges_5959.3,1.2603881450703712e-06
TotalCharges_4685.55,1.2592637240107726e-06
Customers_7054-DMVAS,1.258681522196468e-06
Customers_7771-CFQRQ,1.2576569970678006e-06
TotalCharges_100.35,1.2574123347880569e-06
Customers_4293-ETKAP,1.2559274631296895e-06
TotalCharges_6733,1.2531147670321284e-06
TotalCharges_7665.8,1.2503753380422911e-06
Customers_4992-LTJNE,1.250312535502183e-06
TotalCharges_4627.65,1.2492444413566631e-06
TotalCharges_163.6,1.2492383167974334e-06
TotalCharges_625.65,1.246131575555191e-06
TotalCharges_8349.45,1.245584009000466e-06
TotalCharges_266.6,1.2445582793557764e-06
Customers_3533-UVMOM,1.2410219923573823e-06
Customers_6248-TKCQV,1.2377537444024664e-06
TotalCharges_916.15,1.2362146133091955e-06
TotalCharges_555.4,1.2320320856384912e-06
TotalCharges_6042.7,1.2283010703644281e-06
Customers_3546-GHEAE,1.227113751200848e-06
Customers_5680-LQOGP,1.2259562444495783e-06
TotalCharges_1114.85,1.2254006502136814e-06
Customers_3938-YFPXD,1.2253943609201004e-06
TotalCharges_6078.75,1.2217486207353873e-06
Customers_8838-GPHZP,1.2160641699125673e-06
Customers_4318-RAJVY,1.2148434997680382e-06
TotalCharges_1875.25,1.2139306950639014e-06
Customers_4568-KNYWR,1.2108317645320035e-06
TotalCharges_6758.45,1.2092414361683137e-06
TotalCharges_755.6,1.2090810257961069e-06
Customers_1222-LRYKO,1.2090050997512246e-06
Customers_7407-SUJIZ,1.2078158224705557e-06
TotalCharges_3491.55,1.2062576741025223e-06
TotalCharges_109.6,1.2062473447237282e-06
TotalCharges_8477.7,1.2059169557356932e-06
Customers_8780-YRMTT,1.2052243755504593e-06
TotalCharges_4461.85,1.2030052376362664e-06
Customers_8295-KMENE,1.2006507965630302e-06
TotalCharges_275.9,1.2005086758772439e-06
TotalCharges_274.7,1.1968680245829706e-06
Customers_3795-CAWEX,1.1959367741103593e-06
Customers_7815-PDTHL,1.1928027872306302e-06
Customers_0310-VQXAM,1.1910670707702175e-06
TotalCharges_3778.85,1.1905185908822892e-06
Customers_4815-TUMEQ,1.1902245393989792e-06
TotalCharges_1057.85,1.1900580769932224e-06
TotalCharges_237.7,1.1869998646414258e-06
Customers_9732-OUYRN,1.1866265350023266e-06
TotalCharges_4932.5,1.1861802749661152e-06
TotalCharges_313,1.185635872096608e-06
Customers_9522-ZSINC,1.1828027999350302e-06
TotalCharges_4234.15,1.1812592524601447e-06
TotalCharges_219.35,1.1808779262355003e-06
Customers_9392-XBGTD,1.1801397612943233e-06
Customers_1320-GVNHT,1.1787351741977614e-06
TotalCharges_2316.85,1.1784640832622718e-06
Customers_0219-QAERP,1.1780709433140842e-06
TotalCharges_417.65,1.176024166764725e-06
TotalCharges_1188.2,1.1753777116576802e-06
TotalCharges_299.3,1.1748534390751271e-06
Customers_0956-SYCWG,1.173567297289459e-06
TotalCharges_6230.1,1.1732136632597024e-06
TotalCharges_8100.25,1.1720647300768258e-06
TotalCharges_216.2,1.1717370172551774e-06
TotalCharges_272,1.1700375176837405e-06
Customers_0343-QLUZP,1.1697225140209913e-06
Customers_2121-JAFOM,1.1696561788032708e-06
TotalCharges_4193.4,1.1659603531234248e-06
TotalCharges_538.2,1.1604656470831993e-06
Customers_3219-JQRSL,1.1602222511108938e-06
TotalCharges_514.75,1.1596928413067602e-06
TotalCharges_3265.95,1.159357478093457e-06
Customers_1328-EUZHC,1.158124738351064e-06
Customers_6695-AMZUF,1.1574076005719287e-06
Customers_9442-JTWDL,1.1564031792616811e-06
TotalCharges_7965.95,1.1546528218877424e-06
Customers_2361-UPSND,1.1545534907364892e-06
Customers_1915-OAKWD,1.152903179980187e-06
Customers_8075-GXIUB,1.146774945076107e-06
Customers_5321-NTRKC,1.145968517619165e-06
TotalCharges_5894.5,1.1455650453987275e-06
Customers_3423-HHXAO,1.1448135509513803e-06
Customers_5480-XTFFL,1.1431962866716236e-06
TotalCharges_1001.5,1.1426504874697496e-06
TotalCharges_260.7,1.1421958059237315e-06
TotalCharges_3425.35,1.1387899927975697e-06
Customers_5260-UMPWX,1.1365879347206058e-06
TotalCharges_417,1.1343186494531936e-06
TotalCharges_228.75,1.1328106622966001e-06
Customers_6007-TCTST,1.1303373977070146e-06
TotalCharges_860.85,1.129470848324506e-06
Customers_6924-TDGMT,1.1272387106213563e-06
TotalCharges_505.45,1.1271514765553833e-06
TotalCharges_5459.2,1.1258334204294415e-06
TotalCharges_4671.65,1.1241630574409705e-06
TotalCharges_1740.8,1.1238148581460302e-06
TotalCharges_573.05,1.1230499642099833e-06
Customers_3258-ZKPAI,1.1189513976427966e-06
TotalCharges_780.25,1.1183451703655408e-06
Customers_8661-BOYNW,1.117947244390625e-06
TotalCharges_6316.2,1.1169883231383471e-06
TotalCharges_708.8,1.11600602902783e-06
Customers_3547-LQRIK,1.1143014495096033e-06
Customers_2725-IWWBA,1.113903582057534e-06
Customers_2348-KCJLT,1.1106872482546854e-06
Customers_8766-PAFNE,1.110357680100527e-06
TotalCharges_3886.85,1.1099347852698372e-06
TotalCharges_541.5,1.109764617040011e-06
Customers_4632-XJMEX,1.1096039544683034e-06
TotalCharges_6058.95,1.1089034769990133e-06
TotalCharges_5498.2,1.1077996244272838e-06
TotalCharges_3952.45,1.1067883607944755e-06
TotalCharges_1035.7,1.1064623612437778e-06
TotalCharges_401.95,1.1058340910310124e-06
Customers_3239-TPHPZ,1.1047440604566443e-06
TotalCharges_3845.45,1.10072256465967e-06
TotalCharges_5601.4,1.1001161496468887e-06
TotalCharges_914.6,1.0980587049296022e-06
TotalCharges_1090.65,1.0967928018997252e-06
TotalCharges_1866.45,1.0942375046222731e-06
TotalCharges_330.25,1.0939501262547582e-06
Customers_5730-DBDSI,1.0888243054193817e-06
Customers_3146-MSEGF,1.0887259133606854e-06
TotalCharges_173.15,1.0864066527255312e-06
TotalCharges_113.5,1.085846425560801e-06
TotalCharges_1801.9,1.0840711429221237e-06
Customers_4311-QTTAI,1.0827664574560123e-06
TotalCharges_1489.3,1.081232146084845e-06
Customers_5372-FBKBN,1.0740640227941173e-06
TotalCharges_1240.8,1.0731191426824637e-06
Customers_3146-JTQHR,1.0724647750247633e-06
TotalCharges_3281.65,1.0714379062256493e-06
Customers_5816-JMLGY,1.0710702031915957e-06
Customers_6114-TCFID,1.0685134418932835e-06
TotalCharges_867.3,1.0660072283980638e-06
Customers_4334-HOWRP,1.0644339875516047e-06
Customers_0266-GMEAO,1.0642491898683182e-06
Customers_3389-KTRXV,1.0641615226831233e-06
TotalCharges_1559.15,1.0640288544945168e-06
TotalCharges_1396.25,1.063218010046809e-06
Customers_5003-XZWWO,1.0628822297338887e-06
Customers_4194-FJARJ,1.062283888557365e-06
Customers_4342-HFXWS,1.060596232411489e-06
Customers_8628-MFKAX,1.0604520200096058e-06
Customers_1429-UYJSV,1.0600876343620382e-06
TotalCharges_5632.55,1.0598313914048587e-06
TotalCharges_6227.5,1.057175371854727e-06
TotalCharges_4657.95,1.0565753749029039e-06
Customers_5197-LQXXH,1.0552027730537613e-06
TotalCharges_3221.25,1.0535896693784626e-06
Customers_3662-FXJFO,1.0535600112889274e-06
TotalCharges_4519.5,1.0525858764743932e-06
Customers_5656-MJEFC,1.0519093425610338e-06
TotalCharges_201.7,1.0514868199810034e-06
Customers_5598-IKHQQ,1.051207073950453e-06
Customers_2995-YWTCD,1.0510920110578258e-06
Customers_2882-DDZPG,1.0498879040266028e-06
TotalCharges_467.15,1.0493777669700057e-06
Customers_2599-CIPQE,1.048767071637208e-06
Customers_8388-DMKAE,1.046964799981172e-06
Customers_1333-PBMXB,1.0453312456704369e-06
TotalCharges_4641.1,1.0419880711628126e-06
TotalCharges_4652.4,1.0406636561869204e-06
Customers_0739-UUAJR,1.0400721345477715e-06
Customers_7306-YDSOI,1.0368485149292714e-06
Customers_4732-RRJZC,1.0362055546549896e-06
Customers_2706-QZIHY,1.035846990675719e-06
Customers_8050-XGRVL,1.034607899741139e-06
Customers_6061-PQHMK,1.0340792384148287e-06
TotalCharges_4911.35,1.0338865376017463e-06
TotalCharges_7008.15,1.032745828937694e-06
TotalCharges_8337.45,1.0326237364257482e-06
Customers_7817-OMJNA,1.031496977019674e-06
Customers_5360-XGYAZ,1.0296880920837475e-06
TotalCharges_4888.2,1.0276252572474746e-06
TotalCharges_5776.45,1.0274233196552843e-06
TotalCharges_3590.2,1.026598545303954e-06
TotalCharges_5717.85,1.0258756513847917e-06
TotalCharges_314.45,1.025309324703878e-06
Customers_3486-KHMLI,1.0251873158436852e-06
Customers_0536-BGFMZ,1.021431417630323e-06
TotalCharges_644.5,1.0211852081480757e-06
Customers_5918-VUKWP,1.0207091632563373e-06
TotalCharges_1079.45,1.0191659856693024e-06
Customers_4827-DPADN,1.01743903470778e-06
Customers_9739-JLPQJ,1.016813994105736e-06
Customers_9489-DEDVP,1.0148937608043864e-06
Customers_7876-AEHIG,1.0139145760945518e-06
TotalCharges_4124.65,1.0130512281287687e-06
Customers_9091-WTUUY,1.0116213754864844e-06
TotalCharges_6468.6,1.0113175534790488e-06
Customers_7860-UXCRM,1.0100794489151251e-06
Customers_6859-QNXIQ,1.0050321577029223e-06
TotalCharges_4729.3,1.004642173665302e-06
TotalCharges_171,1.0017689215412713e-06
Customers_9046-JBFWA,1.000774436087672e-06
TotalCharges_6155.4,1.0004068636998872e-06
Customers_0604-THJFP,9.991249683559802e-07
TotalCharges_7985.9,9.986649118663338e-07
Customers_5494-WOZRZ,9.983312962375191e-07
TotalCharges_284.35,9.980468892509286e-07
Customers_0442-TDYUO,9.93181428214289e-07
TotalCharges_465.85,9.89683451452043e-07
Customers_2040-LDIWQ,9.893085435894424e-07
TotalCharges_340.35,9.89055663621657e-07
Customers_1552-TKMXS,9.865275723120883e-07
Customers_1371-OJCEK,9.86196935263832e-07
Customers_3441-CGZJH,9.861483344756926e-07
TotalCharges_2016.45,9.859322642315795e-07
Customers_8146-QQKZH,9.84948540132762e-07
Customers_7109-CQYUZ,9.838050592709606e-07
TotalCharges_360.35,9.831516661722261e-07
Customers_7014-ZZXAW,9.778001578483266e-07
TotalCharges_110.15,9.776456307880914e-07
Customers_8957-THMOA,9.768833983630936e-07
TotalCharges_775.6,9.754627503997957e-07
TotalCharges_478.75,9.749970724491934e-07
Customers_9541-PWTWO,9.748754164697716e-07
Customers_0042-JVWOJ,9.744828581465727e-07
TotalCharges_917.15,9.713288926546092e-07
Customers_4254-QPEDE,9.711125751605914e-07
TotalCharges_6859.05,9.690887364689373e-07
TotalCharges_5728.55,9.686407381589804e-07
TotalCharges_5215.1,9.65729410234742e-07
Customers_5961-VUSRV,9.654587958930495e-07
Customers_8441-SHIPE,9.641536056716685e-07
TotalCharges_3858.05,9.640856402650027e-07
Customers_1221-GHZEP,9.627897534762895e-07
Customers_5310-NOOVA,9.59112577796708e-07
TotalCharges_1601.2,9.590330208733174e-07
TotalCharges_329.75,9.589921835371745e-07
Customers_8746-BFOAJ,9.586180688122556e-07
TotalCharges_1423.85,9.568487489980101e-07
TotalCharges_611.45,9.509969886961144e-07
Customers_6729-FZWSY,9.505863035839096e-07
Customers_8197-BFWVU,9.49486562677837e-07
TotalCharges_365.8,9.49423918116434e-07
TotalCharges_2727.8,9.490283563302434e-07
TotalCharges_1764.75,9.486981722436059e-07
Customers_2162-FRZAA,9.482796460236653e-07
TotalCharges_5443.65,9.478503679026195e-07
Customers_6650-BWFRT,9.472893739502692e-07
TotalCharges_255.35,9.46204616157418e-07
TotalCharges_174.65,9.456764486434321e-07
Customers_9778-OGKQZ,9.456565236148919e-07
Customers_0531-XBKMM,9.45094826795347e-07
TotalCharges_1388.45,9.450038277354784e-07
TotalCharges_263.65,9.445779390403266e-07
Customers_7321-ZNSLA,9.443104441817187e-07
TotalCharges_225.85,9.439201569693191e-07
Customers_3398-GCPMU,9.426673098581929e-07
Customers_8106-GWQOK,9.414604008696481e-07
TotalCharges_605.9,9.404009671768787e-07
TotalCharges_4671.7,9.392169985197837e-07
Customers_8944-AILEF,9.386273907376016e-07
Customers_2550-AEVRU,9.377775064026883e-07
TotalCharges_267,9.373282999131353e-07
Customers_1984-GPTEH,9.36129689636383e-07
TotalCharges_949.85,9.359162862229724e-07
Customers_3352-RICWQ,9.349803242334763e-07
TotalCharges_819.95,9.343585543140199e-07
TotalCharges_854.9,9.339155974056349e-07
TotalCharges_1867.7,9.334763355400591e-07
Customers_5997-OPVFA,9.333908210461771e-07
Customers_0361-HJRDX,9.331857474306539e-07
TotalCharges_1237.65,9.31040619642052e-07
Customers_3638-VBZTA,9.308587253257952e-07
TotalCharges_1193.55,9.307308839135094e-07
Customers_7137-NAXML,9.306385633214624e-07
TotalCharges_814.75,9.292657951394897e-07
TotalCharges_124.45,9.288983523626124e-07
Customers_2176-OSJUV,9.288962939097873e-07
Customers_3887-PBQAO,9.282195138912121e-07
TotalCharges_1023.95,9.270102548137308e-07
Customers_8404-VLQFB,9.254222765270628e-07
TotalCharges_4145.25,9.250788997148274e-07
TotalCharges_7658.3,9.245952775183338e-07
Customers_4335-BSMJS,9.24441311906136e-07
TotalCharges_5308.7,9.239085384123174e-07
Customers_3544-FBCAS,9.228534089129755e-07
TotalCharges_2460.55,9.225326255090063e-07
TotalCharges_1413,9.204910193627861e-07
TotalCharges_6425.65,9.192165141716188e-07
Customers_2961-VNFKL,9.19110695823851e-07
Customers_7663-YJHSN,9.162611442170523e-07
TotalCharges_7895.15,9.154022655169749e-07
Customers_2589-AYCRP,9.11158115371151e-07
Customers_6169-PGNCD,9.104000535274273e-07
TotalCharges_3008.55,9.080994562583306e-07
Customers_8069-RHUXK,9.073687268738712e-07
TotalCharges_8332.15,9.055607475605102e-07
Customers_4825-XJGDM,9.043928605331778e-07
TotalCharges_1174.8,9.033653913556117e-07
Customers_4712-UYOOI,9.029363427939222e-07
TotalCharges_3994.05,9.027977838471188e-07
Customers_5575-GNVDE,9.022138038611981e-07
TotalCharges_989.05,9.013757432419047e-07
Customers_4020-KIUDI,9.011734443223808e-07
TotalCharges_7517.7,9.002048066633275e-07
TotalCharges_170.9,8.990611704355327e-07
Customers_7643-RCHXS,8.967274259409794e-07
Customers_5726-CVNYA,8.963651327871096e-07
TotalCharges_4919.7,8.961242083528823e-07
Customers_2243-FNMMI,8.950543330320868e-07
Customers_9297-EONCV,8.948548443702201e-07
Customers_9337-SRRNI,8.924782661303184e-07
TotalCharges_2719.2,8.910415483811974e-07
TotalCharges_970.85,8.903244137055886e-07
TotalCharges_593.2,8.895351238181594e-07
Customers_7480-SPLEF,8.890133564594622e-07
Customers_5642-MHDQT,8.858356169714992e-07
TotalCharges_255.55,8.834644986239724e-07
Customers_8184-WMOFI,8.83430055518354e-07
TotalCharges_697.65,8.809319968755047e-07
Customers_2661-GKBTK,8.806395510599263e-07
TotalCharges_1250.85,8.798903868454758e-07
Customers_7722-VJRQD,8.794681883158463e-07
Customers_3243-ZHOHY,8.779875319159308e-07
TotalCharges_4318.35,8.777704714263582e-07
TotalCharges_5727.45,8.773999468956231e-07
TotalCharges_1506.4,8.769889385877429e-07
Customers_9617-UDPEU,8.769390163685632e-07
TotalCharges_1698.55,8.75170925482077e-07
TotalCharges_395.6,8.746611478252337e-07
Customers_7860-KSUGX,8.732760587552004e-07
Customers_8174-TBVCF,8.721628134605552e-07
Customers_5345-BMKWB,8.71881521760332e-07
TotalCharges_6075.9,8.697808422746297e-07
TotalCharges_5564.85,8.696629823676212e-07
Customers_7688-AWMDX,8.665884119429881e-07
Customers_6614-YOLAC,8.661447275576724e-07
TotalCharges_1357.1,8.654843294454625e-07
Customers_8942-DBMHZ,8.651315647180741e-07
TotalCharges_345.9,8.63993757001787e-07
Customers_3724-UCSHY,8.630725325059132e-07
Customers_8722-PRFDV,8.587025968218205e-07
Customers_7168-HDQHG,8.581936503844527e-07
TotalCharges_433.75,8.563732729599444e-07
Customers_1084-MNSMJ,8.563700195536209e-07
Customers_3452-FLHYD,8.537931086981115e-07
Customers_8374-UULRV,8.537657373729942e-07
TotalCharges_5442.05,8.537414612771682e-07
TotalCharges_1267,8.53336330511884e-07
Customers_0206-OYVOC,8.510741139165115e-07
Customers_0484-JPBRU,8.497208545800843e-07
Customers_1930-QPBVZ,8.488147106667431e-07
Customers_8387-UGUSU,8.479689596050228e-07
TotalCharges_1158.85,8.471784282506988e-07
TotalCharges_6668.05,8.460346964154709e-07
Customers_0675-NCDYU,8.45759838340928e-07
Customers_2387-KDZQY,8.442466284326595e-07
Customers_0357-NVCRI,8.417567576235092e-07
Customers_9294-TDIPC,8.417555162699994e-07
Customers_5232-NXPAY,8.405933793163891e-07
Customers_8076-FEZKJ,8.395607692732799e-07
Customers_3460-TJBWI,8.392445613016042e-07
Customers_9140-CZQZZ,8.391813058147488e-07
Customers_8242-PDSGJ,8.383941015876426e-07
TotalCharges_452.2,8.375327318575733e-07
Customers_5859-HZYLF,8.37358643531569e-07
TotalCharges_516.3,8.373404053100717e-07
Customers_5766-FTRTS,8.371965707111608e-07
TotalCharges_2545.7,8.368833124133749e-07
Customers_2773-MADBQ,8.362958073638778e-07
TotalCharges_1654.75,8.355446046055646e-07
Customers_0019-GFNTW,8.342769447060654e-07
Customers_9479-HYNYL,8.326367734706773e-07
TotalCharges_666,8.324569469591999e-07
Customers_6016-NXBNJ,8.298047344519861e-07
Customers_5003-OKNNK,8.291109811390207e-07
Customers_5995-WWKKG,8.267154537258975e-07
TotalCharges_3996.8,8.267118434972217e-07
Customers_1022-RKXDR,8.25340583782468e-07
TotalCharges_3846.75,8.244284141243828e-07
TotalCharges_6997.3,8.230807706281331e-07
TotalCharges_116.6,8.221521335306071e-07
Customers_2274-XUATA,8.205678862403027e-07
Customers_7527-QNRUS,8.202888017126e-07
Customers_9066-QRSDU,8.199620054482186e-07
Customers_3556-BVQGL,8.185252930081857e-07
TotalCharges_6404,8.183852624286219e-07
Customers_7471-WNSUF,8.183626411554988e-07
Customers_6384-VMJHP,8.175946171903661e-07
TotalCharges_242.4,8.166182196095846e-07
TotalCharges_220.35,8.147654801901131e-07
Customers_8439-LTUGF,8.101564106235086e-07
TotalCharges_385.55,8.068761014079962e-07
TotalCharges_210.65,8.065838400873796e-07
Customers_5906-DVAPM,8.055909139997619e-07
TotalCharges_677.9,8.0331118287986e-07
TotalCharges_4214.25,8.02717908452108e-07
TotalCharges_2375.2,8.01688690512168e-07
TotalCharges_677.05,8.000313497901496e-07
Customers_4452-ROHMO,7.990171529224798e-07
Customers_4881-GQJTW,7.955592617483551e-07
TotalCharges_869.9,7.945835266353212e-07
Customers_9593-CVZKR,7.936420665393245e-07
Customers_4203-QGNZA,7.918565891665614e-07
TotalCharges_196.35,7.912403925057413e-07
TotalCharges_6110.75,7.910124654097897e-07
Customers_8859-AXJZP,7.901294689594645e-07
TotalCharges_1763.55,7.883558058809933e-07
Customers_0613-WUXUM,7.872112462428772e-07
TotalCharges_1110.35,7.865766967700809e-07
TotalCharges_3349.1,7.844473425839952e-07
Customers_3050-RLLXC,7.83732791305812e-07
Customers_3521-HTQTV,7.818225872688258e-07
TotalCharges_283.75,7.816458413813053e-07
TotalCharges_5763.15,7.815094629759251e-07
Customers_3704-IEAXF,7.802019306481423e-07
TotalCharges_507.9,7.800911539504708e-07
Customers_0519-DRGTI,7.786161880745088e-07
TotalCharges_789.55,7.775433634803621e-07
TotalCharges_5703,7.768328337597731e-07
TotalCharges_1513.6,7.76459047242053e-07
Customers_3084-DOWLE,7.764214307775386e-07
TotalCharges_695.05,7.761767253992369e-07
Customers_5485-ITNPC,7.758059207296146e-07
TotalCharges_3274.35,7.755987418201162e-07
Customers_1159-WFSGR,7.740701897347245e-07
TotalCharges_5502.55,7.738553012982819e-07
TotalCharges_141.6,7.675267397584918e-07
Customers_6870-ZWMNX,7.660807728792667e-07
TotalCharges_3624.35,7.658037646784514e-07
Customers_7284-ZZLOH,7.656004153268543e-07
TotalCharges_1734.65,7.65477073865796e-07
TotalCharges_1005.7,7.635982685145589e-07
TotalCharges_488.25,7.630960551491011e-07
TotalCharges_5016.65,7.621192465601763e-07
Customers_8626-XHBIE,7.612659616088206e-07
Customers_4685-TFLLS,7.60832865198281e-07
Customers_1074-WVEVG,7.602336176847355e-07
Customers_0221-NAUXK,7.594664561580059e-07
Customers_6727-IOTLZ,7.58545901878509e-07
Customers_5862-BRIXZ,7.569873337397976e-07
TotalCharges_996.95,7.56483030618845e-07
TotalCharges_1446.8,7.563576943195886e-07
Customers_4361-FEBGN,7.558671862435036e-07
TotalCharges_5646.6,7.557622757207262e-07
Customers_9548-LIGTA,7.554547454957843e-07
Customers_3129-AAQOU,7.538757321501185e-07
TotalCharges_215.25,7.519860256945926e-07
TotalCharges_8124.2,7.516650476421989e-07
TotalCharges_8126.65,7.499958425068377e-07
TotalCharges_4122.65,7.493218660888488e-07
Customers_7131-ZQZNK,7.491096507449058e-07
TotalCharges_3953.7,7.483579705971464e-07
Customers_7103-ZGVNT,7.479660009796109e-07
TotalCharges_3789.2,7.475671033687588e-07
TotalCharges_3231.05,7.462390119318098e-07
TotalCharges_99.45,7.456355422662705e-07
Customers_3745-HRPHI,7.43771151898703e-07
Customers_4623-ZKHLY,7.417885508193773e-07
Customers_0895-LNKRC,7.416325620547867e-07
Customers_9847-HNVGP,7.408247608168189e-07
TotalCharges_1623.15,7.393802369577076e-07
Customers_0988-AADSA,7.384170276474107e-07
TotalCharges_1026.35,7.339154242988782e-07
Customers_7399-QHBJS,7.303198893185349e-07
Customers_1293-BSEUN,7.298439255877423e-07
Customers_6732-VAILE,7.293315052113804e-07
Customers_8277-RVRSV,7.28436114627264e-07
TotalCharges_3244.4,7.284059171991874e-07
TotalCharges_116.85,7.273425651007126e-07
Customers_3399-BMLVW,7.270939522966187e-07
TotalCharges_635.9,7.267877520525321e-07
TotalCharges_456.85,7.251975211320622e-07
TotalCharges_295.55,7.249013648101188e-07
TotalCharges_707.5,7.241705796306593e-07
Customers_3549-ZTMNH,7.24106147423036e-07
TotalCharges_683.75,7.231489848494322e-07
Customers_9565-AXSMR,7.226826357937264e-07
TotalCharges_6424.25,7.189210186698111e-07
TotalCharges_5560,7.185041632316495e-07
Customers_4163-HFTUK,7.147860444174745e-07
TotalCharges_1288,7.140335881363419e-07
Customers_4312-GVYNH,7.125482959295979e-07
Customers_0378-CJKPV,7.118608201413226e-07
Customers_7552-KEYGT,7.111778151109784e-07
Customers_7140-ADSMJ,7.092363819368363e-07
TotalCharges_4566.5,7.088090493084591e-07
TotalCharges_3623.95,7.084687067732401e-07
Customers_1897-OKVMW,7.082269135592198e-07
TotalCharges_184.95,7.039581593343972e-07
Customers_5647-URDKA,7.011116238540938e-07
Customers_9504-YAZWB,7.010570354368213e-07
TotalCharges_5595.3,7.009853169951623e-07
TotalCharges_552.9,7.000162268059466e-07
Customers_1345-ZUKID,6.996355613381995e-07
Customers_4893-GYUJU,6.990996183152166e-07
Customers_3227-WLKLI,6.985876358687633e-07
TotalCharges_7085.5,6.985644135124937e-07
TotalCharges_4107.25,6.979663647696599e-07
TotalCharges_1529.65,6.970963951169938e-07
TotalCharges_4478.85,6.957790340980627e-07
TotalCharges_537.35,6.953221663397085e-07
Customers_0902-RFHOF,6.941990180420023e-07
Customers_7446-SFAOA,6.937126257857204e-07
TotalCharges_428.45,6.929560147418537e-07
Customers_9805-FILKB,6.907514512537694e-07
Customers_3873-WOSBC,6.907280935881524e-07
Customers_2977-CEBSX,6.905098384884327e-07
Customers_6980-CDGFC,6.88655826166158e-07
TotalCharges_165.35,6.884028124033989e-07
TotalCharges_6652.45,6.881740702401177e-07
Customers_4163-NCJAK,6.875574044032222e-07
Customers_1057-FOGLZ,6.872093991560545e-07
Customers_7706-DZNKK,6.865445279945029e-07
Customers_8125-QPFJD,6.848543673334132e-07
TotalCharges_4307.1,6.844726636096134e-07
TotalCharges_535.35,6.806178248580285e-07
TotalCharges_5324.5,6.802869735479911e-07
Customers_9046-DQMTP,6.799549733910554e-07
TotalCharges_8166.8,6.79172611569551e-07
Customers_6746-WAUWT,6.788528253209266e-07
Customers_0440-EKDCF,6.772583398683175e-07
TotalCharges_802.35,6.770610521549698e-07
Customers_5656-JAMLX,6.763370144168539e-07
TotalCharges_7737.55,6.743572141886746e-07
Customers_9443-JUBUO,6.738684904934791e-07
TotalCharges_162.15,6.706783906045945e-07
TotalCharges_2839.45,6.70437597725964e-07
TotalCharges_1022.95,6.693443351393103e-07
Customers_0744-BIKKF,6.689547655399027e-07
Customers_1215-EXRMO,6.685583872300674e-07
Customers_1498-NHTLT,6.676106096022449e-07
Customers_6997-UVGOX,6.6691030768482e-07
Customers_1897-RCFUM,6.666861025347674e-07
TotalCharges_6474.45,6.648526416362563e-07
TotalCharges_6033.1,6.646560609240895e-07
Customers_8402-OOOHJ,6.645102471357728e-07
TotalCharges_3948.45,6.640745044019978e-07
TotalCharges_6376.55,6.63827670279673e-07
TotalCharges_590.35,6.637951800834483e-07
Customers_5699-BNCAS,6.629840827774494e-07
TotalCharges_5882.75,6.622566222045528e-07
TotalCharges_1664.3,6.612986167144362e-07
Customers_9227-YBAXE,6.60717467787782e-07
TotalCharges_6263.8,6.60537308514645e-07
TotalCharges_4039.3,6.604627777570924e-07
TotalCharges_405.6,6.595776671859808e-07
Customers_1985-MBRYP,6.583615825156096e-07
TotalCharges_5264.25,6.578470664581564e-07
TotalCharges_5600.15,6.578044930857101e-07
TotalCharges_1759.4,6.57477524965773e-07
Customers_3374-PZLXD,6.562936255605043e-07
Customers_4891-NLUBA,6.556099149391869e-07
TotalCharges_4158.25,6.54589241389059e-07
Customers_2251-PYLPB,6.536745180413658e-07
TotalCharges_2313.8,6.533951765230062e-07
Customers_3719-TDVQB,6.531875269827348e-07
Customers_9488-FVZCC,6.511839955617964e-07
TotalCharges_4758.8,6.511625770934979e-07
Customers_7601-DHFWZ,6.510638392790562e-07
TotalCharges_5321.25,6.508477620019445e-07
Customers_2017-CCBLH,6.496179440878304e-07
TotalCharges_5950.2,6.485898923156548e-07
Customers_2535-PBCGC,6.482986572999203e-07
Customers_5893-KCLGT,6.481200053176403e-07
Customers_8332-OSJDW,6.472173258080228e-07
Customers_5249-QYHEX,6.466255223634939e-07
Customers_0363-SVHYR,6.460275178058157e-07
Customers_1850-AKQEP,6.457741671697028e-07
Customers_0594-UFTUL,6.434056854183976e-07
TotalCharges_412.55,6.429377712099292e-07
Customers_8464-EETCQ,6.424812230080519e-07
Customers_5542-NKVRU,6.421291373050537e-07
Customers_2235-EZAIK,6.408642109846212e-07
Customers_4139-DETXS,6.389881371735387e-07
Customers_6614-YWYSC,6.385782999741505e-07
TotalCharges_2424.05,6.365569114917878e-07
TotalCharges_781.25,6.36398234604982e-07
Customers_1934-MKPXS,6.359120750796532e-07
TotalCharges_2490.15,6.348834554519309e-07
TotalCharges_1103.25,6.348501064567798e-07
TotalCharges_4546,6.339713235211353e-07
TotalCharges_5999.85,6.333564477944059e-07
TotalCharges_1218.65,6.327262447071253e-07
TotalCharges_5012.35,6.320591224181035e-07
Customers_5093-FEGLU,6.298669995002573e-07
TotalCharges_6388.65,6.290462486016209e-07
TotalCharges_1732.95,6.271853325751405e-07
TotalCharges_296.15,6.258733272949493e-07
TotalCharges_3902.45,6.256939111029532e-07
TotalCharges_1115.6,6.251147429317031e-07
TotalCharges_252,6.248923247638979e-07
TotalCharges_780.1,6.214374166330148e-07
TotalCharges_6045.9,6.191560390495979e-07
Customers_8461-EFQYM,6.188351433365535e-07
Customers_9068-VPWQQ,6.186753222649291e-07
TotalCharges_791.15,6.185606057404754e-07
Customers_3712-PKXZA,6.184847820471932e-07
Customers_3778-FOAQW,6.176675575460402e-07
Customers_2226-ICFDO,6.154117874513642e-07
TotalCharges_268.4,6.123771218257551e-07
Customers_9361-YNQWJ,6.12319113909118e-07
Customers_1814-WFGVS,6.120108963024214e-07
TotalCharges_5731.85,6.115037446978247e-07
TotalCharges_806.95,6.11082238788863e-07
Customers_4872-JCVCA,6.091024008890811e-07
Customers_1431-CYWMH,6.088220450260439e-07
Customers_3721-WKIIL,6.084249107683243e-07
TotalCharges_235.8,6.066355495117573e-07
Customers_2452-MRMZF,6.066035492469698e-07
TotalCharges_1110.05,6.063809437853439e-07
TotalCharges_1441.65,6.059998146000651e-07
TotalCharges_8529.5,6.057416050797154e-07
Customers_1194-BHJYC,6.050223488338421e-07
Customers_2378-YIZKA,6.03024851694471e-07
Customers_8513-OLYGY,6.024273514703538e-07
TotalCharges_1614.9,6.021040800147048e-07
TotalCharges_224.5,6.010521374160828e-07
TotalCharges_973.35,6.009976852632234e-07
TotalCharges_326.8,6.0067563856272e-07
TotalCharges_1252,6.004778676150258e-07
Customers_9507-HSMMZ,5.993089426818327e-07
TotalCharges_5607.75,5.979300738214292e-07
TotalCharges_1035.5,5.970671874695689e-07
Customers_1407-DIGZV,5.948371025407417e-07
Customers_8221-HVAYI,5.945783970869967e-07
TotalCharges_3084.9,5.927252006516892e-07
Customers_9953-ZMKSM,5.921496578174853e-07
TotalCharges_3177.25,5.920917609045701e-07
Customers_4625-LAMOB,5.919539938038722e-07
TotalCharges_452.35,5.907277299721701e-07
TotalCharges_495.15,5.897053102501959e-07
Customers_3230-IUALN,5.88608086721104e-07
Customers_5993-BQHEA,5.884095731469561e-07
Customers_7850-THJMU,5.882352302678607e-07
TotalCharges_1007.8,5.876497598624572e-07
Customers_0582-AVCLN,5.874032967926594e-07
Customers_7579-KKLOE,5.870220344511356e-07
Customers_1338-CECEE,5.86561916278261e-07
TotalCharges_8220.4,5.865497850826264e-07
TotalCharges_945.7,5.860958228656381e-07
TotalCharges_471.55,5.855613219297606e-07
TotalCharges_1319.95,5.845829815003129e-07
Customers_0674-GCDXG,5.832138848733628e-07
Customers_1293-HHSHJ,5.820796560824684e-07
TotalCharges_6562.9,5.81617481537491e-07
Customers_7706-YLMQA,5.812875727560951e-07
Customers_3308-DGHKL,5.812762080809308e-07
TotalCharges_6302.85,5.790808429657822e-07
Customers_1682-VCOIO,5.788461901133662e-07
Customers_6922-NCEDI,5.776667006589914e-07
TotalCharges_809.25,5.759093437077493e-07
TotalCharges_251.25,5.747408803410916e-07
TotalCharges_810.3,5.732820016744622e-07
TotalCharges_4415.75,5.721112912223258e-07
TotalCharges_679.8,5.706304267561333e-07
Customers_1830-GGFNM,5.638545660787023e-07
TotalCharges_181.8,5.636958610127749e-07
Customers_3520-FJGCV,5.629949753292344e-07
TotalCharges_572.2,5.624202929477612e-07
TotalCharges_1683.6,5.606763817002457e-07
TotalCharges_548.8,5.602598246691294e-07
Customers_9668-PUGNU,5.591508084014927e-07
TotalCharges_690.25,5.587105224657194e-07
Customers_7026-YMSBE,5.584034436066957e-07
Customers_0829-DDVLK,5.583063848218978e-07
TotalCharges_358.5,5.578245140614397e-07
TotalCharges_1020.75,5.576689480817475e-07
Customers_0230-WEQUW,5.57619967395626e-07
Customers_4102-HLENU,5.571471491642625e-07
TotalCharges_602.9,5.559622851131495e-07
TotalCharges_617.35,5.557244020641091e-07
Customers_7297-DVYGA,5.538509731095448e-07
TotalCharges_501.35,5.537323657175921e-07
TotalCharges_3121.45,5.524275227863631e-07
Customers_8645-KOMJQ,5.521501195128367e-07
TotalCharges_411.25,5.520973874505679e-07
Customers_5879-HMFFH,5.519672420929245e-07
TotalCharges_6161.9,5.511634876701962e-07
Customers_8246-SHFGA,5.510125498145847e-07
Customers_2068-WWXQZ,5.503272848683632e-07
Customers_5197-YPYBZ,5.497164844857885e-07
TotalCharges_4676.7,5.490058985673221e-07
TotalCharges_600.25,5.486411150801675e-07
TotalCharges_435.25,5.481276653171951e-07
TotalCharges_1559.3,5.462454631572683e-07
Customers_3378-AJRAO,5.461104722305748e-07
TotalCharges_958.45,5.455639323424286e-07
Customers_2796-NNUFI,5.45361709846386e-07
Customers_9764-REAFF,5.452955404564215e-07
Customers_9661-JALZV,5.4370890500334e-07
TotalCharges_810.45,5.434749530927495e-07
Customers_0301-KOBTQ,5.427325790608537e-07
Customers_8218-FFJDS,5.425243897936234e-07
Customers_2050-ONYDQ,5.421621997464941e-07
TotalCharges_6185.8,5.415173450176261e-07
Customers_4701-LKOZD,5.393682730189663e-07
TotalCharges_607.7,5.369285704665054e-07
Customers_2990-OGYTD,5.365711864508697e-07
Customers_4973-MGTON,5.365156913125658e-07
Customers_9639-BUJXT,5.362567092311478e-07
TotalCharges_1067.65,5.331421668093147e-07
TotalCharges_717.5,5.33041738615701e-07
Customers_5010-IPEAQ,5.325258768807232e-07
TotalCharges_8100.55,5.32043204564053e-07
TotalCharges_331.6,5.315320188713343e-07
Customers_5148-HKFIR,5.29865504695344e-07
Customers_5668-MEISB,5.297069257637246e-07
Customers_8143-ETQTI,5.29126745276147e-07
Customers_9453-PATOS,5.285576042718579e-07
Customers_3525-DVKFN,5.284901389300989e-07
TotalCharges_1039.45,5.272358169652774e-07
Customers_1872-EBWSC,5.269780913153547e-07
TotalCharges_1183.05,5.264375816962495e-07
TotalCharges_6129.2,5.263051727498161e-07
Customers_1757-TCATG,5.250506967749196e-07
Customers_9068-FHQHD,5.246106967474442e-07
TotalCharges_5931.75,5.244390481079392e-07
Customers_3572-UUHRS,5.243987413013979e-07
TotalCharges_1414.65,5.234434936787699e-07
TotalCharges_504.2,5.233441454991947e-07
Customers_8807-OPMBM,5.220823550827747e-07
Customers_2300-RQGOI,5.212881930191707e-07
TotalCharges_3880.05,5.210391368487175e-07
Customers_6048-NJXHX,5.190394983322764e-07
Customers_5231-FIQPA,5.188391318200295e-07
Customers_0270-THENM,5.188273729372289e-07
TotalCharges_620.75,5.17383486598092e-07
Customers_8966-OIQHG,5.173406139646449e-07
Customers_6892-BOGQE,5.167644427098221e-07
TotalCharges_459.6,5.166499063876037e-07
TotalCharges_689.35,5.165144984119644e-07
Customers_4188-PCPIG,5.157853452875702e-07
TotalCharges_741.5,5.155505395849224e-07
Customers_6897-RWMUB,5.146707555359351e-07
Customers_7609-NRNCA,5.145711705164046e-07
TotalCharges_561.15,5.141190599312158e-07
Customers_1591-XWLGB,5.13548341897481e-07
TotalCharges_907.05,5.131262275854642e-07
Customers_8922-NPKBJ,5.131255014177631e-07
TotalCharges_5883.85,5.131036783210586e-07
TotalCharges_1328.15,5.127348166003123e-07
Customers_2799-TSLAG,5.124244611362722e-07
Customers_7169-YWAMK,5.123562116140937e-07
TotalCharges_686.95,5.101266650900942e-07
Customers_7319-ZNRTR,5.100191143132431e-07
Customers_4584-LBNMK,5.095206570161159e-07
Customers_3190-ITQXP,5.083844742553716e-07
Customers_3785-KTYSH,5.069068529349789e-07
Customers_8577-QSOCG,5.068089848389185e-07
Customers_5384-ZTTWP,5.065391073554362e-07
Customers_6484-LATFU,5.057718130015824e-07
Customers_7560-QRBXH,5.05377379279688e-07
TotalCharges_3330.1,5.05079776131467e-07
TotalCharges_1118.8,5.045901155795216e-07
TotalCharges_1088.25,5.044848479554575e-07
TotalCharges_2779.5,5.044276208320442e-07
Customers_3721-CNZHX,5.036681828881362e-07
Customers_5995-LFTLE,5.032951844275812e-07
Customers_2333-KWEWW,5.03249771386886e-07
TotalCharges_401.85,5.025631556429803e-07
TotalCharges_5388.15,5.021004508829218e-07
TotalCharges_1125.6,5.018849643032413e-07
Customers_6551-ZCOTS,5.018831096945409e-07
Customers_8084-OIVBS,5.000043723955813e-07
TotalCharges_3801.3,4.996698972067807e-07
TotalCharges_756.4,4.99472396924286e-07
TotalCharges_1275.6,4.993542431690623e-07
Customers_4859-ZSRDZ,4.991175054940708e-07
Customers_8748-HFWBO,4.979216149732563e-07
Customers_6188-UXBBR,4.970657822204513e-07
TotalCharges_239.75,4.942921251248532e-07
Customers_2208-MPXIO,4.941602911819731e-07
Customers_5177-RVZNU,4.932135137516421e-07
Customers_5442-PPTJY,4.929805385440282e-07
Customers_5707-ZMDJP,4.928983903022098e-07
Customers_3486-HOOGQ,4.926434959246915e-07
Customers_2077-DDHJK,4.918096068046108e-07
Customers_9227-UAQFT,4.906095205174176e-07
Customers_6518-PPLMZ,4.905953422848836e-07
TotalCharges_124.4,4.904204544335362e-07
TotalCharges_1790.35,4.885595012566019e-07
TotalCharges_1385.85,4.883882515442512e-07
TotalCharges_1110.5,4.871140997341712e-07
Customers_9424-CMPOG,4.86369726925545e-07
TotalCharges_1326.35,4.856968458915744e-07
Customers_3724-BSCVH,4.852755387119633e-07
Customers_5529-GIBVH,4.851559226699469e-07
TotalCharges_637.55,4.849168552900797e-07
Customers_5014-GSOUQ,4.847910723528582e-07
TotalCharges_862.4,4.84717785056464e-07
Customers_9624-EGDEQ,4.840686737077012e-07
Customers_4718-WXBGI,4.83930076342533e-07
Customers_9788-HNGUT,4.828225235074404e-07
TotalCharges_5965.95,4.825563933887484e-07
Customers_5095-ETBRJ,4.81621601237275e-07
Customers_5789-LDFXO,4.813778709456512e-07
TotalCharges_406.95,4.811202628833008e-07
TotalCharges_442.6,4.806771663289081e-07
TotalCharges_406.05,4.805621881780448e-07
Customers_3655-SNQYZ,4.803173349258322e-07
TotalCharges_5194.05,4.796724087090296e-07
Customers_5146-YYFRZ,4.794175952017186e-07
TotalCharges_1046.2,4.790426686997217e-07
Customers_9170-ARBTB,4.789055449116241e-07
Customers_7225-IILWY,4.785697199820952e-07
Customers_8874-EJNSR,4.769739690812276e-07
Customers_5117-ZSMHQ,4.7588425773239734e-07
Customers_3133-PZNSR,4.7535784548651207e-07
Customers_8039-EQPIM,4.750823745775113e-07
Customers_3190-FZATL,4.7504351193895315e-07
Customers_9867-JCZSP,4.748434695176863e-07
TotalCharges_943.1,4.738469081977219e-07
Customers_5451-MHQOF,4.736116028491905e-07
Customers_2725-TTRIQ,4.727338569776162e-07
Customers_8092-NLTGF,4.721338834574096e-07
TotalCharges_1036,4.718347351357426e-07
Customers_0936-NQLJU,4.7117632969668787e-07
Customers_5474-LAMUQ,4.7101155456535294e-07
Customers_5176-LMJXE,4.706897089746688e-07
TotalCharges_5986.45,4.697188328601917e-07
TotalCharges_244.8,4.6910350160628673e-07
Customers_4573-JKNAE,4.6836080496034224e-07
Customers_9418-RUKPH,4.682429496286529e-07
Customers_6476-EPYZR,4.6802127217897646e-07
TotalCharges_5661.7,4.6646887313909367e-07
TotalCharges_510.8,4.658497841261873e-07
TotalCharges_3784,4.658106283929764e-07
Customers_7233-PAHHL,4.657578221081167e-07
TotalCharges_457.3,4.649206959284127e-07
TotalCharges_901.25,4.646761650731281e-07
Customers_6609-MXJHJ,4.6364707213790535e-07
TotalCharges_6716.45,4.629070439628687e-07
Customers_7277-KAMWT,4.627416024855541e-07
TotalCharges_1024.65,4.6248447700606135e-07
TotalCharges_700.45,4.6225299350830474e-07
TotalCharges_246.7,4.6220942065460614e-07
Customers_9435-JMLSX,4.5933631428489927e-07
Customers_6122-LJADA,4.589490837695781e-07
Customers_9993-LHIEB,4.589016219567325e-07
TotalCharges_505.9,4.582549637491368e-07
TotalCharges_754,4.566068145676334e-07
TotalCharges_295.95,4.564638113325526e-07
TotalCharges_257,4.5634428239103354e-07
TotalCharges_1718.35,4.5628130994312475e-07
TotalCharges_928.4,4.5573845110597846e-07
Customers_3012-VFFMN,4.549626663988245e-07
TotalCharges_499.4,4.53712510300596e-07
TotalCharges_1029.8,4.5287789920302736e-07
TotalCharges_1195.95,4.516470345260425e-07
TotalCharges_5878.9,4.5149070783523627e-07
TotalCharges_730.1,4.5133246455436744e-07
Customers_6447-EGDIV,4.508260970913863e-07
TotalCharges_531.6,4.4996342054737583e-07
TotalCharges_509.3,4.49032261639855e-07
Customers_4933-BSAIP,4.4734578200588226e-07
Customers_9229-RQABD,4.4686110486678554e-07
Customers_3082-YVEKW,4.4673161688293107e-07
Customers_4518-FZBSX,4.467287596677879e-07
Customers_3889-VWBID,4.4506561743578065e-07
Customers_7197-VOJMM,4.447021496812725e-07
Customers_8857-CUPFQ,4.4457386544596746e-07
TotalCharges_1133.7,4.441514634936816e-07
TotalCharges_1238.65,4.438584505183388e-07
TotalCharges_1126.75,4.431402243356785e-07
Customers_0825-CPPQH,4.421004823957992e-07
TotalCharges_1212.25,4.4098854110771663e-07
TotalCharges_1498.85,4.4019923593883413e-07
Customers_9845-QOMAD,4.398558242494134e-07
TotalCharges_1268.85,4.3855087376998335e-07
TotalCharges_6287.3,4.380143764628863e-07
Customers_4006-HKYHO,4.3718469298948597e-07
TotalCharges_1203.95,4.3642482700562316e-07
TotalCharges_4014.2,4.359876933739582e-07
Customers_6867-ACCZI,4.3490076037066e-07
Customers_1270-XKUCC,4.348688999148597e-07
TotalCharges_1263.05,4.3307648278477265e-07
TotalCharges_1245.05,4.3181312870016555e-07
Customers_4990-ALDGW,4.3176107260711623e-07
TotalCharges_1797.1,4.31532755319044e-07
TotalCharges_617.65,4.306278662241441e-07
Customers_2878-DHMIN,4.290875692764556e-07
TotalCharges_1510.5,4.2828583735663816e-07
Customers_1964-SVLEA,4.28222591865922e-07
Customers_3486-NPGST,4.282159580665688e-07
TotalCharges_5886.85,4.268543261706201e-07
TotalCharges_1414.45,4.265148429811858e-07
TotalCharges_265.3,4.2650311152792495e-07
Customers_5317-FLPJF,4.2599587340283086e-07
TotalCharges_1447.9,4.2527220013860295e-07
Customers_2626-VEEWG,4.242838094071909e-07
TotalCharges_6474.4,4.240511341415052e-07
Customers_4795-UXVCJ,4.239883615639197e-07
Customers_1839-FBNFR,4.2392292627392963e-07
TotalCharges_689,4.231849282069442e-07
Customers_7164-BPTUT,4.2266398920597974e-07
Customers_0244-LGNFY,4.2173538513380606e-07
Customers_6582-PLFUU,4.216986145068435e-07
TotalCharges_5810.9,4.215657921079548e-07
Customers_2481-SBOYW,4.2137666003852993e-07
TotalCharges_684.05,4.210254888070078e-07
Customers_6508-NJYRO,4.195956789477007e-07
Customers_6479-OAUSD,4.19202682364693e-07
Customers_7398-HPYZQ,4.190190568373168e-07
TotalCharges_264.55,4.174715425298735e-07
Customers_2428-HYUNX,4.171473267498366e-07
TotalCharges_684.4,4.1691698614398345e-07
TotalCharges_1077.95,4.163203964898567e-07
Customers_5914-GXMDA,4.147357449380248e-07
Customers_9281-CEDRU,4.146622520214046e-07
TotalCharges_1809.35,4.1428945934820443e-07
TotalCharges_1004.5,4.13660098077685e-07
Customers_7244-KXYZN,4.135341554416759e-07
Customers_9242-TKFSV,4.1321412155982324e-07
TotalCharges_5265.2,4.1304774376596414e-07
TotalCharges_309.35,4.1287982171433355e-07
Customers_5248-KWLAR,4.119809965429801e-07
Customers_9184-GALIL,4.1185919370258066e-07
TotalCharges_1033,4.1182765861805154e-07
Customers_7945-PRBVF,4.117341493630137e-07
Customers_6087-YPWHO,4.115742006555508e-07
Customers_2314-TNDJQ,4.114232401001511e-07
Customers_3118-UHVVQ,4.1061204019451835e-07
Customers_6925-BAYGL,4.104851506084402e-07
TotalCharges_990.45,4.104190252469047e-07
Customers_7190-XHTWJ,4.09389296141756e-07
Customers_3280-NMUVX,4.0917922062998345e-07
TotalCharges_1108.2,4.0912515316147154e-07
TotalCharges_203.95,4.086041412868584e-07
Customers_1302-TPUBN,4.0824941755599806e-07
Customers_4774-HHGGS,4.081297062332106e-07
Customers_3777-XROBG,4.080099869670708e-07
TotalCharges_6365.35,4.0625657041233816e-07
TotalCharges_481.1,4.056723776188421e-07
Customers_6369-MCAKO,4.0559519461377936e-07
TotalCharges_1165.9,4.0538531704945377e-07
Customers_9415-ZNBSX,4.0311544324709583e-07
Customers_2324-AALNO,4.022362513875242e-07
TotalCharges_1988.05,4.014663550682359e-07
Customers_1775-KWJKQ,4.0110004690287854e-07
TotalCharges_1672.35,4.001724553521625e-07
TotalCharges_324.8,3.9847715418720143e-07
TotalCharges_3121.4,3.97102106308624e-07
Customers_5804-JMYIO,3.9537152405524825e-07
Customers_9620-QJREV,3.9424462888970453e-07
TotalCharges_1759.55,3.936839754841829e-07
TotalCharges_1856.4,3.936012259054169e-07
Customers_5970-GHJAW,3.932142663993426e-07
Customers_1245-HARPS,3.930633263658791e-07
TotalCharges_1013.05,3.9242017163765254e-07
TotalCharges_813.3,3.919087657039161e-07
TotalCharges_826,3.917110929437371e-07
TotalCharges_451.55,3.9144788279008604e-07
TotalCharges_5957.9,3.913980004779309e-07
Customers_9347-AERRL,3.913483348353066e-07
TotalCharges_705.45,3.908876244932872e-07
TotalCharges_720.05,3.902631181808436e-07
TotalCharges_581.85,3.901223782520216e-07
Customers_2122-SZZZD,3.8917925490420464e-07
Customers_9509-MPYOD,3.887522140723233e-07
TotalCharges_735.9,3.8806528197436486e-07
TotalCharges_5336.35,3.8804871460756e-07
Customers_0129-QMPDR,3.875291351834324e-07
Customers_0422-OHQHQ,3.874657206823071e-07
Customers_6974-DAFLI,3.873457215461046e-07
Customers_9766-HGEDE,3.867144371218144e-07
Customers_8592-PLTMQ,3.8665344464482875e-07
Customers_1790-NESIO,3.8635504914341603e-07
TotalCharges_490.65,3.857176849779209e-07
TotalCharges_5186,3.8494825348281696e-07
TotalCharges_1012.4,3.8480516289898104e-07
TotalCharges_415.1,3.8428121228045716e-07
TotalCharges_6520.8,3.8402744730139125e-07
Customers_1755-FZQEC,3.8265440298966295e-07
Customers_8234-GSZYK,3.8197680548550503e-07
TotalCharges_1386.9,3.8144920099273635e-07
Customers_9710-NJERN,3.8121631520080144e-07
Customers_7083-MIOPC,3.811599025694003e-07
Customers_2821-WARNZ,3.8006185559017564e-07
TotalCharges_292.4,3.7963665330633355e-07
Customers_1241-FPMOF,3.795267215328612e-07
TotalCharges_6367.2,3.786043457471879e-07
Customers_6115-ZTBFQ,3.7809854747931996e-07
Customers_4782-OSFXZ,3.7745303644121855e-07
TotalCharges_4097.05,3.7722809357364837e-07
Customers_8606-OEGQZ,3.7570365771286096e-07
Customers_4957-SREEC,3.752236997318913e-07
TotalCharges_543,3.7353998216798393e-07
TotalCharges_779.2,3.718470557625909e-07
TotalCharges_763.1,3.7167111323738687e-07
Customers_0780-XNZFN,3.713692664964839e-07
Customers_5201-CBWYG,3.703606374847666e-07
Customers_7452-FOLON,3.703031496570469e-07
TotalCharges_268.45,3.702249434993856e-07
TotalCharges_1250.1,3.6999299752556723e-07
Customers_4378-BZYFP,3.6932939204147354e-07
Customers_2007-QVGAW,3.691400334270074e-07
TotalCharges_921.3,3.6897173151988604e-07
TotalCharges_125,3.6798008801499004e-07
Customers_2228-BZDEE,3.679772688075331e-07
Customers_1764-VUUMT,3.6770215065207535e-07
TotalCharges_672.2,3.652971726091753e-07
Customers_1619-YWUBB,3.649361687800537e-07
Customers_0485-ZBSLN,3.644811941132233e-07
TotalCharges_1107.2,3.62528312319548e-07
TotalCharges_321.4,3.623928129837404e-07
Customers_3154-HMWUU,3.623642537268482e-07
TotalCharges_1025.05,3.6137926013781807e-07
Customers_1760-CAZHT,3.6133778390686236e-07
Customers_7349-ALMUX,3.611263220775556e-07
Customers_9631-RXVJM,3.6096205171092973e-07
Customers_3266-FTKHB,3.606993835038029e-07
TotalCharges_942.95,3.60671745287252e-07
TotalCharges_4973.4,3.59709483410988e-07
Customers_9621-OUPYD,3.5949621664985505e-07
TotalCharges_533.5,3.5928601679509546e-07
Customers_4565-NLZBV,3.586996462764792e-07
Customers_2927-CVULT,3.584162752031534e-07
Customers_9891-NQDBD,3.582834269328506e-07
Customers_5296-PSYVW,3.5787216791921973e-07
TotalCharges_967.85,3.5732612873886845e-07
Customers_8749-TZYEC,3.5705273568489184e-07
TotalCharges_259.65,3.564065920439528e-07
TotalCharges_485.9,3.5568127124381825e-07
TotalCharges_5536.5,3.552602728573185e-07
TotalCharges_1211.65,3.5510955457697055e-07
Customers_1403-LKLIK,3.549833152494953e-07
TotalCharges_776.25,3.549105350741016e-07
Customers_2650-GYRYL,3.548687566610198e-07
Customers_6546-OPBBH,3.542710787410772e-07
TotalCharges_465.45,3.5368072883088704e-07
Customers_7558-IMLMT,3.5347768564141324e-07
Customers_8896-RAZCR,3.529477286121843e-07
TotalCharges_243.65,3.527142044775166e-07
Customers_8148-WOCMK,3.523883307170784e-07
TotalCharges_614.45,3.5185315579255494e-07
Customers_2808-CHTDM,3.505223555961698e-07
Customers_3720-DBRWL,3.4989975620563323e-07
Customers_2466-FCCPT,3.493325314562882e-07
Customers_8022-BECSI,3.4930566204655927e-07
TotalCharges_779.25,3.4922586660851477e-07
Customers_7242-EDTYC,3.491712134042649e-07
TotalCharges_417.5,3.480559888968489e-07
Customers_2804-ETQDK,3.4760428536686675e-07
TotalCharges_6369.45,3.470112483039841e-07
Customers_5067-WJEUN,3.4667042735073737e-07
TotalCharges_1359.5,3.4666461450892637e-07
TotalCharges_3297,3.4650843781682113e-07
Customers_0362-RAOQO,3.461650190187484e-07
TotalCharges_1776.45,3.457250255052999e-07
Customers_5075-JSDKI,3.4476372757047975e-07
TotalCharges_6254.45,3.4474762584761923e-07
TotalCharges_4719.75,3.445355382887709e-07
Customers_3769-MHZNV,3.4305775309351445e-07
TotalCharges_176.3,3.4293299669319395e-07
TotalCharges_6441.85,3.4284477183685713e-07
Customers_0847-HGRML,3.4250345045285984e-07
TotalCharges_936.7,3.4236187550064e-07
TotalCharges_1079.05,3.41613214272651e-07
Customers_1178-PZGAB,3.4042616326534857e-07
Customers_2550-QHZGP,3.3972092320706026e-07
TotalCharges_130.25,3.395748676447092e-07
Customers_9972-EWRJS,3.394477878657794e-07
Customers_6857-TKDJV,3.39147323303828e-07
TotalCharges_4059.85,3.384819741262139e-07
Customers_1209-VFFOC,3.3822640920917455e-07
TotalCharges_755.5,3.377753505257836e-07
Customers_1187-WILMM,3.3708237097077707e-07
TotalCharges_418.25,3.363470743404599e-07
TotalCharges_4804.75,3.350689801945391e-07
Customers_6051-PTVNS,3.34810999895908e-07
Customers_5512-IDZEI,3.339832800746477e-07
TotalCharges_1424.2,3.3391763177399546e-07
Customers_7293-LSCDV,3.3302589190891874e-07
TotalCharges_1147.85,3.32814028691966e-07
TotalCharges_478.1,3.3116705021997463e-07
TotalCharges_830.25,3.3062539453435165e-07
TotalCharges_6506.15,3.300716520338719e-07
Customers_4538-WNTMJ,3.292126772503182e-07
TotalCharges_342.3,3.2908899875502003e-07
TotalCharges_5824.75,3.2906708073853376e-07
Customers_1207-BLKSA,3.273015145070277e-07
TotalCharges_1286,3.2687776206121804e-07
Customers_0839-QNXME,3.264564618266244e-07
Customers_9646-NMHXE,3.264505567009215e-07
Customers_8327-WKMIE,3.258974090790258e-07
TotalCharges_1462.05,3.255856401804074e-07
TotalCharges_370.5,3.2546815296052364e-07
TotalCharges_255.5,3.2545450241555264e-07
TotalCharges_301.55,3.254253653304288e-07
TotalCharges_1728.2,3.2522672131978794e-07
TotalCharges_1252.85,3.2502960058440644e-07
Customers_6656-GULJQ,3.248249560924097e-07
Customers_2560-WBWXF,3.2404966645414963e-07
Customers_3274-NSDWE,3.236192459800933e-07
Customers_4425-OWHWB,3.219642693003436e-07
Customers_7008-LZVOZ,3.218776994555416e-07
Customers_7813-TKCVO,3.218544893390826e-07
TotalCharges_790,3.2130264160204973e-07
TotalCharges_1567,3.208387244343356e-07
Customers_6348-SNFUS,3.2071768059959983e-07
TotalCharges_1146.05,3.2051529053426384e-07
Customers_0784-GTUUK,3.1927842502846347e-07
Customers_8690-ZVLCL,3.191678877914846e-07
TotalCharges_1298.7,3.1855406567667173e-07
TotalCharges_1131.5,3.1812281546841683e-07
TotalCharges_4759.55,3.1756556218967625e-07
TotalCharges_6132.7,3.1730742855807736e-07
TotalCharges_993.15,3.164951245657621e-07
Customers_0464-WJTKO,3.157251410554458e-07
Customers_4291-TPNFG,3.1556371494215483e-07
TotalCharges_1094.35,3.1500484963752953e-07
Customers_3523-BRGUW,3.148012593179852e-07
TotalCharges_797.1,3.1392025711041077e-07
TotalCharges_280.85,3.1355808069750594e-07
TotalCharges_868.1,3.1346715871013106e-07
Customers_1866-ZSLJM,3.1285936919077776e-07
TotalCharges_1673.8,3.126666950794956e-07
Customers_9499-XPZXM,3.1224142800211656e-07
Customers_8884-FEEWR,3.120943887428198e-07
Customers_5849-ASHZJ,3.1187683325944207e-07
Customers_2908-WGAXL,3.1185309931819073e-07
Customers_8413-YNHNV,3.1155389295127104e-07
TotalCharges_743.05,3.1124651576992383e-07
TotalCharges_105.5,3.108924889936004e-07
Customers_2587-YNLES,3.096049682419771e-07
TotalCharges_670.35,3.0905170105493745e-07
Customers_8908-SLFCJ,3.0877740511357187e-07
TotalCharges_4179.2,3.0869000030017005e-07
TotalCharges_762.45,3.0778397722628156e-07
TotalCharges_1279,3.0735782321911176e-07
Customers_7073-QETQY,3.0724562352285857e-07
Customers_7353-YOWFP,3.0721068895494734e-07
TotalCharges_460.2,3.065191536972159e-07
Customers_5220-AGAAX,3.0626937096166943e-07
Customers_7267-FRMJW,3.060110226241297e-07
Customers_6419-ZTTLE,3.0539498008638314e-07
Customers_8859-YSTWS,3.052741578925721e-07
TotalCharges_1431.65,3.0511627673876637e-07
TotalCharges_6392.85,3.0467430433385786e-07
Customers_9602-WCXPI,3.018928653975657e-07
TotalCharges_310.6,3.0131057878228085e-07
Customers_3498-LZGQZ,3.010337517364794e-07
Customers_2569-WGERO,3.0038508755049796e-07
TotalCharges_1277.75,3.0027401965314117e-07
Customers_0354-VXMJC,2.9959595343746636e-07
Customers_5006-MXVRN,2.990143541595712e-07
Customers_7196-LIWRH,2.989792401156524e-07
TotalCharges_369.05,2.987258531499219e-07
Customers_9823-EALYC,2.9844873761438333e-07
TotalCharges_1355.1,2.980421185145362e-07
TotalCharges_855.1,2.979672038527536e-07
Customers_5208-FVQKB,2.9787091930753787e-07
Customers_3612-YVGSJ,2.9666900148640353e-07
Customers_0269-XFESX,2.9662043108961184e-07
TotalCharges_307,2.954886184526301e-07
Customers_4656-CAURT,2.9543164558353495e-07
Customers_3779-OSWCF,2.953404563528091e-07
TotalCharges_1641.8,2.9492750738373516e-07
Customers_8194-PEEBY,2.93711660001552e-07
TotalCharges_1068.15,2.933681500357914e-07
TotalCharges_1134.25,2.9293537287224236e-07
Customers_2718-YSKCS,2.928726898193819e-07
TotalCharges_1245.6,2.9279631586222745e-07
Customers_3913-RDSJZ,2.903871994034327e-07
Customers_4737-AQCPU,2.9031582287303295e-07
Customers_4900-MSOMT,2.898747113878573e-07
TotalCharges_4664.15,2.896770165568739e-07
TotalCharges_997.75,2.89475461582265e-07
Customers_4195-PNGZS,2.893503724040126e-07
Customers_3079-BCHLN,2.892305041481229e-07
Customers_7898-PDWQE,2.885512063048459e-07
Customers_6725-TPKJO,2.881263932872412e-07
Customers_1272-ILHFG,2.8772798180282225e-07
Customers_1568-LJSZU,2.8753966770191037e-07
Customers_8285-ABVLB,2.868839517167444e-07
TotalCharges_1519,2.8557980584905585e-07
TotalCharges_107.6,2.851453725317619e-07
Customers_5799-JRCZO,2.84785326158413e-07
TotalCharges_6339.3,2.846736519031393e-07
TotalCharges_937.1,2.8437058126211095e-07
Customers_7469-LKBCI,2.8354386476870257e-07
Customers_7977-HXJKU,2.8330448691423916e-07
Customers_4707-YNOQA,2.8173180048656594e-07
TotalCharges_624.15,2.809373962830708e-07
Customers_5394-MEITZ,2.805749475161687e-07
Customers_4804-NCPET,2.8038527106129944e-07
Customers_6701-DHKWQ,2.803481444776608e-07
Customers_7956-XQWGU,2.8002775380532775e-07
TotalCharges_550.1,2.7989997441290503e-07
Customers_1269-FOYWN,2.798874547764863e-07
TotalCharges_272.35,2.795136173745335e-07
Customers_9258-CNWAC,2.794651571771388e-07
TotalCharges_273.25,2.7944841793558845e-07
Customers_4625-XMOYM,2.7941117718462133e-07
Customers_8917-FAEMR,2.792463111427631e-07
Customers_9489-JMTTN,2.778645078532519e-07
TotalCharges_1509.9,2.777799009147826e-07
TotalCharges_800.3,2.772461663020906e-07
Customers_9385-EHGDO,2.7692406837962143e-07
TotalCharges_1688.9,2.769072454826025e-07
TotalCharges_879.8,2.764272434817492e-07
Customers_7781-HVGMK,2.7623559907531554e-07
Customers_6000-UKLWI,2.761109871178009e-07
Customers_2560-QTSBS,2.760186001970642e-07
Customers_8966-SNIZF,2.759829601886677e-07
TotalCharges_397,2.7597552877039424e-07
Customers_6509-TSGWN,2.75689319968943e-07
Customers_3935-TBRZZ,2.7562183218296727e-07
TotalCharges_1419.4,2.755595252666793e-07
Customers_0831-JNISG,2.7481528898385865e-07
TotalCharges_808.95,2.746058506099118e-07
TotalCharges_1342.15,2.732131765307938e-07
Customers_1073-XXCZD,2.732072679944737e-07
Customers_1734-ZMNTZ,2.7314096620589887e-07
Customers_4883-KCPZJ,2.7244605801264316e-07
Customers_3212-KXOCR,2.722380692772198e-07
TotalCharges_1372.9,2.720805759150892e-07
Customers_9798-OPFEM,2.7206635981910114e-07
TotalCharges_533.9,2.717366008157666e-07
Customers_3653-NCRDJ,2.7132804515386834e-07
Customers_9447-YPTBX,2.7052527549886973e-07
Customers_6199-IPCAO,2.694308318544509e-07
TotalCharges_1414.8,2.691864569911164e-07
TotalCharges_400,2.683604874501907e-07
TotalCharges_358.05,2.6776654252988007e-07
Customers_0774-RMNUW,2.675007045454798e-07
Customers_4526-EXKKN,2.672895997309703e-07
TotalCharges_845.6,2.671988839888641e-07
Customers_6407-GSJNL,2.668692928659852e-07
Customers_8499-BRXTD,2.6685856534063237e-07
TotalCharges_6688.95,2.6631417167081547e-07
Customers_3131-NWVFJ,2.6570075695283074e-07
Customers_2194-IIQOF,2.6528478394368596e-07
Customers_8098-TDCBU,2.6516162018986776e-07
Customers_1231-YNDEK,2.6496250398646546e-07
TotalCharges_943,2.6360029649975465e-07
Customers_5312-TSZVC,2.6238527507651854e-07
Customers_8361-LBRDI,2.623217568600339e-07
Customers_0835-DUUIQ,2.6219952448303216e-07
Customers_5115-GZDEL,2.61875874156866e-07
TotalCharges_6322.1,2.6104991126193543e-07
Customers_8747-UDCOI,2.601397840768471e-07
Customers_4836-WNFNO,2.5985899129686026e-07
Customers_0508-SQWPL,2.597875881717595e-07
Customers_0506-YLVKJ,2.5967824548995995e-07
TotalCharges_1377.7,2.5936042460687e-07
Customers_2229-DPMBI,2.588342500120415e-07
Customers_3635-QQRQD,2.5846716802460584e-07
Customers_7941-RCJOW,2.582877100869608e-07
TotalCharges_905.55,2.5767351249438045e-07
TotalCharges_1210.3,2.5749264378110114e-07
TotalCharges_854.8,2.5719640438247607e-07
Customers_0854-UYHZD,2.5688496324895327e-07
TotalCharges_4421.95,2.568223533537029e-07
Customers_8884-MRNSU,2.5681428760009973e-07
Customers_1722-LDZJS,2.5628179478016664e-07
Customers_8969-PRHFK,2.5619661251553773e-07
Customers_7305-ZWMAJ,2.5618666090703467e-07
Customers_0885-HMGPY,2.5583955148543247e-07
TotalCharges_4808.7,2.5417114899681277e-07
TotalCharges_1387.45,2.5357286628289533e-07
Customers_6585-WCEWR,2.519353161312528e-07
TotalCharges_845.25,2.515497610473138e-07
Customers_8612-GXIDD,2.510053691466315e-07
TotalCharges_1192.3,2.506726050624581e-07
Customers_0804-YGEQV,2.501424469915822e-07
Customers_1834-WULEG,2.497384281706823e-07
TotalCharges_911.6,2.4916848783398453e-07
TotalCharges_471.85,2.48873712788298e-07
Customers_5377-NDTOU,2.487331346843949e-07
TotalCharges_197.4,2.4865672295150316e-07
Customers_1998-VHJHK,2.4856847753726637e-07
TotalCharges_625.05,2.4851682159772575e-07
TotalCharges_1354.4,2.4797310724600517e-07
TotalCharges_654.55,2.4736597691530464e-07
Customers_6072-NUQCB,2.471567582090111e-07
TotalCharges_1216.35,2.4708343628009917e-07
Customers_8512-WIWYV,2.470505405743484e-07
Customers_0704-VCUMB,2.465323055008137e-07
Customers_6855-VLGOS,2.458626791198142e-07
Customers_2819-GWENI,2.4348879411659725e-07
TotalCharges_1411.2,2.433108789953192e-07
TotalCharges_899.45,2.4322620051507446e-07
Customers_1561-BWHIN,2.4292660288661085e-07
TotalCharges_439.75,2.42621375951815e-07
Customers_8164-OCKUJ,2.4193218092300684e-07
Customers_7328-ZJAJO,2.418559977014643e-07
TotalCharges_741,2.417154162273582e-07
Customers_5583-EJXRD,2.4155443179079093e-07
TotalCharges_1769.6,2.4066965960410075e-07
Customers_6518-KZXCB,2.39544924717108e-07
Customers_1635-HDGFT,2.3932362204533565e-07
TotalCharges_1388,2.3859582932510484e-07
TotalCharges_609.05,2.384390521823596e-07
TotalCharges_1303.25,2.379448137763151e-07
Customers_8043-PNYSD,2.3789317733839753e-07
Customers_6813-GZQCG,2.377654059018626e-07
TotalCharges_258.35,2.3768329889332356e-07
Customers_6961-MJKBO,2.3741578104908216e-07
Customers_8774-GSBUN,2.373536021338478e-07
TotalCharges_914.4,2.3731687105886393e-07
TotalCharges_1673.4,2.3642749002576625e-07
TotalCharges_835.15,2.3618700480206093e-07
TotalCharges_696.8,2.3584086799088055e-07
TotalCharges_890.35,2.3562949393458755e-07
Customers_1093-YSWCA,2.3535261227415584e-07
Customers_6696-YDAYZ,2.3506120331862024e-07
TotalCharges_4674.55,2.3299693761376263e-07
TotalCharges_1423.65,2.329895760099451e-07
TotalCharges_785.75,2.322948955493034e-07
TotalCharges_638.55,2.3144255707016373e-07
Customers_4092-OFQZS,2.3100431103360525e-07
Customers_0486-LGCCH,2.3085533951597496e-07
Customers_2511-ALLCS,2.3054565065558532e-07
Customers_2126-GSEGL,2.3025524344848764e-07
TotalCharges_554.25,2.3009879351614852e-07
Customers_1970-KKFWL,2.297362114430792e-07
Customers_7321-KKSDU,2.2937472811712377e-07
Customers_0859-YGKFW,2.2918721763660926e-07
TotalCharges_4681.75,2.290953199047329e-07
TotalCharges_386.5,2.2907313842521702e-07
Customers_7113-HIPFI,2.2907163519008677e-07
Customers_5016-LIPDW,2.28845507292372e-07
Customers_0626-QXNGV,2.2838786781825827e-07
Customers_4018-KJYUY,2.2762787514445083e-07
Customers_4641-FROLU,2.2747014303110226e-07
TotalCharges_1681.6,2.2640806798685805e-07
TotalCharges_486.2,2.2606743214187803e-07
Customers_1686-STUHN,2.2565968904592073e-07
TotalCharges_5817.45,2.251299107082809e-07
Customers_4933-IKULF,2.2497245750623345e-07
TotalCharges_599.3,2.2470060311356325e-07
Customers_2749-CTKAJ,2.2430205635626834e-07
TotalCharges_1421.9,2.2233185332227164e-07
TotalCharges_587.4,2.2173542291400722e-07
Customers_1813-JLKWR,2.2130439851910652e-07
Customers_4632-PAOYU,2.2084810973124489e-07
Customers_5736-YEJAX,2.2059558591005217e-07
Customers_7876-DNYAP,2.2029030228665605e-07
Customers_0071-NDAFP,2.2015088427583885e-07
TotalCharges_1911.5,2.2014556483360467e-07
Customers_7328-OWMOM,2.20077968473152e-07
Customers_3279-DYZQM,2.200461091877182e-07
TotalCharges_1412.65,2.1978165358484e-07
TotalCharges_927.1,2.1977803990137263e-07
Customers_7980-MHFLQ,2.1949621454853984e-07
Customers_0971-QIFJK,2.1931595529840306e-07
Customers_9065-ZCPQX,2.1880173910924095e-07
TotalCharges_419.9,2.1835250471131571e-07
Customers_2848-YXSMW,2.18119102687615e-07
TotalCharges_1253.65,2.1809786881526762e-07
Customers_1241-EZFMJ,2.17553516575652e-07
Customers_5848-FHRFC,2.16894010751976e-07
TotalCharges_856.5,2.1661407100265873e-07
TotalCharges_902,2.1647021573972e-07
TotalCharges_1087.7,2.1643598103593307e-07
TotalCharges_579.4,2.159207470009071e-07
Customers_6885-PKOAM,2.1529142206043896e-07
Customers_0784-ZQJZX,2.1514798252774505e-07
Customers_1971-DTCZB,2.1501790720175984e-07
Customers_8100-PNJMH,2.1448311397063204e-07
TotalCharges_5224.95,2.1428564793808876e-07
Customers_6100-FJZDG,2.1427507267313655e-07
TotalCharges_1234.8,2.1416930090063295e-07
Customers_1843-TLSGD,2.135364174989923e-07
TotalCharges_1501.75,2.1298700706822988e-07
Customers_6976-BWGLQ,2.1244683264879163e-07
TotalCharges_527.35,2.1227314159004317e-07
TotalCharges_343.6,2.1204645566985796e-07
Customers_1635-NZATJ,2.1193228852652215e-07
Customers_3148-AOIQT,2.1190802693007927e-07
Customers_2498-XLDZR,2.1179856618051491e-07
TotalCharges_1379.6,2.1137671523136422e-07
TotalCharges_1887,2.1135425590711426e-07
TotalCharges_1505.05,2.10502997847226e-07
TotalCharges_1411.9,2.0918588532939064e-07
TotalCharges_270.6,2.0910330871680745e-07
TotalCharges_436.9,2.0886928831270903e-07
Customers_0238-WHBIQ,2.0852285541413103e-07
TotalCharges_4620.4,2.0619036664632005e-07
Customers_9585-KKMFD,2.0612841678091367e-07
TotalCharges_1272.05,2.057370914868775e-07
TotalCharges_1270.55,2.054941067812702e-07
TotalCharges_1784.9,2.052401704770741e-07
Customers_4716-MRVEN,2.050484277288728e-07
Customers_2346-CZYIL,2.047409238032952e-07
TotalCharges_1730.65,2.0465349114910372e-07
TotalCharges_1401.4,2.0443807846860696e-07
TotalCharges_1263.85,2.0389144051467465e-07
Customers_7009-PCARS,2.0354538537072272e-07
Customers_5871-DGTXZ,2.034559436900516e-07
TotalCharges_1914.5,2.030260061990548e-07
Customers_5696-EXCYS,2.028995975196869e-07
Customers_5876-QMYLD,2.0154914843979818e-07
Customers_7969-FFOWG,2.010775037374897e-07
Customers_4077-HWUYD,2.0028159816210214e-07
TotalCharges_1123.15,1.9957287449441364e-07
TotalCharges_784.25,1.9887000976719788e-07
TotalCharges_387.4,1.9879269572636313e-07
TotalCharges_864.2,1.985371790119252e-07
TotalCharges_1686.15,1.9822531428898174e-07
Customers_7473-ZBDSN,1.9775739849144722e-07
Customers_2595-KIWPV,1.9775663451362642e-07
Customers_6265-FRMTQ,1.9723576173345804e-07
TotalCharges_1167.6,1.9677289173097282e-07
TotalCharges_3166.9,1.9648056388488915e-07
TotalCharges_1710.15,1.9605335586611168e-07
TotalCharges_903.8,1.9541469995587988e-07
Customers_1987-AUELQ,1.9527085196332723e-07
TotalCharges_294.95,1.9504539628322817e-07
Customers_2097-YVPKN,1.9353885017595197e-07
Customers_8859-DZTGQ,1.9324007877653029e-07
Customers_5847-MXBEO,1.9315481749210265e-07
TotalCharges_546.85,1.93000219240258e-07
Customers_5346-BZCHP,1.9224704198160854e-07
Customers_8380-MQINP,1.9139496456107246e-07
Customers_7673-BQGKU,1.910537309884985e-07
TotalCharges_962.25,1.9070449203679577e-07
Customers_4176-RELJR,1.902566231072734e-07
TotalCharges_951.55,1.899697254499562e-07
TotalCharges_202.3,1.898943763199143e-07
TotalCharges_1821.8,1.8932405810733875e-07
Customers_5982-XMDEX,1.8908563615705736e-07
TotalCharges_1041.8,1.8894795593237692e-07
TotalCharges_1337.5,1.8869772183321758e-07
TotalCharges_1027.25,1.8845742709463504e-07
TotalCharges_1399.35,1.8768859846296548e-07
Customers_1852-QSWCD,1.871351595234418e-07
Customers_8191-XWSZG,1.8670227676079747e-07
Customers_7493-GVFIO,1.862666868251479e-07
TotalCharges_225.75,1.8622922526057903e-07
Customers_5743-KHMNA,1.859399139683352e-07
TotalCharges_1048.45,1.854672550150986e-07
Customers_6828-HMKWP,1.8542501249343785e-07
TotalCharges_6595.9,1.841456102642197e-07
Customers_9625-RZFUK,1.834786051138942e-07
TotalCharges_388.6,1.8277190189501512e-07
Customers_9838-BFCQT,1.8238114989862004e-07
Customers_0224-NIJLP,1.8217289114040667e-07
Customers_7107-UBYKY,1.818847812031415e-07
Customers_4803-LBYPN,1.8132467226466716e-07
Customers_1955-IBMMB,1.8115426728654913e-07
Customers_5465-BUBFA,1.809551217324986e-07
TotalCharges_1713.1,1.807874746089874e-07
TotalCharges_6697.2,1.8043717305451748e-07
Customers_5622-UEJFI,1.8039237004989597e-07
Customers_2207-RYYRL,1.8036279388563735e-07
Customers_2817-LVCPP,1.8022880966800646e-07
TotalCharges_332.65,1.7998391921809693e-07
Customers_0969-RGKCU,1.7980200258146974e-07
Customers_9503-XJUME,1.7954056508488495e-07
Customers_2208-NKVVH,1.7950411671717516e-07
Customers_5567-GZKQY,1.7924359205711238e-07
Customers_9574-BOSMD,1.786233886110455e-07
TotalCharges_1008.7,1.780086035201469e-07
TotalCharges_1789.65,1.7778523762547508e-07
TotalCharges_679,1.7657763491112733e-07
Customers_0042-RLHYP,1.7605065193179188e-07
Customers_3896-ZVNET,1.7589586611703123e-07
TotalCharges_935.9,1.7571997815157465e-07
TotalCharges_1341.5,1.753055556442303e-07
TotalCharges_470,1.7457046936247368e-07
TotalCharges_921.55,1.745346088426098e-07
TotalCharges_949.8,1.7407399081061605e-07
Customers_3594-BDSOA,1.7407381589308313e-07
Customers_7696-CFTAT,1.7400792964846536e-07
TotalCharges_1796.55,1.7382962647126405e-07
TotalCharges_1514.85,1.7360794356468267e-07
TotalCharges_613.95,1.7333060659546748e-07
TotalCharges_1766.75,1.731312877716681e-07
Customers_2592-HODOV,1.7304912957710795e-07
Customers_6765-MBQNU,1.7303703198223145e-07
TotalCharges_486.05,1.729573046221151e-07
TotalCharges_980.35,1.7290538228600338e-07
TotalCharges_1278.8,1.7285931251272346e-07
Customers_7634-HLQJR,1.7274453854809985e-07
TotalCharges_4664.5,1.724619581860951e-07
Customers_5986-WWXDV,1.7209892033706915e-07
TotalCharges_153.3,1.718123981161979e-07
Customers_4884-LEVMQ,1.715504635384043e-07
Customers_0932-YIXYU,1.7153874215304943e-07
TotalCharges_1244.8,1.7042762296782948e-07
TotalCharges_1304.8,1.6920049466370638e-07
Customers_4817-KEQSP,1.6871965509794862e-07
Customers_5854-KSRBJ,1.682520218608503e-07
TotalCharges_1054.75,1.679336523397381e-07
Customers_6619-RPLQZ,1.6749565872001044e-07
Customers_1460-UZPRJ,1.6655345565461595e-07
Customers_3359-DSRKA,1.6653870795019894e-07
Customers_6734-PSBAW,1.663648734269624e-07
TotalCharges_6463.15,1.6606961457328273e-07
Customers_2400-FEQME,1.6599301162262526e-07
Customers_4475-NVTLU,1.6598881311961826e-07
TotalCharges_1292.65,1.6455922396456938e-07
TotalCharges_739.35,1.6442070428949418e-07
Customers_3810-PJUHR,1.6372928154934055e-07
Customers_4323-ELYYB,1.6358006177005626e-07
Customers_5248-YGIJN,1.6304452879851598e-07
TotalCharges_892.15,1.6263305452184451e-07
Customers_1468-DEFNC,1.620856578657682e-07
TotalCharges_1281.25,1.6100588809694096e-07
TotalCharges_1121.05,1.607066056561914e-07
TotalCharges_1078.75,1.6052051277942253e-07
Customers_8514-VZHEB,1.601835408529658e-07
TotalCharges_1292.6,1.596765869865024e-07
TotalCharges_1482.3,1.586295965838241e-07
Customers_1069-QJOEE,1.5811063582149364e-07
TotalCharges_5980.55,1.5770294747036148e-07
TotalCharges_982.95,1.5734854545817908e-07
TotalCharges_1092.35,1.5662058953595332e-07
TotalCharges_1230.9,1.5642357921654647e-07
Customers_6258-PVZWJ,1.5634176795441845e-07
Customers_1223-UNPKS,1.55742531977763e-07
TotalCharges_6223.8,1.5574194445449514e-07
Customers_4193-IBKSW,1.5385922283800475e-07
Customers_8999-EXMNO,1.5384507710313852e-07
TotalCharges_865.05,1.53578807353115e-07
TotalCharges_387.7,1.53483895314299e-07
TotalCharges_711.9,1.524041483504053e-07
TotalCharges_1548.65,1.5181895143092153e-07
TotalCharges_6614.9,1.512892594934389e-07
Customers_4652-ODEVH,1.5074819148464904e-07
TotalCharges_1160.75,1.504446170380949e-07
TotalCharges_903.7,1.5014253804646454e-07
TotalCharges_746.75,1.4995966662283638e-07
Customers_3774-VBNXY,1.4988914302237884e-07
Customers_1627-AFWVJ,1.4972986242175566e-07
TotalCharges_1500.95,1.4970125413254813e-07
TotalCharges_5102.35,1.4966319130423127e-07
Customers_6408-WHTEF,1.4962228844826384e-07
TotalCharges_1573.05,1.4751885228750797e-07
Customers_5275-PMFUT,1.4745382935088793e-07
Customers_3472-QPRCH,1.472204587932701e-07
Customers_4878-BUNFV,1.4721079301741772e-07
TotalCharges_958.15,1.4717271485818822e-07
TotalCharges_1275.85,1.4710922584951292e-07
Customers_1401-FTHFQ,1.4597843441477623e-07
Customers_6685-XSHHU,1.4580989606835042e-07
Customers_7096-ZNBZI,1.453634385951917e-07
Customers_4950-HKQTE,1.4519759984865216e-07
TotalCharges_1748.55,1.4423798024400576e-07
TotalCharges_692.55,1.4412079993626822e-07
Customers_6082-OQFBA,1.4391618959730807e-07
TotalCharges_1460.85,1.438827666719985e-07
TotalCharges_1715.15,1.437948520343673e-07
Customers_6621-NRZAK,1.4327594778842773e-07
TotalCharges_467.7,1.4321611719556035e-07
Customers_0394-YONDK,1.4317285789501196e-07
TotalCharges_6782.15,1.4300079018078243e-07
Customers_3070-FNFZQ,1.4240195362239872e-07
TotalCharges_1715.1,1.4238699833059215e-07
TotalCharges_1346.2,1.4223729759727072e-07
Customers_6425-JWTDV,1.4196010078294538e-07
Customers_4807-IZYOZ,1.4123655349138594e-07
Customers_7033-CLAMM,1.40934385092606e-07
Customers_7695-PKLCZ,1.4066097134867803e-07
Customers_2253-KPMNB,1.405782293961768e-07
Customers_7115-IRDHS,1.4034125347329093e-07
TotalCharges_1086.75,1.4006504204718e-07
Customers_6461-SZMCV,1.399220015085007e-07
TotalCharges_4754.3,1.39573946591462e-07
Customers_3451-VAWLI,1.394552832017754e-07
TotalCharges_886.4,1.394259516633153e-07
TotalCharges_998.1,1.3936458820885463e-07
Customers_6253-GNHWH,1.389531763745095e-07
TotalCharges_1119.9,1.3874208640783634e-07
Customers_5356-KZCKT,1.3873379759665605e-07
Customers_4589-IUAJB,1.3868238403391863e-07
Customers_9451-WLYRI,1.3859136445763003e-07
Customers_5793-YOLJN,1.3814358058564356e-07
TotalCharges_772.4,1.3803611580487072e-07
TotalCharges_1534.05,1.3791292020670804e-07
Customers_0264-CNITK,1.375846174325927e-07
TotalCharges_454,1.3720576447436244e-07
TotalCharges_1378.75,1.3642742909229435e-07
Customers_9178-JHUVJ,1.363642149271738e-07
TotalCharges_357.7,1.3625511845380235e-07
TotalCharges_1898.1,1.3572478485187643e-07
Customers_6551-VLJMV,1.35662390018755e-07
TotalCharges_1378.45,1.3480564785330863e-07
TotalCharges_930.95,1.3475327277211013e-07
TotalCharges_689.75,1.3427144235580237e-07
Customers_9251-AWQGT,1.3365034145447548e-07
Customers_4979-HPRFL,1.3355393516627292e-07
Customers_9153-BTBVV,1.3293990973491026e-07
TotalCharges_1171.3,1.3271470250455432e-07
Customers_3569-JFODW,1.3233096001626092e-07
TotalCharges_1657.4,1.3218913694777045e-07
Customers_3764-MNMOI,1.3127804694194572e-07
TotalCharges_1777.6,1.3102029661926908e-07
TotalCharges_1014.25,1.3060272211779152e-07
Customers_4896-CPRPF,1.3040864467386656e-07
TotalCharges_4784.45,1.3023037498610485e-07
TotalCharges_6342.7,1.3005143894393447e-07
Customers_6980-IMXXE,1.2968084373415323e-07
TotalCharges_641.35,1.2965109792333967e-07
Customers_3973-SKMLN,1.2911991909641202e-07
TotalCharges_861.85,1.2890131792319459e-07
Customers_0386-CWRGM,1.288361898195865e-07
Customers_1699-TLDLZ,1.2707550875146453e-07
TotalCharges_1434.1,1.2692202768137347e-07
TotalCharges_1331.05,1.260220582464299e-07
Customers_5044-XDPYX,1.2524869167592314e-07
Customers_6485-QXWWE,1.2503356052295203e-07
Customers_3457-PQBYH,1.2492265396442666e-07
Customers_1439-LCGVL,1.2417204794564558e-07
TotalCharges_1566.9,1.241048428589818e-07
TotalCharges_1215.1,1.2256824847117533e-07
Customers_8544-JNBOX,1.2221965347238805e-07
Customers_1657-DYMBM,1.2218800041320327e-07
Customers_2429-AYKKO,1.2183217841373445e-07
Customers_5821-MMEIL,1.2081421122547933e-07
Customers_9087-EYCPR,1.2071579440184704e-07
TotalCharges_1626.4,1.206650576101685e-07
TotalCharges_1261.45,1.20524788072812e-07
TotalCharges_894.3,1.2048513520743315e-07
Customers_8946-BFWSG,1.2034028585881171e-07
Customers_2143-LJULT,1.197247982890635e-07
TotalCharges_1725.4,1.1926700844137575e-07
Customers_3261-CQXOL,1.1904355753213487e-07
TotalCharges_1724.15,1.1901706095982349e-07
Customers_4487-ZYJZK,1.1864890979217659e-07
TotalCharges_1474.35,1.18335118216324e-07
Customers_7161-DFHUF,1.1805674665516197e-07
Customers_8999-YPYBV,1.1796210406778474e-07
Customers_5242-UOWHD,1.1773864298671914e-07
Customers_5915-ANOEI,1.1637210593479005e-07
Customers_6010-DDPPW,1.1622146304364343e-07
TotalCharges_717.95,1.1615872472212552e-07
Customers_7647-GYYKX,1.1591769446669276e-07
TotalCharges_630.6,1.156640034911634e-07
Customers_9916-AYHTC,1.1551017948450811e-07
TotalCharges_1397.65,1.1514920522148723e-07
TotalCharges_6293.75,1.145525115055798e-07
Customers_8237-ULIXL,1.1447182731955869e-07
Customers_6651-RLGGM,1.1426310454728902e-07
Customers_2146-EGVDT,1.1418434679009839e-07
TotalCharges_1851.45,1.1377033398237717e-07
Customers_3620-EHIMZ,1.1367670735060246e-07
Customers_8174-LNWMW,1.1367207003868814e-07
TotalCharges_835.5,1.1362987542361531e-07
TotalCharges_1476.25,1.1351835274814932e-07
TotalCharges_1790.15,1.1350140818014776e-07
Customers_6772-WFQRD,1.1308050334465327e-07
Customers_7416-CKTEP,1.125539583056711e-07
TotalCharges_930.9,1.124379578111347e-07
Customers_1306-RPWXZ,1.1216564474220956e-07
Customers_9801-NOSHQ,1.1194808057601982e-07
TotalCharges_1849.2,1.1188554962395473e-07
TotalCharges_743.5,1.1183100717497787e-07
Customers_5939-SXWHM,1.1173352671673796e-07
Customers_3507-GASNP,1.1101100417058042e-07
TotalCharges_1798.9,1.1031189442845159e-07
Customers_1248-DYXUB,1.094601600695163e-07
TotalCharges_609.1,1.0851926211800668e-07
TotalCharges_1328.35,1.0812045168657469e-07
Customers_5115-SQAAU,1.0668579880479675e-07
Customers_0603-TPMIB,1.0610240849918275e-07
Customers_6060-QBMGV,1.0607738777507299e-07
Customers_1052-QJIBV,1.0528101969086007e-07
Customers_4635-EJYPD,1.0476348882923739e-07
TotalCharges_269.65,1.0475497138305184e-07
TotalCharges_929.2,1.046797461573424e-07
TotalCharges_1031.7,1.0466276128135681e-07
Customers_8215-NGSPE,1.0432575498594262e-07
TotalCharges_1813.35,1.0394090427812508e-07
TotalCharges_1574.5,1.0375443298988156e-07
Customers_4644-OBGFZ,1.0355989843632657e-07
TotalCharges_1424.9,1.0350782053742467e-07
Customers_5171-EPLKN,1.0334230616660255e-07
TotalCharges_963.95,1.0269148412425175e-07
TotalCharges_1753,1.0158201254305517e-07
TotalCharges_1432.55,1.0145787540757141e-07
TotalCharges_917.45,1.0095195039194399e-07
TotalCharges_1209.25,1.0028774703347628e-07
TotalCharges_678.8,1.0017340494021244e-07
TotalCharges_1192.7,1.0000705156175875e-07
Customers_8902-ZEOVF,9.927058238222157e-08
Customers_8780-IHCRN,9.844045402605162e-08
Customers_8755-OGKNA,9.753541890468614e-08
TotalCharges_1389.6,9.749404449872019e-08
TotalCharges_1685.9,9.738520266269621e-08
Customers_5884-FBCTL,9.737443302636003e-08
Customers_1106-HRLKZ,9.708724844157725e-08
Customers_3284-SVCRO,9.705294928342735e-08
Customers_9964-WBQDJ,9.647282518581446e-08
Customers_5980-BDHPY,9.632375507822054e-08
TotalCharges_1229.1,9.517571485815291e-08
Customers_6181-AXXYF,9.455548647362954e-08
TotalCharges_1297.35,9.414371415104733e-08
TotalCharges_393.15,9.349644643370845e-08
TotalCharges_788.55,9.271511595348653e-08
TotalCharges_726.1,9.239786212442666e-08
Customers_4443-EMBNA,9.211210913801453e-08
TotalCharges_6029.9,9.176928012374524e-08
TotalCharges_1177.95,9.12313042608384e-08
Customers_0318-ZOPWS,9.112190777052489e-08
TotalCharges_595.05,9.060141643160359e-08
Customers_9800-OUIGR,9.05183925898669e-08
Customers_5549-ZGHFB,9.006561065479834e-08
Customers_8727-JQFHV,8.929582107574973e-08
Customers_2607-DHDAK,8.867527751512383e-08
Customers_6762-NSODU,8.866149982235324e-08
TotalCharges_1402.25,8.821243625284838e-08
TotalCharges_538.5,8.800869891498587e-08
Customers_2072-ZVJJX,8.703492168040464e-08
Customers_1299-AURJA,8.619402572939398e-08
Customers_1399-OUPJN,8.592538303289952e-08
TotalCharges_1083,8.553039166703612e-08
Customers_4231-LZUYM,8.491680775372702e-08
TotalCharges_1102.4,8.474477311017782e-08
TotalCharges_1830.05,8.474340766704107e-08
Customers_7601-GNDYK,8.461852622104593e-08
Customers_9938-PRCVK,8.459008116967676e-08
TotalCharges_1376.5,8.44215673694614e-08
Customers_7463-IFMQU,8.427048715685684e-08
TotalCharges_1016.7,8.380615137362167e-08
TotalCharges_804.25,8.358453323540385e-08
Customers_9081-WWXKP,8.311960476297084e-08
TotalCharges_1160.45,8.30744877262726e-08
TotalCharges_1303.5,8.301255121327059e-08
TotalCharges_290.55,8.293874303424109e-08
Customers_0064-SUDOG,8.205577192887234e-08
Customers_2384-OVPSA,8.201516018675557e-08
Customers_5968-HYJRZ,8.192395991536242e-08
Customers_2545-LXYVJ,8.18922528675399e-08
TotalCharges_1468.9,8.143869343146038e-08
TotalCharges_433.5,8.120073990634061e-08
TotalCharges_1269.1,8.088108342369633e-08
Customers_7427-AUFPY,8.083063949307173e-08
Customers_8917-SZTTJ,8.065256757205327e-08
TotalCharges_1857.85,8.032865181706948e-08
TotalCharges_1493.2,7.995620136621665e-08
Customers_8540-ZQGEA,7.933537812988703e-08
Customers_9397-TZSHA,7.881689270070957e-08
TotalCharges_1538.6,7.838296181509487e-08
Customers_8450-LUGUK,7.832510294065478e-08
Customers_6734-JDTTV,7.831765544122575e-08
TotalCharges_918.7,7.827083228978127e-08
Customers_6770-UAYGJ,7.758333566844079e-08
Customers_8434-VGEQQ,7.753291871206447e-08
TotalCharges_1396.9,7.708283210113914e-08
Customers_9371-BITHB,7.695222901507487e-08
Customers_6923-AQONU,7.692967667178033e-08
TotalCharges_1723.95,7.660432290669884e-08
TotalCharges_1859.2,7.591868974706738e-08
Customers_0562-HKHML,7.569639573659619e-08
TotalCharges_1374.2,7.534178317116398e-08
Customers_8966-KZXXA,7.495544772613943e-08
Customers_3768-VHXQO,7.435743212239175e-08
TotalCharges_757.95,7.430823437721663e-08
Customers_3097-FQTVJ,7.42998402068183e-08
Customers_5902-WBLSE,7.259911693874546e-08
Customers_8750-QWZAJ,7.242772924592645e-08
TotalCharges_828.85,7.166729593699822e-08
TotalCharges_875.55,7.165808650456726e-08
Customers_2181-TIDSV,7.151406772369356e-08
TotalCharges_847.8,7.136276903356055e-08
Customers_6928-ONTRW,7.08685990061255e-08
TotalCharges_1458.1,6.949756842476578e-08
TotalCharges_1493.75,6.901855891038986e-08
Customers_7684-XSZIY,6.899747237528716e-08
Customers_0016-QLJIS,6.870712890562346e-08
Customers_2642-MAWLJ,6.860786689107958e-08
Customers_4707-MAXGU,6.856318047468321e-08
Customers_3373-DIUUN,6.833249501219141e-08
Customers_5406-KGRMX,6.803821926896015e-08
TotalCharges_821.6,6.792353896184919e-08
TotalCharges_1198.8,6.732506051859683e-08
TotalCharges_1372.45,6.710605134077829e-08
Customers_0621-TSSMU,6.695270946398486e-08
Customers_1951-IEYXM,6.569912812470351e-08
Customers_2418-TPEUN,6.480047578280871e-08
TotalCharges_1872.2,6.420228945653715e-08
Customers_1087-GRUYI,6.412969664430784e-08
Customers_9173-IVZVP,6.371909238439912e-08
Customers_3173-WSSUE,6.281322873527874e-08
TotalCharges_1070.5,6.227643319855342e-08
Customers_7101-HRBLJ,6.222929033309245e-08
Customers_8232-UTFOZ,6.112214146720132e-08
TotalCharges_1263.9,5.997990514179008e-08
TotalCharges_1583.5,5.970915485257206e-08
Customers_0404-AHASP,5.941746096023106e-08
Customers_1098-KFQEC,5.8312764456688406e-08
TotalCharges_908.15,5.73782814059009e-08
TotalCharges_1079.65,5.711557172528425e-08
TotalCharges_833.55,5.6724179934729385e-08
TotalCharges_335.95,5.5648487636427446e-08
Customers_1395-WSWXR,5.5532303775832983e-08
TotalCharges_1311.75,5.545798938690767e-08
TotalCharges_1836.9,5.508248111472313e-08
TotalCharges_1415.85,5.4782664410095694e-08
TotalCharges_344.5,5.469289791278604e-08
TotalCharges_1871.85,5.4085024451006675e-08
TotalCharges_1864.2,5.389659142634362e-08
Customers_0281-CNTZX,5.3351896635146345e-08
Customers_5787-KXGIY,5.291309599899181e-08
Customers_8148-NLEGT,5.260766485763893e-08
TotalCharges_873.4,5.166531575815471e-08
Customers_7268-WNTCP,5.1195087460301805e-08
TotalCharges_847.25,4.888955346414133e-08
TotalCharges_1433.8,4.85401747135706e-08
TotalCharges_1782.05,4.620375876119589e-08
Customers_1167-OYZJF,4.5207646618438835e-08
TotalCharges_1718.2,4.4405228663051064e-08
TotalCharges_1859.1,4.390780218643562e-08
TotalCharges_1874.3,4.34826650849803e-08
TotalCharges_697.7,4.3258788532877456e-08
TotalCharges_754.5,4.233655276548601e-08
Customers_0640-YJTPY,4.034924852076211e-08
Customers_4534-WGCIR,3.973400333060358e-08
Customers_3957-SQXML,3.7751944289677554e-08
TotalCharges_6237.05,3.6784246378575446e-08
TotalCharges_1787.35,3.497382988870746e-08
TotalCharges_1379.8,3.280748402727912e-08
Customers_6563-VRERX,3.2749707156422694e-08
TotalCharges_1620.45,3.256264824920235e-08
TotalCharges_218.55,3.246106366277413e-08
Customers_9975-GPKZU,3.218756578681853e-08
TotalCharges_916,3.191009476616418e-08
TotalCharges_1222.65,3.069831384539242e-08
Customers_6285-FTQBF,3.0414728199853404e-08
TotalCharges_1810.55,2.98201072543286e-08
Customers_5846-ABOBJ,2.852112095460284e-08
TotalCharges_1654.85,2.762678851285291e-08
Customers_7711-GQBZC,2.700405229949109e-08
TotalCharges_599.25,2.5671574546669016e-08
Customers_7010-BRBUU,2.536054742681062e-08
TotalCharges_730.4,2.5275078110101215e-08
Customers_3120-FAZKD,2.504331985966286e-08
Customers_3170-NMYVV,2.4466529362228503e-08
Customers_7064-JHXCE,2.3969065760522824e-08
TotalCharges_1643.25,2.3852023724579844e-08
Customers_9650-VBUOG,2.3777072103598007e-08
Customers_9257-AZMTZ,2.2137124816381927e-08
Customers_0902-XKXPN,2.200404387198136e-08
TotalCharges_1006.9,2.130494912942509e-08
Customers_6479-SZPLM,2.0581716972296687e-08
TotalCharges_426.65,2.033740638604464e-08
TotalCharges_1363.25,2.0329537188840955e-08
TotalCharges_1397.3,1.51780146944278e-08
Customers_3996-ZNWYK,1.3742713160775971e-08
TotalCharges_777.35,1.3289885669200632e-08
Customers_8229-BUJHX,1.1096750920483052e-08
Customers_9866-OCCKE,0.0
Customers_9979-RGMZT,0.0
Customers_9986-BONCE,0.0
Customers_9940-RHLFB,0.0
Customers_9944-AEXBM,0.0
Customers_9945-PSVIP,0.0
Customers_9950-MTGYX,0.0
Customers_9962-BFPDU,0.0
TotalCharges_4188.4,0.0
TotalCharges_4189.7,0.0
TotalCharges_419.4,0.0
Customers_9820-RMCQV,0.0
Customers_9822-BIIGN,0.0
Customers_9927-DSWDF,0.0
Customers_9931-KGHOA,0.0
Customers_9906-NHHVC,0.0
Customers_9907-SWKKF,0.0
Customers_9909-DFRJA,0.0
Customers_9917-KWRBE,0.0
Customers_9919-FZDED,0.0
Customers_9878-TNQGW,0.0
TotalCharges_42.45,0.0
TotalCharges_4209.95,0.0
Customers_9851-KIELU,0.0
Customers_9804-ICWBG,0.0
Customers_9866-QEVEE,0.0
Customers_9867-XOBQA,0.0
Customers_9840-DVNDC,0.0
Customers_9842-EFSYY,0.0
Customers_9844-FELAJ,0.0
TotalCharges_4222.95,0.0
TotalCharges_4224.7,0.0
TotalCharges_4228.55,0.0
Customers_9812-GHVRI,0.0
Customers_9814-AOUDH,0.0
Customers_9819-FBNSV,0.0
TotalCharges_4282.4,0.0
TotalCharges_4285.8,0.0
Customers_9732-KPKBW,0.0
Customers_9741-YLNTD,0.0
Customers_9822-WMWVG,0.0
Customers_9824-QCJPK,0.0
TotalCharges_424.75,0.0
TotalCharges_4245.55,0.0
TotalCharges_425.1,0.0
TotalCharges_425.9,0.0
TotalCharges_4254.1,0.0
TotalCharges_426.35,0.0
TotalCharges_4261.2,0.0
TotalCharges_4264.25,0.0
TotalCharges_4298.45,0.0
TotalCharges_43.15,0.0
TotalCharges_4300.45,0.0
TotalCharges_4300.8,0.0
TotalCharges_4304,0.0
TotalCharges_4304.5,0.0
Customers_9685-WKZGT,0.0
Customers_9692-TUSXH,0.0
Customers_9700-ISPUP,0.0
Customers_9777-IQHWP,0.0
Customers_9779-DPNEJ,0.0
Customers_9788-YTFGE,0.0
Customers_9752-ZNQUT,0.0
Customers_9755-JHNMN,0.0
Customers_9758-MFWGD,0.0
Customers_9767-FFLEM,0.0
TotalCharges_180.3,0.0
Customers_9674-EHPPG,0.0
TotalCharges_4317.35,0.0
TotalCharges_4323.45,0.0
TotalCharges_4326.8,0.0
Customers_9629-NHXFW,0.0
Customers_9633-DENPU,0.0
Customers_9637-CDTKZ,0.0
Customers_9638-JIQYA,0.0
Customers_9746-UGFAC,0.0
Customers_9747-DDZOS,0.0
Customers_9710-ZUSHQ,0.0
Customers_9715-WZCLW,0.0
Customers_9717-QEBGU,0.0
Customers_9720-JJJOR,0.0
Customers_9648-BCHKM,0.0
Customers_9661-MHUMO,0.0
TotalCharges_1778.7,0.0
TotalCharges_1779.95,0.0
TotalCharges_3369.25,0.0
TotalCharges_337.9,0.0
TotalCharges_177.4,0.0
TotalCharges_18.8,0.0
TotalCharges_4375.8,0.0
Customers_9640-ZSLDC,0.0
Customers_9643-AVVWI,0.0
Customers_9610-WCESF,0.0
Customers_9611-CTWIH,0.0
TotalCharges_4345,0.0
Customers_9586-JGQKH,0.0
Customers_9588-YRFHY,0.0
Customers_9701-CDXHR,0.0
TotalCharges_439.2,0.0
TotalCharges_4391.45,0.0
Customers_9565-JSNFM,0.0
Customers_9572-WUKSB,0.0
Customers_9576-ANLXO,0.0
Customers_9576-SYUHJ,0.0
Customers_9544-PYPSJ,0.0
Customers_9548-LERKT,0.0
Customers_9530-GRMJG,0.0
Customers_9534-NSXEM,0.0
Customers_9537-JALFH,0.0
Customers_9537-VHDTA,0.0
TotalCharges_4354.45,0.0
Customers_9465-RWMXL,0.0
Customers_9412-ARGBX,0.0
Customers_9420-LOJKX,0.0
Customers_9430-NKQLY,0.0
TotalCharges_4399.5,0.0
TotalCharges_44.2,0.0
TotalCharges_44.65,0.0
Customers_9507-EXLTT,0.0
Customers_9508-ILZDG,0.0
Customers_9512-UIBFX,0.0
Customers_9473-CBZOP,0.0
Customers_9480-BQJEI,0.0
Customers_9481-SFCQY,0.0
Customers_9483-GCPWE,0.0
TotalCharges_1821.95,0.0
TotalCharges_1808.7,0.0
TotalCharges_442.85,0.0
Customers_9367-TCUYN,0.0
Customers_9369-XFEHK,0.0
Customers_9372-TXXPS,0.0
Customers_9374-YOLBJ,0.0
Customers_9378-FXTIZ,0.0
Customers_9381-NDKME,0.0
Customers_9450-TRJUU,0.0
Customers_9402-ROUMJ,0.0
Customers_9405-GPBBG,0.0
TotalCharges_4408.45,0.0
TotalCharges_3346.8,0.0
TotalCharges_3348.1,0.0
TotalCharges_335.4,0.0
TotalCharges_1784.5,0.0
TotalCharges_1789.9,0.0
TotalCharges_179.35,0.0
TotalCharges_179.85,0.0
TotalCharges_1818.9,0.0
TotalCharges_447.75,0.0
Customers_9385-NXKDA,0.0
Customers_9389-ACWBI,0.0
Customers_9351-HXDMR,0.0
Customers_9357-UJRUN,0.0
Customers_9359-UGBTK,0.0
Customers_9364-YKUVW,0.0
Customers_9365-CSLBQ,0.0
TotalCharges_4428.45,0.0
TotalCharges_443.9,0.0
TotalCharges_4445.3,0.0
TotalCharges_4447.55,0.0
TotalCharges_4448.8,0.0
Customers_9327-QSDED,0.0
Customers_9330-DHBFL,0.0
Customers_9330-VOFSZ,0.0
Customers_9221-OTIVJ,0.0
Customers_9227-LUNBG,0.0
TotalCharges_4480.7,0.0
TotalCharges_4492.9,0.0
Customers_9334-GWGOW,0.0
Customers_9339-FIIJL,0.0
Customers_9289-LBQVU,0.0
Customers_9298-WGMRW,0.0
Customers_9308-ANMVE,0.0
Customers_9313-CDOGY,0.0
Customers_9313-QOLTZ,0.0
Customers_9278-VZKCD,0.0
Customers_9279-CJEOJ,0.0
Customers_9283-LZQOH,0.0
Customers_9286-BHDQG,0.0
Customers_9286-DOJGF,0.0
Customers_9128-CPXKI,0.0
Customers_9135-HSWOC,0.0
Customers_9138-EFSMO,0.0
Customers_9139-WQQDY,0.0
Customers_9142-XMYJH,0.0
TotalCharges_45.2,0.0
TotalCharges_45.95,0.0
Customers_9103-TCIHJ,0.0
Customers_9248-OJYKK,0.0
Customers_9254-RBFON,0.0
Customers_9256-JTBNZ,0.0
Customers_9209-NWPGU,0.0
Customers_9220-ZNKJI,0.0
Customers_9122-UMROB,0.0
Customers_9089-UOWJG,0.0
Customers_9097-ZUBYC,0.0
TotalCharges_450.65,0.0
TotalCharges_450.9,0.0
TotalCharges_4507.15,0.0
TotalCharges_4508.65,0.0
Customers_9067-SQTNS,0.0
Customers_9143-CANJF,0.0
Customers_9163-GHAYE,0.0
Customers_9167-APMXZ,0.0
TotalCharges_1842.7,0.0
TotalCharges_452.55,0.0
TotalCharges_452.8,0.0
TotalCharges_4520.15,0.0
TotalCharges_4523.25,0.0
TotalCharges_453.75,0.0
Customers_9048-JVYVF,0.0
Customers_9050-QLROH,0.0
Customers_9052-DHNKM,0.0
Customers_9054-FOWNV,0.0
Customers_9107-UKCKY,0.0
Customers_9108-EQPNQ,0.0
Customers_9112-WSNPU,0.0
Customers_9114-DPSIA,0.0
Customers_9115-YQHGA,0.0
Customers_8985-OOPOS,0.0
Customers_9070-BCKQP,0.0
Customers_9073-ZZIAY,0.0
Customers_9079-YEXQJ,0.0
TotalCharges_3320.6,0.0
TotalCharges_3321.35,0.0
TotalCharges_333.6,0.0
TotalCharges_3334.95,0.0
TotalCharges_334.65,0.0
TotalCharges_1790.65,0.0
TotalCharges_1790.8,0.0
TotalCharges_1794.8,0.0
TotalCharges_184.1,0.0
TotalCharges_1841.2,0.0
TotalCharges_4564.9,0.0
Customers_9057-SIHCH,0.0
Customers_9025-ZRPVR,0.0
Customers_9030-QGZNL,0.0
Customers_9033-EOXWV,0.0
Customers_9039-RBEEE,0.0
Customers_9040-KZVWO,0.0
Customers_8993-PHFWD,0.0
Customers_9013-AQORL,0.0
TotalCharges_4533.7,0.0
TotalCharges_4534.45,0.0
Customers_8970-ANWXO,0.0
TotalCharges_4575.35,0.0
TotalCharges_4577.75,0.0
TotalCharges_458.1,0.0
TotalCharges_4589.85,0.0
Customers_8988-ECPJR,0.0
Customers_8992-CEUEN,0.0
Customers_8930-XOTDP,0.0
Customers_8938-UMKPI,0.0
Customers_8821-XNHVZ,0.0
Customers_8840-DQLGN,0.0
Customers_8849-AYPTR,0.0
Customers_8849-GYOKR,0.0
TotalCharges_4616.1,0.0
TotalCharges_4619.55,0.0
Customers_8805-JNRAZ,0.0
Customers_8809-XKHMD,0.0
Customers_8903-XEBGX,0.0
Customers_8909-BOLNL,0.0
Customers_8914-RBTSB,0.0
Customers_8915-NNTRC,0.0
Customers_8884-ADFVN,0.0
TotalCharges_4627.85,0.0
TotalCharges_463.05,0.0
Customers_8757-TFHHJ,0.0
Customers_8763-KIAFH,0.0
Customers_8775-ERLNB,0.0
Customers_8777-PVYGU,0.0
Customers_8869-TORSS,0.0
Customers_8873-GLDMH,0.0
Customers_8873-TMKGR,0.0
Customers_8819-ZBYNA,0.0
Customers_8752-STIVR,0.0
TotalCharges_4653.25,0.0
TotalCharges_466.6,0.0
TotalCharges_4663.4,0.0
TotalCharges_4667,0.0
TotalCharges_467.5,0.0
Customers_8818-DOPVL,0.0
Customers_8779-YIQQA,0.0
Customers_8780-RSYYU,0.0
Customers_8782-NUUOL,0.0
Customers_8785-CJSHH,0.0
Customers_8735-SDUFN,0.0
Customers_8739-WWKDU,0.0
Customers_8739-XNIKG,0.0
TotalCharges_4677.1,0.0
TotalCharges_468.35,0.0
TotalCharges_4684.3,0.0
TotalCharges_4688.65,0.0
TotalCharges_4689.5,0.0
Customers_8709-KRDVL,0.0
Customers_8778-LMWTJ,0.0
Customers_8741-LQOBK,0.0
Customers_8749-CLJXC,0.0
Customers_8717-VCTXJ,0.0
Customers_8690-UPCZI,0.0
Customers_8696-JKZNU,0.0
Customers_8699-ASUFO,0.0
Customers_8701-DGLVH,0.0
Customers_8671-KKKOS,0.0
Customers_8676-TRMJS,0.0
TotalCharges_469.8,0.0
TotalCharges_4693.2,0.0
TotalCharges_4707.85,0.0
Customers_8727-XDPUD,0.0
Customers_8728-SKJLR,0.0
Customers_8735-NBLWT,0.0
TotalCharges_186.05,0.0
TotalCharges_1864.65,0.0
Customers_8622-ZLFKO,0.0
Customers_8623-ULFNQ,0.0
Customers_8626-PTQGE,0.0
TotalCharges_471.35,0.0
TotalCharges_4713.4,0.0
TotalCharges_472.65,0.0
TotalCharges_473.9,0.0
TotalCharges_4730.6,0.0
Customers_8711-LOBKY,0.0
Customers_8713-IGZSO,0.0
Customers_8714-EUHJO,0.0
Customers_8650-RHRKE,0.0
Customers_8619-IJNDK,0.0
Customers_8620-RJPZN,0.0
Customers_8621-MNIHH,0.0
TotalCharges_1847.55,0.0
TotalCharges_3306.85,0.0
TotalCharges_332.5,0.0
TotalCharges_1815.3,0.0
TotalCharges_1818.3,0.0
TotalCharges_1880.85,0.0
TotalCharges_1859.5,0.0
Customers_8593-WHYHV,0.0
Customers_8601-QACRS,0.0
Customers_8570-KLJYJ,0.0
Customers_8573-JGCZW,0.0
Customers_8580-QVLOC,0.0
Customers_8582-KRHPJ,0.0
Customers_8590-OHDIW,0.0
Customers_8590-YFFQO,0.0
Customers_8591-TKMZH,0.0
Customers_8646-JCOMS,0.0
Customers_8393-DLHGA,0.0
Customers_8397-MVTAZ,0.0
Customers_8400-WZICQ,0.0
Customers_8532-UEFWH,0.0
Customers_8541-QVFKM,0.0
Customers_8495-PRWFH,0.0
TotalCharges_475.2,0.0
TotalCharges_476.8,0.0
TotalCharges_4764,0.0
Customers_8443-ZRDBZ,0.0
Customers_8445-DNBAE,0.0
Customers_8450-JOVAH,0.0
TotalCharges_4804.65,0.0
TotalCharges_4805.3,0.0
TotalCharges_4811.6,0.0
Customers_8455-HIRAQ,0.0
Customers_8457-XIGKN,0.0
Customers_8409-WQJUX,0.0
Customers_8430-TWCBX,0.0
Customers_8433-WPJTV,0.0
TotalCharges_477.05,0.0
Customers_8390-FESFV,0.0
Customers_8280-MQRQN,0.0
Customers_8292-ITGYJ,0.0
Customers_8258-GSTJK,0.0
Customers_8266-VBFQL,0.0
TotalCharges_4822.85,0.0
TotalCharges_483.15,0.0
Customers_8401-EMUWF,0.0
Customers_8375-DKEBR,0.0
Customers_8378-LKJAF,0.0
Customers_8380-PEFPE,0.0
TotalCharges_48.75,0.0
TotalCharges_480.75,0.0
TotalCharges_4801.1,0.0
Customers_8219-VYBVI,0.0
Customers_8224-KDLKN,0.0
Customers_8207-VVMYB,0.0
Customers_8212-DJRCH,0.0
TotalCharges_485.25,0.0
TotalCharges_4859.1,0.0
Customers_8181-YHCMF,0.0
Customers_8338-QIUNR,0.0
Customers_8345-MVDYC,0.0
Customers_8347-GDTMP,0.0
Customers_8361-LTMKD,0.0
Customers_8314-HTWVE,0.0
TotalCharges_4860.85,0.0
TotalCharges_4863.85,0.0
TotalCharges_4868.4,0.0
TotalCharges_4869.5,0.0
TotalCharges_487.95,0.0
Customers_8158-WPEZG,0.0
Customers_8160-HOWOX,0.0
Customers_8161-QYMTT,0.0
Customers_8165-ZJRNM,0.0
Customers_8166-ORCHU,0.0
Customers_8241-JUIQO,0.0
Customers_8245-UMPYT,0.0
TotalCharges_1885.15,0.0
TotalCharges_1886.25,0.0
TotalCharges_4871.45,0.0
TotalCharges_4872.45,0.0
TotalCharges_4882.8,0.0
TotalCharges_4884.85,0.0
TotalCharges_4888.7,0.0
Customers_8083-YTZES,0.0
Customers_8190-ZTQFB,0.0
Customers_8173-RXAYP,0.0
Customers_8129-GMVGI,0.0
Customers_8132-YPVBX,0.0
TotalCharges_187.35,0.0
TotalCharges_3282.75,0.0
TotalCharges_329.95,0.0
TotalCharges_3292.3,0.0
TotalCharges_330.15,0.0
TotalCharges_185.6,0.0
TotalCharges_1907.85,0.0
TotalCharges_19.05,0.0
Customers_7952-OBOYL,0.0
Customers_8089-UZWLX,0.0
Customers_8080-DDEMJ,0.0
Customers_8053-WWDRO,0.0
Customers_8058-DMYRU,0.0
Customers_8059-UDZFY,0.0
Customers_8024-XNAFQ,0.0
Customers_8028-PNXHQ,0.0
Customers_8033-VCZGH,0.0
Customers_8034-RYTVV,0.0
TotalCharges_49.25,0.0
TotalCharges_49.7,0.0
Customers_8015-IHCGW,0.0
TotalCharges_4914.8,0.0
TotalCharges_4915.15,0.0
TotalCharges_4917.9,0.0
TotalCharges_4925.35,0.0
Customers_7996-BPXHY,0.0
Customers_7997-EASSD,0.0
Customers_7998-WNZEM,0.0
Customers_7971-HLVXI,0.0
TotalCharges_49.95,0.0
TotalCharges_490.55,0.0
TotalCharges_4903.2,0.0
TotalCharges_4931.8,0.0
TotalCharges_494.95,0.0
TotalCharges_4941.8,0.0
TotalCharges_4947.55,0.0
Customers_7957-RYHQD,0.0
Customers_7912-SYRQT,0.0
Customers_7919-ZODZZ,0.0
Customers_7928-VJYAB,0.0
Customers_7881-EVUAD,0.0
Customers_7893-IXHRQ,0.0
Customers_7861-UVUFT,0.0
Customers_7876-BEUTG,0.0
Customers_7879-CGSFV,0.0
TotalCharges_4965.1,0.0
TotalCharges_497.3,0.0
TotalCharges_497.55,0.0
TotalCharges_4976.15,0.0
Customers_7851-FLGGQ,0.0
Customers_7853-WNZSY,0.0
Customers_7854-EKTJL,0.0
Customers_7855-DIWPO,0.0
Customers_7816-VGHTO,0.0
Customers_7817-BOQPW,0.0
Customers_7838-LAZFO,0.0
Customers_7803-XOCCZ,0.0
TotalCharges_4929.55,0.0
Customers_7663-CUXZB,0.0
Customers_7663-RGWBC,0.0
Customers_7666-WKRON,0.0
Customers_7669-LCRSD,0.0
TotalCharges_4991.5,0.0
TotalCharges_50.05,0.0
Customers_7789-CRUVC,0.0
Customers_7748-UMTRK,0.0
Customers_7750-EYXWZ,0.0
Customers_7762-ONLJY,0.0
Customers_7764-BDPEE,0.0
Customers_7729-XBTWX,0.0
Customers_7733-UDMTP,0.0
TotalCharges_4959.6,0.0
TotalCharges_4965,0.0
Customers_7623-TRNQN,0.0
Customers_7629-WIXZF,0.0
Customers_7632-YUTXB,0.0
TotalCharges_50.5,0.0
TotalCharges_501,0.0
TotalCharges_501.2,0.0
Customers_7602-DBTOU,0.0
Customers_7603-USHJS,0.0
Customers_7717-BICXI,0.0
Customers_7677-SJJJK,0.0
Customers_7690-KPNCU,0.0
Customers_7691-XVTZH,0.0
Customers_7572-KPVKK,0.0
Customers_7579-OOPEC,0.0
Customers_7581-EBBOU,0.0
Customers_7587-RZNME,0.0
Customers_7560-QJAVJ,0.0
TotalCharges_5023,0.0
TotalCharges_5025.85,0.0
Customers_7636-PEPNS,0.0
Customers_7641-TQFHN,0.0
Customers_7649-PHJVR,0.0
Customers_7649-SIJJF,0.0
Customers_7654-YWJUF,0.0
Customers_7606-BPHHN,0.0
Customers_7571-YXDAD,0.0
TotalCharges_1888.25,0.0
TotalCharges_1893.5,0.0
TotalCharges_1893.95,0.0
TotalCharges_326.65,0.0
TotalCharges_3268.05,0.0
TotalCharges_1875.55,0.0
TotalCharges_191.1,0.0
TotalCharges_191.35,0.0
TotalCharges_1910.6,0.0
Customers_7408-OFWXJ,0.0
Customers_7529-ZDFXI,0.0
Customers_7531-GQHME,0.0
Customers_7534-BFESC,0.0
Customers_7503-QQRVF,0.0
Customers_7504-UWHNB,0.0
Customers_7515-LODFU,0.0
Customers_7520-HQWJU,0.0
Customers_7492-TAFJD,0.0
Customers_7495-OOKFY,0.0
TotalCharges_5034.05,0.0
TotalCharges_5042.75,0.0
Customers_7460-ITWWP,0.0
Customers_7338-ERIVA,0.0
Customers_7354-OIJLX,0.0
Customers_7470-MCQTK,0.0
Customers_7471-MQPOS,0.0
Customers_7410-YTJIK,0.0
Customers_7426-WEIJX,0.0
TotalCharges_5067.45,0.0
Customers_7398-LXGYX,0.0
Customers_7401-JIXNM,0.0
Customers_7404-JLKQG,0.0
Customers_7311-MQJCH,0.0
TotalCharges_512.25,0.0
TotalCharges_5127.95,0.0
TotalCharges_5135.35,0.0
TotalCharges_5138.1,0.0
Customers_7409-KIUTL,0.0
Customers_7410-KTVFV,0.0
Customers_7363-QTBIW,0.0
Customers_7369-TRPFD,0.0
Customers_7375-WMVMT,0.0
Customers_7395-XWZOY,0.0
TotalCharges_5084.65,0.0
TotalCharges_5088.4,0.0
TotalCharges_51.2,0.0
TotalCharges_5163,0.0
TotalCharges_5165.7,0.0
Customers_7249-WBIYX,0.0
Customers_7250-EQKIY,0.0
Customers_7251-LJBQN,0.0
Customers_7251-XFOIL,0.0
Customers_7266-GSSJX,0.0
Customers_7356-AYNJP,0.0
Customers_7359-WWYJV,0.0
Customers_7322-OCWHC,0.0
Customers_7337-CINUD,0.0
TotalCharges_194.2,0.0
TotalCharges_518.3,0.0
TotalCharges_518.75,0.0
TotalCharges_5193.2,0.0
TotalCharges_5199.8,0.0
TotalCharges_52.05,0.0
Customers_7205-BAIAD,0.0
Customers_7209-JCUDS,0.0
Customers_7273-TEFQD,0.0
Customers_7277-OZCGZ,0.0
Customers_7278-CKDNC,0.0
Customers_7279-BUYWN,0.0
Customers_7279-NMVJC,0.0
TotalCharges_5139.65,0.0
TotalCharges_514.6,0.0
Customers_7235-NXZCP,0.0
Customers_7239-HZZCX,0.0
TotalCharges_1916,0.0
TotalCharges_1923.5,0.0
TotalCharges_324.3,0.0
TotalCharges_3247.55,0.0
TotalCharges_3251.3,0.0
TotalCharges_3251.85,0.0
TotalCharges_3255.35,0.0
TotalCharges_190.25,0.0
TotalCharges_1901,0.0
TotalCharges_1901.65,0.0
TotalCharges_1958.45,0.0
TotalCharges_1958.95,0.0
TotalCharges_1959.5,0.0
TotalCharges_1938.05,0.0
TotalCharges_5231.3,0.0
Customers_7216-KAOID,0.0
Customers_7218-HKQFK,0.0
TotalCharges_52.2,0.0
TotalCharges_520.1,0.0
TotalCharges_520.95,0.0
TotalCharges_521,0.0
TotalCharges_521.8,0.0
TotalCharges_5212.65,0.0
TotalCharges_5215.25,0.0
Customers_7180-PISOG,0.0
Customers_7181-BQYBV,0.0
Customers_7181-OQCUT,0.0
Customers_7191-ADRGF,0.0
Customers_7233-IOQNP,0.0
Customers_7061-OVMIM,0.0
Customers_7067-KSAZT,0.0
Customers_7198-GLXTC,0.0
Customers_7157-SMCFK,0.0
Customers_7159-NOKYQ,0.0
Customers_7167-PCEYD,0.0
Customers_7130-CTCUS,0.0
Customers_7130-VTEWQ,0.0
Customers_7134-MJPDY,0.0
TotalCharges_522.35,0.0
TotalCharges_5222.3,0.0
TotalCharges_5224.5,0.0
TotalCharges_528.35,0.0
TotalCharges_528.45,0.0
Customers_7017-VFULY,0.0
Customers_7018-WBJNK,0.0
Customers_7114-AEOZE,0.0
Customers_7124-UGSUR,0.0
Customers_7129-ACFOG,0.0
TotalCharges_5238.9,0.0
TotalCharges_525.55,0.0
TotalCharges_5251.75,0.0
Customers_7056-IMHCC,0.0
TotalCharges_5295.7,0.0
TotalCharges_53.5,0.0
TotalCharges_53.95,0.0
Customers_6967-PEJLL,0.0
Customers_6968-MHOMU,0.0
Customers_6968-URWQU,0.0
Customers_7036-TYDEC,0.0
Customers_7054-ENNGU,0.0
Customers_7054-LGEQW,0.0
Customers_7055-HNEOJ,0.0
TotalCharges_5265.55,0.0
TotalCharges_527.9,0.0
TotalCharges_5270.6,0.0
Customers_6933-FHBZC,0.0
Customers_6946-LMSQS,0.0
Customers_6953-PBDIN,0.0
TotalCharges_5315.8,0.0
TotalCharges_532.1,0.0
Customers_6910-HADCM,0.0
Customers_7029-RPUAV,0.0
Customers_7032-LMBHI,0.0
Customers_7005-CCBKV,0.0
Customers_7010-ZMVBF,0.0
Customers_6993-YCOBK,0.0
TotalCharges_1941.5,0.0
TotalCharges_1943.2,0.0
TotalCharges_1949.4,0.0
TotalCharges_195.05,0.0
TotalCharges_1928.7,0.0
TotalCharges_193.8,0.0
TotalCharges_323.15,0.0
TotalCharges_323.25,0.0
TotalCharges_3233.85,0.0
TotalCharges_3238.4,0.0
TotalCharges_1908.35,0.0
TotalCharges_2018.1,0.0
TotalCharges_20.7,0.0
TotalCharges_20.8,0.0
TotalCharges_2001.5,0.0
TotalCharges_2006.95,0.0
Customers_6872-HXFNF,0.0
Customers_6917-FIJHC,0.0
Customers_6919-ELBGL,0.0
TotalCharges_533.05,0.0
TotalCharges_534.7,0.0
TotalCharges_535.05,0.0
Customers_6898-MDLZW,0.0
Customers_6899-PPEEA,0.0
Customers_6969-MVBAI,0.0
Customers_6979-ZNSFF,0.0
Customers_6814-ZPWFQ,0.0
Customers_6815-ABQFQ,0.0
Customers_6821-BUXUX,0.0
Customers_6823-SIDFQ,0.0
Customers_6825-UYPFK,0.0
Customers_6900-RBKER,0.0
Customers_6874-SGLHU,0.0
Customers_6890-PFRQX,0.0
Customers_6892-XPFPU,0.0
Customers_6856-RAURS,0.0
Customers_6857-VWJDT,0.0
Customers_6861-XWTWQ,0.0
TotalCharges_5430.35,0.0
TotalCharges_5430.65,0.0
Customers_6766-HFKLA,0.0
Customers_6834-NXDCA,0.0
Customers_6838-HVLXG,0.0
Customers_6845-RGTYS,0.0
Customers_6848-HJTXY,0.0
Customers_6848-YLDFR,0.0
Customers_6854-EXGSF,0.0
TotalCharges_5396.25,0.0
TotalCharges_5398.6,0.0
TotalCharges_54.9,0.0
TotalCharges_540.05,0.0
Customers_6712-OAWRH,0.0
Customers_6713-OKOMC,0.0
Customers_6726-NNFWD,0.0
TotalCharges_5437.1,0.0
TotalCharges_545.2,0.0
Customers_6773-LQTVT,0.0
Customers_6776-TLWOI,0.0
Customers_6777-TGHTM,0.0
Customers_6784-XYJAE,0.0
Customers_6797-LNAQX,0.0
TotalCharges_5411.4,0.0
TotalCharges_5427.05,0.0
Customers_6682-QJDGB,0.0
Customers_6685-GBWJZ,0.0
TotalCharges_5458.8,0.0
TotalCharges_5468.45,0.0
TotalCharges_5468.95,0.0
Customers_6769-DYBQN,0.0
Customers_6770-XUAGN,0.0
Customers_6729-GDNGC,0.0
Customers_6733-LRIZX,0.0
Customers_6734-FQAJX,0.0
Customers_6711-VTNRE,0.0
Customers_6646-QVXLR,0.0
Customers_6625-FLENO,0.0
TotalCharges_5480.25,0.0
TotalCharges_55.25,0.0
Customers_6598-RFFVI,0.0
Customers_6608-QQLVK,0.0
Customers_6698-OXETB,0.0
Customers_6701-YVNQG,0.0
Customers_6704-UTUKK,0.0
Customers_6705-LXORM,0.0
Customers_6710-HSJRD,0.0
Customers_6680-WKXRZ,0.0
Customers_6681-ZSEXG,0.0
Customers_6557-BZXLQ,0.0
Customers_6559-RAKOZ,0.0
Customers_6568-POCUI,0.0
TotalCharges_55.4,0.0
TotalCharges_5500.6,0.0
Customers_6519-ZHPXP,0.0
Customers_6651-AZVTJ,0.0
Customers_6654-QGBZZ,0.0
Customers_6661-HBGWL,0.0
Customers_6664-FPDAC,0.0
Customers_6630-UJZMY,0.0
TotalCharges_2007.25,0.0
TotalCharges_1994.3,0.0
TotalCharges_1982.6,0.0
TotalCharges_1992.55,0.0
TotalCharges_1968.1,0.0
TotalCharges_3211.2,0.0
TotalCharges_3217.55,0.0
TotalCharges_1956.4,0.0
TotalCharges_2072.75,0.0
TotalCharges_2034.25,0.0
TotalCharges_2042.05,0.0
TotalCharges_2045.55,0.0
Customers_6429-SHBCB,0.0
Customers_6527-PZFPV,0.0
Customers_6542-LWGXJ,0.0
Customers_6543-CPZMK,0.0
Customers_6543-XRMYR,0.0
Customers_6497-TILVL,0.0
Customers_6507-ZJSUR,0.0
TotalCharges_5514.95,0.0
TotalCharges_552.95,0.0
TotalCharges_5522.7,0.0
TotalCharges_5526.75,0.0
Customers_6583-SZVGP,0.0
TotalCharges_5576.3,0.0
TotalCharges_558.8,0.0
TotalCharges_5585.4,0.0
Customers_6481-ESCNL,0.0
Customers_6483-OATDN,0.0
Customers_6461-PPAXN,0.0
Customers_6473-ULUHT,0.0
TotalCharges_5542.55,0.0
TotalCharges_5549.4,0.0
TotalCharges_5550.1,0.0
TotalCharges_5552.05,0.0
TotalCharges_556.35,0.0
Customers_6349-JDHQP,0.0
TotalCharges_5589.45,0.0
Customers_6322-HRPFA,0.0
Customers_6434-TTGJP,0.0
Customers_6445-TNRXS,0.0
Customers_6418-HNFED,0.0
Customers_6421-SZVEM,0.0
Customers_6377-WHAOX,0.0
Customers_6383-ZTSIW,0.0
Customers_6388-TABGU,0.0
Customers_6402-EJMWF,0.0
Customers_6304-IJFSQ,0.0
Customers_6317-YPKDH,0.0
Customers_6319-IEJWJ,0.0
TotalCharges_5610.25,0.0
TotalCharges_562.6,0.0
Customers_6270-OMFIW,0.0
Customers_6283-GITPX,0.0
Customers_6284-AHOOQ,0.0
Customers_6365-HITVU,0.0
Customers_6366-XIVKZ,0.0
Customers_6370-ZVHDV,0.0
Customers_6372-RFVNS,0.0
Customers_6374-AFWOX,0.0
Customers_6374-NTQLP,0.0
Customers_6376-GAHQE,0.0
Customers_6345-FZOQH,0.0
Customers_6258-NGCNG,0.0
Customers_6227-HWPWX,0.0
Customers_6230-BSUXY,0.0
Customers_6234-PFPXL,0.0
Customers_6242-SGYTS,0.0
TotalCharges_5638.3,0.0
Customers_6203-HBZPA,0.0
Customers_6328-ZPBGN,0.0
Customers_6331-LWDTQ,0.0
Customers_6332-FBZRI,0.0
Customers_6338-AVWCY,0.0
Customers_6340-DACFT,0.0
Customers_6292-TOSSS,0.0
Customers_6297-NOOPG,0.0
TotalCharges_5647.95,0.0
TotalCharges_565.75,0.0
TotalCharges_5655.45,0.0
Customers_6164-HAQTX,0.0
Customers_6164-HXUGH,0.0
Customers_6166-ILMNY,0.0
Customers_6169-PPETC,0.0
Customers_6173-GOLSU,0.0
Customers_6284-KMNUF,0.0
Customers_6286-SUUWT,0.0
Customers_6288-CHQJB,0.0
Customers_6248-BSHKG,0.0
Customers_6257-RJOHI,0.0
TotalCharges_2090.25,0.0
TotalCharges_2092.9,0.0
Customers_6128-AQBMT,0.0
Customers_6096-EGVTU,0.0
Customers_6112-KTHFQ,0.0
TotalCharges_5686.4,0.0
TotalCharges_5696.6,0.0
Customers_6064-ZATLR,0.0
Customers_6075-QMNRR,0.0
Customers_6223-DHJGV,0.0
Customers_6184-DYUOB,0.0
Customers_6194-HBGQN,0.0
Customers_6198-PNNSZ,0.0
Customers_6137-NICCO,0.0
Customers_6158-HDPXZ,0.0
Customers_6119-SPUDB,0.0
TotalCharges_202.9,0.0
TotalCharges_2025.1,0.0
TotalCharges_2028.8,0.0
TotalCharges_2029.05,0.0
TotalCharges_3190.25,0.0
TotalCharges_3190.65,0.0
TotalCharges_3199,0.0
TotalCharges_320.4,0.0
TotalCharges_3201.55,0.0
TotalCharges_2010.95,0.0
TotalCharges_2088.45,0.0
TotalCharges_2088.75,0.0
TotalCharges_209.1,0.0
Customers_6077-BDPXA,0.0
Customers_6080-LNESI,0.0
Customers_6080-TCMYC,0.0
Customers_6047-YHPVI,0.0
Customers_6048-QBXKL,0.0
Customers_6061-GWWAV,0.0
TotalCharges_5708.2,0.0
TotalCharges_571.45,0.0
TotalCharges_572.45,0.0
TotalCharges_572.85,0.0
Customers_6175-IRFIT,0.0
Customers_6134-KWTBV,0.0
TotalCharges_5750,0.0
TotalCharges_5755.8,0.0
TotalCharges_576.7,0.0
Customers_6022-UGGSO,0.0
Customers_6023-YEBUP,0.0
Customers_6034-YMTOB,0.0
Customers_6000-APYLU,0.0
Customers_6013-BHCAW,0.0
TotalCharges_573.15,0.0
TotalCharges_5731.45,0.0
Customers_5966-EMAZU,0.0
Customers_0052-YNYOT,0.0
TotalCharges_576.95,0.0
TotalCharges_5763.3,0.0
TotalCharges_5764.7,0.0
Customers_5845-BZZIB,0.0
Customers_5975-BAICR,0.0
Customers_0019-EFAEP,0.0
Customers_5949-EBSQK,0.0
Customers_5949-HGVJL,0.0
Customers_5951-AOFIH,0.0
Customers_5921-NGYRH,0.0
Customers_5924-SNGKP,0.0
Customers_5934-TSSAU,0.0
Customers_0004-TLHLJ,0.0
TotalCharges_574.35,0.0
TotalCharges_5744.35,0.0
Customers_5825-XJOCM,0.0
Customers_5828-AVIPD,0.0
TotalCharges_5785.5,0.0
TotalCharges_5785.65,0.0
TotalCharges_286.8,0.0
TotalCharges_5791.85,0.0
TotalCharges_58,0.0
TotalCharges_58.9,0.0
TotalCharges_990.85,0.0
Customers_5917-RYRMG,0.0
TotalCharges_994.8,0.0
Customers_5889-JTMUL,0.0
Customers_5893-PYOLZ,0.0
Customers_5857-XRECV,0.0
Customers_5863-OOKCL,0.0
TotalCharges_995.35,0.0
Customers_5808-TOTXO,0.0
TotalCharges_5815.15,0.0
Customers_0074-HDKDG,0.0
TotalCharges_5817.7,0.0
TotalCharges_5822.3,0.0
Customers_0076-LVEPS,0.0
Customers_5766-ZJYBB,0.0
Customers_5774-QPLTF,0.0
Customers_0023-XUOPT,0.0
Customers_0040-HALCW,0.0
Customers_0048-LUMLS,0.0
TotalCharges_979.5,0.0
Customers_5850-BDWCY,0.0
TotalCharges_99.6,0.0
Customers_5820-PTRYM,0.0
Customers_0015-UOCOJ,0.0
TotalCharges_215.8,0.0
TotalCharges_2162.6,0.0
Customers_5759-RCVCB,0.0
Customers_5760-FXFVO,0.0
Customers_5702-KVQRD,0.0
Customers_5709-LVOEQ,0.0
Customers_5727-MYATE,0.0
TotalCharges_583,0.0
TotalCharges_583.3,0.0
TotalCharges_5832.65,0.0
TotalCharges_5841.35,0.0
Customers_5692-FPTAH,0.0
TotalCharges_1614.2,0.0
TotalCharges_1679.25,0.0
Customers_5803-NQJZO,0.0
Customers_5804-HYIEZ,0.0
TotalCharges_168.2,0.0
Customers_5751-USDBL,0.0
Customers_5753-QQWPW,0.0
TotalCharges_21,0.0
TotalCharges_2075.1,0.0
TotalCharges_208.25,0.0
TotalCharges_208.7,0.0
TotalCharges_318.9,0.0
TotalCharges_3183.4,0.0
TotalCharges_3186.7,0.0
TotalCharges_2062.15,0.0
TotalCharges_207.4,0.0
TotalCharges_2070.75,0.0
TotalCharges_1654.7,0.0
TotalCharges_2145,0.0
TotalCharges_2146.5,0.0
TotalCharges_5895.45,0.0
TotalCharges_59.2,0.0
TotalCharges_59.75,0.0
TotalCharges_59.85,0.0
Customers_5566-SOEZD,0.0
Customers_5696-CEIQJ,0.0
TotalCharges_997.65,0.0
Customers_5696-JVVQY,0.0
Customers_5698-BQJOH,0.0
Customers_5701-GUXDC,0.0
Customers_5666-MBJPT,0.0
Customers_5671-RQRLP,0.0
TotalCharges_2878.75,0.0
TotalCharges_587.7,0.0
TotalCharges_2894.55,0.0
TotalCharges_2896.4,0.0
Customers_5524-KHNJP,0.0
Customers_5533-RJFTJ,0.0
Customers_5537-UXXVS,0.0
TotalCharges_5919.35,0.0
Customers_5495-GPSRW,0.0
Customers_5498-IBWPI,0.0
Customers_5501-TVMGM,0.0
Customers_5650-YLIBA,0.0
Customers_5651-YLPRD,0.0
Customers_5619-XZZKR,0.0
TotalCharges_2898.95,0.0
Customers_5628-FCGYG,0.0
Customers_5630-AHZIL,0.0
Customers_5600-PDUJF,0.0
Customers_5606-AMZBO,0.0
Customers_5609-IMCGG,0.0
TotalCharges_5935.1,0.0
TotalCharges_29.15,0.0
TotalCharges_595.5,0.0
TotalCharges_5958.85,0.0
Customers_5468-BPMMO,0.0
Customers_5469-CTCWN,0.0
Customers_5469-NUJUR,0.0
Customers_5473-KHBPS,0.0
Customers_5480-HPRRX,0.0
TotalCharges_29.95,0.0
Customers_5574-NXZIU,0.0
Customers_5575-TPIZQ,0.0
TotalCharges_3503.5,0.0
Customers_5542-TBBWB,0.0
TotalCharges_1654.6,0.0
Customers_5519-TEEUH,0.0
TotalCharges_2196.15,0.0
TotalCharges_220.4,0.0
TotalCharges_220.6,0.0
Customers_5461-QKNTN,0.0
TotalCharges_164.3,0.0
TotalCharges_5974.3,0.0
TotalCharges_5979.7,0.0
TotalCharges_1646.45,0.0
Customers_5419-KLXBN,0.0
Customers_5438-QMDDL,0.0
Customers_5440-VHLUL,0.0
Customers_5442-BHQNG,0.0
Customers_5442-BXVND,0.0
Customers_5505-OVWQW,0.0
TotalCharges_1622.45,0.0
Customers_5514-YQENT,0.0
Customers_5445-PZWGX,0.0
Customers_5446-DKWYW,0.0
Customers_5457-COLHT,0.0
TotalCharges_212.4,0.0
TotalCharges_2135.5,0.0
TotalCharges_2139.1,0.0
TotalCharges_2139.2,0.0
TotalCharges_2106.3,0.0
TotalCharges_2107.15,0.0
TotalCharges_2108.35,0.0
TotalCharges_2110.15,0.0
TotalCharges_2117.25,0.0
TotalCharges_1629.2,0.0
TotalCharges_317.75,0.0
TotalCharges_2203.7,0.0
TotalCharges_2209.75,0.0
TotalCharges_6019.35,0.0
Customers_5331-RGMTT,0.0
TotalCharges_163.2,0.0
Customers_5402-HTOTQ,0.0
TotalCharges_1633,0.0
Customers_5419-CONWX,0.0
TotalCharges_5981.65,0.0
TotalCharges_5985,0.0
TotalCharges_5985.75,0.0
TotalCharges_3480,0.0
TotalCharges_3483.45,0.0
TotalCharges_5991.05,0.0
Customers_5376-DEQCP,0.0
TotalCharges_3486.65,0.0
Customers_5380-WJKOV,0.0
Customers_5482-NUPNA,0.0
Customers_5329-KRDTM,0.0
TotalCharges_3487.95,0.0
TotalCharges_6033.3,0.0
TotalCharges_605.25,0.0
Customers_5296-BFCYD,0.0
Customers_5380-XPJNZ,0.0
Customers_5382-SOYZL,0.0
TotalCharges_349.65,0.0
Customers_5357-TZHPP,0.0
Customers_5360-LJCNJ,0.0
Customers_5373-SFODM,0.0
TotalCharges_601.6,0.0
TotalCharges_6010.05,0.0
TotalCharges_6014.85,0.0
TotalCharges_6017.9,0.0
TotalCharges_6018.65,0.0
TotalCharges_3517.9,0.0
Customers_5245-VDBUR,0.0
TotalCharges_3527.3,0.0
Customers_5266-PFRQK,0.0
Customers_5271-YNWVR,0.0
TotalCharges_606.25,0.0
Customers_5226-NOZFC,0.0
Customers_5228-EXCET,0.0
Customers_5334-AFQJB,0.0
Customers_5339-PXDVH,0.0
TotalCharges_1540.35,0.0
Customers_5351-QESIO,0.0
TotalCharges_1618.2,0.0
Customers_5313-FPXWG,0.0
Customers_5318-YKDPV,0.0
Customers_5324-KTGCG,0.0
Customers_5207-PLSTK,0.0
TotalCharges_1620.25,0.0
Customers_5213-TWWJU,0.0
TotalCharges_161.65,0.0
TotalCharges_6079,0.0
TotalCharges_608.5,0.0
TotalCharges_608.8,0.0
TotalCharges_1611,0.0
TotalCharges_159.35,0.0
Customers_5186-SAMNZ,0.0
Customers_5196-SGOAK,0.0
TotalCharges_1595.5,0.0
Customers_5297-MDOIR,0.0
Customers_5301-GAUUY,0.0
TotalCharges_1597.25,0.0
Customers_5281-BUZGT,0.0
TotalCharges_2215,0.0
Customers_5178-LMXOP,0.0
Customers_5181-OABFK,0.0
Customers_5186-EJEGL,0.0
Customers_5155-AZQPB,0.0
Customers_5159-YFPKQ,0.0
Customers_5161-XEUVX,0.0
Customers_5167-ZFFMM,0.0
Customers_5170-PTRKA,0.0
TotalCharges_160.75,0.0
TotalCharges_61.05,0.0
TotalCharges_6109.65,0.0
Customers_5236-PERKL,0.0
Customers_5236-XMZJY,0.0
Customers_5240-CAOYT,0.0
Customers_5204-HMGYF,0.0
TotalCharges_35.55,0.0
TotalCharges_2181.75,0.0
TotalCharges_2188.5,0.0
TotalCharges_219.65,0.0
TotalCharges_2191.15,0.0
TotalCharges_3131.8,0.0
TotalCharges_3139.8,0.0
TotalCharges_314.55,0.0
TotalCharges_3145.9,0.0
TotalCharges_2168.15,0.0
TotalCharges_217.5,0.0
TotalCharges_2177.45,0.0
TotalCharges_2234.95,0.0
TotalCharges_2237.55,0.0
TotalCharges_2238.5,0.0
TotalCharges_221.7,0.0
Customers_5062-CJJKH,0.0
Customers_5063-IUOKK,0.0
Customers_5144-TVGLP,0.0
Customers_5129-JLPIS,0.0
Customers_5133-POWUA,0.0
Customers_5136-GFPMB,0.0
Customers_5136-RGMZO,0.0
Customers_5140-FOMCQ,0.0
TotalCharges_35.85,0.0
TotalCharges_6130.85,0.0
TotalCharges_6130.95,0.0
TotalCharges_350.1,0.0
TotalCharges_6137,0.0
TotalCharges_350.35,0.0
TotalCharges_3532.25,0.0
Customers_5198-EFNBM,0.0
Customers_5022-JNQEQ,0.0
Customers_5025-GOOKI,0.0
Customers_5027-YOCXN,0.0
TotalCharges_6194.1,0.0
TotalCharges_62,0.0
TotalCharges_62.05,0.0
TotalCharges_3539.25,0.0
TotalCharges_3549.25,0.0
Customers_5081-NWSUP,0.0
Customers_5103-MHMHY,0.0
TotalCharges_6145.2,0.0
TotalCharges_6148.45,0.0
TotalCharges_6151.9,0.0
TotalCharges_616.9,0.0
Customers_5057-RKGLH,0.0
Customers_5061-PBXFW,0.0
Customers_5014-WUQMG,0.0
Customers_4962-CHQPW,0.0
Customers_4973-RLZVI,0.0
TotalCharges_1525.35,0.0
Customers_4981-FLTMF,0.0
Customers_4983-CCWMC,0.0
Customers_4983-CLMLV,0.0
TotalCharges_6201.95,0.0
TotalCharges_1581.2,0.0
TotalCharges_1581.95,0.0
TotalCharges_1584.8,0.0
Customers_5049-MUBWG,0.0
Customers_5052-PNLOS,0.0
Customers_5016-IBERQ,0.0
TotalCharges_1554.9,0.0
Customers_5018-LXQQG,0.0
Customers_4993-JCRGJ,0.0
TotalCharges_156.4,0.0
TotalCharges_2215.4,0.0
TotalCharges_222.3,0.0
TotalCharges_312.7,0.0
TotalCharges_3126.85,0.0
TotalCharges_313.4,0.0
TotalCharges_220.65,0.0
TotalCharges_220.8,0.0
TotalCharges_2200.7,0.0
TotalCharges_2203.65,0.0
TotalCharges_2276.95,0.0
TotalCharges_2278.75,0.0
TotalCharges_2281.6,0.0
TotalCharges_2257.75,0.0
TotalCharges_226.8,0.0
TotalCharges_1561.5,0.0
Customers_4940-KHCWD,0.0
Customers_4945-RVMTE,0.0
Customers_4946-EDSEW,0.0
Customers_4947-DSMXK,0.0
TotalCharges_351.55,0.0
Customers_4955-VCWBI,0.0
TotalCharges_356.15,0.0
TotalCharges_356.65,0.0
TotalCharges_6239.05,0.0
TotalCharges_3566.6,0.0
TotalCharges_6241.35,0.0
TotalCharges_357,0.0
TotalCharges_1505.15,0.0
Customers_4919-IKATY,0.0
Customers_4927-WWOOZ,0.0
TotalCharges_1544.05,0.0
TotalCharges_6301.7,0.0
TotalCharges_6312.9,0.0
Customers_4821-WQOYN,0.0
TotalCharges_1549.75,0.0
Customers_4937-QPZPO,0.0
TotalCharges_1551.6,0.0
Customers_4905-JEFDW,0.0
TotalCharges_628.65,0.0
TotalCharges_629.35,0.0
TotalCharges_1553.2,0.0
TotalCharges_6296.75,0.0
TotalCharges_63,0.0
Customers_4877-TSOFF,0.0
TotalCharges_1539.75,0.0
TotalCharges_154.55,0.0
TotalCharges_154.85,0.0
TotalCharges_6328.7,0.0
TotalCharges_633.3,0.0
TotalCharges_633.4,0.0
TotalCharges_633.45,0.0
TotalCharges_6333.4,0.0
TotalCharges_6333.8,0.0
TotalCharges_353.65,0.0
Customers_4892-VLANZ,0.0
TotalCharges_3587.25,0.0
Customers_4873-ILOLJ,0.0
Customers_4829-AUOAX,0.0
Customers_4830-FAXFM,0.0
TotalCharges_1498.65,0.0
Customers_4840-ORQXB,0.0
Customers_4846-WHAFZ,0.0
TotalCharges_233.65,0.0
TotalCharges_233.9,0.0
Customers_4785-FCIFB,0.0
Customers_4785-QRJHC,0.0
TotalCharges_150,0.0
TotalCharges_6363.45,0.0
TotalCharges_6368.2,0.0
TotalCharges_1500.5,0.0
Customers_4737-HOBAX,0.0
Customers_4825-FUREZ,0.0
TotalCharges_153.05,0.0
TotalCharges_153.95,0.0
Customers_4817-VYYWS,0.0
Customers_4818-QIUFN,0.0
Customers_4819-HJPIW,0.0
TotalCharges_632.2,0.0
TotalCharges_1531.4,0.0
Customers_4806-KEXQR,0.0
Customers_4779-ZGICK,0.0
TotalCharges_2245.4,0.0
TotalCharges_225.55,0.0
TotalCharges_1532.45,0.0
TotalCharges_3094.05,0.0
TotalCharges_3097.2,0.0
TotalCharges_1533.8,0.0
TotalCharges_3110.1,0.0
TotalCharges_2227.1,0.0
TotalCharges_223.6,0.0
TotalCharges_223.75,0.0
TotalCharges_2349.8,0.0
TotalCharges_2320.8,0.0
TotalCharges_233.55,0.0
TotalCharges_1517.5,0.0
Customers_4709-LKHYG,0.0
Customers_4742-TXUEX,0.0
Customers_4750-ZRXIU,0.0
Customers_4751-ERMAN,0.0
Customers_4753-PADAS,0.0
Customers_4759-PXTAN,0.0
Customers_4760-THGOT,0.0
TotalCharges_1520.9,0.0
TotalCharges_6383.35,0.0
TotalCharges_1522.7,0.0
TotalCharges_1498.2,0.0
Customers_4717-GHADL,0.0
Customers_4724-WXVWF,0.0
Customers_4735-ASGMA,0.0
TotalCharges_1471.75,0.0
Customers_4672-FOTSD,0.0
Customers_4674-HGNUA,0.0
Customers_4735-BJKOU,0.0
TotalCharges_1474.9,0.0
TotalCharges_6393.65,0.0
TotalCharges_6397.6,0.0
TotalCharges_64.55,0.0
TotalCharges_6405,0.0
TotalCharges_3597.5,0.0
TotalCharges_6411.25,0.0
TotalCharges_6418.9,0.0
Customers_4702-HDRKD,0.0
Customers_4703-MQYKT,0.0
Customers_4706-AXVKM,0.0
Customers_4706-DGAHW,0.0
TotalCharges_360.1,0.0
Customers_4654-ULTTN,0.0
TotalCharges_1505.35,0.0
Customers_4658-HCOHW,0.0
Customers_4713-LZDRV,0.0
Customers_4686-UXDML,0.0
Customers_4690-LLKUA,0.0
Customers_4693-VWVBO,0.0
Customers_4695-VADHF,0.0
Customers_4698-KVLLG,0.0
Customers_4700-UBQMV,0.0
Customers_4701-AHWMW,0.0
Customers_4701-MLJPN,0.0
TotalCharges_6435.25,0.0
TotalCharges_6440.25,0.0
TotalCharges_1509.8,0.0
Customers_4667-OHGKG,0.0
Customers_4627-MIHJH,0.0
TotalCharges_649.4,0.0
TotalCharges_6501.35,0.0
TotalCharges_3579.15,0.0
TotalCharges_6510.45,0.0
Customers_4678-DVQEO,0.0
TotalCharges_6457.15,0.0
TotalCharges_358.15,0.0
TotalCharges_6465,0.0
TotalCharges_647.5,0.0
TotalCharges_6479.4,0.0
TotalCharges_648.65,0.0
TotalCharges_6480.9,0.0
Customers_4647-MUZON,0.0
Customers_4648-YPBTM,0.0
TotalCharges_3580.3,0.0
TotalCharges_6529.25,0.0
TotalCharges_653.15,0.0
TotalCharges_653.25,0.0
TotalCharges_146.3,0.0
TotalCharges_6547.7,0.0
Customers_4524-QCSSM,0.0
TotalCharges_3618.7,0.0
Customers_4660-IRIBM,0.0
Customers_4631-OACRM,0.0
TotalCharges_362.2,0.0
TotalCharges_3626.35,0.0
Customers_4640-UHDOS,0.0
TotalCharges_1442.65,0.0
TotalCharges_1444.05,0.0
Customers_4619-EVPHY,0.0
TotalCharges_1445.2,0.0
Customers_4541-RMRLG,0.0
TotalCharges_655.3,0.0
TotalCharges_6555.2,0.0
TotalCharges_6557.75,0.0
TotalCharges_6561.25,0.0
TotalCharges_6567.9,0.0
TotalCharges_6572.85,0.0
Customers_4501-UYKBC,0.0
Customers_4512-ZUIYL,0.0
Customers_4587-VVTOX,0.0
TotalCharges_1502.25,0.0
TotalCharges_1490.4,0.0
Customers_4570-QHXHL,0.0
Customers_4581-LNWUM,0.0
Customers_4547-LYTDD,0.0
Customers_4560-WQAQW,0.0
Customers_4464-JCOLN,0.0
Customers_4468-YDOVK,0.0
TotalCharges_1496.45,0.0
TotalCharges_1497.9,0.0
Customers_4445-ZJNMU,0.0
TotalCharges_6586.85,0.0
TotalCharges_6590.5,0.0
TotalCharges_1429.65,0.0
Customers_4396-KLSEH,0.0
Customers_4402-FTBXC,0.0
Customers_4412-YLTKF,0.0
Customers_4526-ZJJTM,0.0
Customers_4530-NDRKU,0.0
TotalCharges_1430.05,0.0
Customers_4537-CIBHB,0.0
TotalCharges_1430.95,0.0
Customers_4378-MYPGO,0.0
Customers_4353-HYOJD,0.0
Customers_4359-INNWN,0.0
Customers_4360-PNRQB,0.0
TotalCharges_660.05,0.0
TotalCharges_6605.55,0.0
TotalCharges_3649.6,0.0
Customers_4323-SADQS,0.0
Customers_4329-YPDDQ,0.0
Customers_4332-MUOEZ,0.0
Customers_4335-UPJSI,0.0
Customers_4521-WFJAI,0.0
TotalCharges_142.35,0.0
TotalCharges_1463.45,0.0
Customers_4489-SNOJF,0.0
Customers_4500-HKANN,0.0
TotalCharges_1468.75,0.0
TotalCharges_147.5,0.0
Customers_4299-OPXEJ,0.0
Customers_4301-VVZKA,0.0
Customers_4302-ZYFEL,0.0
TotalCharges_6632.75,0.0
TotalCharges_6637.9,0.0
TotalCharges_6640.7,0.0
TotalCharges_665.45,0.0
TotalCharges_666.75,0.0
Customers_4256-ZWTZI,0.0
Customers_4415-IJZTP,0.0
Customers_4419-UJMUS,0.0
Customers_4376-KFVRS,0.0
Customers_4377-VDHYI,0.0
TotalCharges_147.55,0.0
TotalCharges_237.75,0.0
Customers_4237-CLSMM,0.0
Customers_4237-RLAQD,0.0
Customers_4248-QPAVC,0.0
TotalCharges_6674.65,0.0
TotalCharges_1453.1,0.0
TotalCharges_6689,0.0
TotalCharges_1424.6,0.0
TotalCharges_3653,0.0
Customers_4208-UFFGW,0.0
Customers_4211-MMAZN,0.0
Customers_4213-HKBJO,0.0
Customers_4342-HENTK,0.0
Customers_4304-TSPVK,0.0
Customers_4312-KFRXN,0.0
Customers_4317-VTEOA,0.0
Customers_4283-FUTGF,0.0
Customers_4227-OJHAL,0.0
Customers_4229-CZMLL,0.0
TotalCharges_3653.35,0.0
TotalCharges_2298.9,0.0
TotalCharges_2308.6,0.0
TotalCharges_231.45,0.0
TotalCharges_2288.7,0.0
TotalCharges_3089.1,0.0
TotalCharges_309.25,0.0
TotalCharges_309.4,0.0
TotalCharges_3090.05,0.0
TotalCharges_2390.45,0.0
TotalCharges_2391.15,0.0
TotalCharges_2398.4,0.0
TotalCharges_237.65,0.0
Customers_4067-HLYQI,0.0
Customers_4075-JFPGR,0.0
Customers_4223-BKEOR,0.0
Customers_4223-WOZCM,0.0
Customers_4226-KKDON,0.0
Customers_4184-VODJZ,0.0
Customers_4190-MFLUW,0.0
TotalCharges_367.95,0.0
TotalCharges_67.1,0.0
TotalCharges_1414.2,0.0
TotalCharges_6707.15,0.0
TotalCharges_6719.9,0.0
TotalCharges_1448.6,0.0
Customers_4154-AQUGT,0.0
Customers_4160-AMJTL,0.0
Customers_4277-BWBML,0.0
Customers_3982-JGSFD,0.0
Customers_3982-XWFZQ,0.0
Customers_3985-HOYPM,0.0
TotalCharges_144,0.0
TotalCharges_1424.95,0.0
Customers_4137-JOPHL,0.0
Customers_4115-NZRKS,0.0
Customers_4121-AGSIN,0.0
Customers_4086-ATNFV,0.0
Customers_4086-WITJG,0.0
Customers_4090-KPJIP,0.0
TotalCharges_1426.4,0.0
TotalCharges_673.2,0.0
TotalCharges_6735.05,0.0
TotalCharges_674.55,0.0
TotalCharges_6743.55,0.0
Customers_3967-KXAPS,0.0
Customers_3967-VQOGC,0.0
Customers_3970-XGJDU,0.0
TotalCharges_1427.55,0.0
Customers_3976-NLDEZ,0.0
TotalCharges_1403.1,0.0
Customers_4079-VTGLK,0.0
Customers_4029-HPFVY,0.0
Customers_4039-PIMHX,0.0
Customers_4012-YCFAI,0.0
Customers_4013-GUXND,0.0
Customers_4016-BJKTZ,0.0
TotalCharges_1406.65,0.0
Customers_4018-PPNDW,0.0
TotalCharges_6767.1,0.0
TotalCharges_678.2,0.0
TotalCharges_6816.95,0.0
TotalCharges_682.1,0.0
TotalCharges_682.15,0.0
TotalCharges_6822.15,0.0
TotalCharges_6825.65,0.0
Customers_3891-PUQOD,0.0
Customers_4002-BQWPQ,0.0
Customers_4003-FUSHP,0.0
TotalCharges_3687.85,0.0
TotalCharges_6780.1,0.0
TotalCharges_369.25,0.0
TotalCharges_369.3,0.0
TotalCharges_6794.75,0.0
TotalCharges_68.2,0.0
TotalCharges_1398.25,0.0
Customers_3966-HRMZA,0.0
Customers_3877-JRJIP,0.0
Customers_3884-UEBXB,0.0
TotalCharges_6841.05,0.0
TotalCharges_685.55,0.0
Customers_3847-BAERP,0.0
Customers_3858-VOBET,0.0
Customers_3978-YNKDD,0.0
Customers_3948-FVVRP,0.0
Customers_3948-KXDUF,0.0
TotalCharges_1423.15,0.0
Customers_3923-CSIHK,0.0
Customers_3926-YZVVX,0.0
Customers_3930-ZGWVE,0.0
Customers_3932-CMDTD,0.0
TotalCharges_1400.85,0.0
TotalCharges_68.75,0.0
TotalCharges_2409.9,0.0
TotalCharges_241.3,0.0
Customers_3831-YCPUO,0.0
Customers_3836-FZSDJ,0.0
Customers_3795-GWTRD,0.0
TotalCharges_6856.45,0.0
TotalCharges_6859.5,0.0
TotalCharges_688,0.0
TotalCharges_1401.15,0.0
TotalCharges_139.25,0.0
Customers_3893-JRNFS,0.0
Customers_3896-RCYYE,0.0
TotalCharges_139.4,0.0
Customers_3908-BLSYF,0.0
Customers_3910-MRQOY,0.0
Customers_3913-FCUUW,0.0
Customers_3865-ZYKAD,0.0
TotalCharges_1394.55,0.0
Customers_3812-LRZIR,0.0
TotalCharges_235.2,0.0
TotalCharges_2351.8,0.0
TotalCharges_2364,0.0
TotalCharges_306.6,0.0
TotalCharges_1395.05,0.0
TotalCharges_3078.1,0.0
TotalCharges_308.05,0.0
TotalCharges_2337.45,0.0
TotalCharges_2341.55,0.0
TotalCharges_2347.85,0.0
TotalCharges_1396,0.0
TotalCharges_2433.9,0.0
TotalCharges_2406.1,0.0
Customers_3717-FDJFU,0.0
Customers_3780-DDGSE,0.0
Customers_3780-YVMFA,0.0
Customers_3787-TRIAL,0.0
Customers_3794-NFNCH,0.0
Customers_3756-VNWDH,0.0
TotalCharges_370.25,0.0
Customers_3766-EJLFL,0.0
TotalCharges_1383.6,0.0
TotalCharges_1416.5,0.0
TotalCharges_6880.85,0.0
TotalCharges_1416.75,0.0
TotalCharges_6895.5,0.0
Customers_3733-UOCWF,0.0
Customers_3858-XHYJO,0.0
Customers_3865-ZFZIB,0.0
Customers_3642-BYHDO,0.0
Customers_3646-ITDGM,0.0
Customers_3649-JPUGY,0.0
TotalCharges_1417.9,0.0
TotalCharges_6910.3,0.0
TotalCharges_1680.25,0.0
TotalCharges_693.45,0.0
Customers_3750-CKVKH,0.0
Customers_3750-YHRYO,0.0
TotalCharges_1389.35,0.0
Customers_3721-CNEYS,0.0
Customers_3722-WPXTK,0.0
Customers_3729-OWRVL,0.0
Customers_3705-PSNGL,0.0
Customers_3707-GNWHM,0.0
Customers_3716-BDVDB,0.0
Customers_3594-UVONA,0.0
Customers_3604-WLABM,0.0
TotalCharges_3715.65,0.0
TotalCharges_695.85,0.0
TotalCharges_373,0.0
TotalCharges_373.5,0.0
TotalCharges_6976.75,0.0
TotalCharges_6979.8,0.0
Customers_3717-OEAUQ,0.0
Customers_3679-XASPY,0.0
Customers_3680-CTHUH,0.0
Customers_3694-GLTJM,0.0
Customers_3658-KIBGF,0.0
Customers_3672-YITQD,0.0
Customers_3675-EQOZA,0.0
Customers_3677-IYRBF,0.0
Customers_3569-EDBPQ,0.0
TotalCharges_1375.4,0.0
Customers_3523-QRQLL,0.0
Customers_3524-WQDSG,0.0
Customers_3530-VWVGU,0.0
Customers_3540-RZJYU,0.0
TotalCharges_6994.6,0.0
TotalCharges_140.4,0.0
TotalCharges_140.95,0.0
Customers_3623-FQBOX,0.0
Customers_3627-FHKBK,0.0
TotalCharges_1400.55,0.0
Customers_3639-XJHKQ,0.0
TotalCharges_1387,0.0
Customers_3594-IVHJZ,0.0
Customers_3594-KADLU,0.0
TotalCharges_2448.75,0.0
TotalCharges_2453.3,0.0
Customers_3487-EARAT,0.0
Customers_3489-VSFRD,0.0
TotalCharges_1388.75,0.0
Customers_3506-OVLKD,0.0
TotalCharges_700.85,0.0
Customers_3454-JFUBC,0.0
TotalCharges_166.3,0.0
Customers_3466-RITXD,0.0
Customers_3571-DPYUH,0.0
Customers_3580-GICBM,0.0
Customers_3585-ISXZP,0.0
Customers_3587-PMCOY,0.0
Customers_3563-SVYLG,0.0
Customers_3567-PQTSO,0.0
Customers_3511-BFTJW,0.0
Customers_3519-ZKXGG,0.0
TotalCharges_1663.5,0.0
TotalCharges_2413.05,0.0
TotalCharges_2414.55,0.0
TotalCharges_2419,0.0
TotalCharges_24.2,0.0
TotalCharges_24.6,0.0
TotalCharges_240.45,0.0
TotalCharges_3046.4,0.0
TotalCharges_3047.15,0.0
TotalCharges_3055.5,0.0
TotalCharges_3058.3,0.0
TotalCharges_2473.95,0.0
TotalCharges_2475.35,0.0
TotalCharges_248.95,0.0
Customers_3466-WAESX,0.0
Customers_3470-OBUET,0.0
TotalCharges_3460.95,0.0
Customers_3429-IFLEM,0.0
Customers_3442-ZHHCC,0.0
TotalCharges_3465.05,0.0
Customers_3413-CSSTH,0.0
Customers_3422-LYEPQ,0.0
Customers_3396-DKDEL,0.0
Customers_3400-ESFUW,0.0
TotalCharges_7007.6,0.0
TotalCharges_701.3,0.0
TotalCharges_7028.5,0.0
TotalCharges_1648.45,0.0
Customers_3374-LXDEV,0.0
Customers_3508-VLHCZ,0.0
TotalCharges_709.5,0.0
TotalCharges_71,0.0
Customers_3354-OADJP,0.0
TotalCharges_165.4,0.0
Customers_3365-SAIGS,0.0
Customers_3320-VEOYC,0.0
Customers_3324-OIRTO,0.0
Customers_3325-FUYCG,0.0
Customers_3331-HQDTW,0.0
Customers_3334-CTHOL,0.0
Customers_3338-CVVEH,0.0
Customers_3339-EAQNV,0.0
TotalCharges_7049.5,0.0
TotalCharges_7049.75,0.0
TotalCharges_7069.25,0.0
Customers_3301-VKTGC,0.0
Customers_3179-GBRWV,0.0
Customers_3181-MIZBN,0.0
Customers_3197-ARFOY,0.0
TotalCharges_7108.2,0.0
TotalCharges_1652.4,0.0
Customers_3312-UUMZW,0.0
Customers_3312-ZWLGF,0.0
Customers_3313-QKNKB,0.0
TotalCharges_1654.45,0.0
TotalCharges_169.8,0.0
TotalCharges_1697.7,0.0
TotalCharges_1702.9,0.0
Customers_3292-PBZEJ,0.0
Customers_3251-YMVWZ,0.0
TotalCharges_1363.45,0.0
TotalCharges_708.2,0.0
TotalCharges_713,0.0
TotalCharges_713.1,0.0
TotalCharges_713.75,0.0
TotalCharges_7132.15,0.0
TotalCharges_7133.1,0.0
TotalCharges_714.15,0.0
Customers_3115-CZMZD,0.0
TotalCharges_137.95,0.0
Customers_3125-RAHBV,0.0
Customers_3229-USWAR,0.0
Customers_3237-AJGEH,0.0
Customers_3244-DCJWY,0.0
Customers_3199-XGZCY,0.0
Customers_3200-MNQTF,0.0
Customers_3207-OYBWH,0.0
TotalCharges_375.25,0.0
TotalCharges_3766.2,0.0
TotalCharges_377.55,0.0
TotalCharges_1355.45,0.0
TotalCharges_2455.05,0.0
TotalCharges_2434.45,0.0
TotalCharges_244.45,0.0
TotalCharges_2447.95,0.0
TotalCharges_3023.85,0.0
TotalCharges_303.15,0.0
TotalCharges_3035.35,0.0
TotalCharges_2421.75,0.0
TotalCharges_2515.3,0.0
TotalCharges_25.05,0.0
TotalCharges_25.35,0.0
TotalCharges_25.75,0.0
Customers_3161-ONRWK,0.0
Customers_2988-PLAHS,0.0
TotalCharges_1356.3,0.0
Customers_3094-JOJAI,0.0
Customers_3096-WPXBT,0.0
TotalCharges_1356.7,0.0
Customers_3077-RSNTJ,0.0
TotalCharges_1359,0.0
Customers_3088-FVYWK,0.0
Customers_3090-QFUVD,0.0
TotalCharges_7156.2,0.0
TotalCharges_717.3,0.0
TotalCharges_136.05,0.0
TotalCharges_7171.7,0.0
TotalCharges_7173.15,0.0
TotalCharges_1316.9,0.0
Customers_3173-NVMPX,0.0
Customers_2954-PIBKO,0.0
Customers_2955-BJZHG,0.0
Customers_2955-PSXOE,0.0
Customers_3063-QFSZL,0.0
Customers_3069-SSVSN,0.0
TotalCharges_1319.85,0.0
Customers_3071-MVJCD,0.0
Customers_3030-YDNRM,0.0
Customers_3055-VTCGS,0.0
Customers_3006-XIMLN,0.0
Customers_3011-WQKSZ,0.0
Customers_3018-TFTSU,0.0
Customers_3027-YNWZU,0.0
TotalCharges_72.4,0.0
TotalCharges_720.1,0.0
Customers_2987-BJXIK,0.0
Customers_2911-WDXMV,0.0
Customers_2919-HBCJO,0.0
Customers_2923-ARZLG,0.0
Customers_2924-KHUVI,0.0
Customers_2925-VDZHY,0.0
Customers_2990-IAJSV,0.0
Customers_2995-UPRYS,0.0
Customers_2969-WGHQO,0.0
Customers_2971-SGAFL,0.0
Customers_2972-YDYUW,0.0
Customers_2984-RGEYA,0.0
Customers_2985-FMWYF,0.0
TotalCharges_724.65,0.0
TotalCharges_7246.15,0.0
TotalCharges_1360.25,0.0
TotalCharges_7261.25,0.0
TotalCharges_1345.85,0.0
TotalCharges_732.5,0.0
TotalCharges_7321.05,0.0
TotalCharges_7325.1,0.0
Customers_2834-JKOOW,0.0
Customers_2958-NHPPS,0.0
Customers_2959-MJHIC,0.0
Customers_2960-NKRSO,0.0
Customers_2967-MXRAV,0.0
Customers_2930-UOTMB,0.0
TotalCharges_7279.35,0.0
TotalCharges_7285.7,0.0
TotalCharges_7288.4,0.0
TotalCharges_73.5,0.0
Customers_2907-ILJBN,0.0
TotalCharges_1346.9,0.0
TotalCharges_1339.8,0.0
Customers_2824-DXNKN,0.0
Customers_2828-SLQPF,0.0
TotalCharges_734.35,0.0
TotalCharges_7344.45,0.0
TotalCharges_736.8,0.0
Customers_2798-NYLMZ,0.0
Customers_2926-JEJJC,0.0
TotalCharges_1343.4,0.0
Customers_2885-HIJDH,0.0
Customers_2892-GESUL,0.0
Customers_2877-VDUER,0.0
TotalCharges_1344.5,0.0
Customers_2860-RANUS,0.0
Customers_2865-TCHJW,0.0
Customers_2867-UIMSS,0.0
Customers_2782-LFZVW,0.0
Customers_2788-CJQAQ,0.0
TotalCharges_7386.05,0.0
TotalCharges_1329.15,0.0
TotalCharges_74.1,0.0
Customers_2746-DIJLO,0.0
Customers_2748-MYRVK,0.0
TotalCharges_130.55,0.0
Customers_2750-BJLSB,0.0
Customers_2754-SDJRD,0.0
Customers_2754-XBHTB,0.0
Customers_2839-RFSQE,0.0
Customers_2843-CQMEG,0.0
Customers_2845-HSJCY,0.0
Customers_2812-REYAT,0.0
TotalCharges_130.75,0.0
TotalCharges_1301.1,0.0
Customers_2737-YNGYW,0.0
Customers_2692-PFYTJ,0.0
Customers_2694-CIUMO,0.0
Customers_2696-RZVZW,0.0
Customers_2700-LUEVA,0.0
Customers_2676-SSLTO,0.0
TotalCharges_74.25,0.0
TotalCharges_74.5,0.0
TotalCharges_740,0.0
TotalCharges_740.55,0.0
Customers_2800-QQUSO,0.0
TotalCharges_1301.7,0.0
Customers_2805-AUFQN,0.0
TotalCharges_1332.4,0.0
Customers_2778-OCLGR,0.0
Customers_2770-NSVDG,0.0
TotalCharges_1334.5,0.0
Customers_2720-FVBQP,0.0
TotalCharges_25.85,0.0
TotalCharges_250.8,0.0
TotalCharges_249.95,0.0
TotalCharges_3019.5,0.0
TotalCharges_302.6,0.0
TotalCharges_3021.3,0.0
TotalCharges_3021.6,0.0
TotalCharges_247,0.0
TotalCharges_247.25,0.0
TotalCharges_2471.6,0.0
TotalCharges_256.25,0.0
TotalCharges_2568.55,0.0
TotalCharges_2548.65,0.0
Customers_2665-NPTGL,0.0
Customers_2668-TZSPS,0.0
Customers_2669-QVCRG,0.0
Customers_2672-OJQZP,0.0
TotalCharges_1335.2,0.0
Customers_2649-HWLYB,0.0
TotalCharges_1336.1,0.0
Customers_2659-VXMWZ,0.0
TotalCharges_1336.15,0.0
TotalCharges_7413.55,0.0
TotalCharges_1336.35,0.0
TotalCharges_743.3,0.0
TotalCharges_1336.8,0.0
Customers_2616-FLVQC,0.0
Customers_2758-RNWXS,0.0
Customers_2761-OCIAX,0.0
Customers_2632-TACXW,0.0
TotalCharges_38,0.0
Customers_2604-IJPDU,0.0
Customers_2606-RMDHZ,0.0
TotalCharges_38.25,0.0
Customers_2609-IAICY,0.0
Customers_2587-EKXTS,0.0
TotalCharges_38.7,0.0
TotalCharges_3804.4,0.0
TotalCharges_7447.7,0.0
TotalCharges_130.1,0.0
TotalCharges_7467.55,0.0
TotalCharges_7475.85,0.0
TotalCharges_7482.1,0.0
Customers_2541-YGPKE,0.0
Customers_2545-EBUPK,0.0
TotalCharges_3846.35,0.0
TotalCharges_1285.8,0.0
TotalCharges_132.2,0.0
TotalCharges_1322.85,0.0
TotalCharges_1326.25,0.0
TotalCharges_1308.4,0.0
Customers_2522-AHJXR,0.0
Customers_2522-WLNSF,0.0
Customers_2525-GVKQU,0.0
Customers_2533-QVMSK,0.0
TotalCharges_749.25,0.0
TotalCharges_749.35,0.0
TotalCharges_75.7,0.0
Customers_2495-INZWQ,0.0
TotalCharges_1311.3,0.0
Customers_2501-XWWTZ,0.0
TotalCharges_1311.6,0.0
TotalCharges_7554.05,0.0
TotalCharges_7555,0.0
TotalCharges_1313.55,0.0
Customers_2386-LAHRK,0.0
TotalCharges_3827.9,0.0
Customers_2511-MORQY,0.0
Customers_2514-GINMM,0.0
Customers_2478-EEWWM,0.0
Customers_2480-EJWYP,0.0
Customers_2480-SQIOB,0.0
Customers_2482-CZGBB,0.0
Customers_2485-ITVKB,0.0
Customers_2452-KDRRH,0.0
TotalCharges_3835.55,0.0
TotalCharges_7508.55,0.0
Customers_2346-LOCWC,0.0
TotalCharges_3861.45,0.0
TotalCharges_759.35,0.0
TotalCharges_76.45,0.0
Customers_2307-FYNNL,0.0
Customers_2308-STERM,0.0
Customers_2309-OSFEU,0.0
Customers_2428-ZMCTB,0.0
TotalCharges_3871.85,0.0
Customers_2432-TFSMK,0.0
Customers_2439-LYPMQ,0.0
Customers_2446-ZKVAF,0.0
Customers_2391-SOORI,0.0
TotalCharges_1301.9,0.0
Customers_2408-PSJVE,0.0
TotalCharges_1302.65,0.0
TotalCharges_7611.55,0.0
TotalCharges_7616,0.0
TotalCharges_762.1,0.0
TotalCharges_1296.15,0.0
TotalCharges_1297.8,0.0
Customers_2277-DJJDL,0.0
Customers_2277-VWCNI,0.0
Customers_2279-AXJJK,0.0
Customers_2386-OWURY,0.0
Customers_2388-LAESQ,0.0
Customers_2368-GAKKQ,0.0
Customers_2369-FEVNO,0.0
Customers_2325-ZUSFD,0.0
Customers_2332-TODQS,0.0
Customers_2335-GSODA,0.0
TotalCharges_3877.95,0.0
Customers_2272-WUSPA,0.0
Customers_2245-ADZFJ,0.0
Customers_2250-IVBWA,0.0
Customers_2252-JHJGE,0.0
TotalCharges_3888.65,0.0
Customers_2254-DLXRI,0.0
Customers_2257-BOVXD,0.0
TotalCharges_765.15,0.0
TotalCharges_7679.65,0.0
Customers_2230-XTUWL,0.0
Customers_2320-TZRRH,0.0
Customers_2323-ARSVR,0.0
Customers_2325-NBPZG,0.0
TotalCharges_760.05,0.0
TotalCharges_761.85,0.0
TotalCharges_761.95,0.0
TotalCharges_2596.15,0.0
TotalCharges_2597.6,0.0
Customers_2212-LYASK,0.0
Customers_2227-JRSJX,0.0
TotalCharges_129.2,0.0
TotalCharges_1271.8,0.0
TotalCharges_768.45,0.0
TotalCharges_769.1,0.0
TotalCharges_77.75,0.0
TotalCharges_770.6,0.0
TotalCharges_1273.3,0.0
Customers_2195-VVRJF,0.0
Customers_2293-IJWPS,0.0
Customers_2294-DMMUS,0.0
Customers_2263-SFSQZ,0.0
Customers_2266-FUBDZ,0.0
Customers_2236-HILPA,0.0
Customers_2239-CFOUJ,0.0
TotalCharges_1274.05,0.0
TotalCharges_2550.9,0.0
TotalCharges_2535.55,0.0
TotalCharges_2536.55,0.0
TotalCharges_300.8,0.0
TotalCharges_1709.15,0.0
TotalCharges_301.9,0.0
TotalCharges_2509.25,0.0
TotalCharges_2510.2,0.0
TotalCharges_2510.7,0.0
TotalCharges_2511.3,0.0
TotalCharges_2624.25,0.0
TotalCharges_2625.25,0.0
TotalCharges_2626.15,0.0
Customers_2101-RANCD,0.0
Customers_2202-CUYXZ,0.0
Customers_2203-GHNWN,0.0
TotalCharges_171.15,0.0
Customers_2178-PMGCJ,0.0
TotalCharges_1253.9,0.0
Customers_2187-PKZAY,0.0
Customers_2188-SXWVT,0.0
Customers_2190-BCXEC,0.0
TotalCharges_3895.35,0.0
TotalCharges_7748.75,0.0
Customers_2150-OEGBV,0.0
Customers_2155-AMQRX,0.0
Customers_2159-TURXX,0.0
Customers_2165-VOEGB,0.0
Customers_2233-TXSIU,0.0
Customers_2075-PUEPR,0.0
Customers_2169-RRLFW,0.0
Customers_2171-UDMFD,0.0
TotalCharges_390.4,0.0
Customers_2129-ALKBS,0.0
Customers_2139-FQHLM,0.0
TotalCharges_1240.15,0.0
TotalCharges_1242.45,0.0
TotalCharges_7751.7,0.0
TotalCharges_7752.05,0.0
TotalCharges_1244.5,0.0
TotalCharges_1266.1,0.0
TotalCharges_778.1,0.0
TotalCharges_1266.4,0.0
TotalCharges_1270.2,0.0
TotalCharges_1270.25,0.0
TotalCharges_1258.6,0.0
Customers_2001-EWBQU,0.0
Customers_2001-MCUUW,0.0
TotalCharges_1260.7,0.0
Customers_2108-YKQTY,0.0
Customers_2077-MPJQO,0.0
Customers_2087-QAREY,0.0
Customers_2088-IEBAU,0.0
Customers_2091-MJTFX,0.0
TotalCharges_78.25,0.0
TotalCharges_78.8,0.0
TotalCharges_780.2,0.0
Customers_2057-ZBLPD,0.0
Customers_2061-VVFST,0.0
Customers_2070-FNEXE,0.0
TotalCharges_1682.4,0.0
TotalCharges_7856,0.0
TotalCharges_3444.85,0.0
TotalCharges_7881.2,0.0
TotalCharges_346.2,0.0
Customers_1952-DVVSW,0.0
TotalCharges_167.5,0.0
Customers_1956-YIFGE,0.0
Customers_1963-VAUKV,0.0
Customers_2040-OBMLJ,0.0
Customers_2041-JIJCI,0.0
Customers_2025-JKFWI,0.0
Customers_2027-FECZV,0.0
Customers_2034-GDRCN,0.0
TotalCharges_1704.95,0.0
TotalCharges_7843.55,0.0
TotalCharges_7849.85,0.0
TotalCharges_265.35,0.0
Customers_1936-CZAKF,0.0
Customers_1936-UAFEH,0.0
Customers_1942-OQFRW,0.0
Customers_1945-XISKS,0.0
Customers_1902-XBTFB,0.0
Customers_1926-QUZNN,0.0
TotalCharges_79.5,0.0
TotalCharges_1709.1,0.0
Customers_1867-BDVFH,0.0
Customers_2019-HDCZY,0.0
Customers_1980-KXVPM,0.0
TotalCharges_1246.4,0.0
Customers_1989-PRJHP,0.0
TotalCharges_123.65,0.0
TotalCharges_7854.9,0.0
Customers_1927-QEWMY,0.0
Customers_1929-ZCBHE,0.0
TotalCharges_2598.95,0.0
TotalCharges_2607.6,0.0
TotalCharges_2575.45,0.0
TotalCharges_1230.25,0.0
TotalCharges_2585.95,0.0
TotalCharges_1231.85,0.0
TotalCharges_2983.8,0.0
TotalCharges_299.2,0.0
TotalCharges_2995.45,0.0
TotalCharges_2553.7,0.0
TotalCharges_2554,0.0
TotalCharges_2686.05,0.0
TotalCharges_2664.3,0.0
TotalCharges_2666.75,0.0
TotalCharges_1234.6,0.0
Customers_1767-CJKBA,0.0
Customers_1894-IGFSG,0.0
Customers_1895-QTKDO,0.0
Customers_1848-LBZHY,0.0
TotalCharges_3913.3,0.0
Customers_1852-XEMDW,0.0
Customers_1853-UDXBW,0.0
Customers_1855-CFULU,0.0
Customers_1862-QRWPE,0.0
TotalCharges_3928.3,0.0
TotalCharges_7919.8,0.0
TotalCharges_792.15,0.0
Customers_1965-DDBWU,0.0
TotalCharges_1222.25,0.0
TotalCharges_1224.05,0.0
TotalCharges_798.2,0.0
TotalCharges_80,0.0
TotalCharges_80.05,0.0
TotalCharges_1225.65,0.0
Customers_1830-IPXVJ,0.0
Customers_1833-TCXKK,0.0
TotalCharges_1226.45,0.0
TotalCharges_3965.05,0.0
Customers_1809-DMJHQ,0.0
TotalCharges_3969.4,0.0
Customers_1816-FLZDK,0.0
Customers_1820-DJFPH,0.0
Customers_1820-TQVEV,0.0
TotalCharges_7939.25,0.0
TotalCharges_794.25,0.0
TotalCharges_7968.85,0.0
Customers_1705-GUHPV,0.0
Customers_1707-HABPF,0.0
Customers_1709-EJDOX,0.0
Customers_1716-LSAMB,0.0
TotalCharges_1183.2,0.0
TotalCharges_80.5,0.0
TotalCharges_1215.6,0.0
TotalCharges_1218.45,0.0
Customers_1768-ZAIFU,0.0
Customers_1776-SPBWV,0.0
Customers_1784-BXEFA,0.0
Customers_1741-WTPON,0.0
Customers_1744-JHKYS,0.0
Customers_1751-NCDLI,0.0
TotalCharges_1205.05,0.0
TotalCharges_1208.6,0.0
TotalCharges_3942.45,0.0
TotalCharges_3953.15,0.0
Customers_1628-BIZYP,0.0
Customers_1629-DQQVB,0.0
Customers_1587-FKLZB,0.0
TotalCharges_118.5,0.0
TotalCharges_804.85,0.0
TotalCharges_805.2,0.0
TotalCharges_8075.35,0.0
TotalCharges_399.45,0.0
Customers_1729-VLAZJ,0.0
Customers_1730-VFMWO,0.0
Customers_1731-TVIUK,0.0
TotalCharges_1165.55,0.0
Customers_1697-LYYYX,0.0
TotalCharges_1169.35,0.0
TotalCharges_1191.4,0.0
Customers_1622-HSHSF,0.0
TotalCharges_265.45,0.0
TotalCharges_265.75,0.0
TotalCharges_2654.05,0.0
TotalCharges_2656.5,0.0
TotalCharges_2967.35,0.0
TotalCharges_2970.3,0.0
TotalCharges_2974.5,0.0
TotalCharges_2978.3,0.0
TotalCharges_298.45,0.0
TotalCharges_2614.1,0.0
TotalCharges_2723.4,0.0
TotalCharges_2723.75,0.0
TotalCharges_2727.3,0.0
TotalCharges_2689.35,0.0
Customers_1568-BEKZM,0.0
TotalCharges_1194.3,0.0
Customers_1574-DYCWE,0.0
Customers_1575-KRZZE,0.0
Customers_1545-JFUML,0.0
Customers_1550-LOAHA,0.0
Customers_1555-HAPSU,0.0
Customers_1559-DTODC,0.0
TotalCharges_1195.25,0.0
TotalCharges_8086.4,0.0
Customers_1522-VVDMG,0.0
Customers_1525-LNLOJ,0.0
Customers_1530-ZTDOZ,0.0
TotalCharges_1199.4,0.0
TotalCharges_3956.7,0.0
Customers_1658-TJVOA,0.0
TotalCharges_3958.2,0.0
TotalCharges_3958.25,0.0
Customers_1400-MMYXY,0.0
Customers_1536-HBSWP,0.0
Customers_1541-ETJZO,0.0
Customers_1492-QGCLU,0.0
Customers_1493-AMTIE,0.0
Customers_1494-EJZDW,0.0
Customers_1459-QNFQT,0.0
TotalCharges_115.1,0.0
Customers_1465-LNTLJ,0.0
TotalCharges_400.3,0.0
Customers_1470-PSXNM,0.0
Customers_1471-GIQKQ,0.0
Customers_1475-VWVDO,0.0
TotalCharges_813.85,0.0
TotalCharges_8240.85,0.0
TotalCharges_825.1,0.0
TotalCharges_825.4,0.0
Customers_1346-PJWTK,0.0
Customers_1346-UFHAX,0.0
TotalCharges_4009.2,0.0
Customers_1444-VVSGW,0.0
Customers_1448-PWKYE,0.0
Customers_1452-KIOVK,0.0
Customers_1436-ZMJAN,0.0
TotalCharges_816.8,0.0
TotalCharges_8165.1,0.0
TotalCharges_817.95,0.0
TotalCharges_8182.85,0.0
TotalCharges_8196.4,0.0
Customers_1395-OFUWC,0.0
Customers_1319-YLZJG,0.0
Customers_1320-HTRDR,0.0
TotalCharges_8250,0.0
TotalCharges_826.1,0.0
TotalCharges_827.3,0.0
TotalCharges_401.3,0.0
Customers_1271-UODNO,0.0
TotalCharges_1132.35,0.0
Customers_1403-GYAFU,0.0
TotalCharges_1185.95,0.0
Customers_1370-GGAWX,0.0
Customers_1379-FRVEB,0.0
Customers_1385-TQOZW,0.0
Customers_1386-ZIKUV,0.0
TotalCharges_1188.25,0.0
TotalCharges_824.85,0.0
Customers_1261-FWTTE,0.0
Customers_1264-FUHCX,0.0
Customers_1265-HVPZB,0.0
TotalCharges_1189.4,0.0
TotalCharges_119.3,0.0
TotalCharges_8312.75,0.0
TotalCharges_8317.95,0.0
TotalCharges_1173.35,0.0
Customers_1236-WFCDV,0.0
Customers_1240-KNSEZ,0.0
Customers_1357-BIJKI,0.0
Customers_1360-JYXKQ,0.0
Customers_1360-XFJMR,0.0
Customers_1335-NTIUC,0.0
TotalCharges_1173.55,0.0
Customers_1310-QRITU,0.0
TotalCharges_836.35,0.0
TotalCharges_1178.25,0.0
TotalCharges_1178.75,0.0
Customers_1302-UHBDD,0.0
TotalCharges_27.55,0.0
TotalCharges_270.2,0.0
TotalCharges_4014,0.0
TotalCharges_296.1,0.0
TotalCharges_2964.05,0.0
TotalCharges_2674.15,0.0
TotalCharges_2679.7,0.0
TotalCharges_4024.2,0.0
TotalCharges_112.3,0.0
TotalCharges_2774.55,0.0
TotalCharges_278.85,0.0
TotalCharges_2780.6,0.0
Customers_1150-WFARN,0.0
Customers_1166-PQLGG,0.0
TotalCharges_8375.05,0.0
TotalCharges_838.5,0.0
TotalCharges_839.4,0.0
TotalCharges_1123.65,0.0
TotalCharges_1124.2,0.0
Customers_1217-VASWC,0.0
Customers_1218-VKFPE,0.0
TotalCharges_1171.5,0.0
Customers_1227-UDMZR,0.0
TotalCharges_832.3,0.0
TotalCharges_1153.25,0.0
TotalCharges_834.2,0.0
TotalCharges_1156.1,0.0
TotalCharges_1156.55,0.0
TotalCharges_84.85,0.0
TotalCharges_8425.15,0.0
TotalCharges_116.65,0.0
TotalCharges_1738.9,0.0
TotalCharges_8456.75,0.0
Customers_1194-SPVSP,0.0
Customers_1205-WNWPJ,0.0
TotalCharges_174.3,0.0
TotalCharges_3410,0.0
TotalCharges_1108.8,0.0
Customers_1169-WCVAK,0.0
Customers_1174-FGIFN,0.0
TotalCharges_4025.5,0.0
TotalCharges_403.15,0.0
Customers_1139-WUOAH,0.0
Customers_1143-NMNQJ,0.0
TotalCharges_85.05,0.0
TotalCharges_85.15,0.0
Customers_1063-DHQJF,0.0
TotalCharges_1090.1,0.0
Customers_1069-XAIEM,0.0
Customers_1122-YJBCS,0.0
Customers_1131-ALZWV,0.0
Customers_1131-SUEKT,0.0
Customers_1133-KXCGE,0.0
Customers_1136-XGEQU,0.0
Customers_1097-FSPVW,0.0
TotalCharges_1090.6,0.0
Customers_1100-DDVRV,0.0
TotalCharges_1138.8,0.0
Customers_1110-KYLGQ,0.0
Customers_1112-CUNAO,0.0
TotalCharges_1143.8,0.0
Customers_1016-DJTSV,0.0
Customers_1023-BQXZE,0.0
Customers_1024-GUALD,0.0
Customers_1035-IPQPU,0.0
Customers_1085-LDWAM,0.0
TotalCharges_1128.1,0.0
Customers_1087-UDSIH,0.0
Customers_1088-AUUZZ,0.0
Customers_1090-ESELR,0.0
Customers_1092-GANHU,0.0
TotalCharges_113.55,0.0
TotalCharges_8468.2,0.0
TotalCharges_1082.8,0.0
TotalCharges_1083.7,0.0
TotalCharges_8496.7,0.0
TotalCharges_857.75,0.0
Customers_0959-WHOKV,0.0
Customers_0962-CQPWQ,0.0
Customers_0963-ZBDRN,0.0
TotalCharges_171.45,0.0
Customers_0970-ETWGE,0.0
TotalCharges_1710.45,0.0
TotalCharges_1710.9,0.0
Customers_1074-AMIOH,0.0
Customers_1077-HUUJM,0.0
Customers_1038-RQOST,0.0
Customers_1047-RNXZV,0.0
Customers_1051-GEJLJ,0.0
TotalCharges_1712.7,0.0
TotalCharges_85.55,0.0
TotalCharges_851.2,0.0
TotalCharges_3432.9,0.0
TotalCharges_169.65,0.0
TotalCharges_865,0.0
TotalCharges_1737.45,0.0
TotalCharges_865.85,0.0
Customers_0895-LMRSF,0.0
Customers_0899-LIIBW,0.0
Customers_1036-GUDCL,0.0
Customers_0980-FEXWF,0.0
Customers_0983-TATYJ,0.0
Customers_0988-JRWWP,0.0
Customers_0997-YTLNY,0.0
Customers_1015-OWJKI,0.0
TotalCharges_1080.55,0.0
TotalCharges_407.05,0.0
TotalCharges_857.25,0.0
TotalCharges_4070.95,0.0
TotalCharges_4089.45,0.0
TotalCharges_107.1,0.0
TotalCharges_1093,0.0
Customers_0866-QLSIR,0.0
Customers_0868-VJRDR,0.0
TotalCharges_1093.2,0.0
TotalCharges_871.4,0.0
TotalCharges_872.65,0.0
TotalCharges_405.7,0.0
Customers_0979-MOZQI,0.0
Customers_0979-PHULV,0.0
Customers_0952-KMEEH,0.0
Customers_0958-YHXGP,0.0
Customers_0923-PNFUB,0.0
TotalCharges_4052.4,0.0
TotalCharges_4056.75,0.0
Customers_0841-NULXI,0.0
TotalCharges_875.35,0.0
TotalCharges_4062.2,0.0
TotalCharges_876.15,0.0
TotalCharges_878.35,0.0
TotalCharges_1755.35,0.0
TotalCharges_88.35,0.0
TotalCharges_883.35,0.0
TotalCharges_1064.95,0.0
TotalCharges_4107.3,0.0
Customers_0909-SELIE,0.0
Customers_0913-XWSCN,0.0
Customers_0870-VEMYL,0.0
Customers_0871-URUWO,0.0
Customers_0876-WDUUZ,0.0
Customers_0778-NELLA,0.0
TotalCharges_4109,0.0
TotalCharges_411.45,0.0
TotalCharges_411.6,0.0
Customers_0788-DXBFY,0.0
Customers_0794-YVSGE,0.0
Customers_0749-IRGQE,0.0
Customers_0769-MURVM,0.0
TotalCharges_89.5,0.0
TotalCharges_89.55,0.0
TotalCharges_4111.35,0.0
TotalCharges_890.5,0.0
Customers_0823-HSCDJ,0.0
TotalCharges_1051.9,0.0
TotalCharges_1074.65,0.0
Customers_0839-JTCUD,0.0
TotalCharges_2841.55,0.0
TotalCharges_2847.4,0.0
Customers_0742-MOABM,0.0
Customers_0743-HRVFF,0.0
Customers_0701-TJSEF,0.0
TotalCharges_108.65,0.0
Customers_0707-HOVVN,0.0
Customers_0719-SYFRB,0.0
TotalCharges_108.95,0.0
TotalCharges_1071.6,0.0
TotalCharges_896.75,0.0
TotalCharges_106.9,0.0
TotalCharges_899.8,0.0
TotalCharges_3410.6,0.0
Customers_0816-TSPHQ,0.0
TotalCharges_1715.65,0.0
Customers_0730-KOAVE,0.0
Customers_0732-OCQOC,0.0
Customers_0733-VUNUW,0.0
TotalCharges_279.2,0.0
TotalCharges_279.25,0.0
TotalCharges_279.3,0.0
TotalCharges_2763,0.0
TotalCharges_2763.35,0.0
TotalCharges_172.35,0.0
TotalCharges_2747.2,0.0
TotalCharges_1725,0.0
TotalCharges_2718.3,0.0
TotalCharges_272.15,0.0
TotalCharges_1727.5,0.0
TotalCharges_2868.15,0.0
TotalCharges_2869.85,0.0
Customers_0576-WNXXC,0.0
Customers_0679-IDSTG,0.0
Customers_0682-USIXD,0.0
Customers_0685-MLYYM,0.0
Customers_0661-KBKPA,0.0
Customers_0665-XHDJU,0.0
Customers_0668-OGMHD,0.0
TotalCharges_900.9,0.0
TotalCharges_1776,0.0
TotalCharges_1748.9,0.0
TotalCharges_4144.8,0.0
TotalCharges_1057,0.0
Customers_0628-CNQRM,0.0
TotalCharges_1043.3,0.0
Customers_0725-CXOTM,0.0
Customers_0727-BNRLG,0.0
TotalCharges_92.25,0.0
Customers_0506-LVNGN,0.0
Customers_0655-RBDUG,0.0
TotalCharges_1043.4,0.0
Customers_0625-AFOHS,0.0
TotalCharges_1048.85,0.0
Customers_0599-XNYDO,0.0
TotalCharges_1049.6,0.0
Customers_0608-JDVEC,0.0
Customers_0616-ATFGB,0.0
TotalCharges_1050.5,0.0
TotalCharges_908.55,0.0
TotalCharges_91.45,0.0
TotalCharges_4126.2,0.0
TotalCharges_913.3,0.0
TotalCharges_4126.35,0.0
TotalCharges_923.1,0.0
TotalCharges_926,0.0
TotalCharges_1032.05,0.0
Customers_0581-BXBUB,0.0
Customers_0581-MDMPW,0.0
Customers_0559-CKHUS,0.0
Customers_0562-FGDCR,0.0
TotalCharges_1070.15,0.0
Customers_0524-IAVZO,0.0
Customers_0531-ZZJWQ,0.0
Customers_0536-ACXIP,0.0
TotalCharges_1070.25,0.0
TotalCharges_1011.05,0.0
TotalCharges_1013.2,0.0
TotalCharges_918.75,0.0
TotalCharges_92.05,0.0
TotalCharges_4144.9,0.0
TotalCharges_930.45,0.0
TotalCharges_415.95,0.0
TotalCharges_1033.95,0.0
TotalCharges_1036.75,0.0
TotalCharges_1042.65,0.0
Customers_0513-RBGPE,0.0
Customers_0516-OOHAR,0.0
Customers_0516-UXRMT,0.0
Customers_0480-KYJVA,0.0
Customers_0484-FFVBJ,0.0
TotalCharges_1028.75,0.0
Customers_0486-HECZI,0.0
TotalCharges_1029.35,0.0
TotalCharges_103.7,0.0
TotalCharges_414.95,0.0
TotalCharges_1776.55,0.0
Customers_9992-UJOEL,0.0
TotalCharges_936.85,0.0
TotalCharges_416.4,0.0
TotalCharges_938.95,0.0
Customers_0447-BEMNG,0.0
Customers_0463-TXOAK,0.0
Customers_0463-WZZKO,0.0
TotalCharges_4164.4,0.0
Customers_0471-ARVMX,0.0
Customers_0422-UXFAP,0.0
Customers_0430-IHCDJ,0.0
Customers_0431-APWVY,0.0
Customers_0432-CAJZV,0.0
Customers_0440-QEXBZ,0.0
Customers_0440-UEDAI,0.0
Customers_0363-QJVFX,0.0
Customers_0365-GXEZS,0.0
TotalCharges_94.45,0.0
TotalCharges_4176.7,0.0
Customers_9968-FFVVH,0.0
Customers_0327-WFZSY,0.0
Customers_0402-OAMEN,0.0
Customers_9972-NKTFD,0.0
Customers_0410-IPFTY,0.0
Customers_0420-TXVSG,0.0
Customers_9972-VAFJJ,0.0
Customers_0388-EOPEX,0.0
Customers_0390-DCFDQ,0.0
TotalCharges_102.45,0.0
Customers_0397-ZXWQF,0.0
TotalCharges_933.3,0.0
TotalCharges_95.05,0.0
TotalCharges_95.1,0.0
TotalCharges_95.45,0.0
TotalCharges_95.55,0.0
TotalCharges_95.65,0.0
TotalCharges_1020.2,0.0
TotalCharges_1022.6,0.0
Customers_0289-IVARM,0.0
Customers_0295-PPHDO,0.0
Customers_0365-TRTPY,0.0
Customers_0373-AIVNJ,0.0
Customers_0376-YMCJC,0.0
Customers_0377-JBKKT,0.0
Customers_0379-DJQHR,0.0
TotalCharges_101.1,0.0
Customers_9926-PJHDQ,0.0
TotalCharges_1004.35,0.0
Customers_0265-PSUAE,0.0
TotalCharges_1756.6,0.0
TotalCharges_953.65,0.0
TotalCharges_954.9,0.0
TotalCharges_958.1,0.0
TotalCharges_1758.6,0.0
TotalCharges_958.25,0.0
TotalCharges_959.9,0.0
Customers_0330-IVZHA,0.0
Customers_0307-BCOPK,0.0
Customers_0310-MVLET,0.0
TotalCharges_1758.9,0.0
Customers_0322-CHQRU,0.0
TotalCharges_948.9,0.0
TotalCharges_1740.7,0.0
Customers_0181-RITDD,0.0
Customers_0134-XWXCE,0.0
Customers_0258-NOKBL,0.0
TotalCharges_1745.5,0.0
Customers_0230-UBYPQ,0.0
Customers_0235-KGSLC,0.0
TotalCharges_3382.3,0.0
TotalCharges_3389.25,0.0
TotalCharges_1729.35,0.0
TotalCharges_967.9,0.0
Customers_0164-APGRB,0.0
Customers_0164-XAIRP,0.0
Customers_0297-RBCSG,0.0
Customers_0298-XACET,0.0
Customers_0301-FIDRB,0.0
Customers_0263-FJTQO,0.0
Customers_0013-MHZWF,0.0
Customers_0056-EPFBG,0.0
Customers_0057-QBUQH,0.0
Customers_0058-EVZWM,0.0
TotalCharges_173,0.0
TotalCharges_1790.6,0.0
Customers_0121-SNYRK,0.0
Customers_0123-CRBRT,0.0
Customers_0082-OQIQY,0.0
Customers_0096-BXERS,0.0
Customers_0106-UGRDO,0.0
TotalCharges_97.5,0.0
TotalCharges_971.3,0.0
TotalCharges_978.6,0.0
Customers_0048-PIHNL,0.0
Customers_0178-CIIKR,0.0
Customers_9860-LISIZ,0.0
Customers_0254-KCJGT,0.0
Customers_0256-LTHVJ,0.0
Customers_0257-KXZGU,0.0
TotalCharges_2848.45,0.0
TotalCharges_2809.05,0.0
TotalCharges_2816.65,0.0
TotalCharges_283.95,0.0
TotalCharges_291.9,0.0
TotalCharges_2924.05,0.0
TotalCharges_2796.35,0.0
TotalCharges_2799,0.0
TotalCharges_28.3,0.0
TotalCharges_280,0.0
Customers_0174-QRVVY,0.0
Customers_0017-IUDMW,0.0
